{
  "type": "FeatureCollection",
  "features": [
    {
      "type": "Feature",
      "id": 554,
      "geometry": {
        "type": "Polygon",
        "coordinates": [
          [
            [
              50.9155771,
              28.8292074
            ],
            [
              50.913599,
              28.8284073
            ],
            [
              50.9135239,
              28.8280431
            ],
            [
              50.914578,
              28.8248931
            ],
            [
              50.915274,
              28.8245183
            ],
            [
              50.9153625,
              28.8245101
            ],
            [
              50.9158024,
              28.8246781
            ],
            [
              50.9170604,
              28.8260081
            ],
            [
              50.9174252,
              28.8266426
            ],
            [
              50.9166875,
              28.8283345
            ],
            [
              50.9162477,
              28.8289478
            ],
            [
              50.9160063,
              28.8291498
            ],
            [
              50.9155771,
              28.8292074
            ]
          ]
        ]
      },
      "properties": {
        "id": "ODo2MDY",
        "city": "شهرستان بوشهر",
        "province": "استان بوشهر",
        "city:en": "Bushehr County",
        "province:en": "Bushehr",
        "publicId": "ODo2MDY",
        "sourceId": "606",
        "layerId": 8,
        "type": "location",
        "status": "active",
        "urgency": null,
        "verificationTag": null,
        "expirationDate": null,
        "createdAt": "2026-03-11T20:49:08.752Z",
        "updatedAt": "2026-03-11T20:49:08.752Z"
      }
    },
    {
      "type": "Feature",
      "id": 555,
      "geometry": {
        "type": "Polygon",
        "coordinates": [
          [
            [
              51.2417458,
              33.4186265
            ],
            [
              51.2458683,
              33.4150624
            ],
            [
              51.248808,
              33.4213846
            ],
            [
              51.243272,
              33.4233815
            ],
            [
              51.2417458,
              33.4186265
            ]
          ]
        ]
      },
      "properties": {
        "id": "ODo2NjE",
        "city": "شهرستان شاهین‌شهر و میمه",
        "province": "استان اصفهان",
        "city:en": "Shahin Shahr and Meymeh County",
        "province:en": "Isfahan",
        "publicId": "ODo2NjE",
        "sourceId": "661",
        "layerId": 8,
        "type": "location",
        "status": "active",
        "urgency": null,
        "verificationTag": null,
        "expirationDate": null,
        "createdAt": "2026-03-11T20:49:08.753Z",
        "updatedAt": "2026-03-11T20:49:08.753Z"
      }
    },
    {
      "type": "Feature",
      "id": 556,
      "geometry": {
        "type": "Polygon",
        "coordinates": [
          [
            [
              48.2286903,
              32.3902153
            ],
            [
              48.2287493,
              32.3903444
            ],
            [
              48.2285616,
              32.3904486
            ],
            [
              48.2336685,
              32.3957392
            ],
            [
              48.2336873,
              32.3960925
            ],
            [
              48.2303479,
              32.3967493
            ],
            [
              48.2302675,
              32.3964164
            ],
            [
              48.2237577,
              32.397628
            ],
            [
              48.2221752,
              32.3914406
            ],
            [
              48.2286903,
              32.3902153
            ]
          ]
        ]
      },
      "properties": {
        "id": "ODo2MTg",
        "city": "شهرستان اندیمشک",
        "province": "استان خوزستان",
        "city:en": "Andimeshk County",
        "province:en": "Khuzestan",
        "publicId": "ODo2MTg",
        "sourceId": "618",
        "layerId": 8,
        "type": "location",
        "status": "active",
        "urgency": null,
        "verificationTag": null,
        "expirationDate": null,
        "createdAt": "2026-03-11T20:49:08.753Z",
        "updatedAt": "2026-03-11T20:49:08.753Z"
      }
    },
    {
      "type": "Feature",
      "id": 557,
      "geometry": {
        "type": "Polygon",
        "coordinates": [
          [
            [
              49.2172077,
              34.3840756
            ],
            [
              49.216741,
              34.3839206
            ],
            [
              49.2164916,
              34.3835775
            ],
            [
              49.2167169,
              34.383292
            ],
            [
              49.2170334,
              34.3831791
            ],
            [
              49.2170951,
              34.3831946
            ],
            [
              49.2171836,
              34.3833385
            ],
            [
              49.2175832,
              34.3836373
            ],
            [
              49.2172077,
              34.3840756
            ]
          ]
        ]
      },
      "properties": {
        "id": "ODo2MzE",
        "city": "شهرستان خنداب",
        "province": "استان مرکزی",
        "city:en": "Khondab County",
        "province:en": "Markazi",
        "publicId": "ODo2MzE",
        "sourceId": "631",
        "layerId": 8,
        "type": "location",
        "status": "active",
        "urgency": null,
        "verificationTag": null,
        "expirationDate": null,
        "createdAt": "2026-03-11T20:49:08.754Z",
        "updatedAt": "2026-03-11T20:49:08.754Z"
      }
    },
    {
      "type": "Feature",
      "id": 558,
      "geometry": {
        "type": "Polygon",
        "coordinates": [
          [
            [
              49.2445595,
              34.3596378
            ],
            [
              49.24418,
              34.3594695
            ],
            [
              49.2444804,
              34.3589846
            ],
            [
              49.2449109,
              34.359196
            ],
            [
              49.2445595,
              34.3596378
            ]
          ]
        ]
      },
      "properties": {
        "id": "ODo2NDM",
        "city": "شهرستان خنداب",
        "province": "استان مرکزی",
        "city:en": "Khondab County",
        "province:en": "Markazi",
        "publicId": "ODo2NDM",
        "sourceId": "643",
        "layerId": 8,
        "type": "location",
        "status": "active",
        "urgency": null,
        "verificationTag": null,
        "expirationDate": null,
        "createdAt": "2026-03-11T20:49:08.754Z",
        "updatedAt": "2026-03-11T20:49:08.754Z"
      }
    },
    {
      "type": "Feature",
      "id": 559,
      "geometry": {
        "type": "Polygon",
        "coordinates": [
          [
            [
              46.0637842,
              38.0822462
            ],
            [
              46.0702644,
              38.0856526
            ],
            [
              46.0664798,
              38.0902093
            ],
            [
              46.0599419,
              38.0867419
            ],
            [
              46.0637842,
              38.0822462
            ]
          ]
        ]
      },
      "properties": {
        "id": "ODo2MjQ",
        "city": "شهرستان تبریز",
        "province": "استان آذربایجان شرقی",
        "city:en": "Tabriz County",
        "province:en": "East Azerbaijan",
        "publicId": "ODo2MjQ",
        "sourceId": "624",
        "layerId": 8,
        "type": "location",
        "status": "active",
        "urgency": null,
        "verificationTag": null,
        "expirationDate": null,
        "createdAt": "2026-03-11T20:49:08.755Z",
        "updatedAt": "2026-03-11T20:49:08.755Z"
      }
    },
    {
      "type": "Feature",
      "id": 560,
      "geometry": {
        "type": "Polygon",
        "coordinates": [
          [
            [
              50.8267987,
              28.9026884
            ],
            [
              50.8304357,
              28.8982785
            ],
            [
              50.8362186,
              28.9016106
            ],
            [
              50.8367416,
              28.9018431
            ],
            [
              50.8332252,
              28.9068868
            ],
            [
              50.8300388,
              28.9048956
            ],
            [
              50.8267987,
              28.9026884
            ]
          ]
        ]
      },
      "properties": {
        "id": "ODo2MDQ",
        "city": "بوشهر",
        "province": "استان بوشهر",
        "city:en": "Bushehr",
        "province:en": "Bushehr",
        "publicId": "ODo2MDQ",
        "sourceId": "604",
        "layerId": 8,
        "type": "location",
        "status": "active",
        "urgency": null,
        "verificationTag": null,
        "expirationDate": null,
        "createdAt": "2026-03-11T20:49:08.755Z",
        "updatedAt": "2026-03-11T20:49:08.755Z"
      }
    },
    {
      "type": "Feature",
      "id": 561,
      "geometry": {
        "type": "Polygon",
        "coordinates": [
          [
            [
              51.4724708,
              33.8813997
            ],
            [
              51.4738253,
              33.8767713
            ],
            [
              51.4750913,
              33.8691305
            ],
            [
              51.4759469,
              33.8660371
            ],
            [
              51.4725646,
              33.8644268
            ],
            [
              51.4688779,
              33.8630426
            ],
            [
              51.4677581,
              33.8631039
            ],
            [
              51.4652989,
              33.8712804
            ],
            [
              51.4628396,
              33.8794568
            ],
            [
              51.4676552,
              33.8804283
            ],
            [
              51.4724708,
              33.8813997
            ]
          ]
        ]
      },
      "properties": {
        "id": "ODo2NTk",
        "city": "شهرستان کاشان",
        "province": "استان اصفهان",
        "unofficial_name:fa": "گروه پدافند هوایی عاشورا",
        "city:en": "Kashan County",
        "province:en": "Isfahan",
        "publicId": "ODo2NTk",
        "sourceId": "659",
        "layerId": 8,
        "type": "location",
        "status": "active",
        "urgency": null,
        "verificationTag": null,
        "expirationDate": null,
        "createdAt": "2026-03-11T20:49:08.756Z",
        "updatedAt": "2026-03-11T20:49:08.756Z"
      }
    },
    {
      "type": "Feature",
      "id": 562,
      "geometry": {
        "type": "Polygon",
        "coordinates": [
          [
            [
              48.6579993,
              31.372351
            ],
            [
              48.6586377,
              31.3769527
            ],
            [
              48.6592761,
              31.3815544
            ],
            [
              48.6536823,
              31.3821188
            ],
            [
              48.6480886,
              31.3826833
            ],
            [
              48.6469111,
              31.3740365
            ],
            [
              48.6480832,
              31.3739197
            ],
            [
              48.6480188,
              31.373496
            ],
            [
              48.6480671,
              31.3733861
            ],
            [
              48.6495692,
              31.3732258
            ],
            [
              48.6496416,
              31.3734617
            ],
            [
              48.6499178,
              31.3734342
            ],
            [
              48.6498937,
              31.3732281
            ],
            [
              48.6499339,
              31.37318
            ],
            [
              48.6579993,
              31.372351
            ]
          ]
        ]
      },
      "properties": {
        "id": "ODo2MTY",
        "city": "اهواز",
        "province": "استان خوزستان",
        "unofficial_name:fa": "پدافند هوایی اهواز",
        "city:en": "Ahvaz",
        "province:en": "Khuzestan",
        "publicId": "ODo2MTY",
        "sourceId": "616",
        "layerId": 8,
        "type": "location",
        "status": "active",
        "urgency": null,
        "verificationTag": null,
        "expirationDate": null,
        "createdAt": "2026-03-11T20:49:08.756Z",
        "updatedAt": "2026-03-11T20:49:08.756Z"
      }
    },
    {
      "type": "Feature",
      "id": 563,
      "geometry": {
        "type": "Polygon",
        "coordinates": [
          [
            [
              51.2885007,
              35.717258
            ],
            [
              51.288726,
              35.717994
            ],
            [
              51.2888253,
              35.718092
            ],
            [
              51.2894449,
              35.7182031
            ],
            [
              51.2895307,
              35.7182837
            ],
            [
              51.2887958,
              35.7193355
            ],
            [
              51.2886482,
              35.7196883
            ],
            [
              51.2885249,
              35.7198886
            ],
            [
              51.2881869,
              35.7202501
            ],
            [
              51.2878141,
              35.7205985
            ],
            [
              51.2867331,
              35.7204918
            ],
            [
              51.2866527,
              35.7203982
            ],
            [
              51.2867278,
              35.7196687
            ],
            [
              51.2868726,
              35.7190415
            ],
            [
              51.2868538,
              35.7183425
            ],
            [
              51.2874493,
              35.7181835
            ],
            [
              51.2874573,
              35.7178133
            ],
            [
              51.2875378,
              35.7174453
            ],
            [
              51.2885007,
              35.717258
            ]
          ]
        ]
      },
      "properties": {
        "id": "ODo2NzE",
        "city": "تهران",
        "province": "استان تهران",
        "city:en": "Tehran",
        "province:en": "Tehran",
        "publicId": "ODo2NzE",
        "sourceId": "671",
        "layerId": 8,
        "type": "location",
        "status": "active",
        "urgency": null,
        "verificationTag": null,
        "expirationDate": null,
        "createdAt": "2026-03-11T20:49:08.756Z",
        "updatedAt": "2026-03-11T20:49:08.756Z"
      }
    },
    {
      "type": "Feature",
      "id": 564,
      "geometry": {
        "type": "Polygon",
        "coordinates": [
          [
            [
              49.2843884,
              34.3228305
            ],
            [
              49.2852366,
              34.3203743
            ],
            [
              49.2869156,
              34.3204451
            ],
            [
              49.288584,
              34.322204
            ],
            [
              49.2886805,
              34.3242597
            ],
            [
              49.2872053,
              34.3246185
            ],
            [
              49.2854243,
              34.324335
            ],
            [
              49.2845714,
              34.3236306
            ],
            [
              49.2843884,
              34.3228305
            ]
          ]
        ]
      },
      "properties": {
        "id": "ODo2Mzc",
        "city": "شهرستان خنداب",
        "province": "استان مرکزی",
        "city:en": "Khondab County",
        "province:en": "Markazi",
        "publicId": "ODo2Mzc",
        "sourceId": "637",
        "layerId": 8,
        "type": "location",
        "status": "active",
        "urgency": null,
        "verificationTag": null,
        "expirationDate": null,
        "createdAt": "2026-03-11T20:49:08.757Z",
        "updatedAt": "2026-03-11T20:49:08.757Z"
      }
    },
    {
      "type": "Feature",
      "id": 565,
      "geometry": {
        "type": "Polygon",
        "coordinates": [
          [
            [
              49.2335625,
              34.377728
            ],
            [
              49.2341552,
              34.3777822
            ],
            [
              49.2341512,
              34.3780424
            ],
            [
              49.2335772,
              34.3779804
            ],
            [
              49.2335625,
              34.377728
            ]
          ]
        ]
      },
      "properties": {
        "id": "ODo2NDk",
        "city": "شهرستان خنداب",
        "province": "استان مرکزی",
        "city:en": "Khondab County",
        "province:en": "Markazi",
        "publicId": "ODo2NDk",
        "sourceId": "649",
        "layerId": 8,
        "type": "location",
        "status": "active",
        "urgency": null,
        "verificationTag": null,
        "expirationDate": null,
        "createdAt": "2026-03-11T20:49:08.757Z",
        "updatedAt": "2026-03-11T20:49:08.757Z"
      }
    },
    {
      "type": "Feature",
      "id": 566,
      "geometry": {
        "type": "Polygon",
        "coordinates": [
          [
            [
              60.26351,
              25.4392297
            ],
            [
              60.2635958,
              25.4463119
            ],
            [
              60.2557316,
              25.4464088
            ],
            [
              60.2556726,
              25.4392443
            ],
            [
              60.26351,
              25.4392297
            ]
          ]
        ]
      },
      "properties": {
        "id": "ODo1OTc",
        "city": "شهرستان کنارک",
        "province": "استان سیستان و بلوچستان",
        "city:en": "Konarak County",
        "province:en": "Sistan and Baluchestan",
        "publicId": "ODo1OTc",
        "sourceId": "597",
        "layerId": 8,
        "type": "location",
        "status": "active",
        "urgency": null,
        "verificationTag": null,
        "expirationDate": null,
        "createdAt": "2026-03-11T20:49:08.758Z",
        "updatedAt": "2026-03-11T20:49:08.758Z"
      }
    },
    {
      "type": "Feature",
      "id": 567,
      "geometry": {
        "type": "Polygon",
        "coordinates": [
          [
            [
              50.8661574,
              28.8542072
            ],
            [
              50.8666885,
              28.8537421
            ],
            [
              50.8677989,
              28.8533709
            ],
            [
              50.8683461,
              28.8533615
            ],
            [
              50.8688611,
              28.8530843
            ],
            [
              50.869301,
              28.8531219
            ],
            [
              50.8699983,
              28.8537797
            ],
            [
              50.8701485,
              28.8542824
            ],
            [
              50.869655,
              28.8544375
            ],
            [
              50.8693868,
              28.8541368
            ],
            [
              50.8671552,
              28.8552362
            ],
            [
              50.8666187,
              28.8550905
            ],
            [
              50.8669138,
              28.854771
            ],
            [
              50.8661574,
              28.8542072
            ]
          ]
        ]
      },
      "properties": {
        "id": "ODo2MDk",
        "city": "شهرستان بوشهر",
        "province": "استان بوشهر",
        "city:en": "Bushehr County",
        "province:en": "Bushehr",
        "publicId": "ODo2MDk",
        "sourceId": "609",
        "layerId": 8,
        "type": "location",
        "status": "active",
        "urgency": null,
        "verificationTag": null,
        "expirationDate": null,
        "createdAt": "2026-03-11T20:49:08.758Z",
        "updatedAt": "2026-03-11T20:49:08.758Z"
      }
    },
    {
      "type": "Feature",
      "id": 568,
      "geometry": {
        "type": "Polygon",
        "coordinates": [
          [
            [
              49.23038,
              34.3995092
            ],
            [
              49.2315709,
              34.3985797
            ],
            [
              49.2310023,
              34.3974112
            ],
            [
              49.2293501,
              34.3974289
            ],
            [
              49.2282772,
              34.398261
            ],
            [
              49.2287707,
              34.3992968
            ],
            [
              49.23038,
              34.3995092
            ]
          ]
        ]
      },
      "properties": {
        "id": "ODo2MzA",
        "city": "شهرستان خنداب",
        "province": "استان مرکزی",
        "city:en": "Khondab County",
        "province:en": "Markazi",
        "publicId": "ODo2MzA",
        "sourceId": "630",
        "layerId": 8,
        "type": "location",
        "status": "active",
        "urgency": null,
        "verificationTag": null,
        "expirationDate": null,
        "createdAt": "2026-03-11T20:49:08.758Z",
        "updatedAt": "2026-03-11T20:49:08.758Z"
      }
    },
    {
      "type": "Feature",
      "id": 569,
      "geometry": {
        "type": "Polygon",
        "coordinates": [
          [
            [
              49.2401916,
              34.3578686
            ],
            [
              49.2405014,
              34.3573859
            ],
            [
              49.2408876,
              34.3575686
            ],
            [
              49.2405697,
              34.3580391
            ],
            [
              49.2401916,
              34.3578686
            ]
          ]
        ]
      },
      "properties": {
        "id": "ODo2NDI",
        "city": "شهرستان خنداب",
        "province": "استان مرکزی",
        "city:en": "Khondab County",
        "province:en": "Markazi",
        "publicId": "ODo2NDI",
        "sourceId": "642",
        "layerId": 8,
        "type": "location",
        "status": "active",
        "urgency": null,
        "verificationTag": null,
        "expirationDate": null,
        "createdAt": "2026-03-11T20:49:08.759Z",
        "updatedAt": "2026-03-11T20:49:08.759Z"
      }
    },
    {
      "type": "Feature",
      "id": 570,
      "geometry": {
        "type": "Polygon",
        "coordinates": [
          [
            [
              51.2901852,
              35.4551818
            ],
            [
              51.2942997,
              35.4505083
            ],
            [
              51.2942702,
              35.4504493
            ],
            [
              51.2903434,
              35.4473313
            ],
            [
              51.2934708,
              35.4441607
            ],
            [
              51.2933314,
              35.4435052
            ],
            [
              51.2941897,
              35.4425087
            ],
            [
              51.2942165,
              35.4423732
            ],
            [
              51.2962684,
              35.4411211
            ],
            [
              51.296086,
              35.4404633
            ],
            [
              51.2955281,
              35.4395455
            ],
            [
              51.2943077,
              35.4387676
            ],
            [
              51.2943667,
              35.4386802
            ],
            [
              51.2943828,
              35.4381644
            ],
            [
              51.2936103,
              35.4378148
            ],
            [
              51.2908208,
              35.4382387
            ],
            [
              51.2885034,
              35.4394581
            ],
            [
              51.2868297,
              35.4405071
            ],
            [
              51.2865615,
              35.4413724
            ],
            [
              51.2847269,
              35.4423383
            ],
            [
              51.2845927,
              35.4422072
            ],
            [
              51.2784433,
              35.4460193
            ],
            [
              51.2722939,
              35.4498315
            ],
            [
              51.2661445,
              35.4536437
            ],
            [
              51.2715532,
              35.4570599
            ],
            [
              51.2769619,
              35.4604761
            ],
            [
              51.2823705,
              35.4638923
            ],
            [
              51.2862778,
              35.4595371
            ],
            [
              51.2901852,
              35.4551818
            ]
          ]
        ]
      },
      "properties": {
        "id": "ODo2NjU",
        "city": "شهرستان ری",
        "province": "استان تهران",
        "city:en": "Ray County",
        "province:en": "Tehran",
        "publicId": "ODo2NjU",
        "sourceId": "665",
        "layerId": 8,
        "type": "location",
        "status": "active",
        "urgency": null,
        "verificationTag": null,
        "expirationDate": null,
        "createdAt": "2026-03-11T20:49:08.759Z",
        "updatedAt": "2026-03-11T20:49:08.759Z"
      }
    },
    {
      "type": "Feature",
      "id": 571,
      "geometry": {
        "type": "Polygon",
        "coordinates": [
          [
            [
              47.2744676,
              34.3498848
            ],
            [
              47.2730729,
              34.3499158
            ],
            [
              47.2728449,
              34.3497276
            ],
            [
              47.2725123,
              34.3497453
            ],
            [
              47.2722656,
              34.3499291
            ],
            [
              47.271418,
              34.3499379
            ],
            [
              47.2707152,
              34.3451888
            ],
            [
              47.2700125,
              34.3404396
            ],
            [
              47.2732633,
              34.3401096
            ],
            [
              47.2738655,
              34.3449972
            ],
            [
              47.2744676,
              34.3498848
            ]
          ]
        ]
      },
      "properties": {
        "id": "ODo2MjI",
        "city": "شهرستان کرمانشاه",
        "province": "استان کرمانشاه",
        "unofficial_name:fa": "پدافند هوایی غرب",
        "city:en": "Kermanshah County",
        "province:en": "Kermanshah",
        "publicId": "ODo2MjI",
        "sourceId": "622",
        "layerId": 8,
        "type": "location",
        "status": "active",
        "urgency": null,
        "verificationTag": null,
        "expirationDate": null,
        "createdAt": "2026-03-11T20:49:08.760Z",
        "updatedAt": "2026-03-11T20:49:08.760Z"
      }
    },
    {
      "type": "Feature",
      "id": 572,
      "geometry": {
        "type": "Polygon",
        "coordinates": [
          [
            [
              49.2463982,
              34.3517228
            ],
            [
              49.2465216,
              34.3511027
            ],
            [
              49.2478788,
              34.3502347
            ],
            [
              49.2480397,
              34.3502878
            ],
            [
              49.2482114,
              34.3505004
            ],
            [
              49.2482543,
              34.3522055
            ],
            [
              49.2481577,
              34.3524978
            ],
            [
              49.2463982,
              34.3517228
            ]
          ]
        ]
      },
      "properties": {
        "id": "ODo2MzU",
        "city": "شهرستان خنداب",
        "province": "استان مرکزی",
        "city:en": "Khondab County",
        "province:en": "Markazi",
        "publicId": "ODo2MzU",
        "sourceId": "635",
        "layerId": 8,
        "type": "location",
        "status": "active",
        "urgency": null,
        "verificationTag": null,
        "expirationDate": null,
        "createdAt": "2026-03-11T20:49:08.760Z",
        "updatedAt": "2026-03-11T20:49:08.760Z"
      }
    },
    {
      "type": "Feature",
      "id": 573,
      "geometry": {
        "type": "Polygon",
        "coordinates": [
          [
            [
              49.252865,
              34.3733525
            ],
            [
              49.2530098,
              34.3730071
            ],
            [
              49.2521944,
              34.3728189
            ],
            [
              49.252114,
              34.3730846
            ],
            [
              49.252865,
              34.3733525
            ]
          ]
        ]
      },
      "properties": {
        "id": "ODo2NDc",
        "city": "شهرستان خنداب",
        "province": "استان مرکزی",
        "city:en": "Khondab County",
        "province:en": "Markazi",
        "publicId": "ODo2NDc",
        "sourceId": "647",
        "layerId": 8,
        "type": "location",
        "status": "active",
        "urgency": null,
        "verificationTag": null,
        "expirationDate": null,
        "createdAt": "2026-03-11T20:49:08.760Z",
        "updatedAt": "2026-03-11T20:49:08.760Z"
      }
    },
    {
      "type": "Feature",
      "id": 574,
      "geometry": {
        "type": "Polygon",
        "coordinates": [
          [
            [
              52.7707082,
              32.7438729
            ],
            [
              52.764971,
              32.7459213
            ],
            [
              52.7592337,
              32.7479697
            ],
            [
              52.7565984,
              32.7429875
            ],
            [
              52.7623189,
              32.7409598
            ],
            [
              52.7680394,
              32.7389322
            ],
            [
              52.7688628,
              32.7397083
            ],
            [
              52.7696246,
              32.7400309
            ],
            [
              52.7699411,
              32.7403919
            ],
            [
              52.7699223,
              32.7408025
            ],
            [
              52.7697319,
              32.7411431
            ],
            [
              52.7694154,
              32.7412808
            ],
            [
              52.7707082,
              32.7438729
            ]
          ]
        ]
      },
      "properties": {
        "id": "ODo2NTg",
        "city": "شهرستان اصفهان",
        "province": "استان اصفهان",
        "unofficial_name:fa": "گروه پدافند هوایی شهید مجید عسکری هاشم آباد",
        "city:en": "Isfahan County",
        "province:en": "Isfahan",
        "publicId": "ODo2NTg",
        "sourceId": "658",
        "layerId": 8,
        "type": "location",
        "status": "active",
        "urgency": null,
        "verificationTag": null,
        "expirationDate": null,
        "createdAt": "2026-03-11T20:49:08.761Z",
        "updatedAt": "2026-03-11T20:49:08.761Z"
      }
    },
    {
      "type": "Feature",
      "id": 575,
      "geometry": {
        "type": "Polygon",
        "coordinates": [
          [
            [
              50.881556,
              28.8453245
            ],
            [
              50.8809578,
              28.8459424
            ],
            [
              50.8804026,
              28.8456792
            ],
            [
              50.8788443,
              28.8456839
            ],
            [
              50.8780664,
              28.8452117
            ],
            [
              50.8791876,
              28.8434755
            ],
            [
              50.8796167,
              28.8436446
            ],
            [
              50.8809149,
              28.8446079
            ],
            [
              50.881556,
              28.8453245
            ]
          ]
        ]
      },
      "properties": {
        "id": "ODo2MDc",
        "city": "شهرستان بوشهر",
        "province": "استان بوشهر",
        "city:en": "Bushehr County",
        "province:en": "Bushehr",
        "publicId": "ODo2MDc",
        "sourceId": "607",
        "layerId": 8,
        "type": "location",
        "status": "active",
        "urgency": null,
        "verificationTag": null,
        "expirationDate": null,
        "createdAt": "2026-03-11T20:49:08.761Z",
        "updatedAt": "2026-03-11T20:49:08.761Z"
      }
    },
    {
      "type": "Feature",
      "id": 576,
      "geometry": {
        "type": "Polygon",
        "coordinates": [
          [
            [
              49.2356586,
              34.3803501
            ],
            [
              49.2407655,
              34.3814835
            ],
            [
              49.2418384,
              34.3857689
            ],
            [
              49.2431473,
              34.3869465
            ],
            [
              49.2426431,
              34.3874335
            ],
            [
              49.2414093,
              34.3871059
            ],
            [
              49.2402184,
              34.3864773
            ],
            [
              49.236592,
              34.3864153
            ],
            [
              49.2329764,
              34.3862382
            ],
            [
              49.232161,
              34.385282
            ],
            [
              49.2301225,
              34.3850518
            ],
            [
              49.2268288,
              34.3847153
            ],
            [
              49.2263889,
              34.3834315
            ],
            [
              49.2295539,
              34.3819616
            ],
            [
              49.231292,
              34.3821653
            ],
            [
              49.2321074,
              34.3825106
            ],
            [
              49.2337596,
              34.3810231
            ],
            [
              49.2356586,
              34.3803501
            ]
          ]
        ]
      },
      "properties": {
        "id": "ODo2Mjg",
        "city": "شهرستان خنداب",
        "province": "استان مرکزی",
        "city:en": "Khondab County",
        "province:en": "Markazi",
        "publicId": "ODo2Mjg",
        "sourceId": "628",
        "layerId": 8,
        "type": "location",
        "status": "active",
        "urgency": null,
        "verificationTag": null,
        "expirationDate": null,
        "createdAt": "2026-03-11T20:49:08.762Z",
        "updatedAt": "2026-03-11T20:49:08.762Z"
      }
    },
    {
      "type": "Feature",
      "id": 577,
      "geometry": {
        "type": "Polygon",
        "coordinates": [
          [
            [
              49.2359993,
              34.3591075
            ],
            [
              49.2356694,
              34.3589226
            ],
            [
              49.2360838,
              34.3584233
            ],
            [
              49.2363909,
              34.3586292
            ],
            [
              49.2359993,
              34.3591075
            ]
          ]
        ]
      },
      "properties": {
        "id": "ODo2NDA",
        "city": "شهرستان خنداب",
        "province": "استان مرکزی",
        "city:en": "Khondab County",
        "province:en": "Markazi",
        "publicId": "ODo2NDA",
        "sourceId": "640",
        "layerId": 8,
        "type": "location",
        "status": "active",
        "urgency": null,
        "verificationTag": null,
        "expirationDate": null,
        "createdAt": "2026-03-11T20:49:08.762Z",
        "updatedAt": "2026-03-11T20:49:08.762Z"
      }
    },
    {
      "type": "Feature",
      "id": 579,
      "geometry": {
        "type": "Polygon",
        "coordinates": [
          [
            [
              47.4100181,
              33.0061014
            ],
            [
              47.4142479,
              33.0041737
            ],
            [
              47.4184778,
              33.002246
            ],
            [
              47.4159244,
              32.9982329
            ],
            [
              47.4162838,
              32.9980709
            ],
            [
              47.4158449,
              32.9969364
            ],
            [
              47.4155451,
              32.997036
            ],
            [
              47.4156936,
              32.9974375
            ],
            [
              47.414867,
              32.9977979
            ],
            [
              47.4146965,
              32.9977215
            ],
            [
              47.414613,
              32.9973193
            ],
            [
              47.4139234,
              32.9979247
            ],
            [
              47.4137644,
              32.9981854
            ],
            [
              47.4123727,
              32.9988897
            ],
            [
              47.4096952,
              33.0002447
            ],
            [
              47.4069926,
              33.0013822
            ],
            [
              47.4094145,
              33.0051598
            ],
            [
              47.4100181,
              33.0061014
            ]
          ]
        ]
      },
      "properties": {
        "id": "ODo2MjA",
        "city": "آبدانان",
        "province": "استان ایلام",
        "unofficial_name:fa": "پایگاه پدافند هوایی ارتش",
        "city:en": "Abdanan",
        "province:en": "Ilam",
        "publicId": "ODo2MjA",
        "sourceId": "620",
        "layerId": 8,
        "type": "location",
        "status": "active",
        "urgency": null,
        "verificationTag": null,
        "expirationDate": null,
        "createdAt": "2026-03-11T20:49:08.763Z",
        "updatedAt": "2026-03-11T20:49:08.763Z"
      }
    },
    {
      "type": "Feature",
      "id": 580,
      "geometry": {
        "type": "Polygon",
        "coordinates": [
          [
            [
              52.3142552,
              29.5846911
            ],
            [
              52.315489,
              29.5862959
            ],
            [
              52.3142552,
              29.5882925
            ],
            [
              52.3124742,
              29.5883764
            ],
            [
              52.3111868,
              29.5872009
            ],
            [
              52.3120344,
              29.585195
            ],
            [
              52.3142552,
              29.5846911
            ]
          ]
        ]
      },
      "properties": {
        "id": "ODo2NTM",
        "city": "شهرستان شیراز",
        "province": "استان فارس",
        "city:en": "Shiraz County",
        "province:en": "Fars",
        "publicId": "ODo2NTM",
        "sourceId": "653",
        "layerId": 8,
        "type": "location",
        "status": "active",
        "urgency": null,
        "verificationTag": null,
        "expirationDate": null,
        "createdAt": "2026-03-11T20:49:08.763Z",
        "updatedAt": "2026-03-11T20:49:08.763Z"
      }
    },
    {
      "type": "Feature",
      "id": 581,
      "geometry": {
        "type": "Polygon",
        "coordinates": [
          [
            [
              52.4455347,
              27.6514703
            ],
            [
              52.4369502,
              27.6526299
            ],
            [
              52.435255,
              27.6508456
            ],
            [
              52.4336511,
              27.6492965
            ],
            [
              52.4323899,
              27.6478405
            ],
            [
              52.4321437,
              27.6461651
            ],
            [
              52.4354946,
              27.6403327
            ],
            [
              52.4388455,
              27.6345004
            ],
            [
              52.4425048,
              27.6327627
            ],
            [
              52.4465175,
              27.634501
            ],
            [
              52.4495333,
              27.6357069
            ],
            [
              52.4532258,
              27.6413417
            ],
            [
              52.4547051,
              27.6428909
            ],
            [
              52.4572317,
              27.6439138
            ],
            [
              52.4571526,
              27.6446159
            ],
            [
              52.4572626,
              27.6452075
            ],
            [
              52.4572939,
              27.6457425
            ],
            [
              52.455986,
              27.6467907
            ],
            [
              52.4512088,
              27.6494914
            ],
            [
              52.448473,
              27.6505083
            ],
            [
              52.4455347,
              27.6514703
            ]
          ]
        ]
      },
      "properties": {
        "id": "ODo2MDE",
        "city": "شهرستان کنگان",
        "name:fa": "پادگان پدافند هوایی سیراف",
        "province": "استان بوشهر",
        "name:en": "Siraf Air Defense Garrison",
        "city:en": "Kangan County",
        "province:en": "Bushehr",
        "publicId": "ODo2MDE",
        "sourceId": "601",
        "layerId": 8,
        "type": "location",
        "status": "active",
        "urgency": null,
        "verificationTag": null,
        "expirationDate": null,
        "createdAt": "2026-03-11T20:49:08.763Z",
        "updatedAt": "2026-03-11T20:49:08.763Z"
      }
    },
    {
      "type": "Feature",
      "id": 582,
      "geometry": {
        "type": "Polygon",
        "coordinates": [
          [
            [
              54.9490683,
              36.5088148
            ],
            [
              54.9525672,
              36.5101148
            ],
            [
              54.9527657,
              36.5103002
            ],
            [
              54.9530554,
              36.5104123
            ],
            [
              54.9534202,
              36.5104381
            ],
            [
              54.9614829,
              36.5134465
            ],
            [
              54.9695456,
              36.5164548
            ],
            [
              54.9659152,
              36.5227693
            ],
            [
              54.9622849,
              36.5290837
            ],
            [
              54.9592781,
              36.5303554
            ],
            [
              54.9515962,
              36.5296398
            ],
            [
              54.9455318,
              36.5273023
            ],
            [
              54.9394673,
              36.5249648
            ],
            [
              54.9426676,
              36.5195815
            ],
            [
              54.945868,
              36.5141981
            ],
            [
              54.9490683,
              36.5088148
            ]
          ]
        ]
      },
      "properties": {
        "id": "ODo2NTY",
        "city": "",
        "date": "",
        "name:fa": "",
        "province": "",
        "description": " تیپ پدافند هوایی ده محرم",
        "unofficial_name:fa": "پادگان پدافند هوایی",
        "publicId": "ODo2NTY",
        "sourceId": "656",
        "layerId": 8,
        "type": "location",
        "status": "active",
        "urgency": null,
        "verificationTag": null,
        "expirationDate": null,
        "createdAt": "2026-03-11T20:49:08.764Z",
        "updatedAt": "2026-06-09T11:19:05.849Z"
      }
    },
    {
      "type": "Feature",
      "id": 583,
      "geometry": {
        "type": "Polygon",
        "coordinates": [
          [
            [
              49.1398025,
              30.5427182
            ],
            [
              49.1395343,
              30.5489444
            ],
            [
              49.1395477,
              30.5489712
            ],
            [
              49.139596,
              30.5489894
            ],
            [
              49.1467937,
              30.54923
            ],
            [
              49.1469318,
              30.5466406
            ],
            [
              49.1469117,
              30.5466371
            ],
            [
              49.147068,
              30.5429584
            ],
            [
              49.1428804,
              30.542821
            ],
            [
              49.142708,
              30.5426171
            ],
            [
              49.142702,
              30.5422688
            ],
            [
              49.142423,
              30.5422538
            ],
            [
              49.1423895,
              30.5433498
            ],
            [
              49.1413137,
              30.5433119
            ],
            [
              49.1413444,
              30.5427781
            ],
            [
              49.1398025,
              30.5427182
            ]
          ]
        ]
      },
      "properties": {
        "id": "ODo2MTM",
        "city": "بندر ماهشهر",
        "name:fa": "پدافند هوایی ارتش",
        "province": "استان خوزستان",
        "name:en": "Army Air Defense",
        "city:en": "Bandar-e Mahshahr",
        "province:en": "Khuzestan",
        "publicId": "ODo2MTM",
        "sourceId": "613",
        "layerId": 8,
        "type": "location",
        "status": "active",
        "urgency": null,
        "verificationTag": null,
        "expirationDate": null,
        "createdAt": "2026-03-11T20:49:08.764Z",
        "updatedAt": "2026-03-11T20:49:08.764Z"
      }
    },
    {
      "type": "Feature",
      "id": 584,
      "geometry": {
        "type": "Polygon",
        "coordinates": [
          [
            [
              49.217665,
              34.3812732
            ],
            [
              49.2172265,
              34.3811105
            ],
            [
              49.2176489,
              34.3805837
            ],
            [
              49.218066,
              34.3809356
            ],
            [
              49.2177133,
              34.3812544
            ],
            [
              49.217665,
              34.3812732
            ]
          ]
        ]
      },
      "properties": {
        "id": "ODo2MzQ",
        "city": "شهرستان خنداب",
        "province": "استان مرکزی",
        "city:en": "Khondab County",
        "province:en": "Markazi",
        "publicId": "ODo2MzQ",
        "sourceId": "634",
        "layerId": 8,
        "type": "location",
        "status": "active",
        "urgency": null,
        "verificationTag": null,
        "expirationDate": null,
        "createdAt": "2026-03-11T20:49:08.765Z",
        "updatedAt": "2026-03-11T20:49:08.765Z"
      }
    },
    {
      "type": "Feature",
      "id": 585,
      "geometry": {
        "type": "Polygon",
        "coordinates": [
          [
            [
              49.253608,
              34.3693786
            ],
            [
              49.2530286,
              34.3689889
            ],
            [
              49.2532378,
              34.3688029
            ],
            [
              49.2538118,
              34.3691395
            ],
            [
              49.253608,
              34.3693786
            ]
          ]
        ]
      },
      "properties": {
        "id": "ODo2NDY",
        "city": "شهرستان خنداب",
        "province": "استان مرکزی",
        "city:en": "Khondab County",
        "province:en": "Markazi",
        "publicId": "ODo2NDY",
        "sourceId": "646",
        "layerId": 8,
        "type": "location",
        "status": "active",
        "urgency": null,
        "verificationTag": null,
        "expirationDate": null,
        "createdAt": "2026-03-11T20:49:08.765Z",
        "updatedAt": "2026-03-11T20:49:08.765Z"
      }
    },
    {
      "type": "Feature",
      "id": 586,
      "geometry": {
        "type": "Polygon",
        "coordinates": [
          [
            [
              51.0745999,
              35.7034044
            ],
            [
              51.0774913,
              35.6987693
            ],
            [
              51.0780814,
              35.6986125
            ],
            [
              51.0808548,
              35.6998301
            ],
            [
              51.0813805,
              35.7000718
            ],
            [
              51.0828477,
              35.7007122
            ],
            [
              51.0829926,
              35.7053864
            ],
            [
              51.0831428,
              35.7055127
            ],
            [
              51.0845885,
              35.70521
            ],
            [
              51.0848889,
              35.7054147
            ],
            [
              51.0851732,
              35.7059919
            ],
            [
              51.0830945,
              35.7068087
            ],
            [
              51.0829657,
              35.7068152
            ],
            [
              51.0796398,
              35.7089605
            ],
            [
              51.0755011,
              35.7114411
            ],
            [
              51.0755025,
              35.711513
            ],
            [
              51.0754327,
              35.7115391
            ],
            [
              51.0753845,
              35.7114792
            ],
            [
              51.0754247,
              35.7114433
            ],
            [
              51.0729128,
              35.7095202
            ],
            [
              51.0728458,
              35.7095017
            ],
            [
              51.0745999,
              35.7034044
            ]
          ]
        ]
      },
      "properties": {
        "id": "ODo2Njk",
        "city": "شهرستان قدس",
        "province": "استان تهران",
        "city:en": "Qods County",
        "province:en": "Tehran",
        "publicId": "ODo2Njk",
        "sourceId": "669",
        "layerId": 8,
        "type": "location",
        "status": "active",
        "urgency": null,
        "verificationTag": null,
        "expirationDate": null,
        "createdAt": "2026-03-11T20:49:08.765Z",
        "updatedAt": "2026-03-11T20:49:08.765Z"
      }
    },
    {
      "type": "Feature",
      "id": 587,
      "geometry": {
        "type": "Polygon",
        "coordinates": [
          [
            [
              49.2320739,
              34.3717021
            ],
            [
              49.232338,
              34.3715172
            ],
            [
              49.2319786,
              34.3712526
            ],
            [
              49.2317466,
              34.3712604
            ],
            [
              49.2316232,
              34.3713821
            ],
            [
              49.2320739,
              34.3717021
            ]
          ]
        ]
      },
      "properties": {
        "id": "ODo2NTE",
        "city": "شهرستان خنداب",
        "province": "استان مرکزی",
        "city:en": "Khondab County",
        "province:en": "Markazi",
        "publicId": "ODo2NTE",
        "sourceId": "651",
        "layerId": 8,
        "type": "location",
        "status": "active",
        "urgency": null,
        "verificationTag": null,
        "expirationDate": null,
        "createdAt": "2026-03-11T20:49:08.766Z",
        "updatedAt": "2026-03-11T20:49:08.766Z"
      }
    },
    {
      "type": "Feature",
      "id": 588,
      "geometry": {
        "type": "Polygon",
        "coordinates": [
          [
            [
              56.180563,
              27.1701315
            ],
            [
              56.1886418,
              27.1723936
            ],
            [
              56.1904013,
              27.1738158
            ],
            [
              56.1929011,
              27.1744362
            ],
            [
              56.192885,
              27.1755302
            ],
            [
              56.1961734,
              27.1785116
            ],
            [
              56.1963612,
              27.1784734
            ],
            [
              56.1967072,
              27.179843
            ],
            [
              56.1968011,
              27.1802463
            ],
            [
              56.1973536,
              27.1808309
            ],
            [
              56.1980724,
              27.181289
            ],
            [
              56.1970988,
              27.1834053
            ],
            [
              56.1893063,
              27.1808314
            ],
            [
              56.1815138,
              27.1782574
            ],
            [
              56.1737213,
              27.1756834
            ],
            [
              56.1659288,
              27.1731095
            ],
            [
              56.1681497,
              27.1665711
            ],
            [
              56.173675,
              27.1683943
            ],
            [
              56.1792004,
              27.1702174
            ],
            [
              56.180563,
              27.1701315
            ]
          ]
        ]
      },
      "properties": {
        "id": "ODo1OTk",
        "city": "شهرستان بندرعباس",
        "province": "استان هرمزگان",
        "city:en": "Bandar Abbas County",
        "province:en": "Hormozgan",
        "publicId": "ODo1OTk",
        "sourceId": "599",
        "layerId": 8,
        "type": "location",
        "status": "active",
        "urgency": null,
        "verificationTag": null,
        "expirationDate": null,
        "createdAt": "2026-03-11T20:49:08.766Z",
        "updatedAt": "2026-03-11T20:49:08.766Z"
      }
    },
    {
      "type": "Feature",
      "id": 589,
      "geometry": {
        "type": "Polygon",
        "coordinates": [
          [
            [
              50.7392406,
              34.5811475
            ],
            [
              50.735279,
              34.5802244
            ],
            [
              50.7272565,
              34.5772674
            ],
            [
              50.7281336,
              34.5743831
            ],
            [
              50.7283992,
              34.5728239
            ],
            [
              50.7287157,
              34.5703172
            ],
            [
              50.728941,
              34.5696237
            ],
            [
              50.729413,
              34.5687844
            ],
            [
              50.7298207,
              34.5682632
            ],
            [
              50.73062,
              34.5676271
            ],
            [
              50.733093,
              34.567309
            ],
            [
              50.734697,
              34.5663548
            ],
            [
              50.7358074,
              34.5654846
            ],
            [
              50.7361615,
              34.5650694
            ],
            [
              50.7364404,
              34.564875
            ],
            [
              50.7383904,
              34.5641748
            ],
            [
              50.740445,
              34.5636933
            ],
            [
              50.7414588,
              34.5635497
            ],
            [
              50.741204,
              34.5676889
            ],
            [
              50.741027,
              34.5696524
            ],
            [
              50.7406649,
              34.5717771
            ],
            [
              50.7399246,
              34.5759799
            ],
            [
              50.7397073,
              34.578047
            ],
            [
              50.7396591,
              34.5790363
            ],
            [
              50.739584,
              34.5797872
            ],
            [
              50.7394069,
              34.5805822
            ],
            [
              50.7392406,
              34.5811475
            ]
          ]
        ]
      },
      "properties": {
        "id": "ODo2NjI",
        "city": "شهرستان قم",
        "province": "استان قم",
        "city:en": "Qom County",
        "province:en": "Qom",
        "publicId": "ODo2NjI",
        "sourceId": "662",
        "layerId": 8,
        "type": "location",
        "status": "active",
        "urgency": null,
        "verificationTag": null,
        "expirationDate": null,
        "createdAt": "2026-03-11T20:49:08.767Z",
        "updatedAt": "2026-03-11T20:49:08.767Z"
      }
    },
    {
      "type": "Feature",
      "id": 590,
      "geometry": {
        "type": "Polygon",
        "coordinates": [
          [
            [
              50.8917055,
              28.8421504
            ],
            [
              50.8933657,
              28.8435718
            ],
            [
              50.8935267,
              28.8433838
            ],
            [
              50.8940041,
              28.8437222
            ],
            [
              50.8940899,
              28.8438819
            ],
            [
              50.8924887,
              28.8447559
            ],
            [
              50.8920917,
              28.8447336
            ],
            [
              50.8918074,
              28.8448029
            ],
            [
              50.8917135,
              28.8448945
            ],
            [
              50.8914641,
              28.8449333
            ],
            [
              50.8913997,
              28.8447865
            ],
            [
              50.891342,
              28.8447818
            ],
            [
              50.8908874,
              28.8443824
            ],
            [
              50.8914346,
              28.8437598
            ],
            [
              50.8907157,
              28.8431207
            ],
            [
              50.8917055,
              28.8421504
            ]
          ]
        ]
      },
      "properties": {
        "id": "ODo2MTE",
        "city": "شهرستان بوشهر",
        "province": "استان بوشهر",
        "city:en": "Bushehr County",
        "province:en": "Bushehr",
        "publicId": "ODo2MTE",
        "sourceId": "611",
        "layerId": 8,
        "type": "location",
        "status": "active",
        "urgency": null,
        "verificationTag": null,
        "expirationDate": null,
        "createdAt": "2026-03-11T20:49:08.767Z",
        "updatedAt": "2026-03-11T20:49:08.767Z"
      }
    },
    {
      "type": "Feature",
      "id": 591,
      "geometry": {
        "type": "Polygon",
        "coordinates": [
          [
            [
              49.2521166,
              34.3894079
            ],
            [
              49.253211,
              34.3889563
            ],
            [
              49.2542946,
              34.3886996
            ],
            [
              49.2551422,
              34.387159
            ],
            [
              49.256494,
              34.3857424
            ],
            [
              49.256612,
              34.382732
            ],
            [
              49.2537689,
              34.3813684
            ],
            [
              49.251151,
              34.3802262
            ],
            [
              49.2485976,
              34.3787209
            ],
            [
              49.2462587,
              34.3798366
            ],
            [
              49.2441988,
              34.3826788
            ],
            [
              49.2446172,
              34.3839716
            ],
            [
              49.2449605,
              34.3852111
            ],
            [
              49.2452824,
              34.3863887
            ],
            [
              49.2471921,
              34.3871059
            ],
            [
              49.2496383,
              34.3882569
            ],
            [
              49.2521166,
              34.3894079
            ]
          ]
        ]
      },
      "properties": {
        "id": "ODo2MzI",
        "city": "شهرستان خنداب",
        "province": "استان مرکزی",
        "city:en": "Khondab County",
        "province:en": "Markazi",
        "publicId": "ODo2MzI",
        "sourceId": "632",
        "layerId": 8,
        "type": "location",
        "status": "active",
        "urgency": null,
        "verificationTag": null,
        "expirationDate": null,
        "createdAt": "2026-03-11T20:49:08.767Z",
        "updatedAt": "2026-03-11T20:49:08.767Z"
      }
    },
    {
      "type": "Feature",
      "id": 592,
      "geometry": {
        "type": "Polygon",
        "coordinates": [
          [
            [
              49.2480477,
              34.3602965
            ],
            [
              49.2486727,
              34.3604338
            ],
            [
              49.2487934,
              34.3606884
            ],
            [
              49.2486164,
              34.3607083
            ],
            [
              49.2490992,
              34.3620435
            ],
            [
              49.2489704,
              34.3621719
            ],
            [
              49.2487827,
              34.3621342
            ],
            [
              49.2482516,
              34.3616272
            ],
            [
              49.2478385,
              34.3610272
            ],
            [
              49.2478734,
              34.3607128
            ],
            [
              49.2480477,
              34.3602965
            ]
          ]
        ]
      },
      "properties": {
        "id": "ODo2NDQ",
        "city": "شهرستان خنداب",
        "province": "استان مرکزی",
        "city:en": "Khondab County",
        "province:en": "Markazi",
        "publicId": "ODo2NDQ",
        "sourceId": "644",
        "layerId": 8,
        "type": "location",
        "status": "active",
        "urgency": null,
        "verificationTag": null,
        "expirationDate": null,
        "createdAt": "2026-03-11T20:49:08.768Z",
        "updatedAt": "2026-03-11T20:49:08.768Z"
      }
    },
    {
      "type": "Feature",
      "id": 593,
      "geometry": {
        "type": "Polygon",
        "coordinates": [
          [
            [
              51.3797341,
              35.5161197
            ],
            [
              51.3726228,
              35.5185632
            ],
            [
              51.3697033,
              35.5128531
            ],
            [
              51.3768044,
              35.5104072
            ],
            [
              51.3797341,
              35.5161197
            ]
          ]
        ]
      },
      "properties": {
        "id": "ODo2Njc",
        "city": "کهریزک",
        "province": "استان تهران",
        "unofficial_name:fa": "پدافند کهریزک",
        "city:en": "Kahrizak",
        "province:en": "Tehran",
        "publicId": "ODo2Njc",
        "sourceId": "667",
        "layerId": 8,
        "type": "location",
        "status": "active",
        "urgency": null,
        "verificationTag": null,
        "expirationDate": null,
        "createdAt": "2026-03-11T20:49:08.768Z",
        "updatedAt": "2026-03-11T20:49:08.768Z"
      }
    },
    {
      "type": "Feature",
      "id": 594,
      "geometry": {
        "type": "Polygon",
        "coordinates": [
          [
            [
              46.2117804,
              38.0458532
            ],
            [
              46.2118317,
              38.0459655
            ],
            [
              46.2119944,
              38.0462744
            ],
            [
              46.2116111,
              38.0465692
            ],
            [
              46.2115152,
              38.0469711
            ],
            [
              46.2115353,
              38.0477713
            ],
            [
              46.2096166,
              38.0477134
            ],
            [
              46.2087771,
              38.0475316
            ],
            [
              46.2085028,
              38.0476855
            ],
            [
              46.2081881,
              38.0479029
            ],
            [
              46.2083084,
              38.0483224
            ],
            [
              46.2078583,
              38.0484786
            ],
            [
              46.207183,
              38.0485593
            ],
            [
              46.2064164,
              38.0484733
            ],
            [
              46.2050325,
              38.0481908
            ],
            [
              46.2050392,
              38.0476748
            ],
            [
              46.2048052,
              38.0475291
            ],
            [
              46.2043462,
              38.0469956
            ],
            [
              46.2038849,
              38.0466464
            ],
            [
              46.2038693,
              38.0459532
            ],
            [
              46.2039718,
              38.045625
            ],
            [
              46.2044004,
              38.0452818
            ],
            [
              46.2046646,
              38.0449128
            ],
            [
              46.205579,
              38.0451211
            ],
            [
              46.2060738,
              38.0445509
            ],
            [
              46.2063808,
              38.0445899
            ],
            [
              46.2066802,
              38.0445953
            ],
            [
              46.2070805,
              38.0445776
            ],
            [
              46.208289,
              38.0443512
            ],
            [
              46.2086022,
              38.0443554
            ],
            [
              46.2091998,
              38.0444562
            ],
            [
              46.2098165,
              38.04478
            ],
            [
              46.2105054,
              38.0450496
            ],
            [
              46.2115802,
              38.0452736
            ],
            [
              46.2117804,
              38.0458532
            ]
          ]
        ]
      },
      "properties": {
        "id": "ODo2MjU",
        "city": "تبریز",
        "province": "استان آذربایجان شرقی",
        "city:en": "Tabriz",
        "province:en": "East Azerbaijan",
        "publicId": "ODo2MjU",
        "sourceId": "625",
        "layerId": 8,
        "type": "location",
        "status": "active",
        "urgency": null,
        "verificationTag": null,
        "expirationDate": null,
        "createdAt": "2026-03-11T20:49:08.769Z",
        "updatedAt": "2026-03-11T20:49:08.769Z"
      }
    },
    {
      "type": "Feature",
      "id": 595,
      "geometry": {
        "type": "Polygon",
        "coordinates": [
          [
            [
              50.9241609,
              28.8358706
            ],
            [
              50.9239597,
              28.8339486
            ],
            [
              50.9298552,
              28.8334481
            ],
            [
              50.9301529,
              28.8362794
            ],
            [
              50.9254832,
              28.8366718
            ],
            [
              50.9241609,
              28.8358706
            ]
          ]
        ]
      },
      "properties": {
        "id": "ODo2MDU",
        "city": "شهرستان بوشهر",
        "name": "Hawk Site",
        "province": "استان بوشهر",
        "city:en": "Bushehr County",
        "province:en": "Bushehr",
        "publicId": "ODo2MDU",
        "sourceId": "605",
        "layerId": 8,
        "type": "location",
        "status": "active",
        "urgency": null,
        "verificationTag": null,
        "expirationDate": null,
        "createdAt": "2026-03-11T20:49:08.769Z",
        "updatedAt": "2026-03-11T20:49:08.769Z"
      }
    },
    {
      "type": "Feature",
      "id": 596,
      "geometry": {
        "type": "Polygon",
        "coordinates": [
          [
            [
              51.4680129,
              32.5444787
            ],
            [
              51.4681041,
              32.5442255
            ],
            [
              51.4745951,
              32.5415845
            ],
            [
              51.4763439,
              32.5447591
            ],
            [
              51.4778432,
              32.5480601
            ],
            [
              51.4773738,
              32.5482681
            ],
            [
              51.4748365,
              32.5490368
            ],
            [
              51.4748096,
              32.5493398
            ],
            [
              51.4718833,
              32.550572
            ],
            [
              51.4717385,
              32.5506274
            ],
            [
              51.4680129,
              32.5444787
            ]
          ]
        ]
      },
      "properties": {
        "id": "ODo2NjA",
        "city": "شهرستان فلاورجان",
        "province": "استان اصفهان",
        "city:en": "Falavarjan County",
        "province:en": "Isfahan",
        "publicId": "ODo2NjA",
        "sourceId": "660",
        "layerId": 8,
        "type": "location",
        "status": "active",
        "urgency": null,
        "verificationTag": null,
        "expirationDate": null,
        "createdAt": "2026-03-11T20:49:08.769Z",
        "updatedAt": "2026-03-11T20:49:08.769Z"
      }
    },
    {
      "type": "Feature",
      "id": 597,
      "geometry": {
        "type": "Polygon",
        "coordinates": [
          [
            [
              48.4674498,
              32.416823
            ],
            [
              48.4672084,
              32.4240434
            ],
            [
              48.4757191,
              32.4242471
            ],
            [
              48.4759578,
              32.4170313
            ],
            [
              48.4674498,
              32.416823
            ]
          ]
        ]
      },
      "properties": {
        "id": "ODo2MTc",
        "city": "شهرستان دزفول",
        "name:fa": "پدافند هوایی",
        "province": "استان خوزستان",
        "name:en": "Air Defense",
        "city:en": "Dezful County",
        "province:en": "Khuzestan",
        "publicId": "ODo2MTc",
        "sourceId": "617",
        "layerId": 8,
        "type": "location",
        "status": "active",
        "urgency": null,
        "verificationTag": null,
        "expirationDate": null,
        "createdAt": "2026-03-11T20:49:08.770Z",
        "updatedAt": "2026-03-11T20:49:08.770Z"
      }
    },
    {
      "type": "Feature",
      "id": 598,
      "geometry": {
        "type": "Polygon",
        "coordinates": [
          [
            [
              49.2279513,
              34.3689502
            ],
            [
              49.2282168,
              34.3687376
            ],
            [
              49.2286809,
              34.3691439
            ],
            [
              49.228473,
              34.3693144
            ],
            [
              49.2282182,
              34.3691206
            ],
            [
              49.2279513,
              34.3689502
            ]
          ]
        ]
      },
      "properties": {
        "id": "ODo2Mzg",
        "city": "شهرستان خنداب",
        "province": "استان مرکزی",
        "city:en": "Khondab County",
        "province:en": "Markazi",
        "publicId": "ODo2Mzg",
        "sourceId": "638",
        "layerId": 8,
        "type": "location",
        "status": "active",
        "urgency": null,
        "verificationTag": null,
        "expirationDate": null,
        "createdAt": "2026-03-11T20:49:08.770Z",
        "updatedAt": "2026-03-11T20:49:08.770Z"
      }
    },
    {
      "type": "Feature",
      "id": 599,
      "geometry": {
        "type": "Polygon",
        "coordinates": [
          [
            [
              49.2334136,
              34.3746763
            ],
            [
              49.2336014,
              34.3743398
            ],
            [
              49.2339769,
              34.3745568
            ],
            [
              49.2339715,
              34.374807
            ],
            [
              49.2334136,
              34.3746763
            ]
          ]
        ]
      },
      "properties": {
        "id": "ODo2NTA",
        "city": "شهرستان خنداب",
        "province": "استان مرکزی",
        "city:en": "Khondab County",
        "province:en": "Markazi",
        "publicId": "ODo2NTA",
        "sourceId": "650",
        "layerId": 8,
        "type": "location",
        "status": "active",
        "urgency": null,
        "verificationTag": null,
        "expirationDate": null,
        "createdAt": "2026-03-11T20:49:08.770Z",
        "updatedAt": "2026-03-11T20:49:08.770Z"
      }
    },
    {
      "type": "Feature",
      "id": 600,
      "geometry": {
        "type": "Polygon",
        "coordinates": [
          [
            [
              53.2802206,
              26.8084731
            ],
            [
              53.2740837,
              26.8082337
            ],
            [
              53.2739013,
              26.8030435
            ],
            [
              53.2801884,
              26.802038
            ],
            [
              53.2802206,
              26.8084731
            ]
          ]
        ]
      },
      "properties": {
        "id": "ODo1OTg",
        "city": "شهرستان بندر لنگه",
        "province": "استان هرمزگان",
        "city:en": "Bandar Lengeh County",
        "province:en": "Hormozgan",
        "publicId": "ODo1OTg",
        "sourceId": "598",
        "layerId": 8,
        "type": "location",
        "status": "active",
        "urgency": null,
        "verificationTag": null,
        "expirationDate": null,
        "createdAt": "2026-03-11T20:49:08.771Z",
        "updatedAt": "2026-03-11T20:49:08.771Z"
      }
    },
    {
      "type": "Feature",
      "id": 601,
      "geometry": {
        "type": "Polygon",
        "coordinates": [
          [
            [
              50.895136,
              28.8218535
            ],
            [
              50.8952098,
              28.8214963
            ],
            [
              50.8953264,
              28.8215175
            ],
            [
              50.8957878,
              28.8214634
            ],
            [
              50.8962062,
              28.8215128
            ],
            [
              50.8966246,
              28.8215574
            ],
            [
              50.8970216,
              28.8216138
            ],
            [
              50.8974373,
              28.8215856
            ],
            [
              50.8978048,
              28.8215386
            ],
            [
              50.8980972,
              28.8216138
            ],
            [
              50.8981803,
              28.821736
            ],
            [
              50.8986121,
              28.8218664
            ],
            [
              50.8986899,
              28.821897
            ],
            [
              50.8990037,
              28.8220027
            ],
            [
              50.899107,
              28.8220027
            ],
            [
              50.8991942,
              28.8220345
            ],
            [
              50.8992371,
              28.8220791
            ],
            [
              50.8992974,
              28.8220991
            ],
            [
              50.8993833,
              28.8221802
            ],
            [
              50.8994906,
              28.8222941
            ],
            [
              50.8995804,
              28.822394
            ],
            [
              50.8997507,
              28.8224892
            ],
            [
              50.9002537,
              28.8226701
            ],
            [
              50.9003274,
              28.8226349
            ],
            [
              50.9003971,
              28.8225785
            ],
            [
              50.9005125,
              28.8225937
            ],
            [
              50.9005393,
              28.8225808
            ],
            [
              50.9005997,
              28.8225937
            ],
            [
              50.9006064,
              28.8226396
            ],
            [
              50.90066,
              28.8226689
            ],
            [
              50.9006439,
              28.8229803
            ],
            [
              50.9004334,
              28.823462
            ],
            [
              50.9002604,
              28.8237429
            ],
            [
              50.9001182,
              28.8239062
            ],
            [
              50.8985236,
              28.8225209
            ],
            [
              50.895136,
              28.8218535
            ]
          ]
        ]
      },
      "properties": {
        "id": "ODo2MTA",
        "city": "شهرستان بوشهر",
        "province": "استان بوشهر",
        "city:en": "Bushehr County",
        "province:en": "Bushehr",
        "publicId": "ODo2MTA",
        "sourceId": "610",
        "layerId": 8,
        "type": "location",
        "status": "active",
        "urgency": null,
        "verificationTag": null,
        "expirationDate": null,
        "createdAt": "2026-03-11T20:49:08.771Z",
        "updatedAt": "2026-03-11T20:49:08.771Z"
      }
    },
    {
      "type": "Feature",
      "id": 602,
      "geometry": {
        "type": "Polygon",
        "coordinates": [
          [
            [
              46.1968169,
              37.9419968
            ],
            [
              46.197842,
              37.9427771
            ],
            [
              46.198457,
              37.943944
            ],
            [
              46.1972715,
              37.9449598
            ],
            [
              46.1945884,
              37.9440952
            ],
            [
              46.1951945,
              37.942988
            ],
            [
              46.1968169,
              37.9419968
            ]
          ]
        ]
      },
      "properties": {
        "id": "ODo2MjM",
        "city": "شهرستان تبریز",
        "province": "استان آذربایجان شرقی",
        "city:en": "Tabriz County",
        "province:en": "East Azerbaijan",
        "publicId": "ODo2MjM",
        "sourceId": "623",
        "layerId": 8,
        "type": "location",
        "status": "active",
        "urgency": null,
        "verificationTag": null,
        "expirationDate": null,
        "createdAt": "2026-03-11T20:49:08.772Z",
        "updatedAt": "2026-03-11T20:49:08.772Z"
      }
    },
    {
      "type": "Feature",
      "id": 603,
      "geometry": {
        "type": "Polygon",
        "coordinates": [
          [
            [
              50.8552945,
              28.9257162
            ],
            [
              50.8539037,
              28.9269692
            ],
            [
              50.8534451,
              28.9275403
            ],
            [
              50.8500373,
              28.9302499
            ],
            [
              50.8479868,
              28.9281847
            ],
            [
              50.846643,
              28.929173
            ],
            [
              50.8453448,
              28.9280356
            ],
            [
              50.8490758,
              28.9248558
            ],
            [
              50.8491676,
              28.922973
            ],
            [
              50.8501339,
              28.9234179
            ],
            [
              50.8498791,
              28.9238052
            ],
            [
              50.8503699,
              28.9240142
            ],
            [
              50.8505925,
              28.9237148
            ],
            [
              50.8507964,
              28.9237043
            ],
            [
              50.8552945,
              28.9257162
            ]
          ]
        ]
      },
      "properties": {
        "id": "ODo2MDM",
        "city": "بوشهر",
        "province": "استان بوشهر",
        "city:en": "Bushehr",
        "province:en": "Bushehr",
        "publicId": "ODo2MDM",
        "sourceId": "603",
        "layerId": 8,
        "type": "location",
        "status": "active",
        "urgency": null,
        "verificationTag": null,
        "expirationDate": null,
        "createdAt": "2026-03-11T20:49:08.773Z",
        "updatedAt": "2026-03-11T20:49:08.773Z"
      }
    },
    {
      "type": "Feature",
      "id": 604,
      "geometry": {
        "type": "Polygon",
        "coordinates": [
          [
            [
              51.545227,
              35.5631946
            ],
            [
              51.5507671,
              35.5675736
            ],
            [
              51.5497103,
              35.5684779
            ],
            [
              51.5502655,
              35.568851
            ],
            [
              51.5494502,
              35.5695142
            ],
            [
              51.5490237,
              35.5690823
            ],
            [
              51.5450218,
              35.5724399
            ],
            [
              51.5394858,
              35.568071
            ],
            [
              51.545227,
              35.5631946
            ]
          ]
        ]
      },
      "properties": {
        "id": "ODo2NjY",
        "city": "شهرستان ری",
        "province": "استان تهران",
        "city:en": "Rey County",
        "province:en": "Tehran",
        "publicId": "ODo2NjY",
        "sourceId": "666",
        "layerId": 8,
        "type": "location",
        "status": "active",
        "urgency": null,
        "verificationTag": null,
        "expirationDate": null,
        "createdAt": "2026-03-11T20:49:08.773Z",
        "updatedAt": "2026-03-11T20:49:08.773Z"
      }
    },
    {
      "type": "Feature",
      "id": 605,
      "geometry": {
        "type": "Polygon",
        "coordinates": [
          [
            [
              49.4505366,
              30.9261287
            ],
            [
              49.4533576,
              30.932843
            ],
            [
              49.4513674,
              30.9334964
            ],
            [
              49.4520809,
              30.9351253
            ],
            [
              49.4445492,
              30.9375594
            ],
            [
              49.4407351,
              30.9293458
            ],
            [
              49.4456359,
              30.9277373
            ],
            [
              49.4505366,
              30.9261287
            ]
          ]
        ]
      },
      "properties": {
        "id": "ODo2MTU",
        "city": "شهرستان رامشیر",
        "province": "استان خوزستان",
        "city:en": "Ramshir County",
        "province:en": "Khuzestan",
        "publicId": "ODo2MTU",
        "sourceId": "615",
        "layerId": 8,
        "type": "location",
        "status": "active",
        "urgency": null,
        "verificationTag": null,
        "expirationDate": null,
        "createdAt": "2026-03-11T20:49:08.774Z",
        "updatedAt": "2026-03-11T20:49:08.774Z"
      }
    },
    {
      "type": "Feature",
      "id": 606,
      "geometry": {
        "type": "Polygon",
        "coordinates": [
          [
            [
              49.2719918,
              34.3281095
            ],
            [
              49.2716673,
              34.3278215
            ],
            [
              49.2721393,
              34.3275624
            ],
            [
              49.27226,
              34.3276244
            ],
            [
              49.2722869,
              34.3277152
            ],
            [
              49.2722305,
              34.3278481
            ],
            [
              49.2720508,
              34.3279699
            ],
            [
              49.2720589,
              34.3280519
            ],
            [
              49.2719918,
              34.3281095
            ]
          ]
        ]
      },
      "properties": {
        "id": "ODo2MzY",
        "city": "شهرستان خنداب",
        "province": "استان مرکزی",
        "city:en": "Khondab County",
        "province:en": "Markazi",
        "publicId": "ODo2MzY",
        "sourceId": "636",
        "layerId": 8,
        "type": "location",
        "status": "active",
        "urgency": null,
        "verificationTag": null,
        "expirationDate": null,
        "createdAt": "2026-03-11T20:49:08.774Z",
        "updatedAt": "2026-03-11T20:49:08.774Z"
      }
    },
    {
      "type": "Feature",
      "id": 607,
      "geometry": {
        "type": "Polygon",
        "coordinates": [
          [
            [
              49.2530621,
              34.3775365
            ],
            [
              49.2533773,
              34.3773317
            ],
            [
              49.252932,
              34.3768691
            ],
            [
              49.2526705,
              34.3769997
            ],
            [
              49.2530621,
              34.3775365
            ]
          ]
        ]
      },
      "properties": {
        "id": "ODo2NDg",
        "city": "شهرستان خنداب",
        "province": "استان مرکزی",
        "city:en": "Khondab County",
        "province:en": "Markazi",
        "publicId": "ODo2NDg",
        "sourceId": "648",
        "layerId": 8,
        "type": "location",
        "status": "active",
        "urgency": null,
        "verificationTag": null,
        "expirationDate": null,
        "createdAt": "2026-03-11T20:49:08.775Z",
        "updatedAt": "2026-03-11T20:49:08.775Z"
      }
    },
    {
      "type": "Feature",
      "id": 608,
      "geometry": {
        "type": "Polygon",
        "coordinates": [
          [
            [
              50.8785009,
              28.847883
            ],
            [
              50.8789623,
              28.847211
            ],
            [
              50.8793002,
              28.8474695
            ],
            [
              50.8793646,
              28.8479487
            ],
            [
              50.8792412,
              28.8480427
            ],
            [
              50.8789355,
              28.8481085
            ],
            [
              50.8785009,
              28.847883
            ]
          ]
        ]
      },
      "properties": {
        "id": "ODo2MDg",
        "city": "شهرستان بوشهر",
        "province": "استان بوشهر",
        "city:en": "Bushehr County",
        "province:en": "Bushehr",
        "publicId": "ODo2MDg",
        "sourceId": "608",
        "layerId": 8,
        "type": "location",
        "status": "active",
        "urgency": null,
        "verificationTag": null,
        "expirationDate": null,
        "createdAt": "2026-03-11T20:49:08.775Z",
        "updatedAt": "2026-03-11T20:49:08.775Z"
      }
    },
    {
      "type": "Feature",
      "id": 609,
      "geometry": {
        "type": "Polygon",
        "coordinates": [
          [
            [
              49.2052048,
              34.3949899
            ],
            [
              49.2053228,
              34.3947
            ],
            [
              49.2054114,
              34.3946158
            ],
            [
              49.2053228,
              34.3944653
            ],
            [
              49.2053738,
              34.3942108
            ],
            [
              49.2054596,
              34.3941046
            ],
            [
              49.2055884,
              34.3941068
            ],
            [
              49.205862,
              34.3942595
            ],
            [
              49.2060524,
              34.3945008
            ],
            [
              49.2062831,
              34.3946933
            ],
            [
              49.2062402,
              34.3949169
            ],
            [
              49.2061436,
              34.3950496
            ],
            [
              49.2059102,
              34.3951382
            ],
            [
              49.2056581,
              34.3951382
            ],
            [
              49.2054462,
              34.3950983
            ],
            [
              49.2052638,
              34.3950342
            ],
            [
              49.2052048,
              34.3949899
            ]
          ]
        ]
      },
      "properties": {
        "id": "ODo2Mjk",
        "city": "شهرستان خنداب",
        "province": "استان مرکزی",
        "city:en": "Khondab County",
        "province:en": "Markazi",
        "publicId": "ODo2Mjk",
        "sourceId": "629",
        "layerId": 8,
        "type": "location",
        "status": "active",
        "urgency": null,
        "verificationTag": null,
        "expirationDate": null,
        "createdAt": "2026-03-11T20:49:08.776Z",
        "updatedAt": "2026-03-11T20:49:08.776Z"
      }
    },
    {
      "type": "Feature",
      "id": 610,
      "geometry": {
        "type": "Polygon",
        "coordinates": [
          [
            [
              49.2797917,
              34.3860169
            ],
            [
              49.2807626,
              34.3847419
            ],
            [
              49.2828172,
              34.3850518
            ],
            [
              49.2824149,
              34.3861718
            ],
            [
              49.2809236,
              34.3865879
            ],
            [
              49.2797917,
              34.3860169
            ]
          ]
        ]
      },
      "properties": {
        "id": "ODo2NDE",
        "city": "شهرستان اراک",
        "province": "استان مرکزی",
        "city:en": "Arak County",
        "province:en": "Markazi",
        "publicId": "ODo2NDE",
        "sourceId": "641",
        "layerId": 8,
        "type": "location",
        "status": "active",
        "urgency": null,
        "verificationTag": null,
        "expirationDate": null,
        "createdAt": "2026-03-11T20:49:08.776Z",
        "updatedAt": "2026-03-11T20:49:08.776Z"
      }
    },
    {
      "type": "Feature",
      "id": 611,
      "geometry": {
        "type": "Polygon",
        "coordinates": [
          [
            [
              50.846411,
              34.8658803
            ],
            [
              50.848892,
              34.8690559
            ],
            [
              50.8495653,
              34.8694564
            ],
            [
              50.8520517,
              34.869232
            ],
            [
              50.8528751,
              34.8709506
            ],
            [
              50.8536932,
              34.8726693
            ],
            [
              50.8538809,
              34.8730984
            ],
            [
              50.8539641,
              34.8734813
            ],
            [
              50.853897,
              34.87395
            ],
            [
              50.8541626,
              34.882899
            ],
            [
              50.8542176,
              34.8882092
            ],
            [
              50.8472639,
              34.8915413
            ],
            [
              50.8424735,
              34.8938182
            ],
            [
              50.8376831,
              34.8960952
            ],
            [
              50.8328491,
              34.8947318
            ],
            [
              50.8280151,
              34.8933684
            ],
            [
              50.8273177,
              34.8920693
            ],
            [
              50.8266766,
              34.8868154
            ],
            [
              50.827427,
              34.8822091
            ],
            [
              50.8281773,
              34.8776028
            ],
            [
              50.82818,
              34.8774532
            ],
            [
              50.828632,
              34.8760823
            ],
            [
              50.834268,
              34.8728486
            ],
            [
              50.8399039,
              34.8696149
            ],
            [
              50.8398154,
              34.8695026
            ],
            [
              50.8403626,
              34.8691461
            ],
            [
              50.8404726,
              34.8692738
            ],
            [
              50.846411,
              34.8658803
            ]
          ]
        ]
      },
      "properties": {
        "id": "ODo2NjQ",
        "city": "شهرستان قم",
        "province": "استان قم",
        "unofficial_name:fa": "پادگان پدافند هوایی قم",
        "city:en": "Qom County",
        "province:en": "Qom",
        "publicId": "ODo2NjQ",
        "sourceId": "664",
        "layerId": 8,
        "type": "location",
        "status": "active",
        "urgency": null,
        "verificationTag": null,
        "expirationDate": null,
        "createdAt": "2026-03-11T20:49:08.776Z",
        "updatedAt": "2026-03-11T20:49:08.776Z"
      }
    },
    {
      "type": "Feature",
      "id": 612,
      "geometry": {
        "type": "Polygon",
        "coordinates": [
          [
            [
              47.1324339,
              34.3526196
            ],
            [
              47.1327236,
              34.3533526
            ],
            [
              47.1335444,
              34.3545704
            ],
            [
              47.1334371,
              34.3549402
            ],
            [
              47.1336785,
              34.3557927
            ],
            [
              47.1337295,
              34.356043
            ],
            [
              47.1336865,
              34.3568047
            ],
            [
              47.1337281,
              34.357066
            ],
            [
              47.1335444,
              34.3571612
            ],
            [
              47.1316226,
              34.357159
            ],
            [
              47.1306798,
              34.3529185
            ],
            [
              47.1324339,
              34.3526196
            ]
          ]
        ]
      },
      "properties": {
        "id": "ODo2MjE",
        "city": "کرمانشاه",
        "province": "استان کرمانشاه",
        "unofficial_name:fa": "پدافند هوایی کرمانشاه",
        "city:en": "Kermanshah",
        "province:en": "Kermanshah",
        "publicId": "ODo2MjE",
        "sourceId": "621",
        "layerId": 8,
        "type": "location",
        "status": "active",
        "urgency": null,
        "verificationTag": null,
        "expirationDate": null,
        "createdAt": "2026-03-11T20:49:08.777Z",
        "updatedAt": "2026-03-11T20:49:08.777Z"
      }
    },
    {
      "type": "Feature",
      "id": 613,
      "geometry": {
        "type": "Polygon",
        "coordinates": [
          [
            [
              58.7020379,
              34.559105
            ],
            [
              58.6999056,
              34.5595059
            ],
            [
              58.699986,
              34.56067
            ],
            [
              58.7003401,
              34.5617391
            ],
            [
              58.6923203,
              34.5631571
            ],
            [
              58.6935809,
              34.5665984
            ],
            [
              58.6939135,
              34.5665144
            ],
            [
              58.6940047,
              34.567314
            ],
            [
              58.6944017,
              34.5690456
            ],
            [
              58.6956516,
              34.5731447
            ],
            [
              58.6946806,
              34.5730122
            ],
            [
              58.6947933,
              34.5760379
            ],
            [
              58.6976847,
              34.5762675
            ],
            [
              58.6990687,
              34.576272
            ],
            [
              58.7007692,
              34.5760379
            ],
            [
              58.7021586,
              34.5762101
            ],
            [
              58.704637,
              34.5758744
            ],
            [
              58.7072065,
              34.5752031
            ],
            [
              58.7042118,
              34.5686853
            ],
            [
              58.7012172,
              34.5621676
            ],
            [
              58.7020594,
              34.5618782
            ],
            [
              58.7018931,
              34.5614519
            ],
            [
              58.7027514,
              34.5612907
            ],
            [
              58.7020379,
              34.559105
            ]
          ]
        ]
      },
      "properties": {
        "id": "ODo2NTQ",
        "city": "شهرستان گناباد",
        "province": "استان خراسان رضوی",
        "unofficial_name:fa": "پدافند هوایی ارتش",
        "city:en": "Gonabad County",
        "province:en": "Razavi Khorasan",
        "publicId": "ODo2NTQ",
        "sourceId": "654",
        "layerId": 8,
        "type": "location",
        "status": "active",
        "urgency": null,
        "verificationTag": null,
        "expirationDate": null,
        "createdAt": "2026-03-11T20:49:08.777Z",
        "updatedAt": "2026-03-11T20:49:08.777Z"
      }
    },
    {
      "type": "Feature",
      "id": 614,
      "geometry": {
        "type": "Polygon",
        "coordinates": [
          [
            [
              50.3091967,
              29.2589542
            ],
            [
              50.3086549,
              29.2551446
            ],
            [
              50.3083733,
              29.2534129
            ],
            [
              50.3079361,
              29.2522475
            ],
            [
              50.3078261,
              29.2505579
            ],
            [
              50.3072441,
              29.2505322
            ],
            [
              50.3074747,
              29.2499682
            ],
            [
              50.3071019,
              29.2478292
            ],
            [
              50.3069008,
              29.2476794
            ],
            [
              50.3064501,
              29.2476794
            ],
            [
              50.304991,
              29.248213
            ],
            [
              50.303961,
              29.2501601
            ],
            [
              50.301826,
              29.2518731
            ],
            [
              50.3012037,
              29.2530806
            ],
            [
              50.3010857,
              29.2559917
            ],
            [
              50.3052217,
              29.2563006
            ],
            [
              50.3051198,
              29.2585564
            ],
            [
              50.3091967,
              29.2589542
            ]
          ]
        ]
      },
      "properties": {
        "id": "ODo2MDI",
        "city": "شهرستان بوشهر",
        "province": "استان بوشهر",
        "city:en": "Bushehr County",
        "province:en": "Bushehr",
        "publicId": "ODo2MDI",
        "sourceId": "602",
        "layerId": 8,
        "type": "location",
        "status": "active",
        "urgency": null,
        "verificationTag": null,
        "expirationDate": null,
        "createdAt": "2026-03-11T20:49:08.778Z",
        "updatedAt": "2026-03-11T20:49:08.778Z"
      }
    },
    {
      "type": "Feature",
      "id": 615,
      "geometry": {
        "type": "Polygon",
        "coordinates": [
          [
            [
              54.9428415,
              36.5015815
            ],
            [
              54.9378955,
              36.5045008
            ],
            [
              54.9389309,
              36.5050139
            ],
            [
              54.9436328,
              36.5066826
            ],
            [
              54.9483347,
              36.5083513
            ],
            [
              54.9428415,
              36.5015815
            ]
          ]
        ]
      },
      "properties": {
        "id": "ODo2NTc",
        "city": "شهرستان شاهرود",
        "province": "استان سمنان",
        "city:en": "Shahroud County",
        "province:en": "Semnan",
        "publicId": "ODo2NTc",
        "sourceId": "657",
        "layerId": 8,
        "type": "location",
        "status": "active",
        "urgency": null,
        "verificationTag": null,
        "expirationDate": null,
        "createdAt": "2026-03-11T20:49:08.778Z",
        "updatedAt": "2026-03-11T20:49:08.778Z"
      }
    },
    {
      "type": "Feature",
      "id": 616,
      "geometry": {
        "type": "Polygon",
        "coordinates": [
          [
            [
              49.0370049,
              30.5492571
            ],
            [
              49.0330737,
              30.5429113
            ],
            [
              49.0404274,
              30.5395458
            ],
            [
              49.0443152,
              30.5458707
            ],
            [
              49.0370049,
              30.5492571
            ]
          ]
        ]
      },
      "properties": {
        "id": "ODo2MTQ",
        "city": "بندر امام خمینی",
        "province": "استان خوزستان",
        "city:en": "Bandar Imam Khomeini",
        "province:en": "Khuzestan",
        "publicId": "ODo2MTQ",
        "sourceId": "614",
        "layerId": 8,
        "type": "location",
        "status": "active",
        "urgency": null,
        "verificationTag": null,
        "expirationDate": null,
        "createdAt": "2026-03-11T20:49:08.779Z",
        "updatedAt": "2026-03-11T20:49:08.779Z"
      }
    },
    {
      "type": "Feature",
      "id": 617,
      "geometry": {
        "type": "Polygon",
        "coordinates": [
          [
            [
              49.1939519,
              34.3972175
            ],
            [
              49.1943261,
              34.3976192
            ],
            [
              49.1951241,
              34.3978262
            ],
            [
              49.19615,
              34.398022
            ],
            [
              49.1973355,
              34.3967826
            ],
            [
              49.1987732,
              34.396641
            ],
            [
              49.203054,
              34.3971899
            ],
            [
              49.2060259,
              34.3988011
            ],
            [
              49.2086652,
              34.403059
            ],
            [
              49.2113045,
              34.4073169
            ],
            [
              49.2099526,
              34.4104326
            ],
            [
              49.2042664,
              34.4128579
            ],
            [
              49.2009619,
              34.4116895
            ],
            [
              49.1990951,
              34.4070159
            ],
            [
              49.1933659,
              34.4031033
            ],
            [
              49.1906837,
              34.4011912
            ],
            [
              49.189871,
              34.4005428
            ],
            [
              49.1906968,
              34.3998213
            ],
            [
              49.1918233,
              34.3990069
            ],
            [
              49.1918102,
              34.3989449
            ],
            [
              49.1920593,
              34.3986882
            ],
            [
              49.1920754,
              34.3985089
            ],
            [
              49.1924456,
              34.3983385
            ],
            [
              49.1924968,
              34.3983938
            ],
            [
              49.1931456,
              34.3977631
            ],
            [
              49.1935479,
              34.3974665
            ],
            [
              49.1939519,
              34.3972175
            ]
          ]
        ]
      },
      "properties": {
        "id": "ODo2Mjc",
        "city": "شهرستان خنداب",
        "province": "استان مرکزی",
        "city:en": "Khondab",
        "province:en": "Markazi",
        "publicId": "ODo2Mjc",
        "sourceId": "627",
        "layerId": 8,
        "type": "location",
        "status": "active",
        "urgency": null,
        "verificationTag": null,
        "expirationDate": null,
        "createdAt": "2026-03-11T20:49:08.779Z",
        "updatedAt": "2026-03-11T20:49:08.779Z"
      }
    },
    {
      "type": "Feature",
      "id": 618,
      "geometry": {
        "type": "Polygon",
        "coordinates": [
          [
            [
              49.3054658,
              34.3627763
            ],
            [
              49.304468,
              34.3617047
            ],
            [
              49.3057662,
              34.3611379
            ],
            [
              49.307236,
              34.3614036
            ],
            [
              49.3069517,
              34.3625549
            ],
            [
              49.3054658,
              34.3627763
            ]
          ]
        ]
      },
      "properties": {
        "id": "ODo2Mzk",
        "city": "شهرستان خنداب",
        "province": "استان مرکزی",
        "city:en": "Khondab",
        "province:en": "Markazi",
        "publicId": "ODo2Mzk",
        "sourceId": "639",
        "layerId": 8,
        "type": "location",
        "status": "active",
        "urgency": null,
        "verificationTag": null,
        "expirationDate": null,
        "createdAt": "2026-03-11T20:49:08.780Z",
        "updatedAt": "2026-03-11T20:49:08.780Z"
      }
    },
    {
      "type": "Feature",
      "id": 619,
      "geometry": {
        "type": "Polygon",
        "coordinates": [
          [
            [
              51.0908461,
              35.7205027
            ],
            [
              51.090885,
              35.7205419
            ],
            [
              51.0909051,
              35.7212213
            ],
            [
              51.0911143,
              35.7224015
            ],
            [
              51.0905215,
              35.7226204
            ],
            [
              51.0890892,
              35.7232268
            ],
            [
              51.0888183,
              35.7234206
            ],
            [
              51.0884616,
              35.7239868
            ],
            [
              51.0884508,
              35.7240695
            ],
            [
              51.0885957,
              35.7243265
            ],
            [
              51.0899368,
              35.7260859
            ],
            [
              51.0912564,
              35.7277451
            ],
            [
              51.0911894,
              35.7285333
            ],
            [
              51.0918103,
              35.730088
            ],
            [
              51.0917889,
              35.730125
            ],
            [
              51.0877307,
              35.7311396
            ],
            [
              51.0839535,
              35.7313851
            ],
            [
              51.0834204,
              35.7321788
            ],
            [
              51.0832588,
              35.7321167
            ],
            [
              51.0832232,
              35.7321695
            ],
            [
              51.0828611,
              35.7321085
            ],
            [
              51.0821396,
              35.7320171
            ],
            [
              51.0817909,
              35.7330056
            ],
            [
              51.0818741,
              35.7331166
            ],
            [
              51.0819384,
              35.7331536
            ],
            [
              51.0812545,
              35.7333561
            ],
            [
              51.0797739,
              35.7334519
            ],
            [
              51.0787359,
              35.7337088
            ],
            [
              51.0777864,
              35.7334759
            ],
            [
              51.0776308,
              35.7334781
            ],
            [
              51.0776308,
              35.7337524
            ],
            [
              51.0771963,
              35.7337437
            ],
            [
              51.0771453,
              35.7335042
            ],
            [
              51.0718185,
              35.7337655
            ],
            [
              51.0702333,
              35.7340681
            ],
            [
              51.0695198,
              35.7343773
            ],
            [
              51.0686776,
              35.7345797
            ],
            [
              51.0679024,
              35.7346102
            ],
            [
              51.067185,
              35.7347713
            ],
            [
              51.0670079,
              35.7343805
            ],
            [
              51.0665882,
              35.7345068
            ],
            [
              51.0664527,
              35.7345536
            ],
            [
              51.0656923,
              35.7344023
            ],
            [
              51.0651787,
              35.7345471
            ],
            [
              51.0637477,
              35.7335412
            ],
            [
              51.0638067,
              35.7327291
            ],
            [
              51.0649949,
              35.7304712
            ],
            [
              51.0653812,
              35.7281283
            ],
            [
              51.0670656,
              35.7253107
            ],
            [
              51.0676262,
              35.7250059
            ],
            [
              51.069147,
              35.725376
            ],
            [
              51.0722369,
              35.7247729
            ],
            [
              51.0734466,
              35.7244571
            ],
            [
              51.0766679,
              35.7234228
            ],
            [
              51.0780841,
              35.7229917
            ],
            [
              51.0789371,
              35.7228022
            ],
            [
              51.0806537,
              35.7224778
            ],
            [
              51.0814369,
              35.7222404
            ],
            [
              51.0821557,
              35.7221838
            ],
            [
              51.0826895,
              35.7220858
            ],
            [
              51.0830677,
              35.7219747
            ],
            [
              51.0854682,
              35.7215
            ],
            [
              51.0859027,
              35.7214521
            ],
            [
              51.0872626,
              35.7211865
            ],
            [
              51.087496,
              35.721095
            ],
            [
              51.0882953,
              35.7209731
            ],
            [
              51.0897839,
              35.7206355
            ],
            [
              51.0900843,
              35.7206442
            ],
            [
              51.0908461,
              35.7205027
            ]
          ]
        ]
      },
      "properties": {
        "id": "ODo2NzA",
        "city": "شهرستان کرج",
        "province": "استان البرز",
        "unofficial_name:fa": "پایگاه یکم پدافند هوایی منطقه تهران",
        "city:en": "Karaj",
        "province:en": "Alborz",
        "publicId": "ODo2NzA",
        "sourceId": "670",
        "layerId": 8,
        "type": "location",
        "status": "active",
        "urgency": null,
        "verificationTag": null,
        "expirationDate": null,
        "createdAt": "2026-03-11T20:49:08.780Z",
        "updatedAt": "2026-03-11T20:49:08.780Z"
      }
    },
    {
      "type": "Feature",
      "id": 620,
      "geometry": {
        "type": "Polygon",
        "coordinates": [
          [
            [
              48.384017,
              32.3468998
            ],
            [
              48.3859134,
              32.3477858
            ],
            [
              48.3819491,
              32.3540171
            ],
            [
              48.3792561,
              32.3569762
            ],
            [
              48.3788753,
              32.3567813
            ],
            [
              48.3755815,
              32.3526304
            ],
            [
              48.3786231,
              32.3492633
            ],
            [
              48.384017,
              32.3468998
            ]
          ]
        ]
      },
      "properties": {
        "id": "ODo2MTk",
        "city": "شهرستان دزفول",
        "province": "استان خوزستان",
        "city:en": "Dezful",
        "province:en": "Khuzestan",
        "publicId": "ODo2MTk",
        "sourceId": "619",
        "layerId": 8,
        "type": "location",
        "status": "active",
        "urgency": null,
        "verificationTag": null,
        "expirationDate": null,
        "createdAt": "2026-03-11T20:49:08.780Z",
        "updatedAt": "2026-03-11T20:49:08.780Z"
      }
    },
    {
      "type": "Feature",
      "id": 621,
      "geometry": {
        "type": "Polygon",
        "coordinates": [
          [
            [
              49.8191665,
              34.0493315
            ],
            [
              49.8212895,
              34.0480414
            ],
            [
              49.8231268,
              34.0537872
            ],
            [
              49.8230758,
              34.0538394
            ],
            [
              49.8211969,
              34.054985
            ],
            [
              49.8189211,
              34.0570794
            ],
            [
              49.8185804,
              34.0571905
            ],
            [
              49.8177758,
              34.0573683
            ],
            [
              49.8176095,
              34.0575349
            ],
            [
              49.8173064,
              34.0577949
            ],
            [
              49.8167834,
              34.0581305
            ],
            [
              49.8162094,
              34.0587638
            ],
            [
              49.8154476,
              34.0595015
            ],
            [
              49.8152438,
              34.0598993
            ],
            [
              49.8151123,
              34.0599926
            ],
            [
              49.8145115,
              34.0601082
            ],
            [
              49.8140153,
              34.0601881
            ],
            [
              49.8133206,
              34.0602193
            ],
            [
              49.813031,
              34.0601482
            ],
            [
              49.8128915,
              34.0599037
            ],
            [
              49.8128727,
              34.0596971
            ],
            [
              49.8129559,
              34.0593415
            ],
            [
              49.8129156,
              34.0591927
            ],
            [
              49.8123792,
              34.0586993
            ],
            [
              49.8122933,
              34.0585771
            ],
            [
              49.8122504,
              34.058406
            ],
            [
              49.8122182,
              34.0579883
            ],
            [
              49.8122933,
              34.0576438
            ],
            [
              49.8122612,
              34.0572927
            ],
            [
              49.8119903,
              34.056795
            ],
            [
              49.8115745,
              34.0563861
            ],
            [
              49.8111749,
              34.056235
            ],
            [
              49.811022,
              34.0560061
            ],
            [
              49.8107645,
              34.0558283
            ],
            [
              49.8101469,
              34.0549928
            ],
            [
              49.8104554,
              34.0548161
            ],
            [
              49.8104835,
              34.0548289
            ],
            [
              49.8147184,
              34.0521469
            ],
            [
              49.8189533,
              34.0494648
            ],
            [
              49.8191665,
              34.0493315
            ]
          ]
        ]
      },
      "properties": {
        "id": "ODo2NTI",
        "city": "شهرستان اراک",
        "province": "استان مرکزی",
        "unofficial_name:fa": "پدافند هوایی اراک",
        "city:en": "Arak",
        "province:en": "Markazi",
        "publicId": "ODo2NTI",
        "sourceId": "652",
        "layerId": 8,
        "type": "location",
        "status": "active",
        "urgency": null,
        "verificationTag": null,
        "expirationDate": null,
        "createdAt": "2026-03-11T20:49:08.781Z",
        "updatedAt": "2026-03-11T20:49:08.781Z"
      }
    },
    {
      "type": "Feature",
      "id": 622,
      "geometry": {
        "type": "Polygon",
        "coordinates": [
          [
            [
              56.3273012,
              27.2239568
            ],
            [
              56.3352567,
              27.2237755
            ],
            [
              56.3358468,
              27.2298287
            ],
            [
              56.3345834,
              27.2302866
            ],
            [
              56.3348275,
              27.231398
            ],
            [
              56.3352138,
              27.2323663
            ],
            [
              56.3349885,
              27.2325523
            ],
            [
              56.3346183,
              27.2326572
            ],
            [
              56.3293826,
              27.2324331
            ],
            [
              56.3270652,
              27.2275105
            ],
            [
              56.3273012,
              27.2239568
            ]
          ]
        ]
      },
      "properties": {
        "id": "ODo2MDA",
        "city": "بندر عباس",
        "province": "استان هرمزگان",
        "city:en": "Bandar Abbas",
        "province:en": "Hormozgan",
        "publicId": "ODo2MDA",
        "sourceId": "600",
        "layerId": 8,
        "type": "location",
        "status": "active",
        "urgency": null,
        "verificationTag": null,
        "expirationDate": null,
        "createdAt": "2026-03-11T20:49:08.781Z",
        "updatedAt": "2026-03-11T20:49:08.781Z"
      }
    },
    {
      "type": "Feature",
      "id": 623,
      "geometry": {
        "type": "Polygon",
        "coordinates": [
          [
            [
              59.7725876,
              36.1999364
            ],
            [
              59.7732367,
              36.1993391
            ],
            [
              59.7734996,
              36.1993088
            ],
            [
              59.7734728,
              36.1991226
            ],
            [
              59.7786521,
              36.1945488
            ],
            [
              59.7838315,
              36.1899751
            ],
            [
              59.788115,
              36.1931376
            ],
            [
              59.7928204,
              36.188842
            ],
            [
              59.7975259,
              36.1845463
            ],
            [
              59.8022314,
              36.1802506
            ],
            [
              59.8065337,
              36.183394
            ],
            [
              59.8108359,
              36.1865374
            ],
            [
              59.8060397,
              36.1907922
            ],
            [
              59.8012435,
              36.195047
            ],
            [
              59.7964472,
              36.1993017
            ],
            [
              59.7936805,
              36.1972752
            ],
            [
              59.7905799,
              36.2000014
            ],
            [
              59.7906523,
              36.2000944
            ],
            [
              59.7907087,
              36.2007719
            ],
            [
              59.7905397,
              36.201207
            ],
            [
              59.7898182,
              36.2006832
            ],
            [
              59.7861221,
              36.203961
            ],
            [
              59.782426,
              36.2072389
            ],
            [
              59.7775068,
              36.2035877
            ],
            [
              59.7725876,
              36.1999364
            ]
          ]
        ]
      },
      "properties": {
        "id": "ODo2NTU",
        "city": "شهرستان مشهد",
        "province": "استان خراسان رضوی",
        "city:en": "Mashhad",
        "province:en": "Razavi Khorasan",
        "publicId": "ODo2NTU",
        "sourceId": "655",
        "layerId": 8,
        "type": "location",
        "status": "active",
        "urgency": null,
        "verificationTag": null,
        "expirationDate": null,
        "createdAt": "2026-03-11T20:49:08.782Z",
        "updatedAt": "2026-03-11T20:49:08.782Z"
      }
    },
    {
      "type": "Feature",
      "id": 624,
      "geometry": {
        "type": "Polygon",
        "coordinates": [
          [
            [
              49.2238355,
              30.5462681
            ],
            [
              49.2239964,
              30.5377485
            ],
            [
              49.2241788,
              30.537536
            ],
            [
              49.2244577,
              30.5374158
            ],
            [
              49.2292535,
              30.5374852
            ],
            [
              49.2340493,
              30.5375545
            ],
            [
              49.234221,
              30.5377023
            ],
            [
              49.2342746,
              30.5380072
            ],
            [
              49.2339849,
              30.5445587
            ],
            [
              49.2315817,
              30.5445263
            ],
            [
              49.231571,
              30.5465037
            ],
            [
              49.2238355,
              30.5462681
            ]
          ]
        ]
      },
      "properties": {
        "id": "ODo2MTI",
        "city": "شهرستان بندر ماهشهر",
        "province": "استان خوزستان",
        "city:en": "Bandar Mahshahr",
        "province:en": "Khuzestan",
        "publicId": "ODo2MTI",
        "sourceId": "612",
        "layerId": 8,
        "type": "location",
        "status": "active",
        "urgency": null,
        "verificationTag": null,
        "expirationDate": null,
        "createdAt": "2026-03-11T20:49:08.782Z",
        "updatedAt": "2026-03-11T20:49:08.782Z"
      }
    },
    {
      "type": "Feature",
      "id": 625,
      "geometry": {
        "type": "Polygon",
        "coordinates": [
          [
            [
              49.219509,
              34.3819019
            ],
            [
              49.2196968,
              34.3820834
            ],
            [
              49.2193106,
              34.3830064
            ],
            [
              49.2191309,
              34.3831171
            ],
            [
              49.218927,
              34.3831769
            ],
            [
              49.2186051,
              34.3831636
            ],
            [
              49.2182752,
              34.3830087
            ],
            [
              49.2181143,
              34.3825549
            ],
            [
              49.2182564,
              34.3820989
            ],
            [
              49.2185676,
              34.3819904
            ],
            [
              49.2188331,
              34.3819993
            ],
            [
              49.2190987,
              34.3820989
            ],
            [
              49.2193454,
              34.3818797
            ],
            [
              49.219509,
              34.3819019
            ]
          ]
        ]
      },
      "properties": {
        "id": "ODo2MzM",
        "city": "شهرستان خنداب",
        "province": "استان مرکزی",
        "city:en": "Khondab",
        "province:en": "Markazi",
        "publicId": "ODo2MzM",
        "sourceId": "633",
        "layerId": 8,
        "type": "location",
        "status": "active",
        "urgency": null,
        "verificationTag": null,
        "expirationDate": null,
        "createdAt": "2026-03-11T20:49:08.783Z",
        "updatedAt": "2026-03-11T20:49:08.783Z"
      }
    },
    {
      "type": "Feature",
      "id": 626,
      "geometry": {
        "type": "Polygon",
        "coordinates": [
          [
            [
              49.2510921,
              34.3645764
            ],
            [
              49.2517224,
              34.3647779
            ],
            [
              49.2519048,
              34.3644856
            ],
            [
              49.2512342,
              34.3642421
            ],
            [
              49.2510921,
              34.3645764
            ]
          ]
        ]
      },
      "properties": {
        "id": "ODo2NDU",
        "city": "شهرستان خنداب",
        "province": "استان مرکزی",
        "city:en": "Khondab",
        "province:en": "Markazi",
        "publicId": "ODo2NDU",
        "sourceId": "645",
        "layerId": 8,
        "type": "location",
        "status": "active",
        "urgency": null,
        "verificationTag": null,
        "expirationDate": null,
        "createdAt": "2026-03-11T20:49:08.783Z",
        "updatedAt": "2026-03-11T20:49:08.783Z"
      }
    },
    {
      "type": "Feature",
      "id": 627,
      "geometry": {
        "type": "Polygon",
        "coordinates": [
          [
            [
              51.2413797,
              35.5941117
            ],
            [
              51.2400842,
              35.6015706
            ],
            [
              51.2369943,
              35.6014507
            ],
            [
              51.2336576,
              35.6011432
            ],
            [
              51.2338078,
              35.5985195
            ],
            [
              51.2341994,
              35.5950823
            ],
            [
              51.2345105,
              35.5942622
            ],
            [
              51.2360072,
              35.5941314
            ],
            [
              51.2375361,
              35.5940528
            ],
            [
              51.239301,
              35.594031
            ],
            [
              51.2405938,
              35.5940485
            ],
            [
              51.2413797,
              35.5941117
            ]
          ]
        ]
      },
      "properties": {
        "id": "ODo2Njg",
        "city": "شهرستان اسلامشهر",
        "province": "استان تهران",
        "city:en": "Islamshahr",
        "province:en": "Tehran",
        "publicId": "ODo2Njg",
        "sourceId": "668",
        "layerId": 8,
        "type": "location",
        "status": "active",
        "urgency": null,
        "verificationTag": null,
        "expirationDate": null,
        "createdAt": "2026-03-11T20:49:08.783Z",
        "updatedAt": "2026-03-11T20:49:08.783Z"
      }
    },
    {
      "type": "Feature",
      "id": 628,
      "geometry": {
        "type": "Polygon",
        "coordinates": [
          [
            [
              49.1766554,
              34.4337627
            ],
            [
              49.1767654,
              34.433651
            ],
            [
              49.1783532,
              34.4337793
            ],
            [
              49.1852009,
              34.4331245
            ],
            [
              49.1858017,
              34.4336289
            ],
            [
              49.1862953,
              34.4345669
            ],
            [
              49.18769,
              34.4358544
            ],
            [
              49.187336,
              34.4364517
            ],
            [
              49.1863543,
              34.4368233
            ],
            [
              49.1847718,
              34.4381329
            ],
            [
              49.1830981,
              34.4387125
            ],
            [
              49.1827708,
              34.438739
            ],
            [
              49.1812205,
              34.4398672
            ],
            [
              49.1799492,
              34.4405706
            ],
            [
              49.1789353,
              34.4414245
            ],
            [
              49.1758051,
              34.4405728
            ],
            [
              49.1763335,
              34.4366463
            ],
            [
              49.1767573,
              34.4354075
            ],
            [
              49.1766554,
              34.4337627
            ]
          ]
        ]
      },
      "properties": {
        "id": "ODo2MjY",
        "city": "شهرستان خنداب",
        "province": "استان مرکزی",
        "unofficial_name:fa": "گروه پدافند هوایی شهید جهان تاش خنداب",
        "city:en": "Khondab",
        "province:en": "Markazi",
        "publicId": "ODo2MjY",
        "sourceId": "626",
        "layerId": 8,
        "type": "location",
        "status": "active",
        "urgency": null,
        "verificationTag": null,
        "expirationDate": null,
        "createdAt": "2026-03-11T20:49:08.784Z",
        "updatedAt": "2026-03-11T20:49:08.784Z"
      }
    },
    {
      "type": "Feature",
      "id": 90733,
      "geometry": {
        "type": "Point",
        "coordinates": [
          51.38822173606923,
          35.742735549968984
        ]
      },
      "properties": {
        "city": "تهران",
        "date": 1772866333,
        "name:fa": "پدافند",
        "province": "استان تهران",
        "name:en": "Air Defense",
        "city:en": "Tehran",
        "province:en": "Tehran",
        "id": "ODo4ZTE2MThkODVkZWI",
        "publicId": "ODo4ZTE2MThkODVkZWI",
        "sourceId": "8e1618d85deb",
        "layerId": 8,
        "type": "location",
        "status": "active",
        "urgency": null,
        "verificationTag": null,
        "expirationDate": null,
        "createdAt": "2026-03-20T01:19:34.280Z",
        "updatedAt": "2026-03-20T01:19:34.280Z"
      }
    },
    {
      "type": "Feature",
      "id": 90734,
      "geometry": {
        "type": "Point",
        "coordinates": [
          57.13870023085252,
          26.60458662637349
        ]
      },
      "properties": {
        "city": "شهرستان سیریک",
        "date": 1772752902,
        "name:fa": "پدافند",
        "province": "استان هرمزگان",
        "name:en": "Air Defense",
        "city:en": "Sirik County",
        "province:en": "Hormozgan",
        "id": "ODpkNTRlYWVkZDY4MTQ",
        "publicId": "ODpkNTRlYWVkZDY4MTQ",
        "sourceId": "d54eaedd6814",
        "layerId": 8,
        "type": "location",
        "status": "active",
        "urgency": null,
        "verificationTag": null,
        "expirationDate": null,
        "createdAt": "2026-03-20T01:19:34.280Z",
        "updatedAt": "2026-03-20T01:19:34.280Z"
      }
    },
    {
      "type": "Feature",
      "id": 90735,
      "geometry": {
        "type": "Point",
        "coordinates": [
          51.43287009528956,
          35.744440048602115
        ]
      },
      "properties": {
        "city": "تهران",
        "date": 1772474721,
        "name:fa": "پدافند",
        "province": "استان تهران",
        "name:en": "Air Defense",
        "city:en": "Tehran",
        "province:en": "Tehran",
        "id": "ODo3NzE4ODdjMGI4MWM",
        "publicId": "ODo3NzE4ODdjMGI4MWM",
        "sourceId": "771887c0b81c",
        "layerId": 8,
        "type": "location",
        "status": "active",
        "urgency": null,
        "verificationTag": null,
        "expirationDate": null,
        "createdAt": "2026-03-20T01:19:34.280Z",
        "updatedAt": "2026-03-20T01:19:34.280Z"
      }
    },
    {
      "type": "Feature",
      "id": 90736,
      "geometry": {
        "type": "Point",
        "coordinates": [
          51.38501876416581,
          35.6731539965411
        ]
      },
      "properties": {
        "city": "تهران",
        "date": 1771715030,
        "name:fa": "ضدهوایی",
        "province": "استان تهران",
        "name:en": "Anti-Aircraft",
        "city:en": "Tehran",
        "province:en": "Tehran",
        "id": "ODo3Yzk0MTZlMmM5Nzc",
        "publicId": "ODo3Yzk0MTZlMmM5Nzc",
        "sourceId": "7c9416e2c977",
        "layerId": 8,
        "type": "location",
        "status": "active",
        "urgency": null,
        "verificationTag": null,
        "expirationDate": null,
        "createdAt": "2026-03-20T01:19:34.280Z",
        "updatedAt": "2026-03-20T01:19:34.280Z"
      }
    },
    {
      "type": "Feature",
      "id": 90737,
      "geometry": {
        "type": "Point",
        "coordinates": [
          49.72415150572601,
          33.37493997013149
        ]
      },
      "properties": {
        "city": "شهرستان الیگودرز",
        "date": 1771688064,
        "name:fa": "پدافند",
        "province": "استان لرستان",
        "name:en": "Air Defense",
        "city:en": "Aligudarz County",
        "province:en": "Lorestan",
        "id": "ODpmZjJkZWJiZDExMzA",
        "publicId": "ODpmZjJkZWJiZDExMzA",
        "sourceId": "ff2debbd1130",
        "layerId": 8,
        "type": "location",
        "status": "active",
        "urgency": null,
        "verificationTag": null,
        "expirationDate": null,
        "createdAt": "2026-03-20T01:19:34.280Z",
        "updatedAt": "2026-03-20T01:19:34.280Z"
      }
    },
    {
      "type": "Feature",
      "id": 90738,
      "geometry": {
        "type": "Point",
        "coordinates": [
          48.832948688867276,
          38.40862366425216
        ]
      },
      "properties": {
        "city": "شهرستان آستارا",
        "date": 1771530363,
        "name:fa": "پدافند",
        "province": "استان گیلان",
        "name:en": "Air Defense",
        "city:en": "Astara County",
        "province:en": "Gilan",
        "id": "ODowYjVmMTBlYzE5YzQ",
        "publicId": "ODowYjVmMTBlYzE5YzQ",
        "sourceId": "0b5f10ec19c4",
        "layerId": 8,
        "type": "location",
        "status": "active",
        "urgency": null,
        "verificationTag": null,
        "expirationDate": null,
        "createdAt": "2026-03-20T01:19:34.280Z",
        "updatedAt": "2026-03-20T01:19:34.280Z"
      }
    },
    {
      "type": "Feature",
      "id": 92201,
      "geometry": {
        "type": "Point",
        "coordinates": [
          51.83705003362678,
          31.999650207314744
        ]
      },
      "properties": {
        "name:fa": "پادگان سپاه ثارالله / پدافند",
        "unofficial_name:fa": "",
        "description": "",
        "date": "",
        "city": "شهرضا",
        "province": "استان اصفهان",
        "name:en": "Sarallah IRGC Barracks / Air Defense",
        "city:en": "Shahreza",
        "province:en": "Isfahan",
        "id": "ODpjYjM0ZDZkMmNmNTk",
        "publicId": "ODpjYjM0ZDZkMmNmNTk",
        "sourceId": "cb34d6d2cf59",
        "layerId": 8,
        "type": "location",
        "status": "active",
        "urgency": null,
        "verificationTag": "verified",
        "expirationDate": null,
        "createdAt": "2026-03-27T15:06:44.381Z",
        "updatedAt": "2026-03-31T07:10:45.759Z"
      }
    },
    {
      "type": "Feature",
      "id": 92204,
      "geometry": {
        "type": "Point",
        "coordinates": [
          51.403170315199645,
          35.700847069860814
        ]
      },
      "properties": {
        "name:fa": "ضدهوایی",
        "city": "تهران",
        "province": "استان تهران",
        "date": "",
        "description": "روی بام این ساختمون پدافند هوایی وجود داره",
        "name:en": "Anti-Aircraft Site",
        "description:en": "There is an air defense system on the roof of this building.",
        "city:en": "Tehran",
        "province:en": "Tehran",
        "id": "ODpiNDk0YjA4ZDVlOWY",
        "publicId": "ODpiNDk0YjA4ZDVlOWY",
        "sourceId": "b494b08d5e9f",
        "layerId": 8,
        "type": "location",
        "status": "active",
        "urgency": null,
        "verificationTag": "verified",
        "expirationDate": null,
        "createdAt": "2026-03-27T15:19:16.686Z",
        "updatedAt": "2026-03-31T07:10:46.193Z"
      }
    },
    {
      "type": "Feature",
      "id": 92205,
      "geometry": {
        "type": "Point",
        "coordinates": [
          46.848066889359615,
          34.52697184730923
        ]
      },
      "properties": {
        "name:fa": "پدافند ویس",
        "city": "شهرستان کرمانشاه",
        "province": "استان کرمانشاه",
        "date": "",
        "description": "",
        "name:en": "Veys Air Defense",
        "city:en": "Kermanshah County",
        "province:en": "Kermanshah",
        "id": "ODphZDY4YmM1NDFiMGE",
        "publicId": "ODphZDY4YmM1NDFiMGE",
        "sourceId": "ad68bc541b0a",
        "layerId": 8,
        "type": "location",
        "status": "active",
        "urgency": null,
        "verificationTag": "verified",
        "expirationDate": null,
        "createdAt": "2026-03-27T15:22:55.233Z",
        "updatedAt": "2026-03-31T07:10:46.270Z"
      }
    },
    {
      "type": "Feature",
      "id": 92206,
      "geometry": {
        "type": "Point",
        "coordinates": [
          46.73123396756904,
          34.48358014112188
        ]
      },
      "properties": {
        "name:fa": "پدافند کوزران",
        "unofficial_name:fa": "",
        "description": "",
        "date": "",
        "city": "شهرستان کرمانشاه",
        "province": "استان کرمانشاه",
        "name:en": "Kuzaran Air Defense",
        "city:en": "Kermanshah County",
        "province:en": "Kermanshah",
        "id": "ODplMTI0YjVmOTE1YWY",
        "publicId": "ODplMTI0YjVmOTE1YWY",
        "sourceId": "e124b5f915af",
        "layerId": 8,
        "type": "location",
        "status": "active",
        "urgency": null,
        "verificationTag": "verified",
        "expirationDate": null,
        "createdAt": "2026-03-27T15:23:22.897Z",
        "updatedAt": "2026-03-31T07:10:46.371Z"
      }
    },
    {
      "type": "Feature",
      "id": 92528,
      "geometry": {
        "type": "Point",
        "coordinates": [
          51.37820567935705,
          35.69540554502842
        ]
      },
      "properties": {
        "name:fa": "سایت پدافند هوایی",
        "description": "Air defense sit activation",
        "date": 1773784243,
        "city": "تهران",
        "province": "استان تهران",
        "name:en": "Air Defense Site",
        "description:en": "Air defense site activation",
        "city:en": "Tehran",
        "province:en": "Tehran",
        "id": "ODplODRkZDJjZmYxMmI",
        "publicId": "ODplODRkZDJjZmYxMmI",
        "sourceId": "e84dd2cff12b",
        "layerId": 8,
        "type": "location",
        "status": "active",
        "urgency": null,
        "verificationTag": "not-verified",
        "expirationDate": null,
        "createdAt": "2026-03-17T21:50:43.101Z",
        "updatedAt": "2026-03-31T03:39:48.889Z"
      }
    },
    {
      "type": "Feature",
      "id": 92529,
      "geometry": {
        "type": "Point",
        "coordinates": [
          51.52375361527218,
          35.76394658493518
        ]
      },
      "properties": {
        "name:fa": "پدافند سپاه",
        "description": "پدافند سپاه",
        "date": 1771682489,
        "city": "تهران",
        "province": "استان تهران",
        "name:en": "IRGC Air Defense",
        "description:en": "IRGC Air Defense",
        "city:en": "Tehran",
        "province:en": "Tehran",
        "id": "ODpiOWJjYjk5MTg4Y2Q",
        "publicId": "ODpiOWJjYjk5MTg4Y2Q",
        "sourceId": "b9bcb99188cd",
        "layerId": 8,
        "type": "location",
        "status": "active",
        "urgency": null,
        "verificationTag": "not-verified",
        "expirationDate": null,
        "createdAt": "2026-02-21T14:01:29.680Z",
        "updatedAt": "2026-03-31T03:39:48.948Z"
      }
    },
    {
      "type": "Feature",
      "id": 92789,
      "geometry": {
        "type": "Point",
        "coordinates": [
          49.200820138545225,
          36.20284490029849
        ]
      },
      "properties": {
        "name:fa": "پدافند هوایی",
        "unofficial_name:fa": "",
        "description": "پدافند هوایی",
        "date": 1774923763,
        "city": "خرمدره",
        "province": "استان زنجان",
        "name:en": "Air Defense",
        "description:en": "Air defense.",
        "city:en": "Khorramdarreh",
        "province:en": "Zanjan",
        "id": "ODo5ZmYxZDEzNzdkMTc",
        "publicId": "ODo5ZmYxZDEzNzdkMTc",
        "sourceId": "9ff1d1377d17",
        "layerId": 8,
        "type": "location",
        "status": "active",
        "urgency": null,
        "verificationTag": "not-verified",
        "expirationDate": null,
        "createdAt": "2026-04-02T07:14:50.604Z",
        "updatedAt": "2026-04-02T07:14:50.604Z"
      }
    },
    {
      "type": "Feature",
      "id": 92856,
      "geometry": {
        "type": "Point",
        "coordinates": [
          49.20082655282499,
          36.20284464899369
        ]
      },
      "properties": {
        "name:fa": "پدافند هوایی",
        "city": "خرمدره",
        "province": "استان زنجان",
        "date": "",
        "description": "",
        "sources": "",
        "name:en": "Air Defense",
        "city:en": "Khorramdarreh",
        "province:en": "Zanjan",
        "id": "ODo5ZGFmMzhjNGUzMTk",
        "publicId": "ODo5ZGFmMzhjNGUzMTk",
        "sourceId": "9daf38c4e319",
        "layerId": 8,
        "type": "location",
        "status": "active",
        "urgency": null,
        "verificationTag": "verified",
        "expirationDate": null,
        "createdAt": "2026-04-02T18:57:27.154Z",
        "updatedAt": "2026-04-02T18:57:27.154Z"
      }
    },
    {
      "type": "Feature",
      "id": 92995,
      "geometry": {
        "type": "Point",
        "coordinates": [
          51.40613963253881,
          35.73990635502186
        ]
      },
      "properties": {
        "name:fa": "ساختمان پدافند غیر عامل",
        "unofficial_name:fa": "",
        "description": "این ساختمان پدافند غیر عامل ولی در پوشش خانه مسکونی است",
        "date": 1775706209,
        "city": "تهران",
        "province": "استان تهران",
        "name:en": "Passive Defense Building",
        "description:en": "This building is used for passive defense, disguised as a residential house.",
        "city:en": "Tehran",
        "province:en": "Tehran",
        "id": "ODplNjhjMTg5N2Q1Yjg",
        "publicId": "ODplNjhjMTg5N2Q1Yjg",
        "sourceId": "e68c1897d5b8",
        "layerId": 8,
        "type": "location",
        "status": "active",
        "urgency": null,
        "verificationTag": "not-verified",
        "expirationDate": null,
        "createdAt": "2026-04-09T17:50:49.583Z",
        "updatedAt": "2026-04-09T17:50:49.583Z"
      }
    },
    {
      "type": "Feature",
      "id": 93003,
      "geometry": {
        "type": "Point",
        "coordinates": [
          49.19885853473755,
          36.1999830091476
        ]
      },
      "properties": {
        "name:fa": "پدافند هوایی",
        "unofficial_name:fa": "",
        "description": "در تاگی یک پدافند هوایی گذاشتن که شبانه ساعت سه آوردن و برقرار کردن.",
        "date": 1775706960,
        "city": "خرمدره",
        "province": "استان زنجان",
        "name:en": "Air Defense",
        "description:en": "An air defense system was placed in Tagi, brought and deployed at 3:00 AM overnight.",
        "city:en": "Khorramdarreh",
        "province:en": "Zanjan",
        "id": "ODo3ZWI1MzUwOWFhOTk",
        "publicId": "ODo3ZWI1MzUwOWFhOTk",
        "sourceId": "7eb53509aa99",
        "layerId": 8,
        "type": "location",
        "status": "active",
        "urgency": null,
        "verificationTag": "not-verified",
        "expirationDate": null,
        "createdAt": "2026-04-09T18:25:14.073Z",
        "updatedAt": "2026-04-09T18:25:14.073Z"
      }
    },
    {
      "type": "Feature",
      "id": 93163,
      "geometry": {
        "type": "Point",
        "coordinates": [
          48.49265954233263,
          36.7255922687295
        ]
      },
      "properties": {
        "name:fa": "پدافند هوایی",
        "description": "پدافند هوایی اینجا گذاشتن",
        "date": 1777808792,
        "city": "شهرستان زنجان",
        "province": "استان زنجان",
        "name:en": "Air Defense",
        "description:en": "Air defense has been stationed here",
        "city:en": "Zanjan County",
        "province:en": "Zanjan",
        "id": "ODoyYTc4YjkyMjUzMzA",
        "publicId": "ODoyYTc4YjkyMjUzMzA",
        "sourceId": "2a78b9225330",
        "layerId": 8,
        "type": "event",
        "status": "active",
        "urgency": null,
        "verificationTag": "not-verified",
        "expirationDate": null,
        "createdAt": "2026-05-04T22:39:13.597Z",
        "updatedAt": "2026-05-04T22:39:13.597Z"
      }
    },
    {
      "type": "Feature",
      "id": 93235,
      "geometry": {
        "type": "Point",
        "coordinates": [
          49.77614463558575,
          34.09769006940647
        ]
      },
      "properties": {
        "name:fa": "ساختمان پدافند",
        "description": "ساختمان پوششی پدافند غیر عامل",
        "date": 1778115061,
        "city": "شهرستان اراک",
        "province": "استان مرکزی",
        "name:en": "Air Defense Building",
        "description:en": "Cover building for passive defense",
        "city:en": "Arak",
        "province:en": "Markazi",
        "id": "ODowNjNlY2M3NzgxMDk",
        "publicId": "ODowNjNlY2M3NzgxMDk",
        "sourceId": "063ecc778109",
        "layerId": 8,
        "type": "event",
        "status": "active",
        "urgency": null,
        "verificationTag": "not-verified",
        "expirationDate": null,
        "createdAt": "2026-05-07T20:10:44.635Z",
        "updatedAt": "2026-05-07T20:10:44.635Z"
      }
    },
    {
      "type": "Feature",
      "id": 93261,
      "geometry": {
        "type": "Point",
        "coordinates": [
          55.420278542318954,
          27.496520297406747
        ]
      },
      "properties": {
        "name:fa": "پدافند هوایی ارتش",
        "description": "پدافند هوایی ارتش",
        "date": 1778589619,
        "city": "شهرستان خمیر",
        "province": "استان هرمزگان",
        "name:en": "Army Air Defense",
        "description:en": "Army Air Defense",
        "city:en": "Khamir County",
        "province:en": "Hormozgan",
        "id": "ODo1YmNjMTA4ZTE2MzI",
        "publicId": "ODo1YmNjMTA4ZTE2MzI",
        "sourceId": "5bcc108e1632",
        "layerId": 8,
        "type": "event",
        "status": "active",
        "urgency": null,
        "verificationTag": "not-verified",
        "expirationDate": null,
        "createdAt": "2026-05-18T16:58:09.107Z",
        "updatedAt": "2026-05-18T16:58:09.107Z"
      }
    },
    {
      "type": "Feature",
      "id": 93367,
      "geometry": {
        "type": "Point",
        "coordinates": [
          50.53628006950021,
          35.28556203800372
        ]
      },
      "properties": {
        "name:fa": "",
        "unofficial_name:fa": "",
        "description": "",
        "date": "",
        "city": "شهرستان زرندیه",
        "province": "استان مرکزی",
        "city:en": "Zarandieh County",
        "province:en": "Markazi",
        "id": "ODo5YzM3NGU3NmVmOGQ",
        "publicId": "ODo5YzM3NGU3NmVmOGQ",
        "sourceId": "9c374e76ef8d",
        "layerId": 8,
        "type": "location",
        "status": "active",
        "urgency": null,
        "verificationTag": "verified",
        "expirationDate": null,
        "createdAt": "2026-06-05T14:54:18.535Z",
        "updatedAt": "2026-06-05T14:54:18.535Z"
      }
    },
    {
      "type": "Feature",
      "id": 93436,
      "geometry": {
        "type": "Point",
        "coordinates": [
          51.392436660826206,
          35.682832437489594
        ]
      },
      "properties": {
        "name:fa": "",
        "unofficial_name:fa": "",
        "description": "",
        "date": "",
        "city": "تهران",
        "province": "استان تهران",
        "city:en": "Tehran",
        "province:en": "Tehran",
        "id": "ODoyMWNhNTA0NTQ1NmU",
        "publicId": "ODoyMWNhNTA0NTQ1NmU",
        "sourceId": "21ca5045456e",
        "layerId": 8,
        "type": "location",
        "status": "active",
        "urgency": null,
        "verificationTag": "verified",
        "expirationDate": null,
        "createdAt": "2026-07-01T23:35:51.067Z",
        "updatedAt": "2026-07-01T23:35:51.067Z"
      }
    },
    {
      "type": "Feature",
      "id": 93494,
      "geometry": {
        "type": "Point",
        "coordinates": [
          50.399447,
          35.147023
        ]
      },
      "properties": {
        "name:fa": "پدافند هوایی",
        "description": "پدافند هوایی",
        "date": 1784069667,
        "city": "شهر صنعتی کاوه",
        "province": "استان مرکزی",
        "name:en": "Air Defense",
        "description:en": "Air defense",
        "city:en": "Kaveh Industrial City",
        "province:en": "Markazi",
        "id": "ODo4ZGQ2MDU4MWI0MmY",
        "publicId": "ODo4ZGQ2MDU4MWI0MmY",
        "sourceId": "8dd60581b42f",
        "layerId": 8,
        "type": "location",
        "status": "active",
        "urgency": null,
        "verificationTag": "not-verified",
        "expirationDate": null,
        "createdAt": "2026-07-15T01:53:41.845Z",
        "updatedAt": "2026-07-15T01:53:41.845Z"
      }
    },
    {
      "type": "Feature",
      "id": 93527,
      "geometry": {
        "type": "Point",
        "coordinates": [
          47.69495715704869,
          37.46013088970551
        ]
      },
      "properties": {
        "name:fa": "پدافند هوایی",
        "description": "در این محل پدافند هوایی وجود داره قبلا از کنار جاده رد شدنی کاملا واضح مشخص توی نمایش گذاشته بودن ولی الان قایمش کردم دیده نمیشه کجاست",
        "date": 1783818434,
        "city": "شهرستان میانه",
        "province": "استان آذربایجان شرقی",
        "name:en": "Air Defense",
        "description:en": "There is an air defense site at this location. Previously, when passing by the road, it was clearly visible and on display, but now they have hidden it so its location is not visible.",
        "city:en": "Mianeh",
        "province:en": "East Azerbaijan",
        "id": "ODpjNTQ3MmFmOTM3OGI",
        "publicId": "ODpjNTQ3MmFmOTM3OGI",
        "sourceId": "c5472af9378b",
        "layerId": 8,
        "type": "event",
        "status": "active",
        "urgency": null,
        "verificationTag": "not-verified",
        "expirationDate": null,
        "createdAt": "2026-07-15T01:53:44.522Z",
        "updatedAt": "2026-07-15T01:53:44.522Z"
      }
    },
    {
      "type": "Feature",
      "id": 93536,
      "geometry": {
        "type": "Point",
        "coordinates": [
          60.600463339806,
          35.23075106645953
        ]
      },
      "properties": {
        "name:fa": "پدافند هوایی",
        "description": "پدافند هوایی",
        "date": 1783726314,
        "city": "شهرستان تربت جام",
        "province": "استان خراسان رضوی",
        "name:en": "Air Defense",
        "description:en": "Air Defense",
        "city:en": "Torbat-e Jam",
        "province:en": "Razavi Khorasan",
        "id": "ODpkNzllNTEyMzlhMTI",
        "publicId": "ODpkNzllNTEyMzlhMTI",
        "sourceId": "d79e51239a12",
        "layerId": 8,
        "type": "event",
        "status": "active",
        "urgency": null,
        "verificationTag": "not-verified",
        "expirationDate": null,
        "createdAt": "2026-07-15T01:53:45.174Z",
        "updatedAt": "2026-07-15T01:53:45.174Z"
      }
    },
    {
      "type": "Feature",
      "id": 93538,
      "geometry": {
        "type": "Point",
        "coordinates": [
          47.695051614079404,
          37.46021224767003
        ]
      },
      "properties": {
        "name:fa": "پدافند هوایی میانه",
        "description": "محل پدافند هوایی شهر میانه اینجا هستش و دقیق نمیدونم کجا گذاشتن ولی همین دور بر مختصاتی که انتخاب کردم هستش",
        "date": 1783674613,
        "city": "شهرستان میانه",
        "province": "استان آذربایجان شرقی",
        "name:en": "Mianeh Air Defense",
        "description:en": "This is the location of the air defense unit for the city of Mianeh. I don't know the exact spot where it's placed, but it is around the coordinates I selected.",
        "city:en": "Mianeh",
        "province:en": "East Azerbaijan",
        "id": "ODo5ZWYzY2Y3Mjc0YjY",
        "publicId": "ODo5ZWYzY2Y3Mjc0YjY",
        "sourceId": "9ef3cf7274b6",
        "layerId": 8,
        "type": "event",
        "status": "active",
        "urgency": null,
        "verificationTag": "not-verified",
        "expirationDate": null,
        "createdAt": "2026-07-15T01:53:45.308Z",
        "updatedAt": "2026-07-15T01:53:45.308Z"
      }
    },
    {
      "type": "Feature",
      "id": 93640,
      "geometry": {
        "type": "Point",
        "coordinates": [
          59.6233022923461,
          36.25396978377488
        ]
      },
      "properties": {
        "name:fa": "پدافند هوایی شمال شرق",
        "description": "24 اسفند 1404 ترابری پدافند هوایی شمال شرق",
        "date": 1783026718,
        "city": "مشهد",
        "province": "استان خراسان رضوی",
        "name:en": "Northeast Air Defense",
        "description:en": "March 14, 2026, Northeast Air Defense transport",
        "city:en": "Mashhad",
        "province:en": "Razavi Khorasan",
        "id": "ODo4ZDJkYjZiNTRiMTY",
        "publicId": "ODo4ZDJkYjZiNTRiMTY",
        "sourceId": "8d2db6b54b16",
        "layerId": 8,
        "type": "event",
        "status": "active",
        "urgency": null,
        "verificationTag": "not-verified",
        "expirationDate": null,
        "createdAt": "2026-07-15T01:53:52.800Z",
        "updatedAt": "2026-07-15T01:53:52.800Z"
      }
    },
    {
      "type": "Feature",
      "id": 93642,
      "geometry": {
        "type": "Point",
        "coordinates": [
          59.620570810190486,
          36.255029683380414
        ]
      },
      "properties": {
        "name:fa": "ستاد پدافند هوایی مشهد",
        "description": "ستاد گروه پدافند هوایی مشهد",
        "date": 1783026466,
        "city": "مشهد",
        "province": "استان خراسان رضوی",
        "name:en": "Mashhad Air Defense Headquarters",
        "description:en": "Headquarters of Mashhad Air Defense Group",
        "city:en": "Mashhad",
        "province:en": "Razavi Khorasan",
        "id": "ODo1OGRiNzFjZjk2NjI",
        "publicId": "ODo1OGRiNzFjZjk2NjI",
        "sourceId": "58db71cf9662",
        "layerId": 8,
        "type": "event",
        "status": "active",
        "urgency": null,
        "verificationTag": "not-verified",
        "expirationDate": null,
        "createdAt": "2026-07-15T01:53:52.938Z",
        "updatedAt": "2026-07-15T01:53:52.938Z"
      }
    },
    {
      "type": "Feature",
      "id": 93643,
      "geometry": {
        "type": "Point",
        "coordinates": [
          59.63031232349118,
          36.25489060633336
        ]
      },
      "properties": {
        "name:fa": "پدافند هوایی مشهد",
        "description": "گردان مختلط گروه پدافند هوایی مشهد",
        "date": 1783026198,
        "city": "مشهد",
        "province": "استان خراسان رضوی",
        "name:en": "Mashhad Air Defense",
        "description:en": "Mixed battalion of Mashhad Air Defense Group",
        "city:en": "Mashhad",
        "province:en": "Razavi Khorasan",
        "id": "ODphM2I2NWZhYzUyODA",
        "publicId": "ODphM2I2NWZhYzUyODA",
        "sourceId": "a3b65fac5280",
        "layerId": 8,
        "type": "event",
        "status": "active",
        "urgency": null,
        "verificationTag": "not-verified",
        "expirationDate": null,
        "createdAt": "2026-07-15T01:53:53.005Z",
        "updatedAt": "2026-07-15T01:53:53.005Z"
      }
    },
    {
      "type": "Feature",
      "id": 93842,
      "geometry": {
        "type": "Point",
        "coordinates": [
          51.40010634821792,
          35.615730295974444
        ]
      },
      "properties": {
        "name:fa": "محل پدافند هوایی",
        "description": "هروقت جنگ میشه سپر انسانی مردم رو قرار میدن و ماشین های نظامی خودشون رو در پارک قرار میدهند و در این منطقه پدافند هم کار گذاری شده",
        "date": 1784424387,
        "city": "تهران",
        "province": "استان تهران",
        "name:en": "Air Defense Site",
        "description:en": "Whenever a war occurs, they use civilians as human shields, park their military vehicles in the park, and air defense systems have also been installed in this area.",
        "city:en": "Tehran",
        "province:en": "Tehran",
        "id": "ODo0Mzc4M2MwMTUxM2Y",
        "publicId": "ODo0Mzc4M2MwMTUxM2Y",
        "sourceId": "43783c01513f",
        "layerId": 8,
        "type": "event",
        "status": "active",
        "urgency": null,
        "verificationTag": "not-verified",
        "expirationDate": null,
        "createdAt": "2026-07-20T03:20:58.444Z",
        "updatedAt": "2026-07-20T03:20:58.444Z"
      }
    },
    {
      "type": "Feature",
      "id": 94246,
      "geometry": {
        "type": "Polygon",
        "coordinates": [
          [
            [
              56.25153355569864,
              26.95736310950943
            ],
            [
              56.25120144170117,
              26.957129875199357
            ],
            [
              56.25094313081493,
              26.95651389508221
            ],
            [
              56.250718366779296,
              26.955787273439626
            ],
            [
              56.25026676034361,
              26.9550220583763
            ],
            [
              56.250739771187625,
              26.954732004479155
            ],
            [
              56.25039759312995,
              26.954325329716895
            ],
            [
              56.24944819166055,
              26.952979906261547
            ],
            [
              56.24828196842128,
              26.953764867334897
            ],
            [
              56.24805586391585,
              26.95450739304657
            ],
            [
              56.2475798544302,
              26.954730149805584
            ],
            [
              56.2475798544302,
              26.955334773075847
            ],
            [
              56.246937241626256,
              26.956777369875212
            ],
            [
              56.24681823927119,
              26.957574843825896
            ],
            [
              56.24753225349963,
              26.958815877799907
            ],
            [
              56.2482343675068,
              26.959834151879335
            ],
            [
              56.250053388797454,
              26.96004399511365
            ],
            [
              56.2511097494112,
              26.958530058144888
            ],
            [
              56.2511097494112,
              26.958530058144888
            ],
            [
              56.25153355569864,
              26.95736310950943
            ]
          ]
        ]
      },
      "properties": {
        "name:fa": "پدافند قشم",
        "unofficial_name:fa": "",
        "description": "پدافند مجموعه شهید رودکی",
        "date": "",
        "city": "شهرستان قشم",
        "province": "استان هرمزگان",
        "name:en": "Qeshm Air Defense",
        "description:en": "Air defense of the Shahid Roodaki Complex",
        "city:en": "Qeshm County",
        "province:en": "Hormozgan",
        "id": "ODozYmJlMzgzMjhlZmY",
        "publicId": "ODozYmJlMzgzMjhlZmY",
        "sourceId": "3bbe38328eff",
        "layerId": 8,
        "type": "location",
        "status": "active",
        "urgency": null,
        "verificationTag": "verified",
        "expirationDate": null,
        "createdAt": "2026-07-31T18:49:40.905Z",
        "updatedAt": "2026-07-31T18:49:40.905Z"
      }
    },
    {
      "type": "Feature",
      "id": 94344,
      "geometry": {
        "type": "Polygon",
        "coordinates": [
          [
            [
              45.41876428703091,
              38.70247397067422
            ],
            [
              45.4188608465486,
              38.70237768318253
            ],
            [
              45.418965452689946,
              38.702333725806795
            ],
            [
              45.41893058397673,
              38.70227302271934
            ],
            [
              45.41912906742786,
              38.702155802818254
            ],
            [
              45.41897349931719,
              38.701910896332976
            ],
            [
              45.418909126306545,
              38.701732972292405
            ],
            [
              45.41843973976822,
              38.70194020142662
            ],
            [
              45.4185890497356,
              38.70218626970657
            ],
            [
              45.4185890497356,
              38.70218626970657
            ],
            [
              45.41876428703091,
              38.70247397067422
            ]
          ]
        ]
      },
      "properties": {
        "name:fa": "",
        "unofficial_name:fa": "",
        "description": "",
        "date": "",
        "city": "شهرستان مرند",
        "province": "استان آذربایجان شرقی",
        "Source": "https://x.com/mhmiranusa/status/2084622972023914567",
        "city:en": "Marand",
        "province:en": "East Azerbaijan",
        "id": "ODpmNTUyYWFhYjVmMDY",
        "publicId": "ODpmNTUyYWFhYjVmMDY",
        "sourceId": "f552aaab5f06",
        "layerId": 8,
        "type": "location",
        "status": "active",
        "urgency": null,
        "verificationTag": "verified",
        "expirationDate": null,
        "createdAt": "2026-08-04T15:32:51.798Z",
        "updatedAt": "2026-08-04T15:32:51.798Z"
      }
    },
    {
      "type": "Feature",
      "id": 94357,
      "geometry": {
        "type": "Polygon",
        "coordinates": [
          [
            [
              50.318723381666985,
              29.208121900994385
            ],
            [
              50.31989614775196,
              29.208285685230564
            ],
            [
              50.320016030507276,
              29.20755547849383
            ],
            [
              50.318897993505914,
              29.207257479856935
            ],
            [
              50.318897993505914,
              29.207257479856935
            ],
            [
              50.318723381666985,
              29.208121900994385
            ]
          ]
        ]
      },
      "properties": {
        "name:fa": "",
        "unofficial_name:fa": "",
        "description": "",
        "date": "",
        "city": "",
        "province": "",
        "id": "ODozNDM3NGZiNzZiYTI",
        "publicId": "ODozNDM3NGZiNzZiYTI",
        "sourceId": "34374fb76ba2",
        "layerId": 8,
        "type": "location",
        "status": "active",
        "urgency": null,
        "verificationTag": "verified",
        "expirationDate": null,
        "createdAt": "2026-08-05T21:33:40.013Z",
        "updatedAt": "2026-08-05T21:33:40.013Z"
      }
    },
    {
      "type": "Feature",
      "id": 94376,
      "geometry": {
        "type": "Polygon",
        "coordinates": [
          [
            [
              51.44970808851599,
              35.62889737313468
            ],
            [
              51.451223946848614,
              35.62855238429009
            ],
            [
              51.452669065125576,
              35.62802668414059
            ],
            [
              51.45370995451424,
              35.627435267340644
            ],
            [
              51.453699848792866,
              35.62702455865596
            ],
            [
              51.452355787736764,
              35.62699991606739
            ],
            [
              51.45059910827911,
              35.62689050850804
            ],
            [
              51.450316426528815,
              35.62702315998
            ],
            [
              51.45019402824599,
              35.6271676550825
            ],
            [
              51.44989094677416,
              35.62769115155257
            ],
            [
              51.44989968950867,
              35.62815068861022
            ],
            [
              51.45007162995455,
              35.62828333799072
            ],
            [
              51.449835390331515,
              35.6287394933523
            ],
            [
              51.449835390331515,
              35.6287394933523
            ],
            [
              51.44970808851599,
              35.62889737313468
            ]
          ]
        ]
      },
      "properties": {
        "name:fa": "پادگان پدافند هوایی",
        "unofficial_name:fa": "",
        "description": "",
        "date": "",
        "city": "ری",
        "province": "استان تهران",
        "name:en": "Air Defense Barracks",
        "city:en": "Rey",
        "province:en": "Tehran",
        "id": "ODo0MThhNTNmZTk3ZDA",
        "publicId": "ODo0MThhNTNmZTk3ZDA",
        "sourceId": "418a53fe97d0",
        "layerId": 8,
        "type": "location",
        "status": "active",
        "urgency": null,
        "verificationTag": "verified",
        "expirationDate": null,
        "createdAt": "2026-08-09T15:58:50.175Z",
        "updatedAt": "2026-08-09T15:59:15.490Z"
      }
    },
    {
      "type": "Feature",
      "id": 94452,
      "geometry": {
        "type": "Polygon",
        "coordinates": [
          [
            [
              55.03804835900121,
              25.86385614593499
            ],
            [
              55.03815002905384,
              25.863947631982967
            ],
            [
              55.03861072148163,
              25.86401052859999
            ],
            [
              55.03893161758708,
              25.864096296660705
            ],
            [
              55.03943996785202,
              25.863607417882534
            ],
            [
              55.039611536066815,
              25.862935563630828
            ],
            [
              55.039633776399256,
              25.862653799022283
            ],
            [
              55.039160375214436,
              25.862505132530075
            ],
            [
              55.0385580405063,
              25.86323776068548
            ],
            [
              55.0385580405063,
              25.86323776068548
            ],
            [
              55.03804835900121,
              25.86385614593499
            ]
          ]
        ]
      },
      "properties": {
        "name:fa": "پدافند ابوموسی",
        "unofficial_name:fa": "",
        "description": "",
        "date": "",
        "city": "",
        "province": "",
        "operator": "",
        "name:en": "Abu Musa Air Defense",
        "id": "ODo1ZTIyMDAzYmFhMGY",
        "publicId": "ODo1ZTIyMDAzYmFhMGY",
        "sourceId": "5e22003baa0f",
        "layerId": 8,
        "type": "location",
        "status": "active",
        "urgency": null,
        "verificationTag": "verified",
        "expirationDate": null,
        "createdAt": "2026-08-15T23:09:43.959Z",
        "updatedAt": "2026-08-15T23:11:28.084Z"
      }
    },
    {
      "type": "Feature",
      "id": 94454,
      "geometry": {
        "type": "Polygon",
        "coordinates": [
          [
            [
              55.04853058065373,
              25.86762184301655
            ],
            [
              55.04787400861113,
              25.867680921648287
            ],
            [
              55.047184607965505,
              25.8673042948667
            ],
            [
              55.04673321468627,
              25.867012592907386
            ],
            [
              55.04632696073415,
              25.866617501763415
            ],
            [
              55.046981837264724,
              25.865523128481584
            ],
            [
              55.04798721320549,
              25.866113923960057
            ],
            [
              55.04830318850199,
              25.86633547150248
            ],
            [
              55.04839931444974,
              25.866876970646317
            ],
            [
              55.04839931444974,
              25.866875451202873
            ],
            [
              55.04853058065373,
              25.86762184301655
            ]
          ]
        ]
      },
      "properties": {
        "name:fa": "پدافند ابوموسی",
        "unofficial_name:fa": "",
        "description": "",
        "date": "",
        "city": "",
        "province": "",
        "name:en": "Abu Musa Air Defense",
        "id": "ODpkZjA5YzlhMTE2Mzk",
        "publicId": "ODpkZjA5YzlhMTE2Mzk",
        "sourceId": "df09c9a11639",
        "layerId": 8,
        "type": "location",
        "status": "active",
        "urgency": null,
        "verificationTag": "verified",
        "expirationDate": null,
        "createdAt": "2026-08-15T23:11:56.038Z",
        "updatedAt": "2026-08-15T23:11:56.038Z"
      }
    },
    {
      "type": "Feature",
      "id": 94455,
      "geometry": {
        "type": "Polygon",
        "coordinates": [
          [
            [
              55.04484787360414,
              25.86404846774272
            ],
            [
              55.04404620567547,
              25.86403278586785
            ],
            [
              55.044576003610786,
              25.863217325500855
            ],
            [
              55.04484787360414,
              25.86294445866001
            ],
            [
              55.04549269345986,
              25.863371008846713
            ],
            [
              55.045590287816594,
              25.863731693464118
            ],
            [
              55.0454752658963,
              25.86399201298265
            ],
            [
              55.04514762769901,
              25.864026513117096
            ],
            [
              55.0451441421867,
              25.86402964949204
            ],
            [
              55.04484787360414,
              25.86404846774272
            ]
          ]
        ]
      },
      "properties": {
        "name:fa": "پدافند ابوموسی",
        "unofficial_name:fa": "",
        "description": "",
        "date": "",
        "city": "",
        "province": "",
        "name:en": "Abu Musa Air Defense",
        "id": "ODo1OTQzMzZiOWM1MWI",
        "publicId": "ODo1OTQzMzZiOWM1MWI",
        "sourceId": "594336b9c51b",
        "layerId": 8,
        "type": "location",
        "status": "active",
        "urgency": null,
        "verificationTag": "verified",
        "expirationDate": null,
        "createdAt": "2026-08-15T23:15:59.836Z",
        "updatedAt": "2026-08-15T23:15:59.836Z"
      }
    },
    {
      "type": "Feature",
      "id": 94456,
      "geometry": {
        "type": "Polygon",
        "coordinates": [
          [
            [
              55.0447284377513,
              25.86751631153568
            ],
            [
              55.04564497758136,
              25.867235863160786
            ],
            [
              55.04562384698119,
              25.86670348475438
            ],
            [
              55.0454501188342,
              25.86618018098244
            ],
            [
              55.04499845223242,
              25.866020941627283
            ],
            [
              55.04434340359276,
              25.86597340744939
            ],
            [
              55.04423775058538,
              25.866165920750092
            ],
            [
              55.044208696008326,
              25.866641260890745
            ],
            [
              55.04451701222655,
              25.867194706338367
            ],
            [
              55.0446411545085,
              25.867401477734404
            ],
            [
              55.0446411545085,
              25.867401477734404
            ],
            [
              55.0447284377513,
              25.86751631153568
            ]
          ]
        ]
      },
      "properties": {
        "name:fa": "پدافند ابوموسی",
        "unofficial_name:fa": "",
        "description": "",
        "date": "",
        "city": "",
        "province": "",
        "name:en": "Abu Musa Air Defense",
        "id": "ODplYmM2MmIzZDM0MTM",
        "publicId": "ODplYmM2MmIzZDM0MTM",
        "sourceId": "ebc62b3d3413",
        "layerId": 8,
        "type": "location",
        "status": "active",
        "urgency": null,
        "verificationTag": "verified",
        "expirationDate": null,
        "createdAt": "2026-08-15T23:17:17.761Z",
        "updatedAt": "2026-08-15T23:17:17.761Z"
      }
    },
    {
      "type": "Feature",
      "id": 94459,
      "geometry": {
        "type": "Polygon",
        "coordinates": [
          [
            [
              55.044978348381335,
              25.862274022632278
            ],
            [
              55.046198222182085,
              25.86157403949632
            ],
            [
              55.04628661883518,
              25.860858143365746
            ],
            [
              55.04674628142712,
              25.859792245536852
            ],
            [
              55.041583916934115,
              25.8598081545301
            ],
            [
              55.03852539276539,
              25.859505883287966
            ],
            [
              55.03647459043367,
              25.85859906492398
            ],
            [
              55.03518399931079,
              25.857183141638032
            ],
            [
              55.03490150705758,
              25.85684596586671
            ],
            [
              55.03483177956966,
              25.856293792510968
            ],
            [
              55.03451103312656,
              25.856173317981785
            ],
            [
              55.034064122729944,
              25.85656212901978
            ],
            [
              55.03393861325239,
              25.857239794421304
            ],
            [
              55.0333264737624,
              25.858751344632253
            ],
            [
              55.0330272511674,
              25.85946901275892
            ],
            [
              55.03678584883485,
              25.86121843238486
            ],
            [
              55.0389000391545,
              25.861661564516496
            ],
            [
              55.04239942318944,
              25.861976456118427
            ],
            [
              55.04332101258319,
              25.86204608354703
            ],
            [
              55.04416034878949,
              25.862095176353833
            ],
            [
              55.04450447663481,
              25.86217825644161
            ],
            [
              55.04450447663481,
              25.86217825644161
            ],
            [
              55.044978348381335,
              25.862274022632278
            ]
          ]
        ]
      },
      "properties": {
        "name:fa": "پدافند ابوموسی",
        "unofficial_name:fa": "",
        "description": "",
        "date": "",
        "city": "",
        "province": "",
        "name:en": "Abu Musa Air Defense",
        "id": "ODphZWU2YTEyNjZlYzg",
        "publicId": "ODphZWU2YTEyNjZlYzg",
        "sourceId": "aee6a1266ec8",
        "layerId": 8,
        "type": "location",
        "status": "active",
        "urgency": null,
        "verificationTag": "verified",
        "expirationDate": null,
        "createdAt": "2026-08-15T23:31:23.941Z",
        "updatedAt": "2026-08-15T23:31:23.941Z"
      }
    }
  ],
  "metadata": {
    "total": 112,
    "layerId": 8,
    "clustered": false,
    "simplified": false
  }
}