{
  "type": "FeatureCollection",
  "features": [
    {
      "type": "Feature",
      "id": 90184,
      "geometry": {
        "type": "Point",
        "coordinates": [
          51.3329938,
          35.7010994
        ]
      },
      "properties": {
        "date": 1772483400,
        "name:fa": "تجمع نیروهای نوپو",
        "description": "",
        "province": "استان تهران",
        "city": "تهران",
        "id": "MzY6N2JjMzk1NDg1NDJm",
        "publicId": "MzY6N2JjMzk1NDg1NDJm",
        "sourceId": "7bc39548542f",
        "layerId": 36,
        "type": "event",
        "status": "active",
        "urgency": null,
        "verificationTag": null,
        "expirationDate": null,
        "createdAt": "2026-03-13T13:44:19.134Z",
        "updatedAt": "2026-07-21T21:34:31.763Z"
      }
    },
    {
      "type": "Feature",
      "id": 90187,
      "geometry": {
        "type": "Point",
        "coordinates": [
          51.49953911222818,
          35.74634975601025
        ]
      },
      "properties": {
        "city": "تهران",
        "date": 1773174600,
        "name:fa": "ایست بازرسی",
        "province": "استان تهران",
        "description": "ایست بازرسی در میدان رسالت خیابان هنگام منطقه ۴. بالاتر از آن میدان الغدیر است که هر شب مراسم برگزار می شود و مزدوران و سرکوب گرها در آنجا حضور دارند. ماشین های ضد شورش پشت پارکینگ بیمارستان الغدیر قرار دارند.",
        "id": "MzY6ODBiZTFlOGQxMzEz",
        "publicId": "MzY6ODBiZTFlOGQxMzEz",
        "sourceId": "80be1e8d1313",
        "layerId": 36,
        "type": "event",
        "status": "active",
        "urgency": null,
        "verificationTag": "verified",
        "expirationDate": null,
        "createdAt": "2026-03-13T13:47:59.396Z",
        "updatedAt": "2026-07-21T21:34:31.763Z"
      }
    },
    {
      "type": "Feature",
      "id": 90188,
      "geometry": {
        "type": "Point",
        "coordinates": [
          54.388788,
          31.823491
        ]
      },
      "properties": {
        "date": 1773347400,
        "name:fa": "تجمع نیروهای سرکوب",
        "description": "دبیرستان دوره اول پسرانه سیدالشهدا در بلوار پاسداران شهر یزد، محل استقرار ماشین شخصی‌های یگان ویژه شده و اطراف محوطه فنس‌کشی شده است. گزارش‌های مملکتی و اینترنشنال از این استقرار نیز موجود است.  📍 دبیرستان دوره اول پسرانه سیدالشهدا در بلوار پاسداران شهر یزد، نبش خیابان یاسین به سمت کوچه ۱۹ بلوار پاسداران",
        "province": "استان یزد",
        "city": "یزد",
        "id": "MzY6NWY3N2ZhMWJiMGFj",
        "publicId": "MzY6NWY3N2ZhMWJiMGFj",
        "sourceId": "5f77fa1bb0ac",
        "layerId": 36,
        "type": "event",
        "status": "active",
        "urgency": null,
        "verificationTag": null,
        "expirationDate": null,
        "createdAt": "2026-03-13T13:49:02.369Z",
        "updatedAt": "2026-07-21T21:34:31.763Z"
      }
    },
    {
      "type": "Feature",
      "id": 90189,
      "geometry": {
        "type": "Point",
        "coordinates": [
          51.434851,
          36.649824
        ]
      },
      "properties": {
        "date": 1773174600,
        "name:fa": "بسیج و ایست بازرسی",
        "description": "گزارش شامل مختصات و توضیحات مربوط به موقعیت‌های مکانی مختلف در چالوس است، از جمله بسیج چالوس، ایست بازرسی بین نوشهر و چالوس، درب ورودی سپاه چالوس، خونه امن اطلاعات سپاه چالوس (محل بازجویی)، و اداره آگاهی و اطلاعات چالوس. همچنین اشاره شده که در ایست بازرسی، افراد صورت‌های خود را می‌پوشانند.  📍 بسیج چالوس: خیابان ۱۷ شهریور جنب دانشگاه آزاد اسلامی، ایست بازرسی بین نوشهر و چالوس جلو کوچه قبل از هتل ملک، درب ورودی سپاه چالوس، خونه امن اطلاعات سپاه چالوس که محل بازجویی هست، خیابان استاد مطهری،کمی پایینتر از درب ورودی سپاه سمت روبرو آن طرف خیابون،درب مشکی، اداره آگاهی و اطلاعات چالوس",
        "province": "استان مازندران",
        "city": "چالوس",
        "id": "MzY6YjEyNjJkM2FiZjNm",
        "publicId": "MzY6YjEyNjJkM2FiZjNm",
        "sourceId": "b1262d3abf3f",
        "layerId": 36,
        "type": "event",
        "status": "active",
        "urgency": null,
        "verificationTag": null,
        "expirationDate": null,
        "createdAt": "2026-03-13T13:50:45.565Z",
        "updatedAt": "2026-07-21T21:34:31.763Z"
      }
    },
    {
      "type": "Feature",
      "id": 90198,
      "geometry": {
        "type": "Point",
        "coordinates": [
          51.20547915479173,
          35.761224676123476
        ]
      },
      "properties": {
        "date": 1772397000,
        "name:fa": "ایست بازرسی",
        "description": "مسجد شهرک شهید باقری که محل ایست بازرسی و تجمع عوامل حکومتی میباشد",
        "province": "استان تهران",
        "city": "تهران",
        "id": "MzY6NmU5MTE0ODVmNjEx",
        "publicId": "MzY6NmU5MTE0ODVmNjEx",
        "sourceId": "6e911485f611",
        "layerId": 36,
        "type": "event",
        "status": "active",
        "urgency": null,
        "verificationTag": null,
        "expirationDate": null,
        "createdAt": "2026-03-13T20:40:00.903Z",
        "updatedAt": "2026-07-21T21:34:31.763Z"
      }
    },
    {
      "type": "Feature",
      "id": 90199,
      "geometry": {
        "type": "Point",
        "coordinates": [
          51.24704222494742,
          35.76036052270652
        ]
      },
      "properties": {
        "date": 1773174600,
        "name:fa": "ایست بازرسی",
        "description": "",
        "province": "استان تهران",
        "city": "تهران",
        "id": "MzY6ZDQ1NjhlYTA2MDE3",
        "publicId": "MzY6ZDQ1NjhlYTA2MDE3",
        "sourceId": "d4568ea06017",
        "layerId": 36,
        "type": "event",
        "status": "active",
        "urgency": null,
        "verificationTag": null,
        "expirationDate": null,
        "createdAt": "2026-03-13T20:45:35.136Z",
        "updatedAt": "2026-07-21T21:34:31.763Z"
      }
    },
    {
      "type": "Feature",
      "id": 90201,
      "geometry": {
        "type": "Point",
        "coordinates": [
          51.38268934252929,
          35.77050441157408
        ]
      },
      "properties": {
        "date": 1771792200,
        "name:fa": "اسکان نیروهای سرکوب",
        "description": "",
        "province": "استان تهران",
        "city": "تهران",
        "id": "MzY6MWQxZTgyNmFhNjIz",
        "publicId": "MzY6MWQxZTgyNmFhNjIz",
        "sourceId": "1d1e826aa623",
        "layerId": 36,
        "type": "event",
        "status": "active",
        "urgency": null,
        "verificationTag": null,
        "expirationDate": null,
        "createdAt": "2026-03-13T20:53:20.149Z",
        "updatedAt": "2026-07-21T21:34:31.763Z"
      }
    },
    {
      "type": "Feature",
      "id": 90204,
      "geometry": {
        "type": "Point",
        "coordinates": [
          51.325821224778934,
          35.76282322698823
        ]
      },
      "properties": {
        "date": 1772829000,
        "name:fa": "ایست بازرسی",
        "description": "",
        "province": "استان تهران",
        "city": "تهران",
        "id": "MzY6NTc3NDdlNTQwNDhk",
        "publicId": "MzY6NTc3NDdlNTQwNDhk",
        "sourceId": "57747e54048d",
        "layerId": 36,
        "type": "event",
        "status": "active",
        "urgency": null,
        "verificationTag": null,
        "expirationDate": null,
        "createdAt": "2026-03-13T20:55:29.489Z",
        "updatedAt": "2026-07-21T21:34:31.763Z"
      }
    },
    {
      "type": "Feature",
      "id": 90219,
      "geometry": {
        "type": "Point",
        "coordinates": [
          51.335861256084826,
          35.777539277168955
        ]
      },
      "properties": {
        "city": "تهران",
        "date": 1772137800,
        "name:fa": "ایست و بازرسی",
        "province": "استان تهران",
        "description": "",
        "id": "MzY6M2YxMDNjNjViYjUz",
        "publicId": "MzY6M2YxMDNjNjViYjUz",
        "sourceId": "3f103c65bb53",
        "layerId": 36,
        "type": "event",
        "status": "active",
        "urgency": null,
        "verificationTag": "verified",
        "expirationDate": null,
        "createdAt": "2026-03-14T00:45:29.302Z",
        "updatedAt": "2026-07-21T21:34:31.763Z"
      }
    },
    {
      "type": "Feature",
      "id": 90223,
      "geometry": {
        "type": "Point",
        "coordinates": [
          51.31469811190405,
          35.769461455895595
        ]
      },
      "properties": {
        "city": "تهران",
        "date": 1773347400,
        "name:fa": "ایست بازرسی بسیج",
        "province": "استان تهران",
        "description": "",
        "id": "MzY6OTJhMDE1OGNiOWYw",
        "publicId": "MzY6OTJhMDE1OGNiOWYw",
        "sourceId": "92a0158cb9f0",
        "layerId": 36,
        "type": "event",
        "status": "active",
        "urgency": null,
        "verificationTag": "verified",
        "expirationDate": null,
        "createdAt": "2026-03-14T00:51:25.732Z",
        "updatedAt": "2026-07-21T21:34:31.763Z"
      }
    },
    {
      "type": "Feature",
      "id": 90226,
      "geometry": {
        "type": "Point",
        "coordinates": [
          51.28631324148233,
          35.65026976921615
        ]
      },
      "properties": {
        "city": "تهران",
        "date": 1773347400,
        "name:fa": "ایست و بازرسی",
        "province": "استان تهران",
        "description": "",
        "id": "MzY6MTY4ZTNhZTMyNzNk",
        "publicId": "MzY6MTY4ZTNhZTMyNzNk",
        "sourceId": "168e3ae3273d",
        "layerId": 36,
        "type": "event",
        "status": "active",
        "urgency": null,
        "verificationTag": "verified",
        "expirationDate": null,
        "createdAt": "2026-03-14T00:55:22.027Z",
        "updatedAt": "2026-07-21T21:34:31.763Z"
      }
    },
    {
      "type": "Feature",
      "id": 90261,
      "geometry": {
        "type": "Point",
        "coordinates": [
          50.990005802394165,
          35.759623100115206
        ]
      },
      "properties": {
        "city": "شهرستان فردیس",
        "date": 1773347400,
        "name:fa": "ایست و بازرسی",
        "province": "استان البرز",
        "description": "ساختمان قدیم شهرداری الان تغییر کاربری داده و شده محل حفاظت اطلاعات استان البرز",
        "id": "MzY6MzU4MDBkOGIwNzY3",
        "publicId": "MzY6MzU4MDBkOGIwNzY3",
        "sourceId": "35800d8b0767",
        "layerId": 36,
        "type": "event",
        "status": "active",
        "urgency": null,
        "verificationTag": "verified",
        "expirationDate": null,
        "createdAt": "2026-03-14T01:01:06.681Z",
        "updatedAt": "2026-07-21T21:34:31.763Z"
      }
    },
    {
      "type": "Feature",
      "id": 90268,
      "geometry": {
        "type": "Point",
        "coordinates": [
          51.45801160837138,
          35.6904821956295
        ]
      },
      "properties": {
        "name:fa": "ایست بازرسی",
        "date": "",
        "description": "ایست بازرسی پیروزی تقاطع امام علی",
        "city": "تهران",
        "province": "استان تهران",
        "id": "MzY6YTNhMTQzOGU4MjFi",
        "publicId": "MzY6YTNhMTQzOGU4MjFi",
        "sourceId": "a3a1438e821b",
        "layerId": 36,
        "type": "event",
        "status": "active",
        "urgency": null,
        "verificationTag": "verified",
        "expirationDate": null,
        "createdAt": "2026-03-14T10:08:50.813Z",
        "updatedAt": "2026-07-21T21:34:31.763Z"
      }
    },
    {
      "type": "Feature",
      "id": 90281,
      "geometry": {
        "type": "Point",
        "coordinates": [
          51.51369291151434,
          35.72006199728712
        ]
      },
      "properties": {
        "name:fa": "ایست بازرسی",
        "date": "",
        "description": "محل ایست بازرسی با خودروهای تویوتا مشکی و سفید و تیربار سوار شده روی خودروهای زرهی آماده شلیک",
        "city": "تهران",
        "province": "استان تهران",
        "id": "MzY6Zjc0ZDBiNDEzZjI0",
        "publicId": "MzY6Zjc0ZDBiNDEzZjI0",
        "sourceId": "f74d0b413f24",
        "layerId": 36,
        "type": "event",
        "status": "active",
        "urgency": null,
        "verificationTag": "verified",
        "expirationDate": null,
        "createdAt": "2026-03-14T16:48:43.689Z",
        "updatedAt": "2026-07-21T21:34:31.763Z"
      }
    },
    {
      "type": "Feature",
      "id": 90282,
      "geometry": {
        "type": "Point",
        "coordinates": [
          51.334642903779894,
          35.70094273938352
        ]
      },
      "properties": {
        "name:fa": "ایست بازرسی",
        "date": "",
        "description": "ایست بازرسی در ضلع غربی میدان آزادی. ماشین های ضد شورش پایین میدان پارک کردن.",
        "city": "تهران",
        "province": "استان تهران",
        "id": "MzY6MjA1ZWJlNzllNDdj",
        "publicId": "MzY6MjA1ZWJlNzllNDdj",
        "sourceId": "205ebe79e47c",
        "layerId": 36,
        "type": "event",
        "status": "active",
        "urgency": null,
        "verificationTag": "verified",
        "expirationDate": null,
        "createdAt": "2026-03-14T16:49:36.094Z",
        "updatedAt": "2026-07-21T21:34:31.763Z"
      }
    },
    {
      "type": "Feature",
      "id": 90284,
      "geometry": {
        "type": "Point",
        "coordinates": [
          51.48486966854489,
          35.63337342333229
        ]
      },
      "properties": {
        "name:fa": "ایست بازرسی",
        "date": "",
        "description": "نیروهای نظامی و بسیجی ایست بازرسی چند شب پشت هم گذاشتن",
        "city": "تهران",
        "province": "استان تهران",
        "id": "MzY6NDdlMGQxNzMyNTg5",
        "publicId": "MzY6NDdlMGQxNzMyNTg5",
        "sourceId": "47e0d1732589",
        "layerId": 36,
        "type": "event",
        "status": "active",
        "urgency": null,
        "verificationTag": "verified",
        "expirationDate": null,
        "createdAt": "2026-03-14T16:54:29.077Z",
        "updatedAt": "2026-07-21T21:34:31.763Z"
      }
    },
    {
      "type": "Feature",
      "id": 90285,
      "geometry": {
        "type": "Point",
        "coordinates": [
          51.48883575312729,
          35.66067697776862
        ]
      },
      "properties": {
        "name:fa": "ایست بازرسی بسیج",
        "date": "",
        "description": "بلوار زمزم",
        "city": "تهران",
        "province": "استان تهران",
        "id": "MzY6NjkwZThlMDM0YjNh",
        "publicId": "MzY6NjkwZThlMDM0YjNh",
        "sourceId": "690e8e034b3a",
        "layerId": 36,
        "type": "event",
        "status": "active",
        "urgency": null,
        "verificationTag": "verified",
        "expirationDate": null,
        "createdAt": "2026-03-14T16:55:38.574Z",
        "updatedAt": "2026-07-21T21:34:31.763Z"
      }
    },
    {
      "type": "Feature",
      "id": 90286,
      "geometry": {
        "type": "Point",
        "coordinates": [
          51.12564096451695,
          35.72032224448182
        ]
      },
      "properties": {
        "name:fa": "ایست بازرسی",
        "date": "",
        "description": "بلوار انقلاب",
        "city": "قدس",
        "province": "استان تهران",
        "id": "MzY6YWI2MmMyY2M1YTBh",
        "publicId": "MzY6YWI2MmMyY2M1YTBh",
        "sourceId": "ab62c2cc5a0a",
        "layerId": 36,
        "type": "event",
        "status": "active",
        "urgency": null,
        "verificationTag": "verified",
        "expirationDate": null,
        "createdAt": "2026-03-14T16:57:15.295Z",
        "updatedAt": "2026-07-21T21:34:31.763Z"
      }
    },
    {
      "type": "Feature",
      "id": 90289,
      "geometry": {
        "type": "Point",
        "coordinates": [
          50.859541568650656,
          34.61953584358348
        ]
      },
      "properties": {
        "name:fa": "تجمع نیروهای سرکوب",
        "date": "",
        "description": "محل جمع شدن بسیجی ها و یگان ویژه",
        "city": "قم",
        "province": "استان قم",
        "id": "MzY6OGJkMDlhMzQ5Y2Rl",
        "publicId": "MzY6OGJkMDlhMzQ5Y2Rl",
        "sourceId": "8bd09a349cde",
        "layerId": 36,
        "type": "event",
        "status": "active",
        "urgency": null,
        "verificationTag": "verified",
        "expirationDate": null,
        "createdAt": "2026-03-14T17:01:42.419Z",
        "updatedAt": "2026-07-21T21:34:31.763Z"
      }
    },
    {
      "type": "Feature",
      "id": 90290,
      "geometry": {
        "type": "Point",
        "coordinates": [
          50.853908205356106,
          34.618304880568544
        ]
      },
      "properties": {
        "name:fa": "ایست بازرسی",
        "date": "",
        "description": "ایست بازرسی و محل تجمع بسیجی ها",
        "city": "قم",
        "province": "استان قم",
        "id": "MzY6YmQ5YjIzM2IzODM3",
        "publicId": "MzY6YmQ5YjIzM2IzODM3",
        "sourceId": "bd9b233b3837",
        "layerId": 36,
        "type": "event",
        "status": "active",
        "urgency": null,
        "verificationTag": "verified",
        "expirationDate": null,
        "createdAt": "2026-03-14T17:02:29.519Z",
        "updatedAt": "2026-07-21T21:34:31.763Z"
      }
    },
    {
      "type": "Feature",
      "id": 90291,
      "geometry": {
        "type": "Point",
        "coordinates": [
          51.343957,
          35.66503
        ]
      },
      "properties": {
        "name:fa": "ایست بازرسی",
        "date": "",
        "description": "ایست بازرسی و کمین در سعیدی",
        "city": "تهران",
        "province": "استان تهران",
        "id": "MzY6NWNjOWMwNzk1ZWE4",
        "publicId": "MzY6NWNjOWMwNzk1ZWE4",
        "sourceId": "5cc9c0795ea8",
        "layerId": 36,
        "type": "event",
        "status": "active",
        "urgency": null,
        "verificationTag": "verified",
        "expirationDate": null,
        "createdAt": "2026-03-14T17:20:25.483Z",
        "updatedAt": "2026-07-21T21:34:31.763Z"
      }
    },
    {
      "type": "Feature",
      "id": 90292,
      "geometry": {
        "type": "Point",
        "coordinates": [
          51.307654031846994,
          35.742068891471106
        ]
      },
      "properties": {
        "name:fa": "ایست بازرسی",
        "date": "",
        "description": "ایست بازرسی پژوهنده",
        "city": "تهران",
        "province": "استان تهران",
        "id": "MzY6MjQxNzY0YjFiODlh",
        "publicId": "MzY6MjQxNzY0YjFiODlh",
        "sourceId": "241764b1b89a",
        "layerId": 36,
        "type": "event",
        "status": "active",
        "urgency": null,
        "verificationTag": "verified",
        "expirationDate": null,
        "createdAt": "2026-03-14T17:25:26.198Z",
        "updatedAt": "2026-07-21T21:34:31.763Z"
      }
    },
    {
      "type": "Feature",
      "id": 90293,
      "geometry": {
        "type": "Point",
        "coordinates": [
          51.471931408199424,
          35.799302608635145
        ]
      },
      "properties": {
        "name:fa": "ایست بازرسی",
        "date": "",
        "description": "ایست بازرسی بلوار لواسانی",
        "city": "تجریش",
        "province": "استان تهران",
        "id": "MzY6ZmIyNzM4MDIwZGRm",
        "publicId": "MzY6ZmIyNzM4MDIwZGRm",
        "sourceId": "fb2738020ddf",
        "layerId": 36,
        "type": "event",
        "status": "active",
        "urgency": null,
        "verificationTag": "verified",
        "expirationDate": null,
        "createdAt": "2026-03-14T17:27:14.865Z",
        "updatedAt": "2026-07-21T21:34:31.763Z"
      }
    },
    {
      "type": "Feature",
      "id": 90294,
      "geometry": {
        "type": "Point",
        "coordinates": [
          47.09142641292203,
          34.3619180607476
        ]
      },
      "properties": {
        "name:fa": "ایست بازرسی",
        "date": "",
        "description": "ایست بازرسی خیابان پرواز",
        "province": "استان کرمانشاه",
        "city": "کرمانشاه",
        "id": "MzY6NDZhNjY4NmRmZGRk",
        "publicId": "MzY6NDZhNjY4NmRmZGRk",
        "sourceId": "46a6686dfddd",
        "layerId": 36,
        "type": "event",
        "status": "active",
        "urgency": null,
        "verificationTag": null,
        "expirationDate": null,
        "createdAt": "2026-03-14T18:22:10.238Z",
        "updatedAt": "2026-07-21T21:34:31.763Z"
      }
    },
    {
      "type": "Feature",
      "id": 90300,
      "geometry": {
        "type": "Point",
        "coordinates": [
          50.98249518423938,
          35.85496623462822
        ]
      },
      "properties": {
        "city": "کرج",
        "date": 1773520200,
        "name:fa": "محل تجمع نیروهای بسیج",
        "province": "استان البرز",
        "description": "",
        "id": "MzY6ZWRhYzlhNzE5ZTM5",
        "publicId": "MzY6ZWRhYzlhNzE5ZTM5",
        "sourceId": "edac9a719e39",
        "layerId": 36,
        "type": "event",
        "status": "active",
        "urgency": null,
        "verificationTag": "not-verified",
        "expirationDate": null,
        "createdAt": "2026-03-15T08:33:44.841Z",
        "updatedAt": "2026-07-21T21:34:31.763Z"
      }
    },
    {
      "type": "Feature",
      "id": 90313,
      "geometry": {
        "type": "Point",
        "coordinates": [
          51.47943406696652,
          35.63930969043541
        ]
      },
      "properties": {
        "name:fa": "ایست بازرسی",
        "date": 1772656200,
        "description": "ایست بازرسی توسط نیرو های نظامی و سرکوب به صورت شبانه روزی",
        "city": "تهران",
        "province": "استان تهران",
        "id": "MzY6MzA3ZDhiYWNhNTg3",
        "publicId": "MzY6MzA3ZDhiYWNhNTg3",
        "sourceId": "307d8baca587",
        "layerId": 36,
        "type": "event",
        "status": "active",
        "urgency": null,
        "verificationTag": "not-verified",
        "expirationDate": null,
        "createdAt": "2026-03-15T12:20:16.699Z",
        "updatedAt": "2026-07-21T21:34:31.763Z"
      }
    },
    {
      "type": "Feature",
      "id": 90315,
      "geometry": {
        "type": "Point",
        "coordinates": [
          51.487688487352955,
          35.63089535964468
        ]
      },
      "properties": {
        "name:fa": "ایست بازرسی",
        "date": 1772656200,
        "description": "ایست بازرسی شبانه روزی نیروهای تروریستی سپاه و ارتش با اسلحه جنگی و ماشین های زره ای",
        "city": "تهران",
        "province": "استان تهران",
        "id": "MzY6YWIzZjAzMjhmZGM3",
        "publicId": "MzY6YWIzZjAzMjhmZGM3",
        "sourceId": "ab3f0328fdc7",
        "layerId": 36,
        "type": "event",
        "status": "active",
        "urgency": null,
        "verificationTag": "verified",
        "expirationDate": null,
        "createdAt": "2026-03-15T12:23:44.368Z",
        "updatedAt": "2026-07-21T21:34:31.763Z"
      }
    },
    {
      "type": "Feature",
      "id": 90317,
      "geometry": {
        "type": "Point",
        "coordinates": [
          51.491332491113866,
          35.62673493672423
        ]
      },
      "properties": {
        "name:fa": "ایست بازرسی",
        "date": 1772656200,
        "description": "استقرار نیروهای انتظامی و اگاهی با ماشین های یگان ویژه که داخل هر ماشین ۴ نفر هستن",
        "city": "تهران",
        "province": "استان تهران",
        "id": "MzY6MTVmOGJjMTU4N2Zk",
        "publicId": "MzY6MTVmOGJjMTU4N2Zk",
        "sourceId": "15f8bc1587fd",
        "layerId": 36,
        "type": "event",
        "status": "active",
        "urgency": null,
        "verificationTag": "verified",
        "expirationDate": null,
        "createdAt": "2026-03-15T12:29:25.408Z",
        "updatedAt": "2026-07-21T21:34:31.763Z"
      }
    },
    {
      "type": "Feature",
      "id": 90320,
      "geometry": {
        "type": "Point",
        "coordinates": [
          51.47779625525584,
          35.650155574358635
        ]
      },
      "properties": {
        "name:fa": "ایست بازرسی",
        "date": 1773261000,
        "description": "اتوبوس یگان ویژه",
        "city": "تهران",
        "province": "استان تهران",
        "id": "MzY6NGVjZmEwOGIzZjlm",
        "publicId": "MzY6NGVjZmEwOGIzZjlm",
        "sourceId": "4ecfa08b3f9f",
        "layerId": 36,
        "type": "event",
        "status": "active",
        "urgency": null,
        "verificationTag": "not-verified",
        "expirationDate": null,
        "createdAt": "2026-03-15T12:34:49.202Z",
        "updatedAt": "2026-07-21T21:34:31.763Z"
      }
    },
    {
      "type": "Feature",
      "id": 90322,
      "geometry": {
        "type": "Point",
        "coordinates": [
          51.46470817388243,
          35.63194762540388
        ]
      },
      "properties": {
        "name:fa": "ایست بازرسی",
        "date": 1773261000,
        "description": "ایست بازرسی بسیج",
        "city": "تهران",
        "province": "استان تهران",
        "id": "MzY6ZTcwMTJiNDc0NjQ4",
        "publicId": "MzY6ZTcwMTJiNDc0NjQ4",
        "sourceId": "e7012b474648",
        "layerId": 36,
        "type": "event",
        "status": "active",
        "urgency": null,
        "verificationTag": "not-verified",
        "expirationDate": null,
        "createdAt": "2026-03-15T12:36:07.766Z",
        "updatedAt": "2026-07-21T21:34:31.763Z"
      }
    },
    {
      "type": "Feature",
      "id": 90324,
      "geometry": {
        "type": "Point",
        "coordinates": [
          51.469788083931576,
          35.63527324846743
        ]
      },
      "properties": {
        "name:fa": "ایست بازرسی",
        "date": 1771446600,
        "description": "پایگاه سرکوب بسیج برگزاری ایست بازرسی در مناطق شهرک بروجردی و کیانشهر حضور در فعال در سرکوب اعتراض مردمی افسریه",
        "city": "تهران",
        "province": "استان تهران",
        "id": "MzY6ZWZhYzBiM2RkYTQ3",
        "publicId": "MzY6ZWZhYzBiM2RkYTQ3",
        "sourceId": "efac0b3dda47",
        "layerId": 36,
        "type": "event",
        "status": "active",
        "urgency": null,
        "verificationTag": "verified",
        "expirationDate": null,
        "createdAt": "2026-03-15T12:38:15.967Z",
        "updatedAt": "2026-07-21T21:34:31.763Z"
      }
    },
    {
      "type": "Feature",
      "id": 90325,
      "geometry": {
        "type": "Point",
        "coordinates": [
          51.46543575814408,
          35.640369431921116
        ]
      },
      "properties": {
        "name:fa": "تردد مشکوک",
        "date": 1771446600,
        "description": "تردد مشکوک شبانه تریلی های ایوکو بدون پلاک و جابجایی متعدد کانتینر هایی با علامت دنجر حضور نیروهای کاملا مسلح سپاه",
        "city": "تهران",
        "province": "استان تهران",
        "id": "MzY6MDlmNmMxODc5MjAy",
        "publicId": "MzY6MDlmNmMxODc5MjAy",
        "sourceId": "09f6c1879202",
        "layerId": 36,
        "type": "event",
        "status": "active",
        "urgency": null,
        "verificationTag": "not-verified",
        "expirationDate": null,
        "createdAt": "2026-03-15T12:38:56.011Z",
        "updatedAt": "2026-07-21T21:34:31.763Z"
      }
    },
    {
      "type": "Feature",
      "id": 90327,
      "geometry": {
        "type": "Point",
        "coordinates": [
          51.45249493519964,
          35.59108797747318
        ]
      },
      "properties": {
        "name:fa": "ایست بازرسی",
        "date": 1773433800,
        "description": "ایست بازرسی یگان ویژه ۲۴ اسفند ۹ صبح",
        "city": "ری",
        "province": "استان تهران",
        "id": "MzY6YTdjMmFjZTQ5ZTJm",
        "publicId": "MzY6YTdjMmFjZTQ5ZTJm",
        "sourceId": "a7c2ace49e2f",
        "layerId": 36,
        "type": "event",
        "status": "active",
        "urgency": null,
        "verificationTag": "not-verified",
        "expirationDate": null,
        "createdAt": "2026-03-15T12:43:16.637Z",
        "updatedAt": "2026-07-21T21:34:31.763Z"
      }
    },
    {
      "type": "Feature",
      "id": 90345,
      "geometry": {
        "type": "Point",
        "coordinates": [
          51.46812793381676,
          35.811245281695676
        ]
      },
      "properties": {
        "name:fa": "ایست بازرسی",
        "date": "",
        "description": "ایست بازرسی نیاوران",
        "city": "تجریش",
        "province": "استان تهران",
        "id": "MzY6NmU1ZTQzZWI0Mzk3",
        "publicId": "MzY6NmU1ZTQzZWI0Mzk3",
        "sourceId": "6e5e43eb4397",
        "layerId": 36,
        "type": "event",
        "status": "active",
        "urgency": null,
        "verificationTag": "verified",
        "expirationDate": null,
        "createdAt": "2026-03-16T12:39:26.935Z",
        "updatedAt": "2026-07-21T21:34:31.763Z"
      }
    },
    {
      "type": "Feature",
      "id": 90349,
      "geometry": {
        "type": "Point",
        "coordinates": [
          51.33625889107091,
          35.71217154628421
        ]
      },
      "properties": {
        "name:fa": "ایست و بازرسی",
        "date": "",
        "description": "ایست بازرسی سپاه",
        "city": "تهران",
        "province": "استان تهران",
        "id": "MzY6NjE2NTJmOTI0MTc0",
        "publicId": "MzY6NjE2NTJmOTI0MTc0",
        "sourceId": "61652f924174",
        "layerId": 36,
        "type": "event",
        "status": "active",
        "urgency": null,
        "verificationTag": "verified",
        "expirationDate": null,
        "createdAt": "2026-03-16T12:48:11.099Z",
        "updatedAt": "2026-07-21T21:34:31.763Z"
      }
    },
    {
      "type": "Feature",
      "id": 90350,
      "geometry": {
        "type": "Point",
        "coordinates": [
          51.53815178757233,
          35.733908492944195
        ]
      },
      "properties": {
        "name:fa": "ایست بازرسی",
        "date": "",
        "description": "ایست بازرسی شاهد",
        "city": "تهران",
        "province": "استان تهران",
        "id": "MzY6ZTY4MzA3MjY1NGFi",
        "publicId": "MzY6ZTY4MzA3MjY1NGFi",
        "sourceId": "e683072654ab",
        "layerId": 36,
        "type": "event",
        "status": "active",
        "urgency": null,
        "verificationTag": "verified",
        "expirationDate": null,
        "createdAt": "2026-03-16T12:49:27.462Z",
        "updatedAt": "2026-07-21T21:34:31.763Z"
      }
    },
    {
      "type": "Feature",
      "id": 90351,
      "geometry": {
        "type": "Point",
        "coordinates": [
          51.40374644183109,
          35.75711869854588
        ]
      },
      "properties": {
        "name:fa": "ایست بازرسی",
        "date": "",
        "description": "ایست بازرسی زیر پل کردستان ملاصدرا",
        "city": "تهران",
        "province": "استان تهران",
        "id": "MzY6MWI4YzAzMGZlYTFj",
        "publicId": "MzY6MWI4YzAzMGZlYTFj",
        "sourceId": "1b8c030fea1c",
        "layerId": 36,
        "type": "event",
        "status": "active",
        "urgency": null,
        "verificationTag": "verified",
        "expirationDate": null,
        "createdAt": "2026-03-16T12:55:57.868Z",
        "updatedAt": "2026-07-21T21:34:31.763Z"
      }
    },
    {
      "type": "Feature",
      "id": 90352,
      "geometry": {
        "type": "Point",
        "coordinates": [
          51.345527187518115,
          35.77125134625625
        ]
      },
      "properties": {
        "name:fa": "ایست بازرسی",
        "date": "",
        "description": "ایست بازرسی زیر پل یادگار",
        "city": "تهران",
        "province": "استان تهران",
        "id": "MzY6ZWQzN2UyNGYwOWE1",
        "publicId": "MzY6ZWQzN2UyNGYwOWE1",
        "sourceId": "ed37e24f09a5",
        "layerId": 36,
        "type": "event",
        "status": "active",
        "urgency": null,
        "verificationTag": "verified",
        "expirationDate": null,
        "createdAt": "2026-03-16T12:56:38.724Z",
        "updatedAt": "2026-07-21T21:34:31.763Z"
      }
    },
    {
      "type": "Feature",
      "id": 90353,
      "geometry": {
        "type": "Point",
        "coordinates": [
          51.436051531337995,
          35.78396209664825
        ]
      },
      "properties": {
        "name:fa": "ایست بازرسی",
        "date": "",
        "description": "ایست بازرسی مسلح زیر پل قایم شدن اونور هم چادر زدن",
        "city": "تهران",
        "province": "استان تهران",
        "id": "MzY6NTI4MDg2MzVhZmE2",
        "publicId": "MzY6NTI4MDg2MzVhZmE2",
        "sourceId": "52808635afa6",
        "layerId": 36,
        "type": "event",
        "status": "active",
        "urgency": null,
        "verificationTag": "verified",
        "expirationDate": null,
        "createdAt": "2026-03-16T13:10:06.216Z",
        "updatedAt": "2026-07-21T21:34:31.763Z"
      }
    },
    {
      "type": "Feature",
      "id": 90357,
      "geometry": {
        "type": "Point",
        "coordinates": [
          52.47715053753498,
          29.620561038512946
        ]
      },
      "properties": {
        "name:fa": "مرکز تجمع نیروهای سرکوب",
        "date": "",
        "description": "مرکز تجمع بسیجیان قاتل . در این محل قبلا بمبگذاری شده سالهای گذشته . بسیار مهم",
        "city": "شیراز",
        "province": "استان فارس",
        "id": "MzY6ZDRjNjkwZTc0OTdh",
        "publicId": "MzY6ZDRjNjkwZTc0OTdh",
        "sourceId": "d4c690e7497a",
        "layerId": 36,
        "type": "event",
        "status": "active",
        "urgency": null,
        "verificationTag": "verified",
        "expirationDate": null,
        "createdAt": "2026-03-16T14:05:22.630Z",
        "updatedAt": "2026-07-21T21:34:31.763Z"
      }
    },
    {
      "type": "Feature",
      "id": 90371,
      "geometry": {
        "type": "Point",
        "coordinates": [
          54.4515874163215,
          31.707325899078015
        ]
      },
      "properties": {
        "name:fa": "ایست بازرسی",
        "date": "",
        "description": "چند عدد ساختمان هست مثلا به اسم راهنمایی رانندگی ولی ایست بسیج زدن اینجا",
        "city": "شهرستان مهریز",
        "province": "استان یزد",
        "id": "MzY6MjhlNGY1OWViZjkx",
        "publicId": "MzY6MjhlNGY1OWViZjkx",
        "sourceId": "28e4f59ebf91",
        "layerId": 36,
        "type": "event",
        "status": "active",
        "urgency": null,
        "verificationTag": "verified",
        "expirationDate": null,
        "createdAt": "2026-03-16T22:15:20.160Z",
        "updatedAt": "2026-07-21T21:34:31.763Z"
      }
    },
    {
      "type": "Feature",
      "id": 90374,
      "geometry": {
        "type": "Point",
        "coordinates": [
          51.176147,
          35.656251
        ]
      },
      "properties": {
        "name:fa": "تردد مشکوک - اطلاعات سپاه",
        "date": "",
        "description": "گزارش شامل مشاهده رفت و آمد ماشین های سنگین با پلاک نظامی و افراد سپاهی در ۳ سال گذشته است. همچنین، به دقت به پلاک ۵۴۱ توجه شده است.",
        "city": "شهرستان شهریار",
        "province": "استان تهران",
        "id": "MzY6YmYxODA5MWI4NzEw",
        "publicId": "MzY6YmYxODA5MWI4NzEw",
        "sourceId": "bf18091b8710",
        "layerId": 36,
        "type": "event",
        "status": "active",
        "urgency": null,
        "verificationTag": "verified",
        "expirationDate": null,
        "createdAt": "2026-03-16T22:41:07.565Z",
        "updatedAt": "2026-07-21T21:34:31.763Z"
      }
    },
    {
      "type": "Feature",
      "id": 90376,
      "geometry": {
        "type": "Point",
        "coordinates": [
          50.87140224201144,
          35.8665367121211
        ]
      },
      "properties": {
        "name:fa": "ایست و بازرسی ",
        "date": "",
        "description": "ایست و بازرسی کاملشهر",
        "city": "کمال شهر",
        "province": "استان البرز",
        "id": "MzY6N2RmMmFlMTNiMzEw",
        "publicId": "MzY6N2RmMmFlMTNiMzEw",
        "sourceId": "7df2ae13b310",
        "layerId": 36,
        "type": "event",
        "status": "active",
        "urgency": null,
        "verificationTag": "verified",
        "expirationDate": null,
        "createdAt": "2026-03-16T22:43:57.935Z",
        "updatedAt": "2026-07-21T21:34:31.763Z"
      }
    },
    {
      "type": "Feature",
      "id": 90378,
      "geometry": {
        "type": "Point",
        "coordinates": [
          51.402093041057526,
          35.743603177191304
        ]
      },
      "properties": {
        "name:fa": "ایست بازرسی",
        "date": "",
        "description": "ایست بازرسی کردستان حکیم",
        "city": "تهران",
        "province": "استان تهران",
        "id": "MzY6MmNjODg0NDJiOTY2",
        "publicId": "MzY6MmNjODg0NDJiOTY2",
        "sourceId": "2cc88442b966",
        "layerId": 36,
        "type": "event",
        "status": "active",
        "urgency": null,
        "verificationTag": "verified",
        "expirationDate": null,
        "createdAt": "2026-03-16T22:45:23.670Z",
        "updatedAt": "2026-07-21T21:34:31.763Z"
      }
    },
    {
      "type": "Feature",
      "id": 90379,
      "geometry": {
        "type": "Point",
        "coordinates": [
          51.308728072110995,
          35.71233748891794
        ]
      },
      "properties": {
        "name:fa": "ایست بازرسی",
        "date": "",
        "description": "ایست بازرستی ستاری",
        "city": "تهران",
        "province": "استان تهران",
        "id": "MzY6YmFlNjVhOTcwMzJk",
        "publicId": "MzY6YmFlNjVhOTcwMzJk",
        "sourceId": "bae65a97032d",
        "layerId": 36,
        "type": "event",
        "status": "active",
        "urgency": null,
        "verificationTag": "verified",
        "expirationDate": null,
        "createdAt": "2026-03-16T22:46:11.186Z",
        "updatedAt": "2026-07-21T21:34:31.763Z"
      }
    },
    {
      "type": "Feature",
      "id": 90380,
      "geometry": {
        "type": "Point",
        "coordinates": [
          51.3099755527721,
          35.72580175828877
        ]
      },
      "properties": {
        "name:fa": "نیروهای سرکوب",
        "date": "",
        "description": "تجمع نیروهای سرکوب",
        "city": "تهران",
        "province": "استان تهران",
        "id": "MzY6MDgyM2U2ZjM0MGRm",
        "publicId": "MzY6MDgyM2U2ZjM0MGRm",
        "sourceId": "0823e6f340df",
        "layerId": 36,
        "type": "event",
        "status": "active",
        "urgency": null,
        "verificationTag": "verified",
        "expirationDate": null,
        "createdAt": "2026-03-16T22:48:29.700Z",
        "updatedAt": "2026-07-21T21:34:31.763Z"
      }
    },
    {
      "type": "Feature",
      "id": 90382,
      "geometry": {
        "type": "Point",
        "coordinates": [
          51.46064887645244,
          35.80148162490451
        ]
      },
      "properties": {
        "name:fa": "ایست بازرسی",
        "date": "",
        "description": " دو سمت اندرزگو - تقاطع فرمانیه ایست بازرسی بود.",
        "city": "تجریش",
        "province": "استان تهران",
        "id": "MzY6YTZkMzk5NDNjNDZl",
        "publicId": "MzY6YTZkMzk5NDNjNDZl",
        "sourceId": "a6d39943c46e",
        "layerId": 36,
        "type": "event",
        "status": "active",
        "urgency": null,
        "verificationTag": "verified",
        "expirationDate": null,
        "createdAt": "2026-03-16T22:58:50.088Z",
        "updatedAt": "2026-07-21T21:34:31.763Z"
      }
    },
    {
      "type": "Feature",
      "id": 90383,
      "geometry": {
        "type": "Point",
        "coordinates": [
          51.421727156753946,
          35.76145511327515
        ]
      },
      "properties": {
        "name:fa": "ایست بازرسی",
        "date": "",
        "description": "ایست بازرسی",
        "city": "تهران",
        "province": "استان تهران",
        "id": "MzY6OWJlMmI0MGQ2YTIw",
        "publicId": "MzY6OWJlMmI0MGQ2YTIw",
        "sourceId": "9be2b40d6a20",
        "layerId": 36,
        "type": "event",
        "status": "active",
        "urgency": null,
        "verificationTag": "verified",
        "expirationDate": null,
        "createdAt": "2026-03-16T22:59:31.206Z",
        "updatedAt": "2026-07-21T21:34:31.763Z"
      }
    },
    {
      "type": "Feature",
      "id": 90384,
      "geometry": {
        "type": "Point",
        "coordinates": [
          51.55676158130612,
          35.46195687844234
        ]
      },
      "properties": {
        "name:fa": "ایست بازرسی",
        "date": "",
        "description": "ایست بازرسی یگان ویژه ۲۴ اسفند",
        "city": "شهرستان ری",
        "province": "استان تهران",
        "id": "MzY6OWQ5ZjVkMjBlMzUx",
        "publicId": "MzY6OWQ5ZjVkMjBlMzUx",
        "sourceId": "9d9f5d20e351",
        "layerId": 36,
        "type": "event",
        "status": "active",
        "urgency": null,
        "verificationTag": "verified",
        "expirationDate": null,
        "createdAt": "2026-03-16T23:00:26.690Z",
        "updatedAt": "2026-07-21T21:34:31.763Z"
      }
    },
    {
      "type": "Feature",
      "id": 90385,
      "geometry": {
        "type": "Point",
        "coordinates": [
          51.399425,
          35.637443
        ]
      },
      "properties": {
        "name:fa": "ایست بازرسی",
        "date": "",
        "description": "نبش خیابان بازار دوم (بابایی) و خیابان پیروز، از حدود ساعت ۲۰:۰۰ ایست بازرسی بسیجها برقرار است. 📍",
        "city": "تهران",
        "province": "استان تهران",
        "id": "MzY6N2YyNWVhY2QzM2U3",
        "publicId": "MzY6N2YyNWVhY2QzM2U3",
        "sourceId": "7f25eacd33e7",
        "layerId": 36,
        "type": "event",
        "status": "active",
        "urgency": null,
        "verificationTag": "verified",
        "expirationDate": null,
        "createdAt": "2026-03-16T23:01:22.588Z",
        "updatedAt": "2026-07-21T21:34:31.763Z"
      }
    },
    {
      "type": "Feature",
      "id": 90386,
      "geometry": {
        "type": "Point",
        "coordinates": [
          51.39990670245368,
          35.64957505798708
        ]
      },
      "properties": {
        "name:fa": "ایست بازرسی",
        "date": "",
        "description": "از هنرستان به عنوان پایگاه و ایست و بازرسی استفاده میکنند.",
        "city": "تهران",
        "province": "استان تهران",
        "id": "MzY6YWUzY2U1M2YyZWQz",
        "publicId": "MzY6YWUzY2U1M2YyZWQz",
        "sourceId": "ae3ce53f2ed3",
        "layerId": 36,
        "type": "event",
        "status": "active",
        "urgency": null,
        "verificationTag": "verified",
        "expirationDate": null,
        "createdAt": "2026-03-16T23:05:20.902Z",
        "updatedAt": "2026-07-21T21:34:31.763Z"
      }
    },
    {
      "type": "Feature",
      "id": 90387,
      "geometry": {
        "type": "Point",
        "coordinates": [
          51.399921335070644,
          35.64957260644553
        ]
      },
      "properties": {
        "name:fa": "ایست بازرسی",
        "date": "",
        "description": "از هنرستان به عنوان پایگاه و ایست و بازرسی استفاده میکنند.",
        "city": "تهران",
        "province": "استان تهران",
        "id": "MzY6ZmZjNGFkYWQ1Y2Nj",
        "publicId": "MzY6ZmZjNGFkYWQ1Y2Nj",
        "sourceId": "ffc4adad5ccc",
        "layerId": 36,
        "type": "event",
        "status": "active",
        "urgency": null,
        "verificationTag": "verified",
        "expirationDate": null,
        "createdAt": "2026-03-16T23:06:42.458Z",
        "updatedAt": "2026-07-21T21:34:31.763Z"
      }
    },
    {
      "type": "Feature",
      "id": 90388,
      "geometry": {
        "type": "Point",
        "coordinates": [
          51.14874285640707,
          35.75859044558892
        ]
      },
      "properties": {
        "name:fa": "ایست بازرسی",
        "date": "",
        "description": "ایست بازرسی خرازی",
        "city": "تهران",
        "province": "استان تهران",
        "id": "MzY6MGQxNGIyZmJkYjRl",
        "publicId": "MzY6MGQxNGIyZmJkYjRl",
        "sourceId": "0d14b2fbdb4e",
        "layerId": 36,
        "type": "event",
        "status": "active",
        "urgency": null,
        "verificationTag": "verified",
        "expirationDate": null,
        "createdAt": "2026-03-16T23:10:30.079Z",
        "updatedAt": "2026-07-21T21:34:31.763Z"
      }
    },
    {
      "type": "Feature",
      "id": 90391,
      "geometry": {
        "type": "Point",
        "coordinates": [
          51.6215585146071,
          35.74085369781616
        ]
      },
      "properties": {
        "name:fa": "ایست و بازرسی",
        "date": "",
        "description": "ایست و بازرسی با ماشین های نظامی و رگبار و اسلحه داخل ماشین ها",
        "city": "شهرستان تهران",
        "province": "استان تهران",
        "id": "MzY6YzI4ZGI5OGEwMzMx",
        "publicId": "MzY6YzI4ZGI5OGEwMzMx",
        "sourceId": "c28db98a0331",
        "layerId": 36,
        "type": "event",
        "status": "active",
        "urgency": null,
        "verificationTag": "verified",
        "expirationDate": null,
        "createdAt": "2026-03-16T23:14:46.514Z",
        "updatedAt": "2026-07-21T21:34:31.763Z"
      }
    },
    {
      "type": "Feature",
      "id": 90395,
      "geometry": {
        "type": "Point",
        "coordinates": [
          51.37055411483885,
          35.759055902571205
        ]
      },
      "properties": {
        "name:fa": "ایست بازرسی",
        "date": 1773174600,
        "description": "محل استقرار لباس شخصی در کانتینر",
        "city": "تهران",
        "province": "استان تهران",
        "id": "MzY6YzhhM2I5ZTY5NGFk",
        "publicId": "MzY6YzhhM2I5ZTY5NGFk",
        "sourceId": "c8a3b9e694ad",
        "layerId": 36,
        "type": "event",
        "status": "active",
        "urgency": null,
        "verificationTag": "not-verified",
        "expirationDate": null,
        "createdAt": "2026-03-17T03:13:11.961Z",
        "updatedAt": "2026-07-21T21:34:31.763Z"
      }
    },
    {
      "type": "Feature",
      "id": 90398,
      "geometry": {
        "type": "Point",
        "coordinates": [
          51.35538647077456,
          35.74754589513503
        ]
      },
      "properties": {
        "name:fa": "ایست بازرسی",
        "date": 1773174600,
        "description": "چندین بار از این منطقه عبور کرده‌ام. در چند نوبت مشاهده کردم که چند سرباز در آنجا حضور دارند و به نظر می‌رسد یک مسلسل ضدهوایی به‌صورت استتار شده در محل مستقر شده باشد.",
        "city": "تهران",
        "province": "استان تهران",
        "id": "MzY6NTg1MjQ2NzBmM2Zi",
        "publicId": "MzY6NTg1MjQ2NzBmM2Zi",
        "sourceId": "58524670f3fb",
        "layerId": 36,
        "type": "event",
        "status": "active",
        "urgency": null,
        "verificationTag": "not-verified",
        "expirationDate": null,
        "createdAt": "2026-03-17T03:15:27.951Z",
        "updatedAt": "2026-07-21T21:34:31.763Z"
      }
    },
    {
      "type": "Feature",
      "id": 90403,
      "geometry": {
        "type": "Point",
        "coordinates": [
          46.197804901550825,
          35.50309019081416
        ]
      },
      "properties": {
        "name:fa": "محل تجمع نیروهای سرکوبگر",
        "date": 1773693000,
        "description": "نیروهای سرکوبگر حدود ۲۰۰ نفر و نزدیک بە پنجاە چادر در این مکان مستقر شدن",
        "city": "شهرستان مریوان",
        "province": "استان کردستان",
        "id": "MzY6YTJjNTMxZmMyMDUw",
        "publicId": "MzY6YTJjNTMxZmMyMDUw",
        "sourceId": "a2c531fc2050",
        "layerId": 36,
        "type": "event",
        "status": "active",
        "urgency": null,
        "verificationTag": "verified",
        "expirationDate": null,
        "createdAt": "2026-03-17T09:20:18.430Z",
        "updatedAt": "2026-07-21T21:34:31.763Z"
      }
    },
    {
      "type": "Feature",
      "id": 90411,
      "geometry": {
        "type": "Point",
        "coordinates": [
          46.02398049048688,
          35.60947804620328
        ]
      },
      "properties": {
        "name:fa": "برجک",
        "date": 1773693000,
        "description": "",
        "city": "شهرستان مریوان",
        "province": "استان کردستان",
        "id": "MzY6ZTYwMmM2OTFlNTlj",
        "publicId": "MzY6ZTYwMmM2OTFlNTlj",
        "sourceId": "e602c691e59c",
        "layerId": 36,
        "type": "event",
        "status": "active",
        "urgency": null,
        "verificationTag": "verified",
        "expirationDate": null,
        "createdAt": "2026-03-17T12:46:26.021Z",
        "updatedAt": "2026-07-21T21:34:31.763Z"
      }
    },
    {
      "type": "Feature",
      "id": 90412,
      "geometry": {
        "type": "Point",
        "coordinates": [
          46.08806722843971,
          35.69377481497325
        ]
      },
      "properties": {
        "name:fa": "برجک",
        "date": 1773693000,
        "description": "",
        "city": "پنجوین",
        "province": "استان سلیمانیه",
        "id": "MzY6Y2MxNDIzMTAxMGVi",
        "publicId": "MzY6Y2MxNDIzMTAxMGVi",
        "sourceId": "cc14231010eb",
        "layerId": 36,
        "type": "event",
        "status": "active",
        "urgency": null,
        "verificationTag": "verified",
        "expirationDate": null,
        "createdAt": "2026-03-17T13:03:44.115Z",
        "updatedAt": "2026-07-21T21:34:31.763Z"
      }
    },
    {
      "type": "Feature",
      "id": 90415,
      "geometry": {
        "type": "Point",
        "coordinates": [
          46.10288035647318,
          35.68781465605841
        ]
      },
      "properties": {
        "name:fa": "برجک",
        "date": 1773693000,
        "description": "",
        "city": "پنجوین",
        "province": "استان سلیمانیه",
        "id": "MzY6M2E1YTUxZjI4Yzg0",
        "publicId": "MzY6M2E1YTUxZjI4Yzg0",
        "sourceId": "3a5a51f28c84",
        "layerId": 36,
        "type": "event",
        "status": "active",
        "urgency": null,
        "verificationTag": "verified",
        "expirationDate": null,
        "createdAt": "2026-03-17T13:09:24.836Z",
        "updatedAt": "2026-07-21T21:34:31.763Z"
      }
    },
    {
      "type": "Feature",
      "id": 90416,
      "geometry": {
        "type": "Point",
        "coordinates": [
          46.140911726185465,
          35.69768797752104
        ]
      },
      "properties": {
        "name:fa": "برجک",
        "date": "",
        "description": "",
        "city": "پنجوین",
        "province": "استان سلیمانیه",
        "id": "MzY6ZjZhODRiMzBkYjll",
        "publicId": "MzY6ZjZhODRiMzBkYjll",
        "sourceId": "f6a84b30db9e",
        "layerId": 36,
        "type": "event",
        "status": "active",
        "urgency": null,
        "verificationTag": "verified",
        "expirationDate": null,
        "createdAt": "2026-03-17T13:12:58.609Z",
        "updatedAt": "2026-07-21T21:34:31.763Z"
      }
    },
    {
      "type": "Feature",
      "id": 90417,
      "geometry": {
        "type": "Point",
        "coordinates": [
          46.1299241162767,
          35.69539268967536
        ]
      },
      "properties": {
        "name:fa": "برجک",
        "date": "",
        "description": "",
        "city": "پنجوین",
        "province": "استان سلیمانیه",
        "id": "MzY6MTkzNGZjZWVlNWU0",
        "publicId": "MzY6MTkzNGZjZWVlNWU0",
        "sourceId": "1934fceee5e4",
        "layerId": 36,
        "type": "event",
        "status": "active",
        "urgency": null,
        "verificationTag": "verified",
        "expirationDate": null,
        "createdAt": "2026-03-17T13:13:58.156Z",
        "updatedAt": "2026-07-21T21:34:31.763Z"
      }
    },
    {
      "type": "Feature",
      "id": 90421,
      "geometry": {
        "type": "Point",
        "coordinates": [
          46.02375683596793,
          35.59579975014914
        ]
      },
      "properties": {
        "name:fa": "برجک",
        "date": 1773693000,
        "description": "",
        "city": "شهرستان مریوان",
        "province": "استان کردستان",
        "id": "MzY6NDA5M2U2M2M2Y2Yx",
        "publicId": "MzY6NDA5M2U2M2M2Y2Yx",
        "sourceId": "4093e63c6cf1",
        "layerId": 36,
        "type": "event",
        "status": "active",
        "urgency": null,
        "verificationTag": "verified",
        "expirationDate": null,
        "createdAt": "2026-03-17T13:47:53.882Z",
        "updatedAt": "2026-07-21T21:34:31.763Z"
      }
    },
    {
      "type": "Feature",
      "id": 90422,
      "geometry": {
        "type": "Point",
        "coordinates": [
          46.02484236021854,
          35.588503901395924
        ]
      },
      "properties": {
        "name:fa": "برجک",
        "date": 1773693000,
        "description": "",
        "city": "شهرستان مریوان",
        "province": "استان کردستان",
        "id": "MzY6YTkzMTMzODQ2Yjg2",
        "publicId": "MzY6YTkzMTMzODQ2Yjg2",
        "sourceId": "a93133846b86",
        "layerId": 36,
        "type": "event",
        "status": "active",
        "urgency": null,
        "verificationTag": "verified",
        "expirationDate": null,
        "createdAt": "2026-03-17T13:49:21.217Z",
        "updatedAt": "2026-07-21T21:34:31.763Z"
      }
    },
    {
      "type": "Feature",
      "id": 90423,
      "geometry": {
        "type": "Point",
        "coordinates": [
          46.01528904931399,
          35.59447377231069
        ]
      },
      "properties": {
        "name:fa": "برجک",
        "date": 1773693000,
        "description": "",
        "city": "شهرستان مریوان",
        "province": "استان کردستان",
        "id": "MzY6OTNkNTE2ZTIxMjFl",
        "publicId": "MzY6OTNkNTE2ZTIxMjFl",
        "sourceId": "93d516e2121e",
        "layerId": 36,
        "type": "event",
        "status": "active",
        "urgency": null,
        "verificationTag": "verified",
        "expirationDate": null,
        "createdAt": "2026-03-17T13:52:13.148Z",
        "updatedAt": "2026-07-21T21:34:31.763Z"
      }
    },
    {
      "type": "Feature",
      "id": 90424,
      "geometry": {
        "type": "Point",
        "coordinates": [
          46.03008573679597,
          35.57718005002803
        ]
      },
      "properties": {
        "name:fa": "برجک",
        "date": 1773693000,
        "description": "",
        "city": "شهرستان مریوان",
        "province": "استان کردستان",
        "id": "MzY6MzE2ZDk5NTJhZmFj",
        "publicId": "MzY6MzE2ZDk5NTJhZmFj",
        "sourceId": "316d9952afac",
        "layerId": 36,
        "type": "event",
        "status": "active",
        "urgency": null,
        "verificationTag": "verified",
        "expirationDate": null,
        "createdAt": "2026-03-17T13:54:10.675Z",
        "updatedAt": "2026-07-21T21:34:31.763Z"
      }
    },
    {
      "type": "Feature",
      "id": 90425,
      "geometry": {
        "type": "Point",
        "coordinates": [
          46.0139492273544,
          35.57350325900579
        ]
      },
      "properties": {
        "name:fa": "برجک",
        "date": 1773693000,
        "description": "",
        "city": "پنجوین",
        "province": "استان سلیمانیه",
        "id": "MzY6ZDllZTAxNTQ5MTY1",
        "publicId": "MzY6ZDllZTAxNTQ5MTY1",
        "sourceId": "d9ee01549165",
        "layerId": 36,
        "type": "event",
        "status": "active",
        "urgency": null,
        "verificationTag": "verified",
        "expirationDate": null,
        "createdAt": "2026-03-17T13:56:37.771Z",
        "updatedAt": "2026-07-21T21:34:31.763Z"
      }
    },
    {
      "type": "Feature",
      "id": 90427,
      "geometry": {
        "type": "Point",
        "coordinates": [
          46.00427281228377,
          35.55570859179551
        ]
      },
      "properties": {
        "name:fa": "برجک",
        "date": 1773693000,
        "description": "",
        "city": "شهرستان مریوان",
        "province": "استان کردستان",
        "id": "MzY6NGFlOTQ1ZDkxOTI5",
        "publicId": "MzY6NGFlOTQ1ZDkxOTI5",
        "sourceId": "4ae945d91929",
        "layerId": 36,
        "type": "event",
        "status": "active",
        "urgency": null,
        "verificationTag": "verified",
        "expirationDate": null,
        "createdAt": "2026-03-17T14:00:23.715Z",
        "updatedAt": "2026-07-21T21:34:31.763Z"
      }
    },
    {
      "type": "Feature",
      "id": 90428,
      "geometry": {
        "type": "Point",
        "coordinates": [
          45.99870809046925,
          35.54262807572141
        ]
      },
      "properties": {
        "name:fa": "برجک",
        "date": 1773693000,
        "description": "",
        "city": "شهرستان مریوان",
        "province": "استان کردستان",
        "id": "MzY6MDE0YzU5YTg0MTA5",
        "publicId": "MzY6MDE0YzU5YTg0MTA5",
        "sourceId": "014c59a84109",
        "layerId": 36,
        "type": "event",
        "status": "active",
        "urgency": null,
        "verificationTag": "verified",
        "expirationDate": null,
        "createdAt": "2026-03-17T14:02:35.365Z",
        "updatedAt": "2026-07-21T21:34:31.763Z"
      }
    },
    {
      "type": "Feature",
      "id": 90429,
      "geometry": {
        "type": "Point",
        "coordinates": [
          45.99674820849225,
          35.53423110234907
        ]
      },
      "properties": {
        "name:fa": "برجک",
        "date": 1773693000,
        "description": "",
        "province": "استان سلیمانیه",
        "id": "MzY6ZGUzNzRjZTQ4NDg5",
        "publicId": "MzY6ZGUzNzRjZTQ4NDg5",
        "sourceId": "de374ce48489",
        "layerId": 36,
        "type": "event",
        "status": "active",
        "urgency": null,
        "verificationTag": "verified",
        "expirationDate": null,
        "createdAt": "2026-03-17T14:04:05.679Z",
        "updatedAt": "2026-07-21T21:34:31.763Z"
      }
    },
    {
      "type": "Feature",
      "id": 90434,
      "geometry": {
        "type": "Point",
        "coordinates": [
          46.02355908695844,
          35.49404614227717
        ]
      },
      "properties": {
        "name:fa": "برجک",
        "date": "",
        "description": "",
        "city": "شهرستان مریوان",
        "province": "استان کردستان",
        "id": "MzY6ZDljZDRhNjJiNDdm",
        "publicId": "MzY6ZDljZDRhNjJiNDdm",
        "sourceId": "d9cd4a62b47f",
        "layerId": 36,
        "type": "event",
        "status": "active",
        "urgency": null,
        "verificationTag": "not-verified",
        "expirationDate": null,
        "createdAt": "2026-03-17T14:19:14.557Z",
        "updatedAt": "2026-07-21T21:34:31.763Z"
      }
    },
    {
      "type": "Feature",
      "id": 90439,
      "geometry": {
        "type": "Point",
        "coordinates": [
          46.12851899345361,
          35.33826180065974
        ]
      },
      "properties": {
        "name:fa": "برجک",
        "date": 1773693000,
        "description": "",
        "city": "شهرستان سروآباد",
        "province": "استان کردستان",
        "id": "MzY6YmZkMDRiYTQ0NmVl",
        "publicId": "MzY6YmZkMDRiYTQ0NmVl",
        "sourceId": "bfd04ba446ee",
        "layerId": 36,
        "type": "event",
        "status": "active",
        "urgency": null,
        "verificationTag": "verified",
        "expirationDate": null,
        "createdAt": "2026-03-17T14:34:12.875Z",
        "updatedAt": "2026-07-21T21:34:31.763Z"
      }
    },
    {
      "type": "Feature",
      "id": 90440,
      "geometry": {
        "type": "Point",
        "coordinates": [
          46.15430513457764,
          35.31163087258693
        ]
      },
      "properties": {
        "name:fa": "برجک",
        "date": 1773693000,
        "description": "",
        "city": "شهرستان سروآباد",
        "province": "استان کردستان",
        "id": "MzY6MjJkMzc4NzM3MDYy",
        "publicId": "MzY6MjJkMzc4NzM3MDYy",
        "sourceId": "22d378737062",
        "layerId": 36,
        "type": "event",
        "status": "active",
        "urgency": null,
        "verificationTag": "verified",
        "expirationDate": null,
        "createdAt": "2026-03-17T14:37:03.247Z",
        "updatedAt": "2026-07-21T21:34:31.763Z"
      }
    },
    {
      "type": "Feature",
      "id": 90445,
      "geometry": {
        "type": "Point",
        "coordinates": [
          45.43045610241518,
          36.91422397386516
        ]
      },
      "properties": {
        "name:fa": "محل استقرار نیروی سرکوب",
        "date": 1773693000,
        "description": "این محل، محل استقرار نیروهای سرکوب، بسیج و نیروهای اطلاعاتی حومه نقده است. همچنین از آن به‌عنوان انبار مهمات جنگی ویژه سرکوب و محل تجمع شبانه بسیجیان استفاده می‌شود.",
        "city": "خلیفان",
        "province": "استان آذربایجان غربی",
        "id": "MzY6NTg5OWVjMjI5ODJh",
        "publicId": "MzY6NTg5OWVjMjI5ODJh",
        "sourceId": "5899ec22982a",
        "layerId": 36,
        "type": "event",
        "status": "active",
        "urgency": null,
        "verificationTag": "verified",
        "expirationDate": null,
        "createdAt": "2026-03-18T04:03:50.121Z",
        "updatedAt": "2026-07-21T21:34:31.763Z"
      }
    },
    {
      "type": "Feature",
      "id": 90493,
      "geometry": {
        "type": "Point",
        "coordinates": [
          47.1072486017257,
          34.316657372687615
        ]
      },
      "properties": {
        "name:fa": "محل تجمع نیروهای حکومتی",
        "date": "",
        "description": "",
        "city": "کرمانشاه",
        "province": "استان کرمانشاه",
        "id": "MzY6ZGNmZGM4ZTA4MDRk",
        "publicId": "MzY6ZGNmZGM4ZTA4MDRk",
        "sourceId": "dcfdc8e0804d",
        "layerId": 36,
        "type": "event",
        "status": "active",
        "urgency": null,
        "verificationTag": "not-verified",
        "expirationDate": null,
        "createdAt": "2026-03-18T11:55:42.093Z",
        "updatedAt": "2026-07-21T21:34:31.763Z"
      }
    },
    {
      "type": "Feature",
      "id": 90494,
      "geometry": {
        "type": "Point",
        "coordinates": [
          47.0766108527466,
          34.32625935146375
        ]
      },
      "properties": {
        "name:fa": "محل تجمع نیروی سرکوب",
        "date": "",
        "description": "",
        "city": "کرمانشاه",
        "province": "استان کرمانشاه",
        "id": "MzY6OWIyNDM1ZjQwN2M0",
        "publicId": "MzY6OWIyNDM1ZjQwN2M0",
        "sourceId": "9b2435f407c4",
        "layerId": 36,
        "type": "event",
        "status": "active",
        "urgency": null,
        "verificationTag": "not-verified",
        "expirationDate": null,
        "createdAt": "2026-03-18T12:08:15.765Z",
        "updatedAt": "2026-07-21T21:34:31.763Z"
      }
    },
    {
      "type": "Feature",
      "id": 90495,
      "geometry": {
        "type": "Point",
        "coordinates": [
          47.07462358116919,
          34.32630908310986
        ]
      },
      "properties": {
        "name:fa": "محل تجمع نیروی سرکوب",
        "date": "",
        "description": "",
        "city": "کرمانشاه",
        "province": "استان کرمانشاه",
        "id": "MzY6YTI4NWYzOGIyZWI3",
        "publicId": "MzY6YTI4NWYzOGIyZWI3",
        "sourceId": "a285f38b2eb7",
        "layerId": 36,
        "type": "event",
        "status": "active",
        "urgency": null,
        "verificationTag": "not-verified",
        "expirationDate": null,
        "createdAt": "2026-03-18T12:08:47.855Z",
        "updatedAt": "2026-07-21T21:34:31.763Z"
      }
    },
    {
      "type": "Feature",
      "id": 90496,
      "geometry": {
        "type": "Point",
        "coordinates": [
          51.13585963860524,
          35.71687135377299
        ]
      },
      "properties": {
        "name:fa": "ایست بازرسی",
        "date": "",
        "description": "",
        "city": "شهرستان قدس",
        "province": "استان تهران",
        "id": "MzY6Nzc2YmZhZjE3MWFh",
        "publicId": "MzY6Nzc2YmZhZjE3MWFh",
        "sourceId": "776bfaf171aa",
        "layerId": 36,
        "type": "event",
        "status": "active",
        "urgency": null,
        "verificationTag": "verified",
        "expirationDate": null,
        "createdAt": "2026-03-18T12:32:51.918Z",
        "updatedAt": "2026-07-21T21:34:31.763Z"
      }
    },
    {
      "type": "Feature",
      "id": 90497,
      "geometry": {
        "type": "Point",
        "coordinates": [
          51.31075574672954,
          35.75146615045607
        ]
      },
      "properties": {
        "name:fa": "ایست بازرسی",
        "date": "",
        "description": "محل ایست بازرسی",
        "city": "تهران",
        "province": "استان تهران",
        "id": "MzY6MTFlY2QyMTk3MzFk",
        "publicId": "MzY6MTFlY2QyMTk3MzFk",
        "sourceId": "11ecd219731d",
        "layerId": 36,
        "type": "event",
        "status": "active",
        "urgency": null,
        "verificationTag": "verified",
        "expirationDate": null,
        "createdAt": "2026-03-18T12:33:16.422Z",
        "updatedAt": "2026-07-21T21:34:31.763Z"
      }
    },
    {
      "type": "Feature",
      "id": 90498,
      "geometry": {
        "type": "Point",
        "coordinates": [
          51.36214253057665,
          35.77036181044667
        ]
      },
      "properties": {
        "name:fa": "ایست بازرسی",
        "date": "",
        "description": "ایست بازرسی بسیج",
        "city": "تهران",
        "province": "استان تهران",
        "id": "MzY6YWM1OTllZTQ2YWNl",
        "publicId": "MzY6YWM1OTllZTQ2YWNl",
        "sourceId": "ac599ee46ace",
        "layerId": 36,
        "type": "event",
        "status": "active",
        "urgency": null,
        "verificationTag": "verified",
        "expirationDate": null,
        "createdAt": "2026-03-18T12:33:51.589Z",
        "updatedAt": "2026-07-21T21:34:31.763Z"
      }
    },
    {
      "type": "Feature",
      "id": 90499,
      "geometry": {
        "type": "Point",
        "coordinates": [
          51.36550244399797,
          35.768440699280674
        ]
      },
      "properties": {
        "name:fa": "ایست بازرسی",
        "date": "",
        "description": "ایست بازرسی نیروهای نوپو",
        "city": "تهران",
        "province": "استان تهران",
        "id": "MzY6ZjBmNjQ3MDczNWVk",
        "publicId": "MzY6ZjBmNjQ3MDczNWVk",
        "sourceId": "f0f6470735ed",
        "layerId": 36,
        "type": "event",
        "status": "active",
        "urgency": null,
        "verificationTag": "verified",
        "expirationDate": null,
        "createdAt": "2026-03-18T12:34:19.921Z",
        "updatedAt": "2026-07-21T21:34:31.763Z"
      }
    },
    {
      "type": "Feature",
      "id": 90500,
      "geometry": {
        "type": "Point",
        "coordinates": [
          51.26484722173663,
          35.75039952880991
        ]
      },
      "properties": {
        "name:fa": "ایست بازرسی",
        "date": "",
        "description": "ایست بازرسی بسیج دهکده المپیک",
        "city": "تهران",
        "province": "استان تهران",
        "id": "MzY6ZTBhZDVhMmRmZjY4",
        "publicId": "MzY6ZTBhZDVhMmRmZjY4",
        "sourceId": "e0ad5a2dff68",
        "layerId": 36,
        "type": "event",
        "status": "active",
        "urgency": null,
        "verificationTag": "verified",
        "expirationDate": null,
        "createdAt": "2026-03-18T12:34:45.247Z",
        "updatedAt": "2026-07-21T21:34:31.763Z"
      }
    },
    {
      "type": "Feature",
      "id": 90501,
      "geometry": {
        "type": "Point",
        "coordinates": [
          49.26002600170551,
          36.15974857383378
        ]
      },
      "properties": {
        "name:fa": "ایست بازرسی",
        "date": "",
        "description": "ایست بازرسی",
        "city": "شهرستان ابهر",
        "province": "استان زنجان",
        "id": "MzY6ZWQ4ZjBlZTFlMDcw",
        "publicId": "MzY6ZWQ4ZjBlZTFlMDcw",
        "sourceId": "ed8f0ee1e070",
        "layerId": 36,
        "type": "event",
        "status": "active",
        "urgency": null,
        "verificationTag": "verified",
        "expirationDate": null,
        "createdAt": "2026-03-18T12:35:13.345Z",
        "updatedAt": "2026-07-21T21:34:31.763Z"
      }
    },
    {
      "type": "Feature",
      "id": 90502,
      "geometry": {
        "type": "Point",
        "coordinates": [
          49.26448126216215,
          36.16415394943127
        ]
      },
      "properties": {
        "name:fa": "ایست بازرسی",
        "date": "",
        "description": "ایست بازرسی",
        "city": "شهرستان ابهر",
        "province": "استان زنجان",
        "id": "MzY6NjFlOTZlMmQ2ZTAx",
        "publicId": "MzY6NjFlOTZlMmQ2ZTAx",
        "sourceId": "61e96e2d6e01",
        "layerId": 36,
        "type": "event",
        "status": "active",
        "urgency": null,
        "verificationTag": "verified",
        "expirationDate": null,
        "createdAt": "2026-03-18T12:35:34.153Z",
        "updatedAt": "2026-07-21T21:34:31.763Z"
      }
    },
    {
      "type": "Feature",
      "id": 90503,
      "geometry": {
        "type": "Point",
        "coordinates": [
          49.22356035806868,
          36.1480729097476
        ]
      },
      "properties": {
        "name:fa": "ایست بازرسی",
        "date": "",
        "description": "ایست بازرسی جلوی مخابرات",
        "city": "ابهر",
        "province": "استان زنجان",
        "id": "MzY6ZGQ1ZDU5MWYzOTUw",
        "publicId": "MzY6ZGQ1ZDU5MWYzOTUw",
        "sourceId": "dd5d591f3950",
        "layerId": 36,
        "type": "event",
        "status": "active",
        "urgency": null,
        "verificationTag": "verified",
        "expirationDate": null,
        "createdAt": "2026-03-18T12:36:31.571Z",
        "updatedAt": "2026-07-21T21:34:31.763Z"
      }
    },
    {
      "type": "Feature",
      "id": 90504,
      "geometry": {
        "type": "Point",
        "coordinates": [
          59.56754428311177,
          36.29870018321411
        ]
      },
      "properties": {
        "name:fa": "ایست بازرسی",
        "date": "",
        "description": "ایست بازررسی های شبانه معمولا ساعت های ۸ شب تا ۱۲ شب",
        "city": "مشهد",
        "province": "استان خراسان رضوی",
        "id": "MzY6MWExMGYzMmY5OTYy",
        "publicId": "MzY6MWExMGYzMmY5OTYy",
        "sourceId": "1a10f32f9962",
        "layerId": 36,
        "type": "event",
        "status": "active",
        "urgency": null,
        "verificationTag": "verified",
        "expirationDate": null,
        "createdAt": "2026-03-18T12:36:56.325Z",
        "updatedAt": "2026-07-21T21:34:31.763Z"
      }
    },
    {
      "type": "Feature",
      "id": 90505,
      "geometry": {
        "type": "Point",
        "coordinates": [
          51.57235061654893,
          35.80501538708711
        ]
      },
      "properties": {
        "name:fa": "ایست بازرسی",
        "date": "",
        "description": "چندین بار تو این نقطه ایست بازرسی بوده. آخرین بار جمعه ۲۲ اسفند از اونجا رد شدم و همچنان اونجا بودن. احتمالاً به خاطر نزدیکی به دانشگاه امام حسین و دانشگاه عالی دفاع. تعدادشون ولی خیلی متغیره روزها و ساعت‌های مختلف.",
        "city": "شهرستان شمیرانات",
        "province": "استان تهران",
        "id": "MzY6ODNlZjc2M2E1ZWNh",
        "publicId": "MzY6ODNlZjc2M2E1ZWNh",
        "sourceId": "83ef763a5eca",
        "layerId": 36,
        "type": "event",
        "status": "active",
        "urgency": null,
        "verificationTag": "verified",
        "expirationDate": null,
        "createdAt": "2026-03-18T12:37:16.608Z",
        "updatedAt": "2026-07-21T21:34:31.763Z"
      }
    },
    {
      "type": "Feature",
      "id": 90506,
      "geometry": {
        "type": "Point",
        "coordinates": [
          51.4586525,
          35.7368399
        ]
      },
      "properties": {
        "name:fa": "تجمع سرکوبگران",
        "date": "",
        "description": "ورزشگاه شهید موگویی در تهران توسط نیروهای سرکوب تصرف شده است. از این مکان برای اعزام به دو ایست بازرسی نزدیک میدان سبلان استفاده می‌شود. یکی از ایست‌های بازرسی دم مسجد صاحب الزمان قبل از میدان امام رضا و دیگری قبل یا بعد از میدان سبلان برقرار می‌شود.",
        "city": "تهران",
        "province": "استان تهران",
        "id": "MzY6MmI5MGI0MzEyMmVj",
        "publicId": "MzY6MmI5MGI0MzEyMmVj",
        "sourceId": "2b90b43122ec",
        "layerId": 36,
        "type": "event",
        "status": "active",
        "urgency": null,
        "verificationTag": "verified",
        "expirationDate": null,
        "createdAt": "2026-03-18T12:37:47.830Z",
        "updatedAt": "2026-07-21T21:34:31.763Z"
      }
    },
    {
      "type": "Feature",
      "id": 90507,
      "geometry": {
        "type": "Point",
        "coordinates": [
          51.4255338577542,
          35.71552917985309
        ]
      },
      "properties": {
        "name:fa": "ایست بازرسی",
        "date": "",
        "description": "ایست بازرسی",
        "city": "تهران",
        "province": "استان تهران",
        "id": "MzY6MjYwZjJkOTgzZTU0",
        "publicId": "MzY6MjYwZjJkOTgzZTU0",
        "sourceId": "260f2d983e54",
        "layerId": 36,
        "type": "event",
        "status": "active",
        "urgency": null,
        "verificationTag": "verified",
        "expirationDate": null,
        "createdAt": "2026-03-18T12:38:28.315Z",
        "updatedAt": "2026-07-21T21:34:31.763Z"
      }
    },
    {
      "type": "Feature",
      "id": 90508,
      "geometry": {
        "type": "Point",
        "coordinates": [
          51.42687403594647,
          35.7169689694216
        ]
      },
      "properties": {
        "name:fa": "ایست بازرسی",
        "date": "",
        "description": "ایست بازرسی",
        "city": "تهران",
        "province": "استان تهران",
        "id": "MzY6MzI5MTFhZTlhNDc1",
        "publicId": "MzY6MzI5MTFhZTlhNDc1",
        "sourceId": "32911ae9a475",
        "layerId": 36,
        "type": "event",
        "status": "active",
        "urgency": null,
        "verificationTag": "verified",
        "expirationDate": null,
        "createdAt": "2026-03-18T12:38:51.729Z",
        "updatedAt": "2026-07-21T21:34:31.763Z"
      }
    },
    {
      "type": "Feature",
      "id": 90509,
      "geometry": {
        "type": "Point",
        "coordinates": [
          51.34307,
          35.648726
        ]
      },
      "properties": {
        "name:fa": "تجمع سرکوبگران",
        "date": "",
        "description": "در این محدوده سه ماشین زرهی سرکوب وجود دارد که دو تای آن‌ها قفس بازداشت دارند و یکی دوشکا دارد. شب‌ها در آنجا می‌خوابند و گاهی موتور سرکوب‌گران کنارشان می‌ایستد. با فاصله 10 متر از هم ایستاده‌اند و سرکوب‌گران دور اطرافشان هستند.",
        "city": "تهران",
        "province": "استان تهران",
        "id": "MzY6MGZiOGEyZjUwNjA3",
        "publicId": "MzY6MGZiOGEyZjUwNjA3",
        "sourceId": "0fb8a2f50607",
        "layerId": 36,
        "type": "event",
        "status": "active",
        "urgency": null,
        "verificationTag": "verified",
        "expirationDate": null,
        "createdAt": "2026-03-18T12:39:20.466Z",
        "updatedAt": "2026-07-21T21:34:31.763Z"
      }
    },
    {
      "type": "Feature",
      "id": 90510,
      "geometry": {
        "type": "Point",
        "coordinates": [
          51.533910419125334,
          35.7431716853353
        ]
      },
      "properties": {
        "name:fa": "تجمع سرکوبگران و ایست بازرسی",
        "date": "",
        "description": "ایست بازرسی نیروهای سرکوب که در چادر میخوابند",
        "city": "تهران",
        "province": "استان تهران",
        "id": "MzY6Y2E5ZTMyMzc4ZGNk",
        "publicId": "MzY6Y2E5ZTMyMzc4ZGNk",
        "sourceId": "ca9e32378dcd",
        "layerId": 36,
        "type": "event",
        "status": "active",
        "urgency": null,
        "verificationTag": "verified",
        "expirationDate": null,
        "createdAt": "2026-03-18T12:39:48.966Z",
        "updatedAt": "2026-07-21T21:34:31.763Z"
      }
    },
    {
      "type": "Feature",
      "id": 90511,
      "geometry": {
        "type": "Point",
        "coordinates": [
          51.22807230614714,
          35.54520082857452
        ]
      },
      "properties": {
        "name:fa": "تجمع سرکوبگران",
        "date": "",
        "description": "مسجد مهدیه مقر اصلی بیسجیان منطقه برای سرکوب معترضین و انجام عملیات های همچون ایست بازرسی",
        "city": "اسلامشهر",
        "province": "استان تهران",
        "id": "MzY6NGQzODhiZmI0ZDk5",
        "publicId": "MzY6NGQzODhiZmI0ZDk5",
        "sourceId": "4d388bfb4d99",
        "layerId": 36,
        "type": "event",
        "status": "active",
        "urgency": null,
        "verificationTag": "verified",
        "expirationDate": null,
        "createdAt": "2026-03-18T12:44:26.558Z",
        "updatedAt": "2026-07-21T21:34:31.763Z"
      }
    },
    {
      "type": "Feature",
      "id": 90512,
      "geometry": {
        "type": "Point",
        "coordinates": [
          51.04422495334171,
          35.83562341534467
        ]
      },
      "properties": {
        "name:fa": "ایست بازرسی",
        "date": "",
        "description": "ایست بازرسی و محل اختفا نیروی های بسیج",
        "city": "شهرستان کرج",
        "province": "استان البرز",
        "id": "MzY6Zjg3YmM1NTcyYTgy",
        "publicId": "MzY6Zjg3YmM1NTcyYTgy",
        "sourceId": "f87bc5572a82",
        "layerId": 36,
        "type": "event",
        "status": "active",
        "urgency": null,
        "verificationTag": "verified",
        "expirationDate": null,
        "createdAt": "2026-03-18T12:45:33.930Z",
        "updatedAt": "2026-07-21T21:34:31.763Z"
      }
    },
    {
      "type": "Feature",
      "id": 90513,
      "geometry": {
        "type": "Point",
        "coordinates": [
          51.43663419245394,
          35.77505957759355
        ]
      },
      "properties": {
        "name:fa": "ایست بازرسی",
        "date": "",
        "description": "ایست و بازرسی مسلح",
        "city": "تهران",
        "province": "استان تهران",
        "id": "MzY6Mjc3M2VhMmJmMGM5",
        "publicId": "MzY6Mjc3M2VhMmJmMGM5",
        "sourceId": "2773ea2bf0c9",
        "layerId": 36,
        "type": "event",
        "status": "active",
        "urgency": null,
        "verificationTag": "verified",
        "expirationDate": null,
        "createdAt": "2026-03-18T12:46:59.717Z",
        "updatedAt": "2026-07-21T21:34:31.763Z"
      }
    },
    {
      "type": "Feature",
      "id": 90514,
      "geometry": {
        "type": "Point",
        "coordinates": [
          51.43677105911695,
          35.77441501374716
        ]
      },
      "properties": {
        "name:fa": "تجمع نیروهای سرکوب",
        "date": "",
        "description": "مسجد قلهک زیر زمینی بسیار بزرگ دارد که پایگاه بسیجی ها و مهمات انها هست",
        "city": "تهران",
        "province": "استان تهران",
        "id": "MzY6ODhmNzYzZTA5NzI2",
        "publicId": "MzY6ODhmNzYzZTA5NzI2",
        "sourceId": "88f763e09726",
        "layerId": 36,
        "type": "event",
        "status": "active",
        "urgency": null,
        "verificationTag": "verified",
        "expirationDate": null,
        "createdAt": "2026-03-18T12:47:57.379Z",
        "updatedAt": "2026-07-21T21:34:31.763Z"
      }
    },
    {
      "type": "Feature",
      "id": 90515,
      "geometry": {
        "type": "Point",
        "coordinates": [
          49.06604343215733,
          36.313289783453655
        ]
      },
      "properties": {
        "name:fa": "ایست بازرسی",
        "date": "",
        "description": "",
        "city": "صائین قلعه",
        "province": "استان زنجان",
        "id": "MzY6YzA1MTJmODdiYzc0",
        "publicId": "MzY6YzA1MTJmODdiYzc0",
        "sourceId": "c0512f87bc74",
        "layerId": 36,
        "type": "event",
        "status": "active",
        "urgency": null,
        "verificationTag": "verified",
        "expirationDate": null,
        "createdAt": "2026-03-18T12:50:49.836Z",
        "updatedAt": "2026-07-21T21:34:31.763Z"
      }
    },
    {
      "type": "Feature",
      "id": 90516,
      "geometry": {
        "type": "Point",
        "coordinates": [
          51.29096598312785,
          35.76816006089166
        ]
      },
      "properties": {
        "name:fa": "ایست بازرسی",
        "date": "",
        "description": "ایست بازرسی ثابت در این موقعیت. همین الان تجمع قابل توجه مزدوران رژیم در این نقطه.",
        "city": "تهران",
        "province": "استان تهران",
        "id": "MzY6M2YzMDQyYjNiMTM5",
        "publicId": "MzY6M2YzMDQyYjNiMTM5",
        "sourceId": "3f3042b3b139",
        "layerId": 36,
        "type": "event",
        "status": "active",
        "urgency": null,
        "verificationTag": "verified",
        "expirationDate": null,
        "createdAt": "2026-03-18T12:56:37.023Z",
        "updatedAt": "2026-07-21T21:34:31.763Z"
      }
    },
    {
      "type": "Feature",
      "id": 90517,
      "geometry": {
        "type": "Point",
        "coordinates": [
          51.29100693610289,
          35.76780096984294
        ]
      },
      "properties": {
        "name:fa": "تجمع نیروهای سرکوبگر",
        "date": "",
        "description": "این مسجد لانه فساده. همیشه ایست بازرسی در مقابلش می زنند و نیروی سرکوب هم از همین جا روانه میشه. دارای اسلحه و تفنگ جنگی هستند داخل این کثافت دانی. بزنید بترکونیدش.",
        "city": "تهران",
        "province": "استان تهران",
        "id": "MzY6MTJhZDU1ZmFkMWMx",
        "publicId": "MzY6MTJhZDU1ZmFkMWMx",
        "sourceId": "12ad55fad1c1",
        "layerId": 36,
        "type": "event",
        "status": "active",
        "urgency": null,
        "verificationTag": "verified",
        "expirationDate": null,
        "createdAt": "2026-03-18T12:57:25.559Z",
        "updatedAt": "2026-07-21T21:34:31.763Z"
      }
    },
    {
      "type": "Feature",
      "id": 90519,
      "geometry": {
        "type": "Point",
        "coordinates": [
          51.37352358360357,
          35.672682590258034
        ]
      },
      "properties": {
        "name:fa": "تجمع نیروهای سرکوب",
        "date": "",
        "description": "اینجا پایگاه بسیج گروهان تکاور امنیتی یگان امام رضا هست ، خیابون عرب پایین تر از خیابان فرد ، هر شب هم میان تو میدون بریانک ایست بازرسی میذارن و نوحه پخش میکنن",
        "city": "تهران",
        "province": "استان تهران",
        "id": "MzY6NjQyZTY5MDY1MWYz",
        "publicId": "MzY6NjQyZTY5MDY1MWYz",
        "sourceId": "642e690651f3",
        "layerId": 36,
        "type": "event",
        "status": "active",
        "urgency": null,
        "verificationTag": "verified",
        "expirationDate": null,
        "createdAt": "2026-03-18T12:59:21.750Z",
        "updatedAt": "2026-07-21T21:34:31.763Z"
      }
    },
    {
      "type": "Feature",
      "id": 90520,
      "geometry": {
        "type": "Point",
        "coordinates": [
          51.37157611311801,
          35.67399777200741
        ]
      },
      "properties": {
        "name:fa": "تجمع نیروهای سرکوب",
        "date": "",
        "description": "مسجد المهدی محل تجمع نیروهای مسلح بسیج از چندین ناحیه و مساجد منطقه افراد مستقر در این مکان در تمام روزهای اعتراضات بسمت مردم شلیک کردند و منطقه را در دست گرفتند و قلدری می کنند . تا دیشب اطلاع دقیق دارم که نیروها در این مسجد مستقر بودند .",
        "city": "تهران",
        "province": "استان تهران",
        "id": "MzY6ZmViN2NlZGI0MTk3",
        "publicId": "MzY6ZmViN2NlZGI0MTk3",
        "sourceId": "feb7cedb4197",
        "layerId": 36,
        "type": "event",
        "status": "active",
        "urgency": null,
        "verificationTag": "verified",
        "expirationDate": null,
        "createdAt": "2026-03-18T12:59:45.929Z",
        "updatedAt": "2026-07-21T21:34:31.763Z"
      }
    },
    {
      "type": "Feature",
      "id": 90521,
      "geometry": {
        "type": "Point",
        "coordinates": [
          59.54055090381166,
          36.31577573641951
        ]
      },
      "properties": {
        "name:fa": "تجمع نیروهای سرکوب",
        "date": "",
        "description": "محل قرارگیری نیروی یگان ویژه سرکوب",
        "city": "مشهد",
        "province": "استان خراسان رضوی",
        "id": "MzY6ZWU3MGFkZTQ3YTli",
        "publicId": "MzY6ZWU3MGFkZTQ3YTli",
        "sourceId": "ee70ade47a9b",
        "layerId": 36,
        "type": "event",
        "status": "active",
        "urgency": null,
        "verificationTag": "verified",
        "expirationDate": null,
        "createdAt": "2026-03-18T13:00:16.627Z",
        "updatedAt": "2026-07-21T21:34:31.763Z"
      }
    },
    {
      "type": "Feature",
      "id": 90522,
      "geometry": {
        "type": "Point",
        "coordinates": [
          47.5734226716788,
          35.884017223601276
        ]
      },
      "properties": {
        "name:fa": "ایست بازرسی",
        "date": "",
        "description": "ایست بازررسی شدید توسط ماموران سپاه و آگاهی تمام مسلح اکثر اوقات هستند ولی بیشترین تایم حضورشون غروب هست",
        "city": "بیجار",
        "province": "استان کردستان",
        "id": "MzY6NTZlMzNjNmRjMzk0",
        "publicId": "MzY6NTZlMzNjNmRjMzk0",
        "sourceId": "56e33c6dc394",
        "layerId": 36,
        "type": "event",
        "status": "active",
        "urgency": null,
        "verificationTag": "verified",
        "expirationDate": null,
        "createdAt": "2026-03-18T13:01:39.796Z",
        "updatedAt": "2026-07-21T21:34:31.763Z"
      }
    },
    {
      "type": "Feature",
      "id": 90523,
      "geometry": {
        "type": "Point",
        "coordinates": [
          49.21227336250456,
          36.19178925124724
        ]
      },
      "properties": {
        "name:fa": "ایست بازرسی",
        "date": "",
        "description": "ایست بازرسی (ثابت)",
        "city": "خرمدره",
        "province": "استان زنجان",
        "id": "MzY6ODFmYTJiYTUzMzgw",
        "publicId": "MzY6ODFmYTJiYTUzMzgw",
        "sourceId": "81fa2ba53380",
        "layerId": 36,
        "type": "event",
        "status": "active",
        "urgency": null,
        "verificationTag": "verified",
        "expirationDate": null,
        "createdAt": "2026-03-18T13:02:02.544Z",
        "updatedAt": "2026-07-21T21:34:31.763Z"
      }
    },
    {
      "type": "Feature",
      "id": 90524,
      "geometry": {
        "type": "Point",
        "coordinates": [
          49.16299089421153,
          36.2450726029999
        ]
      },
      "properties": {
        "name:fa": "ایست بازرسی",
        "date": "",
        "description": "ایست بازرسی (ثابت) - جدیدا کانکس هم اضافه کردن",
        "city": "شهرستان ابهر",
        "province": "استان زنجان",
        "id": "MzY6YjQwMzYxZjAwOTJh",
        "publicId": "MzY6YjQwMzYxZjAwOTJh",
        "sourceId": "b40361f0092a",
        "layerId": 36,
        "type": "event",
        "status": "active",
        "urgency": null,
        "verificationTag": "verified",
        "expirationDate": null,
        "createdAt": "2026-03-18T13:02:20.227Z",
        "updatedAt": "2026-07-21T21:34:31.763Z"
      }
    },
    {
      "type": "Feature",
      "id": 90525,
      "geometry": {
        "type": "Point",
        "coordinates": [
          49.080631549178776,
          36.3082687003658
        ]
      },
      "properties": {
        "name:fa": "ایست بازرسی",
        "date": "",
        "description": "ایست بازرسی (متغیر) - همیشگی نیست",
        "city": "صائین قلعه",
        "province": "استان زنجان",
        "id": "MzY6OGI0NWZlZTg4Y2E5",
        "publicId": "MzY6OGI0NWZlZTg4Y2E5",
        "sourceId": "8b45fee88ca9",
        "layerId": 36,
        "type": "event",
        "status": "active",
        "urgency": null,
        "verificationTag": "verified",
        "expirationDate": null,
        "createdAt": "2026-03-18T13:02:39.557Z",
        "updatedAt": "2026-07-21T21:34:31.763Z"
      }
    },
    {
      "type": "Feature",
      "id": 90527,
      "geometry": {
        "type": "Point",
        "coordinates": [
          59.490193892128985,
          36.36618333420347
        ]
      },
      "properties": {
        "name:fa": "ایست بازرسی ",
        "date": "",
        "description": "ایست بازرسی ",
        "city": "مشهد",
        "province": "استان خراسان رضوی",
        "id": "MzY6MjcxNmM1ODM1ZGU2",
        "publicId": "MzY6MjcxNmM1ODM1ZGU2",
        "sourceId": "2716c5835de6",
        "layerId": 36,
        "type": "event",
        "status": "active",
        "urgency": null,
        "verificationTag": "verified",
        "expirationDate": null,
        "createdAt": "2026-03-18T16:42:56.757Z",
        "updatedAt": "2026-07-21T21:34:31.763Z"
      }
    },
    {
      "type": "Feature",
      "id": 90528,
      "geometry": {
        "type": "Point",
        "coordinates": [
          51.79762597415271,
          35.7423095057226
        ]
      },
      "properties": {
        "name:fa": "ایست بازرسی ",
        "date": "",
        "description": "ایست بازرسی ورودی پردیس",
        "city": "پردیس",
        "province": "استان تهران",
        "id": "MzY6MDFjMmM5ZWJkZGRl",
        "publicId": "MzY6MDFjMmM5ZWJkZGRl",
        "sourceId": "01c2c9ebddde",
        "layerId": 36,
        "type": "event",
        "status": "active",
        "urgency": null,
        "verificationTag": "verified",
        "expirationDate": null,
        "createdAt": "2026-03-18T16:43:32.945Z",
        "updatedAt": "2026-07-21T21:34:31.763Z"
      }
    },
    {
      "type": "Feature",
      "id": 90532,
      "geometry": {
        "type": "Point",
        "coordinates": [
          51.363055087417536,
          35.699337025301915
        ]
      },
      "properties": {
        "name:fa": "ایست بازرسی",
        "date": 1773347400,
        "description": "",
        "city": "تهران",
        "province": "استان تهران",
        "id": "MzY6NTliMzNlZWMyNzc5",
        "publicId": "MzY6NTliMzNlZWMyNzc5",
        "sourceId": "59b33eec2779",
        "layerId": 36,
        "type": "event",
        "status": "active",
        "urgency": null,
        "verificationTag": "not-verified",
        "expirationDate": null,
        "createdAt": "2026-03-18T17:23:06.557Z",
        "updatedAt": "2026-07-21T21:34:31.763Z"
      }
    },
    {
      "type": "Feature",
      "id": 90534,
      "geometry": {
        "type": "Point",
        "coordinates": [
          48.52996327135935,
          36.69336863619884
        ]
      },
      "properties": {
        "name:fa": "دکل صدا و سیما",
        "date": "",
        "description": "ایستگاه دکل فرستنده صدا و سیما زنجان.شاید کاربرد دیگه ای هم داشته باشه. از خیلی سال های پیش تابلوی \"منطقه نظامی - عکس برداری ممنوع\" داشت. در طول جنگ ۱۲ روزه هم ورودی مراکز تفریحی اطرافش توسط پلیس بسته بود.",
        "city": "زنجان",
        "province": "استان زنجان",
        "id": "MzY6ZTViZWZhNmFmNzQ0",
        "publicId": "MzY6ZTViZWZhNmFmNzQ0",
        "sourceId": "e5befa6af744",
        "layerId": 36,
        "type": "event",
        "status": "active",
        "urgency": null,
        "verificationTag": "verified",
        "expirationDate": null,
        "createdAt": "2026-03-18T17:29:33.747Z",
        "updatedAt": "2026-07-21T21:34:31.763Z"
      }
    },
    {
      "type": "Feature",
      "id": 90535,
      "geometry": {
        "type": "Point",
        "coordinates": [
          51.405892669546546,
          35.720149109665925
        ]
      },
      "properties": {
        "name:fa": "ایست بازرسی",
        "date": "",
        "description": "ایست بازرسی",
        "city": "تهران",
        "province": "استان تهران",
        "id": "MzY6MGVmZDFiN2M2NDdk",
        "publicId": "MzY6MGVmZDFiN2M2NDdk",
        "sourceId": "0efd1b7c647d",
        "layerId": 36,
        "type": "event",
        "status": "active",
        "urgency": null,
        "verificationTag": "verified",
        "expirationDate": null,
        "createdAt": "2026-03-18T17:30:36.513Z",
        "updatedAt": "2026-07-21T21:34:31.763Z"
      }
    },
    {
      "type": "Feature",
      "id": 90536,
      "geometry": {
        "type": "Point",
        "coordinates": [
          51.05766262531944,
          35.46573305238542
        ]
      },
      "properties": {
        "name:fa": "ایست بازرسی",
        "date": "",
        "description": "ایست بازرسی سپاه و بسیج",
        "city": "رباط کریم",
        "province": "استان تهران",
        "id": "MzY6MTA4MTAwODQ1NDM0",
        "publicId": "MzY6MTA4MTAwODQ1NDM0",
        "sourceId": "108100845434",
        "layerId": 36,
        "type": "event",
        "status": "active",
        "urgency": null,
        "verificationTag": "verified",
        "expirationDate": null,
        "createdAt": "2026-03-18T17:32:23.833Z",
        "updatedAt": "2026-07-21T21:34:31.763Z"
      }
    },
    {
      "type": "Feature",
      "id": 90537,
      "geometry": {
        "type": "Point",
        "coordinates": [
          50.96764013187038,
          35.45900485000979
        ]
      },
      "properties": {
        "name:fa": "ایست بازرسی",
        "date": "",
        "description": "ایست بازرسی سپاه",
        "city": "شهرستان رباط کریم",
        "province": "استان تهران",
        "id": "MzY6MzA0NzFlZTEyMWZk",
        "publicId": "MzY6MzA0NzFlZTEyMWZk",
        "sourceId": "30471ee121fd",
        "layerId": 36,
        "type": "event",
        "status": "active",
        "urgency": null,
        "verificationTag": "verified",
        "expirationDate": null,
        "createdAt": "2026-03-18T17:35:11.707Z",
        "updatedAt": "2026-07-21T21:34:31.763Z"
      }
    },
    {
      "type": "Feature",
      "id": 90538,
      "geometry": {
        "type": "Point",
        "coordinates": [
          51.429335460740305,
          35.73080447531302
        ]
      },
      "properties": {
        "name:fa": "ایست بازرسی",
        "date": "",
        "description": "ایست بازرسی",
        "city": "تهران",
        "province": "استان تهران",
        "id": "MzY6OTY2ZjVlYWVjNzky",
        "publicId": "MzY6OTY2ZjVlYWVjNzky",
        "sourceId": "966f5eaec792",
        "layerId": 36,
        "type": "event",
        "status": "active",
        "urgency": null,
        "verificationTag": "verified",
        "expirationDate": null,
        "createdAt": "2026-03-18T17:37:23.785Z",
        "updatedAt": "2026-07-21T21:34:31.763Z"
      }
    },
    {
      "type": "Feature",
      "id": 90539,
      "geometry": {
        "type": "Point",
        "coordinates": [
          45.214722919035665,
          38.68629122066952
        ]
      },
      "properties": {
        "name:fa": "ایست بازرسی",
        "date": "",
        "description": "پادگان و ایست بازرسی سه راهی خوی",
        "city": "شهرستان خوی",
        "province": "استان آذربایجان غربی",
        "id": "MzY6YTk0MjBmZjAzN2U5",
        "publicId": "MzY6YTk0MjBmZjAzN2U5",
        "sourceId": "a9420ff037e9",
        "layerId": 36,
        "type": "event",
        "status": "active",
        "urgency": null,
        "verificationTag": "verified",
        "expirationDate": null,
        "createdAt": "2026-03-18T17:37:58.714Z",
        "updatedAt": "2026-07-21T21:34:31.763Z"
      }
    },
    {
      "type": "Feature",
      "id": 90540,
      "geometry": {
        "type": "Point",
        "coordinates": [
          51.51442620152679,
          35.73774932956668
        ]
      },
      "properties": {
        "name:fa": "ایست بازرسی",
        "date": "",
        "description": "ایست بازرسی",
        "city": "تهران",
        "province": "استان تهران",
        "id": "MzY6MTY5NmQwYjRiZjA4",
        "publicId": "MzY6MTY5NmQwYjRiZjA4",
        "sourceId": "1696d0b4bf08",
        "layerId": 36,
        "type": "event",
        "status": "active",
        "urgency": null,
        "verificationTag": "verified",
        "expirationDate": null,
        "createdAt": "2026-03-18T17:38:57.856Z",
        "updatedAt": "2026-07-21T21:34:31.763Z"
      }
    },
    {
      "type": "Feature",
      "id": 90542,
      "geometry": {
        "type": "Point",
        "coordinates": [
          51.00114559300715,
          35.47083829190109
        ]
      },
      "properties": {
        "name:fa": "ایست بازرسی",
        "date": "",
        "description": "ایست بازرسی سپاه",
        "city": "شهرجدیدپرند",
        "province": "استان تهران",
        "id": "MzY6YjM2NmI4Y2UwMmJm",
        "publicId": "MzY6YjM2NmI4Y2UwMmJm",
        "sourceId": "b366b8ce02bf",
        "layerId": 36,
        "type": "event",
        "status": "active",
        "urgency": null,
        "verificationTag": "verified",
        "expirationDate": null,
        "createdAt": "2026-03-18T17:40:43.887Z",
        "updatedAt": "2026-07-21T21:34:31.763Z"
      }
    },
    {
      "type": "Feature",
      "id": 90544,
      "geometry": {
        "type": "Point",
        "coordinates": [
          51.28981711133363,
          35.758116155736445
        ]
      },
      "properties": {
        "name:fa": "ایست بازرسی",
        "date": "",
        "description": "محل ایست بازرسی نیروهای تروریستی سپاهی",
        "city": "تهران",
        "province": "استان تهران",
        "id": "MzY6YzNkYmUxMmJjOTBh",
        "publicId": "MzY6YzNkYmUxMmJjOTBh",
        "sourceId": "c3dbe12bc90a",
        "layerId": 36,
        "type": "event",
        "status": "active",
        "urgency": null,
        "verificationTag": "verified",
        "expirationDate": null,
        "createdAt": "2026-03-18T17:42:42.465Z",
        "updatedAt": "2026-07-21T21:34:31.763Z"
      }
    },
    {
      "type": "Feature",
      "id": 90587,
      "geometry": {
        "type": "Point",
        "coordinates": [
          51.33874390669919,
          35.76325469596081
        ]
      },
      "properties": {
        "name:fa": "مرکز اجتماع",
        "date": "",
        "description": "مرکز اجتماع نظامیان وابسته به سپاه",
        "city": "تهران",
        "province": "استان تهران",
        "id": "MzY6ZDZiYzMzMmZjNTBk",
        "publicId": "MzY6ZDZiYzMzMmZjNTBk",
        "sourceId": "d6bc332fc50d",
        "layerId": 36,
        "type": "event",
        "status": "active",
        "urgency": null,
        "verificationTag": "not-verified",
        "expirationDate": null,
        "createdAt": "2026-03-19T06:42:16.409Z",
        "updatedAt": "2026-07-21T21:34:31.763Z"
      }
    },
    {
      "type": "Feature",
      "id": 90593,
      "geometry": {
        "type": "Point",
        "coordinates": [
          51.36487074710274,
          35.76870442401807
        ]
      },
      "properties": {
        "name:fa": "نیروهای سرکوب",
        "date": "",
        "description": "محل استقرار خودرو های سرکوب",
        "city": "تهران",
        "province": "استان تهران",
        "id": "MzY6NzkwZTFhOTNjZmRm",
        "publicId": "MzY6NzkwZTFhOTNjZmRm",
        "sourceId": "790e1a93cfdf",
        "layerId": 36,
        "type": "event",
        "status": "active",
        "urgency": null,
        "verificationTag": "not-verified",
        "expirationDate": null,
        "createdAt": "2026-03-19T06:54:37.379Z",
        "updatedAt": "2026-07-21T21:34:31.763Z"
      }
    },
    {
      "type": "Feature",
      "id": 90594,
      "geometry": {
        "type": "Point",
        "coordinates": [
          51.33487346000862,
          35.76024274601869
        ]
      },
      "properties": {
        "name:fa": "نیروی سرکوب",
        "date": "",
        "description": "حضور خودروهای سرکوب بسیج مستقر در ورودی پاساژ بوستان",
        "city": "تهران",
        "province": "استان تهران",
        "id": "MzY6MTk5OGQzNDM3ZGZm",
        "publicId": "MzY6MTk5OGQzNDM3ZGZm",
        "sourceId": "1998d3437dff",
        "layerId": 36,
        "type": "event",
        "status": "active",
        "urgency": null,
        "verificationTag": "not-verified",
        "expirationDate": null,
        "createdAt": "2026-03-19T07:02:43.997Z",
        "updatedAt": "2026-07-21T21:34:31.763Z"
      }
    },
    {
      "type": "Feature",
      "id": 90621,
      "geometry": {
        "type": "Point",
        "coordinates": [
          50.96686277103018,
          35.87294620322727
        ]
      },
      "properties": {
        "name:fa": "ایست بازرسی",
        "date": "",
        "description": "رو به روی درمانگاه و داروخانه ستوده . ایست بازرسی با لباس شخصی و وانت غیر نظامی ولی مسلح بودن و صورت پوشوندرو به روی درمانگاه و داروخانه ستوده . ایست بازرسی با لباس شخصی و وانت غیر نظامی ولی مسلح بودن و صورت پوشونده بودن.۲۸ اسفنده بودن.۲۸ اسفنا",
        "city": "کرج",
        "province": "استان البرز",
        "id": "MzY6MGY0NDc1ODU2NmVi",
        "publicId": "MzY6MGY0NDc1ODU2NmVi",
        "sourceId": "0f44758566eb",
        "layerId": 36,
        "type": "event",
        "status": "active",
        "urgency": null,
        "verificationTag": "verified",
        "expirationDate": null,
        "createdAt": "2026-03-19T14:35:33.362Z",
        "updatedAt": "2026-07-21T21:34:31.763Z"
      }
    },
    {
      "type": "Feature",
      "id": 90622,
      "geometry": {
        "type": "Point",
        "coordinates": [
          51.49012941524143,
          35.71337345965162
        ]
      },
      "properties": {
        "name:fa": "ایست بازرسی",
        "date": "",
        "description": "هر روز دور تا دور میدون ایست بازرسی هست و نیرو ها وسط میدون در فضای سبز هستن",
        "city": "تهران",
        "province": "استان تهران",
        "id": "MzY6MWQ0OTRiZjlmYjQ2",
        "publicId": "MzY6MWQ0OTRiZjlmYjQ2",
        "sourceId": "1d494bf9fb46",
        "layerId": 36,
        "type": "event",
        "status": "active",
        "urgency": null,
        "verificationTag": "verified",
        "expirationDate": null,
        "createdAt": "2026-03-19T14:36:39.565Z",
        "updatedAt": "2026-07-21T21:34:31.763Z"
      }
    },
    {
      "type": "Feature",
      "id": 90623,
      "geometry": {
        "type": "Point",
        "coordinates": [
          51.50152099996316,
          35.65953999332163
        ]
      },
      "properties": {
        "name:fa": "ایست بازرسی",
        "date": "",
        "description": "هر دو سمت خیابون ایست بازرسی هر روز هستن بغل مدرسه که نیرو ها داخل مدرسه مستقر هستن",
        "city": "تهران",
        "province": "استان تهران",
        "id": "MzY6NzExNjgwMzA4MzAw",
        "publicId": "MzY6NzExNjgwMzA4MzAw",
        "sourceId": "711680308300",
        "layerId": 36,
        "type": "event",
        "status": "active",
        "urgency": null,
        "verificationTag": "verified",
        "expirationDate": null,
        "createdAt": "2026-03-19T14:37:19.385Z",
        "updatedAt": "2026-07-21T21:34:31.763Z"
      }
    },
    {
      "type": "Feature",
      "id": 90626,
      "geometry": {
        "type": "Point",
        "coordinates": [
          51.502175123209696,
          35.718359931355934
        ]
      },
      "properties": {
        "name:fa": "ایست بازرسی",
        "date": "",
        "description": "ایست بازرسی",
        "city": "تهران",
        "province": "استان تهران",
        "id": "MzY6ZGM1MzI5ODQxMjRl",
        "publicId": "MzY6ZGM1MzI5ODQxMjRl",
        "sourceId": "dc532984124e",
        "layerId": 36,
        "type": "event",
        "status": "active",
        "urgency": null,
        "verificationTag": "verified",
        "expirationDate": null,
        "createdAt": "2026-03-19T14:38:16.585Z",
        "updatedAt": "2026-07-21T21:34:31.763Z"
      }
    },
    {
      "type": "Feature",
      "id": 90690,
      "geometry": {
        "type": "Point",
        "coordinates": [
          52.00064019338359,
          35.696057958109776
        ]
      },
      "properties": {
        "name:fa": "ایست بازرسی",
        "date": "",
        "description": "ایست بازرسی",
        "city": "شهرستان دماوند",
        "province": "استان تهران",
        "id": "MzY6YTdmNDFlMzk4NmUw",
        "publicId": "MzY6YTdmNDFlMzk4NmUw",
        "sourceId": "a7f41e3986e0",
        "layerId": 36,
        "type": "event",
        "status": "active",
        "urgency": null,
        "verificationTag": "verified",
        "expirationDate": null,
        "createdAt": "2026-03-19T23:28:37.757Z",
        "updatedAt": "2026-07-21T21:34:31.763Z"
      }
    },
    {
      "type": "Feature",
      "id": 90751,
      "geometry": {
        "type": "Point",
        "coordinates": [
          51.50161269496667,
          35.74778700032972
        ]
      },
      "properties": {
        "name:fa": "ایست بازرسی",
        "date": 1773779400,
        "description": "ایست و بازرسی دلاوران",
        "city": "تهران",
        "province": "استان تهران",
        "id": "MzY6NjVmY2Y5MjE5YTRl",
        "publicId": "MzY6NjVmY2Y5MjE5YTRl",
        "sourceId": "65fcf9219a4e",
        "layerId": 36,
        "type": "event",
        "status": "active",
        "urgency": null,
        "verificationTag": "verified",
        "expirationDate": null,
        "createdAt": "2026-03-20T01:38:50.563Z",
        "updatedAt": "2026-07-21T21:34:31.763Z"
      }
    },
    {
      "type": "Feature",
      "id": 90780,
      "geometry": {
        "type": "Point",
        "coordinates": [
          49.187872329327746,
          36.20692086260806
        ]
      },
      "properties": {
        "name:fa": "بسیج اطلاعات",
        "date": 1772483400,
        "description": "",
        "city": "خرمدره",
        "province": "استان زنجان",
        "id": "MzY6NjVhMDM0OGMyZjhm",
        "publicId": "MzY6NjVhMDM0OGMyZjhm",
        "sourceId": "65a0348c2f8f",
        "layerId": 36,
        "type": "event",
        "status": "active",
        "urgency": null,
        "verificationTag": "not-verified",
        "expirationDate": null,
        "createdAt": "2026-03-20T07:01:30.209Z",
        "updatedAt": "2026-07-21T21:34:31.763Z"
      }
    },
    {
      "type": "Feature",
      "id": 90846,
      "geometry": {
        "type": "Point",
        "coordinates": [
          51.4487811164058,
          35.80986699973876
        ]
      },
      "properties": {
        "name:fa": "ایست بازرسی",
        "date": "",
        "description": "ایست بازرسی",
        "city": "تجریش",
        "province": "استان تهران",
        "id": "MzY6ZGQ5YzZhYjI3ZTgy",
        "publicId": "MzY6ZGQ5YzZhYjI3ZTgy",
        "sourceId": "dd9c6ab27e82",
        "layerId": 36,
        "type": "event",
        "status": "active",
        "urgency": null,
        "verificationTag": "verified",
        "expirationDate": null,
        "createdAt": "2026-03-21T19:37:56.963Z",
        "updatedAt": "2026-07-21T21:34:31.763Z"
      }
    },
    {
      "type": "Feature",
      "id": 90847,
      "geometry": {
        "type": "Point",
        "coordinates": [
          51.41626792390224,
          35.791004548899906
        ]
      },
      "properties": {
        "name:fa": "ایست بازرسی",
        "date": "",
        "description": "ایست بازرسی و ماشین سنگین زیر پل پارک وی",
        "city": "شهرستان تهران",
        "province": "استان تهران",
        "id": "MzY6NzA4ZGNhNzIxMDM5",
        "publicId": "MzY6NzA4ZGNhNzIxMDM5",
        "sourceId": "708dca721039",
        "layerId": 36,
        "type": "event",
        "status": "active",
        "urgency": null,
        "verificationTag": "verified",
        "expirationDate": null,
        "createdAt": "2026-03-21T19:38:29.495Z",
        "updatedAt": "2026-07-21T21:34:31.763Z"
      }
    },
    {
      "type": "Feature",
      "id": 90848,
      "geometry": {
        "type": "Point",
        "coordinates": [
          51.44258518077544,
          35.75873698643967
        ]
      },
      "properties": {
        "name:fa": "ایست بازرسی",
        "date": "",
        "description": "بازرسی خیابانی بسیجی‌ها.محل استراحت در چادر در این لوکیشین",
        "city": "تهران",
        "province": "استان تهران",
        "id": "MzY6MzBiMWM3ZWQ1NmY5",
        "publicId": "MzY6MzBiMWM3ZWQ1NmY5",
        "sourceId": "30b1c7ed56f9",
        "layerId": 36,
        "type": "event",
        "status": "active",
        "urgency": null,
        "verificationTag": "verified",
        "expirationDate": null,
        "createdAt": "2026-03-21T19:39:07.151Z",
        "updatedAt": "2026-07-21T21:34:31.763Z"
      }
    },
    {
      "type": "Feature",
      "id": 90849,
      "geometry": {
        "type": "Point",
        "coordinates": [
          51.01599012746189,
          35.75567822441208
        ]
      },
      "properties": {
        "name:fa": "ایست بازرسی",
        "date": "",
        "description": "ایست بازرسی،گوشی هارو چک میکنن",
        "city": "شهرستان فردیس",
        "province": "استان البرز",
        "id": "MzY6Yjg3ZTEyMDQ0YWYx",
        "publicId": "MzY6Yjg3ZTEyMDQ0YWYx",
        "sourceId": "b87e12044af1",
        "layerId": 36,
        "type": "event",
        "status": "active",
        "urgency": null,
        "verificationTag": "verified",
        "expirationDate": null,
        "createdAt": "2026-03-21T19:39:34.382Z",
        "updatedAt": "2026-07-21T21:34:31.763Z"
      }
    },
    {
      "type": "Feature",
      "id": 90851,
      "geometry": {
        "type": "Point",
        "coordinates": [
          51.4535602880822,
          35.78041797597842
        ]
      },
      "properties": {
        "name:fa": "ایست بازرسی",
        "date": "",
        "description": "تاریخ 1 فروردین ماه ساعت 2:00 صبح ایست بازرسی چهار راه قنات",
        "city": "تهران",
        "province": "استان تهران",
        "id": "MzY6MWE2ODFmZTVlMjZh",
        "publicId": "MzY6MWE2ODFmZTVlMjZh",
        "sourceId": "1a681fe5e26a",
        "layerId": 36,
        "type": "event",
        "status": "active",
        "urgency": null,
        "verificationTag": "verified",
        "expirationDate": null,
        "createdAt": "2026-03-21T19:40:23.744Z",
        "updatedAt": "2026-07-21T21:34:31.763Z"
      }
    },
    {
      "type": "Feature",
      "id": 90852,
      "geometry": {
        "type": "Point",
        "coordinates": [
          51.182614119646985,
          35.7301827465662
        ]
      },
      "properties": {
        "name:fa": "ایست بازرسی",
        "date": "",
        "description": "ایست بازرسی",
        "city": "تهران",
        "province": "استان تهران",
        "id": "MzY6NTM2YzFkNzZlOGU3",
        "publicId": "MzY6NTM2YzFkNzZlOGU3",
        "sourceId": "536c1d76e8e7",
        "layerId": 36,
        "type": "event",
        "status": "active",
        "urgency": null,
        "verificationTag": "verified",
        "expirationDate": null,
        "createdAt": "2026-03-21T19:41:06.853Z",
        "updatedAt": "2026-07-21T21:34:31.763Z"
      }
    },
    {
      "type": "Feature",
      "id": 90853,
      "geometry": {
        "type": "Point",
        "coordinates": [
          51.241036565684794,
          35.715916953654585
        ]
      },
      "properties": {
        "name:fa": "ایست بازرسی",
        "date": "",
        "description": "ایست بازرسی",
        "city": "تهران",
        "province": "استان تهران",
        "id": "MzY6YzJiYTY4YzAxOTIz",
        "publicId": "MzY6YzJiYTY4YzAxOTIz",
        "sourceId": "c2ba68c01923",
        "layerId": 36,
        "type": "event",
        "status": "active",
        "urgency": null,
        "verificationTag": "verified",
        "expirationDate": null,
        "createdAt": "2026-03-21T19:41:26.917Z",
        "updatedAt": "2026-07-21T21:34:31.763Z"
      }
    },
    {
      "type": "Feature",
      "id": 90854,
      "geometry": {
        "type": "Point",
        "coordinates": [
          51.27865656826293,
          35.75380855753458
        ]
      },
      "properties": {
        "name:fa": "ایست بازرسی",
        "date": "",
        "description": "ایست بازرسی",
        "city": "تهران",
        "province": "استان تهران",
        "id": "MzY6NjczMWI1ODMwODM4",
        "publicId": "MzY6NjczMWI1ODMwODM4",
        "sourceId": "6731b5830838",
        "layerId": 36,
        "type": "event",
        "status": "active",
        "urgency": null,
        "verificationTag": "verified",
        "expirationDate": null,
        "createdAt": "2026-03-21T19:41:43.775Z",
        "updatedAt": "2026-07-21T21:34:31.763Z"
      }
    },
    {
      "type": "Feature",
      "id": 90855,
      "geometry": {
        "type": "Point",
        "coordinates": [
          47.111775574266375,
          34.35742014143044
        ]
      },
      "properties": {
        "name:fa": "ایست بازرسی",
        "date": "",
        "description": "ایست بازرسی",
        "city": "کرمانشاه",
        "province": "استان کرمانشاه",
        "id": "MzY6NWRkMGRlYjM2M2Y5",
        "publicId": "MzY6NWRkMGRlYjM2M2Y5",
        "sourceId": "5dd0deb363f9",
        "layerId": 36,
        "type": "event",
        "status": "active",
        "urgency": null,
        "verificationTag": "verified",
        "expirationDate": null,
        "createdAt": "2026-03-21T19:42:01.644Z",
        "updatedAt": "2026-07-21T21:34:31.763Z"
      }
    },
    {
      "type": "Feature",
      "id": 90856,
      "geometry": {
        "type": "Point",
        "coordinates": [
          47.085096252011226,
          34.33986843893727
        ]
      },
      "properties": {
        "name:fa": "ایست بازرسی",
        "date": "",
        "description": "ایست بازرسی",
        "city": "کرمانشاه",
        "province": "استان کرمانشاه",
        "id": "MzY6ZWUxMDM2NDVjYWZl",
        "publicId": "MzY6ZWUxMDM2NDVjYWZl",
        "sourceId": "ee103645cafe",
        "layerId": 36,
        "type": "event",
        "status": "active",
        "urgency": null,
        "verificationTag": "verified",
        "expirationDate": null,
        "createdAt": "2026-03-21T19:42:21.936Z",
        "updatedAt": "2026-07-21T21:34:31.763Z"
      }
    },
    {
      "type": "Feature",
      "id": 90857,
      "geometry": {
        "type": "Point",
        "coordinates": [
          51.29959135363032,
          35.72884197092222
        ]
      },
      "properties": {
        "name:fa": "ایست بازرسی",
        "date": "",
        "description": "ایست بازرسی بسیج و یگان ویژه",
        "city": "تهران",
        "province": "استان تهران",
        "id": "MzY6NzhmZTE5ZGY4NTAz",
        "publicId": "MzY6NzhmZTE5ZGY4NTAz",
        "sourceId": "78fe19df8503",
        "layerId": 36,
        "type": "event",
        "status": "active",
        "urgency": null,
        "verificationTag": "verified",
        "expirationDate": null,
        "createdAt": "2026-03-21T19:42:41.817Z",
        "updatedAt": "2026-07-21T21:34:31.763Z"
      }
    },
    {
      "type": "Feature",
      "id": 90858,
      "geometry": {
        "type": "Point",
        "coordinates": [
          52.88263693520892,
          36.295184270446356
        ]
      },
      "properties": {
        "name:fa": "تردد نیروها",
        "date": "",
        "description": "۲۷ اسفند تا ۱ فروردین شبانه ساعت ۲ بامداد از ۲۷ اسفند ۵ کامیون با جیپ سپاه میان دم این سوله و یک سری جعبه هارو با احتیاط خالی میکنن و دم صبح ساعت ۵ میرن",
        "city": "شیرگاه",
        "province": "استان مازندران",
        "id": "MzY6ZTM5YmZhNDI5Yjc0",
        "publicId": "MzY6ZTM5YmZhNDI5Yjc0",
        "sourceId": "e39bfa429b74",
        "layerId": 36,
        "type": "event",
        "status": "active",
        "urgency": null,
        "verificationTag": "verified",
        "expirationDate": null,
        "createdAt": "2026-03-21T19:52:38.180Z",
        "updatedAt": "2026-07-21T21:34:31.763Z"
      }
    },
    {
      "type": "Feature",
      "id": 90864,
      "geometry": {
        "type": "Point",
        "coordinates": [
          46.05552976858792,
          37.350849627902164
        ]
      },
      "properties": {
        "city": "بناب",
        "date": "",
        "name:fa": "اسکان مخفی سرکوبگران",
        "province": "استان آذربایجان شرقی",
        "description": "مرکز اسکان مخفی سرکوب گران و بسیج(زیرزمین)",
        "id": "MzY6OTI5OTVhZDFmNTBl",
        "publicId": "MzY6OTI5OTVhZDFmNTBl",
        "sourceId": "92995ad1f50e",
        "layerId": 36,
        "type": "event",
        "status": "active",
        "urgency": null,
        "verificationTag": "verified",
        "expirationDate": null,
        "createdAt": "2026-03-21T20:03:46.100Z",
        "updatedAt": "2026-07-21T21:34:31.763Z"
      }
    },
    {
      "type": "Feature",
      "id": 90879,
      "geometry": {
        "type": "Point",
        "coordinates": [
          46.313198062903155,
          38.09446953401104
        ]
      },
      "properties": {
        "name:fa": "تجمع سرکوبگران",
        "date": "",
        "description": "بسیاری از سپاهی ها در این مکان منتقل شدند",
        "city": "تبریز",
        "province": "استان آذربایجان شرقی",
        "id": "MzY6N2FiMzBkOTY0OGI2",
        "publicId": "MzY6N2FiMzBkOTY0OGI2",
        "sourceId": "7ab30d9648b6",
        "layerId": 36,
        "type": "event",
        "status": "active",
        "urgency": null,
        "verificationTag": "verified",
        "expirationDate": null,
        "createdAt": "2026-03-21T20:19:21.331Z",
        "updatedAt": "2026-07-21T21:34:31.763Z"
      }
    },
    {
      "type": "Feature",
      "id": 90889,
      "geometry": {
        "type": "Point",
        "coordinates": [
          46.36363805777876,
          38.07731922018681
        ]
      },
      "properties": {
        "name:fa": "تجمع سرکوبگران",
        "date": "",
        "description": "یکی از مکان های مورد علاقه نیرو های ضد شورشه",
        "city": "تبریز",
        "province": "استان آذربایجان شرقی",
        "id": "MzY6MmQwZThiZDMyZjU0",
        "publicId": "MzY6MmQwZThiZDMyZjU0",
        "sourceId": "2d0e8bd32f54",
        "layerId": 36,
        "type": "event",
        "status": "active",
        "urgency": null,
        "verificationTag": "verified",
        "expirationDate": null,
        "createdAt": "2026-03-21T20:28:24.933Z",
        "updatedAt": "2026-07-21T21:34:31.763Z"
      }
    },
    {
      "type": "Feature",
      "id": 90891,
      "geometry": {
        "type": "Point",
        "coordinates": [
          46.343588307721234,
          38.07868812081102
        ]
      },
      "properties": {
        "name:fa": "تجمع بسیجیان",
        "date": "",
        "description": "تجمع بسیجیان",
        "city": "تبریز",
        "province": "استان آذربایجان شرقی",
        "id": "MzY6YzJlOGM1YzU4OTMz",
        "publicId": "MzY6YzJlOGM1YzU4OTMz",
        "sourceId": "c2e8c5c58933",
        "layerId": 36,
        "type": "event",
        "status": "active",
        "urgency": null,
        "verificationTag": "verified",
        "expirationDate": null,
        "createdAt": "2026-03-21T20:30:14.139Z",
        "updatedAt": "2026-07-21T21:34:31.763Z"
      }
    },
    {
      "type": "Feature",
      "id": 90908,
      "geometry": {
        "type": "Point",
        "coordinates": [
          46.30187257711697,
          38.066008655045664
        ]
      },
      "properties": {
        "name:fa": "تردد مشکوک",
        "date": "",
        "description": "ساختمان بی نام نشان برای ارسال همانگی اطلاعاتی",
        "city": "تبریز",
        "province": "استان آذربایجان شرقی",
        "id": "MzY6MjczNDMxNTg3YWU3",
        "publicId": "MzY6MjczNDMxNTg3YWU3",
        "sourceId": "273431587ae7",
        "layerId": 36,
        "type": "event",
        "status": "active",
        "urgency": null,
        "verificationTag": "verified",
        "expirationDate": null,
        "createdAt": "2026-03-21T20:53:38.747Z",
        "updatedAt": "2026-07-21T21:34:31.763Z"
      }
    },
    {
      "type": "Feature",
      "id": 90909,
      "geometry": {
        "type": "Point",
        "coordinates": [
          46.30255674482578,
          38.06696547374008
        ]
      },
      "properties": {
        "name:fa": "تجمع نیروهای سرکوبگر",
        "date": "",
        "description": "محل تجمع نیروهای اطلاعاتی و سپاهی",
        "city": "تبریز",
        "province": "استان آذربایجان شرقی",
        "id": "MzY6ZDAyMDg1Y2NlZTNk",
        "publicId": "MzY6ZDAyMDg1Y2NlZTNk",
        "sourceId": "d02085ccee3d",
        "layerId": 36,
        "type": "event",
        "status": "active",
        "urgency": null,
        "verificationTag": "verified",
        "expirationDate": null,
        "createdAt": "2026-03-21T20:54:14.812Z",
        "updatedAt": "2026-07-21T21:34:31.763Z"
      }
    },
    {
      "type": "Feature",
      "id": 90910,
      "geometry": {
        "type": "Point",
        "coordinates": [
          46.300632204252,
          38.06652741566623
        ]
      },
      "properties": {
        "name:fa": "تردد مشکوک اطلاعات",
        "date": "",
        "description": "ساختمان معمولی و بی تابلو معمولا برای جلسات محرمانه استفاده میشود بین اطلاعات سپاه و حفاظت اطلاعات و غیره…",
        "city": "تبریز",
        "province": "استان آذربایجان شرقی",
        "id": "MzY6NzY5NGVjNGI4OWFm",
        "publicId": "MzY6NzY5NGVjNGI4OWFm",
        "sourceId": "7694ec4b89af",
        "layerId": 36,
        "type": "event",
        "status": "active",
        "urgency": null,
        "verificationTag": "verified",
        "expirationDate": null,
        "createdAt": "2026-03-21T20:54:30.582Z",
        "updatedAt": "2026-07-21T21:34:31.763Z"
      }
    },
    {
      "type": "Feature",
      "id": 90932,
      "geometry": {
        "type": "Point",
        "coordinates": [
          51.50826227752924,
          35.738688217689756
        ]
      },
      "properties": {
        "name:fa": "رفت آمد مشکوک",
        "date": 1772656200,
        "description": "فرار نیروهای کلانتری به این ساختمان افرادی با عینک دودی و کلاه ماسک به این جا در حال رفت امد هستند از کلانتری به این ساختمان",
        "city": "تهران",
        "province": "استان تهران",
        "id": "MzY6NjExNWM1N2U1YmVh",
        "publicId": "MzY6NjExNWM1N2U1YmVh",
        "sourceId": "6115c57e5bea",
        "layerId": 36,
        "type": "event",
        "status": "active",
        "urgency": null,
        "verificationTag": "not-verified",
        "expirationDate": null,
        "createdAt": "2026-03-23T09:46:06.079Z",
        "updatedAt": "2026-07-21T21:34:31.763Z"
      }
    },
    {
      "type": "Feature",
      "id": 90939,
      "geometry": {
        "type": "Point",
        "coordinates": [
          59.5313423175584,
          36.34575133119888
        ]
      },
      "properties": {
        "name:fa": "ایست بازرسی",
        "date": "",
        "description": "ایست بازرسی شبانه",
        "city": "مشهد",
        "province": "استان خراسان رضوی",
        "id": "MzY6YThjMmJkOTkwODc0",
        "publicId": "MzY6YThjMmJkOTkwODc0",
        "sourceId": "a8c2bd990874",
        "layerId": 36,
        "type": "event",
        "status": "active",
        "urgency": null,
        "verificationTag": "verified",
        "expirationDate": null,
        "createdAt": "2026-03-23T12:03:30.308Z",
        "updatedAt": "2026-07-21T21:34:31.763Z"
      }
    },
    {
      "type": "Feature",
      "id": 90940,
      "geometry": {
        "type": "Point",
        "coordinates": [
          49.331940909670124,
          37.23695049724759
        ]
      },
      "properties": {
        "name:fa": "ایست بازرسی",
        "date": "",
        "description": "ایست بازرسی ورودی شهر فومن. گرداننده ایست بازرسی عوامل سپاه و بسیج، هر روز و در ساعت های مختلف.",
        "city": "شهرستان فومن",
        "province": "استان گیلان",
        "id": "MzY6OWRlZTAyZmY5NWVk",
        "publicId": "MzY6OWRlZTAyZmY5NWVk",
        "sourceId": "9dee02ff95ed",
        "layerId": 36,
        "type": "event",
        "status": "active",
        "urgency": null,
        "verificationTag": "verified",
        "expirationDate": null,
        "createdAt": "2026-03-23T12:03:54.220Z",
        "updatedAt": "2026-07-21T21:34:31.763Z"
      }
    },
    {
      "type": "Feature",
      "id": 90941,
      "geometry": {
        "type": "Point",
        "coordinates": [
          59.553825546362816,
          36.308662640889835
        ]
      },
      "properties": {
        "name:fa": "ایست بازرسی",
        "date": "",
        "description": "ایست بازرسی",
        "city": "مشهد",
        "province": "استان خراسان رضوی",
        "id": "MzY6ZTMxMWQ4OWRiZjA2",
        "publicId": "MzY6ZTMxMWQ4OWRiZjA2",
        "sourceId": "e311d89dbf06",
        "layerId": 36,
        "type": "event",
        "status": "active",
        "urgency": null,
        "verificationTag": "verified",
        "expirationDate": null,
        "createdAt": "2026-03-23T12:04:28.596Z",
        "updatedAt": "2026-07-21T21:34:31.763Z"
      }
    },
    {
      "type": "Feature",
      "id": 90942,
      "geometry": {
        "type": "Point",
        "coordinates": [
          52.88748398939924,
          36.29914944705378
        ]
      },
      "properties": {
        "name:fa": "ایست بازرسی",
        "date": "",
        "description": "ایست بازرسی",
        "city": "شیرگاه",
        "province": "استان مازندران",
        "id": "MzY6NjNhZDY3Yzc5MTcz",
        "publicId": "MzY6NjNhZDY3Yzc5MTcz",
        "sourceId": "63ad67c79173",
        "layerId": 36,
        "type": "event",
        "status": "active",
        "urgency": null,
        "verificationTag": "verified",
        "expirationDate": null,
        "createdAt": "2026-03-23T12:09:00.318Z",
        "updatedAt": "2026-07-21T21:34:31.763Z"
      }
    },
    {
      "type": "Feature",
      "id": 90943,
      "geometry": {
        "type": "Point",
        "coordinates": [
          52.01246197754412,
          35.688298740391915
        ]
      },
      "properties": {
        "name:fa": "ایست بازرسی",
        "date": "",
        "description": "ایست بازرسی",
        "city": "دماوند",
        "province": "استان تهران",
        "id": "MzY6NjFhZjA2YTkyZWM3",
        "publicId": "MzY6NjFhZjA2YTkyZWM3",
        "sourceId": "61af06a92ec7",
        "layerId": 36,
        "type": "event",
        "status": "active",
        "urgency": null,
        "verificationTag": "verified",
        "expirationDate": null,
        "createdAt": "2026-03-23T12:09:20.506Z",
        "updatedAt": "2026-07-21T21:34:31.763Z"
      }
    },
    {
      "type": "Feature",
      "id": 90944,
      "geometry": {
        "type": "Point",
        "coordinates": [
          47.0249069090454,
          34.34501618082548
        ]
      },
      "properties": {
        "name:fa": "ایست بازرسی",
        "date": "",
        "description": "ایست بازرسی همیشه هست",
        "city": "دره دراز",
        "province": "استان کرمانشاه",
        "id": "MzY6MzA4ZDU5MDdiMTQ0",
        "publicId": "MzY6MzA4ZDU5MDdiMTQ0",
        "sourceId": "308d5907b144",
        "layerId": 36,
        "type": "event",
        "status": "active",
        "urgency": null,
        "verificationTag": "verified",
        "expirationDate": null,
        "createdAt": "2026-03-23T12:09:41.551Z",
        "updatedAt": "2026-07-21T21:34:31.763Z"
      }
    },
    {
      "type": "Feature",
      "id": 90945,
      "geometry": {
        "type": "Point",
        "coordinates": [
          47.035758128153105,
          34.29350365563775
        ]
      },
      "properties": {
        "name:fa": "ایست بازرسی",
        "date": "",
        "description": "ایست بازرسی که بیشتر اوقات بعد از تظاهرات و جنگ اینجا میزارن",
        "city": "کرمانشاه",
        "province": "استان کرمانشاه",
        "id": "MzY6YTdiYjE4MjZmY2Uw",
        "publicId": "MzY6YTdiYjE4MjZmY2Uw",
        "sourceId": "a7bb1826fce0",
        "layerId": 36,
        "type": "event",
        "status": "active",
        "urgency": null,
        "verificationTag": "verified",
        "expirationDate": null,
        "createdAt": "2026-03-23T12:10:08.019Z",
        "updatedAt": "2026-07-21T21:34:31.763Z"
      }
    },
    {
      "type": "Feature",
      "id": 90946,
      "geometry": {
        "type": "Point",
        "coordinates": [
          52.88746307319835,
          36.30537610301508
        ]
      },
      "properties": {
        "name:fa": "ایست بازرسی",
        "date": "",
        "description": "ایست بازرسی",
        "city": "شیرگاه",
        "province": "استان مازندران",
        "id": "MzY6NzVhNTU5MDMyNzFl",
        "publicId": "MzY6NzVhNTU5MDMyNzFl",
        "sourceId": "75a55903271e",
        "layerId": 36,
        "type": "event",
        "status": "active",
        "urgency": null,
        "verificationTag": "verified",
        "expirationDate": null,
        "createdAt": "2026-03-23T12:10:46.223Z",
        "updatedAt": "2026-07-21T21:34:31.763Z"
      }
    },
    {
      "type": "Feature",
      "id": 90987,
      "geometry": {
        "type": "Point",
        "coordinates": [
          49.45056459708141,
          37.47547047513544
        ]
      },
      "properties": {
        "name:fa": "محل تجمع",
        "date": 1773693000,
        "description": "اینجا آموزش پرورشه. ۱۸ و ۱۹ دی اینجا نیرو های مسلح جمع شده بودن. ممکنه باز هم بشن.",
        "city": "بندر انزلی",
        "province": "استان گیلان",
        "id": "MzY6MjhiZmUxNjQ1YmU4",
        "publicId": "MzY6MjhiZmUxNjQ1YmU4",
        "sourceId": "28bfe1645be8",
        "layerId": 36,
        "type": "event",
        "status": "active",
        "urgency": null,
        "verificationTag": "not-verified",
        "expirationDate": null,
        "createdAt": "2026-03-24T21:11:39.029Z",
        "updatedAt": "2026-07-21T21:34:31.763Z"
      }
    },
    {
      "type": "Feature",
      "id": 90991,
      "geometry": {
        "type": "Point",
        "coordinates": [
          52.53653524581924,
          29.624546932748572
        ]
      },
      "properties": {
        "name:fa": "تجمع بسیجیان",
        "date": 1772742600,
        "description": "سالن با کاربری ورزشی فیک. کل این مجتمع شلمچه سالها مرکز تجمع بسیجیان مسلح بوده و هست. ساختمانهای این بلوک همه متعلق به سپاه از کنار خیابان زند تا خیابان پشت که راه در رو این محوطه بزرگ است. بسیار مهم! چون روبروی‌سپاه شیراز و اداره اطلاعات است سالهاست استفاده نظامی ضد مردمی شده. زیر زمین سپاه شیراز و اداره اطلاعات و کوچه پشتی ان از قبل از انقلاب محل اختفا و شکنجه و دپوی اسلحه است. پشت ساختمان شهر و روستا که متروکه است. تمام درگیریهای شهری از این منطقه مدیریت میشود",
        "city": "شیراز",
        "province": "استان فارس",
        "id": "MzY6N2Y1ZWNmNzBmMTky",
        "publicId": "MzY6N2Y1ZWNmNzBmMTky",
        "sourceId": "7f5ecf70f192",
        "layerId": 36,
        "type": "event",
        "status": "active",
        "urgency": null,
        "verificationTag": "verified",
        "expirationDate": null,
        "createdAt": "2026-03-24T21:58:46.154Z",
        "updatedAt": "2026-07-21T21:34:31.763Z"
      }
    },
    {
      "type": "Feature",
      "id": 90997,
      "geometry": {
        "type": "Point",
        "coordinates": [
          46.361482755405405,
          38.062496903246654
        ]
      },
      "properties": {
        "name:fa": "محل تجمع",
        "date": 1774211400,
        "description": "قنادی پاک مخبر وزارت اطلاعات شب جلوی این مکان افراد مسلح وای می ایستن",
        "city": "تبریز",
        "province": "استان آذربایجان شرقی",
        "id": "MzY6Y2Y4ZmVjZmE1YTJm",
        "publicId": "MzY6Y2Y4ZmVjZmE1YTJm",
        "sourceId": "cf8fecfa5a2f",
        "layerId": 36,
        "type": "event",
        "status": "active",
        "urgency": null,
        "verificationTag": "not-verified",
        "expirationDate": null,
        "createdAt": "2026-03-24T22:25:49.305Z",
        "updatedAt": "2026-07-21T21:34:31.763Z"
      }
    },
    {
      "type": "Feature",
      "id": 91000,
      "geometry": {
        "type": "Point",
        "coordinates": [
          51.3299295608918,
          35.65980000669265
        ]
      },
      "properties": {
        "name:fa": "نیروی سرکوب",
        "date": 1772051400,
        "description": "خیلی از روز ها دیدیم که از داخل این مکان ماشین های سرکوب و موتور های بسیجی بیرون میاد",
        "city": "تهران",
        "province": "استان تهران",
        "id": "MzY6ODI4NzI4MzkzMDNk",
        "publicId": "MzY6ODI4NzI4MzkzMDNk",
        "sourceId": "82872839303d",
        "layerId": 36,
        "type": "event",
        "status": "active",
        "urgency": null,
        "verificationTag": "not-verified",
        "expirationDate": null,
        "createdAt": "2026-03-24T23:13:33.329Z",
        "updatedAt": "2026-07-21T21:34:31.763Z"
      }
    },
    {
      "type": "Feature",
      "id": 91001,
      "geometry": {
        "type": "Point",
        "coordinates": [
          48.71190851674072,
          31.3603196401139
        ]
      },
      "properties": {
        "name:fa": "مکان تجمع",
        "date": 1773001800,
        "description": "محل اسکان اعضای بسیج و نیروهای مزدور حشد شعبی در این مسجد است. تحت تولیت آیت الله طباطبایی",
        "city": "اهواز",
        "province": "استان خوزستان",
        "id": "MzY6ODNhMjkxZTk2YTIy",
        "publicId": "MzY6ODNhMjkxZTk2YTIy",
        "sourceId": "83a291e96a22",
        "layerId": 36,
        "type": "event",
        "status": "active",
        "urgency": null,
        "verificationTag": "verified",
        "expirationDate": null,
        "createdAt": "2026-03-24T23:14:29.156Z",
        "updatedAt": "2026-07-21T21:34:31.763Z"
      }
    },
    {
      "type": "Feature",
      "id": 91002,
      "geometry": {
        "type": "Point",
        "coordinates": [
          53.60019207366716,
          28.154633027935063
        ]
      },
      "properties": {
        "name:fa": "تجمع نیرو سرکوب",
        "date": 1774125000,
        "description": "دبیرستان دخترانه زمین پیما روستای بلغان از توابع بخش جویم لارستان استان فارس نیروهای بسیج بخش جویم رو توی این مدرسه مستقر کردن",
        "city": "بلغان",
        "province": "استان فارس",
        "id": "MzY6ZDZmMWE0ZmQ1N2Fh",
        "publicId": "MzY6ZDZmMWE0ZmQ1N2Fh",
        "sourceId": "d6f1a4fd57aa",
        "layerId": 36,
        "type": "event",
        "status": "active",
        "urgency": null,
        "verificationTag": "verified",
        "expirationDate": null,
        "createdAt": "2026-03-24T23:15:23.207Z",
        "updatedAt": "2026-07-21T21:34:31.763Z"
      }
    },
    {
      "type": "Feature",
      "id": 91003,
      "geometry": {
        "type": "Point",
        "coordinates": [
          51.485769886326324,
          35.69641032638218
        ]
      },
      "properties": {
        "name:fa": "نیروی سرکوب",
        "date": 1774211400,
        "description": "هر شب معمولا بین ساعت ۶ عصر تا ۱۰ شب نیروهای سرکوب و بسیجی ها بعضا مسلح میان تو این مسجد جمع میشن و حیدر حیدر میکنن و مرگ بر اسراییل میگن و سر و صدا میکنن",
        "city": "تهران",
        "province": "استان تهران",
        "id": "MzY6NWIwMjJiNzNmYjcz",
        "publicId": "MzY6NWIwMjJiNzNmYjcz",
        "sourceId": "5b022b73fb73",
        "layerId": 36,
        "type": "event",
        "status": "active",
        "urgency": null,
        "verificationTag": "verified",
        "expirationDate": null,
        "createdAt": "2026-03-24T23:17:38.809Z",
        "updatedAt": "2026-07-21T21:34:31.763Z"
      }
    },
    {
      "type": "Feature",
      "id": 91005,
      "geometry": {
        "type": "Point",
        "coordinates": [
          46.32592730866065,
          38.06659799114394
        ]
      },
      "properties": {
        "name:fa": "نیروی سرکوب",
        "date": 1774211400,
        "description": "مرکز تجمع نیرو سرکوب وبسیج",
        "city": "تبریز",
        "province": "استان آذربایجان شرقی",
        "id": "MzY6MGJlNjhhMzJjNzky",
        "publicId": "MzY6MGJlNjhhMzJjNzky",
        "sourceId": "0be68a32c792",
        "layerId": 36,
        "type": "event",
        "status": "active",
        "urgency": null,
        "verificationTag": "not-verified",
        "expirationDate": null,
        "createdAt": "2026-03-24T23:31:26.777Z",
        "updatedAt": "2026-07-21T21:34:31.763Z"
      }
    },
    {
      "type": "Feature",
      "id": 91255,
      "geometry": {
        "type": "Point",
        "coordinates": [
          51.36997622727705,
          35.698297269907854
        ]
      },
      "properties": {
        "name:fa": "تجمع سرکوبگران",
        "date": "",
        "description": "مرکز تجمع بسیجی های این منطقه",
        "city": "تهران",
        "province": "استان تهران",
        "id": "MzY6YTkxZmQ3MTk1ZGIx",
        "publicId": "MzY6YTkxZmQ3MTk1ZGIx",
        "sourceId": "a91fd7195db1",
        "layerId": 36,
        "type": "event",
        "status": "active",
        "urgency": null,
        "verificationTag": "verified",
        "expirationDate": null,
        "createdAt": "2026-03-25T00:01:47.283Z",
        "updatedAt": "2026-07-21T21:34:31.763Z"
      }
    },
    {
      "type": "Feature",
      "id": 91257,
      "geometry": {
        "type": "Point",
        "coordinates": [
          54.42255325323379,
          31.563699769192453
        ]
      },
      "properties": {
        "name:fa": "تجمع سرکوبگران",
        "date": "",
        "description": "محل تجمع بسیجیان مهریز",
        "city": "مهریز",
        "province": "استان یزد",
        "id": "MzY6MTgxMGUxN2Q4Njk0",
        "publicId": "MzY6MTgxMGUxN2Q4Njk0",
        "sourceId": "1810e17d8694",
        "layerId": 36,
        "type": "event",
        "status": "active",
        "urgency": null,
        "verificationTag": "verified",
        "expirationDate": null,
        "createdAt": "2026-03-25T00:05:38.844Z",
        "updatedAt": "2026-07-21T21:34:31.763Z"
      }
    },
    {
      "type": "Feature",
      "id": 91258,
      "geometry": {
        "type": "Point",
        "coordinates": [
          49.22484122060908,
          36.149694624919434
        ]
      },
      "properties": {
        "name:fa": "استقرار سرکوبگران",
        "date": "",
        "description": "مدرسه - محل استقرار نیروی بسیج و لباس شخصی",
        "city": "ابهر",
        "province": "استان زنجان",
        "id": "MzY6M2RlZDc5NjcyOGJh",
        "publicId": "MzY6M2RlZDc5NjcyOGJh",
        "sourceId": "3ded796728ba",
        "layerId": 36,
        "type": "event",
        "status": "active",
        "urgency": null,
        "verificationTag": "verified",
        "expirationDate": null,
        "createdAt": "2026-03-25T00:06:39.860Z",
        "updatedAt": "2026-07-21T21:34:31.763Z"
      }
    },
    {
      "type": "Feature",
      "id": 91259,
      "geometry": {
        "type": "Point",
        "coordinates": [
          51.520920227856095,
          32.69879266575353
        ]
      },
      "properties": {
        "name:fa": "استقرار سرکوبگران",
        "date": "",
        "description": "محل استقرار نیروهای امنیتی ،بسیجی",
        "city": "خمینی شهر",
        "province": "استان اصفهان",
        "id": "MzY6YzY1MzA2OWVhM2Rl",
        "publicId": "MzY6YzY1MzA2OWVhM2Rl",
        "sourceId": "c653069ea3de",
        "layerId": 36,
        "type": "event",
        "status": "active",
        "urgency": null,
        "verificationTag": "verified",
        "expirationDate": null,
        "createdAt": "2026-03-25T00:07:01.522Z",
        "updatedAt": "2026-07-21T21:34:31.763Z"
      }
    },
    {
      "type": "Feature",
      "id": 91260,
      "geometry": {
        "type": "Point",
        "coordinates": [
          51.477685919791384,
          35.72505667100354
        ]
      },
      "properties": {
        "name:fa": "تجمع سرکوبگران",
        "date": "",
        "description": "محل تجمع بسیج و نیروی سرکوبگر",
        "city": "تهران",
        "province": "استان تهران",
        "id": "MzY6YmQyYWE1Njc3Mzgy",
        "publicId": "MzY6YmQyYWE1Njc3Mzgy",
        "sourceId": "bd2aa5677382",
        "layerId": 36,
        "type": "event",
        "status": "active",
        "urgency": null,
        "verificationTag": "verified",
        "expirationDate": null,
        "createdAt": "2026-03-25T00:08:14.825Z",
        "updatedAt": "2026-07-21T21:34:31.763Z"
      }
    },
    {
      "type": "Feature",
      "id": 91261,
      "geometry": {
        "type": "Point",
        "coordinates": [
          50.85601746782973,
          34.618725432426714
        ]
      },
      "properties": {
        "name:fa": "تجمع سرکوبگران",
        "date": "",
        "description": "محل تجمع بسیجی های لباس شخصی",
        "city": "قم",
        "province": "استان قم",
        "id": "MzY6ZmNmMjVmMTU1Y2Rk",
        "publicId": "MzY6ZmNmMjVmMTU1Y2Rk",
        "sourceId": "fcf25f155cdd",
        "layerId": 36,
        "type": "event",
        "status": "active",
        "urgency": null,
        "verificationTag": "verified",
        "expirationDate": null,
        "createdAt": "2026-03-25T00:08:47.647Z",
        "updatedAt": "2026-07-21T21:34:31.763Z"
      }
    },
    {
      "type": "Feature",
      "id": 91262,
      "geometry": {
        "type": "Point",
        "coordinates": [
          50.86967318387775,
          34.59999550505485
        ]
      },
      "properties": {
        "name:fa": "تجمع سرکوبگران",
        "date": "",
        "description": "محل جمع شدن بسیجی ها",
        "city": "قم",
        "province": "استان قم",
        "id": "MzY6NmY0NzRmMjRjZWY0",
        "publicId": "MzY6NmY0NzRmMjRjZWY0",
        "sourceId": "6f474f24cef4",
        "layerId": 36,
        "type": "event",
        "status": "active",
        "urgency": null,
        "verificationTag": "verified",
        "expirationDate": null,
        "createdAt": "2026-03-25T00:09:23.212Z",
        "updatedAt": "2026-07-21T21:34:31.763Z"
      }
    },
    {
      "type": "Feature",
      "id": 91263,
      "geometry": {
        "type": "Point",
        "coordinates": [
          50.860790801819604,
          34.628544998029454
        ]
      },
      "properties": {
        "name:fa": "تجمع سرکوبگران",
        "date": "",
        "description": "محل جمع شدن بسیجی ها و موتور سوار ها",
        "city": "قم",
        "province": "استان قم",
        "id": "MzY6YjQwMjdhNmE0ZGIz",
        "publicId": "MzY6YjQwMjdhNmE0ZGIz",
        "sourceId": "b4027a6a4db3",
        "layerId": 36,
        "type": "event",
        "status": "active",
        "urgency": null,
        "verificationTag": "verified",
        "expirationDate": null,
        "createdAt": "2026-03-25T00:09:48.138Z",
        "updatedAt": "2026-07-21T21:34:31.763Z"
      }
    },
    {
      "type": "Feature",
      "id": 91264,
      "geometry": {
        "type": "Point",
        "coordinates": [
          50.878161730868044,
          34.616197840208415
        ]
      },
      "properties": {
        "name:fa": "تجمع و استقرار سرکوبگران",
        "date": "",
        "description": "محل جمع شدن بسیجی ها و اسلحه‌های جنگی نگه داری میشه",
        "city": "قم",
        "province": "استان قم",
        "id": "MzY6NDI3NzRjNzkxZWZm",
        "publicId": "MzY6NDI3NzRjNzkxZWZm",
        "sourceId": "42774c791eff",
        "layerId": 36,
        "type": "event",
        "status": "active",
        "urgency": null,
        "verificationTag": "verified",
        "expirationDate": null,
        "createdAt": "2026-03-25T00:10:35.683Z",
        "updatedAt": "2026-07-21T21:34:31.763Z"
      }
    },
    {
      "type": "Feature",
      "id": 91265,
      "geometry": {
        "type": "Point",
        "coordinates": [
          51.46154560445041,
          35.73380798110418
        ]
      },
      "properties": {
        "name:fa": "تجمع سرکوبگران",
        "date": "",
        "description": "محل تجمع بسیجی ها",
        "city": "تهران",
        "province": "استان تهران",
        "id": "MzY6M2YzNGQ1OGNiZjM1",
        "publicId": "MzY6M2YzNGQ1OGNiZjM1",
        "sourceId": "3f34d58cbf35",
        "layerId": 36,
        "type": "event",
        "status": "active",
        "urgency": null,
        "verificationTag": "verified",
        "expirationDate": null,
        "createdAt": "2026-03-25T00:11:12.057Z",
        "updatedAt": "2026-07-21T21:34:31.763Z"
      }
    },
    {
      "type": "Feature",
      "id": 91266,
      "geometry": {
        "type": "Point",
        "coordinates": [
          51.23054431799741,
          35.5237097133553
        ]
      },
      "properties": {
        "name:fa": "تجمع سرکوبگران",
        "date": "",
        "description": "پایگاه بسیج محلی - محل جمع شدن نیرو های آتش به اختیار سرکوب",
        "city": "اسلامشهر",
        "province": "استان تهران",
        "id": "MzY6YTdlMzMyZTJlNzJi",
        "publicId": "MzY6YTdlMzMyZTJlNzJi",
        "sourceId": "a7e332e2e72b",
        "layerId": 36,
        "type": "event",
        "status": "active",
        "urgency": null,
        "verificationTag": "verified",
        "expirationDate": null,
        "createdAt": "2026-03-25T00:11:42.501Z",
        "updatedAt": "2026-07-21T21:34:31.763Z"
      }
    },
    {
      "type": "Feature",
      "id": 91267,
      "geometry": {
        "type": "Point",
        "coordinates": [
          52.53283254637239,
          29.61928967238221
        ]
      },
      "properties": {
        "name:fa": "تجمع سرکوبگران",
        "date": "",
        "description": "مسجد خیرات محل تجمع بسیجیان مسلح",
        "city": "شیراز",
        "province": "استان فارس",
        "id": "MzY6ZmY5ZWRkN2ZiMDVi",
        "publicId": "MzY6ZmY5ZWRkN2ZiMDVi",
        "sourceId": "ff9edd7fb05b",
        "layerId": 36,
        "type": "event",
        "status": "active",
        "urgency": null,
        "verificationTag": "verified",
        "expirationDate": null,
        "createdAt": "2026-03-25T00:12:18.757Z",
        "updatedAt": "2026-07-21T21:34:31.763Z"
      }
    },
    {
      "type": "Feature",
      "id": 91268,
      "geometry": {
        "type": "Point",
        "coordinates": [
          48.685252890541676,
          31.343703780838936
        ]
      },
      "properties": {
        "name:fa": "تجمع سرکوبگران",
        "date": "",
        "description": "مسجد در خیابان چهار شرقی کیانپارس در زمان اعتراضات ۱۸،۱۹ دی از این مکان پهباد بلند میشد و محل استقرار نیروی سرکوب افراد مسلح بسیج و محل بازداشت افراد معترض",
        "city": "اهواز",
        "province": "استان خوزستان",
        "id": "MzY6NTg4ZjBhMTVhMTk3",
        "publicId": "MzY6NTg4ZjBhMTVhMTk3",
        "sourceId": "588f0a15a197",
        "layerId": 36,
        "type": "event",
        "status": "active",
        "urgency": null,
        "verificationTag": "verified",
        "expirationDate": null,
        "createdAt": "2026-03-25T00:13:10.189Z",
        "updatedAt": "2026-07-21T21:34:31.763Z"
      }
    },
    {
      "type": "Feature",
      "id": 91270,
      "geometry": {
        "type": "Point",
        "coordinates": [
          51.196365462358955,
          35.765464137038876
        ]
      },
      "properties": {
        "name:fa": "تجمع نیروهای سرکوب ",
        "date": "",
        "description": "پایگاه بسیج ( با اسم جعلی و پوششی مقبره الشهدا ) محل تجمع و هماهنگی نیروهای سرکوب . شبها از اونجا صدای تک تیراندازی میاد . یا برای ترسوندن مردمه یا تمرین تیراندازی",
        "city": "شهرستان تهران",
        "province": "استان تهران",
        "id": "MzY6MjljOGI4NWYyM2Yz",
        "publicId": "MzY6MjljOGI4NWYyM2Yz",
        "sourceId": "29c8b85f23f3",
        "layerId": 36,
        "type": "event",
        "status": "active",
        "urgency": null,
        "verificationTag": "verified",
        "expirationDate": null,
        "createdAt": "2026-03-25T00:15:55.520Z",
        "updatedAt": "2026-07-21T21:34:31.763Z"
      }
    },
    {
      "type": "Feature",
      "id": 91271,
      "geometry": {
        "type": "Point",
        "coordinates": [
          51.449231659676514,
          35.682248122846815
        ]
      },
      "properties": {
        "name:fa": "استقرار سرکوبگران",
        "date": "",
        "description": "محل استقرار نیرو ها سرکوب و بسیجی",
        "city": "تهران",
        "province": "استان تهران",
        "id": "MzY6ZGEyN2U3YzA1NjNh",
        "publicId": "MzY6ZGEyN2U3YzA1NjNh",
        "sourceId": "da27e7c0563a",
        "layerId": 36,
        "type": "event",
        "status": "active",
        "urgency": null,
        "verificationTag": "not-verified",
        "expirationDate": null,
        "createdAt": "2026-03-25T00:16:39.177Z",
        "updatedAt": "2026-07-21T21:34:31.763Z"
      }
    },
    {
      "type": "Feature",
      "id": 91341,
      "geometry": {
        "type": "Point",
        "coordinates": [
          49.653564489308565,
          36.65934907684726
        ]
      },
      "properties": {
        "name:fa": "بنر هیتلر و خامنه ای",
        "date": "",
        "description": "",
        "sources": "https://x.com/aahmadiyan/status/2036680484584071334",
        "city": "شهرستان رودبار",
        "province": "استان گیلان",
        "id": "MzY6YTIyNWEyZDAxZDVh",
        "publicId": "MzY6YTIyNWEyZDAxZDVh",
        "sourceId": "a225a2d01d5a",
        "layerId": 36,
        "type": "event",
        "status": "active",
        "urgency": null,
        "verificationTag": "verified",
        "expirationDate": null,
        "createdAt": "2026-03-25T16:31:25.313Z",
        "updatedAt": "2026-07-21T21:34:31.763Z"
      }
    },
    {
      "type": "Feature",
      "id": 91343,
      "geometry": {
        "type": "Point",
        "coordinates": [
          57.05096418554382,
          30.27998488490907
        ]
      },
      "properties": {
        "name:fa": "تجمع نیروی سرکوب",
        "city": "کرمان",
        "province": "کرمان",
        "date": 1774384200,
        "description": "این مدرسه شده پایگاه خطرناک ترین سرکوبگران ،نه بچه بسیجی ها و سوسول ها شون از کوچه کناری این مدرسه یهو کلی موتوری میریزه بیرون خیلی هاشون بدون ماسکن ، تو کرمان خیلی پر رو هستن ، و واقعا همشون قاتلای خطرناک هستن بازم میگم هیچکدوم بچه نبودن",
        "id": "MzY6OTczYTA0OGE3YjRh",
        "publicId": "MzY6OTczYTA0OGE3YjRh",
        "sourceId": "973a048a7b4a",
        "layerId": 36,
        "type": "event",
        "status": "active",
        "urgency": null,
        "verificationTag": "verified",
        "expirationDate": null,
        "createdAt": "2026-03-26T02:59:25.442Z",
        "updatedAt": "2026-07-21T21:34:31.763Z"
      }
    },
    {
      "type": "Feature",
      "id": 91345,
      "geometry": {
        "type": "Point",
        "coordinates": [
          51.31598616870127,
          35.70112891712678
        ]
      },
      "properties": {
        "name:fa": "ایست بازرسی",
        "city": "تهران",
        "province": "استان تهران",
        "date": 1774211400,
        "description": "ایست بازرسی، به صورت رندوم هستن ولی از لوکیشن‌های اصلی اکباتان‌ه، همون اوایل نفیسی وایمسیتن که هیچ راه در رویی نباشه، قبلا یک طرف وایمیستادن معمولا، الان هر دو سمت، خیلی هم سلاح و اینا زیاد دارن و اکثرا با لباس شخصی‌ن.",
        "id": "MzY6OWY3MzI0NDJiNTAw",
        "publicId": "MzY6OWY3MzI0NDJiNTAw",
        "sourceId": "9f732442b500",
        "layerId": 36,
        "type": "event",
        "status": "active",
        "urgency": null,
        "verificationTag": "not-verified",
        "expirationDate": null,
        "createdAt": "2026-03-26T03:15:33.919Z",
        "updatedAt": "2026-07-21T21:34:31.763Z"
      }
    },
    {
      "type": "Feature",
      "id": 91670,
      "geometry": {
        "type": "Point",
        "coordinates": [
          50.867680084767045,
          34.5927937066716
        ]
      },
      "properties": {
        "name:fa": "نیروی سرکوب",
        "city": "قم",
        "province": "استان قم",
        "date": 1772915400,
        "description": "سلام اینجا ساختمون \"یاس\" هستش و مربوط به فرماندهی انتظامی قمه، همیشه هم سرباز داره دم درش و نسبتا حساس هستن روش، اینجا هم اضافه کنید به عنوان مکان حساس",
        "id": "MzY6ZTUyYjI4OTFhNTRi",
        "publicId": "MzY6ZTUyYjI4OTFhNTRi",
        "sourceId": "e52b2891a54b",
        "layerId": 36,
        "type": "event",
        "status": "active",
        "urgency": null,
        "verificationTag": "not-verified",
        "expirationDate": null,
        "createdAt": "2026-03-26T22:40:20.636Z",
        "updatedAt": "2026-07-21T21:34:31.763Z"
      }
    },
    {
      "type": "Feature",
      "id": 91671,
      "geometry": {
        "type": "Point",
        "coordinates": [
          48.84866313136516,
          32.035957161022125
        ]
      },
      "properties": {
        "name:fa": "نیروی سرکوب",
        "city": "شوشتر",
        "province": "استان خوزستان",
        "date": 1774125000,
        "description": "اینجا توی دبیرستان پروین اعتصامی تعداد زیادی مامور نیروانتظامی مخفی شدن",
        "id": "MzY6ZGI5MGI3YjM3ZDJi",
        "publicId": "MzY6ZGI5MGI3YjM3ZDJi",
        "sourceId": "db90b7b37d2b",
        "layerId": 36,
        "type": "event",
        "status": "active",
        "urgency": null,
        "verificationTag": "not-verified",
        "expirationDate": null,
        "createdAt": "2026-03-26T22:49:30.172Z",
        "updatedAt": "2026-07-21T21:34:31.763Z"
      }
    },
    {
      "type": "Feature",
      "id": 91995,
      "geometry": {
        "type": "Point",
        "coordinates": [
          50.11526626551958,
          37.18174244778754
        ]
      },
      "properties": {
        "name:fa": "محل تجمع بسیج",
        "description": "۶.۱.۱۴۰۵ ساعت ۱۴:۰۰ لنگرود. روستای دیوشل.حوزه مقاومت حضرت قائم محل تجمع بسیجی ها.  محل جلسات بسیجی ها محلات مختلف محل برنامه ریزی سرکوب ۱۸ و ۱۹ دی باعث ایجاد خفقان شدید در منطقه با بی‌رحمی و شکنجه شدید و ایجاد رعب و وحشت زیاد",
        "date": 1774522742,
        "city": "دیوشل",
        "province": "استان گیلان",
        "id": "MzY6YTkwOTFhZWI3OTIz",
        "publicId": "MzY6YTkwOTFhZWI3OTIz",
        "sourceId": "a9091aeb7923",
        "layerId": 36,
        "type": "event",
        "status": "active",
        "urgency": null,
        "verificationTag": "not-verified",
        "expirationDate": null,
        "createdAt": "2026-03-26T10:59:02.780Z",
        "updatedAt": "2026-07-21T21:34:31.763Z"
      }
    },
    {
      "type": "Feature",
      "id": 91996,
      "geometry": {
        "type": "Point",
        "coordinates": [
          51.261030924727066,
          35.750389272879985
        ]
      },
      "properties": {
        "name:fa": "محل استقرار بسیج",
        "description": "محل استقرار بسیج",
        "date": 1774447785,
        "city": "تهران",
        "province": "استان تهران",
        "id": "MzY6OWM4OWQwYjkzYzk5",
        "publicId": "MzY6OWM4OWQwYjkzYzk5",
        "sourceId": "9c89d0b93c99",
        "layerId": 36,
        "type": "event",
        "status": "active",
        "urgency": null,
        "verificationTag": "not-verified",
        "expirationDate": null,
        "createdAt": "2026-03-25T14:09:45.916Z",
        "updatedAt": "2026-07-21T21:34:31.763Z"
      }
    },
    {
      "type": "Feature",
      "id": 91998,
      "geometry": {
        "type": "Point",
        "coordinates": [
          51.37947064534748,
          35.7265991127543
        ]
      },
      "properties": {
        "name:fa": "ایست بازرسی بسیج",
        "description": "ایست بازرسی بسیج الان",
        "date": 1774338236,
        "city": "تهران",
        "province": "استان تهران",
        "id": "MzY6MGRlODJiNWUwYWQ3",
        "publicId": "MzY6MGRlODJiNWUwYWQ3",
        "sourceId": "0de82b5e0ad7",
        "layerId": 36,
        "type": "event",
        "status": "active",
        "urgency": null,
        "verificationTag": "not-verified",
        "expirationDate": null,
        "createdAt": "2026-03-24T07:43:56.502Z",
        "updatedAt": "2026-07-21T21:34:31.763Z"
      }
    },
    {
      "type": "Feature",
      "id": 91999,
      "geometry": {
        "type": "Point",
        "coordinates": [
          50.863427973897615,
          34.630268306165874
        ]
      },
      "properties": {
        "name:fa": "محل تجمع بسیج",
        "description": "محل جمع شدن بسیجی ها",
        "date": 1773505053,
        "city": "قم",
        "province": "استان قم",
        "id": "MzY6MTkxYzkzMjhlYzk2",
        "publicId": "MzY6MTkxYzkzMjhlYzk2",
        "sourceId": "191c9328ec96",
        "layerId": 36,
        "type": "event",
        "status": "active",
        "urgency": null,
        "verificationTag": "not-verified",
        "expirationDate": null,
        "createdAt": "2026-03-14T16:17:33.046Z",
        "updatedAt": "2026-07-21T21:34:31.763Z"
      }
    },
    {
      "type": "Feature",
      "id": 92000,
      "geometry": {
        "type": "Point",
        "coordinates": [
          52.76121430236162,
          35.761379957044525
        ]
      },
      "properties": {
        "name:fa": "محل تجمع بسیج",
        "description": "پایکاه بسیج فعال شهرک ولی غصر ، محل تجمع لباس شخصی ها",
        "date": 1771704400,
        "city": "فیروزکوه",
        "province": "استان تهران",
        "id": "MzY6ZTM5ZWI4NDg0YWM2",
        "publicId": "MzY6ZTM5ZWI4NDg0YWM2",
        "sourceId": "e39eb8484ac6",
        "layerId": 36,
        "type": "event",
        "status": "active",
        "urgency": null,
        "verificationTag": "not-verified",
        "expirationDate": null,
        "createdAt": "2026-02-21T20:06:40.675Z",
        "updatedAt": "2026-07-21T21:34:31.763Z"
      }
    },
    {
      "type": "Feature",
      "id": 92001,
      "geometry": {
        "type": "Point",
        "coordinates": [
          52.774668369929884,
          35.75025742610478
        ]
      },
      "properties": {
        "name:fa": "محل تجمع بسیج",
        "description": "پایگاه بسیج راه اهن فیروزکوه محل تجمع سرکوبگران در تجمعات دی ماه 1404",
        "date": 1771704067,
        "city": "فیروزکوه",
        "province": "استان تهران",
        "id": "MzY6Mzc1MDQwMzAzZmNm",
        "publicId": "MzY6Mzc1MDQwMzAzZmNm",
        "sourceId": "375040303fcf",
        "layerId": 36,
        "type": "event",
        "status": "active",
        "urgency": null,
        "verificationTag": "not-verified",
        "expirationDate": null,
        "createdAt": "2026-02-21T20:01:07.307Z",
        "updatedAt": "2026-07-21T21:34:31.763Z"
      }
    },
    {
      "type": "Feature",
      "id": 92058,
      "geometry": {
        "type": "Point",
        "coordinates": [
          48.38832494580768,
          36.68637868966981
        ]
      },
      "properties": {
        "name:fa": "محل تجمع یگان ویژه",
        "description": "محل استقرار خودروها و تجهیزات یگان ویژه زنجان",
        "date": 1773573998,
        "city": "زنجان",
        "province": "استان زنجان",
        "id": "MzY6NmFkNzE5Y2NhNzQ2",
        "publicId": "MzY6NmFkNzE5Y2NhNzQ2",
        "sourceId": "6ad719cca746",
        "layerId": 36,
        "type": "event",
        "status": "active",
        "urgency": null,
        "verificationTag": "not-verified",
        "expirationDate": null,
        "createdAt": "2026-03-15T11:26:38.871Z",
        "updatedAt": "2026-07-21T21:34:31.763Z"
      }
    },
    {
      "type": "Feature",
      "id": 92059,
      "geometry": {
        "type": "Point",
        "coordinates": [
          50.84331204764092,
          34.65190989253772
        ]
      },
      "properties": {
        "name:fa": "محل تجمع یگان ویژه",
        "description": "محل تجمع یگان ویژه",
        "date": 1773505627,
        "city": "قم",
        "province": "استان قم",
        "id": "MzY6YTA2MThmNTI0ZTg4",
        "publicId": "MzY6YTA2MThmNTI0ZTg4",
        "sourceId": "a0618f524e88",
        "layerId": 36,
        "type": "event",
        "status": "active",
        "urgency": null,
        "verificationTag": "not-verified",
        "expirationDate": null,
        "createdAt": "2026-03-14T16:27:07.430Z",
        "updatedAt": "2026-07-21T21:34:31.763Z"
      }
    },
    {
      "type": "Feature",
      "id": 92061,
      "geometry": {
        "type": "Point",
        "coordinates": [
          51.675907432842024,
          32.657319194044405
        ]
      },
      "properties": {
        "name:fa": "محل استقرار انتظامی",
        "description": "محل استقرار نیروهای سرکوب و نیروهای انتظامی و سایبری",
        "date": 1773438265,
        "city": "اصفهان",
        "province": "استان اصفهان",
        "id": "MzY6ZDM3ODllMzk2NzZl",
        "publicId": "MzY6ZDM3ODllMzk2NzZl",
        "sourceId": "d3789e39676e",
        "layerId": 36,
        "type": "event",
        "status": "active",
        "urgency": null,
        "verificationTag": "not-verified",
        "expirationDate": null,
        "createdAt": "2026-03-13T21:44:25.653Z",
        "updatedAt": "2026-07-21T21:34:31.763Z"
      }
    },
    {
      "type": "Feature",
      "id": 92062,
      "geometry": {
        "type": "Point",
        "coordinates": [
          48.59722335703489,
          34.807589020615495
        ]
      },
      "properties": {
        "name:fa": "محل تجمع یگان ویژه",
        "description": "استادیوم شهید مفتح همدان گفته میشه نیروهای یگان ویژه در این محل اقامت دارند(فاصله فیزیکی استادیوم تا مقر رسمی یگان ویژه هم اندک میباشد)",
        "date": 1772767889,
        "city": "شهرستان همدان",
        "province": "استان همدان",
        "id": "MzY6ZWI1NmFhYTlhNWRj",
        "publicId": "MzY6ZWI1NmFhYTlhNWRj",
        "sourceId": "eb56aaa9a5dc",
        "layerId": 36,
        "type": "event",
        "status": "active",
        "urgency": null,
        "verificationTag": "not-verified",
        "expirationDate": null,
        "createdAt": "2026-03-06T03:31:29.382Z",
        "updatedAt": "2026-07-21T21:34:31.763Z"
      }
    },
    {
      "type": "Feature",
      "id": 92100,
      "geometry": {
        "type": "Point",
        "coordinates": [
          50.95858264495226,
          35.84981554450327
        ]
      },
      "properties": {
        "name:fa": "تجمع سرکوبگران",
        "city": "کرج",
        "province": "استان البرز",
        "date": "",
        "description": "مجتمع ورزشی انقلاب ، محل تجمع تجهیزات سرکوب گران حکومتی",
        "id": "MzY6MzAxZjBkZjY1NDdi",
        "publicId": "MzY6MzAxZjBkZjY1NDdi",
        "sourceId": "301f0df6547b",
        "layerId": 36,
        "type": "event",
        "status": "active",
        "urgency": null,
        "verificationTag": "not-verified",
        "expirationDate": null,
        "createdAt": "2026-03-27T04:05:55.657Z",
        "updatedAt": "2026-07-21T21:34:31.763Z"
      }
    },
    {
      "type": "Feature",
      "id": 92132,
      "geometry": {
        "type": "Point",
        "coordinates": [
          51.64408709481353,
          32.655352484317376
        ]
      },
      "properties": {
        "city": "اصفهان",
        "date": 1772656200,
        "name:fa": "پدافند غیرعامل",
        "province": "استان اصفهان",
        "description": "این مکان قبلا ساختمان پدافند غیرعامل(شهید قاسم سلیمانی)نام داشت که اخیرا تابلو آن به خانه فرهنگ آب تغییر یافته است.",
        "id": "MzY6MzlkYjVhYTA0NWJj",
        "publicId": "MzY6MzlkYjVhYTA0NWJj",
        "sourceId": "39db5aa045bc",
        "layerId": 36,
        "type": "event",
        "status": "active",
        "urgency": null,
        "verificationTag": "not-verified",
        "expirationDate": null,
        "createdAt": "2026-03-27T04:32:04.875Z",
        "updatedAt": "2026-07-21T21:34:31.763Z"
      }
    },
    {
      "type": "Feature",
      "id": 92134,
      "geometry": {
        "type": "Point",
        "coordinates": [
          49.50083018435865,
          37.459172262471014
        ]
      },
      "properties": {
        "name:fa": "نیروی سرکوب",
        "city": "بندر انزلی",
        "province": "استان گیلان",
        "date": "",
        "description": "آموزشکده فنی و حرفه ای پسران بندرانزلی شهید خدادادی. محل تجمع نیروهای سرکوب.",
        "id": "MzY6ZGEzZmMwMzU2YTA5",
        "publicId": "MzY6ZGEzZmMwMzU2YTA5",
        "sourceId": "da3fc0356a09",
        "layerId": 36,
        "type": "event",
        "status": "active",
        "urgency": null,
        "verificationTag": "not-verified",
        "expirationDate": null,
        "createdAt": "2026-03-27T04:35:52.490Z",
        "updatedAt": "2026-07-21T21:34:31.763Z"
      }
    },
    {
      "type": "Feature",
      "id": 92189,
      "geometry": {
        "type": "Point",
        "coordinates": [
          54.13447056438264,
          27.66434786351826
        ]
      },
      "properties": {
        "name:fa": "تجمع سرکوبگران",
        "city": "گراش",
        "province": "استان فارس",
        "date": "",
        "description": "مدرسه علمیه (حسینیه ۱۴ معصوم) میزبان پایگاه بسیج مسلح علی ابن ابی طالب که سابقه‌ی ارسال نیروی سرکوب به شهرهای همجوار در اعتراضات قبلی را دارد. در برپایی ایست بازرسی و گشت‌های محله‌ای نیز فعال است.",
        "id": "MzY6OTQ0MGZlNTAxMjU2",
        "publicId": "MzY6OTQ0MGZlNTAxMjU2",
        "sourceId": "9440fe501256",
        "layerId": 36,
        "type": "event",
        "status": "active",
        "urgency": null,
        "verificationTag": "verified",
        "expirationDate": null,
        "createdAt": "2026-03-27T10:42:04.790Z",
        "updatedAt": "2026-07-21T21:34:31.763Z"
      }
    },
    {
      "type": "Feature",
      "id": 92190,
      "geometry": {
        "type": "Point",
        "coordinates": [
          51.24579708081893,
          35.76025473853228
        ]
      },
      "properties": {
        "name:fa": "ایست بازرسی",
        "city": "تهران",
        "province": "استان تهران",
        "date": "",
        "description": "نیروهای سرکوب در قالب ایست بازرسی، مسلح همراه با دوشکا هر روزه حضور دارند",
        "id": "MzY6YTQxMjg5NGI1MWM4",
        "publicId": "MzY6YTQxMjg5NGI1MWM4",
        "sourceId": "a412894b51c8",
        "layerId": 36,
        "type": "event",
        "status": "active",
        "urgency": null,
        "verificationTag": "verified",
        "expirationDate": null,
        "createdAt": "2026-03-27T10:43:00.439Z",
        "updatedAt": "2026-07-21T21:34:31.763Z"
      }
    },
    {
      "type": "Feature",
      "id": 92191,
      "geometry": {
        "type": "Point",
        "coordinates": [
          48.53480177821595,
          36.650927932077465
        ]
      },
      "properties": {
        "name:fa": "ایست بازرسی",
        "city": "زنجان",
        "province": "استان زنجان",
        "date": "",
        "description": "ایست بازرسی سنگین هم از نظر تعداد هم تجهیزات",
        "id": "MzY6NTVjMTI1ODgxODVm",
        "publicId": "MzY6NTVjMTI1ODgxODVm",
        "sourceId": "55c12588185f",
        "layerId": 36,
        "type": "event",
        "status": "active",
        "urgency": null,
        "verificationTag": "verified",
        "expirationDate": null,
        "createdAt": "2026-03-27T10:43:37.190Z",
        "updatedAt": "2026-07-21T21:34:31.763Z"
      }
    },
    {
      "type": "Feature",
      "id": 92192,
      "geometry": {
        "type": "Point",
        "coordinates": [
          51.40316864901868,
          35.72066634648159
        ]
      },
      "properties": {
        "name:fa": "ایست بازرسی",
        "city": "تهران",
        "province": "استان تهران",
        "date": "",
        "description": "ایست بازرسی",
        "id": "MzY6MTNkYzA0NTFlZjAy",
        "publicId": "MzY6MTNkYzA0NTFlZjAy",
        "sourceId": "13dc0451ef02",
        "layerId": 36,
        "type": "event",
        "status": "active",
        "urgency": null,
        "verificationTag": "verified",
        "expirationDate": null,
        "createdAt": "2026-03-27T10:44:21.767Z",
        "updatedAt": "2026-07-21T21:34:31.763Z"
      }
    },
    {
      "type": "Feature",
      "id": 92208,
      "geometry": {
        "type": "Point",
        "coordinates": [
          52.508762967864385,
          29.598971432559352
        ]
      },
      "properties": {
        "name:fa": "مورد حمله",
        "city": "شیراز",
        "province": "استان فارس",
        "date": 1772322000,
        "description": "تاریخ 1 مارچ ساعت 3:10 صبح، این ساختمونو زدن گرچه همه میگن باید دوتا ساختمون اونورتر میخورد. کل خیابون، همین کوچه و کوچه قبلش شیشه ساختمونا ریخت، ترکش خیلی زیاد داشت و یه پسر 14ساله فوت شد توی ساختمان روبروییش بخاطر اصابت ترکش و یه نفر هم مصدوم بیمارستانی، بقیه در حد درمان سرپایی بر اثر اصابت شیشه. اگرچه به نوک فنداسیون ساختمون خورد و عجیب خود ساختمون صدمه ندید داخلش کسی!",
        "id": "MzY6NDZjNGY1OWJhODMx",
        "publicId": "MzY6NDZjNGY1OWJhODMx",
        "sourceId": "46c4f59ba831",
        "layerId": 36,
        "type": "event",
        "status": "active",
        "urgency": null,
        "verificationTag": "not-verified",
        "expirationDate": null,
        "createdAt": "2026-03-27T15:38:23.543Z",
        "updatedAt": "2026-07-21T21:34:31.763Z"
      }
    },
    {
      "type": "Feature",
      "id": 92213,
      "geometry": {
        "type": "Point",
        "coordinates": [
          52.45327986077291,
          29.68239179445139
        ]
      },
      "properties": {
        "name:fa": "تجمع سرکوبگران",
        "city": "شیراز",
        "province": "استان فارس",
        "date": "",
        "description": "صدهزاردرصد مطمئنم و خبر موثقه که اینجا پایگاه و مقر بسیج بوده همیشه از سال ۹۶ .. رفته رفته سال ۴۰۱ دورش دیوار زدن و بهش رسیدن و بزرگتر شد .. این پایگاه که مسجده ، به تنهایی باعث تعداد خیلی زیادی سرکوب توی سالهای ۴۰۱ و ۴۰۴ بود همیشه .. از ماشین سرکوب و ون گرفته تا موتور ها و بسیجی ها و یگان ویژه که همیشه مستقر میشن اینجا .. تنها خطری که داره اینه که نزدیک مناطق مسکونیه و این خیلی بده .. ولی قطعا خیلیی از سرکوب ها توی شیراز به خاطر اینجاس ..",
        "id": "MzY6NmU1OWZlMDc5YzFh",
        "publicId": "MzY6NmU1OWZlMDc5YzFh",
        "sourceId": "6e59fe079c1a",
        "layerId": 36,
        "type": "event",
        "status": "active",
        "urgency": null,
        "verificationTag": "verified",
        "expirationDate": null,
        "createdAt": "2026-03-27T15:48:50.597Z",
        "updatedAt": "2026-07-21T21:34:31.763Z"
      }
    },
    {
      "type": "Feature",
      "id": 92214,
      "geometry": {
        "type": "Point",
        "coordinates": [
          48.40125347279158,
          32.38738550026345
        ]
      },
      "properties": {
        "name:fa": "امر به معروف",
        "city": "دزفول",
        "province": "استان خوزستان",
        "date": "",
        "description": "ستاد امر به معروف و نهی از منکر ملقب به منکرات. که بارها از پشت بام معترضین رو هدف قرار دادن و کشتن.",
        "id": "MzY6MjkxYTBjN2ZiODdi",
        "publicId": "MzY6MjkxYTBjN2ZiODdi",
        "sourceId": "291a0c7fb87b",
        "layerId": 36,
        "type": "event",
        "status": "active",
        "urgency": null,
        "verificationTag": "verified",
        "expirationDate": null,
        "createdAt": "2026-03-27T15:50:20.753Z",
        "updatedAt": "2026-07-21T21:34:31.763Z"
      }
    },
    {
      "type": "Feature",
      "id": 92234,
      "geometry": {
        "type": "Point",
        "coordinates": [
          51.37880428908994,
          35.69599255784216
        ]
      },
      "properties": {
        "name:fa": "استقرار نیروهای سرکوب",
        "city": "تهران",
        "province": "استان تهران",
        "date": 1774125000,
        "description": "استقرار تیم های سرکوب",
        "id": "MzY6NGZhOGJiZjIxYjU5",
        "publicId": "MzY6NGZhOGJiZjIxYjU5",
        "sourceId": "4fa8bbf21b59",
        "layerId": 36,
        "type": "event",
        "status": "active",
        "urgency": null,
        "verificationTag": "not-verified",
        "expirationDate": null,
        "createdAt": "2026-03-27T22:54:50.454Z",
        "updatedAt": "2026-07-21T21:34:31.763Z"
      }
    },
    {
      "type": "Feature",
      "id": 92299,
      "geometry": {
        "type": "Point",
        "coordinates": [
          49.65450953643753,
          37.38332576584236
        ]
      },
      "properties": {
        "name:fa": "تجمع سرکوبگران",
        "city": "خمام",
        "province": "استان گیلان",
        "date": "",
        "description": "کلانتری و سپاه مقداد از ترس حمله، تمامی سلاح هارو به ساختمون آموزش و پرورش منتقل کردن.",
        "sources": "",
        "id": "MzY6ODNjMTBiZGNhNTU3",
        "publicId": "MzY6ODNjMTBiZGNhNTU3",
        "sourceId": "83c10bdca557",
        "layerId": 36,
        "type": "event",
        "status": "active",
        "urgency": null,
        "verificationTag": "verified",
        "expirationDate": null,
        "createdAt": "2026-03-28T15:29:59.848Z",
        "updatedAt": "2026-07-21T21:34:31.763Z"
      }
    },
    {
      "type": "Feature",
      "id": 92303,
      "geometry": {
        "type": "Point",
        "coordinates": [
          50.894250536171,
          35.79574133284389
        ]
      },
      "properties": {
        "name:fa": "تجمع سرکوبگران",
        "city": "کرج",
        "province": "استان البرز",
        "date": "",
        "description": "کلانتری ۲۲ از ترس حمله امریکا به ربروی خیابون منتقل شده و نیروهای سرکوب در کانکس جدید ساخته شده مستقر هستن - تعداد زیاد - حتی شب ها",
        "sources": "",
        "id": "MzY6MTI4MjIxOGMyYzYz",
        "publicId": "MzY6MTI4MjIxOGMyYzYz",
        "sourceId": "1282218c2c63",
        "layerId": 36,
        "type": "event",
        "status": "active",
        "urgency": null,
        "verificationTag": "verified",
        "expirationDate": null,
        "createdAt": "2026-03-28T15:53:16.761Z",
        "updatedAt": "2026-07-21T21:34:31.763Z"
      }
    },
    {
      "type": "Feature",
      "id": 92304,
      "geometry": {
        "type": "Point",
        "coordinates": [
          50.95871809102232,
          35.46739721456204
        ]
      },
      "properties": {
        "name:fa": "تجمع سرکوبگران",
        "city": "شهرجدیدپرند",
        "province": "استان تهران",
        "date": "",
        "description": "مسجد امام حسین - بعد از تخریب سپاه حیدرکرار شهر جدید پرند ، این مسجد محل تجمع و اموزش سپاه پاسداران شهر پرند است و تمام نیروهای سپاه پاسداران که اقدام به توقیف اموال و دستگیری مردم در زمان حمله به پایگاهشون کردن داخل این مسجد هستند. جهت تایید موضوع میتونین به صورت لایو ترددشون رو ببینین یا لینکی باشه براتون ویدیو بفرستم",
        "sources": "",
        "id": "MzY6NjM1MTcwY2Q2ODE0",
        "publicId": "MzY6NjM1MTcwY2Q2ODE0",
        "sourceId": "635170cd6814",
        "layerId": 36,
        "type": "event",
        "status": "active",
        "urgency": null,
        "verificationTag": "verified",
        "expirationDate": null,
        "createdAt": "2026-03-28T15:55:45.298Z",
        "updatedAt": "2026-07-21T21:34:31.763Z"
      }
    },
    {
      "type": "Feature",
      "id": 92312,
      "geometry": {
        "type": "Point",
        "coordinates": [
          51.456929314932125,
          35.79667627397133
        ]
      },
      "properties": {
        "name:fa": "استقرار سرکوبگران",
        "city": "تجریش",
        "province": "استان تهران",
        "date": "",
        "description": "",
        "sources": "",
        "id": "MzY6NjY2NWZiZTAzYzVh",
        "publicId": "MzY6NjY2NWZiZTAzYzVh",
        "sourceId": "6665fbe03c5a",
        "layerId": 36,
        "type": "event",
        "status": "active",
        "urgency": null,
        "verificationTag": "verified",
        "expirationDate": null,
        "createdAt": "2026-03-28T16:05:19.396Z",
        "updatedAt": "2026-07-21T21:34:31.763Z"
      }
    },
    {
      "type": "Feature",
      "id": 92339,
      "geometry": {
        "type": "Point",
        "coordinates": [
          51.36765053350916,
          35.66881832043288
        ]
      },
      "properties": {
        "name:fa": "تجهیزات پارازیت و تجمع سرکوبگران",
        "city": "تهران",
        "province": "استان تهران",
        "date": "",
        "description": "سلختمان بتونی مخابرات سابق که گذشته از محل استقرار اکثر نیروها میباشد در پشت بام این ساختمان تجهیزات پارازیت مستقر میباشد . این ساختمان قبل از انقلاب ساخته شده و بسیار مستحم میباشد و حتما باید با بی ۲ هدف قرار بگیرید . ساختمان در چندین طبقه میباشد که بسیاری از مسئولین در اینجا مستقر میباشند در کنار این ساختمان مسجد باب الحوائج میباشد که در زیر زمین آن بسیجیان منطقه مستقر میباشند .",
        "sources": "",
        "id": "MzY6NGMyYWJhOGRkMzg0",
        "publicId": "MzY6NGMyYWJhOGRkMzg0",
        "sourceId": "4c2aba8dd384",
        "layerId": 36,
        "type": "event",
        "status": "active",
        "urgency": null,
        "verificationTag": "verified",
        "expirationDate": null,
        "createdAt": "2026-03-28T16:26:01.221Z",
        "updatedAt": "2026-07-21T21:34:31.763Z"
      }
    },
    {
      "type": "Feature",
      "id": 92359,
      "geometry": {
        "type": "Point",
        "coordinates": [
          51.4583455635881,
          35.8019618245487
        ]
      },
      "properties": {
        "name:fa": "ایست بازرسی",
        "city": "تجریش",
        "province": "استان تهران",
        "date": "",
        "description": "",
        "sources": "",
        "id": "MzY6MTFhZTg4MzA5ZWJi",
        "publicId": "MzY6MTFhZTg4MzA5ZWJi",
        "sourceId": "11ae88309ebb",
        "layerId": 36,
        "type": "event",
        "status": "active",
        "urgency": null,
        "verificationTag": "verified",
        "expirationDate": null,
        "createdAt": "2026-03-28T16:38:39.689Z",
        "updatedAt": "2026-07-21T21:34:31.763Z"
      }
    },
    {
      "type": "Feature",
      "id": 92363,
      "geometry": {
        "type": "Point",
        "coordinates": [
          47.694805150297725,
          37.45653375805395
        ]
      },
      "properties": {
        "name:fa": "دکل صدا و سیما",
        "city": "میانه",
        "province": "استان آذربایجان شرقی",
        "date": 1773433800,
        "description": "",
        "sources": "",
        "id": "MzY6ZWVkMDVlZmUzYTgw",
        "publicId": "MzY6ZWVkMDVlZmUzYTgw",
        "sourceId": "eed05efe3a80",
        "layerId": 36,
        "type": "event",
        "status": "active",
        "urgency": null,
        "verificationTag": "not-verified",
        "expirationDate": null,
        "createdAt": "2026-03-28T17:44:47.522Z",
        "updatedAt": "2026-07-21T21:34:31.763Z"
      }
    },
    {
      "type": "Feature",
      "id": 92372,
      "geometry": {
        "type": "Point",
        "coordinates": [
          50.889508719944985,
          34.5967447049441
        ]
      },
      "properties": {
        "name:fa": "تجمع نیروی سرکوب",
        "city": "قم",
        "province": "استان قم",
        "date": 1773865800,
        "description": "محل حضور بسیجی و سپاهی و عرزشی ها هر شب ۸ به بعد",
        "sources": "",
        "id": "MzY6NjE4MjkzNjMxOWVm",
        "publicId": "MzY6NjE4MjkzNjMxOWVm",
        "sourceId": "6182936319ef",
        "layerId": 36,
        "type": "event",
        "status": "active",
        "urgency": null,
        "verificationTag": "not-verified",
        "expirationDate": null,
        "createdAt": "2026-03-28T20:34:52.058Z",
        "updatedAt": "2026-07-21T21:34:31.763Z"
      }
    },
    {
      "type": "Feature",
      "id": 92373,
      "geometry": {
        "type": "Point",
        "coordinates": [
          48.468690495875734,
          36.69524774038052
        ]
      },
      "properties": {
        "name:fa": "ستاد مدیریت بحران و پدافند غیر عامل ",
        "city": "زنجان",
        "province": "استان زنجان",
        "date": 1773174600,
        "description": "سوله ستاد مدیریت بحران زنجان شهرک الهیه طبق گزارش مردم دیدن لانچر گذاشتن داخل این مرکز",
        "sources": "",
        "id": "MzY6NTIxNmNlODA4MWU3",
        "publicId": "MzY6NTIxNmNlODA4MWU3",
        "sourceId": "5216ce8081e7",
        "layerId": 36,
        "type": "event",
        "status": "active",
        "urgency": null,
        "verificationTag": "not-verified",
        "expirationDate": null,
        "createdAt": "2026-03-28T20:42:15.286Z",
        "updatedAt": "2026-07-21T21:34:31.763Z"
      }
    },
    {
      "type": "Feature",
      "id": 92505,
      "geometry": {
        "type": "Point",
        "coordinates": [
          51.51231737126284,
          35.70752702383015
        ]
      },
      "properties": {
        "name:fa": "محل تجمع",
        "city": "تهران",
        "province": "استان تهران",
        "date": 1773413033,
        "description": "کنار اتوبان و چسبیده به شهرک زینبیه محل تجمع",
        "sources": "",
        "id": "MzY6ZDU2ODg4OWIzMTBi",
        "publicId": "MzY6ZDU2ODg4OWIzMTBi",
        "sourceId": "d568889b310b",
        "layerId": 36,
        "type": "event",
        "status": "active",
        "urgency": null,
        "verificationTag": "not-verified",
        "expirationDate": null,
        "createdAt": "2026-03-30T03:55:09.168Z",
        "updatedAt": "2026-07-21T21:34:31.763Z"
      }
    },
    {
      "type": "Feature",
      "id": 92509,
      "geometry": {
        "type": "Point",
        "coordinates": [
          51.51312565088577,
          35.71965969353231
        ]
      },
      "properties": {
        "name:fa": "تجمع عرزشی ها",
        "city": "تهران",
        "province": "استان تهران",
        "date": 1773503816,
        "description": "محل تجمع عرزشی ها با خودروهای شخصی. ۲۴ ساعته داخل جوب و داخل ماشین های شخصی خودشان میخوابند.",
        "sources": "",
        "id": "MzY6ODk0NGU0Y2I0Yjcw",
        "publicId": "MzY6ODk0NGU0Y2I0Yjcw",
        "sourceId": "8944e4cb4b70",
        "layerId": 36,
        "type": "event",
        "status": "active",
        "urgency": null,
        "verificationTag": "not-verified",
        "expirationDate": null,
        "createdAt": "2026-03-30T03:57:03.666Z",
        "updatedAt": "2026-07-21T21:34:31.763Z"
      }
    },
    {
      "type": "Feature",
      "id": 92510,
      "geometry": {
        "type": "Point",
        "coordinates": [
          51.51169423028395,
          35.71781359177288
        ]
      },
      "properties": {
        "name:fa": "محل تجمع",
        "city": "تهران",
        "province": "استان تهران",
        "date": 1773412934,
        "description": "خیابان منتهی به پارکینگ امین محل تجمع",
        "sources": "",
        "id": "MzY6YTA1ZTJkZTI2N2Ri",
        "publicId": "MzY6YTA1ZTJkZTI2N2Ri",
        "sourceId": "a05e2de267db",
        "layerId": 36,
        "type": "event",
        "status": "active",
        "urgency": null,
        "verificationTag": "not-verified",
        "expirationDate": null,
        "createdAt": "2026-03-30T03:57:15.845Z",
        "updatedAt": "2026-07-21T21:34:31.763Z"
      }
    },
    {
      "type": "Feature",
      "id": 92589,
      "geometry": {
        "type": "Point",
        "coordinates": [
          49.63869683861145,
          31.2552573130927
        ]
      },
      "properties": {
        "name:fa": "ایست بازرسی",
        "description": "ایست بازرسی دقیقا قبل تر از دور برگردان.ورودی شهره.",
        "date": 1774834177,
        "city": "شهرستان رامهرمز",
        "province": "استان خوزستان",
        "id": "MzY6MDhlODk2OWNkYmQx",
        "publicId": "MzY6MDhlODk2OWNkYmQx",
        "sourceId": "08e8969cdbd1",
        "layerId": 36,
        "type": "event",
        "status": "active",
        "urgency": null,
        "verificationTag": "not-verified",
        "expirationDate": null,
        "createdAt": "2026-03-30T01:29:37.050Z",
        "updatedAt": "2026-07-21T21:34:31.763Z"
      }
    },
    {
      "type": "Feature",
      "id": 92590,
      "geometry": {
        "type": "Point",
        "coordinates": [
          49.58047665786077,
          31.269470373524683
        ]
      },
      "properties": {
        "name:fa": "ایست بازرسی",
        "description": "ایست بازرسی ورودی به شهره.",
        "date": 1774834063,
        "city": "شهرستان رامهرمز",
        "province": "استان خوزستان",
        "id": "MzY6OTg1ZDBiYTc4ZDQw",
        "publicId": "MzY6OTg1ZDBiYTc4ZDQw",
        "sourceId": "985d0ba78d40",
        "layerId": 36,
        "type": "event",
        "status": "active",
        "urgency": null,
        "verificationTag": "not-verified",
        "expirationDate": null,
        "createdAt": "2026-03-30T01:27:43.824Z",
        "updatedAt": "2026-07-21T21:34:31.763Z"
      }
    },
    {
      "type": "Feature",
      "id": 92591,
      "geometry": {
        "type": "Point",
        "coordinates": [
          48.49885504660662,
          36.665601246707325
        ]
      },
      "properties": {
        "name:fa": "ایست بازرسی",
        "description": "در بلوار خرمشهر بعد از خیابان شرکت نفت به سمت شیلات ایست بازرسی میذارن از ۸-۹ شب و تا دندان مسلح هستن پشت هایلوکس دوشکا هست",
        "date": 1774829605,
        "city": "زنجان",
        "province": "استان زنجان",
        "id": "MzY6ZDcwNjVmNDFhYjVl",
        "publicId": "MzY6ZDcwNjVmNDFhYjVl",
        "sourceId": "d7065f41ab5e",
        "layerId": 36,
        "type": "event",
        "status": "active",
        "urgency": null,
        "verificationTag": "not-verified",
        "expirationDate": null,
        "createdAt": "2026-03-30T00:13:25.954Z",
        "updatedAt": "2026-07-21T21:34:31.763Z"
      }
    },
    {
      "type": "Feature",
      "id": 92592,
      "geometry": {
        "type": "Point",
        "coordinates": [
          48.487312982783635,
          36.68244298958621
        ]
      },
      "properties": {
        "name:fa": "ایست بازرسی",
        "description": "از ۷ فروردین ساعت ۸ به بعد در خیابان استانداری و سازمان‌ اطلاعات از سمت سعدی شمالی به حاجی بلواری)کوچه مشکی( ایست بازرسی میذارن و بلوار تنگ شده گاهی هم پشت وانت دوشکا هست",
        "date": 1774829387,
        "city": "زنجان",
        "province": "استان زنجان",
        "id": "MzY6MzM2NGU3YjA5ZDEy",
        "publicId": "MzY6MzM2NGU3YjA5ZDEy",
        "sourceId": "3364e7b09d12",
        "layerId": 36,
        "type": "event",
        "status": "active",
        "urgency": null,
        "verificationTag": "not-verified",
        "expirationDate": null,
        "createdAt": "2026-03-30T00:09:47.564Z",
        "updatedAt": "2026-07-21T21:34:31.763Z"
      }
    },
    {
      "type": "Feature",
      "id": 92593,
      "geometry": {
        "type": "Point",
        "coordinates": [
          48.50368436968046,
          36.6899715971805
        ]
      },
      "properties": {
        "name:fa": "ایست بازرسی",
        "description": "گزارش ایست بازرسی در زنجان، حوالی مرکز شهر. این ایست بازرسی شامل سه نفر مسلح است و گاهی اوقات یک ماشین زرهی نیز در آنجا حضور دارد.",
        "date": 1774821602,
        "city": "زنجان",
        "province": "استان زنجان",
        "id": "MzY6MDc3YTkwMjU2NjQ3",
        "publicId": "MzY6MDc3YTkwMjU2NjQ3",
        "sourceId": "077a90256647",
        "layerId": 36,
        "type": "event",
        "status": "active",
        "urgency": null,
        "verificationTag": "verified",
        "expirationDate": null,
        "createdAt": "2026-03-29T22:00:02.243Z",
        "updatedAt": "2026-07-21T21:34:31.763Z"
      }
    },
    {
      "type": "Feature",
      "id": 92596,
      "geometry": {
        "type": "Point",
        "coordinates": [
          51.417824980786236,
          35.70760934930783
        ]
      },
      "properties": {
        "name:fa": "محل تجمع نیروها",
        "description": "به فاصله یک تا دوتا ساختمون اینوتر یا اونورتر اینجا توی هر تظاهرات همیشه محل تجمع نیروها بود. هیچ وقت نزدیک نشدم که بفهمم دقیقا کدوم ساختمونه. گاهی با موتور گشتی میومدن از اینجا گاهی هم پیاده میومدن توی خیابون همون نزدیکا جلوی ماشینا رو میگرفتن یا مثلا توی خیابون گشت میزدن.",
        "date": 1774799488,
        "city": "تهران",
        "province": "استان تهران",
        "id": "MzY6NzcyZmMwMGQwODM1",
        "publicId": "MzY6NzcyZmMwMGQwODM1",
        "sourceId": "772fc00d0835",
        "layerId": 36,
        "type": "event",
        "status": "active",
        "urgency": null,
        "verificationTag": "not-verified",
        "expirationDate": null,
        "createdAt": "2026-03-29T15:51:28.832Z",
        "updatedAt": "2026-07-21T21:34:31.763Z"
      }
    },
    {
      "type": "Feature",
      "id": 92598,
      "geometry": {
        "type": "Point",
        "coordinates": [
          51.50081618552048,
          35.808550542847414
        ]
      },
      "properties": {
        "name:fa": "محل تجمع نیروهای سرکوب",
        "description": "محل تجمع سرکوبگران",
        "date": 1774675502,
        "city": "تجریش",
        "province": "استان تهران",
        "id": "MzY6MDUwZjE3ZTBkZDI4",
        "publicId": "MzY6MDUwZjE3ZTBkZDI4",
        "sourceId": "050f17e0dd28",
        "layerId": 36,
        "type": "event",
        "status": "active",
        "urgency": null,
        "verificationTag": "not-verified",
        "expirationDate": null,
        "createdAt": "2026-03-28T05:25:02.075Z",
        "updatedAt": "2026-07-21T21:34:31.763Z"
      }
    },
    {
      "type": "Feature",
      "id": 92599,
      "geometry": {
        "type": "Point",
        "coordinates": [
          49.4228098756021,
          37.47505224523671
        ]
      },
      "properties": {
        "name:fa": "ساختمان پدافند غیرعامل",
        "description": "ساختمان پدافند غیرعامل با پوشش چوب بری و غیره گاهی مقر جمع شدن هکرا است",
        "date": 1774620240,
        "city": "بندر انزلی",
        "province": "استان گیلان",
        "id": "MzY6ZTk3OWRlNjc0M2Jl",
        "publicId": "MzY6ZTk3OWRlNjc0M2Jl",
        "sourceId": "e979de6743be",
        "layerId": 36,
        "type": "event",
        "status": "active",
        "urgency": null,
        "verificationTag": "not-verified",
        "expirationDate": null,
        "createdAt": "2026-03-27T14:04:00.664Z",
        "updatedAt": "2026-07-21T21:34:31.763Z"
      }
    },
    {
      "type": "Feature",
      "id": 92600,
      "geometry": {
        "type": "Point",
        "coordinates": [
          51.34083195165181,
          35.76612988004264
        ]
      },
      "properties": {
        "name:fa": "محل استراحت نیروها",
        "description": "محل استراحت نیروی نظامی و سرکوب . در حیاط امامزاده چادر میزنن و در داخل هم میخوابند",
        "date": 1774480505,
        "city": "تهران",
        "province": "استان تهران",
        "id": "MzY6M2I1NjIwNDU2N2Nk",
        "publicId": "MzY6M2I1NjIwNDU2N2Nk",
        "sourceId": "3b56204567cd",
        "layerId": 36,
        "type": "event",
        "status": "active",
        "urgency": null,
        "verificationTag": "not-verified",
        "expirationDate": null,
        "createdAt": "2026-03-25T23:15:05.625Z",
        "updatedAt": "2026-07-21T21:34:31.763Z"
      }
    },
    {
      "type": "Feature",
      "id": 92601,
      "geometry": {
        "type": "Point",
        "coordinates": [
          51.3879555008547,
          35.756844019748115
        ]
      },
      "properties": {
        "name:fa": "رفت و آمد نیروهای سرکوب",
        "description": "رفت و آمد نیروی سرکوب",
        "date": 1774338151,
        "city": "تهران",
        "province": "استان تهران",
        "id": "MzY6YjkwOTJlZGIxNDkw",
        "publicId": "MzY6YjkwOTJlZGIxNDkw",
        "sourceId": "b9092edb1490",
        "layerId": 36,
        "type": "event",
        "status": "active",
        "urgency": null,
        "verificationTag": "not-verified",
        "expirationDate": null,
        "createdAt": "2026-03-24T07:42:31.660Z",
        "updatedAt": "2026-07-21T21:34:31.763Z"
      }
    },
    {
      "type": "Feature",
      "id": 92602,
      "geometry": {
        "type": "Point",
        "coordinates": [
          51.39182191134441,
          35.76787728045957
        ]
      },
      "properties": {
        "name:fa": "رفت و آمد نیروهای سرکوب",
        "description": "رفت و آمد نیروی سرکوب",
        "date": 1774337826,
        "city": "تهران",
        "province": "استان تهران",
        "id": "MzY6MzhkOTgxNjhjMzA3",
        "publicId": "MzY6MzhkOTgxNjhjMzA3",
        "sourceId": "38d98168c307",
        "layerId": 36,
        "type": "event",
        "status": "active",
        "urgency": null,
        "verificationTag": "not-verified",
        "expirationDate": null,
        "createdAt": "2026-03-24T07:37:06.930Z",
        "updatedAt": "2026-07-21T21:34:31.763Z"
      }
    },
    {
      "type": "Feature",
      "id": 92603,
      "geometry": {
        "type": "Point",
        "coordinates": [
          51.31569966262501,
          35.7012019418693
        ]
      },
      "properties": {
        "name:fa": "رفت و آمد مشکوک",
        "description": "رفت و آمدهای مشکوک تو این مدرسه هست، یک روز پر از نیرو نطامی‌ه، یه روز تعداد زیادی آدم با لباس هلال احمر و... درست معلوم نیست چیکار میکنن، ولی اشخاص نظامی و تجهیزات نظامی داخلش رفت و آمد واشتن",
        "date": 1774323524,
        "city": "تهران",
        "province": "استان تهران",
        "id": "MzY6N2VjZGVhMjYwNGVh",
        "publicId": "MzY6N2VjZGVhMjYwNGVh",
        "sourceId": "7ecdea2604ea",
        "layerId": 36,
        "type": "event",
        "status": "active",
        "urgency": null,
        "verificationTag": "not-verified",
        "expirationDate": null,
        "createdAt": "2026-03-24T03:38:44.007Z",
        "updatedAt": "2026-07-21T21:34:31.763Z"
      }
    },
    {
      "type": "Feature",
      "id": 92605,
      "geometry": {
        "type": "Point",
        "coordinates": [
          51.28934488336529,
          35.75318132353355
        ]
      },
      "properties": {
        "name:fa": "ایست بازرسی شهران",
        "description": "است بازررسی خیابان شهران، زیر پل همت قایم شدن، البته خیلی هم زیاد نیستن.",
        "date": 1774071492,
        "city": "تهران",
        "province": "استان تهران",
        "id": "MzY6MTQxYzE2ODgwMGFm",
        "publicId": "MzY6MTQxYzE2ODgwMGFm",
        "sourceId": "141c168800af",
        "layerId": 36,
        "type": "event",
        "status": "active",
        "urgency": null,
        "verificationTag": "not-verified",
        "expirationDate": null,
        "createdAt": "2026-03-21T05:38:12.757Z",
        "updatedAt": "2026-07-21T21:34:31.763Z"
      }
    },
    {
      "type": "Feature",
      "id": 92607,
      "geometry": {
        "type": "Point",
        "coordinates": [
          50.83903617551138,
          34.628256966724535
        ]
      },
      "properties": {
        "name:fa": "محل استراحت نیروها",
        "description": "محل استراحت و استقرار یگان سرکوب داخل مدرسه",
        "date": 1773933470,
        "city": "قم",
        "province": "استان قم",
        "id": "MzY6OTFhNDA3ZDQzMmQx",
        "publicId": "MzY6OTFhNDA3ZDQzMmQx",
        "sourceId": "91a407d432d1",
        "layerId": 36,
        "type": "event",
        "status": "active",
        "urgency": null,
        "verificationTag": "not-verified",
        "expirationDate": null,
        "createdAt": "2026-03-19T15:17:50.529Z",
        "updatedAt": "2026-07-21T21:34:31.763Z"
      }
    },
    {
      "type": "Feature",
      "id": 92610,
      "geometry": {
        "type": "Point",
        "coordinates": [
          59.55096165646242,
          36.28391612250786
        ]
      },
      "properties": {
        "name:fa": "محل تجمع نیروهای سرکوب",
        "description": "محل تجمع نیروهای سرکوب با اسلحه جنگی",
        "date": 1773789615,
        "city": "مشهد",
        "province": "استان خراسان رضوی",
        "id": "MzY6NjJmOWNiNzVlNWRj",
        "publicId": "MzY6NjJmOWNiNzVlNWRj",
        "sourceId": "62f9cb75e5dc",
        "layerId": 36,
        "type": "event",
        "status": "active",
        "urgency": null,
        "verificationTag": "not-verified",
        "expirationDate": null,
        "createdAt": "2026-03-17T23:20:15.015Z",
        "updatedAt": "2026-07-21T21:34:31.763Z"
      }
    },
    {
      "type": "Feature",
      "id": 92612,
      "geometry": {
        "type": "Point",
        "coordinates": [
          51.355989715408384,
          35.777524330307855
        ]
      },
      "properties": {
        "name:fa": "محل نیروهای سرکوب",
        "description": "ساعت ۶ عصر کلی نیروی سرکوبگر با اسلحه بودن، ما تو آسمان آتیش روشن کردیم اومدن تهدیدمون کردن",
        "date": 1773765073,
        "city": "تهران",
        "province": "استان تهران",
        "id": "MzY6NDZiMmVjZGI2ZTk4",
        "publicId": "MzY6NDZiMmVjZGI2ZTk4",
        "sourceId": "46b2ecdb6e98",
        "layerId": 36,
        "type": "event",
        "status": "active",
        "urgency": null,
        "verificationTag": "not-verified",
        "expirationDate": null,
        "createdAt": "2026-03-17T16:31:13.489Z",
        "updatedAt": "2026-07-21T21:34:31.763Z"
      }
    },
    {
      "type": "Feature",
      "id": 92613,
      "geometry": {
        "type": "Point",
        "coordinates": [
          50.81922096174017,
          35.859792175043026
        ]
      },
      "properties": {
        "name:fa": "محل تجمع نیروهای سرکوب",
        "description": "کارخانه بهروز محل تجمع نیرو های سرکوب و نیرو های مسلخ رویت شده در ساعت 13 تاریخ 26,12,1404 شاهد",
        "date": 1773745150,
        "city": "شهرستان ساوجبلاغ",
        "province": "استان البرز",
        "id": "MzY6MWI2N2ZlY2Y2MzMx",
        "publicId": "MzY6MWI2N2ZlY2Y2MzMx",
        "sourceId": "1b67fecf6331",
        "layerId": 36,
        "type": "event",
        "status": "active",
        "urgency": null,
        "verificationTag": "not-verified",
        "expirationDate": null,
        "createdAt": "2026-03-17T10:59:10.441Z",
        "updatedAt": "2026-07-21T21:34:31.763Z"
      }
    },
    {
      "type": "Feature",
      "id": 92614,
      "geometry": {
        "type": "Point",
        "coordinates": [
          50.97721,
          35.82606
        ]
      },
      "properties": {
        "name:fa": "محل تجمع نیروهای سرکوب",
        "description": "تجمع نیروهای سرکوب در میدان سپاه کرج ضلع شمال غربی زیر پل جمع میشن",
        "date": 1773591601,
        "city": "کرج",
        "province": "استان البرز",
        "id": "MzY6NjgyYjFiZTViMTJj",
        "publicId": "MzY6NjgyYjFiZTViMTJj",
        "sourceId": "682b1be5b12c",
        "layerId": 36,
        "type": "event",
        "status": "active",
        "urgency": null,
        "verificationTag": "not-verified",
        "expirationDate": null,
        "createdAt": "2026-03-15T16:20:01.162Z",
        "updatedAt": "2026-07-21T21:34:31.763Z"
      }
    },
    {
      "type": "Feature",
      "id": 92615,
      "geometry": {
        "type": "Point",
        "coordinates": [
          51.56188617647163,
          32.681581994316375
        ]
      },
      "properties": {
        "name:fa": "محل استقرار نیروهای امنیتی",
        "description": "محل استقرار نیروهای امنیتی",
        "date": 1773590925,
        "city": "خمینی شهر",
        "province": "استان اصفهان",
        "id": "MzY6YjQzMGUxMjQ0NzA2",
        "publicId": "MzY6YjQzMGUxMjQ0NzA2",
        "sourceId": "b430e1244706",
        "layerId": 36,
        "type": "event",
        "status": "active",
        "urgency": null,
        "verificationTag": "not-verified",
        "expirationDate": null,
        "createdAt": "2026-03-15T16:08:45.911Z",
        "updatedAt": "2026-07-21T21:34:31.763Z"
      }
    },
    {
      "type": "Feature",
      "id": 92617,
      "geometry": {
        "type": "Point",
        "coordinates": [
          45.700134850438275,
          38.18149898856376
        ]
      },
      "properties": {
        "name:fa": "محل استقرار نیروهای سرکوب",
        "description": "محل استقرار سرکوبگران",
        "date": 1773530124,
        "city": "شبستر",
        "province": "استان آذربایجان شرقی",
        "id": "MzY6NGM2OTVlYWI1NDJi",
        "publicId": "MzY6NGM2OTVlYWI1NDJi",
        "sourceId": "4c695eab542b",
        "layerId": 36,
        "type": "event",
        "status": "active",
        "urgency": null,
        "verificationTag": "not-verified",
        "expirationDate": null,
        "createdAt": "2026-03-14T23:15:24.339Z",
        "updatedAt": "2026-07-21T21:34:31.763Z"
      }
    },
    {
      "type": "Feature",
      "id": 92618,
      "geometry": {
        "type": "Point",
        "coordinates": [
          45.7042768675164,
          38.17987106391763
        ]
      },
      "properties": {
        "name:fa": "محل نیروهای سرکوب",
        "description": "تمام مهمات سرکوبگران محل",
        "date": 1773529927,
        "city": "شبستر",
        "province": "استان آذربایجان شرقی",
        "id": "MzY6NjM5YmIyMTQ4OGU5",
        "publicId": "MzY6NjM5YmIyMTQ4OGU5",
        "sourceId": "639bb21488e9",
        "layerId": 36,
        "type": "event",
        "status": "active",
        "urgency": null,
        "verificationTag": "not-verified",
        "expirationDate": null,
        "createdAt": "2026-03-14T23:12:07.684Z",
        "updatedAt": "2026-07-21T21:34:31.763Z"
      }
    },
    {
      "type": "Feature",
      "id": 92619,
      "geometry": {
        "type": "Point",
        "coordinates": [
          51.45020930706582,
          35.689753276544536
        ]
      },
      "properties": {
        "name:fa": "محل نیروهای سرکوب",
        "description": "14:00  نیروهای سرکوب و گشت",
        "date": 1773484429,
        "city": "تهران",
        "province": "استان تهران",
        "id": "MzY6NTg5MThmNjMxZGQx",
        "publicId": "MzY6NTg5MThmNjMxZGQx",
        "sourceId": "58918f631dd1",
        "layerId": 36,
        "type": "event",
        "status": "active",
        "urgency": null,
        "verificationTag": "not-verified",
        "expirationDate": null,
        "createdAt": "2026-03-14T10:33:49.393Z",
        "updatedAt": "2026-07-21T21:34:31.763Z"
      }
    },
    {
      "type": "Feature",
      "id": 92620,
      "geometry": {
        "type": "Point",
        "coordinates": [
          55.58204061061602,
          26.9518758812266
        ]
      },
      "properties": {
        "name:fa": "محل نیروهای سرکوب",
        "description": "نیروهای سرکوب",
        "date": 1773446228,
        "city": "بندر خمیر",
        "province": "استان هرمزگان",
        "id": "MzY6N2M4ZDk3YzRkMjJk",
        "publicId": "MzY6N2M4ZDk3YzRkMjJk",
        "sourceId": "7c8d97c4d22d",
        "layerId": 36,
        "type": "event",
        "status": "active",
        "urgency": null,
        "verificationTag": "not-verified",
        "expirationDate": null,
        "createdAt": "2026-03-13T23:57:08.044Z",
        "updatedAt": "2026-07-21T21:34:31.763Z"
      }
    },
    {
      "type": "Feature",
      "id": 92621,
      "geometry": {
        "type": "Point",
        "coordinates": [
          51.47741671387155,
          35.72590138465668
        ]
      },
      "properties": {
        "name:fa": "محل تجمع نیروهای سرکوب",
        "description": "سالن ورزشی محل تجمع نیروهای سرکوبگر و آموزش نیروها در اطراف سالن و زمین فوتبال مجاور",
        "date": 1773441604,
        "city": "تهران",
        "province": "استان تهران",
        "id": "MzY6MjBiMjA0NzcxMDJm",
        "publicId": "MzY6MjBiMjA0NzcxMDJm",
        "sourceId": "20b20477102f",
        "layerId": 36,
        "type": "event",
        "status": "active",
        "urgency": null,
        "verificationTag": "not-verified",
        "expirationDate": null,
        "createdAt": "2026-03-13T22:40:04.570Z",
        "updatedAt": "2026-07-21T21:34:31.763Z"
      }
    },
    {
      "type": "Feature",
      "id": 92622,
      "geometry": {
        "type": "Point",
        "coordinates": [
          51.5693230380075,
          32.85440981861389
        ]
      },
      "properties": {
        "name:fa": "محل استقرار نیروهای سرکوب",
        "description": "محل استقرار نیروهای سرکوب و زرادخانه شاهین شهر",
        "date": 1773439274,
        "city": "شاهین شهر",
        "province": "استان اصفهان",
        "id": "MzY6YzZlMDE3MjA3OWNk",
        "publicId": "MzY6YzZlMDE3MjA3OWNk",
        "sourceId": "c6e0172079cd",
        "layerId": 36,
        "type": "event",
        "status": "active",
        "urgency": null,
        "verificationTag": "not-verified",
        "expirationDate": null,
        "createdAt": "2026-03-13T22:01:14.732Z",
        "updatedAt": "2026-07-21T21:34:31.763Z"
      }
    },
    {
      "type": "Feature",
      "id": 92623,
      "geometry": {
        "type": "Point",
        "coordinates": [
          51.6541277081416,
          32.63526709879899
        ]
      },
      "properties": {
        "name:fa": "محل استقرار نیروها",
        "description": "اقامتگاه نیروهای سرکوب و محل استقرار حراست",
        "date": 1773438167,
        "city": "اصفهان",
        "province": "استان اصفهان",
        "id": "MzY6YWJiZTc2M2VmNjhl",
        "publicId": "MzY6YWJiZTc2M2VmNjhl",
        "sourceId": "abbe763ef68e",
        "layerId": 36,
        "type": "event",
        "status": "active",
        "urgency": null,
        "verificationTag": "not-verified",
        "expirationDate": null,
        "createdAt": "2026-03-13T21:42:47.032Z",
        "updatedAt": "2026-07-21T21:34:31.763Z"
      }
    },
    {
      "type": "Feature",
      "id": 92624,
      "geometry": {
        "type": "Point",
        "coordinates": [
          51.65393502047303,
          32.63410832374784
        ]
      },
      "properties": {
        "name:fa": "محل استقرار نیروهای سرکوب",
        "description": "محل استقرار نیروهای سرکوب و محل استقرار نهاد رهبری",
        "date": 1773438103,
        "city": "اصفهان",
        "province": "استان اصفهان",
        "id": "MzY6M2E4ODg1NzM2ZjEy",
        "publicId": "MzY6M2E4ODg1NzM2ZjEy",
        "sourceId": "3a8885736f12",
        "layerId": 36,
        "type": "event",
        "status": "active",
        "urgency": null,
        "verificationTag": "not-verified",
        "expirationDate": null,
        "createdAt": "2026-03-13T21:41:43.932Z",
        "updatedAt": "2026-07-21T21:34:31.763Z"
      }
    },
    {
      "type": "Feature",
      "id": 92625,
      "geometry": {
        "type": "Point",
        "coordinates": [
          51.53970588364092,
          32.75146627118083
        ]
      },
      "properties": {
        "name:fa": "محل نگهداری نیروهای سرکوب",
        "description": "محل نگهداری نیروهای سرکوب",
        "date": 1773437991,
        "city": "اصفهان",
        "province": "استان اصفهان",
        "id": "MzY6Y2M4YmIzZDU0NGQw",
        "publicId": "MzY6Y2M4YmIzZDU0NGQw",
        "sourceId": "cc8bb3d544d0",
        "layerId": 36,
        "type": "event",
        "status": "active",
        "urgency": null,
        "verificationTag": "not-verified",
        "expirationDate": null,
        "createdAt": "2026-03-13T21:39:51.354Z",
        "updatedAt": "2026-07-21T21:34:31.763Z"
      }
    },
    {
      "type": "Feature",
      "id": 92626,
      "geometry": {
        "type": "Point",
        "coordinates": [
          48.480381153963094,
          36.67262107060965
        ]
      },
      "properties": {
        "name:fa": "محل استقرار نیروها",
        "description": "محل استقرار نیرو سرکوب",
        "date": 1773427010,
        "city": "زنجان",
        "province": "استان زنجان",
        "id": "MzY6Mjg2NWIxYWEzNzY5",
        "publicId": "MzY6Mjg2NWIxYWEzNzY5",
        "sourceId": "2865b1aa3769",
        "layerId": 36,
        "type": "event",
        "status": "active",
        "urgency": null,
        "verificationTag": "not-verified",
        "expirationDate": null,
        "createdAt": "2026-03-13T18:36:50.249Z",
        "updatedAt": "2026-07-21T21:34:31.763Z"
      }
    },
    {
      "type": "Feature",
      "id": 92627,
      "geometry": {
        "type": "Point",
        "coordinates": [
          49.589918059685715,
          37.297146542136616
        ]
      },
      "properties": {
        "name:fa": "مامورای لباس شخصی زیر پل",
        "description": "مامورای لباس شخصی زیر پل باستان",
        "date": 1773407586,
        "city": "رشت",
        "province": "استان گیلان",
        "id": "MzY6ODQ2ZGZjZjNjN2Jk",
        "publicId": "MzY6ODQ2ZGZjZjNjN2Jk",
        "sourceId": "846dfcf3c7bd",
        "layerId": 36,
        "type": "event",
        "status": "active",
        "urgency": null,
        "verificationTag": "not-verified",
        "expirationDate": null,
        "createdAt": "2026-03-13T13:13:06.496Z",
        "updatedAt": "2026-07-21T21:34:31.763Z"
      }
    },
    {
      "type": "Feature",
      "id": 92628,
      "geometry": {
        "type": "Point",
        "coordinates": [
          50.98172386879679,
          35.73827892783579
        ]
      },
      "properties": {
        "name:fa": "محل تجمع نیروهای سرکوب",
        "description": "محل تجمع نیروهای سرکوب رژیم",
        "date": 1773406743,
        "city": "شهرستان فردیس",
        "province": "استان البرز",
        "id": "MzY6MjJmYTQwMDg5YTg1",
        "publicId": "MzY6MjJmYTQwMDg5YTg1",
        "sourceId": "22fa40089a85",
        "layerId": 36,
        "type": "event",
        "status": "active",
        "urgency": null,
        "verificationTag": "not-verified",
        "expirationDate": null,
        "createdAt": "2026-03-13T12:59:03.640Z",
        "updatedAt": "2026-07-21T21:34:31.763Z"
      }
    },
    {
      "type": "Feature",
      "id": 92629,
      "geometry": {
        "type": "Point",
        "coordinates": [
          51.33383117084384,
          35.48550505802085
        ]
      },
      "properties": {
        "name:fa": "ادوات جنگی و عبور و مرور",
        "description": "ادوات جنگی و عبور و مرور مرموز",
        "date": 1773330237,
        "city": "شهرستان ری",
        "province": "استان تهران",
        "id": "MzY6ZGYyMzE4OTg2YjM2",
        "publicId": "MzY6ZGYyMzE4OTg2YjM2",
        "sourceId": "df2318986b36",
        "layerId": 36,
        "type": "event",
        "status": "active",
        "urgency": null,
        "verificationTag": "not-verified",
        "expirationDate": null,
        "createdAt": "2026-03-12T15:43:57.818Z",
        "updatedAt": "2026-07-21T21:34:31.763Z"
      }
    },
    {
      "type": "Feature",
      "id": 92630,
      "geometry": {
        "type": "Point",
        "coordinates": [
          47.41364669146273,
          32.99049312039901
        ]
      },
      "properties": {
        "name:fa": "محل تجمع نیروهای سرکوب",
        "description": "کمیته امداد و محل تجمع نیروهای سرکوب",
        "date": 1773308857,
        "city": "آبدانان",
        "province": "استان ایلام",
        "id": "MzY6NWExMjYyYzIzZGU0",
        "publicId": "MzY6NWExMjYyYzIzZGU0",
        "sourceId": "5a1262c23de4",
        "layerId": 36,
        "type": "event",
        "status": "active",
        "urgency": null,
        "verificationTag": "not-verified",
        "expirationDate": null,
        "createdAt": "2026-03-12T09:47:37.718Z",
        "updatedAt": "2026-07-21T21:34:31.763Z"
      }
    },
    {
      "type": "Feature",
      "id": 92632,
      "geometry": {
        "type": "Point",
        "coordinates": [
          51.36704926573964,
          35.668314944321025
        ]
      },
      "properties": {
        "name:fa": "محل استقرار نیروها",
        "description": "اینجا استخر جانبازان میباشد . که تنها کسانیکه اجازه ورود ندارند جانبازان میباشد و محل استقرار مسئولین مخصوصا به احتمال زیاد شهردار تهران زاکانی میباشد .",
        "date": 1773133975,
        "city": "تهران",
        "province": "استان تهران",
        "id": "MzY6NmUxYzRlNjM5MTgx",
        "publicId": "MzY6NmUxYzRlNjM5MTgx",
        "sourceId": "6e1c4e639181",
        "layerId": 36,
        "type": "event",
        "status": "active",
        "urgency": null,
        "verificationTag": "not-verified",
        "expirationDate": null,
        "createdAt": "2026-03-10T09:12:55.780Z",
        "updatedAt": "2026-07-21T21:34:31.763Z"
      }
    },
    {
      "type": "Feature",
      "id": 92633,
      "geometry": {
        "type": "Point",
        "coordinates": [
          51.38294451428905,
          35.68575287989016
        ]
      },
      "properties": {
        "name:fa": "محل استراحت نیروها",
        "description": "سالن ورزشی که به محل استراحت نیروها تبدیل ده",
        "date": 1773132095,
        "city": "تهران",
        "province": "استان تهران",
        "id": "MzY6YTlhNzZjZGQyZThh",
        "publicId": "MzY6YTlhNzZjZGQyZThh",
        "sourceId": "a9a76cdd2e8a",
        "layerId": 36,
        "type": "event",
        "status": "active",
        "urgency": null,
        "verificationTag": "not-verified",
        "expirationDate": null,
        "createdAt": "2026-03-10T08:41:35.165Z",
        "updatedAt": "2026-07-21T21:34:31.763Z"
      }
    },
    {
      "type": "Feature",
      "id": 92635,
      "geometry": {
        "type": "Point",
        "coordinates": [
          55.176655061574195,
          37.23470553866193
        ]
      },
      "properties": {
        "name:fa": "محل تجمع نیروهای سرکوب",
        "description": "محل تجمع نیرو های سرکوب",
        "date": 1773086213,
        "city": "گنبد کاووس",
        "province": "استان گلستان",
        "id": "MzY6M2UzOGI3ZTk0MjFj",
        "publicId": "MzY6M2UzOGI3ZTk0MjFj",
        "sourceId": "3e38b7e9421c",
        "layerId": 36,
        "type": "event",
        "status": "active",
        "urgency": null,
        "verificationTag": "not-verified",
        "expirationDate": null,
        "createdAt": "2026-03-09T19:56:53.102Z",
        "updatedAt": "2026-07-21T21:34:31.763Z"
      }
    },
    {
      "type": "Feature",
      "id": 92636,
      "geometry": {
        "type": "Point",
        "coordinates": [
          48.71393716429307,
          31.361508713468808
        ]
      },
      "properties": {
        "name:fa": "محل اسکان نیروها",
        "description": "ساختمان در دست ساخت متعلق با آیت الله طباطبایی و محل اسکان برخی عناصر سرکوبگر که در شب می آیند",
        "date": 1773053177,
        "city": "اهواز",
        "province": "استان خوزستان",
        "id": "MzY6YzU4MTU2NjAyZmRj",
        "publicId": "MzY6YzU4MTU2NjAyZmRj",
        "sourceId": "c58156602fdc",
        "layerId": 36,
        "type": "event",
        "status": "active",
        "urgency": null,
        "verificationTag": "not-verified",
        "expirationDate": null,
        "createdAt": "2026-03-09T10:46:17.581Z",
        "updatedAt": "2026-07-21T21:34:31.763Z"
      }
    },
    {
      "type": "Feature",
      "id": 92637,
      "geometry": {
        "type": "Point",
        "coordinates": [
          48.50203242396461,
          36.68131601914111
        ]
      },
      "properties": {
        "name:fa": "محل تجمع نیروهای سرکوب",
        "description": "محل جدید تجمع نیروهای سرکوب موتوری.",
        "date": 1772981237,
        "city": "زنجان",
        "province": "استان زنجان",
        "id": "MzY6M2JjYjk4NzFlMzRl",
        "publicId": "MzY6M2JjYjk4NzFlMzRl",
        "sourceId": "3bcb9871e34e",
        "layerId": 36,
        "type": "event",
        "status": "active",
        "urgency": null,
        "verificationTag": "not-verified",
        "expirationDate": null,
        "createdAt": "2026-03-08T14:47:17.211Z",
        "updatedAt": "2026-07-21T21:34:31.763Z"
      }
    },
    {
      "type": "Feature",
      "id": 92639,
      "geometry": {
        "type": "Point",
        "coordinates": [
          51.333216663962645,
          35.34039293304723
        ]
      },
      "properties": {
        "name:fa": "محل نیروهای سرکوب",
        "description": "محل‌ اختفای سرکوبگران زندان فشاوفیه و برخی مقامات زندان تهران داخل مجتمع اداری مرغداری",
        "date": 1772940599,
        "city": "شهرستان ری",
        "province": "استان تهران",
        "id": "MzY6NjlhMTlkMzE4ZWVl",
        "publicId": "MzY6NjlhMTlkMzE4ZWVl",
        "sourceId": "69a19d318eee",
        "layerId": 36,
        "type": "event",
        "status": "active",
        "urgency": null,
        "verificationTag": "not-verified",
        "expirationDate": null,
        "createdAt": "2026-03-08T03:29:59.493Z",
        "updatedAt": "2026-07-21T21:34:31.763Z"
      }
    },
    {
      "type": "Feature",
      "id": 92640,
      "geometry": {
        "type": "Point",
        "coordinates": [
          51.33272167105554,
          35.33168850912722
        ]
      },
      "properties": {
        "name:fa": "محل نیروهای سرکوب",
        "description": "محل اسنقرار حدود ۵۰ عدد نیروی سرکوب حرفه ای مقابله با زندان فشافویه در داخل مدرسه روستای خانلق فشافویه",
        "date": 1772940468,
        "city": "خانلق",
        "province": "استان تهران",
        "id": "MzY6NGI3Mjc1Y2M4YzQ4",
        "publicId": "MzY6NGI3Mjc1Y2M4YzQ4",
        "sourceId": "4b7275cc8c48",
        "layerId": 36,
        "type": "event",
        "status": "active",
        "urgency": null,
        "verificationTag": "not-verified",
        "expirationDate": null,
        "createdAt": "2026-03-08T03:27:48.913Z",
        "updatedAt": "2026-07-21T21:34:31.763Z"
      }
    },
    {
      "type": "Feature",
      "id": 92641,
      "geometry": {
        "type": "Point",
        "coordinates": [
          51.335481887697085,
          35.32956438568344
        ]
      },
      "properties": {
        "name:fa": "محل استقرار نیروها",
        "description": "محل استقرار مقامات زندان فشافویه و سرکوبگران زندان تهران در هتل مجموعه ورزشی آرشا کلاب",
        "date": 1772940247,
        "city": "خانلق",
        "province": "استان تهران",
        "id": "MzY6MWMwMDA5MjRiODMw",
        "publicId": "MzY6MWMwMDA5MjRiODMw",
        "sourceId": "1c000924b830",
        "layerId": 36,
        "type": "event",
        "status": "active",
        "urgency": null,
        "verificationTag": "not-verified",
        "expirationDate": null,
        "createdAt": "2026-03-08T03:24:07.450Z",
        "updatedAt": "2026-07-21T21:34:31.763Z"
      }
    },
    {
      "type": "Feature",
      "id": 92642,
      "geometry": {
        "type": "Point",
        "coordinates": [
          50.001038750975454,
          36.28623933446889
        ]
      },
      "properties": {
        "name:fa": "محل تجمع نیروها",
        "description": "بنیاد مسکن محل تجمع نیروهای امنیتی و برگزاری جلسات",
        "date": 1772857373,
        "city": "قزوین",
        "province": "استان قزوین",
        "id": "MzY6YjRiNWUxYWNhZDk2",
        "publicId": "MzY6YjRiNWUxYWNhZDk2",
        "sourceId": "b4b5e1acad96",
        "layerId": 36,
        "type": "event",
        "status": "active",
        "urgency": null,
        "verificationTag": "not-verified",
        "expirationDate": null,
        "createdAt": "2026-03-07T04:22:53.262Z",
        "updatedAt": "2026-07-21T21:34:31.763Z"
      }
    },
    {
      "type": "Feature",
      "id": 92643,
      "geometry": {
        "type": "Point",
        "coordinates": [
          50.905489711691644,
          35.79897660967545
        ]
      },
      "properties": {
        "name:fa": "محل نیروهای سرکوب",
        "description": "مجل تجمع و پنهان شدن گسترده نیروهای سرکوب مهرشهر",
        "date": 1772798858,
        "city": "کرج",
        "province": "استان البرز",
        "id": "MzY6ODI0ZWRiZjFkZTIx",
        "publicId": "MzY6ODI0ZWRiZjFkZTIx",
        "sourceId": "824edbf1de21",
        "layerId": 36,
        "type": "event",
        "status": "active",
        "urgency": null,
        "verificationTag": "not-verified",
        "expirationDate": null,
        "createdAt": "2026-03-06T12:07:38.701Z",
        "updatedAt": "2026-07-21T21:34:31.763Z"
      }
    },
    {
      "type": "Feature",
      "id": 92644,
      "geometry": {
        "type": "Point",
        "coordinates": [
          50.88718305196977,
          35.792738371679235
        ]
      },
      "properties": {
        "name:fa": "محل استقرار نیروهای سرکوب",
        "description": "مصلی مهرشهر - بلوار ارم  محوطه محل استقرار نیروهای سرکوب مهرشهر ۱۵ اسفند ۱۴۰۴",
        "date": 1772798702,
        "city": "کرج",
        "province": "استان البرز",
        "id": "MzY6Yjk0ZDRiNmRlNWRm",
        "publicId": "MzY6Yjk0ZDRiNmRlNWRm",
        "sourceId": "b94d4b6de5df",
        "layerId": 36,
        "type": "event",
        "status": "active",
        "urgency": null,
        "verificationTag": "not-verified",
        "expirationDate": null,
        "createdAt": "2026-03-06T12:05:02.116Z",
        "updatedAt": "2026-07-21T21:34:31.763Z"
      }
    },
    {
      "type": "Feature",
      "id": 92645,
      "geometry": {
        "type": "Point",
        "coordinates": [
          50.97675764775667,
          35.82655149364918
        ]
      },
      "properties": {
        "name:fa": "محل تجمع نیروها",
        "description": "محل تجمع و مخفی شدن نیروهای سرکوب سپاه در ۱۵ اسفند ۱۴۰۴  ۶ روز مرتب مشاهده شده",
        "date": 1772798399,
        "city": "کرج",
        "province": "استان البرز",
        "id": "MzY6ZDgwMmY3YmM3Mzc3",
        "publicId": "MzY6ZDgwMmY3YmM3Mzc3",
        "sourceId": "d802f7bc7377",
        "layerId": 36,
        "type": "event",
        "status": "active",
        "urgency": null,
        "verificationTag": "not-verified",
        "expirationDate": null,
        "createdAt": "2026-03-06T11:59:59.304Z",
        "updatedAt": "2026-07-21T21:34:31.763Z"
      }
    },
    {
      "type": "Feature",
      "id": 92647,
      "geometry": {
        "type": "Point",
        "coordinates": [
          59.49364820566933,
          36.35958803982726
        ]
      },
      "properties": {
        "name:fa": "محل راهپیمایی حامیان حکومت",
        "description": "محل راهپیمایی هرشب طرفداران جمهوری اسلامی",
        "date": 1772732664,
        "city": "مشهد",
        "province": "استان خراسان رضوی",
        "id": "MzY6ZDIzNDBlMTUzMjJh",
        "publicId": "MzY6ZDIzNDBlMTUzMjJh",
        "sourceId": "d2340e15322a",
        "layerId": 36,
        "type": "event",
        "status": "active",
        "urgency": null,
        "verificationTag": "not-verified",
        "expirationDate": null,
        "createdAt": "2026-03-05T17:44:24.026Z",
        "updatedAt": "2026-07-21T21:34:31.763Z"
      }
    },
    {
      "type": "Feature",
      "id": 92648,
      "geometry": {
        "type": "Point",
        "coordinates": [
          59.53118649177864,
          36.31772375652018
        ]
      },
      "properties": {
        "name:fa": "محل تجمع نیروها",
        "description": "محل تجمع طرفداران جمهوری اسلامی",
        "date": 1772732529,
        "city": "مشهد",
        "province": "استان خراسان رضوی",
        "id": "MzY6ODY3NmNmYjk3NmQz",
        "publicId": "MzY6ODY3NmNmYjk3NmQz",
        "sourceId": "8676cfb976d3",
        "layerId": 36,
        "type": "event",
        "status": "active",
        "urgency": null,
        "verificationTag": "not-verified",
        "expirationDate": null,
        "createdAt": "2026-03-05T17:42:09.322Z",
        "updatedAt": "2026-07-21T21:34:31.763Z"
      }
    },
    {
      "type": "Feature",
      "id": 92649,
      "geometry": {
        "type": "Point",
        "coordinates": [
          52.08048779786597,
          27.81858458093444
        ]
      },
      "properties": {
        "name:fa": "محل تجمع نیروهای سرکوب",
        "description": "منطقه نظامی . محل زندانی معترض ها . محل تجمع سرکوبگرا",
        "date": 1772698408,
        "city": "بندر کنگان",
        "province": "استان بوشهر",
        "id": "MzY6MWUwMzY1ZmU0YmQ4",
        "publicId": "MzY6MWUwMzY1ZmU0YmQ4",
        "sourceId": "1e0365fe4bd8",
        "layerId": 36,
        "type": "event",
        "status": "active",
        "urgency": null,
        "verificationTag": "not-verified",
        "expirationDate": null,
        "createdAt": "2026-03-05T08:13:28.296Z",
        "updatedAt": "2026-07-21T21:34:31.763Z"
      }
    },
    {
      "type": "Feature",
      "id": 92650,
      "geometry": {
        "type": "Point",
        "coordinates": [
          50.95007475667117,
          35.7298186910604
        ]
      },
      "properties": {
        "name:fa": "محل استراحت نیروها",
        "description": "فرهنگ سرای شهرک ناز که معمولا محل استراحت سرکوبگر ها بوده",
        "date": 1772665969,
        "city": "شهرستان فردیس",
        "province": "استان البرز",
        "id": "MzY6NTg4OGU2ZTVjNjFj",
        "publicId": "MzY6NTg4OGU2ZTVjNjFj",
        "sourceId": "5888e6e5c61c",
        "layerId": 36,
        "type": "event",
        "status": "active",
        "urgency": null,
        "verificationTag": "not-verified",
        "expirationDate": null,
        "createdAt": "2026-03-04T23:12:49.220Z",
        "updatedAt": "2026-07-21T21:34:31.763Z"
      }
    },
    {
      "type": "Feature",
      "id": 92652,
      "geometry": {
        "type": "Point",
        "coordinates": [
          51.216518603490215,
          35.553693526790994
        ]
      },
      "properties": {
        "name:fa": "محل تجمع سرکوبگران",
        "description": "از ترس ترور سرکوبگر و سپاه جمع کردن اینجا",
        "date": 1772397599,
        "city": "اسلامشهر",
        "province": "استان تهران",
        "id": "MzY6OTZhODkwNmRjODM5",
        "publicId": "MzY6OTZhODkwNmRjODM5",
        "sourceId": "96a8906dc839",
        "layerId": 36,
        "type": "event",
        "status": "active",
        "urgency": null,
        "verificationTag": "not-verified",
        "expirationDate": null,
        "createdAt": "2026-03-01T20:39:59.569Z",
        "updatedAt": "2026-07-21T21:34:31.763Z"
      }
    },
    {
      "type": "Feature",
      "id": 92653,
      "geometry": {
        "type": "Point",
        "coordinates": [
          51.21955405764501,
          35.555896599170424
        ]
      },
      "properties": {
        "name:fa": "مقر سرکوب",
        "description": "مرکز تجمع و فرماندهی سرکوبگر ها.",
        "date": 1772214862,
        "city": "اسلامشهر",
        "province": "استان تهران",
        "id": "MzY6OTg1ZjU5YWE0ZTYy",
        "publicId": "MzY6OTg1ZjU5YWE0ZTYy",
        "sourceId": "985f59aa4e62",
        "layerId": 36,
        "type": "event",
        "status": "active",
        "urgency": null,
        "verificationTag": "not-verified",
        "expirationDate": null,
        "createdAt": "2026-02-27T17:54:22.659Z",
        "updatedAt": "2026-07-21T21:34:31.763Z"
      }
    },
    {
      "type": "Feature",
      "id": 92654,
      "geometry": {
        "type": "Point",
        "coordinates": [
          50.93725418868934,
          35.8213110571557
        ]
      },
      "properties": {
        "name:fa": "محل تجمع نیروهای سرکوب",
        "description": "محل تجمع نیروهای سرکوب در پارکینگ بانک ملت",
        "date": 1772204881,
        "city": "کرج",
        "province": "استان البرز",
        "id": "MzY6ZTIwNDQ5OTZjNzNj",
        "publicId": "MzY6ZTIwNDQ5OTZjNzNj",
        "sourceId": "e2044996c73c",
        "layerId": 36,
        "type": "event",
        "status": "active",
        "urgency": null,
        "verificationTag": "not-verified",
        "expirationDate": null,
        "createdAt": "2026-02-27T15:08:01.406Z",
        "updatedAt": "2026-07-21T21:34:31.763Z"
      }
    },
    {
      "type": "Feature",
      "id": 92655,
      "geometry": {
        "type": "Point",
        "coordinates": [
          50.92537655021985,
          35.86748287446015
        ]
      },
      "properties": {
        "name:fa": "محل نیروهای سرکوب",
        "description": "زمین آموزش نیروی سرکوب فاتحین",
        "date": 1772199042,
        "city": "شهرستان کرج",
        "province": "استان البرز",
        "id": "MzY6OWM4ZGU4ZDM4NTA1",
        "publicId": "MzY6OWM4ZGU4ZDM4NTA1",
        "sourceId": "9c8de8d38505",
        "layerId": 36,
        "type": "event",
        "status": "active",
        "urgency": null,
        "verificationTag": "not-verified",
        "expirationDate": null,
        "createdAt": "2026-02-27T13:30:42.444Z",
        "updatedAt": "2026-07-21T21:34:31.763Z"
      }
    },
    {
      "type": "Feature",
      "id": 92656,
      "geometry": {
        "type": "Point",
        "coordinates": [
          50.92657377427693,
          35.86704604213472
        ]
      },
      "properties": {
        "name:fa": "محل نیروهای سرکوب",
        "description": "مکان سرکوب اصلی و آموزش نیروی سرکوب به نام فاتحین",
        "date": 1772198741,
        "city": "شهرستان کرج",
        "province": "استان البرز",
        "id": "MzY6NDk4NzcxZGU1Njgz",
        "publicId": "MzY6NDk4NzcxZGU1Njgz",
        "sourceId": "498771de5683",
        "layerId": 36,
        "type": "event",
        "status": "active",
        "urgency": null,
        "verificationTag": "not-verified",
        "expirationDate": null,
        "createdAt": "2026-02-27T13:25:41.015Z",
        "updatedAt": "2026-07-21T21:34:31.763Z"
      }
    },
    {
      "type": "Feature",
      "id": 92660,
      "geometry": {
        "type": "Point",
        "coordinates": [
          54.30831985254591,
          31.872809626338963
        ]
      },
      "properties": {
        "name:fa": "مقر سرکوب",
        "description": "مقر سرکوب روزه روح الله",
        "date": 1771791226,
        "city": "یزد",
        "province": "استان یزد",
        "id": "MzY6MjhlNTMzOTc0MGJi",
        "publicId": "MzY6MjhlNTMzOTc0MGJi",
        "sourceId": "28e5339740bb",
        "layerId": 36,
        "type": "event",
        "status": "active",
        "urgency": null,
        "verificationTag": "not-verified",
        "expirationDate": null,
        "createdAt": "2026-02-22T20:13:46.017Z",
        "updatedAt": "2026-07-21T21:34:31.763Z"
      }
    },
    {
      "type": "Feature",
      "id": 92661,
      "geometry": {
        "type": "Point",
        "coordinates": [
          50.01725015322367,
          36.29276964821439
        ]
      },
      "properties": {
        "name:fa": "تجمع نیرو امنیتی در پارک",
        "description": "تجمع نیرو امنیتی در پارک",
        "date": 1771662107,
        "city": "قزوین",
        "province": "استان قزوین",
        "id": "MzY6ZGUwMzczMTM2OTYz",
        "publicId": "MzY6ZGUwMzczMTM2OTYz",
        "sourceId": "de0373136963",
        "layerId": 36,
        "type": "event",
        "status": "active",
        "urgency": null,
        "verificationTag": "not-verified",
        "expirationDate": null,
        "createdAt": "2026-02-21T08:21:47.258Z",
        "updatedAt": "2026-07-21T21:34:31.763Z"
      }
    },
    {
      "type": "Feature",
      "id": 92662,
      "geometry": {
        "type": "Point",
        "coordinates": [
          52.51181839467287,
          29.630041318429903
        ]
      },
      "properties": {
        "name:fa": "رفت و آمد نیروهای سرکوب",
        "description": "محل رفت و آمد نیروهای سرکوب و لباس شخصی",
        "date": 1771626696,
        "city": "شیراز",
        "province": "استان فارس",
        "id": "MzY6NjRjZjQzMzQzYmQ3",
        "publicId": "MzY6NjRjZjQzMzQzYmQ3",
        "sourceId": "64cf43343bd7",
        "layerId": 36,
        "type": "event",
        "status": "active",
        "urgency": null,
        "verificationTag": "not-verified",
        "expirationDate": null,
        "createdAt": "2026-02-20T22:31:36.001Z",
        "updatedAt": "2026-07-21T21:34:31.763Z"
      }
    },
    {
      "type": "Feature",
      "id": 92663,
      "geometry": {
        "type": "Point",
        "coordinates": [
          51.40964821028865,
          35.7056133409575
        ]
      },
      "properties": {
        "name:fa": "نهاد سرکوب",
        "description": "یکی از نهاد های سرکوب در این مکان قرار دارد",
        "date": 1771622072,
        "city": "تهران",
        "province": "استان تهران",
        "id": "MzY6MjdhNDEwNzkyNzc1",
        "publicId": "MzY6MjdhNDEwNzkyNzc1",
        "sourceId": "27a410792775",
        "layerId": 36,
        "type": "event",
        "status": "active",
        "urgency": null,
        "verificationTag": "not-verified",
        "expirationDate": null,
        "createdAt": "2026-02-20T21:14:32.563Z",
        "updatedAt": "2026-07-21T21:34:31.763Z"
      }
    },
    {
      "type": "Feature",
      "id": 92665,
      "geometry": {
        "type": "Point",
        "coordinates": [
          48.35528623100825,
          33.5108949905961
        ]
      },
      "properties": {
        "name:fa": "محل تجمع موتوری‌های سرکوب",
        "description": "اکثر مواقع اینجا میمونن و زمان 18 دی هم میگفتن موتوری ها از بانک و دور برش میومدن",
        "date": 1771578340,
        "city": "خرم آباد",
        "province": "استان لرستان",
        "id": "MzY6NDg1ODBhZTQ1Y2Mx",
        "publicId": "MzY6NDg1ODBhZTQ1Y2Mx",
        "sourceId": "48580ae45cc1",
        "layerId": 36,
        "type": "event",
        "status": "active",
        "urgency": null,
        "verificationTag": "not-verified",
        "expirationDate": null,
        "createdAt": "2026-02-20T09:05:40.915Z",
        "updatedAt": "2026-07-21T21:34:31.763Z"
      }
    },
    {
      "type": "Feature",
      "id": 92666,
      "geometry": {
        "type": "Point",
        "coordinates": [
          48.35420442099843,
          33.502260849996205
        ]
      },
      "properties": {
        "name:fa": "محل عبور سرکوبگران",
        "description": "دیده شده سرکوبگرها از اینجا وارد مناطقی از شهر میشدن",
        "date": 1771578278,
        "city": "خرم آباد",
        "province": "استان لرستان",
        "id": "MzY6YTNhNTIxNzIwYmI3",
        "publicId": "MzY6YTNhNTIxNzIwYmI3",
        "sourceId": "a3a521720bb7",
        "layerId": 36,
        "type": "event",
        "status": "active",
        "urgency": null,
        "verificationTag": "not-verified",
        "expirationDate": null,
        "createdAt": "2026-02-20T09:04:38.945Z",
        "updatedAt": "2026-07-21T21:34:31.763Z"
      }
    },
    {
      "type": "Feature",
      "id": 92667,
      "geometry": {
        "type": "Point",
        "coordinates": [
          50.891487842928086,
          35.79703710776114
        ]
      },
      "properties": {
        "name:fa": "برج حامیان سرکوب",
        "description": "برج یکی از حامیان سرکوب که چون فضایخالی دارد از آن استفاده تروریستی شده است پنهانی",
        "date": 1771549570,
        "city": "کرج",
        "province": "استان البرز",
        "id": "MzY6ODNjODQzNmExZmMw",
        "publicId": "MzY6ODNjODQzNmExZmMw",
        "sourceId": "83c8436a1fc0",
        "layerId": 36,
        "type": "event",
        "status": "active",
        "urgency": null,
        "verificationTag": "not-verified",
        "expirationDate": null,
        "createdAt": "2026-02-20T01:06:10.450Z",
        "updatedAt": "2026-07-21T21:34:31.763Z"
      }
    },
    {
      "type": "Feature",
      "id": 92668,
      "geometry": {
        "type": "Point",
        "coordinates": [
          51.339436254602134,
          32.39718623016212
        ]
      },
      "properties": {
        "name:fa": "محل نیروهای سرکوب",
        "description": "مدرسه.احتمال حضور نیروی سرکوب",
        "date": 1771459852,
        "city": "چمگردان",
        "province": "استان اصفهان",
        "id": "MzY6OTlhMDQxNzdhYTZl",
        "publicId": "MzY6OTlhMDQxNzdhYTZl",
        "sourceId": "99a04177aa6e",
        "layerId": 36,
        "type": "event",
        "status": "active",
        "urgency": null,
        "verificationTag": "not-verified",
        "expirationDate": null,
        "createdAt": "2026-02-19T00:10:52.417Z",
        "updatedAt": "2026-07-21T21:34:31.763Z"
      }
    },
    {
      "type": "Feature",
      "id": 92671,
      "geometry": {
        "type": "Point",
        "coordinates": [
          51.476634831934405,
          35.79280068826269
        ]
      },
      "properties": {
        "name:fa": "رفت و آمد مشکوک",
        "description": "پلاک ۲ خانه امن: خانه به ظاهر متروکه اما پنجره‌ها از داخل سیاه شده ورودی ها با صفحات فلزی محافظت شده و دوربین مداربسته فعال دارد با فاصله دو پلاک از منزلی که مدام خودرو های پلاک دیپلماتیک در آن رفت و آمد می‌کنند",
        "date": 1771023842,
        "city": "تجریش",
        "province": "استان تهران",
        "id": "MzY6YWU3MDdhYTZhYmRh",
        "publicId": "MzY6YWU3MDdhYTZhYmRh",
        "sourceId": "ae707aa6abda",
        "layerId": 36,
        "type": "event",
        "status": "active",
        "urgency": null,
        "verificationTag": "not-verified",
        "expirationDate": null,
        "createdAt": "2026-02-13T23:04:02.261Z",
        "updatedAt": "2026-07-21T21:34:31.763Z"
      }
    },
    {
      "type": "Feature",
      "id": 92672,
      "geometry": {
        "type": "Point",
        "coordinates": [
          51.41734045482977,
          35.79819351336526
        ]
      },
      "properties": {
        "name:fa": "محل تجمع نیروها",
        "description": "حسینیه / محل تجمع وابستگان حکومت / محل اجتماع سپاهیان ‌",
        "date": 1772844097,
        "city": "تجریش",
        "province": "استان تهران",
        "id": "MzY6MTBiZWU2ZWUyN2My",
        "publicId": "MzY6MTBiZWU2ZWUyN2My",
        "sourceId": "10bee6ee27c2",
        "layerId": 36,
        "type": "event",
        "status": "active",
        "urgency": null,
        "verificationTag": "not-verified",
        "expirationDate": null,
        "createdAt": "2026-03-07T00:41:37.210Z",
        "updatedAt": "2026-07-21T21:34:31.763Z"
      }
    },
    {
      "type": "Feature",
      "id": 92679,
      "geometry": {
        "type": "Point",
        "coordinates": [
          51.61646552759473,
          32.61301647007359
        ]
      },
      "properties": {
        "name:fa": "محل تجمع نیروها",
        "description": "در طبقات بالا محل تجمع مخبران و نیروهای اطلاعات نیروی انتظامی است که برای مردم و معترضان پرونده‌سازی میکنند.",
        "date": 1774840132,
        "city": "اصفهان",
        "province": "استان اصفهان",
        "id": "MzY6ODQ0ZmMwYmZmNGFj",
        "publicId": "MzY6ODQ0ZmMwYmZmNGFj",
        "sourceId": "844fc0bff4ac",
        "layerId": 36,
        "type": "event",
        "status": "active",
        "urgency": null,
        "verificationTag": "not-verified",
        "expirationDate": null,
        "createdAt": "2026-03-30T03:08:52.228Z",
        "updatedAt": "2026-07-21T21:34:31.763Z"
      }
    },
    {
      "type": "Feature",
      "id": 92680,
      "geometry": {
        "type": "Point",
        "coordinates": [
          51.565103544405304,
          32.68423666481718
        ]
      },
      "properties": {
        "name:fa": "محل استقرار نیروهای نظامی",
        "description": "محل استقرار نیروهای نظامی یگان ویژه",
        "date": 1773589786,
        "city": "خمینی شهر",
        "province": "استان اصفهان",
        "id": "MzY6OWU1MGE1YzJhNWEz",
        "publicId": "MzY6OWU1MGE1YzJhNWEz",
        "sourceId": "9e50a5c2a5a3",
        "layerId": 36,
        "type": "event",
        "status": "active",
        "urgency": null,
        "verificationTag": "not-verified",
        "expirationDate": null,
        "createdAt": "2026-03-15T15:49:46.532Z",
        "updatedAt": "2026-07-21T21:34:31.763Z"
      }
    },
    {
      "type": "Feature",
      "id": 92681,
      "geometry": {
        "type": "Point",
        "coordinates": [
          50.845506384847766,
          35.840192872932704
        ]
      },
      "properties": {
        "name:fa": "محل تجمع نیروها",
        "description": "مدرسه باهنر در چهرباغ مابین خیابان معلم و خیابان شهید باهنر محل تجمع نیروهای یگان ویژه و امنیتی رژیم جمهوری اسلامی ایران",
        "date": 1773327767,
        "city": "چهارباغ",
        "province": "استان البرز",
        "id": "MzY6NzA5YzcwOTk4MDcw",
        "publicId": "MzY6NzA5YzcwOTk4MDcw",
        "sourceId": "709c70998070",
        "layerId": 36,
        "type": "event",
        "status": "active",
        "urgency": null,
        "verificationTag": "not-verified",
        "expirationDate": null,
        "createdAt": "2026-03-12T15:02:47.926Z",
        "updatedAt": "2026-07-21T21:34:31.763Z"
      }
    },
    {
      "type": "Feature",
      "id": 92682,
      "geometry": {
        "type": "Point",
        "coordinates": [
          51.31066629666046,
          35.70769029175311
        ]
      },
      "properties": {
        "name:fa": "تجمع نیروهای ضد شورش",
        "description": "تجمع احتمالی نیرو های ضد شورش مجموعه ورزشی متعلق به قوامین/پلیس",
        "date": 1773187266,
        "city": "تهران",
        "province": "استان تهران",
        "id": "MzY6YjUzYTI1ZDU3ZmQy",
        "publicId": "MzY6YjUzYTI1ZDU3ZmQy",
        "sourceId": "b53a25d57fd2",
        "layerId": 36,
        "type": "event",
        "status": "active",
        "urgency": null,
        "verificationTag": "not-verified",
        "expirationDate": null,
        "createdAt": "2026-03-11T00:01:06.916Z",
        "updatedAt": "2026-07-21T21:34:31.763Z"
      }
    },
    {
      "type": "Feature",
      "id": 92683,
      "geometry": {
        "type": "Point",
        "coordinates": [
          51.38372262701668,
          35.68547996835677
        ]
      },
      "properties": {
        "name:fa": "محل استقرار ضد شورش",
        "description": "محل استقرار نیروهای ضد شورش الزهرا",
        "date": 1773132039,
        "city": "تهران",
        "province": "استان تهران",
        "id": "MzY6NmY2YjdiMTA1NjAy",
        "publicId": "MzY6NmY2YjdiMTA1NjAy",
        "sourceId": "6f6b7b105602",
        "layerId": 36,
        "type": "event",
        "status": "active",
        "urgency": null,
        "verificationTag": "not-verified",
        "expirationDate": null,
        "createdAt": "2026-03-10T08:40:39.187Z",
        "updatedAt": "2026-07-21T21:34:31.763Z"
      }
    },
    {
      "type": "Feature",
      "id": 92684,
      "geometry": {
        "type": "Point",
        "coordinates": [
          50.96445932095398,
          35.467131638872004
        ]
      },
      "properties": {
        "name:fa": "محل تجمع گارد ضد شورش",
        "description": "محل تجمع گارد ضد شورش",
        "date": 1772739940,
        "city": "شهرجدیدپرند",
        "province": "استان تهران",
        "id": "MzY6YTExMDJkZjU4YzVk",
        "publicId": "MzY6YTExMDJkZjU4YzVk",
        "sourceId": "a1102df58c5d",
        "layerId": 36,
        "type": "event",
        "status": "active",
        "urgency": null,
        "verificationTag": "not-verified",
        "expirationDate": null,
        "createdAt": "2026-03-05T19:45:40.597Z",
        "updatedAt": "2026-07-21T21:34:31.763Z"
      }
    },
    {
      "type": "Feature",
      "id": 92685,
      "geometry": {
        "type": "Point",
        "coordinates": [
          50.97131122266714,
          35.467319316668
        ]
      },
      "properties": {
        "name:fa": "محل تجمع گارد ضد شورش",
        "description": "دومین محل تجمع گارد ضد شورش",
        "date": 1772738742,
        "city": "شهرجدیدپرند",
        "province": "استان تهران",
        "id": "MzY6MWYwNWY3N2Q4MDZh",
        "publicId": "MzY6MWYwNWY3N2Q4MDZh",
        "sourceId": "1f05f77d806a",
        "layerId": 36,
        "type": "event",
        "status": "active",
        "urgency": null,
        "verificationTag": "not-verified",
        "expirationDate": null,
        "createdAt": "2026-03-05T19:25:42.861Z",
        "updatedAt": "2026-07-21T21:34:31.763Z"
      }
    },
    {
      "type": "Feature",
      "id": 92686,
      "geometry": {
        "type": "Point",
        "coordinates": [
          48.36523963012206,
          33.51573522720099
        ]
      },
      "properties": {
        "name:fa": "محل نیروهای سرکوب",
        "description": "مقر یگان امداد خرم اباد که نیرو های سرکوب از اینجا به خیابان ها میروند",
        "date": 1772416345,
        "city": "خرم آباد",
        "province": "استان لرستان",
        "id": "MzY6NTA3Mjk3NGNkZDgx",
        "publicId": "MzY6NTA3Mjk3NGNkZDgx",
        "sourceId": "5072974cdd81",
        "layerId": 36,
        "type": "event",
        "status": "active",
        "urgency": null,
        "verificationTag": "not-verified",
        "expirationDate": null,
        "createdAt": "2026-03-02T01:52:25.471Z",
        "updatedAt": "2026-07-21T21:34:31.763Z"
      }
    },
    {
      "type": "Feature",
      "id": 92687,
      "geometry": {
        "type": "Point",
        "coordinates": [
          49.58265990516432,
          37.2208095827673
        ]
      },
      "properties": {
        "name:fa": "بازرسی سپاه و بسیج",
        "description": "بازرسی توسط سپاه وبسیج هر روز از ساعت ۱۷:30تا صبح .که خیلی مردم رو اذیت میکنن و ایجاد رعب و وحشت میکنند با اسلحه",
        "date": 1774621743,
        "city": "کلانشهر رشت",
        "province": "استان گیلان",
        "id": "MzY6NzNiMDNiYTdjMzg5",
        "publicId": "MzY6NzNiMDNiYTdjMzg5",
        "sourceId": "73b03ba7c389",
        "layerId": 36,
        "type": "event",
        "status": "active",
        "urgency": null,
        "verificationTag": "not-verified",
        "expirationDate": null,
        "createdAt": "2026-03-27T14:29:03.940Z",
        "updatedAt": "2026-07-21T21:34:31.763Z"
      }
    },
    {
      "type": "Feature",
      "id": 92688,
      "geometry": {
        "type": "Point",
        "coordinates": [
          51.543099041338905,
          35.74232571048125
        ]
      },
      "properties": {
        "name:fa": "محل تجمع بسیجی",
        "description": "تجمع بسیجی و سپاهی مراسم حمایت عرزشی ها",
        "date": 1774309865,
        "city": "تهران",
        "province": "استان تهران",
        "id": "MzY6MDYyMThlY2UzNzQw",
        "publicId": "MzY6MDYyMThlY2UzNzQw",
        "sourceId": "06218ece3740",
        "layerId": 36,
        "type": "event",
        "status": "active",
        "urgency": null,
        "verificationTag": "not-verified",
        "expirationDate": null,
        "createdAt": "2026-03-23T23:51:05.798Z",
        "updatedAt": "2026-07-21T21:34:31.763Z"
      }
    },
    {
      "type": "Feature",
      "id": 92689,
      "geometry": {
        "type": "Point",
        "coordinates": [
          58.79777414075332,
          36.21162730168811
        ]
      },
      "properties": {
        "name:fa": "محل نیروهای سرکوب",
        "description": "مدرسه فاطمه زهرا مدیریت راهبردی نیروی سرکوب و استقرار بخش اصلی نیروی سرکوب",
        "date": 1773211532,
        "city": "نیشابور",
        "province": "استان خراسان رضوی",
        "id": "MzY6NTI4YzMyMzcyNDA3",
        "publicId": "MzY6NTI4YzMyMzcyNDA3",
        "sourceId": "528c32372407",
        "layerId": 36,
        "type": "event",
        "status": "active",
        "urgency": null,
        "verificationTag": "not-verified",
        "expirationDate": null,
        "createdAt": "2026-03-11T06:45:32.529Z",
        "updatedAt": "2026-07-21T21:34:31.763Z"
      }
    },
    {
      "type": "Feature",
      "id": 92690,
      "geometry": {
        "type": "Point",
        "coordinates": [
          51.57140073078892,
          35.44062061050944
        ]
      },
      "properties": {
        "name:fa": "محل تجمع بسیجی",
        "description": "مکان تجمع بسیجی ها و سپاهی ها با موتور تعویض شیفت میکنن،مخصوصا روزهای شلوغ",
        "date": 1771176505,
        "city": "قرچک",
        "province": "استان تهران",
        "id": "MzY6NjhhMWEwZDBhYjFk",
        "publicId": "MzY6NjhhMWEwZDBhYjFk",
        "sourceId": "68a1a0d0ab1d",
        "layerId": 36,
        "type": "event",
        "status": "active",
        "urgency": null,
        "verificationTag": "not-verified",
        "expirationDate": null,
        "createdAt": "2026-02-15T17:28:25.228Z",
        "updatedAt": "2026-07-21T21:34:31.763Z"
      }
    },
    {
      "type": "Feature",
      "id": 92695,
      "geometry": {
        "type": "Point",
        "coordinates": [
          49.411460458686776,
          37.47915152881498
        ]
      },
      "properties": {
        "name:fa": "محل تجمع نیروهای اطلاعاتی",
        "description": "محل تجمع نیروهای اطلاعاتی شهر رشت و انزلی",
        "date": 1773252592,
        "city": "بندر انزلی",
        "province": "استان گیلان",
        "id": "MzY6YjlhYzFjM2E4MGYx",
        "publicId": "MzY6YjlhYzFjM2E4MGYx",
        "sourceId": "b9ac1c3a80f1",
        "layerId": 36,
        "type": "event",
        "status": "active",
        "urgency": null,
        "verificationTag": "not-verified",
        "expirationDate": null,
        "createdAt": "2026-03-11T18:09:52.630Z",
        "updatedAt": "2026-07-21T21:34:31.763Z"
      }
    },
    {
      "type": "Feature",
      "id": 92696,
      "geometry": {
        "type": "Point",
        "coordinates": [
          48.909345567483456,
          37.95901059469928
        ]
      },
      "properties": {
        "name:fa": "محل تجمع نیروهای اطلاعاتی",
        "description": "محل تجمع نیروهای اطلاعاتی شهر طالش",
        "date": 1773252492,
        "city": "لیسار",
        "province": "استان گیلان",
        "id": "MzY6NjI4ZmRhZTVhMTNm",
        "publicId": "MzY6NjI4ZmRhZTVhMTNm",
        "sourceId": "628fdae5a13f",
        "layerId": 36,
        "type": "event",
        "status": "active",
        "urgency": null,
        "verificationTag": "not-verified",
        "expirationDate": null,
        "createdAt": "2026-03-11T18:08:12.130Z",
        "updatedAt": "2026-07-21T21:34:31.763Z"
      }
    },
    {
      "type": "Feature",
      "id": 92701,
      "geometry": {
        "type": "Point",
        "coordinates": [
          49.574803095828344,
          37.28919487850153
        ]
      },
      "properties": {
        "name:fa": "تجمع سرکوبگران",
        "city": "رشت",
        "province": "استان گیلان",
        "date": "",
        "description": "",
        "sources": "",
        "id": "MzY6ZGFlNmI5Njg1MDBi",
        "publicId": "MzY6ZGFlNmI5Njg1MDBi",
        "sourceId": "dae6b968500b",
        "layerId": 36,
        "type": "event",
        "status": "active",
        "urgency": null,
        "verificationTag": "verified",
        "expirationDate": null,
        "createdAt": "2026-03-30T17:46:27.223Z",
        "updatedAt": "2026-07-21T21:34:31.763Z"
      }
    },
    {
      "type": "Feature",
      "id": 92702,
      "geometry": {
        "type": "Point",
        "coordinates": [
          48.40574166210149,
          36.691878994068304
        ]
      },
      "properties": {
        "name:fa": "ایست بازرسی",
        "city": "زنجان",
        "province": "استان زنجان",
        "date": "",
        "description": "",
        "sources": "",
        "id": "MzY6MjhlOTdjMDI2ZGNh",
        "publicId": "MzY6MjhlOTdjMDI2ZGNh",
        "sourceId": "28e97c026dca",
        "layerId": 36,
        "type": "event",
        "status": "active",
        "urgency": null,
        "verificationTag": "verified",
        "expirationDate": null,
        "createdAt": "2026-03-30T17:51:02.744Z",
        "updatedAt": "2026-07-21T21:34:31.763Z"
      }
    },
    {
      "type": "Feature",
      "id": 92703,
      "geometry": {
        "type": "Point",
        "coordinates": [
          48.47674320020002,
          36.66227835170747
        ]
      },
      "properties": {
        "name:fa": "ایست بازرسی",
        "city": "زنجان",
        "province": "استان زنجان",
        "date": "",
        "description": "",
        "sources": "",
        "id": "MzY6Nzg3OGVhMTYyZTI2",
        "publicId": "MzY6Nzg3OGVhMTYyZTI2",
        "sourceId": "7878ea162e26",
        "layerId": 36,
        "type": "event",
        "status": "active",
        "urgency": null,
        "verificationTag": "verified",
        "expirationDate": null,
        "createdAt": "2026-03-30T17:52:00.527Z",
        "updatedAt": "2026-07-21T21:34:31.763Z"
      }
    },
    {
      "type": "Feature",
      "id": 92704,
      "geometry": {
        "type": "Point",
        "coordinates": [
          48.52945506057236,
          36.65233418371591
        ]
      },
      "properties": {
        "name:fa": "ایست بازرسی",
        "city": "زنجان",
        "province": "استان زنجان",
        "date": "",
        "description": "ایست بازرسی میدان بسیج در ورودی شهر",
        "sources": "",
        "id": "MzY6OWY3MWFiMzg3YjFm",
        "publicId": "MzY6OWY3MWFiMzg3YjFm",
        "sourceId": "9f71ab387b1f",
        "layerId": 36,
        "type": "event",
        "status": "active",
        "urgency": null,
        "verificationTag": "verified",
        "expirationDate": null,
        "createdAt": "2026-03-30T17:52:51.832Z",
        "updatedAt": "2026-07-21T21:34:31.763Z"
      }
    },
    {
      "type": "Feature",
      "id": 92708,
      "geometry": {
        "type": "Point",
        "coordinates": [
          48.51930937770341,
          36.68554501979684
        ]
      },
      "properties": {
        "name:fa": "ایست بازرسی",
        "city": "زنجان",
        "province": "استان زنجان",
        "date": "",
        "description": "",
        "sources": "",
        "id": "MzY6Mzc4OTZhMzE5ZGI0",
        "publicId": "MzY6Mzc4OTZhMzE5ZGI0",
        "sourceId": "37896a319db4",
        "layerId": 36,
        "type": "event",
        "status": "active",
        "urgency": null,
        "verificationTag": "verified",
        "expirationDate": null,
        "createdAt": "2026-03-30T19:12:58.039Z",
        "updatedAt": "2026-07-21T21:34:31.763Z"
      }
    },
    {
      "type": "Feature",
      "id": 92711,
      "geometry": {
        "type": "Point",
        "coordinates": [
          49.586015460600834,
          37.29148862948165
        ]
      },
      "properties": {
        "name:fa": "نیروهای سرکوبگر",
        "city": "رشت",
        "province": "استان گیلان",
        "date": "",
        "description": "حدود سه الی چهار پاسدار در اینجا جهت ایجاد رب و وحشت حضور دارند با لباس‌های کاملاً سیاه بازوبند زرد رنگ و صورت‌های کاملاً پوشیده،هنگام عبور کاملا مراقب باشید",
        "sources": "",
        "id": "MzY6ODZiNTE4MWY1ODdh",
        "publicId": "MzY6ODZiNTE4MWY1ODdh",
        "sourceId": "86b5181f587a",
        "layerId": 36,
        "type": "event",
        "status": "active",
        "urgency": null,
        "verificationTag": "verified",
        "expirationDate": null,
        "createdAt": "2026-03-30T19:19:56.495Z",
        "updatedAt": "2026-07-21T21:34:31.763Z"
      }
    },
    {
      "type": "Feature",
      "id": 92716,
      "geometry": {
        "type": "Point",
        "coordinates": [
          50.3692872590085,
          33.432379222750555
        ]
      },
      "properties": {
        "name:fa": "ایست بازرسی",
        "city": "شهرستان گلپایگان",
        "province": "استان اصفهان",
        "date": 1774900577,
        "description": "ایست بازرسی",
        "sources": "",
        "id": "MzY6NDNhOGU3NWRkMWMx",
        "publicId": "MzY6NDNhOGU3NWRkMWMx",
        "sourceId": "43a8e75dd1c1",
        "layerId": 36,
        "type": "event",
        "status": "active",
        "urgency": null,
        "verificationTag": "not-verified",
        "expirationDate": null,
        "createdAt": "2026-03-30T23:58:49.298Z",
        "updatedAt": "2026-07-21T21:34:31.763Z"
      }
    },
    {
      "type": "Feature",
      "id": 92718,
      "geometry": {
        "type": "Point",
        "coordinates": [
          48.351881849538074,
          33.47486836102226
        ]
      },
      "properties": {
        "name:fa": "محل تجمع مراسم و سرکوبگرا",
        "city": "خرم آباد",
        "province": "استان لرستان",
        "date": 1774857108,
        "description": "محل تجمع مراسم و سرکوبگرا",
        "sources": "",
        "id": "MzY6M2I0OWQ1Y2RmYmE5",
        "publicId": "MzY6M2I0OWQ1Y2RmYmE5",
        "sourceId": "3b49d5cdfba9",
        "layerId": 36,
        "type": "event",
        "status": "active",
        "urgency": null,
        "verificationTag": "not-verified",
        "expirationDate": null,
        "createdAt": "2026-03-31T00:07:10.427Z",
        "updatedAt": "2026-07-21T21:34:31.763Z"
      }
    },
    {
      "type": "Feature",
      "id": 92723,
      "geometry": {
        "type": "Point",
        "coordinates": [
          48.730832193091175,
          36.9756355163221
        ]
      },
      "properties": {
        "name:fa": "ایست بازرسی سپاه بسیج",
        "city": "شهرستان طارم",
        "province": "استان زنجان",
        "date": 1774916960,
        "description": "ایست بازرسی سپاه بسیج",
        "sources": "",
        "id": "MzY6ZjgwYzBhZGI3MzA4",
        "publicId": "MzY6ZjgwYzBhZGI3MzA4",
        "sourceId": "f80c0adb7308",
        "layerId": 36,
        "type": "event",
        "status": "active",
        "urgency": null,
        "verificationTag": "not-verified",
        "expirationDate": null,
        "createdAt": "2026-03-31T01:57:58.714Z",
        "updatedAt": "2026-07-21T21:34:31.763Z"
      }
    },
    {
      "type": "Feature",
      "id": 92752,
      "geometry": {
        "type": "Point",
        "coordinates": [
          45.056032411134396,
          39.34716417243243
        ]
      },
      "properties": {
        "name:fa": "ایست بازرسی",
        "city": "پلدشت",
        "province": "استان آذربایجان غربی",
        "date": "",
        "description": "",
        "sources": "",
        "id": "MzY6YjE1OGExODg5YTIx",
        "publicId": "MzY6YjE1OGExODg5YTIx",
        "sourceId": "b158a1889a21",
        "layerId": 36,
        "type": "event",
        "status": "active",
        "urgency": null,
        "verificationTag": "verified",
        "expirationDate": null,
        "createdAt": "2026-04-01T11:54:59.925Z",
        "updatedAt": "2026-07-21T21:34:31.763Z"
      }
    },
    {
      "type": "Feature",
      "id": 92753,
      "geometry": {
        "type": "Point",
        "coordinates": [
          45.07687255466317,
          39.32923116059834
        ]
      },
      "properties": {
        "name:fa": "ایست و بازرسی",
        "city": "شهرستان پلدشت",
        "province": "استان آذربایجان غربی",
        "date": "",
        "description": "",
        "sources": "",
        "id": "MzY6Mzc4YTAzNTZkYjdj",
        "publicId": "MzY6Mzc4YTAzNTZkYjdj",
        "sourceId": "378a0356db7c",
        "layerId": 36,
        "type": "event",
        "status": "active",
        "urgency": null,
        "verificationTag": "verified",
        "expirationDate": null,
        "createdAt": "2026-04-01T11:57:37.202Z",
        "updatedAt": "2026-07-21T21:34:31.763Z"
      }
    },
    {
      "type": "Feature",
      "id": 92755,
      "geometry": {
        "type": "Point",
        "coordinates": [
          48.2701882245407,
          36.425103899983284
        ]
      },
      "properties": {
        "name:fa": "ایست بازرسی",
        "city": "زرین آباد",
        "province": "استان زنجان",
        "date": "",
        "description": "",
        "sources": "",
        "id": "MzY6ODA3MGZjOTZmYTk4",
        "publicId": "MzY6ODA3MGZjOTZmYTk4",
        "sourceId": "8070fc96fa98",
        "layerId": 36,
        "type": "event",
        "status": "active",
        "urgency": null,
        "verificationTag": "verified",
        "expirationDate": null,
        "createdAt": "2026-04-01T12:00:11.248Z",
        "updatedAt": "2026-07-21T21:34:31.763Z"
      }
    },
    {
      "type": "Feature",
      "id": 92756,
      "geometry": {
        "type": "Point",
        "coordinates": [
          48.286235478300796,
          36.433554709613944
        ]
      },
      "properties": {
        "name:fa": "ایست بازرسی",
        "city": "زرین آباد",
        "province": "استان زنجان",
        "date": "",
        "description": "",
        "sources": "",
        "id": "MzY6YWJmMDRiMmJkZTY5",
        "publicId": "MzY6YWJmMDRiMmJkZTY5",
        "sourceId": "abf04b2bde69",
        "layerId": 36,
        "type": "event",
        "status": "active",
        "urgency": null,
        "verificationTag": "verified",
        "expirationDate": null,
        "createdAt": "2026-04-01T12:01:45.727Z",
        "updatedAt": "2026-07-21T21:34:31.763Z"
      }
    },
    {
      "type": "Feature",
      "id": 92757,
      "geometry": {
        "type": "Point",
        "coordinates": [
          58.821795309110655,
          36.17057990022923
        ]
      },
      "properties": {
        "name:fa": "ایست بازرسی",
        "city": "نیشابور",
        "province": "استان خراسان رضوی",
        "date": "",
        "description": "",
        "sources": "",
        "id": "MzY6N2Y2ZTc3Yzc1NTU3",
        "publicId": "MzY6N2Y2ZTc3Yzc1NTU3",
        "sourceId": "7f6e77c75557",
        "layerId": 36,
        "type": "event",
        "status": "active",
        "urgency": null,
        "verificationTag": "verified",
        "expirationDate": null,
        "createdAt": "2026-04-01T12:03:29.576Z",
        "updatedAt": "2026-07-21T21:34:31.763Z"
      }
    },
    {
      "type": "Feature",
      "id": 92760,
      "geometry": {
        "type": "Point",
        "coordinates": [
          44.55957056431319,
          39.27865359098945
        ]
      },
      "properties": {
        "name:fa": "ایست بازرسی",
        "city": "شهرستان ماکو",
        "province": "استان آذربایجان غربی",
        "date": "",
        "description": "",
        "sources": "",
        "id": "MzY6MmZkZmEzYTQzNWFi",
        "publicId": "MzY6MmZkZmEzYTQzNWFi",
        "sourceId": "2fdfa3a435ab",
        "layerId": 36,
        "type": "event",
        "status": "active",
        "urgency": null,
        "verificationTag": "verified",
        "expirationDate": null,
        "createdAt": "2026-04-01T16:30:51.220Z",
        "updatedAt": "2026-07-21T21:34:31.763Z"
      }
    },
    {
      "type": "Feature",
      "id": 92792,
      "geometry": {
        "type": "Point",
        "coordinates": [
          49.5822325439151,
          37.22179222160035
        ]
      },
      "properties": {
        "name:fa": "ایست بازرسی بسیج و سپاه",
        "city": "کلانشهر رشت",
        "province": "استان گیلان",
        "date": 1774977950,
        "description": "سپاه و بسیج ایست بازرسی گذاشته‌اند و با اسلحه و سر و صورت پوشیده ایجاد رعب و وحشت می‌کنند. با دوربین از تمام ماشین‌ها و سرنشینان فیلم می‌گیرند و گوشی‌ها را چک می‌کنند.",
        "sources": "",
        "id": "MzY6OGQ5YWYzZmJiNjY4",
        "publicId": "MzY6OGQ5YWYzZmJiNjY4",
        "sourceId": "8d9af3fbb668",
        "layerId": 36,
        "type": "event",
        "status": "active",
        "urgency": null,
        "verificationTag": "not-verified",
        "expirationDate": null,
        "createdAt": "2026-04-02T07:17:31.308Z",
        "updatedAt": "2026-07-21T21:34:31.763Z"
      }
    },
    {
      "type": "Feature",
      "id": 92796,
      "geometry": {
        "type": "Point",
        "coordinates": [
          56.98580363682004,
          30.270648088651996
        ]
      },
      "properties": {
        "name:fa": "تجمع سرکوبگران",
        "description": "برخی روزها صبح زود حوالی ساعت ۶،۷ نیروهای سرکوب در این محل تجمع و جلسه دارند. معمولاً در زمان حضورشان خودرو و مامورین انتظامی مقابل درب ورودی بلوار رضوان مجموعه را اسکورت می‌کنند.",
        "date": 1775053566,
        "province": "استان کرمان",
        "city": "کرمان",
        "id": "MzY6Nzk2NjUzNjMwYTc1",
        "publicId": "MzY6Nzk2NjUzNjMwYTc1",
        "sourceId": "796653630a75",
        "layerId": 36,
        "type": "event",
        "status": "active",
        "urgency": null,
        "verificationTag": "not-verified",
        "expirationDate": null,
        "createdAt": "2026-04-01T14:26:06.314Z",
        "updatedAt": "2026-07-21T21:34:31.763Z"
      }
    },
    {
      "type": "Feature",
      "id": 92797,
      "geometry": {
        "type": "Point",
        "coordinates": [
          51.52598344333671,
          35.74467042459976
        ]
      },
      "properties": {
        "name:fa": "ایست بازرسی",
        "description": "12 فروردین از حدود ساعت 15:۰۰ ایست بازرسی",
        "date": 1775046234,
        "province": "استان تهران",
        "city": "تهران",
        "id": "MzY6N2NmMDQ1MDk4YjJh",
        "publicId": "MzY6N2NmMDQ1MDk4YjJh",
        "sourceId": "7cf045098b2a",
        "layerId": 36,
        "type": "event",
        "status": "active",
        "urgency": null,
        "verificationTag": "not-verified",
        "expirationDate": null,
        "createdAt": "2026-04-01T12:23:54.456Z",
        "updatedAt": "2026-07-21T21:34:31.763Z"
      }
    },
    {
      "type": "Feature",
      "id": 92798,
      "geometry": {
        "type": "Point",
        "coordinates": [
          51.22790070287152,
          35.75266702093879
        ]
      },
      "properties": {
        "name:fa": "ایست بازرسی",
        "description": "ایست بازرسی اینجا هستن از صبح تا شب",
        "date": 1774930456,
        "province": "استان تهران",
        "city": "تهران",
        "id": "MzY6OGM2NmE4M2U5OTc0",
        "publicId": "MzY6OGM2NmE4M2U5OTc0",
        "sourceId": "8c66a83e9974",
        "layerId": 36,
        "type": "event",
        "status": "active",
        "urgency": null,
        "verificationTag": "not-verified",
        "expirationDate": null,
        "createdAt": "2026-03-31T04:14:16.529Z",
        "updatedAt": "2026-07-21T21:34:31.763Z"
      }
    },
    {
      "type": "Feature",
      "id": 92799,
      "geometry": {
        "type": "Point",
        "coordinates": [
          50.95874227329534,
          35.46737172571794
        ]
      },
      "properties": {
        "name:fa": "تجمع سپاهیان",
        "description": "محل تجمع سپاهیان پرند",
        "date": 1774074290,
        "province": "استان تهران",
        "city": "شهرجدیدپرند",
        "id": "MzY6NTI4MGJmOGUyZTYz",
        "publicId": "MzY6NTI4MGJmOGUyZTYz",
        "sourceId": "5280bf8e2e63",
        "layerId": 36,
        "type": "event",
        "status": "active",
        "urgency": null,
        "verificationTag": "not-verified",
        "expirationDate": null,
        "createdAt": "2026-03-21T06:24:50.876Z",
        "updatedAt": "2026-07-21T21:34:31.763Z"
      }
    },
    {
      "type": "Feature",
      "id": 92800,
      "geometry": {
        "type": "Point",
        "coordinates": [
          52.501013456085815,
          29.645689594289507
        ]
      },
      "properties": {
        "name:fa": "تجمع سپاهیان",
        "description": "نمازخانه شهید چمران از نقاط مهم تجمع سپاهیان مسلح برای سرکوب مردم. کنار بیمارستان قرار گرفته و ضروری است توجه شود",
        "date": 1772822320,
        "province": "استان فارس",
        "city": "شیراز",
        "id": "MzY6MDQwODMxOTcwZjc3",
        "publicId": "MzY6MDQwODMxOTcwZjc3",
        "sourceId": "040831970f77",
        "layerId": 36,
        "type": "event",
        "status": "active",
        "urgency": null,
        "verificationTag": "not-verified",
        "expirationDate": null,
        "createdAt": "2026-03-06T18:38:40.993Z",
        "updatedAt": "2026-07-21T21:34:31.763Z"
      }
    },
    {
      "type": "Feature",
      "id": 92801,
      "geometry": {
        "type": "Point",
        "coordinates": [
          51.048529295672154,
          35.682043585145095
        ]
      },
      "properties": {
        "name:fa": "تجمع سپاه",
        "description": "مدرسه دبیرستان محل تجمع نیروهای سپاه سه راه شهریار",
        "date": 1772555453,
        "province": "استان تهران",
        "city": "شهریار",
        "id": "MzY6ZGRhNGM4MDNhNWU4",
        "publicId": "MzY6ZGRhNGM4MDNhNWU4",
        "sourceId": "dda4c803a5e8",
        "layerId": 36,
        "type": "event",
        "status": "active",
        "urgency": null,
        "verificationTag": "not-verified",
        "expirationDate": null,
        "createdAt": "2026-03-03T16:30:53.724Z",
        "updatedAt": "2026-07-21T21:34:31.763Z"
      }
    },
    {
      "type": "Feature",
      "id": 92804,
      "geometry": {
        "type": "Point",
        "coordinates": [
          51.340823423554696,
          35.766156734504804
        ]
      },
      "properties": {
        "name:fa": "تجمع نظامی",
        "description": "محل جمع شدن نیروی نظامی و سرکوب در امامزاده",
        "date": 1774813444,
        "province": "استان تهران",
        "city": "تهران",
        "id": "MzY6NTNlNmZkYjY1M2Vl",
        "publicId": "MzY6NTNlNmZkYjY1M2Vl",
        "sourceId": "53e6fdb653ee",
        "layerId": 36,
        "type": "event",
        "status": "active",
        "urgency": null,
        "verificationTag": "not-verified",
        "expirationDate": null,
        "createdAt": "2026-03-29T19:44:04.262Z",
        "updatedAt": "2026-07-21T21:34:31.763Z"
      }
    },
    {
      "type": "Feature",
      "id": 92805,
      "geometry": {
        "type": "Point",
        "coordinates": [
          51.336608873107565,
          35.77235095314035
        ]
      },
      "properties": {
        "name:fa": "استقرار سپاه",
        "description": "دقیقا همان نیرو های تروریستی سپاه که ابتدای اتوبان اشرفی مستقر هستند ساعاتی از شبانه روز در این ناحیه مستقر هستند تا احتمال کتلت شدنشون کمتر باشه با تغییر لوکیشن",
        "date": 1774000534,
        "province": "استان تهران",
        "city": "تهران",
        "id": "MzY6NThiOWJmYmQxYzI4",
        "publicId": "MzY6NThiOWJmYmQxYzI4",
        "sourceId": "58b9bfbd1c28",
        "layerId": 36,
        "type": "event",
        "status": "active",
        "urgency": null,
        "verificationTag": "not-verified",
        "expirationDate": null,
        "createdAt": "2026-03-20T09:55:34.790Z",
        "updatedAt": "2026-07-21T21:34:31.763Z"
      }
    },
    {
      "type": "Feature",
      "id": 92806,
      "geometry": {
        "type": "Point",
        "coordinates": [
          49.411462,
          37.478997
        ]
      },
      "properties": {
        "name:fa": "اسکان سپاه",
        "description": "محل اسکان نیروهای سپاه پاسداران",
        "date": 1773046201,
        "province": "استان گیلان",
        "city": "بندر انزلی",
        "id": "MzY6MzUwMDQyNTMxNDgx",
        "publicId": "MzY6MzUwMDQyNTMxNDgx",
        "sourceId": "350042531481",
        "layerId": 36,
        "type": "event",
        "status": "active",
        "urgency": null,
        "verificationTag": "not-verified",
        "expirationDate": null,
        "createdAt": "2026-03-09T08:50:01.454Z",
        "updatedAt": "2026-07-21T21:34:31.763Z"
      }
    },
    {
      "type": "Feature",
      "id": 92808,
      "geometry": {
        "type": "Point",
        "coordinates": [
          50.83600697599141,
          35.69074617571813
        ]
      },
      "properties": {
        "name:fa": "استقرار نظامی",
        "description": "فرهنگسرای صفادشت که الان نیروهای نظامی تو‌ این مناطق هستند.",
        "date": 1772840101,
        "province": "استان تهران",
        "city": "شهرستان ملارد",
        "id": "MzY6MmZjNjBjOWUxYTFh",
        "publicId": "MzY6MmZjNjBjOWUxYTFh",
        "sourceId": "2fc60c9e1a1a",
        "layerId": 36,
        "type": "event",
        "status": "active",
        "urgency": null,
        "verificationTag": "not-verified",
        "expirationDate": null,
        "createdAt": "2026-03-06T23:35:01.078Z",
        "updatedAt": "2026-07-21T21:34:31.763Z"
      }
    },
    {
      "type": "Feature",
      "id": 92816,
      "geometry": {
        "type": "Point",
        "coordinates": [
          45.06331852130003,
          37.5598641408329
        ]
      },
      "properties": {
        "name:fa": "تجمع نیروهای سرکوب",
        "city": "ارومیه",
        "province": "استان آذربایجان غربی",
        "date": "",
        "description": "قرارگاه فاطمیه خیابون بروجردی رو بستن همشون اینجان",
        "sources": "",
        "id": "MzY6MDUwYmFkODRmNjU1",
        "publicId": "MzY6MDUwYmFkODRmNjU1",
        "sourceId": "050bad84f655",
        "layerId": 36,
        "type": "event",
        "status": "active",
        "urgency": null,
        "verificationTag": "verified",
        "expirationDate": null,
        "createdAt": "2026-04-02T11:22:57.533Z",
        "updatedAt": "2026-07-21T21:34:31.763Z"
      }
    },
    {
      "type": "Feature",
      "id": 92824,
      "geometry": {
        "type": "Point",
        "coordinates": [
          50.929857396973006,
          35.81440077673477
        ]
      },
      "properties": {
        "name:fa": "بهنوش",
        "unofficial_name:fa": "",
        "description": "اینجا سردخانه بهنوش هست که الان با مهمات پرش کردن مردم اغلب فهمیدن و ترسیدن",
        "date": "",
        "city": "کرج",
        "province": "استان البرز",
        "sources": "",
        "id": "MzY6YzhmNTgwNWRmOTRm",
        "publicId": "MzY6YzhmNTgwNWRmOTRm",
        "sourceId": "c8f5805df94f",
        "layerId": 36,
        "type": "event",
        "status": "active",
        "urgency": null,
        "verificationTag": "verified",
        "expirationDate": null,
        "createdAt": "2026-04-02T12:29:21.247Z",
        "updatedAt": "2026-07-21T21:34:31.763Z"
      }
    },
    {
      "type": "Feature",
      "id": 92842,
      "geometry": {
        "type": "Point",
        "coordinates": [
          49.201239166329685,
          36.22135096629171
        ]
      },
      "properties": {
        "name:fa": "ایست بازرسی",
        "city": "شهرستان خرمدره",
        "province": "استان زنجان",
        "date": "",
        "description": "",
        "sources": "",
        "id": "MzY6YzY0ZjFmMzM1ZTg5",
        "publicId": "MzY6YzY0ZjFmMzM1ZTg5",
        "sourceId": "c64f1f335e89",
        "layerId": 36,
        "type": "event",
        "status": "active",
        "urgency": null,
        "verificationTag": "verified",
        "expirationDate": null,
        "createdAt": "2026-04-02T13:29:59.681Z",
        "updatedAt": "2026-07-21T21:34:31.763Z"
      }
    },
    {
      "type": "Feature",
      "id": 92843,
      "geometry": {
        "type": "Point",
        "coordinates": [
          49.21569793346083,
          36.14563871410144
        ]
      },
      "properties": {
        "name:fa": "تجمع سرکوبگران",
        "city": "ابهر",
        "province": "استان زنجان",
        "date": "",
        "description": "حسینیه سپاه پاسداران",
        "sources": "",
        "id": "MzY6ZjhmYjc2NjU5NzVh",
        "publicId": "MzY6ZjhmYjc2NjU5NzVh",
        "sourceId": "f8fb7665975a",
        "layerId": 36,
        "type": "event",
        "status": "active",
        "urgency": null,
        "verificationTag": "verified",
        "expirationDate": null,
        "createdAt": "2026-04-02T13:31:51.244Z",
        "updatedAt": "2026-07-21T21:34:31.763Z"
      }
    },
    {
      "type": "Feature",
      "id": 92846,
      "geometry": {
        "type": "Point",
        "coordinates": [
          49.19233637535956,
          36.143200065089616
        ]
      },
      "properties": {
        "name:fa": "ایست بازرسی",
        "city": "ابهر",
        "province": "استان زنجان",
        "date": "",
        "description": "ایست بازرسی",
        "sources": "",
        "id": "MzY6NTllNDZlYWQwMjRk",
        "publicId": "MzY6NTllNDZlYWQwMjRk",
        "sourceId": "59e46ead024d",
        "layerId": 36,
        "type": "event",
        "status": "active",
        "urgency": null,
        "verificationTag": "verified",
        "expirationDate": null,
        "createdAt": "2026-04-02T13:34:53.657Z",
        "updatedAt": "2026-07-21T21:34:31.763Z"
      }
    },
    {
      "type": "Feature",
      "id": 92847,
      "geometry": {
        "type": "Point",
        "coordinates": [
          50.020535566653905,
          37.20645815559433
        ]
      },
      "properties": {
        "name:fa": "ایست بازرسی",
        "city": "لاهيجان",
        "province": "استان گیلان",
        "date": "",
        "description": "",
        "sources": "",
        "id": "MzY6MDMxOTY2YzU4YTVi",
        "publicId": "MzY6MDMxOTY2YzU4YTVi",
        "sourceId": "031966c58a5b",
        "layerId": 36,
        "type": "event",
        "status": "active",
        "urgency": null,
        "verificationTag": "verified",
        "expirationDate": null,
        "createdAt": "2026-04-02T18:16:39.705Z",
        "updatedAt": "2026-07-21T21:34:31.763Z"
      }
    },
    {
      "type": "Feature",
      "id": 92848,
      "geometry": {
        "type": "Point",
        "coordinates": [
          50.017268429668434,
          37.20422284604729
        ]
      },
      "properties": {
        "name:fa": "ایست بازرسی",
        "city": "لاهيجان",
        "province": "استان گیلان",
        "date": "",
        "description": "",
        "sources": "",
        "id": "MzY6OWVjNTk5MGUwYjA2",
        "publicId": "MzY6OWVjNTk5MGUwYjA2",
        "sourceId": "9ec5990e0b06",
        "layerId": 36,
        "type": "event",
        "status": "active",
        "urgency": null,
        "verificationTag": "verified",
        "expirationDate": null,
        "createdAt": "2026-04-02T18:18:31.226Z",
        "updatedAt": "2026-07-21T21:34:31.763Z"
      }
    },
    {
      "type": "Feature",
      "id": 92849,
      "geometry": {
        "type": "Point",
        "coordinates": [
          50.008956308929356,
          37.20579989662549
        ]
      },
      "properties": {
        "name:fa": "ایست بازرسی",
        "city": "لاهيجان",
        "province": "استان گیلان",
        "date": "",
        "description": "ایست بازرسی افراد لباس شخصی ( مسلح )",
        "sources": "",
        "id": "MzY6NmFjNjRjZDM2MDUy",
        "publicId": "MzY6NmFjNjRjZDM2MDUy",
        "sourceId": "6ac64cd36052",
        "layerId": 36,
        "type": "event",
        "status": "active",
        "urgency": null,
        "verificationTag": "verified",
        "expirationDate": null,
        "createdAt": "2026-04-02T18:20:23.724Z",
        "updatedAt": "2026-07-21T21:34:31.763Z"
      }
    },
    {
      "type": "Feature",
      "id": 92851,
      "geometry": {
        "type": "Point",
        "coordinates": [
          50.03855579407946,
          37.204765741846174
        ]
      },
      "properties": {
        "name:fa": "ایست بازرسی",
        "city": "لاهيجان",
        "province": "استان گیلان",
        "date": "",
        "description": "ایست بازرسی افرادی لباس شخصی با ماسک ( مسلح )",
        "sources": "",
        "id": "MzY6MmFmNjFhYTdmNzg1",
        "publicId": "MzY6MmFmNjFhYTdmNzg1",
        "sourceId": "2af61aa7f785",
        "layerId": 36,
        "type": "event",
        "status": "active",
        "urgency": null,
        "verificationTag": "verified",
        "expirationDate": null,
        "createdAt": "2026-04-02T18:25:56.658Z",
        "updatedAt": "2026-07-21T21:34:31.763Z"
      }
    },
    {
      "type": "Feature",
      "id": 92852,
      "geometry": {
        "type": "Point",
        "coordinates": [
          56.96171430326868,
          30.25002468740837
        ]
      },
      "properties": {
        "name:fa": "ایست بازرسی",
        "city": "کرمان",
        "province": "استان کرمان",
        "date": "",
        "description": "محل ایست و بازرسی با احتیاط عبور کنید",
        "sources": "",
        "id": "MzY6YmVjYzkwZWRjZDc0",
        "publicId": "MzY6YmVjYzkwZWRjZDc0",
        "sourceId": "becc90edcd74",
        "layerId": 36,
        "type": "event",
        "status": "active",
        "urgency": null,
        "verificationTag": "verified",
        "expirationDate": null,
        "createdAt": "2026-04-02T18:28:54.994Z",
        "updatedAt": "2026-07-21T21:34:31.763Z"
      }
    },
    {
      "type": "Feature",
      "id": 92859,
      "geometry": {
        "type": "Point",
        "coordinates": [
          51.38429480553367,
          35.68779582230751
        ]
      },
      "properties": {
        "name:fa": "پارکینگ ادوات موتوری نیروها",
        "city": "تهران",
        "province": "استان تهران",
        "date": 1773132196,
        "description": "پارکینگ ادوات موتوری نیروها",
        "sources": "",
        "id": "MzY6OTZkNWM4Yzk3OTQw",
        "publicId": "MzY6OTZkNWM4Yzk3OTQw",
        "sourceId": "96d5c8c97940",
        "layerId": 36,
        "type": "event",
        "status": "active",
        "urgency": null,
        "verificationTag": "not-verified",
        "expirationDate": null,
        "createdAt": "2026-04-02T20:28:34.640Z",
        "updatedAt": "2026-07-21T21:34:31.763Z"
      }
    },
    {
      "type": "Feature",
      "id": 92903,
      "geometry": {
        "type": "Point",
        "coordinates": [
          50.01063178400784,
          37.198694671724525
        ]
      },
      "properties": {
        "name:fa": "ایست بازرسی",
        "city": "لاهيجان",
        "province": "استان گیلان",
        "date": 1775216709,
        "description": "",
        "sources": "",
        "id": "MzY6MzJkOWQzOTY5MTRk",
        "publicId": "MzY6MzJkOWQzOTY5MTRk",
        "sourceId": "32d9d396914d",
        "layerId": 36,
        "type": "event",
        "status": "active",
        "urgency": null,
        "verificationTag": "not-verified",
        "expirationDate": null,
        "createdAt": "2026-04-04T01:43:11.995Z",
        "updatedAt": "2026-07-21T21:34:31.763Z"
      }
    },
    {
      "type": "Feature",
      "id": 92904,
      "geometry": {
        "type": "Point",
        "coordinates": [
          49.9804369040304,
          37.21406849248734
        ]
      },
      "properties": {
        "name:fa": "ایست بازرسی",
        "city": "شهرستان لاهیجان",
        "province": "استان گیلان",
        "date": 1775216824,
        "description": "ایست بازرسی",
        "sources": "",
        "id": "MzY6NWFlZDVkZDQwYWUx",
        "publicId": "MzY6NWFlZDVkZDQwYWUx",
        "sourceId": "5aed5dd40ae1",
        "layerId": 36,
        "type": "event",
        "status": "active",
        "urgency": null,
        "verificationTag": "not-verified",
        "expirationDate": null,
        "createdAt": "2026-04-04T03:08:21.313Z",
        "updatedAt": "2026-07-21T21:34:31.763Z"
      }
    },
    {
      "type": "Feature",
      "id": 92905,
      "geometry": {
        "type": "Point",
        "coordinates": [
          49.974762657203854,
          37.21562423901878
        ]
      },
      "properties": {
        "name:fa": "ایست بازرسی",
        "city": "شهرستان لاهیجان",
        "province": "استان گیلان",
        "date": 1775216780,
        "description": "ایست بازرسی",
        "sources": "",
        "id": "MzY6N2MyOGFhMmI2MDlh",
        "publicId": "MzY6N2MyOGFhMmI2MDlh",
        "sourceId": "7c28aa2b609a",
        "layerId": 36,
        "type": "event",
        "status": "active",
        "urgency": null,
        "verificationTag": "not-verified",
        "expirationDate": null,
        "createdAt": "2026-04-04T03:08:31.667Z",
        "updatedAt": "2026-07-21T21:34:31.763Z"
      }
    },
    {
      "type": "Feature",
      "id": 92911,
      "geometry": {
        "type": "Point",
        "coordinates": [
          51.35456169917228,
          35.54249836978974
        ]
      },
      "properties": {
        "name:fa": "ایست بازرسی",
        "city": "شهرستان تهران",
        "province": "استان تهران",
        "date": "",
        "description": "ایست بازرسی بود تعداد دو عدد ماشین یک ماشین شبیه به تانک بود یک ماشینم تویتا بود که پشتش دوشکا گذاشته بودن تعداد سرباز ها هم حدود سی نفر بود",
        "sources": "",
        "id": "MzY6MWE1MzYzNWIwZjc5",
        "publicId": "MzY6MWE1MzYzNWIwZjc5",
        "sourceId": "1a53635b0f79",
        "layerId": 36,
        "type": "event",
        "status": "active",
        "urgency": null,
        "verificationTag": "verified",
        "expirationDate": null,
        "createdAt": "2026-04-04T15:06:13.998Z",
        "updatedAt": "2026-07-21T21:34:31.763Z"
      }
    },
    {
      "type": "Feature",
      "id": 92912,
      "geometry": {
        "type": "Point",
        "coordinates": [
          44.97653249283945,
          39.04624791095344
        ]
      },
      "properties": {
        "name:fa": "ایست بازرسی",
        "city": "شهرستان شوط",
        "province": "استان آذربایجان غربی",
        "date": "",
        "description": "گیت کنترل منطقه آزاد ماکو",
        "sources": "",
        "id": "MzY6NTQ5NzYxZTY2NDlm",
        "publicId": "MzY6NTQ5NzYxZTY2NDlm",
        "sourceId": "549761e6649f",
        "layerId": 36,
        "type": "event",
        "status": "active",
        "urgency": null,
        "verificationTag": "verified",
        "expirationDate": null,
        "createdAt": "2026-04-04T15:06:52.964Z",
        "updatedAt": "2026-07-21T21:34:31.763Z"
      }
    },
    {
      "type": "Feature",
      "id": 92924,
      "geometry": {
        "type": "Point",
        "coordinates": [
          45.04489950111713,
          37.53751898609053
        ]
      },
      "properties": {
        "name:fa": "تجمع نیروهای سرکوبگر",
        "city": "ارومیه",
        "province": "استان آذربایجان غربی",
        "date": "",
        "description": "",
        "sources": "",
        "id": "MzY6MTU4NjUwZjViZGU1",
        "publicId": "MzY6MTU4NjUwZjViZGU1",
        "sourceId": "158650f5bde5",
        "layerId": 36,
        "type": "event",
        "status": "active",
        "urgency": null,
        "verificationTag": "verified",
        "expirationDate": null,
        "createdAt": "2026-04-06T12:11:57.274Z",
        "updatedAt": "2026-07-21T21:34:31.763Z"
      }
    },
    {
      "type": "Feature",
      "id": 92925,
      "geometry": {
        "type": "Point",
        "coordinates": [
          49.94754816339574,
          37.25193641615542
        ]
      },
      "properties": {
        "name:fa": "ایست بازرسی",
        "city": "آستانه اشرفیه",
        "province": "استان گیلان",
        "date": "",
        "description": "",
        "sources": "",
        "id": "MzY6ZWVmYzUwYmY3MTUy",
        "publicId": "MzY6ZWVmYzUwYmY3MTUy",
        "sourceId": "eefc50bf7152",
        "layerId": 36,
        "type": "event",
        "status": "active",
        "urgency": null,
        "verificationTag": "verified",
        "expirationDate": null,
        "createdAt": "2026-04-06T12:14:09.294Z",
        "updatedAt": "2026-07-21T21:34:31.763Z"
      }
    },
    {
      "type": "Feature",
      "id": 92932,
      "geometry": {
        "type": "Point",
        "coordinates": [
          51.332783482795605,
          35.74036706411661
        ]
      },
      "properties": {
        "name:fa": "ایست بازرسی",
        "city": "تهران",
        "province": "استان تهران",
        "date": "",
        "description": "ایست بازرسی در بلوار اشرفی اصفهانی رو به پایین، زیر پل حکیم، روز ندیدمشون، معمولا عصر یا شب میان",
        "sources": "",
        "id": "MzY6YzVkOTU1Njk5OTJj",
        "publicId": "MzY6YzVkOTU1Njk5OTJj",
        "sourceId": "c5d95569992c",
        "layerId": 36,
        "type": "event",
        "status": "active",
        "urgency": null,
        "verificationTag": "verified",
        "expirationDate": null,
        "createdAt": "2026-04-06T12:23:41.717Z",
        "updatedAt": "2026-07-21T21:34:31.763Z"
      }
    },
    {
      "type": "Feature",
      "id": 92933,
      "geometry": {
        "type": "Point",
        "coordinates": [
          51.3421028827475,
          35.735491795231866
        ]
      },
      "properties": {
        "name:fa": "ایست بازرسی",
        "city": "تهران",
        "province": "استان تهران",
        "date": "",
        "description": "ایست بازرسی در بلوار مرزداران به سمت شرق، قبل از ورودی یادگار امام",
        "sources": "",
        "id": "MzY6ODE3YmZiYTZkZGJh",
        "publicId": "MzY6ODE3YmZiYTZkZGJh",
        "sourceId": "817bfba6ddba",
        "layerId": 36,
        "type": "event",
        "status": "active",
        "urgency": null,
        "verificationTag": "verified",
        "expirationDate": null,
        "createdAt": "2026-04-06T12:24:18.655Z",
        "updatedAt": "2026-07-21T21:34:31.763Z"
      }
    },
    {
      "type": "Feature",
      "id": 92937,
      "geometry": {
        "type": "Point",
        "coordinates": [
          50.97316602855088,
          35.80486496895362
        ]
      },
      "properties": {
        "name:fa": "ایست بازرسی",
        "city": "کرج",
        "province": "استان البرز",
        "date": "",
        "description": "ایست بازرسی سپاه و بسیج",
        "sources": "",
        "id": "MzY6Y2Y2NTE4NmY1YmM5",
        "publicId": "MzY6Y2Y2NTE4NmY1YmM5",
        "sourceId": "cf65186f5bc9",
        "layerId": 36,
        "type": "event",
        "status": "active",
        "urgency": null,
        "verificationTag": "verified",
        "expirationDate": null,
        "createdAt": "2026-04-06T12:26:32.162Z",
        "updatedAt": "2026-07-21T21:34:31.763Z"
      }
    },
    {
      "type": "Feature",
      "id": 92938,
      "geometry": {
        "type": "Point",
        "coordinates": [
          50.87934234651499,
          35.73221574635926
        ]
      },
      "properties": {
        "name:fa": "ایست بازرسی",
        "city": "شهرستان کرج",
        "province": "استان البرز",
        "date": "",
        "description": "ایست بازرسی سپاه و بسیج تالار اجلاس",
        "sources": "",
        "id": "MzY6MzZlZjEyODVmMTZl",
        "publicId": "MzY6MzZlZjEyODVmMTZl",
        "sourceId": "36ef1285f16e",
        "layerId": 36,
        "type": "event",
        "status": "active",
        "urgency": null,
        "verificationTag": "verified",
        "expirationDate": null,
        "createdAt": "2026-04-06T12:27:19.717Z",
        "updatedAt": "2026-07-21T21:34:31.763Z"
      }
    },
    {
      "type": "Feature",
      "id": 92943,
      "geometry": {
        "type": "Point",
        "coordinates": [
          51.472816899033944,
          35.79945613521278
        ]
      },
      "properties": {
        "name:fa": "تجمع نیروهای سرکوب",
        "city": "تجریش",
        "province": "استان تهران",
        "date": "",
        "description": "تجمع نیروهای سرکوب",
        "sources": "",
        "id": "MzY6MGI5MWM5YWM2YjYz",
        "publicId": "MzY6MGI5MWM5YWM2YjYz",
        "sourceId": "0b91c9ac6b63",
        "layerId": 36,
        "type": "event",
        "status": "active",
        "urgency": null,
        "verificationTag": "verified",
        "expirationDate": null,
        "createdAt": "2026-04-06T12:31:25.503Z",
        "updatedAt": "2026-07-21T21:34:31.763Z"
      }
    },
    {
      "type": "Feature",
      "id": 92944,
      "geometry": {
        "type": "Point",
        "coordinates": [
          51.55524879153498,
          35.73711067548436
        ]
      },
      "properties": {
        "name:fa": "ایست بازرسی",
        "city": "تهران",
        "province": "استان تهران",
        "date": "",
        "description": "ایست بازرسی من ساعت 6 صبح دیدمشون",
        "sources": "",
        "id": "MzY6ZTkwZjU0YTQ2OWI2",
        "publicId": "MzY6ZTkwZjU0YTQ2OWI2",
        "sourceId": "e90f54a469b6",
        "layerId": 36,
        "type": "event",
        "status": "active",
        "urgency": null,
        "verificationTag": "verified",
        "expirationDate": null,
        "createdAt": "2026-04-06T12:32:38.816Z",
        "updatedAt": "2026-07-21T21:34:31.763Z"
      }
    },
    {
      "type": "Feature",
      "id": 92945,
      "geometry": {
        "type": "Point",
        "coordinates": [
          50.62372749570338,
          30.40619722948793
        ]
      },
      "properties": {
        "name:fa": "ایست بازرسی",
        "city": "شهرستان گچساران",
        "province": "استان کهگیلویه و بویراحمد",
        "date": "",
        "description": "ایست بازرسی",
        "sources": "",
        "id": "MzY6Yjk5OTI3MWRhY2Vl",
        "publicId": "MzY6Yjk5OTI3MWRhY2Vl",
        "sourceId": "b999271dacee",
        "layerId": 36,
        "type": "event",
        "status": "active",
        "urgency": null,
        "verificationTag": "verified",
        "expirationDate": null,
        "createdAt": "2026-04-06T12:36:51.777Z",
        "updatedAt": "2026-07-21T21:34:31.763Z"
      }
    },
    {
      "type": "Feature",
      "id": 92946,
      "geometry": {
        "type": "Point",
        "coordinates": [
          46.28367983636247,
          38.068276903955734
        ]
      },
      "properties": {
        "name:fa": "استقرار نیروهای بسیج",
        "city": "تبریز",
        "province": "استان آذربایجان شرقی",
        "date": 1775495676,
        "description": "محل استقرار همیشگی نیروهای بسیج و سرکوب در تعداد بالا",
        "sources": "",
        "id": "MzY6ZjJiMDdmM2U5MWRh",
        "publicId": "MzY6ZjJiMDdmM2U5MWRh",
        "sourceId": "f2b07f3e91da",
        "layerId": 36,
        "type": "event",
        "status": "active",
        "urgency": null,
        "verificationTag": "not-verified",
        "expirationDate": null,
        "createdAt": "2026-04-06T19:03:13.022Z",
        "updatedAt": "2026-07-21T21:34:31.763Z"
      }
    },
    {
      "type": "Feature",
      "id": 92947,
      "geometry": {
        "type": "Point",
        "coordinates": [
          46.28724060540824,
          38.07422357297773
        ]
      },
      "properties": {
        "name:fa": "محل استقرار نیرو",
        "city": "تبریز",
        "province": "استان آذربایجان شرقی",
        "date": 1775495504,
        "description": "محل استقرار نیروها و خودروهای سرکوب",
        "sources": "",
        "id": "MzY6NGNjOWNmZTEzMDIx",
        "publicId": "MzY6NGNjOWNmZTEzMDIx",
        "sourceId": "4cc9cfe13021",
        "layerId": 36,
        "type": "event",
        "status": "active",
        "urgency": null,
        "verificationTag": "not-verified",
        "expirationDate": null,
        "createdAt": "2026-04-06T19:03:58.797Z",
        "updatedAt": "2026-07-21T21:34:31.763Z"
      }
    },
    {
      "type": "Feature",
      "id": 92948,
      "geometry": {
        "type": "Point",
        "coordinates": [
          46.285310053847695,
          38.07119693593606
        ]
      },
      "properties": {
        "name:fa": "استقرار نیروهای بسیج",
        "city": "تبریز",
        "province": "استان آذربایجان شرقی",
        "date": 1775495577,
        "description": "محل استقرار نیروهای بسیج و نیروهای سرکوب در تعداد زیاد",
        "sources": "",
        "id": "MzY6Njg1MWU3Nzc4ZTIx",
        "publicId": "MzY6Njg1MWU3Nzc4ZTIx",
        "sourceId": "6851e7778e21",
        "layerId": 36,
        "type": "event",
        "status": "active",
        "urgency": null,
        "verificationTag": "not-verified",
        "expirationDate": null,
        "createdAt": "2026-04-06T19:04:22.746Z",
        "updatedAt": "2026-07-21T21:34:31.763Z"
      }
    },
    {
      "type": "Feature",
      "id": 92950,
      "geometry": {
        "type": "Point",
        "coordinates": [
          51.19462292903469,
          35.75700287803244
        ]
      },
      "properties": {
        "name:fa": "ایست بازرسی",
        "city": "تهران",
        "province": "استان تهران",
        "date": 1775487885,
        "description": "ایست بازرسی",
        "sources": "",
        "id": "MzY6ZjMwMTFiODhjOTM1",
        "publicId": "MzY6ZjMwMTFiODhjOTM1",
        "sourceId": "f3011b88c935",
        "layerId": 36,
        "type": "event",
        "status": "active",
        "urgency": null,
        "verificationTag": "not-verified",
        "expirationDate": null,
        "createdAt": "2026-04-06T19:34:11.633Z",
        "updatedAt": "2026-07-21T21:34:31.763Z"
      }
    },
    {
      "type": "Feature",
      "id": 92952,
      "geometry": {
        "type": "Point",
        "coordinates": [
          51.363060343848275,
          35.73453191821157
        ]
      },
      "properties": {
        "name:fa": "ایست بازرسی",
        "city": "تهران",
        "province": "استان تهران",
        "date": 1775511331,
        "description": "ایست بازرسی",
        "sources": "",
        "id": "MzY6MmRlODQ5MWRjZjZl",
        "publicId": "MzY6MmRlODQ5MWRjZjZl",
        "sourceId": "2de8491dcf6e",
        "layerId": 36,
        "type": "event",
        "status": "active",
        "urgency": null,
        "verificationTag": "not-verified",
        "expirationDate": null,
        "createdAt": "2026-04-07T02:35:13.774Z",
        "updatedAt": "2026-07-21T21:34:31.763Z"
      }
    },
    {
      "type": "Feature",
      "id": 92996,
      "geometry": {
        "type": "Point",
        "coordinates": [
          51.35166950214284,
          35.76429839380802
        ]
      },
      "properties": {
        "name:fa": "ایست بازرسی و ایجاد ترافیک مصنوعی",
        "city": "تهران",
        "province": "استان تهران",
        "date": 1775725000,
        "description": "ایست بازرسی گذاشتن و مارپیچی مانع گذاشتن تا ترافیک مصنوعی ایجاد بشه.",
        "sources": "",
        "id": "MzY6YjgxMjkwZTI1ZDFi",
        "publicId": "MzY6YjgxMjkwZTI1ZDFi",
        "sourceId": "b81290e25d1b",
        "layerId": 36,
        "type": "event",
        "status": "active",
        "urgency": null,
        "verificationTag": "not-verified",
        "expirationDate": null,
        "createdAt": "2026-04-09T17:51:24.948Z",
        "updatedAt": "2026-07-21T21:34:31.763Z"
      }
    },
    {
      "type": "Feature",
      "id": 92998,
      "geometry": {
        "type": "Point",
        "coordinates": [
          50.940644671099875,
          35.857371100501524
        ]
      },
      "properties": {
        "name:fa": "رفت و آمد سپاهیان",
        "city": "کرج",
        "province": "استان البرز",
        "date": 1775731648,
        "description": "سپاهیان با لباس شخصی رفت و امد می کنند مدام",
        "sources": "",
        "id": "MzY6ZThmMTk0NGI4Nzcw",
        "publicId": "MzY6ZThmMTk0NGI4Nzcw",
        "sourceId": "e8f1944b8770",
        "layerId": 36,
        "type": "event",
        "status": "active",
        "urgency": null,
        "verificationTag": "not-verified",
        "expirationDate": null,
        "createdAt": "2026-04-09T17:54:21.352Z",
        "updatedAt": "2026-07-21T21:34:31.763Z"
      }
    },
    {
      "type": "Feature",
      "id": 93008,
      "geometry": {
        "type": "Point",
        "coordinates": [
          46.323547316896594,
          38.06606561383461
        ]
      },
      "properties": {
        "name:fa": "تجمع نیروهای بسیج",
        "city": "تبریز",
        "province": "استان آذربایجان شرقی",
        "date": 1775541100,
        "description": "محل تجمع نیروهای بسیج، سرکوب و ماشین الات سنگین نظامی",
        "sources": "",
        "id": "MzY6NjAzYWMwMWFhM2E4",
        "publicId": "MzY6NjAzYWMwMWFhM2E4",
        "sourceId": "603ac01aa3a8",
        "layerId": 36,
        "type": "event",
        "status": "active",
        "urgency": null,
        "verificationTag": "not-verified",
        "expirationDate": null,
        "createdAt": "2026-04-09T18:50:39.299Z",
        "updatedAt": "2026-07-21T21:34:31.763Z"
      }
    },
    {
      "type": "Feature",
      "id": 93009,
      "geometry": {
        "type": "Point",
        "coordinates": [
          46.25444383802008,
          38.07364565548784
        ]
      },
      "properties": {
        "name:fa": "استقرار نیروهای بسیج",
        "city": "تبریز",
        "province": "استان آذربایجان شرقی",
        "date": 1775540870,
        "description": "محل استقرار نیروهای بسیج و نیروهای سرکوب و ماشین آلات سرکوب زیر پل",
        "sources": "",
        "id": "MzY6ZGMzODhlYThkMGEz",
        "publicId": "MzY6ZGMzODhlYThkMGEz",
        "sourceId": "dc388ea8d0a3",
        "layerId": 36,
        "type": "event",
        "status": "active",
        "urgency": null,
        "verificationTag": "not-verified",
        "expirationDate": null,
        "createdAt": "2026-04-09T18:51:05.050Z",
        "updatedAt": "2026-07-21T21:34:31.763Z"
      }
    },
    {
      "type": "Feature",
      "id": 93010,
      "geometry": {
        "type": "Point",
        "coordinates": [
          46.244886761027516,
          38.07341313988849
        ]
      },
      "properties": {
        "name:fa": "محل تجمع نیروهای بسیج",
        "unofficial_name:fa": "",
        "description": "محل تجمع نیروهای بسیج و سرکوب",
        "date": 1775540931,
        "city": "تبریز",
        "province": "استان آذربایجان شرقی",
        "id": "MzY6MmIyNWI3NDIyMzZk",
        "publicId": "MzY6MmIyNWI3NDIyMzZk",
        "sourceId": "2b25b742236d",
        "layerId": 36,
        "type": "event",
        "status": "active",
        "urgency": null,
        "verificationTag": "not-verified",
        "expirationDate": null,
        "createdAt": "2026-04-09T18:51:40.581Z",
        "updatedAt": "2026-07-21T21:34:31.763Z"
      }
    },
    {
      "type": "Feature",
      "id": 93011,
      "geometry": {
        "type": "Point",
        "coordinates": [
          46.24483726985318,
          38.073070048579694
        ]
      },
      "properties": {
        "name:fa": "محل تجمع نیروهای بسیج",
        "city": "تبریز",
        "province": "استان آذربایجان شرقی",
        "date": 1775540964,
        "description": "محل تجمع نیروهای بسیج و سرکوب",
        "sources": "",
        "id": "MzY6NTdjMGE0ZTdmMDhk",
        "publicId": "MzY6NTdjMGE0ZTdmMDhk",
        "sourceId": "57c0a4e7f08d",
        "layerId": 36,
        "type": "event",
        "status": "active",
        "urgency": null,
        "verificationTag": "not-verified",
        "expirationDate": null,
        "createdAt": "2026-04-09T18:52:07.311Z",
        "updatedAt": "2026-07-21T21:34:31.763Z"
      }
    },
    {
      "type": "Feature",
      "id": 93015,
      "geometry": {
        "type": "Point",
        "coordinates": [
          46.25883371117027,
          38.0619974394466
        ]
      },
      "properties": {
        "name:fa": "استقرار نیروهای بسیج",
        "city": "تبریز",
        "province": "استان آذربایجان شرقی",
        "date": 1775540675,
        "description": "محل استقرار نیروهای بسیج و سرکوب",
        "sources": "",
        "id": "MzY6YjIwNzc0ZTFhZjhm",
        "publicId": "MzY6YjIwNzc0ZTFhZjhm",
        "sourceId": "b20774e1af8f",
        "layerId": 36,
        "type": "event",
        "status": "active",
        "urgency": null,
        "verificationTag": "not-verified",
        "expirationDate": null,
        "createdAt": "2026-04-10T02:11:58.606Z",
        "updatedAt": "2026-07-21T21:34:31.763Z"
      }
    },
    {
      "type": "Feature",
      "id": 93016,
      "geometry": {
        "type": "Point",
        "coordinates": [
          46.25946727820602,
          38.06162763482922
        ]
      },
      "properties": {
        "name:fa": "محل تجمع نیروهای بسیج",
        "city": "تبریز",
        "province": "استان آذربایجان شرقی",
        "date": 1775540720,
        "description": "محل تجمع نیروهای بسیج و سرکوب",
        "sources": "",
        "id": "MzY6NjMxNDZiYzY1YzAz",
        "publicId": "MzY6NjMxNDZiYzY1YzAz",
        "sourceId": "63146bc65c03",
        "layerId": 36,
        "type": "event",
        "status": "active",
        "urgency": null,
        "verificationTag": "not-verified",
        "expirationDate": null,
        "createdAt": "2026-04-10T02:12:10.207Z",
        "updatedAt": "2026-07-21T21:34:31.763Z"
      }
    },
    {
      "type": "Feature",
      "id": 93024,
      "geometry": {
        "type": "Point",
        "coordinates": [
          51.39175270621578,
          35.790325091782336
        ]
      },
      "properties": {
        "name:fa": "ایست بازرسی",
        "city": "تهران",
        "province": "استان تهران",
        "date": 1775772167,
        "description": "ایست بازرسی با نفرات زیاد و ایجاد مزاحمت و ترافیک سنگین",
        "sources": "",
        "id": "MzY6MjQwZDNhMDEyY2Jj",
        "publicId": "MzY6MjQwZDNhMDEyY2Jj",
        "sourceId": "240d3a012cbc",
        "layerId": 36,
        "type": "event",
        "status": "active",
        "urgency": null,
        "verificationTag": "not-verified",
        "expirationDate": null,
        "createdAt": "2026-04-10T02:36:15.036Z",
        "updatedAt": "2026-07-21T21:34:31.763Z"
      }
    },
    {
      "type": "Feature",
      "id": 93029,
      "geometry": {
        "type": "Point",
        "coordinates": [
          51.391146671654155,
          32.63153448731097
        ]
      },
      "properties": {
        "name:fa": "حضور نیروهای سرکوب",
        "city": "نجف‌ آباد",
        "province": "استان اصفهان",
        "date": 1775847707,
        "description": "حضور نیروهای سرکوب",
        "sources": "",
        "id": "MzY6MzY3YjRjODJjOWJh",
        "publicId": "MzY6MzY3YjRjODJjOWJh",
        "sourceId": "367b4c82c9ba",
        "layerId": 36,
        "type": "event",
        "status": "active",
        "urgency": null,
        "verificationTag": "not-verified",
        "expirationDate": null,
        "createdAt": "2026-04-10T23:18:10.917Z",
        "updatedAt": "2026-07-21T21:34:31.763Z"
      }
    },
    {
      "type": "Feature",
      "id": 93030,
      "geometry": {
        "type": "Point",
        "coordinates": [
          52.610617463038835,
          29.57325071698037
        ]
      },
      "properties": {
        "name:fa": "محل تجمع نیرو های سرکوب گر",
        "city": "شیراز",
        "province": "استان فارس",
        "date": 1776006199,
        "description": "محل تجمع نیرو های سرکوب گر",
        "sources": "",
        "id": "MzY6NDJkNjlmODAzMzc2",
        "publicId": "MzY6NDJkNjlmODAzMzc2",
        "sourceId": "42d69f803376",
        "layerId": 36,
        "type": "event",
        "status": "active",
        "urgency": null,
        "verificationTag": "not-verified",
        "expirationDate": null,
        "createdAt": "2026-04-13T01:57:06.107Z",
        "updatedAt": "2026-07-21T21:34:31.763Z"
      }
    },
    {
      "type": "Feature",
      "id": 93033,
      "geometry": {
        "type": "Point",
        "coordinates": [
          51.396448530610456,
          35.799801233294815
        ]
      },
      "properties": {
        "name:fa": "ایست بازرسی بسیج",
        "city": "تجریش",
        "province": "استان تهران",
        "date": 1776029407,
        "description": "ایست بازرسی بزرگ بسیجیها در میدان دانشجو تا بعد از مسجد النبی، شعار و سینه زنی و ایجاد مزاحمت برای خودروها",
        "sources": "",
        "id": "MzY6MmVjMzdhYjUyZTAz",
        "publicId": "MzY6MmVjMzdhYjUyZTAz",
        "sourceId": "2ec37ab52e03",
        "layerId": 36,
        "type": "event",
        "status": "active",
        "urgency": null,
        "verificationTag": "not-verified",
        "expirationDate": null,
        "createdAt": "2026-04-13T02:00:42.277Z",
        "updatedAt": "2026-07-21T21:34:31.763Z"
      }
    },
    {
      "type": "Feature",
      "id": 93036,
      "geometry": {
        "type": "Point",
        "coordinates": [
          48.62149610490599,
          31.28662433494189
        ]
      },
      "properties": {
        "name:fa": "تجمع نیروهای سرکوب",
        "city": "اهواز",
        "province": "استان خوزستان",
        "date": "",
        "description": "",
        "sources": "",
        "id": "MzY6Mzc4NjNmOTE4NjZj",
        "publicId": "MzY6Mzc4NjNmOTE4NjZj",
        "sourceId": "37863f91866c",
        "layerId": 36,
        "type": "event",
        "status": "active",
        "urgency": null,
        "verificationTag": "verified",
        "expirationDate": null,
        "createdAt": "2026-04-13T11:27:51.764Z",
        "updatedAt": "2026-07-21T21:34:31.763Z"
      }
    },
    {
      "type": "Feature",
      "id": 93043,
      "geometry": {
        "type": "Point",
        "coordinates": [
          48.44716443982534,
          36.67492745281071
        ]
      },
      "properties": {
        "name:fa": "ایست بازرسی",
        "city": "زنجان",
        "province": "استان زنجان",
        "date": 1776089172,
        "description": "استقرار دوباره ایست بازرسی پس از توافق آتش بس",
        "sources": "",
        "id": "MzY6MGYyYmY1Njk1OTgy",
        "publicId": "MzY6MGYyYmY1Njk1OTgy",
        "sourceId": "0f2bf5695982",
        "layerId": 36,
        "type": "event",
        "status": "active",
        "urgency": null,
        "verificationTag": "not-verified",
        "expirationDate": null,
        "createdAt": "2026-04-14T20:51:51.855Z",
        "updatedAt": "2026-07-21T21:34:31.763Z"
      }
    },
    {
      "type": "Feature",
      "id": 93050,
      "geometry": {
        "type": "Point",
        "coordinates": [
          45.77400339580112,
          38.42925261384809
        ]
      },
      "properties": {
        "name:fa": "ایست بازرسی",
        "city": "مرند",
        "province": "استان آذربایجان شرقی",
        "date": 1776152441,
        "description": "",
        "sources": "",
        "id": "MzY6MWQ5OWNiYjMxNjc2",
        "publicId": "MzY6MWQ5OWNiYjMxNjc2",
        "sourceId": "1d99cbb31676",
        "layerId": 36,
        "type": "event",
        "status": "active",
        "urgency": null,
        "verificationTag": "not-verified",
        "expirationDate": null,
        "createdAt": "2026-04-14T21:40:30.032Z",
        "updatedAt": "2026-07-21T21:34:31.763Z"
      }
    },
    {
      "type": "Feature",
      "id": 93051,
      "geometry": {
        "type": "Point",
        "coordinates": [
          51.992471280147186,
          35.70711689041495
        ]
      },
      "properties": {
        "name:fa": "ایست و بازرسی",
        "city": "شهرستان دماوند",
        "province": "استان تهران",
        "date": 1776253820,
        "description": "ایست و بازرسی هست اکثر اوقات قبل خروجی. خیلی جای بدی هم هست چون سر پایینیه همه سرعت میگیرن اونجا",
        "sources": "",
        "id": "MzY6NDNjNjZiNDRiOTIz",
        "publicId": "MzY6NDNjNjZiNDRiOTIz",
        "sourceId": "43c66b44b923",
        "layerId": 36,
        "type": "event",
        "status": "active",
        "urgency": null,
        "verificationTag": "not-verified",
        "expirationDate": null,
        "createdAt": "2026-04-16T00:10:47.933Z",
        "updatedAt": "2026-07-21T21:34:31.763Z"
      }
    },
    {
      "type": "Feature",
      "id": 93052,
      "geometry": {
        "type": "Point",
        "coordinates": [
          48.47039263558193,
          36.68430506721421
        ]
      },
      "properties": {
        "name:fa": "ایست بازرسی",
        "city": "زنجان",
        "province": "استان زنجان",
        "date": 1776259379,
        "description": "استقرار دوباره ایست بازرسی پس از توافق آتش بس",
        "sources": "",
        "id": "MzY6ZTBkNjcxYzUxYTAy",
        "publicId": "MzY6ZTBkNjcxYzUxYTAy",
        "sourceId": "e0d671c51a02",
        "layerId": 36,
        "type": "event",
        "status": "active",
        "urgency": null,
        "verificationTag": "not-verified",
        "expirationDate": null,
        "createdAt": "2026-04-16T00:11:20.057Z",
        "updatedAt": "2026-07-21T21:34:31.763Z"
      }
    },
    {
      "type": "Feature",
      "id": 93054,
      "geometry": {
        "type": "Point",
        "coordinates": [
          48.487677635573164,
          36.67427606722748
        ]
      },
      "properties": {
        "name:fa": "ایست بازرسی",
        "city": "زنجان",
        "province": "استان زنجان",
        "date": 1776316606,
        "description": "استقرار دوباره ایست بازرسی پس از توافق آتش بس",
        "sources": "",
        "id": "MzY6NjMzOTAxODk4NzAw",
        "publicId": "MzY6NjMzOTAxODk4NzAw",
        "sourceId": "633901898700",
        "layerId": 36,
        "type": "event",
        "status": "active",
        "urgency": null,
        "verificationTag": "not-verified",
        "expirationDate": null,
        "createdAt": "2026-04-16T08:46:25.210Z",
        "updatedAt": "2026-07-21T21:34:31.763Z"
      }
    },
    {
      "type": "Feature",
      "id": 93056,
      "geometry": {
        "type": "Point",
        "coordinates": [
          51.39115095406518,
          35.70030776113613
        ]
      },
      "properties": {
        "name:fa": "ایست بازرسی",
        "city": "تهران",
        "province": "استان تهران",
        "date": 1776361364,
        "description": "ایست بازرسی همه رو هم بدون استثنا چک میکنن",
        "sources": "",
        "id": "MzY6MmVjNGM3NDI4NGZj",
        "publicId": "MzY6MmVjNGM3NDI4NGZj",
        "sourceId": "2ec4c74284fc",
        "layerId": 36,
        "type": "event",
        "status": "active",
        "urgency": null,
        "verificationTag": "not-verified",
        "expirationDate": null,
        "createdAt": "2026-04-18T01:41:18.914Z",
        "updatedAt": "2026-07-21T21:34:31.763Z"
      }
    },
    {
      "type": "Feature",
      "id": 93057,
      "geometry": {
        "type": "Point",
        "coordinates": [
          51.388503,
          35.63195
        ]
      },
      "properties": {
        "name:fa": "تجمع بسیجی ها",
        "city": "تهران",
        "province": "استان تهران",
        "date": 1776372606,
        "description": "تجمع و رجز خوانی بسیجی ها بطور شبانه",
        "sources": "",
        "id": "MzY6MDY2MTFlMTVhNDgx",
        "publicId": "MzY6MDY2MTFlMTVhNDgx",
        "sourceId": "06611e15a481",
        "layerId": 36,
        "type": "event",
        "status": "active",
        "urgency": null,
        "verificationTag": "not-verified",
        "expirationDate": null,
        "createdAt": "2026-04-18T01:41:35.904Z",
        "updatedAt": "2026-07-21T21:34:31.763Z"
      }
    },
    {
      "type": "Feature",
      "id": 93058,
      "geometry": {
        "type": "Point",
        "coordinates": [
          51.310846,
          35.754323
        ]
      },
      "properties": {
        "name:fa": "ایست بازرسی",
        "city": "تهران",
        "province": "استان تهران",
        "date": 1776386676,
        "description": "",
        "sources": "",
        "id": "MzY6Nzg1NDBhZGM2ZjFl",
        "publicId": "MzY6Nzg1NDBhZGM2ZjFl",
        "sourceId": "78540adc6f1e",
        "layerId": 36,
        "type": "event",
        "status": "active",
        "urgency": null,
        "verificationTag": "not-verified",
        "expirationDate": null,
        "createdAt": "2026-04-18T01:41:58.366Z",
        "updatedAt": "2026-07-21T21:34:31.763Z"
      }
    },
    {
      "type": "Feature",
      "id": 93059,
      "geometry": {
        "type": "Point",
        "coordinates": [
          51.310996,
          35.751985
        ]
      },
      "properties": {
        "name:fa": "ایست بازرسی",
        "city": "تهران",
        "province": "استان تهران",
        "date": 1776386572,
        "description": "ایست بازرسی",
        "sources": "",
        "id": "MzY6NmU3MzJjYjE0ZjEw",
        "publicId": "MzY6NmU3MzJjYjE0ZjEw",
        "sourceId": "6e732cb14f10",
        "layerId": 36,
        "type": "event",
        "status": "active",
        "urgency": null,
        "verificationTag": "not-verified",
        "expirationDate": null,
        "createdAt": "2026-04-18T01:42:10.983Z",
        "updatedAt": "2026-07-21T21:34:31.763Z"
      }
    },
    {
      "type": "Feature",
      "id": 93060,
      "geometry": {
        "type": "Point",
        "coordinates": [
          50.974025,
          35.802524
        ]
      },
      "properties": {
        "name:fa": "تجمع نیروهای لباس شخصی سپاه",
        "city": "کرج",
        "province": "استان البرز",
        "date": 1776398450,
        "description": "تجمع و استقرار نیروهای لباس شخصی سپاه",
        "sources": "",
        "id": "MzY6NzJkMDIxZDYwOTNh",
        "publicId": "MzY6NzJkMDIxZDYwOTNh",
        "sourceId": "72d021d6093a",
        "layerId": 36,
        "type": "event",
        "status": "active",
        "urgency": null,
        "verificationTag": "not-verified",
        "expirationDate": null,
        "createdAt": "2026-04-18T01:42:34.025Z",
        "updatedAt": "2026-07-21T21:34:31.763Z"
      }
    },
    {
      "type": "Feature",
      "id": 93066,
      "geometry": {
        "type": "Point",
        "coordinates": [
          50.86622116134197,
          34.715989745806155
        ]
      },
      "properties": {
        "name:fa": "ایست بازرسی",
        "description": "ایست بازرسی گذاشتن",
        "date": 1776619570,
        "city": "قم",
        "province": "استان قم",
        "id": "MzY6ZjIxYzljNTAxODVm",
        "publicId": "MzY6ZjIxYzljNTAxODVm",
        "sourceId": "f21c9c50185f",
        "layerId": 36,
        "type": "event",
        "status": "active",
        "urgency": null,
        "verificationTag": "not-verified",
        "expirationDate": null,
        "createdAt": "2026-04-20T17:44:00.601Z",
        "updatedAt": "2026-07-21T21:34:31.763Z"
      }
    },
    {
      "type": "Feature",
      "id": 93067,
      "geometry": {
        "type": "Point",
        "coordinates": [
          51.34780607737582,
          35.699082832710644
        ]
      },
      "properties": {
        "name:fa": "محل استقرار یگان موتوری",
        "description": "محل استقرار یگان موتوری",
        "date": 1776579941,
        "city": "تهران",
        "province": "استان تهران",
        "id": "MzY6ZTcwYWU1MTdlNmRj",
        "publicId": "MzY6ZTcwYWU1MTdlNmRj",
        "sourceId": "e70ae517e6dc",
        "layerId": 36,
        "type": "event",
        "status": "active",
        "urgency": null,
        "verificationTag": "not-verified",
        "expirationDate": null,
        "createdAt": "2026-04-20T17:44:00.778Z",
        "updatedAt": "2026-07-21T21:34:31.763Z"
      }
    },
    {
      "type": "Feature",
      "id": 93068,
      "geometry": {
        "type": "Point",
        "coordinates": [
          51.346578826745855,
          35.696195331434396
        ]
      },
      "properties": {
        "name:fa": "ایست بازرسی",
        "description": "ایست بازرسی محله استاد معین",
        "date": 1776579907,
        "city": "تهران",
        "province": "استان تهران",
        "id": "MzY6N2E5ZGI1MmQ3YTNi",
        "publicId": "MzY6N2E5ZGI1MmQ3YTNi",
        "sourceId": "7a9db52d7a3b",
        "layerId": 36,
        "type": "event",
        "status": "active",
        "urgency": null,
        "verificationTag": "not-verified",
        "expirationDate": null,
        "createdAt": "2026-04-20T17:44:00.934Z",
        "updatedAt": "2026-07-21T21:34:31.763Z"
      }
    },
    {
      "type": "Feature",
      "id": 93069,
      "geometry": {
        "type": "Point",
        "coordinates": [
          50.95404609103673,
          35.81347956866969
        ]
      },
      "properties": {
        "name:fa": "ایست بازرسی",
        "description": "ایست بازرسی نیروهای بسیج و سپاه",
        "date": 1776564427,
        "city": "کرج",
        "province": "استان البرز",
        "id": "MzY6OGY3Yzk1ZWIxOTJk",
        "publicId": "MzY6OGY3Yzk1ZWIxOTJk",
        "sourceId": "8f7c95eb192d",
        "layerId": 36,
        "type": "event",
        "status": "active",
        "urgency": null,
        "verificationTag": "not-verified",
        "expirationDate": null,
        "createdAt": "2026-04-20T17:44:01.065Z",
        "updatedAt": "2026-07-21T21:34:31.763Z"
      }
    },
    {
      "type": "Feature",
      "id": 93070,
      "geometry": {
        "type": "Point",
        "coordinates": [
          52.075281926965204,
          28.04372557684266
        ]
      },
      "properties": {
        "name:fa": "محل اسکان نیروی انتظامی",
        "description": "نیروی انتظامی شهر ریز - محل اسکان نفرات اداره گاز",
        "date": 1776504643,
        "city": "شهرستان جم",
        "province": "استان بوشهر",
        "id": "MzY6MDQ0MTJjNzNhZTZl",
        "publicId": "MzY6MDQ0MTJjNzNhZTZl",
        "sourceId": "04412c73ae6e",
        "layerId": 36,
        "type": "event",
        "status": "active",
        "urgency": null,
        "verificationTag": "not-verified",
        "expirationDate": null,
        "createdAt": "2026-04-20T17:44:01.213Z",
        "updatedAt": "2026-07-21T21:34:31.763Z"
      }
    },
    {
      "type": "Feature",
      "id": 93071,
      "geometry": {
        "type": "Point",
        "coordinates": [
          50.928435,
          35.842992
        ]
      },
      "properties": {
        "name:fa": "تجمع نیروهای لباس شخصی",
        "description": "تجمع و استقرار نیروهای لباس شخصی سپاه",
        "date": 1776398341,
        "city": "کرج",
        "province": "استان البرز",
        "id": "MzY6ZDFhNTM3ZTA1ZTkz",
        "publicId": "MzY6ZDFhNTM3ZTA1ZTkz",
        "sourceId": "d1a537e05e93",
        "layerId": 36,
        "type": "event",
        "status": "active",
        "urgency": null,
        "verificationTag": "not-verified",
        "expirationDate": null,
        "createdAt": "2026-04-20T17:44:01.327Z",
        "updatedAt": "2026-07-21T21:34:31.763Z"
      }
    },
    {
      "type": "Feature",
      "id": 93105,
      "geometry": {
        "type": "Point",
        "coordinates": [
          51.22029512040709,
          35.718285908118716
        ]
      },
      "properties": {
        "name:fa": "ایست و بازرسی",
        "city": "تهران",
        "province": "استان تهران",
        "date": 1776688151,
        "description": "ایست و بازرسی هر شب از ساعت ۸ شروع شده و باعث ایجاد ترافیک می شود و سوالات بی مورد از مردم می پرسند.",
        "sources": "",
        "id": "MzY6YTAzMTg3NDA5ZDY0",
        "publicId": "MzY6YTAzMTg3NDA5ZDY0",
        "sourceId": "a03187409d64",
        "layerId": 36,
        "type": "event",
        "status": "active",
        "urgency": null,
        "verificationTag": "not-verified",
        "expirationDate": null,
        "createdAt": "2026-04-20T18:06:38.642Z",
        "updatedAt": "2026-07-21T21:34:31.763Z"
      }
    },
    {
      "type": "Feature",
      "id": 93106,
      "geometry": {
        "type": "Point",
        "coordinates": [
          48.5310501036692,
          36.681550243202565
        ]
      },
      "properties": {
        "name:fa": "ایست بازرسی",
        "description": "ایست بازرسی بسیج و سپاه در شهرک زیباشهر",
        "date": 1776799036,
        "city": "زنجان",
        "province": "استان زنجان",
        "id": "MzY6YjYzNzUwYWNiYWU2",
        "publicId": "MzY6YjYzNzUwYWNiYWU2",
        "sourceId": "b63750acbae6",
        "layerId": 36,
        "type": "event",
        "status": "active",
        "urgency": null,
        "verificationTag": "not-verified",
        "expirationDate": null,
        "createdAt": "2026-04-22T20:47:03.872Z",
        "updatedAt": "2026-07-21T21:34:31.763Z"
      }
    },
    {
      "type": "Feature",
      "id": 93107,
      "geometry": {
        "type": "Point",
        "coordinates": [
          48.475745111464676,
          36.69456910359503
        ]
      },
      "properties": {
        "name:fa": "ایست بازرسی بسیج",
        "description": "ایست بازرسی بسیج در بلوار عاصم زنجانی از اواسط ماه فروردین عصر ها تا شب",
        "date": 1776798853,
        "city": "زنجان",
        "province": "استان زنجان",
        "id": "MzY6MjJjM2M1MjJmM2Q4",
        "publicId": "MzY6MjJjM2M1MjJmM2Q4",
        "sourceId": "22c3c522f3d8",
        "layerId": 36,
        "type": "event",
        "status": "active",
        "urgency": null,
        "verificationTag": "not-verified",
        "expirationDate": null,
        "createdAt": "2026-04-22T20:47:04.047Z",
        "updatedAt": "2026-07-21T21:34:31.763Z"
      }
    },
    {
      "type": "Feature",
      "id": 93113,
      "geometry": {
        "type": "Point",
        "coordinates": [
          50.98486294057287,
          29.198423362857895
        ]
      },
      "properties": {
        "name:fa": "تردد ماشین",
        "description": "تردد ماشین نظامی",
        "date": 1776750310,
        "city": "شهرستان بوشهر",
        "province": "استان بوشهر",
        "id": "MzY6NTcxZjliMWI1M2Jm",
        "publicId": "MzY6NTcxZjliMWI1M2Jm",
        "sourceId": "571f9b1b53bf",
        "layerId": 36,
        "type": "event",
        "status": "active",
        "urgency": null,
        "verificationTag": "not-verified",
        "expirationDate": null,
        "createdAt": "2026-04-22T20:55:22.616Z",
        "updatedAt": "2026-07-21T21:34:31.763Z"
      }
    },
    {
      "type": "Feature",
      "id": 93115,
      "geometry": {
        "type": "Point",
        "coordinates": [
          53.53868279969052,
          35.60858642994714
        ]
      },
      "properties": {
        "name:fa": "گشت",
        "description": "اینجا چند وقته ماشین های نظامی خیلی رفت و آمد میکنه \nنمیدونم چه خبره ولی فکر کنم نیرو داخلش هست",
        "date": 1776852226,
        "city": "شهرستان سمنان",
        "province": "استان سمنان",
        "id": "MzY6MTcyNjRjYjdmMWQ3",
        "publicId": "MzY6MTcyNjRjYjdmMWQ3",
        "sourceId": "17264cb7f1d7",
        "layerId": 36,
        "type": "event",
        "status": "active",
        "urgency": null,
        "verificationTag": "not-verified",
        "expirationDate": null,
        "createdAt": "2026-04-22T20:58:49.247Z",
        "updatedAt": "2026-07-21T21:34:31.763Z"
      }
    },
    {
      "type": "Feature",
      "id": 93116,
      "geometry": {
        "type": "Point",
        "coordinates": [
          51.554094684052444,
          35.79566996842273
        ]
      },
      "properties": {
        "name:fa": "گشت",
        "description": "گشت نیروی انتظامی بود فکر میکنم کلانتری قائم یا اون دفتر کلانتری وسط راه انتهای بلوار ارتش تا میدان بالا، ۲تا تویوتا هایلوکس، یک سمند، ماشین های شخصیشونم پایینتر پارک کرده بودن، ساعت حدود ۱ یا ۲ بامداد\n۲تا درجه دار بودن و ۳تا سرباز بدبخت تو سرما\nتقریبا ۶ روز پیش، ولی مشخص بود اونجا موندنی شدن وسایلشونو ثابت بود حتی بلوکه داشتن",
        "date": 1776605476,
        "city": "شهرستان تهران",
        "province": "استان تهران",
        "id": "MzY6ZTc5MzhhOGJmOTJj",
        "publicId": "MzY6ZTc5MzhhOGJmOTJj",
        "sourceId": "e7938a8bf92c",
        "layerId": 36,
        "type": "event",
        "status": "active",
        "urgency": null,
        "verificationTag": "not-verified",
        "expirationDate": null,
        "createdAt": "2026-04-22T20:58:49.457Z",
        "updatedAt": "2026-07-21T21:34:31.763Z"
      }
    },
    {
      "type": "Feature",
      "id": 93117,
      "geometry": {
        "type": "Point",
        "coordinates": [
          51.34721167264857,
          35.69911231504635
        ]
      },
      "properties": {
        "name:fa": "گشت",
        "description": "اینجا یدونه کانکس پلیس گذاشتن . فکر کنم به خاطر اینه دیگه جا ندارن دارن کلانتری خارو تبدیل میکنن به کانکس",
        "date": 1776583462,
        "city": "تهران",
        "province": "استان تهران",
        "id": "MzY6Y2E3MTk4Njc4OTQz",
        "publicId": "MzY6Y2E3MTk4Njc4OTQz",
        "sourceId": "ca7198678943",
        "layerId": 36,
        "type": "event",
        "status": "active",
        "urgency": null,
        "verificationTag": "not-verified",
        "expirationDate": null,
        "createdAt": "2026-04-22T20:58:49.606Z",
        "updatedAt": "2026-07-21T21:34:31.763Z"
      }
    },
    {
      "type": "Feature",
      "id": 93118,
      "geometry": {
        "type": "Point",
        "coordinates": [
          48.54350875297757,
          36.669761561804634
        ]
      },
      "properties": {
        "name:fa": "ایست بازرسی سپاه",
        "description": "ایست بازرسی سپاه پاستور غربی مجاور پارک گلشهر",
        "date": 1776923212,
        "city": "زنجان",
        "province": "استان زنجان",
        "id": "MzY6YzU5NjFlYzgzZjAx",
        "publicId": "MzY6YzU5NjFlYzgzZjAx",
        "sourceId": "c5961ec83f01",
        "layerId": 36,
        "type": "event",
        "status": "active",
        "urgency": null,
        "verificationTag": "not-verified",
        "expirationDate": null,
        "createdAt": "2026-04-24T21:14:08.779Z",
        "updatedAt": "2026-07-21T21:34:31.763Z"
      }
    },
    {
      "type": "Feature",
      "id": 93119,
      "geometry": {
        "type": "Point",
        "coordinates": [
          48.47598987813353,
          36.71088693831666
        ]
      },
      "properties": {
        "name:fa": "ایست بازرسی سپاه",
        "description": "ایست بازرسی سپاه اول جاده تهم و جارچی، جاده بین دوتپه هست که بالای تپه ها مسلسل گذاشتن",
        "date": 1776923127,
        "city": "شهرستان زنجان",
        "province": "استان زنجان",
        "id": "MzY6OWExOGQ2MzdlY2Fj",
        "publicId": "MzY6OWExOGQ2MzdlY2Fj",
        "sourceId": "9a18d637ecac",
        "layerId": 36,
        "type": "event",
        "status": "active",
        "urgency": null,
        "verificationTag": "not-verified",
        "expirationDate": null,
        "createdAt": "2026-04-24T21:14:08.962Z",
        "updatedAt": "2026-07-21T21:34:31.763Z"
      }
    },
    {
      "type": "Feature",
      "id": 93120,
      "geometry": {
        "type": "Point",
        "coordinates": [
          51.289214,
          35.764317
        ]
      },
      "properties": {
        "name:fa": "ایست بازرسی",
        "description": "ایست بازرسی روزانه هست",
        "date": 1777242587,
        "city": "تهران",
        "province": "استان تهران",
        "id": "MzY6ZmQxYjYwMTVhMTQ0",
        "publicId": "MzY6ZmQxYjYwMTVhMTQ0",
        "sourceId": "fd1b6015a144",
        "layerId": 36,
        "type": "event",
        "status": "active",
        "urgency": null,
        "verificationTag": "not-verified",
        "expirationDate": null,
        "createdAt": "2026-04-27T21:25:17.909Z",
        "updatedAt": "2026-07-21T21:34:31.763Z"
      }
    },
    {
      "type": "Feature",
      "id": 93121,
      "geometry": {
        "type": "Point",
        "coordinates": [
          46.233545906416566,
          38.07232871110176
        ]
      },
      "properties": {
        "name:fa": "تجمع نیروهای ضد شورش",
        "description": "محل تجمع مزدوران و نیروهای نظامی ضد شورش در زیر پل",
        "date": 1777225064,
        "city": "تبریز",
        "province": "استان آذربایجان شرقی",
        "id": "MzY6ZmQ5ZDIwZDQ1YTE1",
        "publicId": "MzY6ZmQ5ZDIwZDQ1YTE1",
        "sourceId": "fd9d20d45a15",
        "layerId": 36,
        "type": "event",
        "status": "active",
        "urgency": null,
        "verificationTag": "not-verified",
        "expirationDate": null,
        "createdAt": "2026-04-27T21:25:18.095Z",
        "updatedAt": "2026-07-21T21:34:31.763Z"
      }
    },
    {
      "type": "Feature",
      "id": 93140,
      "geometry": {
        "type": "Point",
        "coordinates": [
          47.42086452886545,
          32.991090542572934
        ]
      },
      "properties": {
        "name:fa": "محل تجمع",
        "description": "محل تجمع نیروهای سرکوب",
        "date": 1777663164,
        "city": "آبدانان",
        "province": "استان ایلام",
        "id": "MzY6M2QyNjc3YjU1Yzk5",
        "publicId": "MzY6M2QyNjc3YjU1Yzk5",
        "sourceId": "3d2677b55c99",
        "layerId": 36,
        "type": "event",
        "status": "active",
        "urgency": null,
        "verificationTag": "not-verified",
        "expirationDate": null,
        "createdAt": "2026-05-02T01:00:06.832Z",
        "updatedAt": "2026-07-21T21:34:31.763Z"
      }
    },
    {
      "type": "Feature",
      "id": 93141,
      "geometry": {
        "type": "Point",
        "coordinates": [
          50.981785128289005,
          35.82911349150541
        ]
      },
      "properties": {
        "name:fa": "تجمع نیروی انتظامی",
        "description": "محل تجمع نیروی انتظامی و سرکوب از ترس زدن پاسگاه",
        "date": 1777640837,
        "city": "کرج",
        "province": "استان البرز",
        "id": "MzY6YzkwNjI3ZmU2OThh",
        "publicId": "MzY6YzkwNjI3ZmU2OThh",
        "sourceId": "c90627fe698a",
        "layerId": 36,
        "type": "event",
        "status": "active",
        "urgency": null,
        "verificationTag": "not-verified",
        "expirationDate": null,
        "createdAt": "2026-05-02T01:00:06.994Z",
        "updatedAt": "2026-07-21T21:34:31.763Z"
      }
    },
    {
      "type": "Feature",
      "id": 93143,
      "geometry": {
        "type": "Point",
        "coordinates": [
          51.35791581581938,
          35.686549504549944
        ]
      },
      "properties": {
        "name:fa": "ایست و بازرسی بسیج",
        "description": "ایست و بازرسی بسیج",
        "date": 1777632683,
        "city": "تهران",
        "province": "استان تهران",
        "id": "MzY6ODA5ZmJhYzRkN2Jk",
        "publicId": "MzY6ODA5ZmJhYzRkN2Jk",
        "sourceId": "809fbac4d7bd",
        "layerId": 36,
        "type": "event",
        "status": "active",
        "urgency": null,
        "verificationTag": "not-verified",
        "expirationDate": null,
        "createdAt": "2026-05-02T01:00:07.269Z",
        "updatedAt": "2026-07-21T21:34:31.763Z"
      }
    },
    {
      "type": "Feature",
      "id": 93144,
      "geometry": {
        "type": "Point",
        "coordinates": [
          51.360444235235576,
          35.68679630234813
        ]
      },
      "properties": {
        "name:fa": "ایست و بازرسی بسیج",
        "description": "ایست و بازرسی بسیج",
        "date": 1777630079,
        "city": "تهران",
        "province": "استان تهران",
        "id": "MzY6ODBmYTBkYmI0NjY0",
        "publicId": "MzY6ODBmYTBkYmI0NjY0",
        "sourceId": "80fa0dbb4664",
        "layerId": 36,
        "type": "event",
        "status": "active",
        "urgency": null,
        "verificationTag": "not-verified",
        "expirationDate": null,
        "createdAt": "2026-05-02T01:00:07.399Z",
        "updatedAt": "2026-07-21T21:34:31.763Z"
      }
    },
    {
      "type": "Feature",
      "id": 93145,
      "geometry": {
        "type": "Point",
        "coordinates": [
          51.399874,
          35.647772
        ]
      },
      "properties": {
        "name:fa": "تجمع در شهرداری ناحیه ۲",
        "description": "شهرداری ناحیه ۲ منطقه ۱۶ محل تجمع نیروهای حکومتی",
        "date": 1777629691,
        "city": "تهران",
        "province": "استان تهران",
        "id": "MzY6NzY0ZjlhMGYyODVh",
        "publicId": "MzY6NzY0ZjlhMGYyODVh",
        "sourceId": "764f9a0f285a",
        "layerId": 36,
        "type": "event",
        "status": "active",
        "urgency": null,
        "verificationTag": "not-verified",
        "expirationDate": null,
        "createdAt": "2026-05-02T01:00:07.533Z",
        "updatedAt": "2026-07-21T21:34:31.763Z"
      }
    },
    {
      "type": "Feature",
      "id": 93146,
      "geometry": {
        "type": "Point",
        "coordinates": [
          51.39802040952074,
          35.7092076647525
        ]
      },
      "properties": {
        "name:fa": "ایست و بازرسی",
        "description": "ایست و بازرسی بسیج و سپاه",
        "date": 1777629491,
        "city": "تهران",
        "province": "استان تهران",
        "id": "MzY6NjdiMGQ5NDJmYTc2",
        "publicId": "MzY6NjdiMGQ5NDJmYTc2",
        "sourceId": "67b0d942fa76",
        "layerId": 36,
        "type": "event",
        "status": "active",
        "urgency": null,
        "verificationTag": "not-verified",
        "expirationDate": null,
        "createdAt": "2026-05-02T01:00:07.656Z",
        "updatedAt": "2026-07-21T21:34:31.763Z"
      }
    },
    {
      "type": "Feature",
      "id": 93149,
      "geometry": {
        "type": "Point",
        "coordinates": [
          51.37831432695839,
          35.69732221121846
        ]
      },
      "properties": {
        "name:fa": "ایست و بازرسی بسیج",
        "description": "ایست و بازرسی بسیج",
        "date": 1777627800,
        "city": "تهران",
        "province": "استان تهران",
        "id": "MzY6NzhmMjM0NmI3NjAx",
        "publicId": "MzY6NzhmMjM0NmI3NjAx",
        "sourceId": "78f2346b7601",
        "layerId": 36,
        "type": "event",
        "status": "active",
        "urgency": null,
        "verificationTag": "not-verified",
        "expirationDate": null,
        "createdAt": "2026-05-02T01:00:07.985Z",
        "updatedAt": "2026-07-21T21:34:31.763Z"
      }
    },
    {
      "type": "Feature",
      "id": 93150,
      "geometry": {
        "type": "Point",
        "coordinates": [
          51.37846561730308,
          35.69619700539637
        ]
      },
      "properties": {
        "name:fa": "ایست و بازرسی بسیج",
        "description": "ایست و بازرسی حوزه بسیج ۲۱۳ فتح",
        "date": 1777627781,
        "city": "تهران",
        "province": "استان تهران",
        "id": "MzY6YWY0OGVkYzljMTZk",
        "publicId": "MzY6YWY0OGVkYzljMTZk",
        "sourceId": "af48edc9c16d",
        "layerId": 36,
        "type": "event",
        "status": "active",
        "urgency": null,
        "verificationTag": "not-verified",
        "expirationDate": null,
        "createdAt": "2026-05-02T01:00:08.088Z",
        "updatedAt": "2026-07-21T21:34:31.763Z"
      }
    },
    {
      "type": "Feature",
      "id": 93151,
      "geometry": {
        "type": "Point",
        "coordinates": [
          51.37747006493339,
          35.69664687893983
        ]
      },
      "properties": {
        "name:fa": "ایست و بازرسی بسیج",
        "description": "ایست و بازرسی حوزه بسیج ۲۱۳ فتح",
        "date": 1777627755,
        "city": "تهران",
        "province": "استان تهران",
        "id": "MzY6NzQ4ZjJiNDEzY2My",
        "publicId": "MzY6NzQ4ZjJiNDEzY2My",
        "sourceId": "748f2b413cc2",
        "layerId": 36,
        "type": "event",
        "status": "active",
        "urgency": null,
        "verificationTag": "not-verified",
        "expirationDate": null,
        "createdAt": "2026-05-02T01:00:08.193Z",
        "updatedAt": "2026-07-21T21:34:31.763Z"
      }
    },
    {
      "type": "Feature",
      "id": 93154,
      "geometry": {
        "type": "Point",
        "coordinates": [
          51.4714102861947,
          35.723273957957275
        ]
      },
      "properties": {
        "name:fa": "استقرار نیروهای سپاه و بسیج",
        "description": "نیروهای سرکوب گر سپاه و بسیج اینجا استقرار دارند.",
        "date": 1777901510,
        "city": "تهران",
        "province": "استان تهران",
        "id": "MzY6ZjZiYjgwN2VjYzk4",
        "publicId": "MzY6ZjZiYjgwN2VjYzk4",
        "sourceId": "f6bb807ecc98",
        "layerId": 36,
        "type": "event",
        "status": "active",
        "urgency": null,
        "verificationTag": "not-verified",
        "expirationDate": null,
        "createdAt": "2026-05-04T18:39:48.001Z",
        "updatedAt": "2026-07-21T21:34:31.763Z"
      }
    },
    {
      "type": "Feature",
      "id": 93155,
      "geometry": {
        "type": "Point",
        "coordinates": [
          51.4853095334978,
          35.73185366806845
        ]
      },
      "properties": {
        "name:fa": "استقرار نیروهای سپاه",
        "description": "کلی نیرو و موتورهای سپاه در این مکان مستقر شدن و همیشه هستن. دوره یه آلاچیق رو گونی کشیدن که داخلش دیده نشه و اون تو هستن",
        "date": 1777901254,
        "city": "تهران",
        "province": "استان تهران",
        "id": "MzY6Y2I4MmRiZGZjNDFk",
        "publicId": "MzY6Y2I4MmRiZGZjNDFk",
        "sourceId": "cb82dbdfc41d",
        "layerId": 36,
        "type": "event",
        "status": "active",
        "urgency": null,
        "verificationTag": "not-verified",
        "expirationDate": null,
        "createdAt": "2026-05-04T18:39:48.167Z",
        "updatedAt": "2026-07-21T21:34:31.763Z"
      }
    },
    {
      "type": "Feature",
      "id": 93156,
      "geometry": {
        "type": "Point",
        "coordinates": [
          48.35084854233813,
          33.4443102797635
        ]
      },
      "properties": {
        "name:fa": "رفت و آمد بسیج",
        "description": "رفت و آمد های بسیجیا اینجا خیلی زیاده سر درش هم نوشته حوزه بسیج",
        "date": 1777808933,
        "city": "خرم آباد",
        "province": "استان لرستان",
        "id": "MzY6ZGVlZTUyZTk4MDcy",
        "publicId": "MzY6ZGVlZTUyZTk4MDcy",
        "sourceId": "deee52e98072",
        "layerId": 36,
        "type": "event",
        "status": "active",
        "urgency": null,
        "verificationTag": "not-verified",
        "expirationDate": null,
        "createdAt": "2026-05-04T18:39:48.307Z",
        "updatedAt": "2026-07-21T21:34:31.763Z"
      }
    },
    {
      "type": "Feature",
      "id": 93157,
      "geometry": {
        "type": "Point",
        "coordinates": [
          49.600477,
          37.29156
        ]
      },
      "properties": {
        "name:fa": "تجمع",
        "description": "تجمع",
        "date": 1777644061,
        "city": "رشت",
        "province": "استان گیلان",
        "id": "MzY6YmQzMjZlYTVmNGVi",
        "publicId": "MzY6YmQzMjZlYTVmNGVi",
        "sourceId": "bd326ea5f4eb",
        "layerId": 36,
        "type": "event",
        "status": "active",
        "urgency": null,
        "verificationTag": "not-verified",
        "expirationDate": null,
        "createdAt": "2026-05-04T18:39:48.430Z",
        "updatedAt": "2026-07-21T21:34:31.763Z"
      }
    },
    {
      "type": "Feature",
      "id": 93211,
      "geometry": {
        "type": "Point",
        "coordinates": [
          51.40236013879573,
          35.710149412629946
        ]
      },
      "properties": {
        "name:fa": "ایست و بازرسی بسیج و ناجا",
        "description": "ایست و بازرسی بسیج و ناجا",
        "date": 1777629378,
        "city": "تهران",
        "province": "استان تهران",
        "id": "MzY6YzBiN2RiNzUzOTcz",
        "publicId": "MzY6YzBiN2RiNzUzOTcz",
        "sourceId": "c0b7db753973",
        "layerId": 36,
        "type": "event",
        "status": "active",
        "urgency": null,
        "verificationTag": "not-verified",
        "expirationDate": null,
        "createdAt": "2026-05-05T01:08:09.186Z",
        "updatedAt": "2026-07-21T21:34:31.763Z"
      }
    },
    {
      "type": "Feature",
      "id": 93216,
      "geometry": {
        "type": "Point",
        "coordinates": [
          50.33544463558428,
          35.031440068629806
        ]
      },
      "properties": {
        "name:fa": "تجمع بسیج",
        "description": "محل تجمع نیروهای بسیج و سرکوب",
        "date": 1778070174,
        "city": "ساوه",
        "province": "استان مرکزی",
        "id": "MzY6MjVjYjI5N2VmMzAz",
        "publicId": "MzY6MjVjYjI5N2VmMzAz",
        "sourceId": "25cb297ef303",
        "layerId": 36,
        "type": "event",
        "status": "active",
        "urgency": null,
        "verificationTag": "not-verified",
        "expirationDate": null,
        "createdAt": "2026-05-06T20:46:35.071Z",
        "updatedAt": "2026-07-21T21:34:31.763Z"
      }
    },
    {
      "type": "Feature",
      "id": 93217,
      "geometry": {
        "type": "Point",
        "coordinates": [
          61.098282521768596,
          35.68751001396787
        ]
      },
      "properties": {
        "name:fa": "محل تردد بسیج",
        "description": "محل اختفای نیرو های بسیجی شهر. نمیدونم دارن چیکار میکنن ولی خیلی داخلش رفت آمد هست",
        "date": 1778068602,
        "city": "صالح‌آباد",
        "province": "استان خراسان رضوی",
        "id": "MzY6NDQyMjAxMTAyNGVi",
        "publicId": "MzY6NDQyMjAxMTAyNGVi",
        "sourceId": "4422011024eb",
        "layerId": 36,
        "type": "event",
        "status": "active",
        "urgency": null,
        "verificationTag": "not-verified",
        "expirationDate": null,
        "createdAt": "2026-05-06T20:46:35.216Z",
        "updatedAt": "2026-07-21T21:34:31.763Z"
      }
    },
    {
      "type": "Feature",
      "id": 93218,
      "geometry": {
        "type": "Point",
        "coordinates": [
          50.890484,
          34.654118
        ]
      },
      "properties": {
        "name:fa": "تردد مشکوک",
        "description": "سازمان قضایی نیروهای مسلح - ترددهای مشکوک",
        "date": 1777985519,
        "city": "قم",
        "province": "استان قم",
        "id": "MzY6NTIxNmU1YjU5YzYw",
        "publicId": "MzY6NTIxNmU1YjU5YzYw",
        "sourceId": "5216e5b59c60",
        "layerId": 36,
        "type": "event",
        "status": "active",
        "urgency": null,
        "verificationTag": "not-verified",
        "expirationDate": null,
        "createdAt": "2026-05-06T20:46:35.354Z",
        "updatedAt": "2026-07-21T21:34:31.763Z"
      }
    },
    {
      "type": "Feature",
      "id": 93239,
      "geometry": {
        "type": "Point",
        "coordinates": [
          45.10565727608548,
          39.21915146206976
        ]
      },
      "properties": {
        "name:fa": "تجمع نیروهای سرکوب",
        "description": "مکان نظامی تجمع نیرو های سرکوب",
        "date": 1779098301,
        "city": "شهرستان پلدشت",
        "province": "استان آذربایجان غربی",
        "id": "MzY6ZjMxM2ZhMGRiMmQ4",
        "publicId": "MzY6ZjMxM2ZhMGRiMmQ4",
        "sourceId": "f313fa0db2d8",
        "layerId": 36,
        "type": "event",
        "status": "active",
        "urgency": null,
        "verificationTag": "not-verified",
        "expirationDate": null,
        "createdAt": "2026-05-18T16:49:27.858Z",
        "updatedAt": "2026-07-21T21:34:31.763Z"
      }
    },
    {
      "type": "Feature",
      "id": 93240,
      "geometry": {
        "type": "Point",
        "coordinates": [
          51.302556,
          35.774482
        ]
      },
      "properties": {
        "name:fa": "محل استراحت نیروها",
        "description": "محل استراحت نیرو های یگان و بسیج",
        "date": 1779090893,
        "city": "تهران",
        "province": "استان تهران",
        "id": "MzY6ZjU0Y2Q4ODBkMWZi",
        "publicId": "MzY6ZjU0Y2Q4ODBkMWZi",
        "sourceId": "f54cd880d1fb",
        "layerId": 36,
        "type": "event",
        "status": "active",
        "urgency": null,
        "verificationTag": "not-verified",
        "expirationDate": null,
        "createdAt": "2026-05-18T16:49:28.029Z",
        "updatedAt": "2026-07-21T21:34:31.763Z"
      }
    },
    {
      "type": "Feature",
      "id": 93242,
      "geometry": {
        "type": "Point",
        "coordinates": [
          51.313243,
          35.778504
        ]
      },
      "properties": {
        "name:fa": "ایست بازرسی بسیج",
        "description": "خیابان سیمون بلوار اکثر مواقع ایست بازرسی بسیج میگذارند",
        "date": 1779089948,
        "city": "تهران",
        "province": "استان تهران",
        "id": "MzY6YTZiNDMzNmYwZDgy",
        "publicId": "MzY6YTZiNDMzNmYwZDgy",
        "sourceId": "a6b4336f0d82",
        "layerId": 36,
        "type": "event",
        "status": "active",
        "urgency": null,
        "verificationTag": "not-verified",
        "expirationDate": null,
        "createdAt": "2026-05-18T16:49:28.324Z",
        "updatedAt": "2026-07-21T21:34:31.763Z"
      }
    },
    {
      "type": "Feature",
      "id": 93243,
      "geometry": {
        "type": "Point",
        "coordinates": [
          46.227304635579,
          38.05731006600294
        ]
      },
      "properties": {
        "name:fa": "محل تجمع نیروهای سرکوب",
        "description": "محل تجمع نیرو های سرکوب بعد از اینکه پادگانشونو با خاک یکسان کردن",
        "date": 1779043601,
        "city": "تبریز",
        "province": "استان آذربایجان شرقی",
        "id": "MzY6ZDYzOWZhMDc1ZTUy",
        "publicId": "MzY6ZDYzOWZhMDc1ZTUy",
        "sourceId": "d639fa075e52",
        "layerId": 36,
        "type": "event",
        "status": "active",
        "urgency": null,
        "verificationTag": "not-verified",
        "expirationDate": null,
        "createdAt": "2026-05-18T16:49:28.466Z",
        "updatedAt": "2026-07-21T21:34:31.763Z"
      }
    },
    {
      "type": "Feature",
      "id": 93244,
      "geometry": {
        "type": "Point",
        "coordinates": [
          51.34417854232899,
          35.73122027217285
        ]
      },
      "properties": {
        "name:fa": "استقرار نوپو",
        "description": "یه ماشین نوپو سر این خیابون هست همیشه",
        "date": 1779031064,
        "city": "تهران",
        "province": "استان تهران",
        "id": "MzY6ZTFmMDM0NzcxMTM0",
        "publicId": "MzY6ZTFmMDM0NzcxMTM0",
        "sourceId": "e1f034771134",
        "layerId": 36,
        "type": "event",
        "status": "active",
        "urgency": null,
        "verificationTag": "not-verified",
        "expirationDate": null,
        "createdAt": "2026-05-18T16:49:28.598Z",
        "updatedAt": "2026-07-21T21:34:31.763Z"
      }
    },
    {
      "type": "Feature",
      "id": 93245,
      "geometry": {
        "type": "Point",
        "coordinates": [
          51.43675699522478,
          35.77508656583424
        ]
      },
      "properties": {
        "name:fa": "ایست بازرسی",
        "description": "ایست بازرسی",
        "date": 1778966484,
        "city": "تهران",
        "province": "استان تهران",
        "id": "MzY6MGExMjIwZjFlMjAw",
        "publicId": "MzY6MGExMjIwZjFlMjAw",
        "sourceId": "0a1220f1e200",
        "layerId": 36,
        "type": "event",
        "status": "active",
        "urgency": null,
        "verificationTag": "not-verified",
        "expirationDate": null,
        "createdAt": "2026-05-18T16:49:28.719Z",
        "updatedAt": "2026-07-21T21:34:31.763Z"
      }
    },
    {
      "type": "Feature",
      "id": 93246,
      "geometry": {
        "type": "Point",
        "coordinates": [
          51.571253798063736,
          35.805213334053136
        ]
      },
      "properties": {
        "name:fa": "ایست بازرسی",
        "description": "ایست بازرسی",
        "date": 1778966387,
        "city": "شهرستان شمیرانات",
        "province": "استان تهران",
        "id": "MzY6M2ZhZjFjZDFkODQ2",
        "publicId": "MzY6M2ZhZjFjZDFkODQ2",
        "sourceId": "3faf1cd1d846",
        "layerId": 36,
        "type": "event",
        "status": "active",
        "urgency": null,
        "verificationTag": "not-verified",
        "expirationDate": null,
        "createdAt": "2026-05-18T16:49:28.846Z",
        "updatedAt": "2026-07-21T21:34:31.763Z"
      }
    },
    {
      "type": "Feature",
      "id": 93247,
      "geometry": {
        "type": "Point",
        "coordinates": [
          51.527127924643224,
          35.89299892299428
        ]
      },
      "properties": {
        "name:fa": "ایست بازرسی",
        "description": "ایست بازرسی",
        "date": 1778966326,
        "city": "اوشان",
        "province": "استان تهران",
        "id": "MzY6MWJhMzRmNTU0ZWY3",
        "publicId": "MzY6MWJhMzRmNTU0ZWY3",
        "sourceId": "1ba34f554ef7",
        "layerId": 36,
        "type": "event",
        "status": "active",
        "urgency": null,
        "verificationTag": "not-verified",
        "expirationDate": null,
        "createdAt": "2026-05-18T16:49:28.969Z",
        "updatedAt": "2026-07-21T21:34:31.763Z"
      }
    },
    {
      "type": "Feature",
      "id": 93248,
      "geometry": {
        "type": "Point",
        "coordinates": [
          51.581494924202644,
          35.8180067987459
        ]
      },
      "properties": {
        "name:fa": "ایست بازرسی",
        "description": "ایست بازرسی",
        "date": 1778966272,
        "city": "شهرستان شمیرانات",
        "province": "استان تهران",
        "id": "MzY6MTMxYTUxOWExZmYz",
        "publicId": "MzY6MTMxYTUxOWExZmYz",
        "sourceId": "131a519a1ff3",
        "layerId": 36,
        "type": "event",
        "status": "active",
        "urgency": null,
        "verificationTag": "not-verified",
        "expirationDate": null,
        "createdAt": "2026-05-18T16:49:29.099Z",
        "updatedAt": "2026-07-21T21:34:31.763Z"
      }
    },
    {
      "type": "Feature",
      "id": 93249,
      "geometry": {
        "type": "Point",
        "coordinates": [
          51.58030138414867,
          35.81560546776991
        ]
      },
      "properties": {
        "name:fa": "ایست بازرسی",
        "description": "ایست بازرسی",
        "date": 1778966237,
        "city": "شهرستان شمیرانات",
        "province": "استان تهران",
        "id": "MzY6MDJlNjY1NmExNzUz",
        "publicId": "MzY6MDJlNjY1NmExNzUz",
        "sourceId": "02e6656a1753",
        "layerId": 36,
        "type": "event",
        "status": "active",
        "urgency": null,
        "verificationTag": "not-verified",
        "expirationDate": null,
        "createdAt": "2026-05-18T16:49:29.224Z",
        "updatedAt": "2026-07-21T21:34:31.763Z"
      }
    },
    {
      "type": "Feature",
      "id": 93250,
      "geometry": {
        "type": "Point",
        "coordinates": [
          51.612325635578486,
          32.672161070561216
        ]
      },
      "properties": {
        "name:fa": "تردد نظامی",
        "description": "از این مکان دو تا کامیون نظامی پر از پهپاد اومد بیرون",
        "date": 1778333425,
        "city": "اصفهان",
        "province": "استان اصفهان",
        "id": "MzY6MmFhMzI3YzgzODc5",
        "publicId": "MzY6MmFhMzI3YzgzODc5",
        "sourceId": "2aa327c83879",
        "layerId": 36,
        "type": "event",
        "status": "active",
        "urgency": null,
        "verificationTag": "not-verified",
        "expirationDate": null,
        "createdAt": "2026-05-18T16:49:29.342Z",
        "updatedAt": "2026-07-21T21:34:31.763Z"
      }
    },
    {
      "type": "Feature",
      "id": 93251,
      "geometry": {
        "type": "Point",
        "coordinates": [
          50.98676,
          35.848636
        ]
      },
      "properties": {
        "name:fa": "ایست بازرسی",
        "description": "ایست بازرسی",
        "date": 1778269363,
        "city": "کرج",
        "province": "استان البرز",
        "id": "MzY6NzNjMmNkNzhlZTYy",
        "publicId": "MzY6NzNjMmNkNzhlZTYy",
        "sourceId": "73c2cd78ee62",
        "layerId": 36,
        "type": "event",
        "status": "active",
        "urgency": null,
        "verificationTag": "not-verified",
        "expirationDate": null,
        "createdAt": "2026-05-18T16:49:29.462Z",
        "updatedAt": "2026-07-21T21:34:31.763Z"
      }
    },
    {
      "type": "Feature",
      "id": 93252,
      "geometry": {
        "type": "Point",
        "coordinates": [
          51.42452719184283,
          35.71952447927737
        ]
      },
      "properties": {
        "name:fa": "رفت و آمد سپاهی و بسیجی",
        "description": "خانه بی نام و نشان با نگهبانی ۲۴ ساعته و رفت و آمد نیرو های سپاهی و بسیجی.",
        "date": 1778237008,
        "city": "تهران",
        "province": "استان تهران",
        "id": "MzY6YzdlMzkxNDg5MTg0",
        "publicId": "MzY6YzdlMzkxNDg5MTg0",
        "sourceId": "c7e391489184",
        "layerId": 36,
        "type": "event",
        "status": "active",
        "urgency": null,
        "verificationTag": "not-verified",
        "expirationDate": null,
        "createdAt": "2026-05-18T16:49:29.578Z",
        "updatedAt": "2026-07-21T21:34:31.763Z"
      }
    },
    {
      "type": "Feature",
      "id": 93280,
      "geometry": {
        "type": "Point",
        "coordinates": [
          55.47154,
          26.593564
        ]
      },
      "properties": {
        "name:fa": "استقرار فاطمیون",
        "description": "فاطمیون افغانی اوردن",
        "date": 1779518814,
        "city": "شهرستان قشم",
        "province": "استان هرمزگان",
        "id": "MzY6YjA4YTIzZWEwODE5",
        "publicId": "MzY6YjA4YTIzZWEwODE5",
        "sourceId": "b08a23ea0819",
        "layerId": 36,
        "type": "event",
        "status": "active",
        "urgency": null,
        "verificationTag": "not-verified",
        "expirationDate": null,
        "createdAt": "2026-05-27T21:02:24.508Z",
        "updatedAt": "2026-07-21T21:34:31.763Z"
      }
    },
    {
      "type": "Feature",
      "id": 93281,
      "geometry": {
        "type": "Point",
        "coordinates": [
          55.399293,
          26.580146
        ]
      },
      "properties": {
        "name:fa": "حضور حشد الشعبی",
        "description": "نیرو های حشد الشعبی اومدن",
        "date": 1779518689,
        "city": "کانی",
        "province": "استان هرمزگان",
        "id": "MzY6MDYzZWQ1NmM3YTM4",
        "publicId": "MzY6MDYzZWQ1NmM3YTM4",
        "sourceId": "063ed56c7a38",
        "layerId": 36,
        "type": "event",
        "status": "active",
        "urgency": null,
        "verificationTag": "not-verified",
        "expirationDate": null,
        "createdAt": "2026-05-27T21:02:24.683Z",
        "updatedAt": "2026-07-21T21:34:31.763Z"
      }
    },
    {
      "type": "Feature",
      "id": 93282,
      "geometry": {
        "type": "Point",
        "coordinates": [
          45.05829640901024,
          39.34722960487369
        ]
      },
      "properties": {
        "name:fa": "تجمع نیروهای اطلاعاتی",
        "description": "تجمع نیروی های سرکوب اطلاعاتی تایید شده",
        "date": 1779473878,
        "city": "پلدشت",
        "province": "استان آذربایجان غربی",
        "id": "MzY6NzBmYWI1ZmJhOTI4",
        "publicId": "MzY6NzBmYWI1ZmJhOTI4",
        "sourceId": "70fab5fba928",
        "layerId": 36,
        "type": "event",
        "status": "active",
        "urgency": null,
        "verificationTag": "not-verified",
        "expirationDate": null,
        "createdAt": "2026-05-27T21:02:24.835Z",
        "updatedAt": "2026-07-21T21:34:31.763Z"
      }
    },
    {
      "type": "Feature",
      "id": 93283,
      "geometry": {
        "type": "Point",
        "coordinates": [
          45.150966,
          36.720785
        ]
      },
      "properties": {
        "name:fa": "ایست بازرسی سپاه",
        "description": "ایست بازرسی سپاە",
        "date": 1779218396,
        "city": "شهرستان پیرانشهر",
        "province": "استان آذربایجان غربی",
        "id": "MzY6NGQ3YzY1OTQ3NTgx",
        "publicId": "MzY6NGQ3YzY1OTQ3NTgx",
        "sourceId": "4d7c65947581",
        "layerId": 36,
        "type": "event",
        "status": "active",
        "urgency": null,
        "verificationTag": "not-verified",
        "expirationDate": null,
        "createdAt": "2026-05-27T21:02:24.984Z",
        "updatedAt": "2026-07-21T21:34:31.763Z"
      }
    },
    {
      "type": "Feature",
      "id": 93284,
      "geometry": {
        "type": "Point",
        "coordinates": [
          45.150593,
          36.674479
        ]
      },
      "properties": {
        "name:fa": "ایست بازرسی سپاه",
        "description": "ایست بازرسی سپاە",
        "date": 1779218346,
        "city": "پيرانشهر",
        "province": "استان آذربایجان غربی",
        "id": "MzY6NGE0ZGZlMWY0NTcw",
        "publicId": "MzY6NGE0ZGZlMWY0NTcw",
        "sourceId": "4a4dfe1f4570",
        "layerId": 36,
        "type": "event",
        "status": "active",
        "urgency": null,
        "verificationTag": "not-verified",
        "expirationDate": null,
        "createdAt": "2026-05-27T21:02:25.143Z",
        "updatedAt": "2026-07-21T21:34:31.763Z"
      }
    },
    {
      "type": "Feature",
      "id": 93305,
      "geometry": {
        "type": "Point",
        "coordinates": [
          55.416112,
          26.574928
        ]
      },
      "properties": {
        "name:fa": "حمله پهپادی به قایق های مستقر در اسکله",
        "city": "",
        "province": "",
        "date": "",
        "description": "اسکله صیادی مردمی قایق های سپاه توش بود ریز پرنده زد چهارتاشو",
        "sources": "",
        "id": "MzY6NzEyNDc5MGMxZGYy",
        "publicId": "MzY6NzEyNDc5MGMxZGYy",
        "sourceId": "7124790c1df2",
        "layerId": 36,
        "type": "event",
        "status": "active",
        "urgency": null,
        "verificationTag": "verified",
        "expirationDate": null,
        "createdAt": "2026-05-28T10:54:16.372Z",
        "updatedAt": "2026-07-21T21:34:31.763Z"
      }
    },
    {
      "type": "Feature",
      "id": 93306,
      "geometry": {
        "type": "Point",
        "coordinates": [
          48.359367,
          33.518702
        ]
      },
      "properties": {
        "name:fa": "استقرار نیروهای سرکوبگر",
        "description": "نیرو های سرکوبگر همراه با ماشینی که دوشکا بر روی آن نصب است در بین دکه های دادگاه و دادگاه از ۱۲ شب به بعد استقرار میکنند تا حوالی صبح",
        "date": 1780374207,
        "city": "خرم آباد",
        "province": "استان لرستان",
        "id": "MzY6Nzc5NmU3ZDQ3NjAy",
        "publicId": "MzY6Nzc5NmU3ZDQ3NjAy",
        "sourceId": "7796e7d47602",
        "layerId": 36,
        "type": "event",
        "status": "active",
        "urgency": null,
        "verificationTag": "not-verified",
        "expirationDate": null,
        "createdAt": "2026-06-02T08:33:23.218Z",
        "updatedAt": "2026-07-21T21:34:31.763Z"
      }
    },
    {
      "type": "Feature",
      "id": 93307,
      "geometry": {
        "type": "Point",
        "coordinates": [
          51.23948971582962,
          35.68555713787268
        ]
      },
      "properties": {
        "name:fa": "ایست بازرسی",
        "description": "محل استقرار ایست بازرسی با تیربار هر روز",
        "date": 1780366479,
        "city": "تهران",
        "province": "استان تهران",
        "id": "MzY6ZGUyNzllMDNiNGJm",
        "publicId": "MzY6ZGUyNzllMDNiNGJm",
        "sourceId": "de279e03b4bf",
        "layerId": 36,
        "type": "event",
        "status": "active",
        "urgency": null,
        "verificationTag": "not-verified",
        "expirationDate": null,
        "createdAt": "2026-06-02T08:33:23.398Z",
        "updatedAt": "2026-07-21T21:34:31.763Z"
      }
    },
    {
      "type": "Feature",
      "id": 93308,
      "geometry": {
        "type": "Point",
        "coordinates": [
          51.20855805231079,
          35.754052324053134
        ]
      },
      "properties": {
        "name:fa": "تجمع و ایست بازرسی",
        "description": "محل تجمع حامیان حکومت و ایست بازرسی معمولا از عصر تا شب",
        "date": 1780366167,
        "city": "تهران",
        "province": "استان تهران",
        "id": "MzY6Y2JhNmVmOWQ2ODYz",
        "publicId": "MzY6Y2JhNmVmOWQ2ODYz",
        "sourceId": "cba6ef9d6863",
        "layerId": 36,
        "type": "event",
        "status": "active",
        "urgency": null,
        "verificationTag": "not-verified",
        "expirationDate": null,
        "createdAt": "2026-06-02T08:33:23.555Z",
        "updatedAt": "2026-07-21T21:34:31.763Z"
      }
    },
    {
      "type": "Feature",
      "id": 93309,
      "geometry": {
        "type": "Point",
        "coordinates": [
          51.036413,
          35.772084
        ]
      },
      "properties": {
        "name:fa": "ایست بازرسی",
        "description": "ایست بازرسی در زیر پل",
        "date": 1780096007,
        "city": "کرج",
        "province": "استان البرز",
        "id": "MzY6YjhhNDAyMDY2MmI2",
        "publicId": "MzY6YjhhNDAyMDY2MmI2",
        "sourceId": "b8a4020662b6",
        "layerId": 36,
        "type": "event",
        "status": "active",
        "urgency": null,
        "verificationTag": "not-verified",
        "expirationDate": null,
        "createdAt": "2026-06-02T08:33:23.694Z",
        "updatedAt": "2026-07-21T21:34:31.763Z"
      }
    },
    {
      "type": "Feature",
      "id": 93310,
      "geometry": {
        "type": "Point",
        "coordinates": [
          51.59946,
          32.683051
        ]
      },
      "properties": {
        "name:fa": "استقرار بسیجیان و تیراندازی",
        "description": "حوزه علمیه و محل استقرار بسیجیان در شب ۱۹ دی که از پنجره های این مکان به مردم شلیک کردند و بسیاری از مردم بخصوص ۳ بچه زیر ۱۷ رو به قتل رسوندن",
        "date": 1779998736,
        "city": "اصفهان",
        "province": "استان اصفهان",
        "id": "MzY6NDg1MmU3YjJmYzFl",
        "publicId": "MzY6NDg1MmU3YjJmYzFl",
        "sourceId": "4852e7b2fc1e",
        "layerId": 36,
        "type": "event",
        "status": "active",
        "urgency": null,
        "verificationTag": "not-verified",
        "expirationDate": null,
        "createdAt": "2026-06-02T08:33:23.827Z",
        "updatedAt": "2026-07-21T21:34:31.763Z"
      }
    },
    {
      "type": "Feature",
      "id": 93311,
      "geometry": {
        "type": "Point",
        "coordinates": [
          51.588736,
          32.678399
        ]
      },
      "properties": {
        "name:fa": "ایست بازرسی",
        "description": "لوکیشن تقریبی ایست بازرسی",
        "date": 1779998393,
        "city": "جوی آباد",
        "province": "استان اصفهان",
        "id": "MzY6YTE0NDMwY2VlZjFk",
        "publicId": "MzY6YTE0NDMwY2VlZjFk",
        "sourceId": "a14430ceef1d",
        "layerId": 36,
        "type": "event",
        "status": "active",
        "urgency": null,
        "verificationTag": "not-verified",
        "expirationDate": null,
        "createdAt": "2026-06-02T08:33:23.955Z",
        "updatedAt": "2026-07-21T21:34:31.763Z"
      }
    },
    {
      "type": "Feature",
      "id": 93340,
      "geometry": {
        "type": "Point",
        "coordinates": [
          51.4226,
          35.707376
        ]
      },
      "properties": {
        "name:fa": "تجمع لباس شخصی با موتور",
        "description": "لباس شخصی با موتور اینجا تجمع میکنند",
        "date": 1780511794,
        "city": "تهران",
        "province": "استان تهران",
        "id": "MzY6ZTBiMWZhMTMzOTg1",
        "publicId": "MzY6ZTBiMWZhMTMzOTg1",
        "sourceId": "e0b1fa133985",
        "layerId": 36,
        "type": "event",
        "status": "active",
        "urgency": null,
        "verificationTag": "not-verified",
        "expirationDate": null,
        "createdAt": "2026-06-04T03:33:13.195Z",
        "updatedAt": "2026-07-21T21:34:31.763Z"
      }
    },
    {
      "type": "Feature",
      "id": 93341,
      "geometry": {
        "type": "Point",
        "coordinates": [
          48.834804,
          38.418613
        ]
      },
      "properties": {
        "name:fa": "استقرار نیروهای بسیج و انتظامی",
        "description": "استقرار نیروهای بسیج و انتظامی",
        "date": 1780497620,
        "city": "شهرستان آستارا",
        "province": "استان گیلان",
        "id": "MzY6MzBlNzY3YWYzMTdl",
        "publicId": "MzY6MzBlNzY3YWYzMTdl",
        "sourceId": "30e767af317e",
        "layerId": 36,
        "type": "event",
        "status": "active",
        "urgency": null,
        "verificationTag": "not-verified",
        "expirationDate": null,
        "createdAt": "2026-06-04T03:33:13.362Z",
        "updatedAt": "2026-07-21T21:34:31.763Z"
      }
    },
    {
      "type": "Feature",
      "id": 93342,
      "geometry": {
        "type": "Point",
        "coordinates": [
          48.833595,
          38.404573
        ]
      },
      "properties": {
        "name:fa": "تحرکات نظامی",
        "description": "تحرکات لانچر و کامیون های نظامی",
        "date": 1780497228,
        "city": "شهرستان آستارا",
        "province": "استان گیلان",
        "id": "MzY6YWZmNGNjZmM5OWZk",
        "publicId": "MzY6YWZmNGNjZmM5OWZk",
        "sourceId": "aff4ccfc99fd",
        "layerId": 36,
        "type": "event",
        "status": "active",
        "urgency": null,
        "verificationTag": "not-verified",
        "expirationDate": null,
        "createdAt": "2026-06-04T03:33:13.554Z",
        "updatedAt": "2026-07-21T21:34:31.763Z"
      }
    },
    {
      "type": "Feature",
      "id": 93344,
      "geometry": {
        "type": "Point",
        "coordinates": [
          48.8335917153706,
          38.40759114238935
        ]
      },
      "properties": {
        "name:fa": "تحرکات نظامی",
        "description": "تحرکات لانچر و خودروهای نظامی",
        "date": 1780495929,
        "city": "شهرستان آستارا",
        "province": "استان گیلان",
        "id": "MzY6OGI3MWQwYmE2MTkw",
        "publicId": "MzY6OGI3MWQwYmE2MTkw",
        "sourceId": "8b71d0ba6190",
        "layerId": 36,
        "type": "event",
        "status": "active",
        "urgency": null,
        "verificationTag": "not-verified",
        "expirationDate": null,
        "createdAt": "2026-06-04T03:33:13.855Z",
        "updatedAt": "2026-07-21T21:34:31.763Z"
      }
    },
    {
      "type": "Feature",
      "id": 93345,
      "geometry": {
        "type": "Point",
        "coordinates": [
          59.59380374745578,
          36.347334467128746
        ]
      },
      "properties": {
        "name:fa": "محل تجمعات",
        "description": "محل تجمعات شبانه مسخره جیره خواران نظام",
        "date": 1780445730,
        "city": "مشهد",
        "province": "استان خراسان رضوی",
        "id": "MzY6MWY2YTRhYTNiM2Yw",
        "publicId": "MzY6MWY2YTRhYTNiM2Yw",
        "sourceId": "1f6a4aa3b3f0",
        "layerId": 36,
        "type": "event",
        "status": "active",
        "urgency": null,
        "verificationTag": "not-verified",
        "expirationDate": null,
        "createdAt": "2026-06-04T03:33:13.990Z",
        "updatedAt": "2026-07-21T21:34:31.763Z"
      }
    },
    {
      "type": "Feature",
      "id": 93346,
      "geometry": {
        "type": "Point",
        "coordinates": [
          59.608995954195905,
          36.33149114326862
        ]
      },
      "properties": {
        "name:fa": "محل تجمع",
        "description": "مسجد و حسینیه و محل تجمع شبانه ارازل و اوباش مسلح نیروهای وحشی جمهوری اسلامی",
        "date": 1780445421,
        "city": "مشهد",
        "province": "استان خراسان رضوی",
        "id": "MzY6MjA4YzJlNWI1NTM4",
        "publicId": "MzY6MjA4YzJlNWI1NTM4",
        "sourceId": "208c2e5b5538",
        "layerId": 36,
        "type": "event",
        "status": "active",
        "urgency": null,
        "verificationTag": "not-verified",
        "expirationDate": null,
        "createdAt": "2026-06-04T03:33:14.094Z",
        "updatedAt": "2026-07-21T21:34:31.763Z"
      }
    },
    {
      "type": "Feature",
      "id": 93368,
      "geometry": {
        "type": "Point",
        "coordinates": [
          50.53334506228566,
          35.28556203800372
        ]
      },
      "properties": {
        "name:fa": "ایست و بازرسی",
        "city": "شهرستان زرندیه",
        "province": "استان مرکزی",
        "date": "",
        "description": "",
        "sources": "",
        "id": "MzY6NTViZTc5OWRlNWU0",
        "publicId": "MzY6NTViZTc5OWRlNWU0",
        "sourceId": "55be799de5e4",
        "layerId": 36,
        "type": "event",
        "status": "active",
        "urgency": null,
        "verificationTag": "verified",
        "expirationDate": null,
        "createdAt": "2026-06-05T14:54:32.081Z",
        "updatedAt": "2026-07-21T21:34:31.763Z"
      }
    },
    {
      "type": "Feature",
      "id": 93369,
      "geometry": {
        "type": "Point",
        "coordinates": [
          50.52490498870611,
          35.296222003392955
        ]
      },
      "properties": {
        "name:fa": "محل اسکان و تجمع نیروهای سرکوب",
        "city": "مأمونیه",
        "province": "استان مرکزی",
        "date": "",
        "description": "",
        "sources": "",
        "id": "MzY6ODZiNDAwMGZkYzNh",
        "publicId": "MzY6ODZiNDAwMGZkYzNh",
        "sourceId": "86b4000fdc3a",
        "layerId": 36,
        "type": "event",
        "status": "active",
        "urgency": null,
        "verificationTag": "verified",
        "expirationDate": null,
        "createdAt": "2026-06-05T14:54:51.194Z",
        "updatedAt": "2026-07-21T21:34:31.763Z"
      }
    },
    {
      "type": "Feature",
      "id": 93371,
      "geometry": {
        "type": "Point",
        "coordinates": [
          50.485800728201866,
          35.30600898134817
        ]
      },
      "properties": {
        "name:fa": "ایست و بازرسی",
        "city": "مأمونیه",
        "province": "استان مرکزی",
        "date": "",
        "description": "",
        "sources": "",
        "id": "MzY6YjMwMTU1OGZkNmQx",
        "publicId": "MzY6YjMwMTU1OGZkNmQx",
        "sourceId": "b301558fd6d1",
        "layerId": 36,
        "type": "event",
        "status": "active",
        "urgency": null,
        "verificationTag": "verified",
        "expirationDate": null,
        "createdAt": "2026-06-05T14:57:12.749Z",
        "updatedAt": "2026-07-21T21:34:31.763Z"
      }
    },
    {
      "type": "Feature",
      "id": 93372,
      "geometry": {
        "type": "Point",
        "coordinates": [
          50.48117995262146,
          35.30163300021354
        ]
      },
      "properties": {
        "name:fa": "ایست و بازرسی",
        "city": "مأمونیه",
        "province": "استان مرکزی",
        "date": "",
        "description": "",
        "sources": "",
        "id": "MzY6YzJiOTYzODI4NmI3",
        "publicId": "MzY6YzJiOTYzODI4NmI3",
        "sourceId": "c2b9638286b7",
        "layerId": 36,
        "type": "event",
        "status": "active",
        "urgency": null,
        "verificationTag": "verified",
        "expirationDate": null,
        "createdAt": "2026-06-05T14:57:25.742Z",
        "updatedAt": "2026-07-21T21:34:31.763Z"
      }
    },
    {
      "type": "Feature",
      "id": 93373,
      "geometry": {
        "type": "Point",
        "coordinates": [
          50.39855718612671,
          35.01074765235835
        ]
      },
      "properties": {
        "name:fa": "ایست و بازرسی",
        "city": "ساوه",
        "province": "استان مرکزی",
        "date": "",
        "description": "",
        "sources": "",
        "id": "MzY6MWQ1MmI1OGE1M2Q3",
        "publicId": "MzY6MWQ1MmI1OGE1M2Q3",
        "sourceId": "1d52b58a53d7",
        "layerId": 36,
        "type": "event",
        "status": "active",
        "urgency": null,
        "verificationTag": "verified",
        "expirationDate": null,
        "createdAt": "2026-06-05T14:59:11.554Z",
        "updatedAt": "2026-07-21T21:34:31.763Z"
      }
    },
    {
      "type": "Feature",
      "id": 93376,
      "geometry": {
        "type": "Point",
        "coordinates": [
          50.36152694374323,
          35.01650703679384
        ]
      },
      "properties": {
        "name:fa": "تجمع سرکوبگران",
        "city": "ساوه",
        "province": "استان مرکزی",
        "date": "",
        "description": "",
        "sources": "",
        "id": "MzY6YzQ1ZjQzMjJkMTQz",
        "publicId": "MzY6YzQ1ZjQzMjJkMTQz",
        "sourceId": "c45f4322d143",
        "layerId": 36,
        "type": "event",
        "status": "active",
        "urgency": null,
        "verificationTag": "verified",
        "expirationDate": null,
        "createdAt": "2026-06-05T15:02:18.063Z",
        "updatedAt": "2026-07-21T21:34:31.763Z"
      }
    },
    {
      "type": "Feature",
      "id": 93379,
      "geometry": {
        "type": "Point",
        "coordinates": [
          50.37213105708361,
          35.05808893039067
        ]
      },
      "properties": {
        "name:fa": "ایست و بازرسی",
        "city": "شهرستان ساوه",
        "province": "استان مرکزی",
        "date": "",
        "description": "",
        "sources": "",
        "id": "MzY6OGY0ZjI4ZDNmN2Nm",
        "publicId": "MzY6OGY0ZjI4ZDNmN2Nm",
        "sourceId": "8f4f28d3f7cf",
        "layerId": 36,
        "type": "event",
        "status": "active",
        "urgency": null,
        "verificationTag": "verified",
        "expirationDate": null,
        "createdAt": "2026-06-05T15:05:06.873Z",
        "updatedAt": "2026-07-21T21:34:31.763Z"
      }
    },
    {
      "type": "Feature",
      "id": 93380,
      "geometry": {
        "type": "Point",
        "coordinates": [
          51.48403812199831,
          35.74097673861175
        ]
      },
      "properties": {
        "name:fa": "ایست و بازرسی",
        "city": "تهران",
        "province": "استان تهران",
        "date": "",
        "description": "",
        "sources": "",
        "id": "MzY6OGM4MTU4YTk2Y2Vm",
        "publicId": "MzY6OGM4MTU4YTk2Y2Vm",
        "sourceId": "8c8158a96cef",
        "layerId": 36,
        "type": "event",
        "status": "active",
        "urgency": null,
        "verificationTag": "verified",
        "expirationDate": null,
        "createdAt": "2026-06-05T15:05:38.842Z",
        "updatedAt": "2026-07-21T21:34:31.763Z"
      }
    },
    {
      "type": "Feature",
      "id": 93385,
      "geometry": {
        "type": "Point",
        "coordinates": [
          50.30171301215887,
          35.0493850655823
        ]
      },
      "properties": {
        "name:fa": "ایست و بازرسی",
        "city": "شهرستان ساوه",
        "province": "استان مرکزی",
        "date": "",
        "description": "",
        "sources": "",
        "id": "MzY6MTZhOWI4N2ZkYmEy",
        "publicId": "MzY6MTZhOWI4N2ZkYmEy",
        "sourceId": "16a9b87fdba2",
        "layerId": 36,
        "type": "event",
        "status": "active",
        "urgency": null,
        "verificationTag": "verified",
        "expirationDate": null,
        "createdAt": "2026-06-05T15:15:20.567Z",
        "updatedAt": "2026-07-21T21:34:31.763Z"
      }
    },
    {
      "type": "Feature",
      "id": 93391,
      "geometry": {
        "type": "Point",
        "coordinates": [
          50.32391130924225,
          35.00812017950453
        ]
      },
      "properties": {
        "name:fa": "ایست و بازرسی",
        "city": "شهرستان ساوه",
        "province": "استان مرکزی",
        "date": "",
        "description": "",
        "sources": "",
        "id": "MzY6YzZjYTE1YWFmYjVi",
        "publicId": "MzY6YzZjYTE1YWFmYjVi",
        "sourceId": "c6ca15aafb5b",
        "layerId": 36,
        "type": "event",
        "status": "active",
        "urgency": null,
        "verificationTag": "verified",
        "expirationDate": null,
        "createdAt": "2026-06-05T18:27:51.520Z",
        "updatedAt": "2026-07-21T21:34:31.763Z"
      }
    },
    {
      "type": "Feature",
      "id": 93392,
      "geometry": {
        "type": "Point",
        "coordinates": [
          50.50078421831131,
          35.3148144026941
        ]
      },
      "properties": {
        "name:fa": "تجمع و استقرار نیروهای بسیج و سپاه",
        "city": "مأمونیه",
        "province": "استان مرکزی",
        "date": "",
        "description": "",
        "sources": "",
        "id": "MzY6M2U0NDJjNDA3ZTIx",
        "publicId": "MzY6M2U0NDJjNDA3ZTIx",
        "sourceId": "3e442c407e21",
        "layerId": 36,
        "type": "event",
        "status": "active",
        "urgency": null,
        "verificationTag": "verified",
        "expirationDate": null,
        "createdAt": "2026-06-05T18:28:20.075Z",
        "updatedAt": "2026-07-21T21:34:31.763Z"
      }
    },
    {
      "type": "Feature",
      "id": 93399,
      "geometry": {
        "type": "Point",
        "coordinates": [
          50.49974385648966,
          35.31103588244984
        ]
      },
      "properties": {
        "name:fa": "استقرار نیروهای سرکوب",
        "city": "مأمونیه",
        "province": "استان مرکزی",
        "date": "",
        "description": "",
        "sources": "",
        "id": "MzY6ZDg5MmNiMjE1NTNj",
        "publicId": "MzY6ZDg5MmNiMjE1NTNj",
        "sourceId": "d892cb21553c",
        "layerId": 36,
        "type": "event",
        "status": "active",
        "urgency": null,
        "verificationTag": "verified",
        "expirationDate": null,
        "createdAt": "2026-06-05T18:34:57.022Z",
        "updatedAt": "2026-07-21T21:34:31.763Z"
      }
    },
    {
      "type": "Feature",
      "id": 93411,
      "geometry": {
        "type": "Point",
        "coordinates": [
          51.03794418275356,
          35.67009832124312
        ]
      },
      "properties": {
        "name:fa": "تجمع سرکوبگران",
        "city": "شهریار",
        "province": "استان تهران",
        "date": "",
        "description": "شهریار ، شهرک وائین ، میدان امام خمینی ، جنب میدان ، مسجد و محل تجمعات شبانه و بسیج وائین",
        "sources": "",
        "id": "MzY6ZjJlYmExN2E1M2Fl",
        "publicId": "MzY6ZjJlYmExN2E1M2Fl",
        "sourceId": "f2eba17a53ae",
        "layerId": 36,
        "type": "event",
        "status": "active",
        "urgency": null,
        "verificationTag": "verified",
        "expirationDate": null,
        "createdAt": "2026-06-09T11:07:16.402Z",
        "updatedAt": "2026-07-21T21:34:31.763Z"
      }
    },
    {
      "type": "Feature",
      "id": 93414,
      "geometry": {
        "type": "Point",
        "coordinates": [
          57.3472099006176,
          37.46329912258311
        ]
      },
      "properties": {
        "name:fa": "منطقه خطرناک",
        "city": "بجنورد",
        "province": "استان خراسان شمالی",
        "date": "",
        "description": "در اینجا دقیقا کنار سالن ورزشی پایگاه سپاه است که ما خبر نداشتیم از این منطقه دور بشید در جنگ خطرناک",
        "sources": "",
        "id": "MzY6OWFiNjk2YzQ5ZWYw",
        "publicId": "MzY6OWFiNjk2YzQ5ZWYw",
        "sourceId": "9ab696c49ef0",
        "layerId": 36,
        "type": "event",
        "status": "active",
        "urgency": null,
        "verificationTag": "verified",
        "expirationDate": null,
        "createdAt": "2026-06-26T18:22:48.147Z",
        "updatedAt": "2026-07-21T21:34:31.763Z"
      }
    },
    {
      "type": "Feature",
      "id": 93415,
      "geometry": {
        "type": "Point",
        "coordinates": [
          48.34883065894246,
          33.504806455758086
        ]
      },
      "properties": {
        "name:fa": "تجمع نیروهای سرکوب",
        "city": "خرم آباد",
        "province": "استان لرستان",
        "date": "",
        "description": "محل جدید سپاه ناحیه حضرت ابوالفضل خرم آباد و ماشین های زرهی با دوشکا و سلاح های سنگین و نیروهای سرکوبگر و گردان سرکوب امام علی",
        "sources": "",
        "id": "MzY6YzBjNDExMDZiMjkw",
        "publicId": "MzY6YzBjNDExMDZiMjkw",
        "sourceId": "c0c41106b290",
        "layerId": 36,
        "type": "event",
        "status": "active",
        "urgency": null,
        "verificationTag": "verified",
        "expirationDate": null,
        "createdAt": "2026-06-26T18:25:32.299Z",
        "updatedAt": "2026-07-21T21:34:31.763Z"
      }
    },
    {
      "type": "Feature",
      "id": 93419,
      "geometry": {
        "type": "Point",
        "coordinates": [
          59.52156342566013,
          36.335921691143554
        ]
      },
      "properties": {
        "name:fa": "تجمع نیروهای سرکوب",
        "city": "مشهد",
        "province": "استان خراسان رضوی",
        "date": "",
        "description": "این میدان محل تجمع نیروهای حکومت‌ هست. جمع میشن، شعار میدن، پرچم تکون میدن، سخنرانی می‌کنن و همچنین یکی دوبار هم از اعضای حزب‌الله اینجا به عربی سخنرانی می‌کرد.",
        "sources": "",
        "id": "MzY6MGYwMTJjMTc2ZjE4",
        "publicId": "MzY6MGYwMTJjMTc2ZjE4",
        "sourceId": "0f012c176f18",
        "layerId": 36,
        "type": "event",
        "status": "active",
        "urgency": null,
        "verificationTag": "verified",
        "expirationDate": null,
        "createdAt": "2026-06-26T18:29:44.135Z",
        "updatedAt": "2026-07-21T21:34:31.763Z"
      }
    },
    {
      "type": "Feature",
      "id": 93421,
      "geometry": {
        "type": "Point",
        "coordinates": [
          53.110333532094955,
          36.57514497887209
        ]
      },
      "properties": {
        "name:fa": "ایست بازرسی",
        "city": "شهرستان ساری",
        "province": "استان مازندران",
        "date": "",
        "description": "ایست بازرسی",
        "sources": "",
        "id": "MzY6MjE1MzUxNmNkOTE5",
        "publicId": "MzY6MjE1MzUxNmNkOTE5",
        "sourceId": "2153516cd919",
        "layerId": 36,
        "type": "event",
        "status": "active",
        "urgency": null,
        "verificationTag": "verified",
        "expirationDate": null,
        "createdAt": "2026-06-26T18:31:02.736Z",
        "updatedAt": "2026-07-21T21:34:31.763Z"
      }
    },
    {
      "type": "Feature",
      "id": 93425,
      "geometry": {
        "type": "Point",
        "coordinates": [
          51.51266098022461,
          35.737047052278186
        ]
      },
      "properties": {
        "name:fa": "تجمعات حکومتی",
        "city": "تهران",
        "province": "استان تهران",
        "date": "",
        "description": "",
        "sources": "",
        "id": "MzY6MjViYmQzODg0MDk3",
        "publicId": "MzY6MjViYmQzODg0MDk3",
        "sourceId": "25bbd3884097",
        "layerId": 36,
        "type": "event",
        "status": "active",
        "urgency": null,
        "verificationTag": "verified",
        "expirationDate": null,
        "createdAt": "2026-06-26T18:34:55.890Z",
        "updatedAt": "2026-07-21T21:34:31.763Z"
      }
    },
    {
      "type": "Feature",
      "id": 93430,
      "geometry": {
        "type": "Point",
        "coordinates": [
          54.55321781337261,
          36.888867660962845
        ]
      },
      "properties": {
        "name:fa": "پایگاه بسیج",
        "city": "شهرستان گرگان",
        "province": "استان گلستان",
        "date": "",
        "description": "",
        "sources": "",
        "id": "MzY6NGM1YTMwMTkwZWE5",
        "publicId": "MzY6NGM1YTMwMTkwZWE5",
        "sourceId": "4c5a30190ea9",
        "layerId": 36,
        "type": "event",
        "status": "active",
        "urgency": null,
        "verificationTag": "verified",
        "expirationDate": null,
        "createdAt": "2026-07-01T17:17:45.720Z",
        "updatedAt": "2026-07-21T21:34:31.763Z"
      }
    },
    {
      "type": "Feature",
      "id": 93432,
      "geometry": {
        "type": "Point",
        "coordinates": [
          51.48837089538574,
          35.687975511754104
        ]
      },
      "properties": {
        "name:fa": "تجمع سرکوبگران",
        "city": "تهران",
        "province": "استان تهران",
        "date": "",
        "description": "",
        "sources": "",
        "id": "MzY6ZmI2OWViNmNmNzZk",
        "publicId": "MzY6ZmI2OWViNmNmNzZk",
        "sourceId": "fb69eb6cf76d",
        "layerId": 36,
        "type": "event",
        "status": "active",
        "urgency": null,
        "verificationTag": "verified",
        "expirationDate": null,
        "createdAt": "2026-07-01T17:19:42.539Z",
        "updatedAt": "2026-07-21T21:34:31.763Z"
      }
    },
    {
      "type": "Feature",
      "id": 93437,
      "geometry": {
        "type": "Point",
        "coordinates": [
          51.76316186785698,
          35.72809812809216
        ]
      },
      "properties": {
        "name:fa": "تجمع نیروی بسیج و سپاه",
        "city": "پردیس",
        "province": "استان تهران",
        "date": "",
        "description": "",
        "sources": "",
        "id": "MzY6MGZlMjFiYzg4ZTQ2",
        "publicId": "MzY6MGZlMjFiYzg4ZTQ2",
        "sourceId": "0fe21bc88e46",
        "layerId": 36,
        "type": "event",
        "status": "active",
        "urgency": null,
        "verificationTag": "verified",
        "expirationDate": null,
        "createdAt": "2026-07-08T13:18:46.926Z",
        "updatedAt": "2026-07-21T21:34:31.763Z"
      }
    },
    {
      "type": "Feature",
      "id": 93443,
      "geometry": {
        "type": "Point",
        "coordinates": [
          50.99045366048813,
          35.46758640369211
        ]
      },
      "properties": {
        "name:fa": "ایست بازرسی سپاه",
        "city": "شهرستان رباط کریم",
        "province": "استان تهران",
        "date": "",
        "description": "",
        "sources": "",
        "id": "MzY6NTJmOWVmOGVkODQ5",
        "publicId": "MzY6NTJmOWVmOGVkODQ5",
        "sourceId": "52f9ef8ed849",
        "layerId": 36,
        "type": "event",
        "status": "active",
        "urgency": null,
        "verificationTag": "verified",
        "expirationDate": null,
        "createdAt": "2026-07-08T13:29:44.081Z",
        "updatedAt": "2026-07-21T21:34:31.763Z"
      }
    },
    {
      "type": "Feature",
      "id": 93449,
      "geometry": {
        "type": "Point",
        "coordinates": [
          47.797816,
          37.371667
        ]
      },
      "properties": {
        "name:fa": "گلوگاه شهید فرجی",
        "description": "گلوگاه شهید فرجی یکی از مهم‌ترین ایستگاه‌های کنترل و پلیس‌راه در ورودی شهرستان میانه (واقع در استان آذربایجان شرقی) در مسیر ارتباطی به استان زنجان است. این گلوگاه برای کنترل‌های امنیتی و ترددی در سطح استان اهمیت دارد و یکی از اصلی ترین مراکز امنیتی استان هستش کنترل خودرو ها و غیره مثل مرز میمونه اینجا",
        "date": 1783862533,
        "city": "شهرستان میانه",
        "province": "استان آذربایجان شرقی",
        "id": "MzY6Y2E0ZmYxYmZlYTEz",
        "publicId": "MzY6Y2E0ZmYxYmZlYTEz",
        "sourceId": "ca4ff1bfea13",
        "layerId": 36,
        "type": "event",
        "status": "active",
        "urgency": null,
        "verificationTag": "not-verified",
        "expirationDate": null,
        "createdAt": "2026-07-13T01:17:13.038Z",
        "updatedAt": "2026-07-21T21:34:31.763Z"
      }
    },
    {
      "type": "Feature",
      "id": 93450,
      "geometry": {
        "type": "Point",
        "coordinates": [
          59.62464869987261,
          36.32052924333756
        ]
      },
      "properties": {
        "name:fa": "تجمع سپاه و بسیج - مسجد پنج تن",
        "description": "محل تجمع سپاهی ها و بسیجی ها و سرکوب وحشی های جمهوری اسلامی",
        "date": 1783794619,
        "city": "مشهد",
        "province": "استان خراسان رضوی",
        "id": "MzY6Mzc0OTMyMDU4YWUx",
        "publicId": "MzY6Mzc0OTMyMDU4YWUx",
        "sourceId": "374932058ae1",
        "layerId": 36,
        "type": "event",
        "status": "active",
        "urgency": null,
        "verificationTag": "not-verified",
        "expirationDate": null,
        "createdAt": "2026-07-13T01:17:13.196Z",
        "updatedAt": "2026-07-21T21:34:31.763Z"
      }
    },
    {
      "type": "Feature",
      "id": 93451,
      "geometry": {
        "type": "Point",
        "coordinates": [
          59.6253097369588,
          36.326127701636764
        ]
      },
      "properties": {
        "name:fa": "تجمع مسجد هفتاد و دو تن",
        "description": "مسجد هفتاد و دو تن بلوار امام حسین - محل سرکوب و تجمع وحشی های جمهوری اسلامی",
        "date": 1783794379,
        "city": "مشهد",
        "province": "استان خراسان رضوی",
        "id": "MzY6ZWY4ODcwM2M3ODYz",
        "publicId": "MzY6ZWY4ODcwM2M3ODYz",
        "sourceId": "ef88703c7863",
        "layerId": 36,
        "type": "event",
        "status": "active",
        "urgency": null,
        "verificationTag": "not-verified",
        "expirationDate": null,
        "createdAt": "2026-07-13T01:17:13.301Z",
        "updatedAt": "2026-07-21T21:34:31.763Z"
      }
    },
    {
      "type": "Feature",
      "id": 93452,
      "geometry": {
        "type": "Point",
        "coordinates": [
          49.132014765092606,
          37.3629297315849
        ]
      },
      "properties": {
        "name:fa": "محل تجمع شبانه",
        "description": "محل تجمع شبانه",
        "date": 1783729588,
        "city": "ماسال",
        "province": "استان گیلان",
        "id": "MzY6NjRhOGZmZmViMWJm",
        "publicId": "MzY6NjRhOGZmZmViMWJm",
        "sourceId": "64a8fffeb1bf",
        "layerId": 36,
        "type": "event",
        "status": "active",
        "urgency": null,
        "verificationTag": "not-verified",
        "expirationDate": null,
        "createdAt": "2026-07-13T01:17:13.401Z",
        "updatedAt": "2026-07-21T21:34:31.763Z"
      }
    },
    {
      "type": "Feature",
      "id": 93453,
      "geometry": {
        "type": "Point",
        "coordinates": [
          49.14283304833168,
          37.37162042484469
        ]
      },
      "properties": {
        "name:fa": "ایست بازرسی",
        "description": "ایست بازرسی",
        "date": 1783729347,
        "city": "ماسال",
        "province": "استان گیلان",
        "id": "MzY6MGYxNzFjMTdiYjQ1",
        "publicId": "MzY6MGYxNzFjMTdiYjQ1",
        "sourceId": "0f171c17bb45",
        "layerId": 36,
        "type": "event",
        "status": "active",
        "urgency": null,
        "verificationTag": "not-verified",
        "expirationDate": null,
        "createdAt": "2026-07-13T01:17:13.507Z",
        "updatedAt": "2026-07-21T21:34:31.763Z"
      }
    },
    {
      "type": "Feature",
      "id": 93455,
      "geometry": {
        "type": "Point",
        "coordinates": [
          47.71430472240576,
          37.42176417406287
        ]
      },
      "properties": {
        "name:fa": "تجمع نیروی انتظامی",
        "description": "محل تجمع نیروی انتظامی",
        "date": 1783672993,
        "city": "میانه",
        "province": "استان آذربایجان شرقی",
        "id": "MzY6MzE1MmNjYTE5MGQz",
        "publicId": "MzY6MzE1MmNjYTE5MGQz",
        "sourceId": "3152cca190d3",
        "layerId": 36,
        "type": "event",
        "status": "active",
        "urgency": null,
        "verificationTag": "not-verified",
        "expirationDate": null,
        "createdAt": "2026-07-13T01:17:13.674Z",
        "updatedAt": "2026-07-21T21:34:31.763Z"
      }
    },
    {
      "type": "Feature",
      "id": 93456,
      "geometry": {
        "type": "Point",
        "coordinates": [
          47.71350588131662,
          37.42320983524107
        ]
      },
      "properties": {
        "name:fa": "تجمع نیروی انتظامی",
        "description": "محل تجمع نیروی انتظامی",
        "date": 1783672953,
        "city": "میانه",
        "province": "استان آذربایجان شرقی",
        "id": "MzY6YTA0YzZhMGEyNDI3",
        "publicId": "MzY6YTA0YzZhMGEyNDI3",
        "sourceId": "a04c6a0a2427",
        "layerId": 36,
        "type": "event",
        "status": "active",
        "urgency": null,
        "verificationTag": "not-verified",
        "expirationDate": null,
        "createdAt": "2026-07-13T01:17:13.743Z",
        "updatedAt": "2026-07-21T21:34:31.763Z"
      }
    },
    {
      "type": "Feature",
      "id": 93457,
      "geometry": {
        "type": "Point",
        "coordinates": [
          47.71383163640536,
          37.42352029955639
        ]
      },
      "properties": {
        "name:fa": "تجمع پلیس",
        "description": "محل کانکس پلیس راهنمایی و رانندگی و محل تجمع راهور و پلیس نیروی انتظامی",
        "date": 1783672864,
        "city": "میانه",
        "province": "استان آذربایجان شرقی",
        "id": "MzY6ODJlNTEzNDc1NmQw",
        "publicId": "MzY6ODJlNTEzNDc1NmQw",
        "sourceId": "82e5134756d0",
        "layerId": 36,
        "type": "event",
        "status": "active",
        "urgency": null,
        "verificationTag": "not-verified",
        "expirationDate": null,
        "createdAt": "2026-07-13T01:17:13.827Z",
        "updatedAt": "2026-07-21T21:34:31.763Z"
      }
    },
    {
      "type": "Feature",
      "id": 93458,
      "geometry": {
        "type": "Point",
        "coordinates": [
          47.70593477664528,
          37.4282002314327
        ]
      },
      "properties": {
        "name:fa": "تجمع نیروهای انتظامی",
        "description": "محل تجمع نیرو های انتظامی ۲",
        "date": 1783672644,
        "city": "میانه",
        "province": "استان آذربایجان شرقی",
        "id": "MzY6ZWQwMzk3YjQxYjFm",
        "publicId": "MzY6ZWQwMzk3YjQxYjFm",
        "sourceId": "ed0397b41b1f",
        "layerId": 36,
        "type": "event",
        "status": "active",
        "urgency": null,
        "verificationTag": "not-verified",
        "expirationDate": null,
        "createdAt": "2026-07-13T01:17:13.911Z",
        "updatedAt": "2026-07-21T21:34:31.763Z"
      }
    },
    {
      "type": "Feature",
      "id": 93459,
      "geometry": {
        "type": "Point",
        "coordinates": [
          47.70590912300622,
          37.428763097185495
        ]
      },
      "properties": {
        "name:fa": "تجمع نیروهای انتظامی",
        "description": "محل تجمع نیرو های انتظامی",
        "date": 1783672611,
        "city": "میانه",
        "province": "استان آذربایجان شرقی",
        "id": "MzY6MDg0NmViYzkwMGI0",
        "publicId": "MzY6MDg0NmViYzkwMGI0",
        "sourceId": "0846ebc900b4",
        "layerId": 36,
        "type": "event",
        "status": "active",
        "urgency": null,
        "verificationTag": "not-verified",
        "expirationDate": null,
        "createdAt": "2026-07-13T01:17:13.991Z",
        "updatedAt": "2026-07-21T21:34:31.763Z"
      }
    },
    {
      "type": "Feature",
      "id": 93460,
      "geometry": {
        "type": "Point",
        "coordinates": [
          49.30851482689911,
          31.929315642393263
        ]
      },
      "properties": {
        "name:fa": "حضور نیروهای امنیتی",
        "description": "در این محدوده نیرو سرکوب گر امنیتی خیلی زیاد هستن بیشتر با لباس شخصی",
        "date": 1783670592,
        "city": "مسجد سليمان",
        "province": "استان خوزستان",
        "id": "MzY6M2NhYjdmYzc3ZmQ4",
        "publicId": "MzY6M2NhYjdmYzc3ZmQ4",
        "sourceId": "3cab7fc77fd8",
        "layerId": 36,
        "type": "event",
        "status": "active",
        "urgency": null,
        "verificationTag": "not-verified",
        "expirationDate": null,
        "createdAt": "2026-07-13T01:17:14.079Z",
        "updatedAt": "2026-07-21T21:34:31.763Z"
      }
    },
    {
      "type": "Feature",
      "id": 93461,
      "geometry": {
        "type": "Point",
        "coordinates": [
          50.60332112878615,
          35.9564148786412
        ]
      },
      "properties": {
        "name:fa": "فعالیت نیروهای سرکوب",
        "description": "کتابخانه امام محمد باقر در ساعات پایانی شب جهت استراحت و نگهداری تجهیزات سرکوب مورد استفاده قرار می‌گیرد.",
        "date": 1783630361,
        "city": "نظر آباد",
        "province": "استان البرز",
        "id": "MzY6NDg0MWI5MmJmYzk5",
        "publicId": "MzY6NDg0MWI5MmJmYzk5",
        "sourceId": "4841b92bfc99",
        "layerId": 36,
        "type": "event",
        "status": "active",
        "urgency": null,
        "verificationTag": "not-verified",
        "expirationDate": null,
        "createdAt": "2026-07-13T01:17:14.155Z",
        "updatedAt": "2026-07-21T21:34:31.763Z"
      }
    },
    {
      "type": "Feature",
      "id": 93462,
      "geometry": {
        "type": "Point",
        "coordinates": [
          50.666752,
          35.965115
        ]
      },
      "properties": {
        "name:fa": "ایست بازرسی روزانه",
        "description": "در این مکان هر روز استقرار و ایست بازرسی انجام میشه",
        "date": 1783629292,
        "city": "هشتگرد",
        "province": "استان تهران",
        "id": "MzY6YWY2N2I4YTAzN2Ri",
        "publicId": "MzY6YWY2N2I4YTAzN2Ri",
        "sourceId": "af67b8a037db",
        "layerId": 36,
        "type": "event",
        "status": "active",
        "urgency": null,
        "verificationTag": "not-verified",
        "expirationDate": null,
        "createdAt": "2026-07-13T01:17:14.232Z",
        "updatedAt": "2026-07-21T21:34:31.763Z"
      }
    },
    {
      "type": "Feature",
      "id": 93463,
      "geometry": {
        "type": "Point",
        "coordinates": [
          51.49085763449392,
          35.70773283684409
        ]
      },
      "properties": {
        "name:fa": "تجمع سپاه و بسیج",
        "description": "محل تجمع فرماندهان سپاه و جلسات نیروی بسیج و ... تحت عنوان هیئت مذهبی.",
        "date": 1783611709,
        "city": "تهران",
        "province": "استان تهران",
        "id": "MzY6OTA3MDkyNjk2MzNl",
        "publicId": "MzY6OTA3MDkyNjk2MzNl",
        "sourceId": "90709269633e",
        "layerId": 36,
        "type": "event",
        "status": "active",
        "urgency": null,
        "verificationTag": "not-verified",
        "expirationDate": null,
        "createdAt": "2026-07-13T01:17:14.316Z",
        "updatedAt": "2026-07-21T21:34:31.763Z"
      }
    },
    {
      "type": "Feature",
      "id": 93464,
      "geometry": {
        "type": "Point",
        "coordinates": [
          51.490865,
          35.707737
        ]
      },
      "properties": {
        "name:fa": "تجمع سپاه و بسیج",
        "description": "محل تجمع نیروهای سپاه و بسیج و تردد فرماندهان سپاه و محل جلسات و تصمیم گیری علیه مردم و...تحت عنوان عیئت مذهبی",
        "date": 1783611457,
        "city": "تهران",
        "province": "استان تهران",
        "id": "MzY6NDU2OWEzN2Q2NGIw",
        "publicId": "MzY6NDU2OWEzN2Q2NGIw",
        "sourceId": "4569a37d64b0",
        "layerId": 36,
        "type": "event",
        "status": "active",
        "urgency": null,
        "verificationTag": "not-verified",
        "expirationDate": null,
        "createdAt": "2026-07-13T01:17:14.405Z",
        "updatedAt": "2026-07-21T21:34:31.763Z"
      }
    },
    {
      "type": "Feature",
      "id": 93465,
      "geometry": {
        "type": "Point",
        "coordinates": [
          52.518470440810546,
          29.628250044402208
        ]
      },
      "properties": {
        "name:fa": "محل تجمع سرکوبگران",
        "description": "محل تجمع موتور سیکلت سرکوبگران",
        "date": 1783604096,
        "city": "شیراز",
        "province": "استان فارس",
        "id": "MzY6MmNmZGVlM2NiZTFl",
        "publicId": "MzY6MmNmZGVlM2NiZTFl",
        "sourceId": "2cfdee3cbe1e",
        "layerId": 36,
        "type": "event",
        "status": "active",
        "urgency": null,
        "verificationTag": "not-verified",
        "expirationDate": null,
        "createdAt": "2026-07-13T01:17:14.483Z",
        "updatedAt": "2026-07-21T21:34:31.763Z"
      }
    },
    {
      "type": "Feature",
      "id": 93466,
      "geometry": {
        "type": "Point",
        "coordinates": [
          52.51149003476422,
          29.596906653660596
        ]
      },
      "properties": {
        "name:fa": "تجمع سرکوبگران",
        "description": "محل تجمع سرکوبگران در کانکس",
        "date": 1783603694,
        "city": "شیراز",
        "province": "استان فارس",
        "id": "MzY6ZjZjZTA5NTk5NGY1",
        "publicId": "MzY6ZjZjZTA5NTk5NGY1",
        "sourceId": "f6ce095994f5",
        "layerId": 36,
        "type": "event",
        "status": "active",
        "urgency": null,
        "verificationTag": "not-verified",
        "expirationDate": null,
        "createdAt": "2026-07-13T01:17:14.576Z",
        "updatedAt": "2026-07-21T21:34:31.763Z"
      }
    },
    {
      "type": "Feature",
      "id": 93467,
      "geometry": {
        "type": "Point",
        "coordinates": [
          52.51595731942763,
          29.58077748369803
        ]
      },
      "properties": {
        "name:fa": "تجمع سرکوبگران",
        "description": "تجمع سرکوبگران",
        "date": 1783601332,
        "city": "شیراز",
        "province": "استان فارس",
        "id": "MzY6MzZjYmI4NjA5NDIy",
        "publicId": "MzY6MzZjYmI4NjA5NDIy",
        "sourceId": "36cbb8609422",
        "layerId": 36,
        "type": "event",
        "status": "active",
        "urgency": null,
        "verificationTag": "not-verified",
        "expirationDate": null,
        "createdAt": "2026-07-13T01:17:14.653Z",
        "updatedAt": "2026-07-21T21:34:31.763Z"
      }
    },
    {
      "type": "Feature",
      "id": 93468,
      "geometry": {
        "type": "Point",
        "coordinates": [
          48.37077659668202,
          34.19503419453737
        ]
      },
      "properties": {
        "name:fa": "تجمع فرماندهان سپاه",
        "description": "پایگاه سپاه این مکان - مسجد- محل تجمع و تصمیم گیردی های مهم فرماندهان و مسئولان نظامی و انتظامی این رژیم بخصوص در مواقع بحرانی مانند جنگ ۱۲ روزه و جنگ ۴۰ روزه عملیات شیران برخاسته اند\nمحل و پایگاه سرکوب رژیم تروریستی تهران و...",
        "date": 1783598885,
        "city": "نهاوند",
        "province": "استان همدان",
        "id": "MzY6YzgzM2JmMWVjOTQx",
        "publicId": "MzY6YzgzM2JmMWVjOTQx",
        "sourceId": "c833bf1ec941",
        "layerId": 36,
        "type": "event",
        "status": "active",
        "urgency": null,
        "verificationTag": "not-verified",
        "expirationDate": null,
        "createdAt": "2026-07-13T01:17:14.723Z",
        "updatedAt": "2026-07-21T21:34:31.763Z"
      }
    },
    {
      "type": "Feature",
      "id": 93469,
      "geometry": {
        "type": "Point",
        "coordinates": [
          48.370805,
          34.195081
        ]
      },
      "properties": {
        "name:fa": "محل تجمع سپاه",
        "description": "محل تجمع فرماندهان سپاه رژیم برای تصمیم گیری ها",
        "date": 1783597716,
        "city": "نهاوند",
        "province": "استان همدان",
        "id": "MzY6MzIxNmQ1NTI4NWE1",
        "publicId": "MzY6MzIxNmQ1NTI4NWE1",
        "sourceId": "3216d55285a5",
        "layerId": 36,
        "type": "event",
        "status": "active",
        "urgency": null,
        "verificationTag": "not-verified",
        "expirationDate": null,
        "createdAt": "2026-07-13T01:17:14.795Z",
        "updatedAt": "2026-07-21T21:34:31.763Z"
      }
    },
    {
      "type": "Feature",
      "id": 93470,
      "geometry": {
        "type": "Point",
        "coordinates": [
          52.1085,
          28.844826
        ]
      },
      "properties": {
        "name:fa": "ایست بازرسی",
        "description": "ایست بازرسی",
        "date": 1783577788,
        "city": "فراشبند",
        "province": "استان فارس",
        "id": "MzY6MTNlMTliNDc2MWQx",
        "publicId": "MzY6MTNlMTliNDc2MWQx",
        "sourceId": "13e19b4761d1",
        "layerId": 36,
        "type": "event",
        "status": "active",
        "urgency": null,
        "verificationTag": "not-verified",
        "expirationDate": null,
        "createdAt": "2026-07-13T01:17:14.871Z",
        "updatedAt": "2026-07-21T21:34:31.763Z"
      }
    },
    {
      "type": "Feature",
      "id": 93471,
      "geometry": {
        "type": "Point",
        "coordinates": [
          52.108839,
          28.844316
        ]
      },
      "properties": {
        "name:fa": "ایست بازرسی",
        "description": "دوربین ایست بازرسی در ورودی شهر",
        "date": 1783577731,
        "city": "شهرستان فراشبند",
        "province": "استان فارس",
        "id": "MzY6MWVlZTkyMjQ4MTdk",
        "publicId": "MzY6MWVlZTkyMjQ4MTdk",
        "sourceId": "1eee9224817d",
        "layerId": 36,
        "type": "event",
        "status": "active",
        "urgency": null,
        "verificationTag": "not-verified",
        "expirationDate": null,
        "createdAt": "2026-07-13T01:17:14.944Z",
        "updatedAt": "2026-07-21T21:34:31.763Z"
      }
    },
    {
      "type": "Feature",
      "id": 93472,
      "geometry": {
        "type": "Point",
        "coordinates": [
          52.10848870026041,
          28.844869259505103
        ]
      },
      "properties": {
        "name:fa": "ایست بازرسی",
        "description": "ایست بازرسی",
        "date": 1783574817,
        "city": "فراشبند",
        "province": "استان فارس",
        "id": "MzY6MWUxOGNiYzBiNTQw",
        "publicId": "MzY6MWUxOGNiYzBiNTQw",
        "sourceId": "1e18cbc0b540",
        "layerId": 36,
        "type": "event",
        "status": "active",
        "urgency": null,
        "verificationTag": "not-verified",
        "expirationDate": null,
        "createdAt": "2026-07-13T01:17:15.019Z",
        "updatedAt": "2026-07-21T21:34:31.763Z"
      }
    },
    {
      "type": "Feature",
      "id": 93473,
      "geometry": {
        "type": "Point",
        "coordinates": [
          49.15963459024954,
          30.544421938775614
        ]
      },
      "properties": {
        "name:fa": "ایست بازرسی بندر ماهشهر",
        "description": "ایست بازرسی سپاهی و بسیجی بندر ماهشهر",
        "date": 1783539143,
        "city": "بندر ماهشهر",
        "province": "استان خوزستان",
        "id": "MzY6YWJjY2JlYzhhNzc5",
        "publicId": "MzY6YWJjY2JlYzhhNzc5",
        "sourceId": "abccbec8a779",
        "layerId": 36,
        "type": "event",
        "status": "active",
        "urgency": null,
        "verificationTag": "not-verified",
        "expirationDate": null,
        "createdAt": "2026-07-13T01:17:15.097Z",
        "updatedAt": "2026-07-21T21:34:31.763Z"
      }
    },
    {
      "type": "Feature",
      "id": 93474,
      "geometry": {
        "type": "Point",
        "coordinates": [
          51.14769658590586,
          35.64474931740047
        ]
      },
      "properties": {
        "name:fa": "ایست بازرسی",
        "description": "گاهی ایست بازرسی",
        "date": 1783340442,
        "city": "شهرستان شهریار",
        "province": "استان تهران",
        "id": "MzY6MDhmMjNkMGFjNjI0",
        "publicId": "MzY6MDhmMjNkMGFjNjI0",
        "sourceId": "08f23d0ac624",
        "layerId": 36,
        "type": "event",
        "status": "active",
        "urgency": null,
        "verificationTag": "not-verified",
        "expirationDate": null,
        "createdAt": "2026-07-13T01:17:15.170Z",
        "updatedAt": "2026-07-21T21:34:31.763Z"
      }
    },
    {
      "type": "Feature",
      "id": 93475,
      "geometry": {
        "type": "Point",
        "coordinates": [
          51.49084199446074,
          35.707726985067765
        ]
      },
      "properties": {
        "name:fa": "تجمع سران سپاه و بسیج",
        "description": "دفتر مخفی سپاه و بسیج،تحت اسم هیئت،محل تجمع سران سپاه و تصمیم گیری و شناسایی و...",
        "date": 1783254727,
        "city": "تهران",
        "province": "استان تهران",
        "id": "MzY6MTliMDQxMWIzNGFh",
        "publicId": "MzY6MTliMDQxMWIzNGFh",
        "sourceId": "19b0411b34aa",
        "layerId": 36,
        "type": "event",
        "status": "active",
        "urgency": null,
        "verificationTag": "not-verified",
        "expirationDate": null,
        "createdAt": "2026-07-13T01:17:15.239Z",
        "updatedAt": "2026-07-21T21:34:31.763Z"
      }
    },
    {
      "type": "Feature",
      "id": 93476,
      "geometry": {
        "type": "Point",
        "coordinates": [
          52.518304,
          29.573195
        ]
      },
      "properties": {
        "name:fa": "محل تجمع سرکوبگران",
        "description": "محل تجمع سرکوبگران",
        "date": 1783160950,
        "city": "شیراز",
        "province": "استان فارس",
        "id": "MzY6OGVhNmNmODUzYjA4",
        "publicId": "MzY6OGVhNmNmODUzYjA4",
        "sourceId": "8ea6cf853b08",
        "layerId": 36,
        "type": "event",
        "status": "active",
        "urgency": null,
        "verificationTag": "not-verified",
        "expirationDate": null,
        "createdAt": "2026-07-13T01:17:15.311Z",
        "updatedAt": "2026-07-21T21:34:31.763Z"
      }
    },
    {
      "type": "Feature",
      "id": 93477,
      "geometry": {
        "type": "Point",
        "coordinates": [
          50.82975715828812,
          31.515165591129843
        ]
      },
      "properties": {
        "name:fa": "تجمع سپاه",
        "description": "سپاه ناحیه مرکز جمع شدن و امادی سازی برای سرکوب شورش توسط سپاه",
        "date": 1783140738,
        "city": "لردگان",
        "province": "استان چهارمحال و بختیاری",
        "id": "MzY6MGMzMzZjY2NmMjMw",
        "publicId": "MzY6MGMzMzZjY2NmMjMw",
        "sourceId": "0c336cccf230",
        "layerId": 36,
        "type": "event",
        "status": "active",
        "urgency": null,
        "verificationTag": "not-verified",
        "expirationDate": null,
        "createdAt": "2026-07-13T01:17:15.387Z",
        "updatedAt": "2026-07-21T21:34:31.763Z"
      }
    },
    {
      "type": "Feature",
      "id": 93478,
      "geometry": {
        "type": "Point",
        "coordinates": [
          52.03447952542109,
          35.69039809790347
        ]
      },
      "properties": {
        "name:fa": "تجمعات حامیان حکومت",
        "description": "تجمعات حامیان حکومت جمهوری داعش",
        "date": 1783089940,
        "city": "دماوند",
        "province": "استان تهران",
        "id": "MzY6NjRjNTNjOWQyMWZh",
        "publicId": "MzY6NjRjNTNjOWQyMWZh",
        "sourceId": "64c53c9d21fa",
        "layerId": 36,
        "type": "event",
        "status": "active",
        "urgency": null,
        "verificationTag": "not-verified",
        "expirationDate": null,
        "createdAt": "2026-07-13T01:17:15.458Z",
        "updatedAt": "2026-07-21T21:34:31.763Z"
      }
    },
    {
      "type": "Feature",
      "id": 93479,
      "geometry": {
        "type": "Point",
        "coordinates": [
          53.39847700887742,
          35.596029995381
        ]
      },
      "properties": {
        "name:fa": "رفت و آمد در حوزه علی ابن علی طالب",
        "description": "اینجا حوزه علی ابن علی طالب می‌باشد و فرمانده سپاه و نیروی های سرکوب نیز مرتب در این مکان رفت آمد دارند",
        "date": 1783026507,
        "city": "سمنان",
        "province": "استان سمنان",
        "id": "MzY6ZWJlZjFmMTNhY2Zm",
        "publicId": "MzY6ZWJlZjFmMTNhY2Zm",
        "sourceId": "ebef1f13acff",
        "layerId": 36,
        "type": "event",
        "status": "active",
        "urgency": null,
        "verificationTag": "not-verified",
        "expirationDate": null,
        "createdAt": "2026-07-13T01:17:15.533Z",
        "updatedAt": "2026-07-21T21:34:31.763Z"
      }
    },
    {
      "type": "Feature",
      "id": 93480,
      "geometry": {
        "type": "Point",
        "coordinates": [
          59.61629703086828,
          36.32803089804467
        ]
      },
      "properties": {
        "name:fa": "سرکوب دانش آموزان هنرستان آقاسی زاده",
        "description": "پایگاه بسیج هنرستان آقاسی زاده سرکوب دانش آموزان و شستشو مغزی برای راهپیمایی و تجمعات",
        "date": 1783004263,
        "city": "مشهد",
        "province": "استان خراسان رضوی",
        "id": "MzY6ODQ4OTI5NTQzN2Nk",
        "publicId": "MzY6ODQ4OTI5NTQzN2Nk",
        "sourceId": "8489295437cd",
        "layerId": 36,
        "type": "event",
        "status": "active",
        "urgency": null,
        "verificationTag": "not-verified",
        "expirationDate": null,
        "createdAt": "2026-07-13T01:17:15.599Z",
        "updatedAt": "2026-07-21T21:34:31.763Z"
      }
    },
    {
      "type": "Feature",
      "id": 93481,
      "geometry": {
        "type": "Point",
        "coordinates": [
          51.45936508818028,
          35.80345416711556
        ]
      },
      "properties": {
        "name:fa": "محل تجمع و آموزش سپاه",
        "description": "آموزش نیروهای سایبری،و پهپادی اطلاعات سپاه و محل تجمع نیروهای سرکوب گرد فاوا",
        "date": 1781184303,
        "city": "تجریش",
        "province": "استان تهران",
        "id": "MzY6OWY5YjRlNmJlZjkx",
        "publicId": "MzY6OWY5YjRlNmJlZjkx",
        "sourceId": "9f9b4e6bef91",
        "layerId": 36,
        "type": "event",
        "status": "active",
        "urgency": null,
        "verificationTag": "not-verified",
        "expirationDate": null,
        "createdAt": "2026-07-13T01:17:15.676Z",
        "updatedAt": "2026-07-21T21:34:31.763Z"
      }
    },
    {
      "type": "Feature",
      "id": 93482,
      "geometry": {
        "type": "Point",
        "coordinates": [
          50.859014746763194,
          35.791442028492696
        ]
      },
      "properties": {
        "name:fa": "تجمع نیروهای امنیتی",
        "description": "محل تجمع نیروهای امنیتی بسیج و سپاه. محل مذکور دیوار به دیوار مجتمع های مسکونی غیر نظامی و دبیرستان دخترانه ایجاد شده. تردد های مشکوک و مشاهده ابزار جنگی دوش پرتاب و سلاح جنگی.",
        "date": 1781102823,
        "city": "کرج",
        "province": "استان البرز",
        "id": "MzY6M2I0NTJiMGU3OGMz",
        "publicId": "MzY6M2I0NTJiMGU3OGMz",
        "sourceId": "3b452b0e78c3",
        "layerId": 36,
        "type": "event",
        "status": "active",
        "urgency": null,
        "verificationTag": "not-verified",
        "expirationDate": null,
        "createdAt": "2026-07-13T01:17:15.748Z",
        "updatedAt": "2026-07-21T21:34:31.763Z"
      }
    },
    {
      "type": "Feature",
      "id": 93483,
      "geometry": {
        "type": "Point",
        "coordinates": [
          51.3154609194809,
          32.64939241144464
        ]
      },
      "properties": {
        "name:fa": "سالن ورزشی",
        "description": "سالن ورزشی محل نگهداری داری مهمات از ماه دی به بعد احتمالا برای سرکوب اکنون خالی شده و قابل استفاده",
        "date": 1783542496,
        "city": "نجف‌ آباد",
        "province": "استان اصفهان",
        "id": "MzY6ZTM4YjdiOGJlNzZk",
        "publicId": "MzY6ZTM4YjdiOGJlNzZk",
        "sourceId": "e38b7b8be76d",
        "layerId": 36,
        "type": "event",
        "status": "active",
        "urgency": null,
        "verificationTag": "not-verified",
        "expirationDate": null,
        "createdAt": "2026-07-13T01:26:02.709Z",
        "updatedAt": "2026-07-21T21:34:31.763Z"
      }
    },
    {
      "type": "Feature",
      "id": 93485,
      "geometry": {
        "type": "Point",
        "coordinates": [
          59.62447265446366,
          36.3283107500542
        ]
      },
      "properties": {
        "name:fa": "حضور نیرو انتظامی",
        "description": "حضور گارد امنیتی نیرو انتظامی در آدرس میدان امام حسین به سمت خواجه ربیع",
        "date": 1784041881,
        "city": "مشهد",
        "province": "استان خراسان رضوی",
        "id": "MzY6ZGRjNzEyMjY0NjA3",
        "publicId": "MzY6ZGRjNzEyMjY0NjA3",
        "sourceId": "ddc712264607",
        "layerId": 36,
        "type": "event",
        "status": "active",
        "urgency": null,
        "verificationTag": "not-verified",
        "expirationDate": null,
        "createdAt": "2026-07-14T23:53:51.703Z",
        "updatedAt": "2026-07-21T21:34:31.763Z"
      }
    },
    {
      "type": "Feature",
      "id": 93486,
      "geometry": {
        "type": "Point",
        "coordinates": [
          59.6165079447955,
          36.314511189932915
        ]
      },
      "properties": {
        "name:fa": "محل تجمع طرفداران جمهوری اسلامی",
        "description": "محل تجمع و سخنرانی طرفداران جمهوری اسلامی همراه با حضور نیرو های امنیتی",
        "date": 1784041638,
        "city": "مشهد",
        "province": "استان خراسان رضوی",
        "id": "MzY6MDNmYTVkMjU5Mzky",
        "publicId": "MzY6MDNmYTVkMjU5Mzky",
        "sourceId": "03fa5d259392",
        "layerId": 36,
        "type": "event",
        "status": "active",
        "urgency": null,
        "verificationTag": "not-verified",
        "expirationDate": null,
        "createdAt": "2026-07-14T23:53:51.825Z",
        "updatedAt": "2026-07-21T21:34:31.763Z"
      }
    },
    {
      "type": "Feature",
      "id": 93487,
      "geometry": {
        "type": "Point",
        "coordinates": [
          59.614806384368734,
          36.312460366816055
        ]
      },
      "properties": {
        "name:fa": "تجمع طرفداری جمهوری اسلامی",
        "description": "محل شعار و تجمع طرفداری جمهوری اسلامی",
        "date": 1784041542,
        "city": "مشهد",
        "province": "استان خراسان رضوی",
        "id": "MzY6NzViMGZkMDk5ODk0",
        "publicId": "MzY6NzViMGZkMDk5ODk0",
        "sourceId": "75b0fd099894",
        "layerId": 36,
        "type": "event",
        "status": "active",
        "urgency": null,
        "verificationTag": "not-verified",
        "expirationDate": null,
        "createdAt": "2026-07-14T23:53:51.940Z",
        "updatedAt": "2026-07-21T21:34:31.763Z"
      }
    },
    {
      "type": "Feature",
      "id": 93488,
      "geometry": {
        "type": "Point",
        "coordinates": [
          51.034699,
          31.586208
        ]
      },
      "properties": {
        "name:fa": "آماده باش در مدارس",
        "description": "رژیم در صورت هر گونه احساس خطر ،طبق سوابق بنده که از نیروهای پیمانی ناجا بودم،دارم مطمعن و دونسته میگم،در اماکنی که تحت نظارت آموزش و پرورش مثلا فنی حرفه ای و مدارس،سکنا میکنند در حالت آماده باش",
        "date": 1784039148,
        "city": "شهرستان لردگان",
        "province": "استان چهارمحال و بختیاری",
        "id": "MzY6MGMxODljZTlmNGI5",
        "publicId": "MzY6MGMxODljZTlmNGI5",
        "sourceId": "0c189ce9f4b9",
        "layerId": 36,
        "type": "event",
        "status": "active",
        "urgency": null,
        "verificationTag": "not-verified",
        "expirationDate": null,
        "createdAt": "2026-07-14T23:53:52.047Z",
        "updatedAt": "2026-07-21T21:34:31.763Z"
      }
    },
    {
      "type": "Feature",
      "id": 93489,
      "geometry": {
        "type": "Point",
        "coordinates": [
          53.31176438720749,
          29.499287703761794
        ]
      },
      "properties": {
        "name:fa": "مشاهده خودروهای زرهی",
        "description": "اینجا اکثراً جای ماشین ها هست و یک یا دوبار ماشین های زرهی ضد شورش دیده شده.",
        "date": 1783981389,
        "city": "خرامه",
        "province": "استان فارس",
        "id": "MzY6YWI4MDkyYmI0MGZh",
        "publicId": "MzY6YWI4MDkyYmI0MGZh",
        "sourceId": "ab8092bb40fa",
        "layerId": 36,
        "type": "event",
        "status": "active",
        "urgency": null,
        "verificationTag": "not-verified",
        "expirationDate": null,
        "createdAt": "2026-07-14T23:53:52.141Z",
        "updatedAt": "2026-07-21T21:34:31.763Z"
      }
    },
    {
      "type": "Feature",
      "id": 93490,
      "geometry": {
        "type": "Point",
        "coordinates": [
          45.050599291866945,
          37.53071330958886
        ]
      },
      "properties": {
        "name:fa": "تجمع نیروی سرکوب",
        "description": "ساختمان وزارت اطلاعات خانه سازمانی تجمع نیروی سرکوب",
        "date": 1783971452,
        "city": "ارومیه",
        "province": "استان آذربایجان غربی",
        "id": "MzY6Yzk4ZmIyMGQxYzdj",
        "publicId": "MzY6Yzk4ZmIyMGQxYzdj",
        "sourceId": "c98fb20d1c7c",
        "layerId": 36,
        "type": "event",
        "status": "active",
        "urgency": null,
        "verificationTag": "not-verified",
        "expirationDate": null,
        "createdAt": "2026-07-14T23:53:52.244Z",
        "updatedAt": "2026-07-21T21:34:31.763Z"
      }
    },
    {
      "type": "Feature",
      "id": 93491,
      "geometry": {
        "type": "Point",
        "coordinates": [
          59.654566305484536,
          36.31283764064038
        ]
      },
      "properties": {
        "name:fa": "تجمع سپاه و بسیج",
        "description": "تجمع سپاه و بسیجی ها وحشی و جیره خواران نظام جمهوری اسلامی و آموزش نظامی به تروریست ها جمهوری اسلامی",
        "date": 1783968645,
        "city": "مشهد",
        "province": "استان خراسان رضوی",
        "id": "MzY6MzY0YWE2OGVjMDg2",
        "publicId": "MzY6MzY0YWE2OGVjMDg2",
        "sourceId": "364aa68ec086",
        "layerId": 36,
        "type": "event",
        "status": "active",
        "urgency": null,
        "verificationTag": "not-verified",
        "expirationDate": null,
        "createdAt": "2026-07-14T23:53:52.341Z",
        "updatedAt": "2026-07-21T21:34:31.763Z"
      }
    },
    {
      "type": "Feature",
      "id": 93492,
      "geometry": {
        "type": "Point",
        "coordinates": [
          50.1831225394138,
          30.70862933993692
        ]
      },
      "properties": {
        "name:fa": "لانچر",
        "description": "اینجا لانچر و پهباد ارسال میکنن به هوا و موشک با لانچر میفرستن",
        "date": 1784040524,
        "city": "بهبهان",
        "province": "استان خوزستان",
        "id": "MzY6NTZhMjMxMWFhYjU2",
        "publicId": "MzY6NTZhMjMxMWFhYjU2",
        "sourceId": "56a2311aab56",
        "layerId": 36,
        "type": "event",
        "status": "active",
        "urgency": null,
        "verificationTag": "not-verified",
        "expirationDate": null,
        "createdAt": "2026-07-15T00:07:47.922Z",
        "updatedAt": "2026-07-21T21:34:31.763Z"
      }
    },
    {
      "type": "Feature",
      "id": 93533,
      "geometry": {
        "type": "Point",
        "coordinates": [
          51.3136582531136,
          35.765364631678665
        ]
      },
      "properties": {
        "name:fa": "شرکت پارس پرداز",
        "unofficial_name:fa": "",
        "description": "شرکت پارس پرداز همکاری با سپاه برای ساخت پدافند ضد هوایی و موتور جت جنگنده 20 تیر 1405",
        "date": 1783788708,
        "city": "تهران",
        "province": "استان تهران",
        "id": "MzY6M2ViMjk2MDYxNDNj",
        "publicId": "MzY6M2ViMjk2MDYxNDNj",
        "sourceId": "3eb29606143c",
        "layerId": 36,
        "type": "event",
        "status": "active",
        "urgency": null,
        "verificationTag": "not-verified",
        "expirationDate": null,
        "createdAt": "2026-07-15T01:53:44.934Z",
        "updatedAt": "2026-07-28T01:38:25.296Z"
      }
    },
    {
      "type": "Feature",
      "id": 93685,
      "geometry": {
        "type": "Point",
        "coordinates": [
          50.35716,
          35.02307
        ]
      },
      "properties": {
        "name:fa": "منطقه نظامی سپاه",
        "description": "منطقه نظامی سپاه",
        "date": 1784151737,
        "city": "ساوه",
        "province": "استان مرکزی",
        "id": "MzY6OWQ2NjRjOGZlODIw",
        "publicId": "MzY6OWQ2NjRjOGZlODIw",
        "sourceId": "9d664c8fe820",
        "layerId": 36,
        "type": "event",
        "status": "active",
        "urgency": null,
        "verificationTag": "not-verified",
        "expirationDate": null,
        "createdAt": "2026-07-17T02:26:41.047Z",
        "updatedAt": "2026-07-21T21:34:31.763Z"
      }
    },
    {
      "type": "Feature",
      "id": 93686,
      "geometry": {
        "type": "Point",
        "coordinates": [
          48.703825214422864,
          31.35921451283376
        ]
      },
      "properties": {
        "name:fa": "اطلاعات گردان قدس اهواز",
        "description": "اطلاعات برون مرزی گردان قدس اهواز مجاورت با سیتی سنتر که در زمین های سپاه ساخته شده",
        "date": 1784144746,
        "city": "اهواز",
        "province": "استان خوزستان",
        "id": "MzY6M2E0ZmJkZjhiZTNi",
        "publicId": "MzY6M2E0ZmJkZjhiZTNi",
        "sourceId": "3a4fbdf8be3b",
        "layerId": 36,
        "type": "event",
        "status": "active",
        "urgency": null,
        "verificationTag": "not-verified",
        "expirationDate": null,
        "createdAt": "2026-07-17T02:26:41.138Z",
        "updatedAt": "2026-07-21T21:34:31.763Z"
      }
    },
    {
      "type": "Feature",
      "id": 93687,
      "geometry": {
        "type": "Point",
        "coordinates": [
          45.11443293768224,
          37.544360981710255
        ]
      },
      "properties": {
        "name:fa": "هشدار تخلیه",
        "description": "وجود افراد نظامی هشدار تخلیه",
        "date": 1784129915,
        "city": "ارومیه",
        "province": "استان آذربایجان غربی",
        "id": "MzY6YmE2MmJmMmJlN2Q5",
        "publicId": "MzY6YmE2MmJmMmJlN2Q5",
        "sourceId": "ba62bf2be7d9",
        "layerId": 36,
        "type": "event",
        "status": "active",
        "urgency": null,
        "verificationTag": "not-verified",
        "expirationDate": null,
        "createdAt": "2026-07-17T02:26:41.231Z",
        "updatedAt": "2026-07-21T21:34:31.763Z"
      }
    },
    {
      "type": "Feature",
      "id": 93691,
      "geometry": {
        "type": "Point",
        "coordinates": [
          50.513955,
          35.298138
        ]
      },
      "properties": {
        "name:fa": "استقرار نیروهای امنیتی",
        "description": "استقرار نیروهای امنیتی نظامی و سرکوب",
        "date": 1784151309,
        "city": "مأمونیه",
        "province": "استان مرکزی",
        "id": "MzY6ODE5ZjZhOGRjYTgz",
        "publicId": "MzY6ODE5ZjZhOGRjYTgz",
        "sourceId": "819f6a8dca83",
        "layerId": 36,
        "type": "event",
        "status": "active",
        "urgency": null,
        "verificationTag": "not-verified",
        "expirationDate": null,
        "createdAt": "2026-07-17T02:27:43.540Z",
        "updatedAt": "2026-07-21T21:34:31.763Z"
      }
    },
    {
      "type": "Feature",
      "id": 93692,
      "geometry": {
        "type": "Point",
        "coordinates": [
          59.60594581371737,
          36.29793753782354
        ]
      },
      "properties": {
        "name:fa": "تجمع حامیان نظام",
        "description": "محل تجمع طرفداران جمهوری اسلامی",
        "date": 1784141016,
        "city": "مشهد",
        "province": "استان خراسان رضوی",
        "id": "MzY6M2Y5YjM0YTZiNjAw",
        "publicId": "MzY6M2Y5YjM0YTZiNjAw",
        "sourceId": "3f9b34a6b600",
        "layerId": 36,
        "type": "event",
        "status": "active",
        "urgency": null,
        "verificationTag": "not-verified",
        "expirationDate": null,
        "createdAt": "2026-07-17T02:27:43.638Z",
        "updatedAt": "2026-07-21T21:34:31.763Z"
      }
    },
    {
      "type": "Feature",
      "id": 93693,
      "geometry": {
        "type": "Point",
        "coordinates": [
          59.612267436870525,
          36.2921761990777
        ]
      },
      "properties": {
        "name:fa": "تجمع جیره‌خواران",
        "description": "تجمع جیره خواران نظام",
        "date": 1784140418,
        "city": "مشهد",
        "province": "استان خراسان رضوی",
        "id": "MzY6YmUyN2U2Y2NkNTFj",
        "publicId": "MzY6YmUyN2U2Y2NkNTFj",
        "sourceId": "be27e6ccd51c",
        "layerId": 36,
        "type": "event",
        "status": "active",
        "urgency": null,
        "verificationTag": "not-verified",
        "expirationDate": null,
        "createdAt": "2026-07-17T02:27:43.732Z",
        "updatedAt": "2026-07-21T21:34:31.763Z"
      }
    },
    {
      "type": "Feature",
      "id": 93694,
      "geometry": {
        "type": "Point",
        "coordinates": [
          48.516401366947974,
          34.79674380329256
        ]
      },
      "properties": {
        "name:fa": "مدرسه حاجی بابایی",
        "description": "مدرسه حاجی بابایی در دوران اعتراضات محل استقرار و محمات سرکوبگران بوده",
        "date": 1784092314,
        "city": "همدان",
        "province": "استان همدان",
        "id": "MzY6YmU0ZWI4Mjg0OTQx",
        "publicId": "MzY6YmU0ZWI4Mjg0OTQx",
        "sourceId": "be4eb8284941",
        "layerId": 36,
        "type": "event",
        "status": "active",
        "urgency": null,
        "verificationTag": "not-verified",
        "expirationDate": null,
        "createdAt": "2026-07-17T02:27:43.812Z",
        "updatedAt": "2026-07-21T21:34:31.763Z"
      }
    },
    {
      "type": "Feature",
      "id": 93698,
      "geometry": {
        "type": "Point",
        "coordinates": [
          51.159006231923485,
          36.5055938700752
        ]
      },
      "properties": {
        "name:fa": "محل تجمع عرزشی ها",
        "description": "محل تجمع شبانه عرزشی ها",
        "date": 1784268931,
        "city": "کلاردشت",
        "province": "استان مازندران",
        "id": "MzY6NDRhYTU4NTNjZjEw",
        "publicId": "MzY6NDRhYTU4NTNjZjEw",
        "sourceId": "44aa5853cf10",
        "layerId": 36,
        "type": "event",
        "status": "active",
        "urgency": null,
        "verificationTag": "not-verified",
        "expirationDate": null,
        "createdAt": "2026-07-17T06:19:32.744Z",
        "updatedAt": "2026-07-21T21:34:31.763Z"
      }
    },
    {
      "type": "Feature",
      "id": 93717,
      "geometry": {
        "type": "Point",
        "coordinates": [
          53.99939852186702,
          27.764250620179325
        ]
      },
      "properties": {
        "name:fa": "محل تجمع",
        "description": "محل تجمع عرزشی‌ها و امنیتی‌ها",
        "date": 1784318894,
        "city": "اوز",
        "province": "استان فارس",
        "id": "MzY6MzJhMjQ5ZmYwODhj",
        "publicId": "MzY6MzJhMjQ5ZmYwODhj",
        "sourceId": "32a249ff088c",
        "layerId": 36,
        "type": "event",
        "status": "active",
        "urgency": null,
        "verificationTag": "not-verified",
        "expirationDate": null,
        "createdAt": "2026-07-17T21:26:39.137Z",
        "updatedAt": "2026-07-21T21:34:31.763Z"
      }
    },
    {
      "type": "Feature",
      "id": 93718,
      "geometry": {
        "type": "Point",
        "coordinates": [
          54.005977110914785,
          27.76002664390485
        ]
      },
      "properties": {
        "name:fa": "تجمع در شهرداری اوز",
        "description": "شهرداری اوز،محل تجمع عرزشی‌ها",
        "date": 1784318772,
        "city": "اوز",
        "province": "استان فارس",
        "id": "MzY6MjM5N2E3ZjJjNWQ0",
        "publicId": "MzY6MjM5N2E3ZjJjNWQ0",
        "sourceId": "2397a7f2c5d4",
        "layerId": 36,
        "type": "event",
        "status": "active",
        "urgency": null,
        "verificationTag": "not-verified",
        "expirationDate": null,
        "createdAt": "2026-07-17T21:26:39.268Z",
        "updatedAt": "2026-07-21T21:34:31.763Z"
      }
    },
    {
      "type": "Feature",
      "id": 93719,
      "geometry": {
        "type": "Point",
        "coordinates": [
          54.00600314311657,
          27.76501297075083
        ]
      },
      "properties": {
        "name:fa": "استقرار ماموران امنیتی در بیمارستان",
        "description": "بیمارستان دولتی امیدوار اِوز(آمبولانس کوچک گشت‌زنی ماموران امنیتی در اینجا مستقر میشن)",
        "date": 1784317027,
        "city": "اوز",
        "province": "استان فارس",
        "id": "MzY6ZDkyOWFhNjlkMTBm",
        "publicId": "MzY6ZDkyOWFhNjlkMTBm",
        "sourceId": "d929aa69d10f",
        "layerId": 36,
        "type": "event",
        "status": "active",
        "urgency": null,
        "verificationTag": "not-verified",
        "expirationDate": null,
        "createdAt": "2026-07-17T21:26:39.375Z",
        "updatedAt": "2026-07-21T21:34:31.763Z"
      }
    },
    {
      "type": "Feature",
      "id": 93720,
      "geometry": {
        "type": "Point",
        "coordinates": [
          48.690794,
          31.311353
        ]
      },
      "properties": {
        "name:fa": "تجمع بسیجی‌ها",
        "description": "وابسته به حوضه علمیه ومحل تجمع بسیجی ها",
        "date": 1784308564,
        "city": "اهواز",
        "province": "استان خوزستان",
        "id": "MzY6MTA5NDZlODRiYjU3",
        "publicId": "MzY6MTA5NDZlODRiYjU3",
        "sourceId": "10946e84bb57",
        "layerId": 36,
        "type": "event",
        "status": "active",
        "urgency": null,
        "verificationTag": "not-verified",
        "expirationDate": null,
        "createdAt": "2026-07-17T21:26:39.495Z",
        "updatedAt": "2026-07-21T21:34:31.763Z"
      }
    },
    {
      "type": "Feature",
      "id": 93721,
      "geometry": {
        "type": "Point",
        "coordinates": [
          51.2092754735836,
          35.75302247673716
        ]
      },
      "properties": {
        "name:fa": "تجمع بسیج",
        "description": "تجمع بسیج",
        "date": 1784286410,
        "city": "تهران",
        "province": "استان تهران",
        "id": "MzY6ODE2ODllMDQ2YmE1",
        "publicId": "MzY6ODE2ODllMDQ2YmE1",
        "sourceId": "81689e046ba5",
        "layerId": 36,
        "type": "event",
        "status": "active",
        "urgency": null,
        "verificationTag": "not-verified",
        "expirationDate": null,
        "createdAt": "2026-07-17T21:26:39.581Z",
        "updatedAt": "2026-07-21T21:34:31.763Z"
      }
    },
    {
      "type": "Feature",
      "id": 93722,
      "geometry": {
        "type": "Point",
        "coordinates": [
          51.374600951654344,
          35.7820593633806
        ]
      },
      "properties": {
        "name:fa": "تجمع بسیج",
        "description": "تجمع بسیج",
        "date": 1784286280,
        "city": "تهران",
        "province": "استان تهران",
        "id": "MzY6NzZiOGU3ZmZhYjZl",
        "publicId": "MzY6NzZiOGU3ZmZhYjZl",
        "sourceId": "76b8e7ffab6e",
        "layerId": 36,
        "type": "event",
        "status": "active",
        "urgency": null,
        "verificationTag": "not-verified",
        "expirationDate": null,
        "createdAt": "2026-07-17T21:26:39.685Z",
        "updatedAt": "2026-07-21T21:34:31.763Z"
      }
    },
    {
      "type": "Feature",
      "id": 93723,
      "geometry": {
        "type": "Point",
        "coordinates": [
          51.42931577298938,
          35.80694351054002
        ]
      },
      "properties": {
        "name:fa": "تجمع مزدوران",
        "description": "تجمع مزدوران",
        "date": 1784286160,
        "city": "تجریش",
        "province": "استان تهران",
        "id": "MzY6OWJmNWZlZDAyMjZh",
        "publicId": "MzY6OWJmNWZlZDAyMjZh",
        "sourceId": "9bf5fed0226a",
        "layerId": 36,
        "type": "event",
        "status": "active",
        "urgency": null,
        "verificationTag": "not-verified",
        "expirationDate": null,
        "createdAt": "2026-07-17T21:26:39.788Z",
        "updatedAt": "2026-07-21T21:34:31.763Z"
      }
    },
    {
      "type": "Feature",
      "id": 93743,
      "geometry": {
        "type": "Point",
        "coordinates": [
          53.99611475909069,
          27.755618221974814
        ]
      },
      "properties": {
        "name:fa": "خانه امن دولتی",
        "description": "خانه امن دولتی(سپاه،بسیج)",
        "date": 1784317970,
        "city": "اوز",
        "province": "استان فارس",
        "id": "MzY6MmQzOTI2MGFhMGFi",
        "publicId": "MzY6MmQzOTI2MGFhMGFi",
        "sourceId": "2d39260aa0ab",
        "layerId": 36,
        "type": "event",
        "status": "active",
        "urgency": null,
        "verificationTag": "not-verified",
        "expirationDate": null,
        "createdAt": "2026-07-17T21:36:04.622Z",
        "updatedAt": "2026-07-21T21:34:31.763Z"
      }
    },
    {
      "type": "Feature",
      "id": 93749,
      "geometry": {
        "type": "Point",
        "coordinates": [
          46.343663,
          38.078562
        ]
      },
      "properties": {
        "name:fa": "مقره سرکوبگران",
        "description": "این ناحیه بزرک مقره سرکوب گران است",
        "date": 1784285136,
        "city": "تبریز",
        "province": "استان آذربایجان شرقی",
        "id": "MzY6MWYyODEzNWI0Njlm",
        "publicId": "MzY6MWYyODEzNWI0Njlm",
        "sourceId": "1f28135b469f",
        "layerId": 36,
        "type": "event",
        "status": "active",
        "urgency": null,
        "verificationTag": "not-verified",
        "expirationDate": null,
        "createdAt": "2026-07-17T21:36:05.059Z",
        "updatedAt": "2026-07-21T21:34:31.763Z"
      }
    },
    {
      "type": "Feature",
      "id": 93768,
      "geometry": {
        "type": "Point",
        "coordinates": [
          51.33891339245778,
          32.392720103639704
        ]
      },
      "properties": {
        "name:fa": "محل تجمع بسیجی ها",
        "description": "محل تجمع شبانه بسیجی ها",
        "date": 1784351847,
        "city": "چمگردان",
        "province": "استان اصفهان",
        "id": "MzY6ZDQzNmUzZTdmMjJi",
        "publicId": "MzY6ZDQzNmUzZTdmMjJi",
        "sourceId": "d436e3e7f22b",
        "layerId": 36,
        "type": "event",
        "status": "active",
        "urgency": null,
        "verificationTag": "not-verified",
        "expirationDate": null,
        "createdAt": "2026-07-18T05:19:55.788Z",
        "updatedAt": "2026-07-21T21:34:31.763Z"
      }
    },
    {
      "type": "Feature",
      "id": 93783,
      "geometry": {
        "type": "Point",
        "coordinates": [
          59.618635437624874,
          36.32706452171689
        ]
      },
      "properties": {
        "name:fa": "تجمع در مدرسه گلدوزان",
        "description": "تجمع و سخنرانی افراد وابسته به جمهوری اسلامی و گارد امنیتی در مدرسه شهید گلدوزان. ابزار و وسایلشان را در مدرسه شهید گلدوزان قایم میکنند.",
        "date": 1784498611,
        "city": "مشهد",
        "province": "استان خراسان رضوی",
        "id": "MzY6ODhlMjhkZDQzZThk",
        "publicId": "MzY6ODhlMjhkZDQzZThk",
        "sourceId": "88e28dd43e8d",
        "layerId": 36,
        "type": "event",
        "status": "active",
        "urgency": null,
        "verificationTag": "not-verified",
        "expirationDate": null,
        "createdAt": "2026-07-20T00:15:55.178Z",
        "updatedAt": "2026-07-21T21:34:31.763Z"
      }
    },
    {
      "type": "Feature",
      "id": 93784,
      "geometry": {
        "type": "Point",
        "coordinates": [
          59.5089565412986,
          36.31561049812288
        ]
      },
      "properties": {
        "name:fa": "تجمع و پرچم گردانی",
        "description": "تجمع و پرچم گردانی لاشخور های جمهوری اسلامی",
        "date": 1784498150,
        "city": "مشهد",
        "province": "استان خراسان رضوی",
        "id": "MzY6ZjdhODc5M2U2NmM4",
        "publicId": "MzY6ZjdhODc5M2U2NmM4",
        "sourceId": "f7a8793e66c8",
        "layerId": 36,
        "type": "event",
        "status": "active",
        "urgency": null,
        "verificationTag": "not-verified",
        "expirationDate": null,
        "createdAt": "2026-07-20T00:15:55.289Z",
        "updatedAt": "2026-07-21T21:34:31.763Z"
      }
    },
    {
      "type": "Feature",
      "id": 93785,
      "geometry": {
        "type": "Point",
        "coordinates": [
          59.496946330633335,
          36.32313538488761
        ]
      },
      "properties": {
        "name:fa": "تجمع و گشت زنی",
        "description": "دیده شدن پلیس و نگهبان، گشت زنی و دیده بانی و ایستگاه تجمع عرزشی ها در بلوار شهید صارمی.",
        "date": 1784497806,
        "city": "مشهد",
        "province": "استان خراسان رضوی",
        "id": "MzY6NWE5ZDU5YmIxN2Nk",
        "publicId": "MzY6NWE5ZDU5YmIxN2Nk",
        "sourceId": "5a9d59bb17cd",
        "layerId": 36,
        "type": "event",
        "status": "active",
        "urgency": null,
        "verificationTag": "not-verified",
        "expirationDate": null,
        "createdAt": "2026-07-20T00:15:55.394Z",
        "updatedAt": "2026-07-21T21:34:31.763Z"
      }
    },
    {
      "type": "Feature",
      "id": 93786,
      "geometry": {
        "type": "Point",
        "coordinates": [
          59.55155752237354,
          36.339434290066265
        ]
      },
      "properties": {
        "name:fa": "تجمع عرزشی ها",
        "description": "تاریخ 27 تیر 1405 - ساعت 23:03 - محل : تجمع و شعار دادن عرزشی ها جمهوری اسلامی - مکان : جنب پاساژ کیان 2",
        "date": 1784497581,
        "city": "مشهد",
        "province": "استان خراسان رضوی",
        "id": "MzY6MGVjYzE0Y2JmMWIz",
        "publicId": "MzY6MGVjYzE0Y2JmMWIz",
        "sourceId": "0ecc14cbf1b3",
        "layerId": 36,
        "type": "event",
        "status": "active",
        "urgency": null,
        "verificationTag": "not-verified",
        "expirationDate": null,
        "createdAt": "2026-07-20T00:15:55.521Z",
        "updatedAt": "2026-07-21T21:34:31.763Z"
      }
    },
    {
      "type": "Feature",
      "id": 93787,
      "geometry": {
        "type": "Point",
        "coordinates": [
          59.56855220785607,
          36.32307873119261
        ]
      },
      "properties": {
        "name:fa": "حضور بسیج و سپاه",
        "description": "پرچم گردانی جیره خور های جمهوری اسلامی و حضور بسیجی و سپاهی مکان : بلوار خیام بعد از میدان فردوسی",
        "date": 1784497273,
        "city": "مشهد",
        "province": "استان خراسان رضوی",
        "id": "MzY6Yzk0MzNjNzY4ZWEz",
        "publicId": "MzY6Yzk0MzNjNzY4ZWEz",
        "sourceId": "c9433c768ea3",
        "layerId": 36,
        "type": "event",
        "status": "active",
        "urgency": null,
        "verificationTag": "not-verified",
        "expirationDate": null,
        "createdAt": "2026-07-20T00:15:55.611Z",
        "updatedAt": "2026-07-21T21:34:31.763Z"
      }
    },
    {
      "type": "Feature",
      "id": 93788,
      "geometry": {
        "type": "Point",
        "coordinates": [
          59.589704877858736,
          36.330514326218704
        ]
      },
      "properties": {
        "name:fa": "تجمع",
        "description": "تجمع و فریاد زنی طرفداران جمهوری اسلامی در بلوار شفا جنب پارک",
        "date": 1784497062,
        "city": "مشهد",
        "province": "استان خراسان رضوی",
        "id": "MzY6NDNkMmNkMmJhMGIw",
        "publicId": "MzY6NDNkMmNkMmJhMGIw",
        "sourceId": "43d2cd2ba0b0",
        "layerId": 36,
        "type": "event",
        "status": "active",
        "urgency": null,
        "verificationTag": "not-verified",
        "expirationDate": null,
        "createdAt": "2026-07-20T00:15:55.735Z",
        "updatedAt": "2026-07-21T21:34:31.763Z"
      }
    },
    {
      "type": "Feature",
      "id": 93789,
      "geometry": {
        "type": "Point",
        "coordinates": [
          48.66908,
          31.303903
        ]
      },
      "properties": {
        "name:fa": "تجمع نیروهای سرکوب",
        "description": "محل تجمع نیروهای سرکوب",
        "date": 1784473710,
        "city": "اهواز",
        "province": "استان خوزستان",
        "id": "MzY6YWFhOGJhZDczZjJl",
        "publicId": "MzY6YWFhOGJhZDczZjJl",
        "sourceId": "aaa8bad73f2e",
        "layerId": 36,
        "type": "event",
        "status": "active",
        "urgency": null,
        "verificationTag": "not-verified",
        "expirationDate": null,
        "createdAt": "2026-07-20T00:15:55.811Z",
        "updatedAt": "2026-07-21T21:34:31.763Z"
      }
    },
    {
      "type": "Feature",
      "id": 93790,
      "geometry": {
        "type": "Point",
        "coordinates": [
          48.683461,
          31.341259
        ]
      },
      "properties": {
        "name:fa": "محل تجمع راهپیمایی",
        "description": "محل تجمع راهپیمایی و کاروان های حکومتی همراه با نیروی سرکوب و بسیج",
        "date": 1784471627,
        "city": "اهواز",
        "province": "استان خوزستان",
        "id": "MzY6NWEyZTVlNTIzM2Zh",
        "publicId": "MzY6NWEyZTVlNTIzM2Zh",
        "sourceId": "5a2e5e5233fa",
        "layerId": 36,
        "type": "event",
        "status": "active",
        "urgency": null,
        "verificationTag": "not-verified",
        "expirationDate": null,
        "createdAt": "2026-07-20T00:15:55.896Z",
        "updatedAt": "2026-07-21T21:34:31.763Z"
      }
    },
    {
      "type": "Feature",
      "id": 93791,
      "geometry": {
        "type": "Point",
        "coordinates": [
          60.63667017674297,
          25.326477481075216
        ]
      },
      "properties": {
        "name:fa": "استقرار نیرو نظامی",
        "city": "شهرستان چابهار",
        "province": "استان سیستان و بلوچستان",
        "date": 1784448994,
        "description": "اقامت پرسنل پشتیبان نظامی لانچری تجهیزات مخابراتی",
        "sources": "",
        "id": "MzY6MTM5NzE5NTFlYzk2",
        "publicId": "MzY6MTM5NzE5NTFlYzk2",
        "sourceId": "13971951ec96",
        "layerId": 36,
        "type": "event",
        "status": "active",
        "urgency": null,
        "verificationTag": "not-verified",
        "expirationDate": null,
        "createdAt": "2026-07-20T00:15:55.967Z",
        "updatedAt": "2026-07-21T21:34:31.763Z"
      }
    },
    {
      "type": "Feature",
      "id": 93792,
      "geometry": {
        "type": "Point",
        "coordinates": [
          52.69262638927199,
          29.21250093359933
        ]
      },
      "properties": {
        "name:fa": "نیروهای امنیتی و نظامی",
        "description": "نیروهای امنیتی و نظامی",
        "date": 1784424564,
        "city": "کوار",
        "province": "استان فارس",
        "id": "MzY6ZDAwNGVkNWE0OTUx",
        "publicId": "MzY6ZDAwNGVkNWE0OTUx",
        "sourceId": "d004ed5a4951",
        "layerId": 36,
        "type": "event",
        "status": "active",
        "urgency": null,
        "verificationTag": "not-verified",
        "expirationDate": null,
        "createdAt": "2026-07-20T00:15:56.041Z",
        "updatedAt": "2026-07-21T21:34:31.763Z"
      }
    },
    {
      "type": "Feature",
      "id": 93793,
      "geometry": {
        "type": "Point",
        "coordinates": [
          51.399121078071374,
          35.61562738591468
        ]
      },
      "properties": {
        "name:fa": "تجمع و سپر انسانی",
        "description": "در این منطقه وقتی جنگ میشه تجمع میکنند و سپر انسانی درست میکنند",
        "date": 1784424495,
        "city": "تهران",
        "province": "استان تهران",
        "id": "MzY6Yzk5MDZiZGE0NjY1",
        "publicId": "MzY6Yzk5MDZiZGE0NjY1",
        "sourceId": "c9906bda4665",
        "layerId": 36,
        "type": "event",
        "status": "active",
        "urgency": null,
        "verificationTag": "not-verified",
        "expirationDate": null,
        "createdAt": "2026-07-20T00:15:56.114Z",
        "updatedAt": "2026-07-21T21:34:31.763Z"
      }
    },
    {
      "type": "Feature",
      "id": 93794,
      "geometry": {
        "type": "Point",
        "coordinates": [
          59.501966251955196,
          36.30785398553854
        ]
      },
      "properties": {
        "name:fa": "فعالیت امنیتی",
        "description": "دیده شدن مزدوران و گارد امنیتی جمهوری اسلامی همراه با پرچم گردانی و شعار دادن",
        "date": 1784412988,
        "city": "مشهد",
        "province": "استان خراسان رضوی",
        "id": "MzY6N2I1MmY3OWU2MmJj",
        "publicId": "MzY6N2I1MmY3OWU2MmJj",
        "sourceId": "7b52f79e62bc",
        "layerId": 36,
        "type": "event",
        "status": "active",
        "urgency": null,
        "verificationTag": "not-verified",
        "expirationDate": null,
        "createdAt": "2026-07-20T00:15:56.208Z",
        "updatedAt": "2026-07-21T21:34:31.763Z"
      }
    },
    {
      "type": "Feature",
      "id": 93795,
      "geometry": {
        "type": "Point",
        "coordinates": [
          59.50747263282915,
          36.314419758482856
        ]
      },
      "properties": {
        "name:fa": "پرچم گردانی جمهوری اسلامی",
        "description": "دیده شدن پرچم گردانی جمهوری اسلامی و حزب الله توسط جیره خواران جمهوری اسلامی",
        "date": 1784412857,
        "city": "مشهد",
        "province": "استان خراسان رضوی",
        "id": "MzY6YzRiZTdhMDgzOTE2",
        "publicId": "MzY6YzRiZTdhMDgzOTE2",
        "sourceId": "c4be7a083916",
        "layerId": 36,
        "type": "event",
        "status": "active",
        "urgency": null,
        "verificationTag": "not-verified",
        "expirationDate": null,
        "createdAt": "2026-07-20T00:15:56.295Z",
        "updatedAt": "2026-07-21T21:34:31.763Z"
      }
    },
    {
      "type": "Feature",
      "id": 93796,
      "geometry": {
        "type": "Point",
        "coordinates": [
          59.49737207912676,
          36.32278071223021
        ]
      },
      "properties": {
        "name:fa": "تجمعات پلیس و نگهبان",
        "description": "دیده شدن تجمعات عرزشی ها وحشی جمهوری اسلامی - دو گارد امنیتی پلیس و نگهبان در خیابان",
        "date": 1784412519,
        "city": "مشهد",
        "province": "استان خراسان رضوی",
        "id": "MzY6YzA3ZTU2ZTkxYjgx",
        "publicId": "MzY6YzA3ZTU2ZTkxYjgx",
        "sourceId": "c07e56e91b81",
        "layerId": 36,
        "type": "event",
        "status": "active",
        "urgency": null,
        "verificationTag": "not-verified",
        "expirationDate": null,
        "createdAt": "2026-07-20T00:15:56.367Z",
        "updatedAt": "2026-07-21T21:34:31.763Z"
      }
    },
    {
      "type": "Feature",
      "id": 93797,
      "geometry": {
        "type": "Point",
        "coordinates": [
          59.48222533603675,
          36.32447643736674
        ]
      },
      "properties": {
        "name:fa": "محل تجمع طرفداران جمهوری اسلامی",
        "description": "محل تجمع و پرچم گذاری طرفداران وحشی جمهوری اسلامی",
        "date": 1784412297,
        "city": "مشهد",
        "province": "استان خراسان رضوی",
        "id": "MzY6N2Q1OGVjMjY0OGU2",
        "publicId": "MzY6N2Q1OGVjMjY0OGU2",
        "sourceId": "7d58ec2648e6",
        "layerId": 36,
        "type": "event",
        "status": "active",
        "urgency": null,
        "verificationTag": "not-verified",
        "expirationDate": null,
        "createdAt": "2026-07-20T00:15:56.448Z",
        "updatedAt": "2026-07-21T21:34:31.763Z"
      }
    },
    {
      "type": "Feature",
      "id": 93798,
      "geometry": {
        "type": "Point",
        "coordinates": [
          51.57131,
          35.716275
        ]
      },
      "properties": {
        "name:fa": "محل استقرار و استراحت",
        "description": "محل استقرار شبانه و استراحتگاه",
        "date": 1784412240,
        "city": "تهران",
        "province": "استان تهران",
        "id": "MzY6OGMyY2UxMjFjNWQ0",
        "publicId": "MzY6OGMyY2UxMjFjNWQ0",
        "sourceId": "8c2ce121c5d4",
        "layerId": 36,
        "type": "event",
        "status": "active",
        "urgency": null,
        "verificationTag": "not-verified",
        "expirationDate": null,
        "createdAt": "2026-07-20T00:15:56.526Z",
        "updatedAt": "2026-07-21T21:34:31.763Z"
      }
    },
    {
      "type": "Feature",
      "id": 93799,
      "geometry": {
        "type": "Point",
        "coordinates": [
          51.39832527242962,
          35.6610913063933
        ]
      },
      "properties": {
        "name:fa": "ایست بازرسی بسیج و سپاه",
        "description": "ایست بازرسی در روزهای جنگ و آخر هفته ها ‌و تعطیلات و هر مدت حتی رندوم مدت بسیار طولانی هست که شاهد برپایی ایست بازرسی بسیج و سپاه در همین نقطه گاهی با پشتیبانی ابزاری و لجستیکی شهرداری ناحیه که دقیقا در همین موقعیت جنب خیابان ولیعصر هست",
        "date": 1784410856,
        "city": "تهران",
        "province": "استان تهران",
        "id": "MzY6ZTJmMjI3OTIxZGFh",
        "publicId": "MzY6ZTJmMjI3OTIxZGFh",
        "sourceId": "e2f227921daa",
        "layerId": 36,
        "type": "event",
        "status": "active",
        "urgency": null,
        "verificationTag": "not-verified",
        "expirationDate": null,
        "createdAt": "2026-07-20T00:15:56.601Z",
        "updatedAt": "2026-07-21T21:34:31.763Z"
      }
    },
    {
      "type": "Feature",
      "id": 93800,
      "geometry": {
        "type": "Point",
        "coordinates": [
          59.61024374559045,
          36.32608242030784
        ]
      },
      "properties": {
        "name:fa": "مقر طرفداران جمهوری اسلامی",
        "description": "دیده شدن طرفداران جمهوری اسلامی و مقر زدن",
        "date": 1784409322,
        "city": "مشهد",
        "province": "استان خراسان رضوی",
        "id": "MzY6OTA4MmM2OWVmMzcy",
        "publicId": "MzY6OTA4MmM2OWVmMzcy",
        "sourceId": "9082c69ef372",
        "layerId": 36,
        "type": "event",
        "status": "active",
        "urgency": null,
        "verificationTag": "not-verified",
        "expirationDate": null,
        "createdAt": "2026-07-20T00:15:56.677Z",
        "updatedAt": "2026-07-21T21:34:31.763Z"
      }
    },
    {
      "type": "Feature",
      "id": 93801,
      "geometry": {
        "type": "Point",
        "coordinates": [
          59.55162436863097,
          36.340009301809616
        ]
      },
      "properties": {
        "name:fa": "تجمع طرفداران جمهوری اسلامی",
        "description": "تجمع طرفداران وحشی جمهوری اسلامی",
        "date": 1784409189,
        "city": "مشهد",
        "province": "استان خراسان رضوی",
        "id": "MzY6OTUzMzE1MjY5NWQw",
        "publicId": "MzY6OTUzMzE1MjY5NWQw",
        "sourceId": "9533152695d0",
        "layerId": 36,
        "type": "event",
        "status": "active",
        "urgency": null,
        "verificationTag": "not-verified",
        "expirationDate": null,
        "createdAt": "2026-07-20T00:15:56.768Z",
        "updatedAt": "2026-07-21T21:34:31.763Z"
      }
    },
    {
      "type": "Feature",
      "id": 93802,
      "geometry": {
        "type": "Point",
        "coordinates": [
          59.563679553398,
          36.32579328753785
        ]
      },
      "properties": {
        "name:fa": "تجمع عرزشی ها",
        "description": "تجمع عرزشی ها و پرچم بگیران طرفداران جمهوری اسلامی جنب پاساژ پروما",
        "date": 1784408957,
        "city": "مشهد",
        "province": "استان خراسان رضوی",
        "id": "MzY6OWIyZTY5YTc2Zjcw",
        "publicId": "MzY6OWIyZTY5YTc2Zjcw",
        "sourceId": "9b2e69a76f70",
        "layerId": 36,
        "type": "event",
        "status": "active",
        "urgency": null,
        "verificationTag": "not-verified",
        "expirationDate": null,
        "createdAt": "2026-07-20T00:15:56.847Z",
        "updatedAt": "2026-07-21T21:34:31.763Z"
      }
    },
    {
      "type": "Feature",
      "id": 93803,
      "geometry": {
        "type": "Point",
        "coordinates": [
          59.59835089990648,
          36.333517092219765
        ]
      },
      "properties": {
        "name:fa": "تجمع گارد امنیتی",
        "description": "تجمع مزدوران و گارد امنیتی جمهوری اسلامی",
        "date": 1784408500,
        "city": "مشهد",
        "province": "استان خراسان رضوی",
        "id": "MzY6YTk4NWQwYzg3Yjlh",
        "publicId": "MzY6YTk4NWQwYzg3Yjlh",
        "sourceId": "a985d0c87b9a",
        "layerId": 36,
        "type": "event",
        "status": "active",
        "urgency": null,
        "verificationTag": "not-verified",
        "expirationDate": null,
        "createdAt": "2026-07-20T00:15:56.923Z",
        "updatedAt": "2026-07-21T21:34:31.763Z"
      }
    },
    {
      "type": "Feature",
      "id": 93804,
      "geometry": {
        "type": "Point",
        "coordinates": [
          59.59526802118381,
          36.33549956396017
        ]
      },
      "properties": {
        "name:fa": "تجمع طرفداران جمهوری اسلامی",
        "description": "محل تجمعات طرفداران جمهوری اسلامی و پرچم گردانی محل کنار پارک حجاب",
        "date": 1784408299,
        "city": "مشهد",
        "province": "استان خراسان رضوی",
        "id": "MzY6MWE1MjY3MDM0Yzky",
        "publicId": "MzY6MWE1MjY3MDM0Yzky",
        "sourceId": "1a5267034c92",
        "layerId": 36,
        "type": "event",
        "status": "active",
        "urgency": null,
        "verificationTag": "not-verified",
        "expirationDate": null,
        "createdAt": "2026-07-20T00:15:56.998Z",
        "updatedAt": "2026-07-21T21:34:31.763Z"
      }
    },
    {
      "type": "Feature",
      "id": 93805,
      "geometry": {
        "type": "Point",
        "coordinates": [
          54.19609222776168,
          32.011404117642
        ]
      },
      "properties": {
        "name:fa": "حضور لانچر سپاه",
        "description": "حضور لانچر سپاه",
        "date": 1784385817,
        "city": "اشکذر",
        "province": "استان یزد",
        "id": "MzY6ZGRlMTJmNjQwM2Y5",
        "publicId": "MzY6ZGRlMTJmNjQwM2Y5",
        "sourceId": "dde12f6403f9",
        "layerId": 36,
        "type": "event",
        "status": "active",
        "urgency": null,
        "verificationTag": "not-verified",
        "expirationDate": null,
        "createdAt": "2026-07-20T00:15:57.078Z",
        "updatedAt": "2026-07-21T21:34:31.763Z"
      }
    },
    {
      "type": "Feature",
      "id": 93806,
      "geometry": {
        "type": "Point",
        "coordinates": [
          51.351972,
          35.697868
        ]
      },
      "properties": {
        "name:fa": "تجمع بسیج در مدرسه",
        "description": "تجمع نیروهای بسیج با موتورسیکلت در حیاط مدرسه",
        "date": 1784372922,
        "city": "تهران",
        "province": "استان تهران",
        "id": "MzY6NjU2ZmI5M2UzZDZl",
        "publicId": "MzY6NjU2ZmI5M2UzZDZl",
        "sourceId": "656fb93e3d6e",
        "layerId": 36,
        "type": "event",
        "status": "active",
        "urgency": null,
        "verificationTag": "not-verified",
        "expirationDate": null,
        "createdAt": "2026-07-20T00:15:57.164Z",
        "updatedAt": "2026-07-21T21:34:31.763Z"
      }
    },
    {
      "type": "Feature",
      "id": 93807,
      "geometry": {
        "type": "Point",
        "coordinates": [
          48.69142220702051,
          31.347742843969613
        ]
      },
      "properties": {
        "name:fa": "تجمع نیروهای سرکوبگر",
        "description": "مسجد در حال تاسیس محل تجمع نیروهای سرکوبگر",
        "date": 1784371476,
        "city": "اهواز",
        "province": "استان خوزستان",
        "id": "MzY6ZjI1Y2YxMTdiNjAz",
        "publicId": "MzY6ZjI1Y2YxMTdiNjAz",
        "sourceId": "f25cf117b603",
        "layerId": 36,
        "type": "event",
        "status": "active",
        "urgency": null,
        "verificationTag": "not-verified",
        "expirationDate": null,
        "createdAt": "2026-07-20T00:15:57.242Z",
        "updatedAt": "2026-07-21T21:34:31.763Z"
      }
    },
    {
      "type": "Feature",
      "id": 93808,
      "geometry": {
        "type": "Point",
        "coordinates": [
          51.93377837102446,
          27.838070049206507
        ]
      },
      "properties": {
        "name:fa": "تجمع بسیجیان بندر دیر",
        "description": "این سوله ، سوله نظامی نیست، اینجا مصلی شهر بندر دیر است ، هرچند محل تجمع شبانه بسیجیان هر شب اینجاست و مراسم های حکومتی اینجا برگزار می شود اما در حال حاضر در نوبت صبح دانش آموزان در اینجا امتحان نهایی دوازدهم می دهند",
        "date": 1784355659,
        "city": "بندردیر",
        "province": "استان بوشهر",
        "id": "MzY6NDc5NzY3YTIyMDlj",
        "publicId": "MzY6NDc5NzY3YTIyMDlj",
        "sourceId": "479767a2209c",
        "layerId": 36,
        "type": "event",
        "status": "active",
        "urgency": null,
        "verificationTag": "not-verified",
        "expirationDate": null,
        "createdAt": "2026-07-20T00:15:57.315Z",
        "updatedAt": "2026-07-21T21:34:31.763Z"
      }
    },
    {
      "type": "Feature",
      "id": 93809,
      "geometry": {
        "type": "Point",
        "coordinates": [
          51.956258787316386,
          27.881952196369
        ]
      },
      "properties": {
        "name:fa": "فعالیت نظامی و موشکی",
        "description": "در ساختمان آتش نشانی شهر بردستان، ماشین لانچر موشکی در پارکینگ مورد اختفا قرار گرفت. همچنین تجهیزات ایست بازرسی و تفنگ نظامی در این مکان قرار گرفته است. موشک نیز از شهر بردستان شلیک شد.",
        "date": 1784354199,
        "city": "بردستان",
        "province": "استان بوشهر",
        "id": "MzY6NmM4NmY3MjA5ZGQ1",
        "publicId": "MzY6NmM4NmY3MjA5ZGQ1",
        "sourceId": "6c86f7209dd5",
        "layerId": 36,
        "type": "event",
        "status": "active",
        "urgency": null,
        "verificationTag": "not-verified",
        "expirationDate": null,
        "createdAt": "2026-07-20T00:15:57.389Z",
        "updatedAt": "2026-07-21T21:34:31.763Z"
      }
    },
    {
      "type": "Feature",
      "id": 93810,
      "geometry": {
        "type": "Point",
        "coordinates": [
          51.956671129031605,
          27.87888141006904
        ]
      },
      "properties": {
        "name:fa": "محل موقت مهمات سپاه",
        "description": "سالن فوتبال شهر بردستان، این مکان در سوله آن چند روزی مهمات نظامی سپاه در ایام جنگ ۴۰ روزه بود اما خارج نمودند",
        "date": 1784353919,
        "city": "بردستان",
        "province": "استان بوشهر",
        "id": "MzY6ZWM1MTllYzI0OGMw",
        "publicId": "MzY6ZWM1MTllYzI0OGMw",
        "sourceId": "ec519ec248c0",
        "layerId": 36,
        "type": "event",
        "status": "active",
        "urgency": null,
        "verificationTag": "not-verified",
        "expirationDate": null,
        "createdAt": "2026-07-20T00:15:57.462Z",
        "updatedAt": "2026-07-21T21:34:31.763Z"
      }
    },
    {
      "type": "Feature",
      "id": 93864,
      "geometry": {
        "type": "Point",
        "coordinates": [
          55.185834151343784,
          37.25051971573667
        ]
      },
      "properties": {
        "name:fa": "تجمع نیروهای انتظامی",
        "description": "تجمع نیروی های سرکوب و نیروی انتظامی",
        "date": 1784523149,
        "city": "گنبد کاووس",
        "province": "استان گلستان",
        "id": "MzY6NjM5YWRhOGJkZTQ0",
        "publicId": "MzY6NjM5YWRhOGJkZTQ0",
        "sourceId": "639ada8bde44",
        "layerId": 36,
        "type": "event",
        "status": "active",
        "urgency": null,
        "verificationTag": "not-verified",
        "expirationDate": null,
        "createdAt": "2026-07-20T07:47:02.868Z",
        "updatedAt": "2026-07-21T21:34:31.763Z"
      }
    },
    {
      "type": "Feature",
      "id": 93865,
      "geometry": {
        "type": "Point",
        "coordinates": [
          55.18373009392869,
          37.244280400335455
        ]
      },
      "properties": {
        "name:fa": "تجمع نیروهای سرکوب",
        "description": "تجمع نیرو های سرکوب",
        "date": 1784523110,
        "city": "گنبد کاووس",
        "province": "استان گلستان",
        "id": "MzY6ZTJmZjJkYjA4YjQx",
        "publicId": "MzY6ZTJmZjJkYjA4YjQx",
        "sourceId": "e2ff2db08b41",
        "layerId": 36,
        "type": "event",
        "status": "active",
        "urgency": null,
        "verificationTag": "not-verified",
        "expirationDate": null,
        "createdAt": "2026-07-20T07:47:02.998Z",
        "updatedAt": "2026-07-21T21:34:31.763Z"
      }
    },
    {
      "type": "Feature",
      "id": 93866,
      "geometry": {
        "type": "Point",
        "coordinates": [
          48.683303,
          31.356249
        ]
      },
      "properties": {
        "name:fa": "محل تجمع نیروها",
        "description": "محل تجمع سرکوبگران و نیروهای رژیم در هنگام تعطیلی مدارس هنگام جنگ",
        "date": 1784522285,
        "city": "اهواز",
        "province": "استان خوزستان",
        "id": "MzY6ZWU4YTZmNzgzMjNi",
        "publicId": "MzY6ZWU4YTZmNzgzMjNi",
        "sourceId": "ee8a6f78323b",
        "layerId": 36,
        "type": "event",
        "status": "active",
        "urgency": null,
        "verificationTag": "not-verified",
        "expirationDate": null,
        "createdAt": "2026-07-20T07:47:03.125Z",
        "updatedAt": "2026-07-21T21:34:31.763Z"
      }
    },
    {
      "type": "Feature",
      "id": 93898,
      "geometry": {
        "type": "Point",
        "coordinates": [
          48.54724849004276,
          34.82953823477267
        ]
      },
      "properties": {
        "name:fa": "محل تجمعات شبانه",
        "description": "محل تجمعات شبانه جمهوری اسلامی همدان شهرک مدنی",
        "date": 1784566550,
        "city": "شهرک شهید مدنی",
        "province": "استان همدان",
        "id": "MzY6MmU2MTNlMzIyMThk",
        "publicId": "MzY6MmU2MTNlMzIyMThk",
        "sourceId": "2e613e32218d",
        "layerId": 36,
        "type": "event",
        "status": "active",
        "urgency": null,
        "verificationTag": "not-verified",
        "expirationDate": null,
        "createdAt": "2026-07-21T04:45:19.507Z",
        "updatedAt": "2026-07-21T21:34:31.763Z"
      }
    },
    {
      "type": "Feature",
      "id": 93899,
      "geometry": {
        "type": "Point",
        "coordinates": [
          48.562288434090874,
          34.79628117763616
        ]
      },
      "properties": {
        "name:fa": "ایست بازرسی باغ بهشت همدان",
        "description": "ایست بازرسی ورودی باغ بهشت همدان",
        "date": 1784566481,
        "city": "همدان",
        "province": "استان همدان",
        "id": "MzY6N2E5YjMyYWViMTJh",
        "publicId": "MzY6N2E5YjMyYWViMTJh",
        "sourceId": "7a9b32aeb12a",
        "layerId": 36,
        "type": "event",
        "status": "active",
        "urgency": null,
        "verificationTag": "not-verified",
        "expirationDate": null,
        "createdAt": "2026-07-21T04:45:19.663Z",
        "updatedAt": "2026-07-21T21:34:31.763Z"
      }
    },
    {
      "type": "Feature",
      "id": 93900,
      "geometry": {
        "type": "Point",
        "coordinates": [
          48.632346,
          31.368014
        ]
      },
      "properties": {
        "name:fa": "تجمع ماموران کلانتری",
        "description": "محل تجمع ماموران کلانتری ۳۶ هنگام جنگ",
        "date": 1784565931,
        "city": "اهواز",
        "province": "استان خوزستان",
        "id": "MzY6Y2QxOTEzZGExZTdl",
        "publicId": "MzY6Y2QxOTEzZGExZTdl",
        "sourceId": "cd1913da1e7e",
        "layerId": 36,
        "type": "event",
        "status": "active",
        "urgency": null,
        "verificationTag": "not-verified",
        "expirationDate": null,
        "createdAt": "2026-07-21T04:45:19.784Z",
        "updatedAt": "2026-07-21T21:34:31.763Z"
      }
    },
    {
      "type": "Feature",
      "id": 93903,
      "geometry": {
        "type": "Point",
        "coordinates": [
          50.7963917223243,
          32.22569685770078
        ]
      },
      "properties": {
        "name:fa": "تجمع نیروهای سرکوب",
        "description": "تجمع نیروهای سرکوب",
        "date": 1784559900,
        "city": "هفشجان",
        "province": "استان چهارمحال و بختیاری",
        "id": "MzY6M2MwZWYwY2MyYWE4",
        "publicId": "MzY6M2MwZWYwY2MyYWE4",
        "sourceId": "3c0ef0cc2aa8",
        "layerId": 36,
        "type": "event",
        "status": "active",
        "urgency": null,
        "verificationTag": "not-verified",
        "expirationDate": null,
        "createdAt": "2026-07-21T05:55:12.703Z",
        "updatedAt": "2026-07-21T21:34:31.763Z"
      }
    },
    {
      "type": "Feature",
      "id": 93924,
      "geometry": {
        "type": "Point",
        "coordinates": [
          54.166626,
          27.659069
        ]
      },
      "properties": {
        "name:fa": "ایست بازرسی",
        "description": "اینجا ایست میزنن با اسلحه و گیر میدن به مردم، ۱۰-۱۲ نفر هرسری هستن.",
        "date": 1784677411,
        "city": "شهرستان گراش",
        "province": "استان فارس",
        "id": "MzY6ZjYwZjljMzBiMjc0",
        "publicId": "MzY6ZjYwZjljMzBiMjc0",
        "sourceId": "f60f9c30b274",
        "layerId": 36,
        "type": "location",
        "status": "active",
        "urgency": null,
        "verificationTag": "not-verified",
        "expirationDate": null,
        "createdAt": "2026-07-22T00:15:18.919Z",
        "updatedAt": "2026-07-22T00:15:18.919Z"
      }
    },
    {
      "type": "Feature",
      "id": 93925,
      "geometry": {
        "type": "Point",
        "coordinates": [
          49.5697546005249,
          37.26426825880718
        ]
      },
      "properties": {
        "name:fa": "استقرار سلاح سنگین",
        "description": "30تیر ماه سلاح های نیمه سنگین مثل دوشکا در اینجا آوردن و برای سر کوی مردم آماده باش هستند",
        "date": 1784677159,
        "city": "کلانشهر رشت",
        "province": "استان گیلان",
        "id": "MzY6MDlhYjVmMTBmNmY0",
        "publicId": "MzY6MDlhYjVmMTBmNmY0",
        "sourceId": "09ab5f10f6f4",
        "layerId": 36,
        "type": "event",
        "status": "active",
        "urgency": null,
        "verificationTag": "not-verified",
        "expirationDate": null,
        "createdAt": "2026-07-22T00:15:19.042Z",
        "updatedAt": "2026-07-22T00:15:19.042Z"
      }
    },
    {
      "type": "Feature",
      "id": 93926,
      "geometry": {
        "type": "Point",
        "coordinates": [
          49.56155776977539,
          37.24221847649662
        ]
      },
      "properties": {
        "name:fa": "تردد در مقر",
        "description": "دوباره از لاکان به مقر آمدن",
        "date": 1784677017,
        "city": "کلانشهر رشت",
        "province": "استان گیلان",
        "id": "MzY6YTBlMmRmNmU1OTdh",
        "publicId": "MzY6YTBlMmRmNmU1OTdh",
        "sourceId": "a0e2df6e597a",
        "layerId": 36,
        "type": "event",
        "status": "active",
        "urgency": null,
        "verificationTag": "not-verified",
        "expirationDate": null,
        "createdAt": "2026-07-22T00:15:19.179Z",
        "updatedAt": "2026-07-22T00:15:19.179Z"
      }
    },
    {
      "type": "Feature",
      "id": 93927,
      "geometry": {
        "type": "Point",
        "coordinates": [
          49.33209351497314,
          31.79683050375047
        ]
      },
      "properties": {
        "name:fa": "فعالیت پهپادی",
        "description": "در جنگ چهل روزه به روستا با خانواده رفتيم. وانت نیسان داخلش پهپاد بود. زمانی که با خانواده روی کوه بودیم آنها آمدند و به ما گفتند که اینجا نباشیم. بعد از آن یک پهپاد بلند کردند و یکی هم داخل ماشین بود. وقتی نگاه کردم داشتند برمی‌گشتند. دو تا نیسان بودند. این مکان چندین سال پیش محل پرورش مرغ بود.",
        "date": 1784673536,
        "city": "شهرستان مسجدسلیمان",
        "province": "استان خوزستان",
        "id": "MzY6ZmI3OTQ3ZGI3M2Uw",
        "publicId": "MzY6ZmI3OTQ3ZGI3M2Uw",
        "sourceId": "fb7947db73e0",
        "layerId": 36,
        "type": "event",
        "status": "active",
        "urgency": null,
        "verificationTag": "not-verified",
        "expirationDate": null,
        "createdAt": "2026-07-22T00:15:19.269Z",
        "updatedAt": "2026-07-22T00:15:19.269Z"
      }
    },
    {
      "type": "Feature",
      "id": 93928,
      "geometry": {
        "type": "Point",
        "coordinates": [
          54.38378217186718,
          31.85794322779431
        ]
      },
      "properties": {
        "name:fa": "حضور یگان ویژه (لباس شخصی)",
        "description": "هر لحظه در این مکان سرکوبگر های یگان ویژه در کنار پارک به صورت لباس شخصی حضور دارن به دلیل ترس از حضور تو مقر اصلی خودشون",
        "date": 1784620576,
        "city": "یزد",
        "province": "استان یزد",
        "id": "MzY6YTE4ODQzMDU5ZWQw",
        "publicId": "MzY6YTE4ODQzMDU5ZWQw",
        "sourceId": "a18843059ed0",
        "layerId": 36,
        "type": "event",
        "status": "active",
        "urgency": null,
        "verificationTag": "not-verified",
        "expirationDate": null,
        "createdAt": "2026-07-22T00:15:19.373Z",
        "updatedAt": "2026-07-22T00:15:19.373Z"
      }
    },
    {
      "type": "Feature",
      "id": 93943,
      "geometry": {
        "type": "Point",
        "coordinates": [
          46.281719375611885,
          38.103565887275465
        ]
      },
      "properties": {
        "name:fa": "استقرار نیروهای بسیج و سپاه",
        "description": "مکان استقرار و سازمان دهی نیروهای بسیج و سپاه در زمان حملات در داخل فرهنگ سرای الغدیر",
        "date": 1784735897,
        "city": "تبریز",
        "province": "استان آذربایجان شرقی",
        "id": "MzY6ZjZhZjg2ODQ3MGVm",
        "publicId": "MzY6ZjZhZjg2ODQ3MGVm",
        "sourceId": "f6af868470ef",
        "layerId": 36,
        "type": "event",
        "status": "active",
        "urgency": null,
        "verificationTag": "not-verified",
        "expirationDate": null,
        "createdAt": "2026-07-22T21:55:25.764Z",
        "updatedAt": "2026-07-22T21:55:25.764Z"
      }
    },
    {
      "type": "Feature",
      "id": 93944,
      "geometry": {
        "type": "Point",
        "coordinates": [
          48.51365452077522,
          34.791607901620836
        ]
      },
      "properties": {
        "name:fa": "تجمعات شبانه",
        "description": "محل تجمعات شبانه جمهوری اسلامی",
        "date": 1784726227,
        "city": "همدان",
        "province": "استان همدان",
        "id": "MzY6NzM2ZGNmMjcxYjM1",
        "publicId": "MzY6NzM2ZGNmMjcxYjM1",
        "sourceId": "736dcf271b35",
        "layerId": 36,
        "type": "event",
        "status": "active",
        "urgency": null,
        "verificationTag": "not-verified",
        "expirationDate": null,
        "createdAt": "2026-07-22T21:55:25.886Z",
        "updatedAt": "2026-07-22T21:55:25.886Z"
      }
    },
    {
      "type": "Feature",
      "id": 93945,
      "geometry": {
        "type": "Point",
        "coordinates": [
          59.65644108759187,
          36.2788166312361
        ]
      },
      "properties": {
        "name:fa": "تجمع طرفداران جمهوری اسلامی",
        "description": "تاریخ 31 تیر 1405: تجمع و شعار دادن طرفداران جمهوری اسلامی در خیابان مهر آباد",
        "date": 1784724759,
        "city": "مشهد",
        "province": "استان خراسان رضوی",
        "id": "MzY6Y2ZhMGI5ZTE1NWY3",
        "publicId": "MzY6Y2ZhMGI5ZTE1NWY3",
        "sourceId": "cfa0b9e155f7",
        "layerId": 36,
        "type": "event",
        "status": "active",
        "urgency": null,
        "verificationTag": "not-verified",
        "expirationDate": null,
        "createdAt": "2026-07-22T21:55:26.017Z",
        "updatedAt": "2026-07-22T21:55:26.017Z"
      }
    },
    {
      "type": "Feature",
      "id": 93946,
      "geometry": {
        "type": "Point",
        "coordinates": [
          51.04336198797989,
          29.60271273180105
        ]
      },
      "properties": {
        "name:fa": "رفت و آمد انبار موشکی",
        "description": "انبار موشکی مخفی خیلی سری،رفت و آمدها شب انجام می شود",
        "date": 1784713608,
        "city": "شهرستان دشتستان",
        "province": "استان بوشهر",
        "id": "MzY6ZTc5ZTZiN2MxZjli",
        "publicId": "MzY6ZTc5ZTZiN2MxZjli",
        "sourceId": "e79e6b7c1f9b",
        "layerId": 36,
        "type": "event",
        "status": "active",
        "urgency": null,
        "verificationTag": "not-verified",
        "expirationDate": null,
        "createdAt": "2026-07-22T21:55:26.117Z",
        "updatedAt": "2026-07-22T21:55:26.117Z"
      }
    },
    {
      "type": "Feature",
      "id": 93947,
      "geometry": {
        "type": "Point",
        "coordinates": [
          50.78787739016056,
          30.358010827220156
        ]
      },
      "properties": {
        "name:fa": "پرچم گردانی",
        "description": "این قسمت پرچم گردانی هست",
        "date": 1784693068,
        "city": "گچساران",
        "province": "استان کهگیلویه و بویراحمد",
        "id": "MzY6ZjAyMWRjNDFjZDU3",
        "publicId": "MzY6ZjAyMWRjNDFjZDU3",
        "sourceId": "f021dc41cd57",
        "layerId": 36,
        "type": "event",
        "status": "active",
        "urgency": null,
        "verificationTag": "not-verified",
        "expirationDate": null,
        "createdAt": "2026-07-22T21:55:26.209Z",
        "updatedAt": "2026-07-22T21:55:26.209Z"
      }
    },
    {
      "type": "Feature",
      "id": 93992,
      "geometry": {
        "type": "Point",
        "coordinates": [
          52.41409421978406,
          29.749991435246713
        ]
      },
      "properties": {
        "name:fa": "دکه لباس شخصی‌ها",
        "description": "دکه سیار شبانه لباس شخصی‌ها به عنوان فروشنده تغذیه",
        "date": 1784866057,
        "city": "شیراز",
        "province": "استان فارس",
        "id": "MzY6ZDkzMTM3NGNlN2Jh",
        "publicId": "MzY6ZDkzMTM3NGNlN2Jh",
        "sourceId": "d931374ce7ba",
        "layerId": 36,
        "type": "event",
        "status": "active",
        "urgency": null,
        "verificationTag": "not-verified",
        "expirationDate": null,
        "createdAt": "2026-07-24T05:30:16.440Z",
        "updatedAt": "2026-07-24T05:30:16.440Z"
      }
    },
    {
      "type": "Feature",
      "id": 93993,
      "geometry": {
        "type": "Point",
        "coordinates": [
          48.30057110940689,
          33.461331679215135
        ]
      },
      "properties": {
        "name:fa": "حمل موشک",
        "description": "حمل موشک در کانتیر تریلر کنار سنگ های بزرگ جاده در گیلوران بالا.",
        "date": 1784865420,
        "city": "خرم آباد",
        "province": "استان لرستان",
        "id": "MzY6NTc3YmIxZmNhZWY1",
        "publicId": "MzY6NTc3YmIxZmNhZWY1",
        "sourceId": "577bb1fcaef5",
        "layerId": 36,
        "type": "event",
        "status": "active",
        "urgency": null,
        "verificationTag": "not-verified",
        "expirationDate": null,
        "createdAt": "2026-07-24T05:30:16.565Z",
        "updatedAt": "2026-07-24T05:30:16.565Z"
      }
    },
    {
      "type": "Feature",
      "id": 93994,
      "geometry": {
        "type": "Point",
        "coordinates": [
          51.44273441817856,
          35.77668904556455
        ]
      },
      "properties": {
        "name:fa": "فعالیت بسیج",
        "description": "فعالیت شدید بسیج منطقه سه تهران در این نقطه. ساعت ۷ صبح ۲ مرداد",
        "date": 1784863641,
        "city": "تهران",
        "province": "استان تهران",
        "id": "MzY6YzAyNzFiZjJmNTI3",
        "publicId": "MzY6YzAyNzFiZjJmNTI3",
        "sourceId": "c0271bf2f527",
        "layerId": 36,
        "type": "event",
        "status": "active",
        "urgency": null,
        "verificationTag": "not-verified",
        "expirationDate": null,
        "createdAt": "2026-07-24T05:30:16.673Z",
        "updatedAt": "2026-07-24T05:30:16.673Z"
      }
    },
    {
      "type": "Feature",
      "id": 93995,
      "geometry": {
        "type": "Point",
        "coordinates": [
          59.59896622233646,
          36.29563251297397
        ]
      },
      "properties": {
        "name:fa": "تجمع و شعار دادن",
        "description": "شعار دادن کاغذی و سینه زدن جیره خواران جمهوری اسلامی در بلوار دانشگاه",
        "date": 1784835383,
        "city": "مشهد",
        "province": "استان خراسان رضوی",
        "id": "MzY6ZDZmNmNhYzY0NmY0",
        "publicId": "MzY6ZDZmNmNhYzY0NmY0",
        "sourceId": "d6f6cac646f4",
        "layerId": 36,
        "type": "event",
        "status": "active",
        "urgency": null,
        "verificationTag": "not-verified",
        "expirationDate": null,
        "createdAt": "2026-07-24T05:30:16.797Z",
        "updatedAt": "2026-07-24T05:30:16.797Z"
      }
    },
    {
      "type": "Feature",
      "id": 93996,
      "geometry": {
        "type": "Point",
        "coordinates": [
          59.60202986829225,
          36.29181108640938
        ]
      },
      "properties": {
        "name:fa": "حضور نیرو انتظامی",
        "description": "حضور ماشین نیرو انتظامی و دیده بانی و نظارت بر خیابان مدرس",
        "date": 1784835266,
        "city": "مشهد",
        "province": "استان خراسان رضوی",
        "id": "MzY6ODRmMjFlMzlkYTQ5",
        "publicId": "MzY6ODRmMjFlMzlkYTQ5",
        "sourceId": "84f21e39da49",
        "layerId": 36,
        "type": "event",
        "status": "active",
        "urgency": null,
        "verificationTag": "not-verified",
        "expirationDate": null,
        "createdAt": "2026-07-24T05:30:16.900Z",
        "updatedAt": "2026-07-24T05:30:16.900Z"
      }
    },
    {
      "type": "Feature",
      "id": 93997,
      "geometry": {
        "type": "Point",
        "coordinates": [
          48.50134943064441,
          32.33173544812182
        ]
      },
      "properties": {
        "name:fa": "ایست بازرسی ورودی دزفول",
        "description": "پایگاه بسیج مالک اشتر و ایست بازرسی ورودی دزفول",
        "date": 1784826952,
        "city": "شهرستان دزفول",
        "province": "استان خوزستان",
        "id": "MzY6Zjk0MTY5MzNhY2Jh",
        "publicId": "MzY6Zjk0MTY5MzNhY2Jh",
        "sourceId": "f9416933acba",
        "layerId": 36,
        "type": "event",
        "status": "active",
        "urgency": null,
        "verificationTag": "not-verified",
        "expirationDate": null,
        "createdAt": "2026-07-24T05:30:16.998Z",
        "updatedAt": "2026-07-24T05:30:16.998Z"
      }
    },
    {
      "type": "Feature",
      "id": 93998,
      "geometry": {
        "type": "Point",
        "coordinates": [
          49.29022832638128,
          37.526556852001846
        ]
      },
      "properties": {
        "name:fa": "ایست بازرسی بسیج و سپاه",
        "description": "هتل یاس متین، شرکت ذوب آهن اصفهان، مرکز تفریحی. ایست بازرسی بسیج و ایست بازرسی سپاه پاسداران، اغلب شب‌ها.",
        "date": 1784794505,
        "city": "شهرستان بندر انزلی",
        "province": "استان گیلان",
        "id": "MzY6YTdjM2JmMzk1MWJi",
        "publicId": "MzY6YTdjM2JmMzk1MWJi",
        "sourceId": "a7c3bf3951bb",
        "layerId": 36,
        "type": "event",
        "status": "active",
        "urgency": null,
        "verificationTag": "not-verified",
        "expirationDate": null,
        "createdAt": "2026-07-24T05:30:17.071Z",
        "updatedAt": "2026-07-24T05:30:17.071Z"
      }
    },
    {
      "type": "Feature",
      "id": 93999,
      "geometry": {
        "type": "Point",
        "coordinates": [
          51.34963380613863,
          34.04536665347622
        ]
      },
      "properties": {
        "name:fa": "صدای جنگنده",
        "description": "هم اکنون شنیده شدن صدای جنگنده در اسمان",
        "date": 1784772038,
        "city": "طاهر آباد",
        "province": "استان اصفهان",
        "id": "MzY6N2E2ZmE1OTM5NmEz",
        "publicId": "MzY6N2E2ZmE1OTM5NmEz",
        "sourceId": "7a6fa59396a3",
        "layerId": 36,
        "type": "event",
        "status": "active",
        "urgency": null,
        "verificationTag": "not-verified",
        "expirationDate": null,
        "createdAt": "2026-07-24T05:30:17.147Z",
        "updatedAt": "2026-07-24T05:30:17.147Z"
      }
    },
    {
      "type": "Feature",
      "id": 94027,
      "geometry": {
        "type": "Point",
        "coordinates": [
          59.61860670771415,
          36.31811052039609
        ]
      },
      "properties": {
        "name:fa": "تجمع طرفداران نظام",
        "description": "تجمع طرفداران نظام و پرچم گردانی و حضور گارد امنیتی وحشی جمهوری اسلامی",
        "date": 1784920967,
        "city": "مشهد",
        "province": "استان خراسان رضوی",
        "id": "MzY6MzIzNTIwMWNiYzNm",
        "publicId": "MzY6MzIzNTIwMWNiYzNm",
        "sourceId": "3235201cbc3f",
        "layerId": 36,
        "type": "event",
        "status": "active",
        "urgency": null,
        "verificationTag": "not-verified",
        "expirationDate": null,
        "createdAt": "2026-07-24T23:34:58.462Z",
        "updatedAt": "2026-07-24T23:34:58.462Z"
      }
    },
    {
      "type": "Feature",
      "id": 94028,
      "geometry": {
        "type": "Point",
        "coordinates": [
          59.462806169580915,
          36.34561129857933
        ]
      },
      "properties": {
        "name:fa": "تجمع در مسجد امام علی",
        "description": "تجمع جیره خواران نظام و پرچم گردانی و حضور گارد امنیتی در مسجد و حسینیه امام علی",
        "date": 1784920573,
        "city": "مشهد",
        "province": "استان خراسان رضوی",
        "id": "MzY6OTA3NzAwNDVhZTZl",
        "publicId": "MzY6OTA3NzAwNDVhZTZl",
        "sourceId": "90770045ae6e",
        "layerId": 36,
        "type": "event",
        "status": "active",
        "urgency": null,
        "verificationTag": "not-verified",
        "expirationDate": null,
        "createdAt": "2026-07-24T23:34:58.610Z",
        "updatedAt": "2026-07-24T23:34:58.610Z"
      }
    },
    {
      "type": "Feature",
      "id": 94029,
      "geometry": {
        "type": "Point",
        "coordinates": [
          59.52471047730302,
          36.35593485022726
        ]
      },
      "properties": {
        "name:fa": "تجمعات جنب بانک ملی",
        "description": "محل تجمعات و شعار دادن افراد جیره خواران جمهوری اسلامی جنب بانک ملی ایران",
        "date": 1784919756,
        "city": "مشهد",
        "province": "استان خراسان رضوی",
        "id": "MzY6MWZlOGY4MmI0Nzgw",
        "publicId": "MzY6MWZlOGY4MmI0Nzgw",
        "sourceId": "1fe8f82b4780",
        "layerId": 36,
        "type": "event",
        "status": "active",
        "urgency": null,
        "verificationTag": "not-verified",
        "expirationDate": null,
        "createdAt": "2026-07-24T23:34:58.720Z",
        "updatedAt": "2026-07-24T23:34:58.720Z"
      }
    },
    {
      "type": "Feature",
      "id": 94030,
      "geometry": {
        "type": "Point",
        "coordinates": [
          59.48188747970394,
          36.351426541563725
        ]
      },
      "properties": {
        "name:fa": "پرچم تکانی و شعارنویسی",
        "description": "پرچم تکانی و شعار های نوشتاری توسط مزدوران جمهوری اسلامی در شریعتی",
        "date": 1784919438,
        "city": "مشهد",
        "province": "استان خراسان رضوی",
        "id": "MzY6MmVlMmU0YWUzMjY3",
        "publicId": "MzY6MmVlMmU0YWUzMjY3",
        "sourceId": "2ee2e4ae3267",
        "layerId": 36,
        "type": "event",
        "status": "active",
        "urgency": null,
        "verificationTag": "not-verified",
        "expirationDate": null,
        "createdAt": "2026-07-24T23:34:58.826Z",
        "updatedAt": "2026-07-24T23:34:58.826Z"
      }
    },
    {
      "type": "Feature",
      "id": 94031,
      "geometry": {
        "type": "Point",
        "coordinates": [
          59.5854278548407,
          36.2912024225827
        ]
      },
      "properties": {
        "name:fa": "ایستگاه تجمع",
        "description": "ایستگاه تجمع و پرچم گردانی جیره خواران و وحشی های جمهوری اسلامی",
        "date": 1784909624,
        "city": "مشهد",
        "province": "استان خراسان رضوی",
        "id": "MzY6NjdkOWJlNmZkODcx",
        "publicId": "MzY6NjdkOWJlNmZkODcx",
        "sourceId": "67d9be6fd871",
        "layerId": 36,
        "type": "event",
        "status": "active",
        "urgency": null,
        "verificationTag": "not-verified",
        "expirationDate": null,
        "createdAt": "2026-07-24T23:34:58.954Z",
        "updatedAt": "2026-07-24T23:34:58.954Z"
      }
    },
    {
      "type": "Feature",
      "id": 94032,
      "geometry": {
        "type": "Point",
        "coordinates": [
          59.611546960189486,
          36.307123091899385
        ]
      },
      "properties": {
        "name:fa": "شعار دادن طرفداران نظام",
        "description": "ایستگاه پخش صدا و شعار دادن طرفدار های نظام",
        "date": 1784909547,
        "city": "مشهد",
        "province": "استان خراسان رضوی",
        "id": "MzY6YzExZmRhZjBhNTIz",
        "publicId": "MzY6YzExZmRhZjBhNTIz",
        "sourceId": "c11fdaf0a523",
        "layerId": 36,
        "type": "event",
        "status": "active",
        "urgency": null,
        "verificationTag": "not-verified",
        "expirationDate": null,
        "createdAt": "2026-07-24T23:34:59.054Z",
        "updatedAt": "2026-07-24T23:34:59.054Z"
      }
    },
    {
      "type": "Feature",
      "id": 94033,
      "geometry": {
        "type": "Point",
        "coordinates": [
          59.610254412606736,
          36.30500460638267
        ]
      },
      "properties": {
        "name:fa": "تجمع حکومتی",
        "description": "شعار دادن و جمع شدن جیره خواران نظام",
        "date": 1784909487,
        "city": "مشهد",
        "province": "استان خراسان رضوی",
        "id": "MzY6ZGZjZmUxYmY0NDM5",
        "publicId": "MzY6ZGZjZmUxYmY0NDM5",
        "sourceId": "dfcfe1bf4439",
        "layerId": 36,
        "type": "event",
        "status": "active",
        "urgency": null,
        "verificationTag": "not-verified",
        "expirationDate": null,
        "createdAt": "2026-07-24T23:34:59.135Z",
        "updatedAt": "2026-07-24T23:34:59.135Z"
      }
    },
    {
      "type": "Feature",
      "id": 94034,
      "geometry": {
        "type": "Point",
        "coordinates": [
          59.60827678636136,
          36.30177781087866
        ]
      },
      "properties": {
        "name:fa": "تجمعات طرفداران ج.ا.",
        "description": "تجمعات و پخش شعار توسط طرفداران جمهوری اسلامی",
        "date": 1784909423,
        "city": "مشهد",
        "province": "استان خراسان رضوی",
        "id": "MzY6ZGM0MTc3NTM5ZDkw",
        "publicId": "MzY6ZGM0MTc3NTM5ZDkw",
        "sourceId": "dc4177539d90",
        "layerId": 36,
        "type": "event",
        "status": "active",
        "urgency": null,
        "verificationTag": "not-verified",
        "expirationDate": null,
        "createdAt": "2026-07-24T23:34:59.217Z",
        "updatedAt": "2026-07-24T23:34:59.217Z"
      }
    },
    {
      "type": "Feature",
      "id": 94049,
      "geometry": {
        "type": "Point",
        "coordinates": [
          54.966497,
          36.424432
        ]
      },
      "properties": {
        "name:fa": "حضور مخبران و سرکوبگران",
        "description": "مخبر ها و سرکوبگران شاهرود ساعت ۸ تا ۱۲ شب در میدان امام خمینی حضور دارند هر شب با صدایی بلند و ترافیک شدید",
        "date": 1785009240,
        "city": "شاهرود",
        "province": "استان سمنان",
        "id": "MzY6ZDYwNjZjMzNhZmQ5",
        "publicId": "MzY6ZDYwNjZjMzNhZmQ5",
        "sourceId": "d6066c33afd9",
        "layerId": 36,
        "type": "location",
        "status": "active",
        "urgency": null,
        "verificationTag": "not-verified",
        "expirationDate": null,
        "createdAt": "2026-07-25T20:56:34.463Z",
        "updatedAt": "2026-07-25T20:56:34.463Z"
      }
    },
    {
      "type": "Feature",
      "id": 94050,
      "geometry": {
        "type": "Point",
        "coordinates": [
          59.56370739401896,
          36.301244700875216
        ]
      },
      "properties": {
        "name:fa": "تجمع طرفداران حکومتی",
        "description": "تجمع طرفداران حکومتی ج ا در جلوی دانشگاه امام رضا",
        "date": 1785003025,
        "city": "مشهد",
        "province": "استان خراسان رضوی",
        "id": "MzY6YTI2YTZmOWJjNTQ4",
        "publicId": "MzY6YTI2YTZmOWJjNTQ4",
        "sourceId": "a26a6f9bc548",
        "layerId": 36,
        "type": "event",
        "status": "active",
        "urgency": null,
        "verificationTag": "not-verified",
        "expirationDate": null,
        "createdAt": "2026-07-25T20:56:34.601Z",
        "updatedAt": "2026-07-25T20:56:34.601Z"
      }
    },
    {
      "type": "Feature",
      "id": 94051,
      "geometry": {
        "type": "Point",
        "coordinates": [
          59.56547413868989,
          36.304668042544364
        ]
      },
      "properties": {
        "name:fa": "تجمع حکومتی",
        "description": "مسجد،پایگاه بسیج و تجمع حکومتی ج ا",
        "date": 1785002717,
        "city": "مشهد",
        "province": "استان خراسان رضوی",
        "id": "MzY6NzBjMWYzMTU2Zjlh",
        "publicId": "MzY6NzBjMWYzMTU2Zjlh",
        "sourceId": "70c1f3156f9a",
        "layerId": 36,
        "type": "event",
        "status": "active",
        "urgency": null,
        "verificationTag": "not-verified",
        "expirationDate": null,
        "createdAt": "2026-07-25T20:56:34.713Z",
        "updatedAt": "2026-07-25T20:56:34.713Z"
      }
    },
    {
      "type": "Feature",
      "id": 94052,
      "geometry": {
        "type": "Point",
        "coordinates": [
          59.567208026507814,
          36.30842303351811
        ]
      },
      "properties": {
        "name:fa": "تجمع حکومتی",
        "description": "اداره آب و فاضلاب مشهد توی شب ها تبدیل میشه به یک پایگاه تجمع حکومتی",
        "date": 1785002473,
        "city": "مشهد",
        "province": "استان خراسان رضوی",
        "id": "MzY6ZTNkMTdlMzg0MzUz",
        "publicId": "MzY6ZTNkMTdlMzg0MzUz",
        "sourceId": "e3d17e384353",
        "layerId": 36,
        "type": "event",
        "status": "active",
        "urgency": null,
        "verificationTag": "not-verified",
        "expirationDate": null,
        "createdAt": "2026-07-25T20:56:34.835Z",
        "updatedAt": "2026-07-25T20:56:34.835Z"
      }
    },
    {
      "type": "Feature",
      "id": 94053,
      "geometry": {
        "type": "Point",
        "coordinates": [
          47.06959718854523,
          34.30607288624563
        ]
      },
      "properties": {
        "name:fa": "محل استقرار و بازداشت",
        "description": "محل بازداشت موقت معترضین در اعتراضات ضد حکومتی و بایگانی راکد دادگاه انقلاب و در طی جنگ 40روزه محل استقرار لانچر شلیک پهباد و موشک",
        "date": 1784992314,
        "city": "کرمانشاه",
        "province": "استان کرمانشاه",
        "id": "MzY6NDRmYjVhYjNlZmNh",
        "publicId": "MzY6NDRmYjVhYjNlZmNh",
        "sourceId": "44fb5ab3efca",
        "layerId": 36,
        "type": "event",
        "status": "active",
        "urgency": null,
        "verificationTag": "not-verified",
        "expirationDate": null,
        "createdAt": "2026-07-25T20:56:34.947Z",
        "updatedAt": "2026-07-25T20:56:34.947Z"
      }
    },
    {
      "type": "Feature",
      "id": 94054,
      "geometry": {
        "type": "Point",
        "coordinates": [
          47.066698857707536,
          34.30710876459027
        ]
      },
      "properties": {
        "name:fa": "تجمع بسیج شهید جعفری",
        "description": "پایگاه بسیج شهید جعفری، تجمع عوامل سرکوبگر بسیج ویژه مقابله با اعتراضات مردمی",
        "date": 1784992066,
        "city": "کرمانشاه",
        "province": "استان کرمانشاه",
        "id": "MzY6NGE2MjFiYmExNjQ1",
        "publicId": "MzY6NGE2MjFiYmExNjQ1",
        "sourceId": "4a621bba1645",
        "layerId": 36,
        "type": "event",
        "status": "active",
        "urgency": null,
        "verificationTag": "not-verified",
        "expirationDate": null,
        "createdAt": "2026-07-25T20:56:35.033Z",
        "updatedAt": "2026-07-25T20:56:35.033Z"
      }
    },
    {
      "type": "Feature",
      "id": 94055,
      "geometry": {
        "type": "Point",
        "coordinates": [
          52.53246851975399,
          29.597419932372418
        ]
      },
      "properties": {
        "name:fa": "تجمع طرفداران حکومت",
        "description": "تجمع طرفداران حکومت",
        "date": 1784945503,
        "city": "شیراز",
        "province": "استان فارس",
        "id": "MzY6MTVkNjJlNTBhYTk3",
        "publicId": "MzY6MTVkNjJlNTBhYTk3",
        "sourceId": "15d62e50aa97",
        "layerId": 36,
        "type": "event",
        "status": "active",
        "urgency": null,
        "verificationTag": "not-verified",
        "expirationDate": null,
        "createdAt": "2026-07-25T20:56:35.106Z",
        "updatedAt": "2026-07-25T20:56:35.106Z"
      }
    },
    {
      "type": "Feature",
      "id": 94056,
      "geometry": {
        "type": "Point",
        "coordinates": [
          51.20709704881452,
          35.716261880221396
        ]
      },
      "properties": {
        "name:fa": "ایست بازرسی",
        "description": "ایست بازرسی در جنگ یک ساله",
        "date": 1784941102,
        "city": "تهران",
        "province": "استان تهران",
        "id": "MzY6NzczYTYxMDg1MDFk",
        "publicId": "MzY6NzczYTYxMDg1MDFk",
        "sourceId": "773a6108501d",
        "layerId": 36,
        "type": "event",
        "status": "active",
        "urgency": null,
        "verificationTag": "not-verified",
        "expirationDate": null,
        "createdAt": "2026-07-25T20:56:35.191Z",
        "updatedAt": "2026-07-25T20:56:35.191Z"
      }
    },
    {
      "type": "Feature",
      "id": 94059,
      "geometry": {
        "type": "Point",
        "coordinates": [
          54.96549623092943,
          36.43133881545704
        ]
      },
      "properties": {
        "name:fa": "پایگاه بسیج مدرسه شهید وکیلیان",
        "description": "در مدرسه شهید وکیلیان، ۴ عدد دوربین مداربسته نصب است. این مکان پایگاه بسیج می‌باشد و در اعتراضات نقش پایگاه سرکوب را داشته است. در نمازخانه آن به سرکوبگران محل استراحت داده و آموزش کار با اسلحه می‌دادند.",
        "date": 1784969114,
        "city": "شاهرود",
        "province": "استان سمنان",
        "id": "MzY6YTdhYzM4MTE2N2E2",
        "publicId": "MzY6YTdhYzM4MTE2N2E2",
        "sourceId": "a7ac381167a6",
        "layerId": 36,
        "type": "event",
        "status": "active",
        "urgency": null,
        "verificationTag": "not-verified",
        "expirationDate": null,
        "createdAt": "2026-07-25T21:01:39.773Z",
        "updatedAt": "2026-07-25T21:01:39.773Z"
      }
    },
    {
      "type": "Feature",
      "id": 94066,
      "geometry": {
        "type": "Point",
        "coordinates": [
          44.9033789168152,
          39.542098830774194
        ]
      },
      "properties": {
        "name:fa": "تجمع نیروهای سرکوب",
        "description": "تجمع نیروهای سرکوب",
        "date": 1785152102,
        "city": "شهرستان پلدشت",
        "province": "استان آذربایجان غربی",
        "id": "MzY6N2ViYjRiNjBmZWVh",
        "publicId": "MzY6N2ViYjRiNjBmZWVh",
        "sourceId": "7ebb4b60feea",
        "layerId": 36,
        "type": "event",
        "status": "active",
        "urgency": null,
        "verificationTag": "not-verified",
        "expirationDate": null,
        "createdAt": "2026-07-27T23:32:51.969Z",
        "updatedAt": "2026-07-27T23:32:51.969Z"
      }
    },
    {
      "type": "Feature",
      "id": 94067,
      "geometry": {
        "type": "Point",
        "coordinates": [
          45.06210225215159,
          37.523420637555105
        ]
      },
      "properties": {
        "name:fa": "حضور نیروی انتظامی",
        "description": "حضور سرکوب نیروی انتظامی",
        "date": 1785144021,
        "city": "ارومیه",
        "province": "استان آذربایجان غربی",
        "id": "MzY6ZGVkYWFhOWNiZjRl",
        "publicId": "MzY6ZGVkYWFhOWNiZjRl",
        "sourceId": "dedaaa9cbf4e",
        "layerId": 36,
        "type": "event",
        "status": "active",
        "urgency": null,
        "verificationTag": "not-verified",
        "expirationDate": null,
        "createdAt": "2026-07-27T23:38:58.762Z",
        "updatedAt": "2026-07-27T23:38:58.762Z"
      }
    },
    {
      "type": "Feature",
      "id": 94068,
      "geometry": {
        "type": "Point",
        "coordinates": [
          45.0446705685718,
          37.536432785064605
        ]
      },
      "properties": {
        "name:fa": "تجمع نیروی سرکوب",
        "description": "تجمع نیروی سرکوب",
        "date": 1785143969,
        "city": "ارومیه",
        "province": "استان آذربایجان غربی",
        "id": "MzY6MmRhMzVmMmZmZTdj",
        "publicId": "MzY6MmRhMzVmMmZmZTdj",
        "sourceId": "2da35f2ffe7c",
        "layerId": 36,
        "type": "event",
        "status": "active",
        "urgency": null,
        "verificationTag": "not-verified",
        "expirationDate": null,
        "createdAt": "2026-07-27T23:41:32.485Z",
        "updatedAt": "2026-07-27T23:41:32.485Z"
      }
    },
    {
      "type": "Feature",
      "id": 94069,
      "geometry": {
        "type": "Point",
        "coordinates": [
          45.049252614534936,
          37.56577950260191
        ]
      },
      "properties": {
        "name:fa": "گشت زنی مسلحانه",
        "description": "مسجد و پایگاه بسیج در تمام روزهای جنگ چهل روزه از این مکان نوجوانان زیادی به صورت مسلح به سلاح کلاشینکف هر شب در تمام خیابان شروع به گشت زنی میکردند و همه با ماسک بودند",
        "date": 1785131212,
        "city": "ارومیه",
        "province": "استان آذربایجان غربی",
        "id": "MzY6MjZkYTcxNjViZDcz",
        "publicId": "MzY6MjZkYTcxNjViZDcz",
        "sourceId": "26da7165bd73",
        "layerId": 36,
        "type": "event",
        "status": "active",
        "urgency": null,
        "verificationTag": "not-verified",
        "expirationDate": null,
        "createdAt": "2026-07-27T23:43:34.203Z",
        "updatedAt": "2026-07-27T23:43:34.203Z"
      }
    },
    {
      "type": "Feature",
      "id": 94070,
      "geometry": {
        "type": "Point",
        "coordinates": [
          45.15411858485214,
          39.19787936739428
        ]
      },
      "properties": {
        "name:fa": "حضور بسیج و سپاه",
        "city": "شهرستان پلدشت",
        "province": "استان آذربایجان غربی",
        "date": 1785139200,
        "description": "مشاهده حضور بسیج و سپاه در این مکان",
        "sources": "",
        "id": "MzY6N2Q5Y2E0YjdiNDM1",
        "publicId": "MzY6N2Q5Y2E0YjdiNDM1",
        "sourceId": "7d9ca4b7b435",
        "layerId": 36,
        "type": "event",
        "status": "active",
        "urgency": null,
        "verificationTag": "not-verified",
        "expirationDate": null,
        "createdAt": "2026-07-27T23:50:11.711Z",
        "updatedAt": "2026-07-27T23:50:11.711Z"
      }
    },
    {
      "type": "Feature",
      "id": 94071,
      "geometry": {
        "type": "Point",
        "coordinates": [
          58.449602911594496,
          29.046731442275544
        ]
      },
      "properties": {
        "name:fa": "ایست بازرسی بم زاهدان",
        "description": "پلیس راه و ایست بازرسی بم زاهدان",
        "date": 1785107995,
        "city": "شهرستان بم",
        "province": "استان کرمان",
        "id": "MzY6MDNmNzNlNTBjODcz",
        "publicId": "MzY6MDNmNzNlNTBjODcz",
        "sourceId": "03f73e50c873",
        "layerId": 36,
        "type": "event",
        "status": "active",
        "urgency": null,
        "verificationTag": "not-verified",
        "expirationDate": null,
        "createdAt": "2026-07-27T23:51:43.841Z",
        "updatedAt": "2026-07-27T23:52:38.238Z"
      }
    },
    {
      "type": "Feature",
      "id": 94072,
      "geometry": {
        "type": "Point",
        "coordinates": [
          59.61721412200964,
          36.308321110861215
        ]
      },
      "properties": {
        "name:fa": "حضور بسیج و سپاه",
        "description": "دیده شدن مزدوران و پرچم بگیران جمهوری اسلامی در خیایان نیمه شب همراه با بسیج و سپاه",
        "date": 1785082278,
        "city": "مشهد",
        "province": "استان خراسان رضوی",
        "id": "MzY6ZjZmZDg4ZDAxYjU0",
        "publicId": "MzY6ZjZmZDg4ZDAxYjU0",
        "sourceId": "f6fd88d01b54",
        "layerId": 36,
        "type": "event",
        "status": "active",
        "urgency": null,
        "verificationTag": "not-verified",
        "expirationDate": null,
        "createdAt": "2026-07-27T23:55:36.438Z",
        "updatedAt": "2026-07-27T23:55:36.438Z"
      }
    },
    {
      "type": "Feature",
      "id": 94073,
      "geometry": {
        "type": "Point",
        "coordinates": [
          51.65988501328164,
          32.71461064575588
        ]
      },
      "properties": {
        "name:fa": "حضور مردم و نیروهای سرکوب در محل اعدام زندانیان",
        "city": "اصفهان",
        "province": "استان اصفهان",
        "date": 1785195300,
        "description": "بامداد سه‌شنبه، جمعیت در میدان علیخانی اصفهان و اطراف محل اجرای حکم اعدام رو به افزایش گزارش شده است.\n\nخانواده‌های زندانیان، معترضان و شماری از طرفداران جمهوری اسلامی به‌طور همزمان در این محدوده حضور دارند و احتمال بروز درگیری میان حاضران افزایش یافته است.\n\nحدود ساعت ۰۳:۲۵ صبح روز 6 مرداد، حضور نیروهای سرکوب در اطراف محل اعدام تشدید شده و مأموران اقدام به پس زدن جمعیت و خانواده‌های زندانیان سیاسی کرده اند. بر اساس گزارش‌های منتشرشده، برخی مأموران با سلاح جمعیت معترض را تهدید کرده‌اند و صدای فریاد و گریه خانواده‌ها از بخش‌های مختلف محدوده شنیده می‌شود.",
        "sources": "https://t.me/iliaen/4636, https://t.me/iliaen/4641, https://t.me/iliaen/4642, https://t.me/mamlekate/104013, https://t.me/mamlekate/104008",
        "id": "MzY6ODk3NGM2YWU5MDYw",
        "publicId": "MzY6ODk3NGM2YWU5MDYw",
        "sourceId": "8974c6ae9060",
        "layerId": 36,
        "type": "event",
        "status": "active",
        "urgency": null,
        "verificationTag": "verified",
        "expirationDate": null,
        "createdAt": "2026-07-28T00:18:48.916Z",
        "updatedAt": "2026-07-28T00:21:08.010Z"
      }
    },
    {
      "type": "Feature",
      "id": 94078,
      "geometry": {
        "type": "Point",
        "coordinates": [
          51.65920843019995,
          32.71450163869969
        ]
      },
      "properties": {
        "name:fa": "اعتراض به اعدام، اصفهان",
        "city": "اصفهان",
        "province": "استان اصفهان",
        "date": 1785198600,
        "description": "[حدود ساعت ۴ صبح]، همزمان با ساعت اذان، گزارش‌هایی از اعتراض مردم در حوالی محل اعدام در حال انتشار است.\n\n[حدود ساعت ۵ صبح]، خبرگزاری فارس اعلام کرد؛ جاوید‌نام امیرحسین صفری، جاویدنام ابولفضل سپاهی و جاویدنام علیرضا سپاهی از معترضین دی‌ماه ۱۴۰۴، دقایقی پیش اعدام شدند.",
        "sources": "https://x.com/vahid__bahman/status/2081905159756493199, https://x.com/limondar0/status/2081907515319595286, https://t.me/farsna/453051",
        "id": "MzY6OTk0NzM4NWZkMmQ2",
        "publicId": "MzY6OTk0NzM4NWZkMmQ2",
        "sourceId": "9947385fd2d6",
        "layerId": 36,
        "type": "event",
        "status": "active",
        "urgency": null,
        "verificationTag": "verified",
        "expirationDate": null,
        "createdAt": "2026-07-28T00:55:53.305Z",
        "updatedAt": "2026-07-28T01:55:18.316Z"
      }
    },
    {
      "type": "Feature",
      "id": 94080,
      "geometry": {
        "type": "Point",
        "coordinates": [
          48.51217919689202,
          34.783208903892486
        ]
      },
      "properties": {
        "name:fa": "تجمعات عرزشی ها",
        "description": "محل تجمعات عرزشی ها",
        "date": 1785194236,
        "city": "همدان",
        "province": "استان همدان",
        "id": "MzY6M2IyNDg0ZTU2MmRh",
        "publicId": "MzY6M2IyNDg0ZTU2MmRh",
        "sourceId": "3b2484e562da",
        "layerId": 36,
        "type": "event",
        "status": "active",
        "urgency": null,
        "verificationTag": "not-verified",
        "expirationDate": null,
        "createdAt": "2026-07-28T01:21:25.146Z",
        "updatedAt": "2026-07-28T01:21:25.146Z"
      }
    },
    {
      "type": "Feature",
      "id": 94081,
      "geometry": {
        "type": "Point",
        "coordinates": [
          48.512322839204785,
          34.76988319444469
        ]
      },
      "properties": {
        "name:fa": "محل تجمعات",
        "description": "محل تجمعات شبانه عرزشی ها",
        "date": 1785194039,
        "city": "همدان",
        "province": "استان همدان",
        "id": "MzY6MDEzOTk0MmE4ODk1",
        "publicId": "MzY6MDEzOTk0MmE4ODk1",
        "sourceId": "0139942a8895",
        "layerId": 36,
        "type": "event",
        "status": "active",
        "urgency": null,
        "verificationTag": "not-verified",
        "expirationDate": null,
        "createdAt": "2026-07-28T01:21:25.273Z",
        "updatedAt": "2026-07-28T01:21:25.273Z"
      }
    },
    {
      "type": "Feature",
      "id": 94099,
      "geometry": {
        "type": "Point",
        "coordinates": [
          50.65550593659282,
          35.98668535684345
        ]
      },
      "properties": {
        "name:fa": "",
        "city": "شهرستان نظرآباد",
        "province": "استان البرز",
        "date": "",
        "description": "در این مکان مخطل کننده رادار گذاشته میشه و در دو مرحله با موشک زده شده است",
        "sources": "",
        "id": "MzY6MTFkOWY5Y2VmMTUx",
        "publicId": "MzY6MTFkOWY5Y2VmMTUx",
        "sourceId": "11d9f9cef151",
        "layerId": 36,
        "type": "location",
        "status": "active",
        "urgency": null,
        "verificationTag": "not-verified",
        "expirationDate": null,
        "createdAt": "2026-07-28T15:56:22.668Z",
        "updatedAt": "2026-07-28T15:56:22.668Z"
      }
    },
    {
      "type": "Feature",
      "id": 94101,
      "geometry": {
        "type": "Point",
        "coordinates": [
          48.68925193324685,
          31.358341003310613
        ]
      },
      "properties": {
        "name:fa": "",
        "city": "اهواز",
        "province": "استان خوزستان",
        "date": "",
        "description": "محل تجمع سرکوبگران",
        "sources": "",
        "id": "MzY6NTlkM2U5M2UzNTUz",
        "publicId": "MzY6NTlkM2U5M2UzNTUz",
        "sourceId": "59d3e93e3553",
        "layerId": 36,
        "type": "event",
        "status": "active",
        "urgency": null,
        "verificationTag": "not-verified",
        "expirationDate": null,
        "createdAt": "2026-07-28T16:02:41.088Z",
        "updatedAt": "2026-07-28T16:03:08.257Z"
      }
    },
    {
      "type": "Feature",
      "id": 94102,
      "geometry": {
        "type": "Point",
        "coordinates": [
          55.09197,
          35.981289
        ]
      },
      "properties": {
        "name:fa": "گشت زنی شبانه خودروهای سپاه",
        "description": "ماشین های گشت خودروهای سپاه پاسداران در منطقه لجنه بخش جاده طرود پایگاه صحرایی پنهان که به زیر پایگاه امام رضا که سوخت موشکی هست راه دارد...ماشین ها در شب گشت میزنند .از بغل معدن آهن راه زیر زمینی هست و پناهگاه نفرات سپاه پاسداران و موشک های مختلف در زیر این کوه لجنه ....تعدادی لانچر هم در پایگاه سوخت موشکی امام رضا به اینجا منتقل شده توسط قطعه ، قطعه کردن تجهیزات معدنی و به داخل کوه انتقال یافته است ....نگهبانی از این محل ها به عهده سواره نظام ماشینی پایگاه امام رضا است که از ساعت ۸ شب تا ۷ صبح در بیابان حضور دارند",
        "date": 1785254946,
        "city": "شهرستان شاهرود",
        "province": "استان سمنان",
        "id": "MzY6ZTg0ZGIzMTMyZThi",
        "publicId": "MzY6ZTg0ZGIzMTMyZThi",
        "sourceId": "e84db3132e8b",
        "layerId": 36,
        "type": "location",
        "status": "active",
        "urgency": null,
        "verificationTag": "not-verified",
        "expirationDate": null,
        "createdAt": "2026-07-28T18:43:22.453Z",
        "updatedAt": "2026-07-28T18:43:22.453Z"
      }
    },
    {
      "type": "Feature",
      "id": 94114,
      "geometry": {
        "type": "Point",
        "coordinates": [
          50.131646493388786,
          33.55667152234864
        ]
      },
      "properties": {
        "name:fa": "شلیک موشک از خمین",
        "city": "شهرستان خمین",
        "province": "استان مرکزی",
        "date": "",
        "description": "از خمین موشک بلند شد\nسه تا صدای انفجار\n\nسه تا موشک تو آسمون لرستان از سمت اراک دیده شد \nصدای انفجار تو آسمون لرستان میاد.\n\nاین موشک ها به سمت پایگاه هوایی موفق السلطی ایالات متحده در اردن شلیک شدند و در آسمان اردن رهگیری شدند.",
        "sources": "https://x.com/Vahid/status/2082222414625169447?s=20, https://x.com/ILRedAlert/status/2082220201345454378?s=20, https://x.com/BeamTracker_/status/2082223661767909386?s=20, https://t.me/VahidOnline/77594, https://t.me/VahidOnline/77595?single, https://x.com/Osint613/status/2082226656790351983?s=20",
        "id": "MzY6ZmJmMjgzZmM1NWFm",
        "publicId": "MzY6ZmJmMjgzZmM1NWFm",
        "sourceId": "fbf283fc55af",
        "layerId": 36,
        "type": "event",
        "status": "active",
        "urgency": null,
        "verificationTag": "not-verified",
        "expirationDate": null,
        "createdAt": "2026-07-28T21:50:20.667Z",
        "updatedAt": "2026-07-28T23:40:24.868Z"
      }
    },
    {
      "type": "Feature",
      "id": 94117,
      "geometry": {
        "type": "Point",
        "coordinates": [
          48.71978301554918,
          31.33561789329447
        ]
      },
      "properties": {
        "name:fa": "تجمع پلیس",
        "city": "اهواز",
        "province": "استان خوزستان",
        "date": "",
        "description": "تجمع خودروهای هایلوکس پلیس با نصب دوشکا روی وانت و مکان نیروها و تجهیزات پلیس. زمان این رویداد مشخص نشده.",
        "sources": "",
        "id": "MzY6ZjYxOTBkMTUxNGU5",
        "publicId": "MzY6ZjYxOTBkMTUxNGU5",
        "sourceId": "f6190d1514e9",
        "layerId": 36,
        "type": "event",
        "status": "active",
        "urgency": null,
        "verificationTag": "not-verified",
        "expirationDate": null,
        "createdAt": "2026-07-29T14:06:36.116Z",
        "updatedAt": "2026-07-29T14:06:36.116Z"
      }
    },
    {
      "type": "Feature",
      "id": 94118,
      "geometry": {
        "type": "Point",
        "coordinates": [
          59.662418123334646,
          36.30679335814244
        ]
      },
      "properties": {
        "name:fa": "تجمع و سخنرانی",
        "city": "مشهد",
        "province": "استان خراسان رضوی",
        "date": "",
        "description": "شعار دادن و پرچم تکاتی مزدوران جمهوری اسلامی کنار مسجد سخنرانی روی استند",
        "sources": "",
        "id": "MzY6MmU0ODQ4NjU3NWEx",
        "publicId": "MzY6MmU0ODQ4NjU3NWEx",
        "sourceId": "2e48486575a1",
        "layerId": 36,
        "type": "event",
        "status": "active",
        "urgency": null,
        "verificationTag": "not-verified",
        "expirationDate": null,
        "createdAt": "2026-07-29T14:08:03.927Z",
        "updatedAt": "2026-07-29T14:08:03.927Z"
      }
    },
    {
      "type": "Feature",
      "id": 94120,
      "geometry": {
        "type": "Point",
        "coordinates": [
          48.68608810007572,
          31.3555500886405
        ]
      },
      "properties": {
        "name:fa": " استقرار نیرو سرکوب",
        "city": "اهواز",
        "province": "استان خوزستان",
        "date": "",
        "description": "\"محل استقرار نیروهای نظامی و سرکوب و تجهیزات آنها.\" لوکیشن: مدرسه دکتر نجات اللهی اهواز. زمان دقیقی برای گزارش مشخص نشده.",
        "sources": "",
        "id": "MzY6YzI0ODI4ZWVkZGVj",
        "publicId": "MzY6YzI0ODI4ZWVkZGVj",
        "sourceId": "c24828eeddec",
        "layerId": 36,
        "type": "event",
        "status": "active",
        "urgency": null,
        "verificationTag": "not-verified",
        "expirationDate": null,
        "createdAt": "2026-07-29T17:43:37.253Z",
        "updatedAt": "2026-07-29T17:44:44.833Z"
      }
    },
    {
      "type": "Feature",
      "id": 94156,
      "geometry": {
        "type": "Point",
        "coordinates": [
          51.37319918721914,
          35.65248928846195
        ]
      },
      "properties": {
        "name:fa": "",
        "city": "تهران",
        "province": "استان تهران",
        "date": "",
        "description": "گزارش فعالیت پدافندی: \"در ساعت 1:30 بامداد صدای پدافند چندین مرتبه شنیده شد\"",
        "sources": "",
        "id": "MzY6MTZiYTg2MDVmOWFk",
        "publicId": "MzY6MTZiYTg2MDVmOWFk",
        "sourceId": "16ba8605f9ad",
        "layerId": 36,
        "type": "event",
        "status": "active",
        "urgency": null,
        "verificationTag": "not-verified",
        "expirationDate": null,
        "createdAt": "2026-07-29T23:20:38.347Z",
        "updatedAt": "2026-07-29T23:20:38.347Z"
      }
    },
    {
      "type": "Feature",
      "id": 94159,
      "geometry": {
        "type": "Point",
        "coordinates": [
          50.50609750673175,
          29.601339572691813
        ]
      },
      "properties": {
        "name:fa": "ایست بازرسی سپاه",
        "city": "Khalifeh",
        "province": "Bushehr Province",
        "date": "",
        "description": "بازرسی شبانه سپاه",
        "sources": "",
        "id": "MzY6ZDM3N2NjYjFkZDM4",
        "publicId": "MzY6ZDM3N2NjYjFkZDM4",
        "sourceId": "d377ccb1dd38",
        "layerId": 36,
        "type": "event",
        "status": "active",
        "urgency": null,
        "verificationTag": "not-verified",
        "expirationDate": null,
        "createdAt": "2026-07-29T23:46:46.163Z",
        "updatedAt": "2026-07-29T23:46:46.163Z"
      }
    },
    {
      "type": "Feature",
      "id": 94160,
      "geometry": {
        "type": "Point",
        "coordinates": [
          50.53545596078038,
          29.582953667934362
        ]
      },
      "properties": {
        "name:fa": "ایست بازرسی سپاه",
        "city": "بندر گناوه",
        "province": "استان بوشهر",
        "date": "",
        "description": "بازرسی شبانه سپاه",
        "sources": "",
        "id": "MzY6YjMyZWFlNzljZTI3",
        "publicId": "MzY6YjMyZWFlNzljZTI3",
        "sourceId": "b32eae79ce27",
        "layerId": 36,
        "type": "event",
        "status": "active",
        "urgency": null,
        "verificationTag": "not-verified",
        "expirationDate": null,
        "createdAt": "2026-07-29T23:47:28.953Z",
        "updatedAt": "2026-07-29T23:47:28.953Z"
      }
    },
    {
      "type": "Feature",
      "id": 94166,
      "geometry": {
        "type": "Point",
        "coordinates": [
          49.33160033679968,
          31.796693826461322
        ]
      },
      "properties": {
        "name:fa": "",
        "city": "شهرستان مسجدسلیمان",
        "province": "استان خوزستان",
        "date": 1779654600,
        "description": "در گزارشی ارسالی آمده است که یک پهپاد، سوار بر یک وانت، دو بار در محل مشاهده شده؛ این خودرو یک‌بار وارد و سپس از محل خارج شده است. زمان ثبت‌شده برای این مشاهده، ۴ خرداد ۱۴۰۵، ساعت ۱۷:۲۲ اعلام شده است.",
        "sources": "",
        "id": "MzY6M2VjMGVkMDQ1YzU5",
        "publicId": "MzY6M2VjMGVkMDQ1YzU5",
        "sourceId": "3ec0ed045c59",
        "layerId": 36,
        "type": "location",
        "status": "active",
        "urgency": null,
        "verificationTag": "not-verified",
        "expirationDate": null,
        "createdAt": "2026-07-30T00:14:10.908Z",
        "updatedAt": "2026-07-30T00:16:59.833Z"
      }
    },
    {
      "type": "Feature",
      "id": 94167,
      "geometry": {
        "type": "Point",
        "coordinates": [
          51.27851295643697,
          28.881271510794505
        ]
      },
      "properties": {
        "name:fa": "صدای جنگنده",
        "city": "اهرم",
        "province": "استان بوشهر",
        "date": "",
        "description": "صدای پرواز جنگنده در اهرم تنگستان استان بوشهر",
        "sources": "",
        "id": "MzY6Y2FmNWFiYjYzNjNl",
        "publicId": "MzY6Y2FmNWFiYjYzNjNl",
        "sourceId": "caf5abb6363e",
        "layerId": 36,
        "type": "event",
        "status": "active",
        "urgency": null,
        "verificationTag": "not-verified",
        "expirationDate": null,
        "createdAt": "2026-07-30T00:18:29.038Z",
        "updatedAt": "2026-07-30T00:18:29.038Z"
      }
    },
    {
      "type": "Feature",
      "id": 94168,
      "geometry": {
        "type": "Point",
        "coordinates": [
          51.24073999851291,
          29.277143434311213
        ]
      },
      "properties": {
        "name:fa": "گزارش صدای انفجار",
        "city": "شهرستان دشتستان",
        "province": "استان بوشهر",
        "date": "",
        "description": "صدای انفجار از بوشهر برازجان",
        "sources": "",
        "id": "MzY6NTVmYWMwMGZhMTVk",
        "publicId": "MzY6NTVmYWMwMGZhMTVk",
        "sourceId": "55fac00fa15d",
        "layerId": 36,
        "type": "event",
        "status": "active",
        "urgency": null,
        "verificationTag": "not-verified",
        "expirationDate": null,
        "createdAt": "2026-07-30T00:19:48.295Z",
        "updatedAt": "2026-07-30T00:19:48.295Z"
      }
    },
    {
      "type": "Feature",
      "id": 94169,
      "geometry": {
        "type": "Point",
        "coordinates": [
          52.364918642913096,
          27.81175009442525
        ]
      },
      "properties": {
        "name:fa": "گزارش صدای انفجار",
        "city": "جم",
        "province": "استان بوشهر",
        "date": "",
        "description": "صدای انفجار از بوشهر جم",
        "sources": "",
        "id": "MzY6MDZhNDI4YWMzMTVh",
        "publicId": "MzY6MDZhNDI4YWMzMTVh",
        "sourceId": "06a428ac315a",
        "layerId": 36,
        "type": "event",
        "status": "active",
        "urgency": null,
        "verificationTag": "not-verified",
        "expirationDate": null,
        "createdAt": "2026-07-30T00:20:58.398Z",
        "updatedAt": "2026-07-30T00:20:58.398Z"
      }
    },
    {
      "type": "Feature",
      "id": 94170,
      "geometry": {
        "type": "Point",
        "coordinates": [
          56.19530563600969,
          27.18824287325195
        ]
      },
      "properties": {
        "name:fa": "گزارش صدای انفجار",
        "city": "شهرستان بندرعباس",
        "province": "استان هرمزگان",
        "date": "",
        "description": "گزارش 5 انفجار از شمال بندرعباس",
        "sources": "",
        "id": "MzY6MGQzYmIyOTk3MDgy",
        "publicId": "MzY6MGQzYmIyOTk3MDgy",
        "sourceId": "0d3bb2997082",
        "layerId": 36,
        "type": "event",
        "status": "active",
        "urgency": null,
        "verificationTag": "not-verified",
        "expirationDate": null,
        "createdAt": "2026-07-30T00:22:53.008Z",
        "updatedAt": "2026-07-30T00:22:53.008Z"
      }
    },
    {
      "type": "Feature",
      "id": 94171,
      "geometry": {
        "type": "Point",
        "coordinates": [
          53.99833737884876,
          26.530851568176047
        ]
      },
      "properties": {
        "name:fa": "گزارش صدای انفجار",
        "city": "كيش",
        "province": "استان هرمزگان",
        "date": "",
        "description": "انفجارهای پی در پی در کیش",
        "sources": "",
        "id": "MzY6MDNjMDQ2NWM0YTg1",
        "publicId": "MzY6MDNjMDQ2NWM0YTg1",
        "sourceId": "03c0465c4a85",
        "layerId": 36,
        "type": "event",
        "status": "active",
        "urgency": null,
        "verificationTag": "not-verified",
        "expirationDate": null,
        "createdAt": "2026-07-30T00:23:54.726Z",
        "updatedAt": "2026-07-30T00:23:54.726Z"
      }
    },
    {
      "type": "Feature",
      "id": 94172,
      "geometry": {
        "type": "Point",
        "coordinates": [
          48.27725674714364,
          30.358997242585403
        ]
      },
      "properties": {
        "name:fa": "گزارش صدای انفجار",
        "city": "آبادان",
        "province": "استان خوزستان",
        "date": "",
        "description": "چندتا صدای انفجار پشت سر هم اومد از آبادان",
        "sources": "https://t.me/hodinews/20564",
        "id": "MzY6Y2QzMzVmOTA2OTJl",
        "publicId": "MzY6Y2QzMzVmOTA2OTJl",
        "sourceId": "cd335f90692e",
        "layerId": 36,
        "type": "event",
        "status": "active",
        "urgency": null,
        "verificationTag": "not-verified",
        "expirationDate": null,
        "createdAt": "2026-07-30T00:25:14.635Z",
        "updatedAt": "2026-07-30T00:35:49.767Z"
      }
    },
    {
      "type": "Feature",
      "id": 94174,
      "geometry": {
        "type": "Point",
        "coordinates": [
          56.25692968314243,
          26.957003212427225
        ]
      },
      "properties": {
        "name:fa": "گزارش صدای انفجار",
        "city": "شهرستان قشم",
        "province": "استان هرمزگان",
        "date": "",
        "description": "همین الان 3:40 دقیقه قشم با صدای انفجار بیدار شدیم",
        "sources": "",
        "id": "MzY6YmJlZmMzNGUzYjY2",
        "publicId": "MzY6YmJlZmMzNGUzYjY2",
        "sourceId": "bbefc34e3b66",
        "layerId": 36,
        "type": "event",
        "status": "active",
        "urgency": null,
        "verificationTag": "not-verified",
        "expirationDate": null,
        "createdAt": "2026-07-30T00:31:47.178Z",
        "updatedAt": "2026-07-30T00:31:47.178Z"
      }
    },
    {
      "type": "Feature",
      "id": 94175,
      "geometry": {
        "type": "Point",
        "coordinates": [
          51.64540794397092,
          29.634993191095603
        ]
      },
      "properties": {
        "status": "active",
        "name:fa": "گزارش انفجار از کازرون",
        "unofficial_name:fa": "",
        "date": "",
        "geolocates": "",
        "description": "یک پادگان نظامی در اطراف شهر کازرون (فارس) هدف اصابت موشک قرار گرفت.",
        "city": "شهرستان کازرون",
        "province": "استان فارس",
        "sources": "https://t.me/iliaen/4654",
        "id": "MzY6MWQ3ODZlY2NkN2Zi",
        "publicId": "MzY6MWQ3ODZlY2NkN2Zi",
        "sourceId": "1d786eccd7fb",
        "layerId": 36,
        "type": "event",
        "urgency": null,
        "verificationTag": "not-verified",
        "expirationDate": null,
        "createdAt": "2026-07-30T00:45:28.278Z",
        "updatedAt": "2026-07-30T00:52:43.104Z"
      }
    },
    {
      "type": "Feature",
      "id": 94176,
      "geometry": {
        "type": "Point",
        "coordinates": [
          53.57806118504496,
          28.516512324489767
        ]
      },
      "properties": {
        "name:fa": "گزارش صدای انفجار",
        "city": "جهرم",
        "province": "استان فارس",
        "date": "",
        "description": "گزارش صدای انفجار از جهرم",
        "sources": "",
        "id": "MzY6YTk2Mzg2YzA2NTZk",
        "publicId": "MzY6YTk2Mzg2YzA2NTZk",
        "sourceId": "a96386c0656d",
        "layerId": 36,
        "type": "event",
        "status": "active",
        "urgency": null,
        "verificationTag": "not-verified",
        "expirationDate": null,
        "createdAt": "2026-07-30T00:48:24.412Z",
        "updatedAt": "2026-07-30T00:48:24.412Z"
      }
    },
    {
      "type": "Feature",
      "id": 94177,
      "geometry": {
        "type": "Point",
        "coordinates": [
          54.36932510130407,
          27.678901178249717
        ]
      },
      "properties": {
        "name:fa": "گزارش صدای انفجار",
        "city": "شهرستان لارستان",
        "province": "استان فارس",
        "date": "",
        "description": "گزارش صدای انفجار از شهرستان لار",
        "sources": "",
        "id": "MzY6MTJkMTAyNTEzMjI2",
        "publicId": "MzY6MTJkMTAyNTEzMjI2",
        "sourceId": "12d102513226",
        "layerId": 36,
        "type": "event",
        "status": "active",
        "urgency": null,
        "verificationTag": "not-verified",
        "expirationDate": null,
        "createdAt": "2026-07-30T00:50:46.655Z",
        "updatedAt": "2026-07-30T00:50:46.655Z"
      }
    },
    {
      "type": "Feature",
      "id": 94196,
      "geometry": {
        "type": "Point",
        "coordinates": [
          54.28970962847137,
          31.807665558950873
        ]
      },
      "properties": {
        "name:fa": "لانچ موشک از یزد",
        "city": "شهرستان یزد",
        "province": "استان یزد",
        "date": "",
        "description": "پیام‌های دریافتی درباره پرتاب موشک از یزد. موقعیت جغرافیایی لانچ تقریبی میباشد.",
        "sources": "https://t.me/VahidOnline/77639",
        "id": "MzY6OGZkYmQ1ZmRhMWRj",
        "publicId": "MzY6OGZkYmQ1ZmRhMWRj",
        "sourceId": "8fdbd5fda1dc",
        "layerId": 36,
        "type": "event",
        "status": "active",
        "urgency": null,
        "verificationTag": "not-verified",
        "expirationDate": null,
        "createdAt": "2026-07-30T03:58:04.498Z",
        "updatedAt": "2026-07-30T04:05:58.119Z"
      }
    },
    {
      "type": "Feature",
      "id": 94197,
      "geometry": {
        "type": "Point",
        "coordinates": [
          50.13103448834477,
          33.55647760115059
        ]
      },
      "properties": {
        "name:fa": "لانچ موشک از خمین",
        "city": "شهرستان خمین",
        "province": "استان مرکزی",
        "date": "",
        "description": "از پیام‌های دریافتی درباره پرتاب موشک از اطراف خمین. موقعیت جغرافیایی لانچ تقریبی میباشد.",
        "sources": "https://t.me/VahidOnline/77640",
        "id": "MzY6Mzg1MTFkYmFlYzNl",
        "publicId": "MzY6Mzg1MTFkYmFlYzNl",
        "sourceId": "38511dbaec3e",
        "layerId": 36,
        "type": "event",
        "status": "active",
        "urgency": null,
        "verificationTag": "not-verified",
        "expirationDate": null,
        "createdAt": "2026-07-30T04:08:07.499Z",
        "updatedAt": "2026-07-30T04:08:07.499Z"
      }
    },
    {
      "type": "Feature",
      "id": 94198,
      "geometry": {
        "type": "Point",
        "coordinates": [
          46.171053660920194,
          37.97704755734868
        ]
      },
      "properties": {
        "status": "active",
        "name:fa": "لانچ موشک از تبریز",
        "unofficial_name:fa": "",
        "date": "",
        "geolocates": "",
        "description": "پیام‌های دریافتی درباره پرتاب موشک از اطراف تبریز.",
        "city": "شهرستان تبریز",
        "province": "استان آذربایجان شرقی",
        "sources": "https://t.me/VahidOnline/77641",
        "id": "MzY6ODljNTRlMDMwMTYx",
        "publicId": "MzY6ODljNTRlMDMwMTYx",
        "sourceId": "89c54e030161",
        "layerId": 36,
        "type": "event",
        "urgency": null,
        "verificationTag": "not-verified",
        "expirationDate": null,
        "createdAt": "2026-07-30T04:10:23.141Z",
        "updatedAt": "2026-07-30T04:11:01.451Z"
      }
    },
    {
      "type": "Feature",
      "id": 94202,
      "geometry": {
        "type": "Point",
        "coordinates": [
          59.56223577260971,
          36.329945312848935
        ]
      },
      "properties": {
        "name:fa": "تجمع و حضور گارد امنیتی",
        "city": "مشهد",
        "province": "استان خراسان رضوی",
        "date": "",
        "description": "دیده شدن دوباره مزدوران جمهوری اسلامی و تجمع شلوغ و حضور گارد امنیتی و پخش تلویزیون بزرگ",
        "sources": "",
        "id": "MzY6MDUzYWM2YzM3MDAy",
        "publicId": "MzY6MDUzYWM2YzM3MDAy",
        "sourceId": "053ac6c37002",
        "layerId": 36,
        "type": "event",
        "status": "active",
        "urgency": null,
        "verificationTag": "not-verified",
        "expirationDate": null,
        "createdAt": "2026-07-30T16:38:08.753Z",
        "updatedAt": "2026-07-30T16:38:08.753Z"
      }
    },
    {
      "type": "Feature",
      "id": 94203,
      "geometry": {
        "type": "Point",
        "coordinates": [
          59.61129102855921,
          36.29005333231022
        ]
      },
      "properties": {
        "name:fa": "حضور نیرو انتظامی",
        "city": "مشهد",
        "province": "استان خراسان رضوی",
        "date": "",
        "description": "حضور ماشین نیرو انتظامی و کشیک دادن با اسلحه هنگام ورودی به سمت حرم دور میدان",
        "sources": "",
        "id": "MzY6ZjI5OTBhYWU1OTU2",
        "publicId": "MzY6ZjI5OTBhYWU1OTU2",
        "sourceId": "f2990aae5956",
        "layerId": 36,
        "type": "event",
        "status": "active",
        "urgency": null,
        "verificationTag": "not-verified",
        "expirationDate": null,
        "createdAt": "2026-07-30T16:40:12.531Z",
        "updatedAt": "2026-07-30T16:40:12.531Z"
      }
    },
    {
      "type": "Feature",
      "id": 94204,
      "geometry": {
        "type": "Point",
        "coordinates": [
          59.614796340465546,
          36.31162222471255
        ]
      },
      "properties": {
        "name:fa": "حضور نیروهای سپاه",
        "city": "مشهد",
        "province": "استان خراسان رضوی",
        "date": "",
        "description": "شعار دادن مزدوران جمهوری اسلامی و شعار کاغذی ، حضور گارد های سپاه و بسیج",
        "sources": "",
        "id": "MzY6NzhhNzY3OTNiYzk3",
        "publicId": "MzY6NzhhNzY3OTNiYzk3",
        "sourceId": "78a76793bc97",
        "layerId": 36,
        "type": "event",
        "status": "active",
        "urgency": null,
        "verificationTag": "not-verified",
        "expirationDate": null,
        "createdAt": "2026-07-30T16:41:07.903Z",
        "updatedAt": "2026-07-30T16:41:07.903Z"
      }
    },
    {
      "type": "Feature",
      "id": 94205,
      "geometry": {
        "type": "Point",
        "coordinates": [
          59.61279172450304,
          36.291352379437896
        ]
      },
      "properties": {
        "name:fa": "تجمع و پرچم گردانی",
        "city": "مشهد",
        "province": "استان خراسان رضوی",
        "date": "",
        "description": "تجمع و پرچم گردانی جمهوری اسلامی و حزب الله توسط تروریست های نظام خیابان شیرازی مشهد",
        "sources": "",
        "id": "MzY6NTM2ZmVkZjgwNmEx",
        "publicId": "MzY6NTM2ZmVkZjgwNmEx",
        "sourceId": "536fedf806a1",
        "layerId": 36,
        "type": "event",
        "status": "active",
        "urgency": null,
        "verificationTag": "not-verified",
        "expirationDate": null,
        "createdAt": "2026-07-30T16:42:00.524Z",
        "updatedAt": "2026-07-30T16:42:00.524Z"
      }
    },
    {
      "type": "Feature",
      "id": 94211,
      "geometry": {
        "type": "Point",
        "coordinates": [
          52.34646085649729,
          36.470195463531084
        ]
      },
      "properties": {
        "name:fa": "تظاهرات حکومتی آمل",
        "city": "آمل",
        "province": "استان مازندران",
        "date": "",
        "description": "میدان ۱۷ شهریور آمل هر شب مأموران خامنه ای شعار ضد آمریکایی می گویند.",
        "sources": "",
        "id": "MzY6NzdlNDNiNDFiYTY4",
        "publicId": "MzY6NzdlNDNiNDFiYTY4",
        "sourceId": "77e43b41ba68",
        "layerId": 36,
        "type": "event",
        "status": "active",
        "urgency": null,
        "verificationTag": "not-verified",
        "expirationDate": null,
        "createdAt": "2026-07-30T19:21:44.185Z",
        "updatedAt": "2026-07-30T19:21:44.185Z"
      }
    },
    {
      "type": "Feature",
      "id": 94238,
      "geometry": {
        "type": "Point",
        "coordinates": [
          57.328908517956734,
          37.47215198232733
        ]
      },
      "properties": {
        "name:fa": "تجمع حامیان حکومت",
        "city": "بجنورد",
        "province": "استان خراسان شمالی",
        "date": "",
        "description": "تجمع و شعار دادن حامیان حکومت",
        "sources": "",
        "id": "MzY6OWExODQyY2NkNDAz",
        "publicId": "MzY6OWExODQyY2NkNDAz",
        "sourceId": "9a1842ccd403",
        "layerId": 36,
        "type": "event",
        "status": "active",
        "urgency": null,
        "verificationTag": "not-verified",
        "expirationDate": null,
        "createdAt": "2026-07-31T18:17:12.079Z",
        "updatedAt": "2026-07-31T18:17:12.079Z"
      }
    },
    {
      "type": "Feature",
      "id": 94268,
      "geometry": {
        "type": "Point",
        "coordinates": [
          56.2891255098275,
          27.196079815821363
        ]
      },
      "properties": {
        "name:fa": "تخلیه ادارات هرمزگان",
        "city": "بندر عباس",
        "province": "استان هرمزگان",
        "date": "",
        "description": "گزارش‌ها حاکی است امروز، ۱۰ مرداد ۱۴۰۵، دستور تخلیه کارکنان از ساختمان‌های دولتی در استان هرمزگان صادر شده است. جزئیات گزارش در دست برسی میباشد.",
        "sources": "https://x.com/hey_itsmyturn/status/2083509995795079319?s=20",
        "id": "MzY6NWRjZmQ5N2RhY2Zi",
        "publicId": "MzY6NWRjZmQ5N2RhY2Zi",
        "sourceId": "5dcfd97dacfb",
        "layerId": 36,
        "type": "event",
        "status": "active",
        "urgency": null,
        "verificationTag": "not-verified",
        "expirationDate": null,
        "createdAt": "2026-08-01T11:29:20.401Z",
        "updatedAt": "2026-08-01T11:29:20.401Z"
      }
    },
    {
      "type": "Feature",
      "id": 94273,
      "geometry": {
        "type": "Point",
        "coordinates": [
          51.30583047866821,
          35.70363743334718
        ]
      },
      "properties": {
        "name:fa": "تجمع حامیان حکومت",
        "city": "تهران",
        "province": "استان تهران",
        "date": "",
        "description": "پرچم تکانی حکومتی\n",
        "sources": "",
        "id": "MzY6Y2ExODlmNjY0NWRh",
        "publicId": "MzY6Y2ExODlmNjY0NWRh",
        "sourceId": "ca189f6645da",
        "layerId": 36,
        "type": "event",
        "status": "active",
        "urgency": null,
        "verificationTag": "not-verified",
        "expirationDate": null,
        "createdAt": "2026-08-01T18:58:41.796Z",
        "updatedAt": "2026-08-01T18:58:47.372Z"
      }
    },
    {
      "type": "Feature",
      "id": 94275,
      "geometry": {
        "type": "Point",
        "coordinates": [
          54.38395366072655,
          31.853910070474058
        ]
      },
      "properties": {
        "name:fa": "تجمع حامیان حکومت",
        "city": "یزد",
        "province": "استان یزد",
        "date": "",
        "description": "تجمعات حکومتی",
        "sources": "",
        "id": "MzY6N2Y1ZWE0YzRmZTU2",
        "publicId": "MzY6N2Y1ZWE0YzRmZTU2",
        "sourceId": "7f5ea4c4fe56",
        "layerId": 36,
        "type": "event",
        "status": "active",
        "urgency": null,
        "verificationTag": "not-verified",
        "expirationDate": null,
        "createdAt": "2026-08-01T19:12:34.460Z",
        "updatedAt": "2026-08-02T00:17:43.106Z"
      }
    },
    {
      "type": "Feature",
      "id": 94279,
      "geometry": {
        "type": "Point",
        "coordinates": [
          50.505984518676996,
          29.57004926038917
        ]
      },
      "properties": {
        "name:fa": "تجمع حامیان حکومت",
        "city": "بندر گناوه",
        "province": "استان بوشهر",
        "date": "",
        "description": "محل تجمع شبانه عرازشه",
        "sources": "",
        "id": "MzY6MDY5NTNmNjQzMjQ1",
        "publicId": "MzY6MDY5NTNmNjQzMjQ1",
        "sourceId": "06953f643245",
        "layerId": 36,
        "type": "event",
        "status": "active",
        "urgency": null,
        "verificationTag": "not-verified",
        "expirationDate": null,
        "createdAt": "2026-08-02T00:16:16.249Z",
        "updatedAt": "2026-08-02T00:16:16.249Z"
      }
    }
  ],
  "metadata": {
    "total": 637,
    "layerId": 36,
    "clustered": false,
    "simplified": false
  }
}