{
  "type": "FeatureCollection",
  "features": [
    {
      "type": "Feature",
      "id": 5689,
      "geometry": {
        "type": "Polygon",
        "coordinates": [
          [
            [
              50.55502917098,
              32.26009331537
            ],
            [
              50.55476097098,
              32.2594355153
            ],
            [
              50.55509357098,
              32.25925181528
            ],
            [
              50.55513917098,
              32.25933121529
            ],
            [
              50.55525987098,
              32.25960571532
            ],
            [
              50.55529477098,
              32.25971681533
            ],
            [
              50.55529207098,
              32.25983021534
            ],
            [
              50.55523037098,
              32.25994361535
            ],
            [
              50.55506947098,
              32.26007291537
            ],
            [
              50.55502917098,
              32.26009331537
            ]
          ]
        ]
      },
      "properties": {
        "id": "Mjo4NzEw",
        "city": "فارسان",
        "province": "استان چهارمحال و بختیاری",
        "unofficial_name:fa": "اطلاعات سپاه",
        "city:en": "Farsan",
        "province:en": "Chaharmahal and Bakhtiari",
        "city:ar": "فارسان",
        "province:ar": "جهار محال وبختياري",
        "city:he": "פארסאן",
        "province:he": "צ'הארמחאל ובח'תיארי",
        "city:tr": "Farsan",
        "province:tr": "Çaharmahal ve Bahtiyari",
        "city:ckb": "فارسان",
        "province:ckb": "چوارمەحاڵ و بەختیاری",
        "publicId": "Mjo4NzEw",
        "sourceId": "8710",
        "layerId": 2,
        "type": "location",
        "status": "active",
        "urgency": null,
        "verificationTag": null,
        "expirationDate": null,
        "createdAt": "2026-03-11T20:53:01.577Z",
        "updatedAt": "2026-03-11T20:53:01.577Z"
      }
    },
    {
      "type": "Feature",
      "id": 5690,
      "geometry": {
        "type": "Polygon",
        "coordinates": [
          [
            [
              45.05911798487,
              37.53369170507
            ],
            [
              45.05495568487,
              37.53262780524
            ],
            [
              45.05583418487,
              37.53203690533
            ],
            [
              45.05536458487,
              37.53169790539
            ],
            [
              45.05608388487,
              37.53112760547
            ],
            [
              45.05684918487,
              37.53148110542
            ],
            [
              45.05965508487,
              37.53255360525
            ],
            [
              45.05959408487,
              37.53270580523
            ],
            [
              45.05964068487,
              37.53281140521
            ],
            [
              45.05924618487,
              37.53363490508
            ],
            [
              45.05911798487,
              37.53369170507
            ]
          ]
        ]
      },
      "properties": {
        "id": "Mjo4NzIy",
        "city": "ارومیه",
        "province": "استان آذربایجان غربی",
        "unofficial_name:fa": "اطلاعات",
        "city:en": "Urmia",
        "province:en": "West Azerbaijan",
        "city:ar": "أرومية",
        "province:ar": "أذربيجان الغربية",
        "city:he": "אורמיה",
        "province:he": "אזרבייג'ן המערבית",
        "city:tr": "Urmiye",
        "province:tr": "Batı Azerbaycan",
        "city:ckb": "ورمێ",
        "province:ckb": "ئازەربایجانی ڕۆژاوا",
        "publicId": "Mjo4NzIy",
        "sourceId": "8722",
        "layerId": 2,
        "type": "location",
        "status": "active",
        "urgency": null,
        "verificationTag": null,
        "expirationDate": null,
        "createdAt": "2026-03-11T20:53:01.578Z",
        "updatedAt": "2026-03-11T20:53:01.578Z"
      }
    },
    {
      "type": "Feature",
      "id": 5691,
      "geometry": {
        "type": "Polygon",
        "coordinates": [
          [
            [
              48.51960271463,
              37.62901346941
            ],
            [
              48.51847484574,
              37.62858967885
            ],
            [
              48.51867601141,
              37.62828803196
            ],
            [
              48.51875379547,
              37.62825191922
            ],
            [
              48.51983606681,
              37.62864172343
            ],
            [
              48.51960271463,
              37.62901346941
            ]
          ]
        ]
      },
      "properties": {
        "id": "Mjo4NzQw",
        "city": "خلخال",
        "osm_id": "w458587705",
        "province": "استان اردبیل",
        "unofficial_name:fa": "اطلاعات",
        "city:en": "Khalkhal",
        "province:en": "Ardabil",
        "city:ar": "خلخال",
        "province:ar": "أردبيل",
        "city:he": "ח'לח'אל",
        "province:he": "ארדביל",
        "city:tr": "Halhal",
        "province:tr": "Erdebil",
        "city:ckb": "خەلخال",
        "province:ckb": "ئەردەبیل",
        "publicId": "Mjo4NzQw",
        "sourceId": "8740",
        "layerId": 2,
        "type": "location",
        "status": "active",
        "urgency": null,
        "verificationTag": null,
        "expirationDate": null,
        "createdAt": "2026-03-11T20:53:01.579Z",
        "updatedAt": "2026-03-11T20:53:01.579Z"
      }
    },
    {
      "type": "Feature",
      "id": 5692,
      "geometry": {
        "type": "Polygon",
        "coordinates": [
          [
            [
              50.99841646716,
              35.85656954424
            ],
            [
              50.99583148688,
              35.85861569527
            ],
            [
              50.99392175406,
              35.85705921311
            ],
            [
              50.99463253945,
              35.85650921979
            ],
            [
              50.99452525109,
              35.85640922059
            ],
            [
              50.99644034833,
              35.85487226056
            ],
            [
              50.99841278013,
              35.85654318497
            ],
            [
              50.99841646716,
              35.85656954424
            ]
          ]
        ]
      },
      "properties": {
        "id": "Mjo4NzM0",
        "city": "کرج",
        "osm_id": "w1385068926",
        "province": "استان البرز",
        "unofficial_name:fa": "اداره اطلاعات استان البرز",
        "city:en": "Karaj",
        "province:en": "Alborz",
        "city:ar": "كرج",
        "province:ar": "ألبرز",
        "city:he": "כרג'",
        "province:he": "אלבורז",
        "city:tr": "Kerec",
        "province:tr": "Elburz",
        "city:ckb": "کەرەج",
        "province:ckb": "ئەلبورز",
        "publicId": "Mjo4NzM0",
        "sourceId": "8734",
        "layerId": 2,
        "type": "location",
        "status": "active",
        "urgency": null,
        "verificationTag": null,
        "expirationDate": null,
        "createdAt": "2026-03-11T20:53:01.580Z",
        "updatedAt": "2026-03-11T20:53:01.580Z"
      }
    },
    {
      "type": "Feature",
      "id": 5693,
      "geometry": {
        "type": "Polygon",
        "coordinates": [
          [
            [
              46.56376205117,
              33.77048505343
            ],
            [
              46.56322091684,
              33.77051459507
            ],
            [
              46.56318336591,
              33.77006643594
            ],
            [
              46.56372517213,
              33.77003745044
            ],
            [
              46.56376205117,
              33.77048505343
            ]
          ]
        ]
      },
      "properties": {
        "id": "Mjo4NzQ2",
        "city": "سرابله",
        "osm_id": "n6388783185",
        "province": "استان ایلام",
        "unofficial_name:fa": "وزارت اطلاعات",
        "city:en": "Sarableh",
        "province:en": "Ilam",
        "city:ar": "سرابله",
        "province:ar": "إيلام",
        "city:he": "סראבלה",
        "province:he": "אילאם",
        "city:tr": "Serableh",
        "province:tr": "İlam",
        "city:ckb": "سەراوڵە",
        "province:ckb": "ئیلام",
        "publicId": "Mjo4NzQ2",
        "sourceId": "8746",
        "layerId": 2,
        "type": "location",
        "status": "active",
        "urgency": null,
        "verificationTag": null,
        "expirationDate": null,
        "createdAt": "2026-03-11T20:53:01.580Z",
        "updatedAt": "2026-03-11T20:53:01.580Z"
      }
    },
    {
      "type": "Feature",
      "id": 5694,
      "geometry": {
        "type": "Polygon",
        "coordinates": [
          [
            [
              49.61200073227,
              37.30767217339
            ],
            [
              49.61193635926,
              37.30767430679
            ],
            [
              49.61006954178,
              37.30635478211
            ],
            [
              49.60969805583,
              37.30616170501
            ],
            [
              49.60968464479,
              37.30609663472
            ],
            [
              49.60981607169,
              37.30592915953
            ],
            [
              49.60999577969,
              37.30574994885
            ],
            [
              49.61016476087,
              37.30557286961
            ],
            [
              49.61019225352,
              37.30558513705
            ],
            [
              49.61057379775,
              37.30547366328
            ],
            [
              49.61083799466,
              37.30568914406
            ],
            [
              49.61151257023,
              37.30556646974
            ],
            [
              49.61216837034,
              37.30518671143
            ],
            [
              49.61342498526,
              37.30580861799
            ],
            [
              49.61340889201,
              37.30620544075
            ],
            [
              49.61330965027,
              37.30639958446
            ],
            [
              49.61304679379,
              37.30659692783
            ],
            [
              49.61233869061,
              37.30745243199
            ],
            [
              49.61200073227,
              37.30767217339
            ]
          ]
        ]
      },
      "properties": {
        "id": "Mjo4NzA5",
        "city": "رشت",
        "province": "استان گیلان",
        "unofficial_name:fa": "اطلاعات",
        "city:en": "Rasht",
        "province:en": "Gilan",
        "city:ar": "رشت",
        "province:ar": "جيلان",
        "city:he": "רשת",
        "province:he": "גילאן",
        "city:tr": "Reşt",
        "province:tr": "Gilan",
        "city:ckb": "ڕەشت",
        "province:ckb": "گیلان",
        "publicId": "Mjo4NzA5",
        "sourceId": "8709",
        "layerId": 2,
        "type": "location",
        "status": "active",
        "urgency": null,
        "verificationTag": null,
        "expirationDate": null,
        "createdAt": "2026-03-11T20:53:01.581Z",
        "updatedAt": "2026-03-11T20:53:01.581Z"
      }
    },
    {
      "type": "Feature",
      "id": 5695,
      "geometry": {
        "type": "Polygon",
        "coordinates": [
          [
            [
              51.46164670452,
              35.75414630577
            ],
            [
              51.46213352144,
              35.75638609938
            ],
            [
              51.46069585741,
              35.75630338716
            ],
            [
              51.45946204126,
              35.75611619601
            ],
            [
              51.45927428931,
              35.75578207832
            ],
            [
              51.45879953831,
              35.75594423879
            ],
            [
              51.45665913552,
              35.75543490142
            ],
            [
              51.45667791098,
              35.7551454048
            ],
            [
              51.45644187793,
              35.75513452036
            ],
            [
              51.4541834566,
              35.75038270764
            ],
            [
              51.4545401904,
              35.75031522679
            ],
            [
              51.45448654622,
              35.7501389056
            ],
            [
              51.45443290204,
              35.75013455199
            ],
            [
              51.45425855845,
              35.74990381007
            ],
            [
              51.45488351315,
              35.74981456066
            ],
            [
              51.45487010211,
              35.74971442705
            ],
            [
              51.45540117949,
              35.74963606154
            ],
            [
              51.45537435472,
              35.74958164317
            ],
            [
              51.45759522647,
              35.7491462753
            ],
            [
              51.457646861,
              35.74932096444
            ],
            [
              51.45791239969,
              35.74927742784
            ],
            [
              51.45788892835,
              35.74922953918
            ],
            [
              51.45842402905,
              35.74912233012
            ],
            [
              51.45853399962,
              35.74805349693
            ],
            [
              51.45949154824,
              35.74791200063
            ],
            [
              51.4595988366,
              35.74792941557
            ],
            [
              51.46070189707,
              35.74782002626
            ],
            [
              51.4607112848,
              35.74789784935
            ],
            [
              51.46077431671,
              35.74792397177
            ],
            [
              51.46096139878,
              35.74913539113
            ],
            [
              51.45888268813,
              35.74935525004
            ],
            [
              51.45948618516,
              35.75417786788
            ],
            [
              51.46164670452,
              35.75414630577
            ]
          ]
        ]
      },
      "properties": {
        "id": "Mjo4NzIx",
        "city": "تهران",
        "province": "استان تهران",
        "unofficial_name:fa": "وزارت اطلاعات",
        "city:en": "Tehran",
        "province:en": "Tehran",
        "city:ar": "طهران",
        "province:ar": "طهران",
        "city:he": "טהראן",
        "province:he": "טהראן",
        "city:tr": "Tahran",
        "province:tr": "Tahran",
        "city:ckb": "تاران",
        "province:ckb": "تاران",
        "publicId": "Mjo4NzIx",
        "sourceId": "8721",
        "layerId": 2,
        "type": "location",
        "status": "active",
        "urgency": null,
        "verificationTag": null,
        "expirationDate": null,
        "createdAt": "2026-03-11T20:53:01.581Z",
        "updatedAt": "2026-03-11T20:53:01.581Z"
      }
    },
    {
      "type": "Feature",
      "id": 5696,
      "geometry": {
        "type": "Polygon",
        "coordinates": [
          [
            [
              50.87966233358,
              32.32757451011
            ],
            [
              50.87824880943,
              32.32893438722
            ],
            [
              50.87835475668,
              32.32910097076
            ],
            [
              50.87844595179,
              32.32916896396
            ],
            [
              50.87785050139,
              32.33014806029
            ],
            [
              50.877794175,
              32.3301333286
            ],
            [
              50.87675213546,
              32.33087784394
            ],
            [
              50.87643295258,
              32.3311430119
            ],
            [
              50.87632834643,
              32.33116114302
            ],
            [
              50.87623715132,
              32.33113167995
            ],
            [
              50.87505295739,
              32.33021718591
            ],
            [
              50.8749389635,
              32.33001094212
            ],
            [
              50.87484106287,
              32.32973783835
            ],
            [
              50.87483838066,
              32.32955312455
            ],
            [
              50.87487056717,
              32.32934007994
            ],
            [
              50.87493359908,
              32.3291032372
            ],
            [
              50.87638735637,
              32.32848789649
            ],
            [
              50.87641149625,
              32.32848902972
            ],
            [
              50.87674140796,
              32.32834964257
            ],
            [
              50.87681650981,
              32.32823858599
            ],
            [
              50.87800472841,
              32.32768556751
            ],
            [
              50.87835609779,
              32.32749631656
            ],
            [
              50.87865248188,
              32.32730706521
            ],
            [
              50.87896630034,
              32.32709628181
            ],
            [
              50.87908699974,
              32.32705661821
            ],
            [
              50.87917148933,
              32.3270588847
            ],
            [
              50.8792814599,
              32.32712687943
            ],
            [
              50.87966233358,
              32.32757451011
            ]
          ]
        ]
      },
      "properties": {
        "id": "Mjo4NzM5",
        "city": "شهركرد",
        "osm_id": "w1096081220",
        "province": "استان چهارمحال و بختیاری",
        "unofficial_name:fa": "اداره کل اطلاعات استان چهارمحال و بختیاری",
        "city:en": "Shahrekord",
        "province:en": "Chaharmahal and Bakhtiari",
        "city:ar": "شهركرد",
        "province:ar": "جهار محال وبختياري",
        "city:he": "שהר-e כורד",
        "province:he": "צ'הארמחאל ובח'תיארי",
        "city:tr": "Şehrekord",
        "province:tr": "Çaharmahal ve Bahtiyari",
        "city:ckb": "شەهریکورد",
        "province:ckb": "چوارمەحاڵ و بەختیاری",
        "publicId": "Mjo4NzM5",
        "sourceId": "8739",
        "layerId": 2,
        "type": "location",
        "status": "active",
        "urgency": null,
        "verificationTag": null,
        "expirationDate": null,
        "createdAt": "2026-03-11T20:53:01.582Z",
        "updatedAt": "2026-03-11T20:53:01.582Z"
      }
    },
    {
      "type": "Feature",
      "id": 5697,
      "geometry": {
        "type": "Polygon",
        "coordinates": [
          [
            [
              48.49551915988,
              36.68912671096
            ],
            [
              48.49402382836,
              36.68929340041
            ],
            [
              48.49396481976,
              36.68925791172
            ],
            [
              48.49365770683,
              36.6892847971
            ],
            [
              48.49349006876,
              36.68827927768
            ],
            [
              48.49360272154,
              36.68826637254
            ],
            [
              48.4935598062,
              36.68801579716
            ],
            [
              48.4937381731,
              36.68799751481
            ],
            [
              48.49372878537,
              36.68795557292
            ],
            [
              48.49524557322,
              36.68778565533
            ],
            [
              48.4952992174,
              36.68782006926
            ],
            [
              48.49551915988,
              36.68912671096
            ]
          ]
        ]
      },
      "properties": {
        "id": "Mjo4NzMz",
        "city": "زنجان",
        "osm_id": "w394966029",
        "province": "استان زنجان",
        "unofficial_name:fa": "اداره اطلاعات",
        "city:en": "Zanjan",
        "province:en": "Zanjan",
        "city:ar": "زنجان",
        "province:ar": "زنجان",
        "city:he": "זנג'אן",
        "province:he": "זנג'אן",
        "city:tr": "Zencan",
        "province:tr": "Zencan",
        "city:ckb": "زەنجان",
        "province:ckb": "زەنجان",
        "publicId": "Mjo4NzMz",
        "sourceId": "8733",
        "layerId": 2,
        "type": "location",
        "status": "active",
        "urgency": null,
        "verificationTag": null,
        "expirationDate": null,
        "createdAt": "2026-03-11T20:53:01.582Z",
        "updatedAt": "2026-03-11T20:53:01.582Z"
      }
    },
    {
      "type": "Feature",
      "id": 5698,
      "geometry": {
        "type": "Polygon",
        "coordinates": [
          [
            [
              51.70646512392,
              32.64560089941
            ],
            [
              51.70676439732,
              32.64580499219
            ],
            [
              51.70695751838,
              32.64561301971
            ],
            [
              51.70690990917,
              32.6453820896
            ],
            [
              51.70664101705,
              32.64535329444
            ],
            [
              51.70635670289,
              32.64537136235
            ],
            [
              51.70646512392,
              32.64560089941
            ]
          ]
        ]
      },
      "properties": {
        "id": "Mjo4NzUx",
        "city": "اصفهان",
        "osm_id": "n7258046051",
        "province": "استان اصفهان",
        "unofficial_name:fa": "سازمان ستاد وزارت اطلاعات",
        "city:en": "Isfahan",
        "province:en": "Isfahan",
        "city:ar": "أصفهان",
        "province:ar": "أصفهان",
        "city:he": "אספהאן",
        "province:he": "אספהאן",
        "city:tr": "İsfahan",
        "province:tr": "İsfahan",
        "city:ckb": "ئیسفەهان",
        "province:ckb": "ئەسفەھان",
        "publicId": "Mjo4NzUx",
        "sourceId": "8751",
        "layerId": 2,
        "type": "location",
        "status": "active",
        "urgency": null,
        "verificationTag": null,
        "expirationDate": null,
        "createdAt": "2026-03-11T20:53:01.583Z",
        "updatedAt": "2026-03-11T20:53:01.583Z"
      }
    },
    {
      "type": "Feature",
      "id": 5699,
      "geometry": {
        "type": "Polygon",
        "coordinates": [
          [
            [
              48.48969071969,
              36.68197808185
            ],
            [
              48.48965719208,
              36.68196732668
            ],
            [
              48.48959416017,
              36.68197808185
            ],
            [
              48.48956867918,
              36.6820071208
            ],
            [
              48.48908588156,
              36.68207702935
            ],
            [
              48.48888605699,
              36.68126285974
            ],
            [
              48.48949491844,
              36.68117359094
            ],
            [
              48.48969071969,
              36.68197808185
            ]
          ]
        ]
      },
      "properties": {
        "id": "Mjo4NzQ1",
        "city": "زنجان",
        "osm_id": "w393601229",
        "province": "استان زنجان",
        "unofficial_name:fa": "وزارت اطلاعات",
        "city:en": "Zanjan",
        "province:en": "Zanjan",
        "city:ar": "زنجان",
        "province:ar": "زنجان",
        "city:he": "זנג'אן",
        "province:he": "זנג'אן",
        "city:tr": "Zencan",
        "province:tr": "Zencan",
        "city:ckb": "زەنجان",
        "province:ckb": "زەنجان",
        "publicId": "Mjo4NzQ1",
        "sourceId": "8745",
        "layerId": 2,
        "type": "location",
        "status": "active",
        "urgency": null,
        "verificationTag": null,
        "expirationDate": null,
        "createdAt": "2026-03-11T20:53:01.583Z",
        "updatedAt": "2026-03-11T20:53:01.583Z"
      }
    },
    {
      "type": "Feature",
      "id": 5700,
      "geometry": {
        "type": "Polygon",
        "coordinates": [
          [
            [
              47.66819983184,
              38.39488611235
            ],
            [
              47.66774653852,
              38.39478100335
            ],
            [
              47.66808717906,
              38.39394643252
            ],
            [
              47.66848951042,
              38.39406730924
            ],
            [
              47.66819983184,
              38.39488611235
            ]
          ]
        ]
      },
      "properties": {
        "id": "Mjo4NzA4",
        "city": "مشگين شهر",
        "province": "استان اردبیل",
        "unofficial_name:fa": "اطلاعات",
        "city:en": "Meshgin Shahr",
        "province:en": "Ardabil",
        "city:ar": "مشكين شهر",
        "province:ar": "أردبيل",
        "city:he": "משגין שהר",
        "province:he": "ארדביל",
        "city:tr": "Meşginşehr",
        "province:tr": "Erdebil",
        "city:ckb": "مەشگین‌شەهر",
        "province:ckb": "ئەردەبیل",
        "publicId": "Mjo4NzA4",
        "sourceId": "8708",
        "layerId": 2,
        "type": "location",
        "status": "active",
        "urgency": null,
        "verificationTag": null,
        "expirationDate": null,
        "createdAt": "2026-03-11T20:53:01.584Z",
        "updatedAt": "2026-03-11T20:53:01.584Z"
      }
    },
    {
      "type": "Feature",
      "id": 5701,
      "geometry": {
        "type": "Polygon",
        "coordinates": [
          [
            [
              47.72134579584,
              33.14563914261
            ],
            [
              47.72149398789,
              33.14571549873
            ],
            [
              47.7216455327,
              33.14587663239
            ],
            [
              47.72195063397,
              33.14569809403
            ],
            [
              47.72187754378,
              33.14563072098
            ],
            [
              47.72179238364,
              33.14559422722
            ],
            [
              47.72169649467,
              33.14558861279
            ],
            [
              47.72134579584,
              33.14563914261
            ]
          ]
        ]
      },
      "properties": {
        "id": "Mjo4NzAy",
        "city": "پلدختر",
        "province": "استان لرستان",
        "unofficial_name:fa": "اطلاعات سپاه",
        "city:en": "Poldokhtar",
        "province:en": "Lorestan",
        "city:ar": "بلدختر",
        "province:ar": "لرستان",
        "city:he": "פול דוח'תר",
        "province:he": "לורסתאן",
        "city:tr": "Pol-e Dohtar",
        "province:tr": "Luristan",
        "city:ckb": "پۆلدۆختەر",
        "province:ckb": "لوڕستان",
        "publicId": "Mjo4NzAy",
        "sourceId": "8702",
        "layerId": 2,
        "type": "location",
        "status": "active",
        "urgency": null,
        "verificationTag": null,
        "expirationDate": null,
        "createdAt": "2026-03-11T20:53:01.584Z",
        "updatedAt": "2026-03-11T20:53:01.584Z"
      }
    },
    {
      "type": "Feature",
      "id": 5702,
      "geometry": {
        "type": "Polygon",
        "coordinates": [
          [
            [
              51.5571293208,
              35.65489457739
            ],
            [
              51.55514080044,
              35.65165182112
            ],
            [
              51.55648827419,
              35.65105872391
            ],
            [
              51.55842080578,
              35.65414049714
            ],
            [
              51.5573680374,
              35.65478996568
            ],
            [
              51.5571293208,
              35.65489457739
            ]
          ]
        ]
      },
      "properties": {
        "id": "Mjo4NzIw",
        "city": "شهرستان تهران",
        "province": "استان تهران",
        "unofficial_name:fa": "بازداشتگاه اطلاعات سپاه",
        "city:en": "Tehran County",
        "province:en": "Tehran",
        "city:ar": "قضاء طهران",
        "province:ar": "طهران",
        "city:he": "נפת טהראן",
        "province:he": "טהראן",
        "city:tr": "Tahran İlçesi",
        "province:tr": "Tahran",
        "city:ckb": "شارستانی تاران",
        "province:ckb": "تاران",
        "publicId": "Mjo4NzIw",
        "sourceId": "8720",
        "layerId": 2,
        "type": "location",
        "status": "active",
        "urgency": null,
        "verificationTag": null,
        "expirationDate": null,
        "createdAt": "2026-03-11T20:53:01.585Z",
        "updatedAt": "2026-03-11T20:53:01.585Z"
      }
    },
    {
      "type": "Feature",
      "id": 5703,
      "geometry": {
        "type": "Polygon",
        "coordinates": [
          [
            [
              53.5714119646,
              28.51429680673
            ],
            [
              53.57160508364,
              28.51436751226
            ],
            [
              53.57198327512,
              28.51428502247
            ],
            [
              53.5720986101,
              28.51463854968
            ],
            [
              53.57213347882,
              28.51468097287
            ],
            [
              53.57238828868,
              28.51463147915
            ],
            [
              53.57234805554,
              28.51473282341
            ],
            [
              53.57209592789,
              28.51478703076
            ],
            [
              53.57207983464,
              28.51476581919
            ],
            [
              53.57156753272,
              28.51490722957
            ],
            [
              53.57048123807,
              28.51456784434
            ],
            [
              53.5705214712,
              28.51438165336
            ],
            [
              53.5707601878,
              28.51440050816
            ],
            [
              53.57111960381,
              28.51431094784
            ],
            [
              53.5714119646,
              28.51429680673
            ]
          ]
        ]
      },
      "properties": {
        "id": "Mjo4NzE0",
        "city": "جهرم",
        "province": "استان فارس",
        "unofficial_name:fa": "اطلاعات جهرم",
        "city:en": "Jahrom",
        "province:en": "Fars",
        "city:ar": "جهرم",
        "province:ar": "فارس",
        "city:he": "ג'הרום",
        "province:he": "פארס",
        "city:tr": "Cehrom",
        "province:tr": "Fars",
        "city:ckb": "جهڕوم",
        "province:ckb": "فارس",
        "publicId": "Mjo4NzE0",
        "sourceId": "8714",
        "layerId": 2,
        "type": "location",
        "status": "active",
        "urgency": null,
        "verificationTag": null,
        "expirationDate": null,
        "createdAt": "2026-03-11T20:53:01.585Z",
        "updatedAt": "2026-03-11T20:53:01.585Z"
      }
    },
    {
      "type": "Feature",
      "id": 5704,
      "geometry": {
        "type": "Polygon",
        "coordinates": [
          [
            [
              45.47415554389,
              36.15747595145
            ],
            [
              45.47395571932,
              36.1571121279
            ],
            [
              45.47398120031,
              36.15706989827
            ],
            [
              45.47457799181,
              36.15680569187
            ],
            [
              45.47480061516,
              36.15724423069
            ],
            [
              45.47420784697,
              36.15747486864
            ],
            [
              45.47415554389,
              36.15747595145
            ]
          ]
        ]
      },
      "properties": {
        "id": "Mjo4NzMy",
        "city": "سردشت",
        "osm_id": "w447646431",
        "province": "استان آذربایجان غربی",
        "unofficial_name:fa": "اداره اطلاعات",
        "city:en": "Sardasht",
        "province:en": "West Azerbaijan",
        "city:ar": "سردشت",
        "province:ar": "أذربيجان الغربية",
        "city:he": "סרדשת",
        "province:he": "אזרבייג'ן המערבית",
        "city:tr": "Serdeşt",
        "province:tr": "Batı Azerbaycan",
        "city:ckb": "سەردەشت",
        "province:ckb": "ئازەربایجانی ڕۆژاوا",
        "publicId": "Mjo4NzMy",
        "sourceId": "8732",
        "layerId": 2,
        "type": "location",
        "status": "active",
        "urgency": null,
        "verificationTag": null,
        "expirationDate": null,
        "createdAt": "2026-03-11T20:53:01.586Z",
        "updatedAt": "2026-03-11T20:53:01.586Z"
      }
    },
    {
      "type": "Feature",
      "id": 5705,
      "geometry": {
        "type": "Polygon",
        "coordinates": [
          [
            [
              48.2960607098,
              38.2424450639
            ],
            [
              48.2957307981,
              38.24262201834
            ],
            [
              48.29563557968,
              38.24257567318
            ],
            [
              48.29553365573,
              38.24254934068
            ],
            [
              48.29543173179,
              38.24255039398
            ],
            [
              48.29531773791,
              38.24256198028
            ],
            [
              48.29512461886,
              38.2423492134
            ],
            [
              48.29570531711,
              38.24205534128
            ],
            [
              48.2960607098,
              38.2424450639
            ]
          ]
        ]
      },
      "properties": {
        "id": "Mjo4NzQ0",
        "city": "اردبیل",
        "osm_id": "w323929423",
        "province": "استان اردبیل",
        "unofficial_name:fa": "ستاد خبری اداره اطلاعات شهرستان اردبیل",
        "city:en": "Ardabil",
        "province:en": "Ardabil",
        "city:ar": "أردبيل",
        "province:ar": "أردبيل",
        "city:he": "ארדביל",
        "province:he": "ארדביל",
        "city:tr": "Erdebil",
        "province:tr": "Erdebil",
        "city:ckb": "ئەردەبیل",
        "province:ckb": "ئەردەبیل",
        "publicId": "Mjo4NzQ0",
        "sourceId": "8744",
        "layerId": 2,
        "type": "location",
        "status": "active",
        "urgency": null,
        "verificationTag": null,
        "expirationDate": null,
        "createdAt": "2026-03-11T20:53:01.586Z",
        "updatedAt": "2026-03-11T20:53:01.586Z"
      }
    },
    {
      "type": "Feature",
      "id": 5706,
      "geometry": {
        "type": "Polygon",
        "coordinates": [
          [
            [
              45.10025560588,
              37.04240121998
            ],
            [
              45.09955823153,
              37.04261316999
            ],
            [
              45.09921222657,
              37.04228561063
            ],
            [
              45.09997397393,
              37.04187241282
            ],
            [
              45.10005980462,
              37.04196019078
            ],
            [
              45.10025560588,
              37.04240121998
            ]
          ]
        ]
      },
      "properties": {
        "id": "Mjo4NzA3",
        "city": "اشنویه",
        "province": "استان آذربایجان غربی",
        "unofficial_name:fa": "اداره اطلاعات اشنویه",
        "city:en": "Oshnaviyeh",
        "province:en": "West Azerbaijan",
        "city:ar": "أشنويه",
        "province:ar": "أذربيجان الغربية",
        "city:he": "אשנוויה",
        "province:he": "אזרבייג'ן המערבית",
        "city:tr": "Oşnaviye",
        "province:tr": "Batı Azerbaycan",
        "city:ckb": "شنۆ",
        "province:ckb": "ئازەربایجانی ڕۆژاوا",
        "publicId": "Mjo4NzA3",
        "sourceId": "8707",
        "layerId": 2,
        "type": "location",
        "status": "active",
        "urgency": null,
        "verificationTag": null,
        "expirationDate": null,
        "createdAt": "2026-03-11T20:53:01.587Z",
        "updatedAt": "2026-03-11T20:53:01.587Z"
      }
    },
    {
      "type": "Feature",
      "id": 5707,
      "geometry": {
        "type": "Polygon",
        "coordinates": [
          [
            [
              50.83843845372,
              28.95178397855
            ],
            [
              50.83787569265,
              28.95168393743
            ],
            [
              50.83792983723,
              28.95128304045
            ],
            [
              50.83820074034,
              28.95090869046
            ],
            [
              50.83828657237,
              28.95085940172
            ],
            [
              50.83848086556,
              28.95084055157
            ],
            [
              50.83843845372,
              28.95178397855
            ]
          ]
        ]
      },
      "properties": {
        "id": "Mjo4NzAx",
        "city": "بوشهر",
        "province": "استان بوشهر",
        "unofficial_name:fa": "سازمان اطلاعات",
        "city:en": "Bushehr",
        "province:en": "Bushehr",
        "city:ar": "بوشهر",
        "province:ar": "بوشهر",
        "city:he": "בושהר",
        "province:he": "בושהר",
        "city:tr": "Buşehr",
        "province:tr": "Buşehr",
        "city:ckb": "بووشەهر",
        "province:ckb": "بووشەھر",
        "publicId": "Mjo4NzAx",
        "sourceId": "8701",
        "layerId": 2,
        "type": "location",
        "status": "active",
        "urgency": null,
        "verificationTag": null,
        "expirationDate": null,
        "createdAt": "2026-03-11T20:53:01.587Z",
        "updatedAt": "2026-03-11T20:53:01.587Z"
      }
    },
    {
      "type": "Feature",
      "id": 5708,
      "geometry": {
        "type": "Polygon",
        "coordinates": [
          [
            [
              53.0341398499,
              36.54356707995
            ],
            [
              53.0342942953,
              36.54317612988
            ],
            [
              53.03442567453,
              36.54315011368
            ],
            [
              53.0344471322,
              36.54309085363
            ],
            [
              53.0344180456,
              36.54305434368
            ],
            [
              53.03490123029,
              36.54183337729
            ],
            [
              53.0351436542,
              36.54146860302
            ],
            [
              53.03580802966,
              36.54146973093
            ],
            [
              53.03727878978,
              36.54094337276
            ],
            [
              53.03764298424,
              36.54093806696
            ],
            [
              53.03906857699,
              36.54131195471
            ],
            [
              53.03954614067,
              36.54149410571
            ],
            [
              53.03919732302,
              36.54202739852
            ],
            [
              53.03853328482,
              36.54361804944
            ],
            [
              53.03625356713,
              36.54362107402
            ],
            [
              53.0341398499,
              36.54356707995
            ]
          ]
        ]
      },
      "properties": {
        "id": "Mjo4NzE5",
        "city": "شهرستان ساری",
        "province": "استان مازندران",
        "unofficial_name:fa": "اداره اطلاعات",
        "city:en": "Sari County",
        "province:en": "Mazandaran",
        "city:ar": "قضاء ساري",
        "province:ar": "مازندران",
        "city:he": "נפת סארי",
        "province:he": "מאזנדראן",
        "city:tr": "Sari İlçesi",
        "province:tr": "Mazenderan",
        "city:ckb": "شارستانی ساری",
        "province:ckb": "مازەندەران",
        "publicId": "Mjo4NzE5",
        "sourceId": "8719",
        "layerId": 2,
        "type": "location",
        "status": "active",
        "urgency": null,
        "verificationTag": null,
        "expirationDate": null,
        "createdAt": "2026-03-11T20:53:01.588Z",
        "updatedAt": "2026-03-11T20:53:01.588Z"
      }
    },
    {
      "type": "Feature",
      "id": 5709,
      "geometry": {
        "type": "Polygon",
        "coordinates": [
          [
            [
              53.18472727999,
              27.32857238882
            ],
            [
              53.1836892651,
              27.32914903542
            ],
            [
              53.18321451411,
              27.32846635224
            ],
            [
              53.18424716458,
              27.32788374494
            ],
            [
              53.1844040738,
              27.32812441336
            ],
            [
              53.18439200386,
              27.32818755894
            ],
            [
              53.1844912456,
              27.32833052995
            ],
            [
              53.18455830082,
              27.32835435843
            ],
            [
              53.18472727999,
              27.32857238882
            ]
          ]
        ]
      },
      "properties": {
        "id": "Mjo4NzEz",
        "city": "لامرد",
        "osm_id": "w1386543128",
        "province": "استان فارس",
        "unofficial_name:fa": "اداره اطلاعات",
        "city:en": "Lamerd",
        "province:en": "Fars",
        "city:ar": "لامرد",
        "province:ar": "فارس",
        "city:he": "לאמרד",
        "province:he": "פארס",
        "city:tr": "Lamerd",
        "province:tr": "Fars",
        "city:ckb": "لامرد",
        "province:ckb": "فارس",
        "publicId": "Mjo4NzEz",
        "sourceId": "8713",
        "layerId": 2,
        "type": "location",
        "status": "active",
        "urgency": null,
        "verificationTag": null,
        "expirationDate": null,
        "createdAt": "2026-03-11T20:53:01.588Z",
        "updatedAt": "2026-03-11T20:53:01.588Z"
      }
    },
    {
      "type": "Feature",
      "id": 5710,
      "geometry": {
        "type": "Polygon",
        "coordinates": [
          [
            [
              48.35539318554,
              39.37665537262
            ],
            [
              48.35510820016,
              39.37703634583
            ],
            [
              48.35467100009,
              39.37685493052
            ],
            [
              48.3545824872,
              39.37695859647
            ],
            [
              48.35450604424,
              39.37690883684
            ],
            [
              48.35489094123,
              39.37643404519
            ],
            [
              48.35539318554,
              39.37665537262
            ]
          ]
        ]
      },
      "properties": {
        "id": "Mjo4NzMx",
        "city": "بیله سوار",
        "osm_id": "w458288919",
        "province": "استان اردبیل",
        "unofficial_name:fa": "اداره اطلاعات",
        "city:en": "Bileh Savar",
        "province:en": "Ardabil",
        "city:ar": "بيله سوار",
        "province:ar": "أردبيل",
        "city:he": "בילה סבאר",
        "province:he": "ארדביל",
        "city:tr": "Bilehsavar",
        "province:tr": "Erdebil",
        "city:ckb": "بێلەسووار",
        "province:ckb": "ئەردەبیل",
        "publicId": "Mjo4NzMx",
        "sourceId": "8731",
        "layerId": 2,
        "type": "location",
        "status": "active",
        "urgency": null,
        "verificationTag": null,
        "expirationDate": null,
        "createdAt": "2026-03-11T20:53:01.589Z",
        "updatedAt": "2026-03-11T20:53:01.589Z"
      }
    },
    {
      "type": "Feature",
      "id": 5711,
      "geometry": {
        "type": "Polygon",
        "coordinates": [
          [
            [
              47.61425927147,
              33.53217015037
            ],
            [
              47.61418551072,
              33.53180347437
            ],
            [
              47.61342376336,
              33.53185042687
            ],
            [
              47.61351629958,
              33.53228417734
            ],
            [
              47.61408626899,
              33.53220033399
            ],
            [
              47.61410370335,
              33.53217462202
            ],
            [
              47.61420428619,
              33.53216232498
            ],
            [
              47.6142294319,
              33.53217462202
            ],
            [
              47.61425927147,
              33.53217015037
            ]
          ]
        ]
      },
      "properties": {
        "id": "Mjo4NzQz",
        "city": "كوهدشت",
        "osm_id": "w465415889",
        "province": "استان لرستان",
        "unofficial_name:fa": "حفاظت و اطلاعات",
        "city:en": "Kuhdasht",
        "province:en": "Lorestan",
        "city:ar": "كوهدشت",
        "province:ar": "لرستان",
        "city:he": "כוהדשת",
        "province:he": "לורסתאן",
        "city:tr": "Kuhdaşt",
        "province:tr": "Luristan",
        "city:ckb": "کۆهدەشت",
        "province:ckb": "لوڕستان",
        "publicId": "Mjo4NzQz",
        "sourceId": "8743",
        "layerId": 2,
        "type": "location",
        "status": "active",
        "urgency": null,
        "verificationTag": null,
        "expirationDate": null,
        "createdAt": "2026-03-11T20:53:01.589Z",
        "updatedAt": "2026-03-11T20:53:01.589Z"
      }
    },
    {
      "type": "Feature",
      "id": 5712,
      "geometry": {
        "type": "Polygon",
        "coordinates": [
          [
            [
              48.86994749039,
              38.41172364884
            ],
            [
              48.86836230621,
              38.41190649447
            ],
            [
              48.86832609639,
              38.41189073184
            ],
            [
              48.86810481414,
              38.41072638961
            ],
            [
              48.86998235911,
              38.41049309962
            ],
            [
              48.86985361308,
              38.41121398753
            ],
            [
              48.86994749039,
              38.41172364884
            ]
          ]
        ]
      },
      "properties": {
        "id": "Mjo4NzI2",
        "city": "آستارا",
        "osm_id": "r12111466",
        "province": "استان گیلان",
        "unofficial_name:fa": "سازمان اطلاعات",
        "city:en": "Astara",
        "province:en": "Gilan",
        "city:ar": "أستارا",
        "province:ar": "جيلان",
        "city:he": "אסטארה",
        "province:he": "גילאן",
        "city:tr": "Astara",
        "province:tr": "Gilan",
        "city:ckb": "ئاستارا",
        "province:ckb": "گیلان",
        "publicId": "Mjo4NzI2",
        "sourceId": "8726",
        "layerId": 2,
        "type": "location",
        "status": "active",
        "urgency": null,
        "verificationTag": null,
        "expirationDate": null,
        "createdAt": "2026-03-11T20:53:01.590Z",
        "updatedAt": "2026-03-11T20:53:01.590Z"
      }
    },
    {
      "type": "Feature",
      "id": 5713,
      "geometry": {
        "type": "Polygon",
        "coordinates": [
          [
            [
              54.34884671141,
              31.88509812913
            ],
            [
              54.34895485505,
              31.88482997216
            ],
            [
              54.349056779,
              31.8848550246
            ],
            [
              54.34894680843,
              31.88512490725
            ],
            [
              54.34884671141,
              31.88509812913
            ]
          ]
        ]
      },
      "properties": {
        "id": "Mjo4NzEy",
        "city": "یزد",
        "province": "استان یزد",
        "unofficial_name:fa": "اطلاعات",
        "city:en": "Yazd",
        "province:en": "Yazd",
        "city:ar": "يزد",
        "province:ar": "يزد",
        "city:he": "יזד",
        "province:he": "יזד",
        "city:tr": "Yezd",
        "province:tr": "Yezd",
        "city:ckb": "یەزد",
        "province:ckb": "یەزد",
        "publicId": "Mjo4NzEy",
        "sourceId": "8712",
        "layerId": 2,
        "type": "location",
        "status": "active",
        "urgency": null,
        "verificationTag": null,
        "expirationDate": null,
        "createdAt": "2026-03-11T20:53:01.591Z",
        "updatedAt": "2026-03-11T20:53:01.591Z"
      }
    },
    {
      "type": "Feature",
      "id": 5714,
      "geometry": {
        "type": "Polygon",
        "coordinates": [
          [
            [
              57.07251280412,
              27.14714125709
            ],
            [
              57.0720313476,
              27.14699685979
            ],
            [
              57.07219764456,
              27.14648013073
            ],
            [
              57.0726858066,
              27.14659350105
            ],
            [
              57.07267507777,
              27.14662691544
            ],
            [
              57.07263752684,
              27.14664958949
            ],
            [
              57.07261875138,
              27.14671761159
            ],
            [
              57.07263752684,
              27.14675460605
            ],
            [
              57.07251280412,
              27.14714125709
            ]
          ]
        ]
      },
      "properties": {
        "id": "Mjo4NzM4",
        "city": "میناب",
        "osm_id": "w658162504",
        "province": "استان هرمزگان",
        "unofficial_name:fa": "اداره اطلاعات شهرستان میناب",
        "city:en": "Minab",
        "province:en": "Hormozgan",
        "city:ar": "ميناب",
        "province:ar": "هرمزكان",
        "city:he": "מינאב",
        "province:he": "הורמוזגאן",
        "city:tr": "Minab",
        "province:tr": "Hürmüzgan",
        "city:ckb": "میناب",
        "province:ckb": "ھورمزگان",
        "publicId": "Mjo4NzM4",
        "sourceId": "8738",
        "layerId": 2,
        "type": "location",
        "status": "active",
        "urgency": null,
        "verificationTag": null,
        "expirationDate": null,
        "createdAt": "2026-03-11T20:53:01.592Z",
        "updatedAt": "2026-03-11T20:53:01.592Z"
      }
    },
    {
      "type": "Feature",
      "id": 5715,
      "geometry": {
        "type": "Polygon",
        "coordinates": [
          [
            [
              46.31729587644,
              33.81828026157
            ],
            [
              46.31753191084,
              33.81841173694
            ],
            [
              46.31755739182,
              33.81837942522
            ],
            [
              46.31800666183,
              33.81862789093
            ],
            [
              46.31757884949,
              33.81920949843
            ],
            [
              46.31754532188,
              33.81921284099
            ],
            [
              46.31688549846,
              33.81885630048
            ],
            [
              46.31687342852,
              33.81882398892
            ],
            [
              46.31729587644,
              33.81828026157
            ]
          ]
        ]
      },
      "properties": {
        "id": "Mjo4NzUw",
        "city": "ایوان",
        "osm_id": "n5422572521",
        "province": "استان ایلام",
        "unofficial_name:fa": "اداره اطلاعات ایوان",
        "city:en": "Eyvan",
        "province:en": "Ilam",
        "city:ar": "إيوان",
        "province:ar": "إيلام",
        "city:he": "איוואן",
        "province:he": "אילאם",
        "city:tr": "Eyvan",
        "province:tr": "İlam",
        "city:ckb": "ئیوان",
        "province:ckb": "ئیلام",
        "publicId": "Mjo4NzUw",
        "sourceId": "8750",
        "layerId": 2,
        "type": "location",
        "status": "active",
        "urgency": null,
        "verificationTag": null,
        "expirationDate": null,
        "createdAt": "2026-03-11T20:53:01.592Z",
        "updatedAt": "2026-03-11T20:53:01.592Z"
      }
    },
    {
      "type": "Feature",
      "id": 5716,
      "geometry": {
        "type": "Polygon",
        "coordinates": [
          [
            [
              49.70735795729,
              34.11318527816
            ],
            [
              49.7075685107,
              34.11323690906
            ],
            [
              49.70884322986,
              34.11511669725
            ],
            [
              49.70883115992,
              34.11515777897
            ],
            [
              49.70655798778,
              34.1161526167
            ],
            [
              49.70651373133,
              34.11614262397
            ],
            [
              49.70528930292,
              34.11422954928
            ],
            [
              49.70536038145,
              34.11405411717
            ],
            [
              49.70735795729,
              34.11318527816
            ]
          ]
        ]
      },
      "properties": {
        "id": "Mjo4NzI1",
        "city": "اراک",
        "osm_id": "r10519867",
        "province": "استان مرکزی",
        "unofficial_name:fa": "اداره کل اطلاعات استان مرکزی",
        "city:en": "Arak",
        "province:en": "Markazi",
        "city:ar": "أراك",
        "province:ar": "المركزية",
        "city:he": "אראכ",
        "province:he": "מרכזי",
        "city:tr": "Erak",
        "province:tr": "Merkezi",
        "city:ckb": "ئەراک",
        "province:ckb": "مەرکەزی",
        "publicId": "Mjo4NzI1",
        "sourceId": "8725",
        "layerId": 2,
        "type": "location",
        "status": "active",
        "urgency": null,
        "verificationTag": null,
        "expirationDate": null,
        "createdAt": "2026-03-11T20:53:01.593Z",
        "updatedAt": "2026-03-11T20:53:01.593Z"
      }
    },
    {
      "type": "Feature",
      "id": 5717,
      "geometry": {
        "type": "Polygon",
        "coordinates": [
          [
            [
              51.60012781352,
              30.65462068928
            ],
            [
              51.59996151656,
              30.65329681672
            ],
            [
              51.60003930062,
              30.65320913476
            ],
            [
              51.60262495011,
              30.6528261021
            ],
            [
              51.60275235638,
              30.65346064217
            ],
            [
              51.60206302866,
              30.65444648023
            ],
            [
              51.60012781352,
              30.65462068928
            ]
          ]
        ]
      },
      "properties": {
        "id": "Mjo4NzEx",
        "city": "ياسوج",
        "osm_id": "w550228571",
        "province": "استان کهگیلویه و بویراحمد",
        "unofficial_name:fa": "اداره اطلاعات",
        "city:en": "Yasuj",
        "province:en": "Kohgiluyeh and Boyer-Ahmad",
        "city:ar": "ياسوج",
        "province:ar": "كهكيلويه وبوير أحمد",
        "city:he": "יאסוג'",
        "province:he": "כהגילויה ובויראחמד",
        "city:tr": "Yasuç",
        "province:tr": "Kuhgiluye ve Buyer Ahmed",
        "city:ckb": "یاسووج",
        "province:ckb": "کۆھگیلوویە و بوێرئەحمەد",
        "publicId": "Mjo4NzEx",
        "sourceId": "8711",
        "layerId": 2,
        "type": "location",
        "status": "active",
        "urgency": null,
        "verificationTag": null,
        "expirationDate": null,
        "createdAt": "2026-03-11T20:53:01.593Z",
        "updatedAt": "2026-03-11T20:53:01.593Z"
      }
    },
    {
      "type": "Feature",
      "id": 5718,
      "geometry": {
        "type": "Polygon",
        "coordinates": [
          [
            [
              51.52072101764,
              30.11665928545
            ],
            [
              51.52029387586,
              30.1167683313
            ],
            [
              51.52008868687,
              30.11668016658
            ],
            [
              51.51964679226,
              30.11542787163
            ],
            [
              51.52023553714,
              30.11527358122
            ],
            [
              51.52072101764,
              30.11665928545
            ]
          ]
        ]
      },
      "properties": {
        "id": "Mjo4NzM3",
        "city": "نورآباد",
        "osm_id": "w1340373997",
        "province": "استان فارس",
        "unofficial_name:fa": "اداره اطلاعات شهرستان ممسنی",
        "city:en": "Nurabad",
        "province:en": "Fars",
        "city:ar": "نور أباد",
        "province:ar": "فارس",
        "city:he": "נוראבאד",
        "province:he": "פארס",
        "city:tr": "Nurabad",
        "province:tr": "Fars",
        "city:ckb": "نورئاباد",
        "province:ckb": "فارس",
        "publicId": "Mjo4NzM3",
        "sourceId": "8737",
        "layerId": 2,
        "type": "location",
        "status": "active",
        "urgency": null,
        "verificationTag": null,
        "expirationDate": null,
        "createdAt": "2026-03-11T20:53:01.594Z",
        "updatedAt": "2026-03-11T20:53:01.594Z"
      }
    },
    {
      "type": "Feature",
      "id": 5719,
      "geometry": {
        "type": "Polygon",
        "coordinates": [
          [
            [
              51.64549603924,
              29.62044466376
            ],
            [
              51.64544507727,
              29.6205484241
            ],
            [
              51.64532840118,
              29.62041668342
            ],
            [
              51.64464577898,
              29.62082356336
            ],
            [
              51.64430379733,
              29.62042134681
            ],
            [
              51.64515271649,
              29.62003428473
            ],
            [
              51.64549603924,
              29.62044466376
            ]
          ]
        ]
      },
      "properties": {
        "id": "Mjo4NzQ5",
        "city": "كازرون",
        "osm_id": "n3840746633",
        "province": "استان فارس",
        "unofficial_name:fa": "اداره اطلاعات",
        "city:en": "Kazerun",
        "province:en": "Fars",
        "city:ar": "كازرون",
        "province:ar": "فارس",
        "city:he": "כאזרון",
        "province:he": "פארס",
        "city:tr": "Kazerun",
        "province:tr": "Fars",
        "city:ckb": "کازرۆن",
        "province:ckb": "فارس",
        "publicId": "Mjo4NzQ5",
        "sourceId": "8749",
        "layerId": 2,
        "type": "location",
        "status": "active",
        "urgency": null,
        "verificationTag": null,
        "expirationDate": null,
        "createdAt": "2026-03-11T20:53:01.594Z",
        "updatedAt": "2026-03-11T20:53:01.594Z"
      }
    },
    {
      "type": "Feature",
      "id": 5720,
      "geometry": {
        "type": "Polygon",
        "coordinates": [
          [
            [
              46.17116510466,
              35.52065899612
            ],
            [
              46.16979449585,
              35.52081617674
            ],
            [
              46.16950884193,
              35.51965696138
            ],
            [
              46.1709585759,
              35.51945393343
            ],
            [
              46.17099344462,
              35.51947576441
            ],
            [
              46.1711959514,
              35.5206153337
            ],
            [
              46.17116510466,
              35.52065899612
            ]
          ]
        ]
      },
      "properties": {
        "id": "Mjo4NzA2",
        "city": "مریوان",
        "province": "استان کردستان",
        "unofficial_name:fa": "اطلاعات",
        "city:en": "Marivan",
        "province:en": "Kurdistan",
        "city:ar": "مريوان",
        "province:ar": "كردستان",
        "city:he": "מריוואן",
        "province:he": "כורדיסטאן",
        "city:tr": "Marivan",
        "province:tr": "Kürdistan",
        "city:ckb": "مەریوان",
        "province:ckb": "کوردستان",
        "publicId": "Mjo4NzA2",
        "sourceId": "8706",
        "layerId": 2,
        "type": "location",
        "status": "active",
        "urgency": null,
        "verificationTag": null,
        "expirationDate": null,
        "createdAt": "2026-03-11T20:53:01.595Z",
        "updatedAt": "2026-03-11T20:53:01.595Z"
      }
    },
    {
      "type": "Feature",
      "id": 5721,
      "geometry": {
        "type": "Polygon",
        "coordinates": [
          [
            [
              50.85573166542,
              34.61722315621
            ],
            [
              50.85487402909,
              34.61725295564
            ],
            [
              50.85485190019,
              34.61717845759
            ],
            [
              50.85390508041,
              34.6173108995
            ],
            [
              50.85394933686,
              34.61761551511
            ],
            [
              50.85384875402,
              34.61762986292
            ],
            [
              50.85382461414,
              34.61731972896
            ],
            [
              50.85387691721,
              34.61701842332
            ],
            [
              50.85390507907,
              34.61524588635
            ],
            [
              50.85633247823,
              34.61524588635
            ],
            [
              50.85634454951,
              34.61535846351
            ],
            [
              50.85661679372,
              34.61533197452
            ],
            [
              50.85655644402,
              34.61545779715
            ],
            [
              50.85636198387,
              34.61543461931
            ],
            [
              50.85645452008,
              34.61593128584
            ],
            [
              50.85649475321,
              34.61705153389
            ],
            [
              50.85610717401,
              34.61698420906
            ],
            [
              50.85606023535,
              34.61717625022
            ],
            [
              50.85574373469,
              34.61719059811
            ],
            [
              50.85573166542,
              34.61722315621
            ]
          ]
        ]
      },
      "properties": {
        "id": "Mjo4NzI0",
        "city": "قم",
        "osm_id": "r16558692",
        "province": "استان قم",
        "unofficial_name:fa": "اداره کل اطلاعات",
        "city:en": "Qom",
        "province:en": "Qom",
        "city:ar": "قم",
        "province:ar": "قم",
        "city:he": "קום",
        "province:he": "קום",
        "city:tr": "Kum",
        "province:tr": "Kum",
        "city:ckb": "قوم",
        "province:ckb": "قوم",
        "publicId": "Mjo4NzI0",
        "sourceId": "8724",
        "layerId": 2,
        "type": "location",
        "status": "active",
        "urgency": null,
        "verificationTag": null,
        "expirationDate": null,
        "createdAt": "2026-03-11T20:53:01.595Z",
        "updatedAt": "2026-03-11T20:53:01.595Z"
      }
    },
    {
      "type": "Feature",
      "id": 5722,
      "geometry": {
        "type": "Polygon",
        "coordinates": [
          [
            [
              57.27535485953,
              37.47526465925
            ],
            [
              57.27529585093,
              37.47328712263
            ],
            [
              57.27427929372,
              37.4727826189
            ],
            [
              57.27228909463,
              37.47276984661
            ],
            [
              57.27211475104,
              37.47284648032
            ],
            [
              57.27219521731,
              37.47496877712
            ],
            [
              57.27185994118,
              37.47496239116
            ],
            [
              57.27188944548,
              37.47577553211
            ],
            [
              57.27178349823,
              37.47581065449
            ],
            [
              57.27173119649,
              37.47588089814
            ],
            [
              57.27136909828,
              37.47596391453
            ],
            [
              57.27116390929,
              37.47591389184
            ],
            [
              57.27112233505,
              37.47586493343
            ],
            [
              57.27104454964,
              37.47587557763
            ],
            [
              57.27093457907,
              37.47555628293
            ],
            [
              57.27027475566,
              37.47569464414
            ],
            [
              57.27032035321,
              37.47620977129
            ],
            [
              57.27036863297,
              37.47624595778
            ],
            [
              57.27226495475,
              37.47585854862
            ],
            [
              57.27428197592,
              37.47546688017
            ],
            [
              57.27434098452,
              37.47538386323
            ],
            [
              57.27455824345,
              37.47534980497
            ],
            [
              57.27460652322,
              37.47540940691
            ],
            [
              57.27535485953,
              37.47526465925
            ]
          ]
        ]
      },
      "properties": {
        "id": "Mjo4NzE4",
        "city": "بجنورد",
        "province": "استان خراسان شمالی",
        "unofficial_name:fa": "اداره کل اطلاعات استان خراسان شمالی",
        "city:en": "Bojnord",
        "province:en": "North Khorasan",
        "city:ar": "بجنورد",
        "province:ar": "خراسان الشمالية",
        "city:he": "בוג'נורד",
        "province:he": "ח'וראסאן הצפונית",
        "city:tr": "Bocnurd",
        "province:tr": "Kuzey Horasan",
        "city:ckb": "بژنۆرد",
        "province:ckb": "خوراسانی باکوور",
        "publicId": "Mjo4NzE4",
        "sourceId": "8718",
        "layerId": 2,
        "type": "location",
        "status": "active",
        "urgency": null,
        "verificationTag": null,
        "expirationDate": null,
        "createdAt": "2026-03-11T20:53:01.596Z",
        "updatedAt": "2026-03-11T20:53:01.596Z"
      }
    },
    {
      "type": "Feature",
      "id": 5723,
      "geometry": {
        "type": "Polygon",
        "coordinates": [
          [
            [
              51.52047961816,
              30.24636467228
            ],
            [
              51.52032941446,
              30.24648631854
            ],
            [
              51.52016043529,
              30.24633223325
            ],
            [
              51.5203119801,
              30.24621406241
            ],
            [
              51.52047961816,
              30.24636467228
            ]
          ]
        ]
      },
      "properties": {
        "id": "Mjo4NzM2",
        "city": "مصیری",
        "osm_id": "w1340363663",
        "province": "استان فارس",
        "unofficial_name:fa": "اداره اطلاعات رستم",
        "city:en": "Masiri",
        "province:en": "Fars",
        "city:ar": "مصيري",
        "province:ar": "فارس",
        "city:he": "מסיירי",
        "province:he": "פארס",
        "city:tr": "Mosiri",
        "province:tr": "Fars",
        "city:ckb": "مەسیری",
        "province:ckb": "فارس",
        "publicId": "Mjo4NzM2",
        "sourceId": "8736",
        "layerId": 2,
        "type": "location",
        "status": "active",
        "urgency": null,
        "verificationTag": null,
        "expirationDate": null,
        "createdAt": "2026-03-11T20:53:01.596Z",
        "updatedAt": "2026-03-11T20:53:01.596Z"
      }
    },
    {
      "type": "Feature",
      "id": 5724,
      "geometry": {
        "type": "Polygon",
        "coordinates": [
          [
            [
              53.15397307143,
              27.33926130888
            ],
            [
              53.15299942955,
              27.3396866046
            ],
            [
              53.15253540739,
              27.33899207322
            ],
            [
              53.15336555108,
              27.33860847083
            ],
            [
              53.15397307143,
              27.33926130888
            ]
          ]
        ]
      },
      "properties": {
        "id": "Mjo4NzMw",
        "city": "شهرستان لامرد",
        "osm_id": "w1386543129",
        "province": "استان فارس",
        "unofficial_name:fa": "اداره اطلاعات لامرد",
        "city:en": "Lamerd County",
        "province:en": "Fars",
        "city:ar": "قضاء لامرد",
        "province:ar": "فارس",
        "city:he": "נפת לאמרד",
        "province:he": "פארס",
        "city:tr": "Lamerd Şehristanı",
        "province:tr": "Fars",
        "city:ckb": "شارستانی لامەرد",
        "province:ckb": "فارس",
        "publicId": "Mjo4NzMw",
        "sourceId": "8730",
        "layerId": 2,
        "type": "location",
        "status": "active",
        "urgency": null,
        "verificationTag": null,
        "expirationDate": null,
        "createdAt": "2026-03-11T20:53:01.597Z",
        "updatedAt": "2026-03-11T20:53:01.597Z"
      }
    },
    {
      "type": "Feature",
      "id": 5725,
      "geometry": {
        "type": "Polygon",
        "coordinates": [
          [
            [
              46.17747634381,
              35.52326116834
            ],
            [
              46.1769975695,
              35.52333102417
            ],
            [
              46.17650001973,
              35.52336376907
            ],
            [
              46.17636993259,
              35.52225862142
            ],
            [
              46.17725975543,
              35.52217621227
            ],
            [
              46.17729060285,
              35.52218985454
            ],
            [
              46.17747634381,
              35.52326116834
            ]
          ]
        ]
      },
      "properties": {
        "id": "Mjo4NzQ4",
        "city": "مریوان",
        "osm_id": "n3058991229",
        "province": "استان کردستان",
        "unofficial_name:fa": "اداره اطلاعات",
        "city:en": "Marivan",
        "province:en": "Kurdistan",
        "city:ar": "مريوان",
        "province:ar": "كردستان",
        "city:he": "מריוואן",
        "province:he": "כורדיסטאן",
        "city:tr": "Marivan",
        "province:tr": "Kürdistan",
        "city:ckb": "مەریوان",
        "province:ckb": "کوردستان",
        "publicId": "Mjo4NzQ4",
        "sourceId": "8748",
        "layerId": 2,
        "type": "location",
        "status": "active",
        "urgency": null,
        "verificationTag": null,
        "expirationDate": null,
        "createdAt": "2026-03-11T20:53:01.598Z",
        "updatedAt": "2026-03-11T20:53:01.598Z"
      }
    },
    {
      "type": "Feature",
      "id": 5726,
      "geometry": {
        "type": "Polygon",
        "coordinates": [
          [
            [
              46.53926879033,
              34.10653684238
            ],
            [
              46.53793707356,
              34.10683332658
            ],
            [
              46.53789549932,
              34.10670784838
            ],
            [
              46.53793170914,
              34.10666009998
            ],
            [
              46.53791025147,
              34.10658014913
            ],
            [
              46.53785124287,
              34.10656460312
            ],
            [
              46.53780564532,
              34.10644356624
            ],
            [
              46.5380698429,
              34.1063436274
            ],
            [
              46.53905957803,
              34.10613264502
            ],
            [
              46.53926879033,
              34.10653684238
            ]
          ]
        ]
      },
      "properties": {
        "id": "Mjo4NzA1",
        "city": "اسلام آباد غرب",
        "province": "استان کرمانشاه",
        "unofficial_name:fa": "اطلاعات",
        "city:en": "Eslamabad-e Gharb",
        "province:en": "Kermanshah",
        "city:ar": "إسلام أباد الغرب",
        "province:ar": "كرمانشاه",
        "city:he": "אסלאם אבאד ע'רב",
        "province:he": "כרמאנשאה",
        "city:tr": "İslamabad-e Garb",
        "province:tr": "Kirmanşah",
        "city:ckb": "ئیسلامئابادی ڕۆژئاوا",
        "province:ckb": "کرماشان",
        "publicId": "Mjo4NzA1",
        "sourceId": "8705",
        "layerId": 2,
        "type": "location",
        "status": "active",
        "urgency": null,
        "verificationTag": null,
        "expirationDate": null,
        "createdAt": "2026-03-11T20:53:01.598Z",
        "updatedAt": "2026-03-11T20:53:01.598Z"
      }
    },
    {
      "type": "Feature",
      "id": 5727,
      "geometry": {
        "type": "Polygon",
        "coordinates": [
          [
            [
              47.92153715819,
              39.65145652397
            ],
            [
              47.92126357287,
              39.65156391123
            ],
            [
              47.92096852988,
              39.65155771582
            ],
            [
              47.92087733477,
              39.65151847818
            ],
            [
              47.92112275824,
              39.649605099
            ],
            [
              47.92170077428,
              39.64966395707
            ],
            [
              47.921645789,
              39.65032171849
            ],
            [
              47.92157873377,
              39.65031862073
            ],
            [
              47.92150363192,
              39.65124691078
            ],
            [
              47.92153715819,
              39.65145652397
            ]
          ]
        ]
      },
      "properties": {
        "id": "Mjo4NzIz",
        "city": "پارس آباد",
        "osm_id": "r10878110",
        "province": "استان اردبیل",
        "unofficial_name:fa": "اداره اطلاعات",
        "city:en": "Parsabad",
        "province:en": "Ardabil",
        "city:ar": "بارس أباد",
        "province:ar": "أردبيل",
        "city:he": "פארס אבאד",
        "province:he": "ארדביל",
        "city:tr": "Parsabad",
        "province:tr": "Erdebil",
        "city:ckb": "پارس ئاباد",
        "province:ckb": "ئەردەبیل",
        "publicId": "Mjo4NzIz",
        "sourceId": "8723",
        "layerId": 2,
        "type": "location",
        "status": "active",
        "urgency": null,
        "verificationTag": null,
        "expirationDate": null,
        "createdAt": "2026-03-11T20:53:01.599Z",
        "updatedAt": "2026-03-11T20:53:01.599Z"
      }
    },
    {
      "type": "Feature",
      "id": 5728,
      "geometry": {
        "type": "Polygon",
        "coordinates": [
          [
            [
              59.487152979,
              36.33469031814
            ],
            [
              59.487049079,
              36.33487961814
            ],
            [
              59.488166579,
              36.33729811814
            ],
            [
              59.488398279,
              36.33739431814
            ],
            [
              59.489417579,
              36.33710081814
            ],
            [
              59.490041379,
              36.33702791814
            ],
            [
              59.490395879,
              36.33701341814
            ],
            [
              59.490454679,
              36.33701881814
            ],
            [
              59.490499079,
              36.33700381814
            ],
            [
              59.490486279,
              36.33696571814
            ],
            [
              59.490539579,
              36.33695161814
            ],
            [
              59.490563579,
              36.33700661814
            ],
            [
              59.491085879,
              36.33709571814
            ],
            [
              59.491741879,
              36.33688681814
            ],
            [
              59.491842879,
              36.33671971814
            ],
            [
              59.491261779,
              36.33549141814
            ],
            [
              59.491202979,
              36.33547681814
            ],
            [
              59.491180379,
              36.33542951814
            ],
            [
              59.491208279,
              36.33539651814
            ],
            [
              59.490398279,
              36.33373731814
            ],
            [
              59.490202279,
              36.33365281815
            ],
            [
              59.488828079,
              36.33408861814
            ],
            [
              59.488815179,
              36.33413871814
            ],
            [
              59.488723279,
              36.33416901814
            ],
            [
              59.488665379,
              36.33414621814
            ],
            [
              59.487152979,
              36.33469031814
            ]
          ]
        ]
      },
      "properties": {
        "id": "Mjo4NzE3",
        "city": "شهرک صدف",
        "province": "استان خراسان رضوی",
        "unofficial_name:fa": "اطلاعات",
        "city:en": "Shahrak-e Sadaf",
        "province:en": "Razavi Khorasan",
        "city:ar": "بلدة صدف",
        "province:ar": "خراسان رضوي",
        "city:he": "שהרכ צדף",
        "province:he": "ח'וראסאן רזאווי",
        "city:tr": "Şahrek-e Sadaf",
        "province:tr": "Razavi Horasan",
        "city:ckb": "شارۆچکەی سەدەف",
        "province:ckb": "خوراسانی ڕەزەوی",
        "publicId": "Mjo4NzE3",
        "sourceId": "8717",
        "layerId": 2,
        "type": "location",
        "status": "active",
        "urgency": null,
        "verificationTag": null,
        "expirationDate": null,
        "createdAt": "2026-03-11T20:53:01.599Z",
        "updatedAt": "2026-03-11T20:53:01.599Z"
      }
    },
    {
      "type": "Feature",
      "id": 5729,
      "geometry": {
        "type": "Polygon",
        "coordinates": [
          [
            [
              53.38505074248,
              35.59589035991
            ],
            [
              53.38503733143,
              35.595901265
            ],
            [
              53.37870463595,
              35.59433527884
            ],
            [
              53.3797627674,
              35.59285759668
            ],
            [
              53.37989553675,
              35.59283469512
            ],
            [
              53.38139489159,
              35.59364278912
            ],
            [
              53.38505074248,
              35.59589035991
            ]
          ]
        ]
      },
      "properties": {
        "id": "Mjo4NzM1",
        "city": "سمنان",
        "osm_id": "w854451970",
        "province": "استان سمنان",
        "unofficial_name:fa": "اداره اطلاعات استان سمنان",
        "city:en": "Semnan",
        "province:en": "Semnan",
        "city:ar": "سمنان",
        "province:ar": "سمنان",
        "city:he": "סמנאן",
        "province:he": "סמנאן",
        "city:tr": "Semnan",
        "province:tr": "Simnan",
        "city:ckb": "سەمنان",
        "province:ckb": "سمنان",
        "publicId": "Mjo4NzM1",
        "sourceId": "8735",
        "layerId": 2,
        "type": "location",
        "status": "active",
        "urgency": null,
        "verificationTag": null,
        "expirationDate": null,
        "createdAt": "2026-03-11T20:53:01.600Z",
        "updatedAt": "2026-03-11T20:53:01.600Z"
      }
    },
    {
      "type": "Feature",
      "id": 5730,
      "geometry": {
        "type": "Polygon",
        "coordinates": [
          [
            [
              52.06325143442,
              27.84236214373
            ],
            [
              52.06318169698,
              27.84241669294
            ],
            [
              52.06315353379,
              27.84241194953
            ],
            [
              52.06307306752,
              27.84247005628
            ],
            [
              52.0630690442,
              27.84249851671
            ],
            [
              52.06255808339,
              27.84287680261
            ],
            [
              52.06207796797,
              27.84263844707
            ],
            [
              52.06240385637,
              27.84228031986
            ],
            [
              52.06282093987,
              27.84201824588
            ],
            [
              52.06325143442,
              27.84236214373
            ]
          ]
        ]
      },
      "properties": {
        "id": "Mjo4NzI5",
        "city": "بندر کنگان",
        "osm_id": "w619428656",
        "province": "استان بوشهر",
        "unofficial_name:fa": "اداره اطلاعات",
        "city:en": "Bandar Kangan",
        "province:en": "Bushehr",
        "city:ar": "بندر كنجان",
        "province:ar": "بوشهر",
        "city:he": "בנדר כנגאן",
        "province:he": "בושהר",
        "city:tr": "Bandar Kangan",
        "province:tr": "Buşehr",
        "city:ckb": "بەندەری کەنگان",
        "province:ckb": "بووشەھر",
        "publicId": "Mjo4NzI5",
        "sourceId": "8729",
        "layerId": 2,
        "type": "location",
        "status": "active",
        "urgency": null,
        "verificationTag": null,
        "expirationDate": null,
        "createdAt": "2026-03-11T20:53:01.601Z",
        "updatedAt": "2026-03-11T20:53:01.601Z"
      }
    },
    {
      "type": "Feature",
      "id": 5731,
      "geometry": {
        "type": "Polygon",
        "coordinates": [
          [
            [
              45.91872230038,
              34.13797281493
            ],
            [
              45.91865926847,
              34.13800944548
            ],
            [
              45.91791763768,
              34.1378884536
            ],
            [
              45.91788008675,
              34.13784627291
            ],
            [
              45.91779693827,
              34.13783073265
            ],
            [
              45.91774865851,
              34.13785515306
            ],
            [
              45.91767087445,
              34.13784405287
            ],
            [
              45.91758102044,
              34.13777856175
            ],
            [
              45.91768964991,
              34.13747663592
            ],
            [
              45.9178653346,
              34.1372868217
            ],
            [
              45.91809868678,
              34.13742668485
            ],
            [
              45.91812148556,
              34.13740115429
            ],
            [
              45.91880947217,
              34.13752547694
            ],
            [
              45.91872230038,
              34.13797281493
            ]
          ]
        ]
      },
      "properties": {
        "id": "Mjo4NzQ3",
        "city": "گیلان غرب",
        "osm_id": "n4934694022",
        "province": "استان کرمانشاه",
        "unofficial_name:fa": "اطلاعات",
        "city:en": "Gilan-e Gharb",
        "province:en": "Kermanshah",
        "city:ar": "جيلان الغرب",
        "province:ar": "كرمانشاه",
        "city:he": "גילאן ע'רב",
        "province:he": "כרמאנשאה",
        "city:tr": "Gilan-e Garb",
        "province:tr": "Kirmanşah",
        "city:ckb": "گەیلانی ڕۆژئاوا",
        "province:ckb": "کرماشان",
        "publicId": "Mjo4NzQ3",
        "sourceId": "8747",
        "layerId": 2,
        "type": "location",
        "status": "active",
        "urgency": null,
        "verificationTag": null,
        "expirationDate": null,
        "createdAt": "2026-03-11T20:53:01.601Z",
        "updatedAt": "2026-03-11T20:53:01.601Z"
      }
    },
    {
      "type": "Feature",
      "id": 5732,
      "geometry": {
        "type": "Polygon",
        "coordinates": [
          [
            [
              48.74528244071,
              33.9232813114
            ],
            [
              48.74496594004,
              33.92330857571
            ],
            [
              48.7449384474,
              33.92294523632
            ],
            [
              48.7452502542,
              33.92292687457
            ],
            [
              48.74528244071,
              33.9232813114
            ]
          ]
        ]
      },
      "properties": {
        "id": "Mjo4NzA0",
        "city": "بروجرد",
        "province": "استان لرستان",
        "unofficial_name:fa": "اطلاعات سپاه",
        "city:en": "Borujerd",
        "province:en": "Lorestan",
        "city:ar": "بروجرد",
        "province:ar": "لرستان",
        "city:he": "בורוג'רד",
        "province:he": "לורסתאן",
        "city:tr": "Burucerd",
        "province:tr": "Luristan",
        "city:ckb": "برۆجێرد",
        "province:ckb": "لوڕستان",
        "publicId": "Mjo4NzA0",
        "sourceId": "8704",
        "layerId": 2,
        "type": "location",
        "status": "active",
        "urgency": null,
        "verificationTag": null,
        "expirationDate": null,
        "createdAt": "2026-03-11T20:53:01.602Z",
        "updatedAt": "2026-03-11T20:53:01.602Z"
      }
    },
    {
      "type": "Feature",
      "id": 5733,
      "geometry": {
        "type": "Polygon",
        "coordinates": [
          [
            [
              58.18279713124,
              34.03074720713
            ],
            [
              58.18381637067,
              34.03113842728
            ],
            [
              58.18347841367,
              34.03171191607
            ],
            [
              58.18334832653,
              34.0316652368
            ],
            [
              58.18333357438,
              34.03163522869
            ],
            [
              58.18320885167,
              34.03159188362
            ],
            [
              58.18318739399,
              34.03159855209
            ],
            [
              58.18244978651,
              34.03130402733
            ],
            [
              58.18279713124,
              34.03074720713
            ]
          ]
        ]
      },
      "properties": {
        "id": "Mjo4NzE2",
        "city": "فردوس",
        "province": "استان خراسان جنوبی",
        "unofficial_name:fa": "اطلاعات",
        "city:en": "Ferdows",
        "province:en": "South Khorasan",
        "city:ar": "فردوس",
        "province:ar": "خراسان الجنوبية",
        "city:he": "פרדאוס",
        "province:he": "ח'וראסאן הדרומית",
        "city:tr": "Ferdovs",
        "province:tr": "Güney Horasan",
        "city:ckb": "فەردەوس",
        "province:ckb": "خوراسانی باشوور",
        "publicId": "Mjo4NzE2",
        "sourceId": "8716",
        "layerId": 2,
        "type": "location",
        "status": "active",
        "urgency": null,
        "verificationTag": null,
        "expirationDate": null,
        "createdAt": "2026-03-11T20:53:01.602Z",
        "updatedAt": "2026-03-11T20:53:01.602Z"
      }
    },
    {
      "type": "Feature",
      "id": 5734,
      "geometry": {
        "type": "Polygon",
        "coordinates": [
          [
            [
              46.39165609941,
              33.63407923738
            ],
            [
              46.39161720738,
              33.63400554222
            ],
            [
              46.39201953873,
              33.63318260869
            ],
            [
              46.39403857224,
              33.63384028563
            ],
            [
              46.39405332439,
              33.63386094265
            ],
            [
              46.39404863052,
              33.63388885754
            ],
            [
              46.39393865995,
              33.63411105971
            ],
            [
              46.39389775626,
              33.63412166734
            ],
            [
              46.39386422865,
              33.63418922114
            ],
            [
              46.39388300411,
              33.63422551035
            ],
            [
              46.39344379172,
              33.63516344217
            ],
            [
              46.39175802335,
              33.63461073391
            ],
            [
              46.39174461231,
              33.63443207998
            ],
            [
              46.39171913132,
              33.63426012522
            ],
            [
              46.39165609941,
              33.63407923738
            ]
          ]
        ]
      },
      "properties": {
        "id": "Mjo4NzQy",
        "city": "ایلام",
        "osm_id": "w318791507",
        "province": "استان ایلام",
        "unofficial_name:fa": "اطلاعات استان ایلام",
        "city:en": "Ilam",
        "province:en": "Ilam",
        "city:ar": "إيلام",
        "province:ar": "إيلام",
        "city:he": "אילאם",
        "province:he": "אילאם",
        "city:tr": "İlam",
        "province:tr": "İlam",
        "city:ckb": "ئیلام",
        "province:ckb": "ئیلام",
        "publicId": "Mjo4NzQy",
        "sourceId": "8742",
        "layerId": 2,
        "type": "location",
        "status": "active",
        "urgency": null,
        "verificationTag": null,
        "expirationDate": null,
        "createdAt": "2026-03-11T20:53:01.603Z",
        "updatedAt": "2026-03-11T20:53:01.603Z"
      }
    },
    {
      "type": "Feature",
      "id": 5735,
      "geometry": {
        "type": "Polygon",
        "coordinates": [
          [
            [
              44.77047197253,
              38.21349141572
            ],
            [
              44.76834565133,
              38.21359468029
            ],
            [
              44.7683081004,
              38.21310575285
            ],
            [
              44.76929783553,
              38.21312682737
            ],
            [
              44.76929515332,
              38.21302566959
            ],
            [
              44.76948424906,
              38.21303304568
            ],
            [
              44.7697524713,
              38.21249458786
            ],
            [
              44.77004885405,
              38.21248615903
            ],
            [
              44.77039485902,
              38.21263157438
            ],
            [
              44.77047197253,
              38.21349141572
            ]
          ]
        ]
      },
      "properties": {
        "id": "Mjo4NzI4",
        "city": "سلماس",
        "osm_id": "w1105439276",
        "province": "استان آذربایجان غربی",
        "unofficial_name:fa": "وزارت اطلاعات سلماس",
        "city:en": "Salmas",
        "province:en": "West Azerbaijan",
        "city:ar": "سلماس",
        "province:ar": "أذربيجان الغربية",
        "city:he": "סלמאס",
        "province:he": "אזרבייג'ן המערבית",
        "city:tr": "Salmas",
        "province:tr": "Batı Azerbaycan",
        "city:ckb": "سەلماس",
        "province:ckb": "ئازەربایجانی ڕۆژاوا",
        "publicId": "Mjo4NzI4",
        "sourceId": "8728",
        "layerId": 2,
        "type": "location",
        "status": "active",
        "urgency": null,
        "verificationTag": null,
        "expirationDate": null,
        "createdAt": "2026-03-11T20:53:01.603Z",
        "updatedAt": "2026-03-11T20:53:01.603Z"
      }
    },
    {
      "type": "Feature",
      "id": 5736,
      "geometry": {
        "type": "Polygon",
        "coordinates": [
          [
            [
              47.71936163172,
              33.14651218105
            ],
            [
              47.71887212858,
              33.14619216154
            ],
            [
              47.71912425622,
              33.14568798808
            ],
            [
              47.71976932749,
              33.14612478886
            ],
            [
              47.71936163172,
              33.14651218105
            ]
          ]
        ]
      },
      "properties": {
        "id": "Mjo4NzAz",
        "city": "پلدختر",
        "province": "استان لرستان",
        "unofficial_name:fa": "ستاد خبری وزارت اطلاعات",
        "city:en": "Pol-e Dokhtar",
        "province:en": "Lorestan",
        "city:ar": "بلدختر",
        "province:ar": "لرستان",
        "city:he": "פול-דח'תר",
        "province:he": "לורסתאן",
        "city:tr": "Pol-e Dohtar",
        "province:tr": "Luristan",
        "city:ckb": "پۆلدوختەر",
        "province:ckb": "لوڕستان",
        "publicId": "Mjo4NzAz",
        "sourceId": "8703",
        "layerId": 2,
        "type": "location",
        "status": "active",
        "urgency": null,
        "verificationTag": null,
        "expirationDate": null,
        "createdAt": "2026-03-11T20:53:01.604Z",
        "updatedAt": "2026-03-11T20:53:01.604Z"
      }
    },
    {
      "type": "Feature",
      "id": 5737,
      "geometry": {
        "type": "Polygon",
        "coordinates": [
          [
            [
              52.80939035051,
              29.8833740677
            ],
            [
              52.81050547823,
              29.88393685854
            ],
            [
              52.81060337886,
              29.88360313825
            ],
            [
              52.81064093079,
              29.88363569551
            ],
            [
              52.81055845253,
              29.88387464886
            ],
            [
              52.8105504059,
              29.88399557866
            ],
            [
              52.81049743228,
              29.88400139259
            ],
            [
              52.81050212614,
              29.88411476414
            ],
            [
              52.81010918252,
              29.88410953161
            ],
            [
              52.80989728801,
              29.88421069381
            ],
            [
              52.80897259645,
              29.88368278878
            ],
            [
              52.80939035051,
              29.8833740677
            ]
          ]
        ]
      },
      "properties": {
        "id": "Mjo4NzE1",
        "city": "مرودشت",
        "province": "استان فارس",
        "unofficial_name:fa": "اداره اطلاعات مرودشت",
        "city:en": "Marvdasht",
        "province:en": "Fars",
        "city:ar": "مرودشت",
        "province:ar": "فارس",
        "city:he": "מרודשת",
        "province:he": "פארס",
        "city:tr": "Mervdeşt",
        "province:tr": "Fars",
        "city:ckb": "مەروودەشت",
        "province:ckb": "فارس",
        "publicId": "Mjo4NzE1",
        "sourceId": "8715",
        "layerId": 2,
        "type": "location",
        "status": "active",
        "urgency": null,
        "verificationTag": null,
        "expirationDate": null,
        "createdAt": "2026-03-11T20:53:01.605Z",
        "updatedAt": "2026-03-11T20:53:01.605Z"
      }
    },
    {
      "type": "Feature",
      "id": 5738,
      "geometry": {
        "type": "Polygon",
        "coordinates": [
          [
            [
              59.10311937064,
              37.43936497232
            ],
            [
              59.10244613752,
              37.43888260029
            ],
            [
              59.1024421142,
              37.438837877
            ],
            [
              59.10233214363,
              37.43874204128
            ],
            [
              59.10344257817,
              37.43862703826
            ],
            [
              59.10345464811,
              37.43873139286
            ],
            [
              59.10361155733,
              37.43882509891
            ],
            [
              59.10311937064,
              37.43936497232
            ]
          ]
        ]
      },
      "properties": {
        "id": "Mjo4NzQx",
        "city": "درگز",
        "osm_id": "w551266617",
        "province": "استان خراسان رضوی",
        "unofficial_name:fa": "اطلاعات",
        "city:en": "Dargaz",
        "province:en": "Razavi Khorasan",
        "city:ar": "دركز",
        "province:ar": "خراسان رضوي",
        "city:he": "דרגז",
        "province:he": "ח'וראסאן רזאווי",
        "city:tr": "Dargaz",
        "province:tr": "Razavi Horasan",
        "city:ckb": "دەرگەز",
        "province:ckb": "خوراسانی ڕەزەوی",
        "publicId": "Mjo4NzQx",
        "sourceId": "8741",
        "layerId": 2,
        "type": "location",
        "status": "active",
        "urgency": null,
        "verificationTag": null,
        "expirationDate": null,
        "createdAt": "2026-03-11T20:53:01.605Z",
        "updatedAt": "2026-03-11T20:53:01.605Z"
      }
    },
    {
      "type": "Feature",
      "id": 5739,
      "geometry": {
        "type": "Polygon",
        "coordinates": [
          [
            [
              52.34058245882,
              36.47091830634
            ],
            [
              52.34064951405,
              36.47103478003
            ],
            [
              52.34054222569,
              36.47140253374
            ],
            [
              52.34032496676,
              36.4713798862
            ],
            [
              52.33953773841,
              36.47146508405
            ],
            [
              52.33887523279,
              36.47135184638
            ],
            [
              52.33859360084,
              36.47136047402
            ],
            [
              52.3386418806,
              36.47121811787
            ],
            [
              52.33871564135,
              36.47119331337
            ],
            [
              52.33872368798,
              36.47112968438
            ],
            [
              52.33868881926,
              36.47109517372
            ],
            [
              52.33886718616,
              36.47052898101
            ],
            [
              52.33892351255,
              36.47050309782
            ],
            [
              52.33972683415,
              36.47070369234
            ],
            [
              52.33975097403,
              36.47074790935
            ],
            [
              52.33984082803,
              36.47076624322
            ],
            [
              52.3398904489,
              36.47074898781
            ],
            [
              52.34058245882,
              36.47091830634
            ]
          ]
        ]
      },
      "properties": {
        "id": "Mjo4NzI3",
        "city": "آمل",
        "osm_id": "w251332403",
        "province": "استان مازندران",
        "unofficial_name:fa": "اداره اطلاعات آمل",
        "city:en": "Amol",
        "province:en": "Mazandaran",
        "city:ar": "آمل",
        "province:ar": "مازندران",
        "city:he": "אמול",
        "province:he": "מאזנדראן",
        "city:tr": "Amol",
        "province:tr": "Mazenderan",
        "city:ckb": "ئامۆل",
        "province:ckb": "مازەندەران",
        "publicId": "Mjo4NzI3",
        "sourceId": "8727",
        "layerId": 2,
        "type": "location",
        "status": "active",
        "urgency": null,
        "verificationTag": null,
        "expirationDate": null,
        "createdAt": "2026-03-11T20:53:01.605Z",
        "updatedAt": "2026-03-11T20:53:01.605Z"
      }
    },
    {
      "type": "Feature",
      "id": 90183,
      "geometry": {
        "type": "Point",
        "coordinates": [
          50.867906,
          34.592746
        ]
      },
      "properties": {
        "city": "قم",
        "province": "استان قم",
        "unofficial_name:fa": "خانه سازمانی فرماندهی‌های فراجا ",
        "city:en": "Qom",
        "province:en": "Qom",
        "city:ar": "قم",
        "province:ar": "قم",
        "city:he": "קום",
        "province:he": "קום",
        "city:tr": "Kum",
        "province:tr": "Kum",
        "city:ckb": "قوم",
        "province:ckb": "قوم",
        "id": "Mjo4NWY1NjFlMTFiNzc",
        "publicId": "Mjo4NWY1NjFlMTFiNzc",
        "sourceId": "85f561e11b77",
        "layerId": 2,
        "type": "location",
        "status": "active",
        "urgency": null,
        "verificationTag": null,
        "expirationDate": null,
        "createdAt": "2026-03-13T13:43:33.918Z",
        "updatedAt": "2026-03-13T13:43:33.918Z"
      }
    },
    {
      "type": "Feature",
      "id": 90212,
      "geometry": {
        "type": "Point",
        "coordinates": [
          56.56753789467837,
          30.821987844632744
        ]
      },
      "properties": {
        "city": "زرند",
        "province": "استان کرمان",
        "unofficial_name:fa": "اطلاعات زرند",
        "city:en": "Zarand",
        "province:en": "Kerman",
        "city:ar": "زرند",
        "province:ar": "كرمان",
        "city:he": "זרנד",
        "province:he": "כרמאן",
        "city:tr": "Zerend",
        "province:tr": "Kirman",
        "city:ckb": "زەرەند",
        "province:ckb": "کرمان",
        "id": "MjphZDNkNGY2YjdmZTg",
        "publicId": "MjphZDNkNGY2YjdmZTg",
        "sourceId": "ad3d4f6b7fe8",
        "layerId": 2,
        "type": "location",
        "status": "active",
        "urgency": null,
        "verificationTag": null,
        "expirationDate": null,
        "createdAt": "2026-03-13T21:47:48.256Z",
        "updatedAt": "2026-03-13T21:47:48.256Z"
      }
    },
    {
      "type": "Feature",
      "id": 90305,
      "geometry": {
        "type": "Point",
        "coordinates": [
          47.103165532850085,
          34.334500649154734
        ]
      },
      "properties": {
        "unofficial_name:fa": "اداره اطلاعات",
        "city": "کرمانشاه",
        "province": "استان کرمانشاه",
        "city:en": "Kermanshah",
        "province:en": "Kermanshah",
        "city:ar": "كرمانشاه",
        "province:ar": "كرمانشاه",
        "city:he": "כרמאנשאה",
        "province:he": "כרמאנשאה",
        "city:tr": "Kirmanşah",
        "province:tr": "Kirmanşah",
        "city:ckb": "کرماشان",
        "province:ckb": "کرماشان",
        "id": "MjowYTcxYjY0M2IxMmE",
        "publicId": "MjowYTcxYjY0M2IxMmE",
        "sourceId": "0a71b643b12a",
        "layerId": 2,
        "type": "location",
        "status": "active",
        "urgency": null,
        "verificationTag": "not-verified",
        "expirationDate": null,
        "createdAt": "2026-03-15T10:33:26.689Z",
        "updatedAt": "2026-03-26T02:08:21.101Z"
      }
    },
    {
      "type": "Feature",
      "id": 90306,
      "geometry": {
        "type": "Point",
        "coordinates": [
          47.10408797178425,
          34.33350703849604
        ]
      },
      "properties": {
        "unofficial_name:fa": "ساختمان وزارت اطلاعات",
        "city": "کرمانشاه",
        "province": "استان کرمانشاه",
        "city:en": "Kermanshah",
        "province:en": "Kermanshah",
        "city:ar": "كرمانشاه",
        "province:ar": "كرمانشاه",
        "city:he": "כרמאנשאה",
        "province:he": "כרמאנשאה",
        "city:tr": "Kirmanşah",
        "province:tr": "Kirmanşah",
        "city:ckb": "کرماشان",
        "province:ckb": "کرماشان",
        "id": "MjpmOTRjODc3MmRlODA",
        "publicId": "MjpmOTRjODc3MmRlODA",
        "sourceId": "f94c8772de80",
        "layerId": 2,
        "type": "location",
        "status": "active",
        "urgency": null,
        "verificationTag": "not-verified",
        "expirationDate": null,
        "createdAt": "2026-03-15T11:29:24.299Z",
        "updatedAt": "2026-03-26T02:08:21.166Z"
      }
    },
    {
      "type": "Feature",
      "id": 90308,
      "geometry": {
        "type": "Point",
        "coordinates": [
          47.42281031141388,
          32.99364014698294
        ]
      },
      "properties": {
        "unofficial_name:fa": "اداره اطلاعات",
        "city": "آبدانان",
        "province": "استان ایلام",
        "city:en": "Abdanan",
        "province:en": "Ilam",
        "city:ar": "آبدانان",
        "province:ar": "إيلام",
        "city:he": "אבדאנאן",
        "province:he": "אילאם",
        "city:tr": "Abdanan",
        "province:tr": "İlam",
        "city:ckb": "ئابدانان",
        "province:ckb": "ئیلام",
        "id": "MjoxOTkxYmIzY2VmNDM",
        "publicId": "MjoxOTkxYmIzY2VmNDM",
        "sourceId": "1991bb3cef43",
        "layerId": 2,
        "type": "location",
        "status": "active",
        "urgency": null,
        "verificationTag": "not-verified",
        "expirationDate": null,
        "createdAt": "2026-03-15T11:42:47.689Z",
        "updatedAt": "2026-03-26T02:08:21.497Z"
      }
    },
    {
      "type": "Feature",
      "id": 90408,
      "geometry": {
        "type": "Point",
        "coordinates": [
          46.17683030351648,
          35.52252191418208
        ]
      },
      "properties": {
        "name:fa": "اطلاعات سپاە",
        "date": 1772397000,
        "description": "",
        "city": "مریوان",
        "province": "استان کردستان",
        "name:en": "IRGC Intelligence",
        "city:en": "Marivan",
        "province:en": "Kurdistan",
        "name:ar": "استخبارات الحرس الثوري",
        "city:ar": "مريوان",
        "province:ar": "كردستان",
        "name:he": "מודיעין משמרות המהפכה",
        "city:he": "מריוואן",
        "province:he": "כורדיסטאן",
        "id": "MjpkZDkxZDFmNDg2NDY",
        "publicId": "MjpkZDkxZDFmNDg2NDY",
        "sourceId": "dd91d1f48646",
        "layerId": 2,
        "type": "location",
        "status": "active",
        "urgency": null,
        "verificationTag": "verified",
        "expirationDate": null,
        "createdAt": "2026-03-17T10:14:37.760Z",
        "updatedAt": "2026-03-26T02:08:29.921Z"
      }
    },
    {
      "type": "Feature",
      "id": 90541,
      "geometry": {
        "type": "Point",
        "coordinates": [
          51.43967108051464,
          35.716576621128254
        ]
      },
      "properties": {
        "name:fa": "مرکز اطلاعات",
        "date": "",
        "description": "این ساختمون مال سپاهه، بدون هیچ تابلویی، ماشینهای با پلاک سپاه و شیشه‌های دودی همیشه بهش وارد و خارج میشدن، به علاوه تعداد زیادی آخوند. و لباس شخصی، همیشه هم سربازهای وظیفه به عنوان دربان اونجا بودن، دو تا در داره، یکی توی کوچه و یکی دقیقا چسبیده به ایستگاه متروی بهار شیراز",
        "city": "تهران",
        "province": "استان تهران",
        "name:en": "Intelligence Center",
        "description:en": "This building belongs to the IRGC, without any sign. Vehicles with IRGC license plates and tinted windows always enter and exit it, along with a large number of clerics and plainclothes agents. Conscript soldiers are always stationed there as doormen. It has two doors: one in the alley and one right next to Bahar Shiraz Metro Station.",
        "city:en": "Tehran",
        "province:en": "Tehran",
        "name:ar": "مركز الاستخبارات",
        "description:ar": "هذا المبنى تابع للحرس الثوري، من دون أي لافتة، وكانت السيارات ذات اللوحات التابعة للحرس الثوري والزجاج المظلل تدخل وتخرج منه دائماً، بالإضافة إلى عدد كبير من رجال الدين والأشخاص بالزي المدني، وكان الجنود المكلفون بالخدمة الإلزامية يتواجدون هناك دائماً كحراس، وله بابان، أحدهما في الزقاق والآخر ملاصق تماماً لمحطة مترو بهار شيراز",
        "city:ar": "طهران",
        "province:ar": "طهران",
        "name:he": "מרכז מודיעין",
        "description:he": "הבניין הזה שייך למשמרות המהפכה, ללא שום שלט. מכוניות עם לוחיות רישוי של משמרות המהפכה ושמשות כהות נכנסות ויוצאות ממנו תמיד, בנוסף למספר רב של אנשי דת ואזרחים בלבוש אזרחי. תמיד היו שם חיילי חובה כשוערים. יש לו שתי דלתות, אחת בסמטה ואחת צמודה בדיוק לתחנת המטרו בהאר שיראז.",
        "city:he": "טהראן",
        "province:he": "טהראן",
        "id": "Mjo1YzMxMTk5NTE3YWY",
        "publicId": "Mjo1YzMxMTk5NTE3YWY",
        "sourceId": "5c31199517af",
        "layerId": 2,
        "type": "location",
        "status": "active",
        "urgency": null,
        "verificationTag": "verified",
        "expirationDate": null,
        "createdAt": "2026-03-18T17:39:36.390Z",
        "updatedAt": "2026-03-26T02:08:38.512Z"
      }
    },
    {
      "type": "Feature",
      "id": 90581,
      "geometry": {
        "type": "Point",
        "coordinates": [
          51.31415597230708,
          35.77780032162269
        ]
      },
      "properties": {
        "city": "تهران",
        "name:fa": "یگان سرکوب تهران",
        "province": "استان تهران",
        "description": "یگان سرکوب و امنیت تهران",
        "unofficial_name:fa": "یگان اطلاعات امنیت امام هادی تهران",
        "name:en": "Tehran Suppression Unit",
        "description:en": "Tehran Suppression and Security Unit",
        "city:en": "Tehran",
        "province:en": "Tehran",
        "name:ar": "وحدة القمع في طهران",
        "description:ar": "وحدة القمع والأمن في طهران",
        "city:ar": "طهران",
        "province:ar": "طهران",
        "name:he": "יחידת הדיכוי של טהראן",
        "description:he": "יחידת הדיכוי והביטחון של טהראן",
        "city:he": "טהראן",
        "province:he": "טהראן",
        "id": "MjowYjk1YTczYjEwOWM",
        "publicId": "MjowYjk1YTczYjEwOWM",
        "sourceId": "0b95a73b109c",
        "layerId": 2,
        "type": "location",
        "status": "active",
        "urgency": null,
        "verificationTag": "verified",
        "expirationDate": null,
        "createdAt": "2026-03-19T06:26:52.644Z",
        "updatedAt": "2026-04-08T19:39:30.302Z"
      }
    },
    {
      "type": "Feature",
      "id": 90614,
      "geometry": {
        "type": "Point",
        "coordinates": [
          51.47736506803392,
          35.72475399082141
        ]
      },
      "properties": {
        "unofficial_name:fa": "ساختمان اطلاعات و فرماندهی سرکوب",
        "description": "",
        "city": "تهران",
        "province": "استان تهران",
        "city:en": "Tehran",
        "province:en": "Tehran",
        "city:ar": "طهران",
        "province:ar": "طهران",
        "city:he": "טהראן",
        "province:he": "טהראן",
        "city:tr": "Tahran",
        "province:tr": "Tahran",
        "city:ckb": "تاران",
        "province:ckb": "تاران",
        "id": "MjpkNDZmNGM5MGI1ZDc",
        "publicId": "MjpkNDZmNGM5MGI1ZDc",
        "sourceId": "d46f4c90b5d7",
        "layerId": 2,
        "type": "location",
        "status": "active",
        "urgency": null,
        "verificationTag": "verified",
        "expirationDate": null,
        "createdAt": "2026-03-19T08:24:45.760Z",
        "updatedAt": "2026-03-26T02:08:41.853Z"
      }
    },
    {
      "type": "Feature",
      "id": 90629,
      "geometry": {
        "type": "Point",
        "coordinates": [
          46.355602104700466,
          35.04324277219156
        ]
      },
      "properties": {
        "name:fa": "اداره اطلاعات",
        "date": 1772656200,
        "description": "",
        "city": "پاوه",
        "province": "استان کرمانشاه",
        "name:en": "Intelligence Office",
        "city:en": "Paveh",
        "province:en": "Kermanshah",
        "name:ar": "إدارة المخابرات",
        "city:ar": "باوه",
        "province:ar": "كرمانشاه",
        "name:he": "משרד המודיעין",
        "city:he": "פאווה",
        "province:he": "כרמאנשאה",
        "id": "MjplMzM1NTc2YzU2M2U",
        "publicId": "MjplMzM1NTc2YzU2M2U",
        "sourceId": "e335576c563e",
        "layerId": 2,
        "type": "location",
        "status": "active",
        "urgency": null,
        "verificationTag": "verified",
        "expirationDate": null,
        "createdAt": "2026-03-19T14:43:34.913Z",
        "updatedAt": "2026-03-26T02:08:42.891Z"
      }
    },
    {
      "type": "Feature",
      "id": 90675,
      "geometry": {
        "type": "Point",
        "coordinates": [
          47.11652425385884,
          36.39535106841771
        ]
      },
      "properties": {
        "name:fa": "اداره اطلاعات شهرستان تکاب",
        "date": 1773347400,
        "description": "",
        "city": "تكاب",
        "province": "استان آذربایجان غربی",
        "name:en": "Takab County Intelligence Department",
        "city:en": "Takab",
        "province:en": "West Azerbaijan",
        "name:ar": "إدارة المخابرات في مقاطعة تكاب",
        "city:ar": "تكاب",
        "province:ar": "أذربيجان الغربية",
        "name:he": "משרד המודיעין של נפת תכאב",
        "city:he": "תכאב",
        "province:he": "אזרבייג'ן המערבית",
        "id": "MjpkOWM3YWNhM2RiYzM",
        "publicId": "MjpkOWM3YWNhM2RiYzM",
        "sourceId": "d9c7aca3dbc3",
        "layerId": 2,
        "type": "location",
        "status": "active",
        "urgency": null,
        "verificationTag": "verified",
        "expirationDate": null,
        "createdAt": "2026-03-19T19:26:44.635Z",
        "updatedAt": "2026-03-26T02:08:44.150Z"
      }
    },
    {
      "type": "Feature",
      "id": 90680,
      "geometry": {
        "type": "Point",
        "coordinates": [
          51.67076844551153,
          32.64501318136999
        ]
      },
      "properties": {
        "city": "اصفهان",
        "date": "",
        "name:fa": "اطلاعات سپاه اصفهان",
        "province": "استان اصفهان",
        "description": "سپاه سیدالشهدا - اطلاعات سپاه اصفهان",
        "unofficial_name:fa": " اطلاعات سپاه  سیدالشهدا ",
        "name:en": "Isfahan IRGC Intelligence",
        "description:en": "Seyyed al-Shohada Corps - Isfahan IRGC Intelligence",
        "city:en": "Isfahan",
        "province:en": "Isfahan",
        "name:ar": "استخبارات الحرس الثوري في أصفهان",
        "description:ar": "فيلق سيد الشهداء - استخبارات الحرس الثوري في أصفهان",
        "city:ar": "أصفهان",
        "province:ar": "أصفهان",
        "name:he": "מודיעין משמרות המהפכה אספהאן",
        "description:he": "משמרות המהפכה סייד אל-שוהדא - מודיעין משמרות המהפכה אספהאן",
        "city:he": "אספהאן",
        "province:he": "אספהאן",
        "id": "MjpmMmRhYTgxZDViNGE",
        "publicId": "MjpmMmRhYTgxZDViNGE",
        "sourceId": "f2daa81d5b4a",
        "layerId": 2,
        "type": "location",
        "status": "active",
        "urgency": null,
        "verificationTag": "verified",
        "expirationDate": null,
        "createdAt": "2026-03-19T20:59:10.766Z",
        "updatedAt": "2026-04-08T19:39:30.329Z"
      }
    },
    {
      "type": "Feature",
      "id": 90725,
      "geometry": {
        "type": "Point",
        "coordinates": [
          44.956426477689405,
          38.545730196432714
        ]
      },
      "properties": {
        "city": "خوی",
        "date": 1772620970,
        "name:fa": "اطلاعات",
        "province": "استان آذربایجان غربی",
        "name:en": "Intelligence",
        "city:en": "Khoy",
        "province:en": "West Azerbaijan",
        "name:ar": "استخبارات",
        "city:ar": "خوي",
        "province:ar": "أذربيجان الغربية",
        "name:he": "מודיעין",
        "city:he": "ח'וי",
        "province:he": "אזרבייג'ן המערבית",
        "id": "Mjo2N2MyODYxMGYzNDc",
        "publicId": "Mjo2N2MyODYxMGYzNDc",
        "sourceId": "67c28610f347",
        "layerId": 2,
        "type": "location",
        "status": "active",
        "urgency": null,
        "verificationTag": null,
        "expirationDate": null,
        "createdAt": "2026-03-20T01:18:41.160Z",
        "updatedAt": "2026-03-20T01:18:41.160Z"
      }
    },
    {
      "type": "Feature",
      "id": 90726,
      "geometry": {
        "type": "Point",
        "coordinates": [
          51.35018875108179,
          35.70756659767565
        ]
      },
      "properties": {
        "city": "تهران",
        "date": 1772548384,
        "name:fa": "امنیت",
        "province": "استان تهران",
        "name:en": "Security",
        "city:en": "Tehran",
        "province:en": "Tehran",
        "name:ar": "أمن",
        "city:ar": "طهران",
        "province:ar": "طهران",
        "name:he": "ביטחון",
        "city:he": "טהראן",
        "province:he": "טהראן",
        "id": "MjpmNDgyNzBkNTNkNmQ",
        "publicId": "MjpmNDgyNzBkNTNkNmQ",
        "sourceId": "f48270d53d6d",
        "layerId": 2,
        "type": "location",
        "status": "active",
        "urgency": null,
        "verificationTag": null,
        "expirationDate": null,
        "createdAt": "2026-03-20T01:18:41.160Z",
        "updatedAt": "2026-03-20T01:18:41.160Z"
      }
    },
    {
      "type": "Feature",
      "id": 90727,
      "geometry": {
        "type": "Point",
        "coordinates": [
          54.94565850272218,
          36.39730775201021
        ]
      },
      "properties": {
        "city": "شاهرود",
        "date": 1772480029,
        "name:fa": "اطلاعات",
        "province": "استان سمنان",
        "name:en": "Intelligence",
        "city:en": "Shahroud",
        "province:en": "Semnan",
        "name:ar": "استخبارات",
        "city:ar": "شاهرود",
        "province:ar": "سمنان",
        "name:he": "מודיעין",
        "city:he": "שאהרוד",
        "province:he": "סמנאן",
        "id": "Mjo4YzBmMTM2ZGU1YmI",
        "publicId": "Mjo4YzBmMTM2ZGU1YmI",
        "sourceId": "8c0f136de5bb",
        "layerId": 2,
        "type": "location",
        "status": "active",
        "urgency": null,
        "verificationTag": null,
        "expirationDate": null,
        "createdAt": "2026-03-20T01:18:41.160Z",
        "updatedAt": "2026-03-20T01:18:41.160Z"
      }
    },
    {
      "type": "Feature",
      "id": 90728,
      "geometry": {
        "type": "Point",
        "coordinates": [
          51.41566760113324,
          35.77959503381949
        ]
      },
      "properties": {
        "city": "تهران",
        "date": 1772212723,
        "name:fa": "امنیت",
        "province": "استان تهران",
        "name:en": "Security",
        "city:en": "Tehran",
        "province:en": "Tehran",
        "name:ar": "أمن",
        "city:ar": "طهران",
        "province:ar": "طهران",
        "name:he": "ביטחון",
        "city:he": "טהראן",
        "province:he": "טהראן",
        "id": "Mjo1YTYyYjRmNzAzNjM",
        "publicId": "Mjo1YTYyYjRmNzAzNjM",
        "sourceId": "5a62b4f70363",
        "layerId": 2,
        "type": "location",
        "status": "active",
        "urgency": null,
        "verificationTag": null,
        "expirationDate": null,
        "createdAt": "2026-03-20T01:18:41.160Z",
        "updatedAt": "2026-03-20T01:18:41.160Z"
      }
    },
    {
      "type": "Feature",
      "id": 90729,
      "geometry": {
        "type": "Point",
        "coordinates": [
          51.72739974205632,
          32.646904972914015
        ]
      },
      "properties": {
        "city": "اصفهان",
        "date": 1772119710,
        "name:fa": "اطلاعات",
        "province": "استان اصفهان",
        "name:en": "Intelligence",
        "city:en": "Isfahan",
        "province:en": "Isfahan",
        "name:ar": "استخبارات",
        "city:ar": "أصفهان",
        "province:ar": "أصفهان",
        "name:he": "מודיעין",
        "city:he": "אספהאן",
        "province:he": "אספהאן",
        "id": "MjplOTlmMDlhYTZhODg",
        "publicId": "MjplOTlmMDlhYTZhODg",
        "sourceId": "e99f09aa6a88",
        "layerId": 2,
        "type": "location",
        "status": "active",
        "urgency": null,
        "verificationTag": null,
        "expirationDate": null,
        "createdAt": "2026-03-20T01:18:41.160Z",
        "updatedAt": "2026-03-20T01:18:41.160Z"
      }
    },
    {
      "type": "Feature",
      "id": 90730,
      "geometry": {
        "type": "Point",
        "coordinates": [
          51.08906489784965,
          35.48328945067003
        ]
      },
      "properties": {
        "city": "رباط کریم",
        "date": 1771649875,
        "name:fa": "اطلاعات",
        "province": "استان تهران",
        "name:en": "Intelligence",
        "city:en": "Robat Karim",
        "province:en": "Tehran",
        "name:ar": "استخبارات",
        "city:ar": "رباط كريم",
        "province:ar": "طهران",
        "name:he": "מודיעין",
        "city:he": "רובאט כרים",
        "province:he": "טהראן",
        "id": "MjozYWExMmIwYWIxOWE",
        "publicId": "MjozYWExMmIwYWIxOWE",
        "sourceId": "3aa12b0ab19a",
        "layerId": 2,
        "type": "location",
        "status": "active",
        "urgency": null,
        "verificationTag": null,
        "expirationDate": null,
        "createdAt": "2026-03-20T01:18:41.160Z",
        "updatedAt": "2026-03-20T01:18:41.160Z"
      }
    },
    {
      "type": "Feature",
      "id": 90731,
      "geometry": {
        "type": "Point",
        "coordinates": [
          50.255498193597504,
          30.59648032913418
        ]
      },
      "properties": {
        "city": "بهبهان",
        "date": 1771579020,
        "name:fa": "اطلاعات",
        "province": "استان خوزستان",
        "name:en": "Intelligence",
        "city:en": "Behbahan",
        "province:en": "Khuzestan",
        "name:ar": "استخبارات",
        "city:ar": "بهبهان",
        "province:ar": "خوزستان",
        "name:he": "מודיעין",
        "city:he": "בהבהאן",
        "province:he": "ח'וזסתאן",
        "id": "Mjo0MTNhNDIwYTUzZjY",
        "publicId": "Mjo0MTNhNDIwYTUzZjY",
        "sourceId": "413a420a53f6",
        "layerId": 2,
        "type": "location",
        "status": "active",
        "urgency": null,
        "verificationTag": null,
        "expirationDate": null,
        "createdAt": "2026-03-20T01:18:41.160Z",
        "updatedAt": "2026-03-20T01:18:41.160Z"
      }
    },
    {
      "type": "Feature",
      "id": 90732,
      "geometry": {
        "type": "Point",
        "coordinates": [
          50.45887331961501,
          33.909684255950765
        ]
      },
      "properties": {
        "city": "محلات",
        "date": 1771466074,
        "name:fa": "اطلاعات",
        "province": "استان مرکزی",
        "name:en": "Intelligence",
        "city:en": "Mahallat",
        "province:en": "Markazi",
        "name:ar": "استخبارات",
        "city:ar": "محلات",
        "province:ar": "المركزية",
        "name:he": "מודיעין",
        "city:he": "מהאלאת",
        "province:he": "מרכזי",
        "id": "MjoyYWM0NTczMTIyODU",
        "publicId": "MjoyYWM0NTczMTIyODU",
        "sourceId": "2ac457312285",
        "layerId": 2,
        "type": "location",
        "status": "active",
        "urgency": null,
        "verificationTag": null,
        "expirationDate": null,
        "createdAt": "2026-03-20T01:18:41.160Z",
        "updatedAt": "2026-03-20T01:18:41.160Z"
      }
    },
    {
      "type": "Feature",
      "id": 90838,
      "geometry": {
        "type": "Point",
        "coordinates": [
          49.60874131445638,
          37.28466713061613
        ]
      },
      "properties": {
        "city": "رشت",
        "date": "",
        "name:fa": "اطلاعات سپاه گیلان",
        "province": "استان گیلان",
        "description": "سازمان اطلاعات سپاه استان گیلان",
        "unofficial_name:fa": "سازمان اطلاعات سپاه استان گیلان",
        "name:en": "Gilan IRGC Intelligence",
        "description:en": "IRGC Intelligence Organization of Gilan Province",
        "city:en": "Rasht",
        "province:en": "Gilan",
        "name:ar": "استخبارات الحرس الثوري في جيلان",
        "description:ar": "جهاز استخبارات الحرس الثوري في محافظة جيلان",
        "city:ar": "رشت",
        "province:ar": "جيلان",
        "name:he": "מודיעין משמרות המהפכה בגילאן",
        "description:he": "ארגון מודיעין משמרות המהפכה במחוז גילאן",
        "city:he": "ראשת",
        "province:he": "גילאן",
        "id": "MjoyZDMzNjI4Nzc2NGU",
        "publicId": "MjoyZDMzNjI4Nzc2NGU",
        "sourceId": "2d336287764e",
        "layerId": 2,
        "type": "location",
        "status": "active",
        "urgency": null,
        "verificationTag": "verified",
        "expirationDate": null,
        "createdAt": "2026-03-21T11:38:44.171Z",
        "updatedAt": "2026-04-08T19:39:30.331Z"
      }
    },
    {
      "type": "Feature",
      "id": 90843,
      "geometry": {
        "type": "Point",
        "coordinates": [
          59.217726035311614,
          35.33823718286733
        ]
      },
      "properties": {
        "unofficial_name:fa": "سازمان اطلاعات تربت حیدریه",
        "description": "",
        "date": "",
        "city": "تربت حيدريه",
        "province": "استان خراسان رضوی",
        "city:en": "Torbat-e Heydarieh",
        "province:en": "Razavi Khorasan",
        "city:ar": "تربة حيدرية",
        "province:ar": "خراسان رضوي",
        "city:he": "תורבת חסדרייה",
        "province:he": "ח'וראסאן רזאווי",
        "city:tr": "Torbet-i Haydariye",
        "province:tr": "Razavi Horasan",
        "city:ckb": "تۆربەتی حەیدەرییە",
        "province:ckb": "خوراسانی ڕەزەوی",
        "id": "MjoyZmVkMmNhNDkxN2I",
        "publicId": "MjoyZmVkMmNhNDkxN2I",
        "sourceId": "2fed2ca4917b",
        "layerId": 2,
        "type": "location",
        "status": "active",
        "urgency": null,
        "verificationTag": "verified",
        "expirationDate": null,
        "createdAt": "2026-03-21T19:35:49.719Z",
        "updatedAt": "2026-03-26T02:08:53.718Z"
      }
    },
    {
      "type": "Feature",
      "id": 90868,
      "geometry": {
        "type": "Point",
        "coordinates": [
          46.056327102186174,
          37.34551052977059
        ]
      },
      "properties": {
        "name:fa": "اطلاعات",
        "date": "",
        "description": "37.345511, 46.056327",
        "city": "بناب",
        "province": "استان آذربایجان شرقی",
        "name:en": "Intelligence",
        "description:en": "37.345511, 46.056327",
        "city:en": "Bonab",
        "province:en": "East Azerbaijan",
        "name:ar": "الاستخبارات",
        "city:ar": "بناب",
        "province:ar": "أذربيجان الشرقية",
        "name:he": "מודיעין",
        "city:he": "בנאב",
        "province:he": "אזרבייג'ן המזרחית",
        "id": "MjpmZThjNzdkNmI5MWE",
        "publicId": "MjpmZThjNzdkNmI5MWE",
        "sourceId": "fe8c77d6b91a",
        "layerId": 2,
        "type": "location",
        "status": "active",
        "urgency": null,
        "verificationTag": "verified",
        "expirationDate": null,
        "createdAt": "2026-03-21T20:06:26.547Z",
        "updatedAt": "2026-03-26T02:08:55.419Z"
      }
    },
    {
      "type": "Feature",
      "id": 90882,
      "geometry": {
        "type": "Point",
        "coordinates": [
          46.26967283067478,
          38.04399456675566
        ]
      },
      "properties": {
        "name:fa": "هتل اطلاعات سپاه",
        "date": "",
        "description": "هتل حفاظت اطلاعات معمولا جلسات در این مکان انجام میشود",
        "city": "تبریز",
        "province": "استان آذربایجان شرقی",
        "name:en": "IRGC Intelligence Hotel",
        "description:en": "Intelligence Protection Hotel; meetings are usually held at this location.",
        "city:en": "Tabriz",
        "province:en": "East Azerbaijan",
        "name:ar": "فندق استخبارات الحرس الثوري",
        "description:ar": "فندق حماية المعلومات، وتُعقد الاجتماعات عادة في هذا المكان",
        "city:ar": "تبريز",
        "province:ar": "أذربيجان الشرقية",
        "name:he": "מלון מודיעין משמרות המהפכה",
        "description:he": "מלון אבטחת מידע, בדרך כלל פגישות נערכות במקום זה",
        "province:he": "אזרבייג'ן המזרחית",
        "id": "MjphZGQ2ODVlYjczMDc",
        "publicId": "MjphZGQ2ODVlYjczMDc",
        "sourceId": "add685eb7307",
        "layerId": 2,
        "type": "location",
        "status": "active",
        "urgency": null,
        "verificationTag": "verified",
        "expirationDate": null,
        "createdAt": "2026-03-21T20:22:51.420Z",
        "updatedAt": "2026-03-26T02:08:56.648Z"
      }
    },
    {
      "type": "Feature",
      "id": 90894,
      "geometry": {
        "type": "Point",
        "coordinates": [
          46.36392473740423,
          38.04296745365906
        ]
      },
      "properties": {
        "city": "تبریز",
        "date": "",
        "name:fa": "اداره اطلاعات",
        "province": "استان آذربایجان شرقی",
        "description": "اداره اطلاعات ",
        "unofficial_name:fa": "اداره اطلاعات ",
        "name:en": "Intelligence Office",
        "description:en": "Intelligence Office",
        "city:en": "Tabriz",
        "province:en": "East Azerbaijan",
        "name:ar": "دائرة الاستخبارات",
        "description:ar": "دائرة الاستخبارات",
        "city:ar": "تبريز",
        "province:ar": "أذربيجان الشرقية",
        "name:he": "משרד המודיעין",
        "description:he": "משרד המודיעין",
        "province:he": "אזרבייג'ן המזרחית",
        "id": "Mjo2YTY1NDc5ODQ0OTA",
        "publicId": "Mjo2YTY1NDc5ODQ0OTA",
        "sourceId": "6a6547984490",
        "layerId": 2,
        "type": "location",
        "status": "active",
        "urgency": null,
        "verificationTag": "verified",
        "expirationDate": null,
        "createdAt": "2026-03-21T20:33:24.297Z",
        "updatedAt": "2026-04-08T19:39:30.332Z"
      }
    },
    {
      "type": "Feature",
      "id": 90901,
      "geometry": {
        "type": "Point",
        "coordinates": [
          46.21421215197134,
          38.06300066107846
        ]
      },
      "properties": {
        "name:fa": "اطلاعات سپاه",
        "date": "",
        "description": "اطلاعات سپاه",
        "city": "تبریز",
        "province": "استان آذربایجان شرقی",
        "name:en": "IRGC Intelligence",
        "description:en": "IRGC Intelligence",
        "city:en": "Tabriz",
        "province:en": "East Azerbaijan",
        "name:ar": "استخبارات الحرس الثوري",
        "description:ar": "استخبارات الحرس الثوري",
        "city:ar": "تبريز",
        "province:ar": "أذربيجان الشرقية",
        "name:he": "מודיעין משמרות המהפכה",
        "description:he": "מודיעין משמרות המהפכה",
        "province:he": "אזרבייג'ן המזרחית",
        "id": "Mjo1ZDkyMjJmYjhlMjg",
        "publicId": "Mjo1ZDkyMjJmYjhlMjg",
        "sourceId": "5d9222fb8e28",
        "layerId": 2,
        "type": "location",
        "status": "active",
        "urgency": null,
        "verificationTag": "verified",
        "expirationDate": null,
        "createdAt": "2026-03-21T20:45:09.166Z",
        "updatedAt": "2026-03-26T02:08:58.052Z"
      }
    },
    {
      "type": "Feature",
      "id": 90903,
      "geometry": {
        "type": "Point",
        "coordinates": [
          46.27269980731347,
          38.0625534372403
        ]
      },
      "properties": {
        "name:fa": "اداره اطلاعات سپاه",
        "date": "",
        "description": "اداره اطلاعات سپاه",
        "city": "تبریز",
        "province": "استان آذربایجان شرقی",
        "name:en": "IRGC Intelligence Office",
        "description:en": "IRGC Intelligence Office",
        "city:en": "Tabriz",
        "province:en": "East Azerbaijan",
        "name:ar": "دائرة استخبارات الحرس الثوري",
        "description:ar": "دائرة استخبارات الحرس الثوري",
        "city:ar": "تبريز",
        "province:ar": "أذربيجان الشرقية",
        "name:he": "מנהל מודיעין משמרות המהפכה",
        "description:he": "מנהל מודיעין משמרות המהפכה",
        "province:he": "אזרבייג'ן המזרחית",
        "id": "MjozMWM5ZjQ0NDhkNjQ",
        "publicId": "MjozMWM5ZjQ0NDhkNjQ",
        "sourceId": "31c9f4448d64",
        "layerId": 2,
        "type": "location",
        "status": "active",
        "urgency": null,
        "verificationTag": "verified",
        "expirationDate": null,
        "createdAt": "2026-03-21T20:47:29.328Z",
        "updatedAt": "2026-03-26T02:08:58.387Z"
      }
    },
    {
      "type": "Feature",
      "id": 90907,
      "geometry": {
        "type": "Point",
        "coordinates": [
          46.30080747109838,
          38.065658533304145
        ]
      },
      "properties": {
        "city": "تبریز",
        "date": "",
        "name:fa": "وزارت اطلاعات",
        "province": "استان آذربایجان شرقی",
        "description": "ساختمان وزارت اطلاعات ",
        "unofficial_name:fa": "اطلاعات",
        "name:en": "Ministry of Intelligence",
        "description:en": "Ministry of Intelligence Building",
        "city:en": "Tabriz",
        "province:en": "East Azerbaijan",
        "name:ar": "وزارة الاستخبارات",
        "description:ar": "مبنى وزارة الاستخبارات",
        "city:ar": "تبريز",
        "province:ar": "أذربيجان الشرقية",
        "name:he": "משרד המודיעין",
        "description:he": "בניין משרד המודיעין",
        "city:he": "תבריז",
        "province:he": "אזרבייג'ן המזרחית",
        "id": "Mjo4NzQxMGVhOTM0MGI",
        "publicId": "Mjo4NzQxMGVhOTM0MGI",
        "sourceId": "87410ea9340b",
        "layerId": 2,
        "type": "location",
        "status": "active",
        "urgency": null,
        "verificationTag": "verified",
        "expirationDate": null,
        "createdAt": "2026-03-21T20:53:09.333Z",
        "updatedAt": "2026-04-08T19:39:30.334Z"
      }
    },
    {
      "type": "Feature",
      "id": 90925,
      "geometry": {
        "type": "Point",
        "coordinates": [
          48.76520887943843,
          33.90250900581965
        ]
      },
      "properties": {
        "city": "بروجرد",
        "date": 1773779400,
        "name:fa": "اطلاعات سپاه بروجرد",
        "province": "استان لرستان",
        "description": "اطلاعات سپاه ، ساختمان سپاه حضرت ابوالفضل بروجرد",
        "unofficial_name:fa": "اطلاعات سپاه",
        "name:en": "Borujerd IRGC Intelligence",
        "description:en": "IRGC Intelligence, Hazrat-e Abolfazl IRGC building in Borujerd.",
        "city:en": "Borujerd",
        "province:en": "Lorestan",
        "name:ar": "استخبارات الحرس الثوري في بروجرد",
        "description:ar": "استخبارات الحرس الثوري، مبنى حرس الإمام أبو الفضل في بروجرد",
        "city:ar": "بروجرد",
        "province:ar": "لرستان",
        "name:he": "מודיעין משמרות המהפכה בבורוג'רד",
        "description:he": "מודיעין משמרות המהפכה, בניין משמרות המהפכה חזראת אבולפזל בבורוג'רד",
        "city:he": "בורוג'רד",
        "province:he": "לורסתאן",
        "id": "Mjo4MmY1ZTNlY2UyNmQ",
        "publicId": "Mjo4MmY1ZTNlY2UyNmQ",
        "sourceId": "82f5e3ece26d",
        "layerId": 2,
        "type": "location",
        "status": "active",
        "urgency": null,
        "verificationTag": "not-verified",
        "expirationDate": null,
        "createdAt": "2026-03-23T08:59:26.177Z",
        "updatedAt": "2026-04-08T19:39:30.336Z"
      }
    },
    {
      "type": "Feature",
      "id": 90928,
      "geometry": {
        "type": "Point",
        "coordinates": [
          51.28180919250178,
          35.735021260503046
        ]
      },
      "properties": {
        "city": "تهران",
        "date": 1772137800,
        "name:fa": "مرکز اطلاعات سپاه",
        "province": "استان تهران",
        "description": "مرکز اطلاعات سپاه . هر سال داره دیوار هاش بلند تر میشه . سال ۱۴۰۱ هم خیلی از معترضین رو اینجا نگهداری کزدند",
        "unofficial_name:fa": "اطلاعات سپاه",
        "name:en": "IRGC Intelligence Center",
        "description:en": "IRGC Intelligence Center. Its walls are built higher every year. In 2022, many protesters were detained here as well.",
        "city:en": "Tehran",
        "province:en": "Tehran",
        "name:ar": "مركز استخبارات الحرس الثوري",
        "description:ar": "مركز استخبارات الحرس الثوري. تزداد أسواره ارتفاعاً كل عام. وفي عام 1401 تم احتجاز العديد من المتظاهرين هنا.",
        "city:ar": "طهران",
        "province:ar": "طهران",
        "name:he": "מרכז מודיעין משמרות המהפכה",
        "city:he": "טהראן",
        "province:he": "טהראן",
        "id": "Mjo4NTQ3NGFmYzhmOGM",
        "publicId": "Mjo4NTQ3NGFmYzhmOGM",
        "sourceId": "85474afc8f8c",
        "layerId": 2,
        "type": "location",
        "status": "active",
        "urgency": null,
        "verificationTag": "not-verified",
        "expirationDate": null,
        "createdAt": "2026-03-23T09:11:00.961Z",
        "updatedAt": "2026-04-08T19:39:30.337Z"
      }
    },
    {
      "type": "Feature",
      "id": 90929,
      "geometry": {
        "type": "Point",
        "coordinates": [
          52.529355789228475,
          29.645068302024256
        ]
      },
      "properties": {
        "city": "شیراز",
        "date": 1773174600,
        "name:fa": "اطلاعات سپاه فارس",
        "province": "استان فارس",
        "description": "ساختمان مرکزی اطلاعات سپاه استان فارس",
        "unofficial_name:fa": "اطلاعات سپاه",
        "name:en": "Fars IRGC Intelligence",
        "description:en": "Central headquarters of IRGC Intelligence in Fars Province.",
        "city:en": "Shiraz",
        "province:en": "Fars",
        "name:ar": "استخبارات الحرس الثوري في فارس",
        "description:ar": "المبنى المركزي لاستخبارات الحرس الثوري في محافظة فارس.",
        "city:ar": "شيراز",
        "province:ar": "فارس",
        "name:he": "מודיעין משמרות המהפכה בפארס",
        "description:he": "הבניין המרכזי של מודיעין משמרות המהפכה במחוז פארס",
        "city:he": "שיראז",
        "province:he": "פארס",
        "id": "MjpiYWZiMjYwOTNhMWM",
        "publicId": "MjpiYWZiMjYwOTNhMWM",
        "sourceId": "bafb26093a1c",
        "layerId": 2,
        "type": "location",
        "status": "active",
        "urgency": null,
        "verificationTag": "verified",
        "expirationDate": null,
        "createdAt": "2026-03-23T09:12:34.480Z",
        "updatedAt": "2026-04-08T19:39:30.339Z"
      }
    },
    {
      "type": "Feature",
      "id": 90965,
      "geometry": {
        "type": "Point",
        "coordinates": [
          51.281159428215176,
          35.73725839653086
        ]
      },
      "properties": {
        "city": "تهران",
        "date": 1773001800,
        "name:fa": "اطلاعات سپاه",
        "province": "استان تهران",
        "description": "یک مکان حکومتی و اطلاعاتی می‌باشد. احتمالا اطلاعات سپاه است. توقف در اطراف این محدوده ممنوع بوده و اجازه عکس‌برداری هم وجود ندارد. تابلوی عکس ممنوع هم هست.",
        "unofficial_name:fa": "ساختمان اطلاعات سپاه",
        "name:en": "IRGC Intelligence",
        "description:en": "It is a government and intelligence site. It is likely IRGC Intelligence. Stopping around this perimeter is forbidden and taking photos is not permitted. There is also a no photography sign.",
        "city:en": "Tehran",
        "province:en": "Tehran",
        "name:ar": "استخبارات الحرس الثوري",
        "description:ar": "موقع حكومي واستخباراتي، يُرجح أنه تابع لاستخبارات الحرس الثوري. التوقف حول هذه المنطقة ممنوع ولا يُسمح بالتصوير. توجد أيضاً لوحة حظر التصوير.",
        "city:ar": "طهران",
        "province:ar": "طهران",
        "name:he": "מודיעין משמרות המהפכה",
        "description:he": "זהו מקום ממשלתי ומודיעיני. ככל הנראה מודיעין משמרות המהפכה. העצירה בסביבת אזור זה אסורה ואין אישור לצלם. יש גם שלט איסור צילום.",
        "city:he": "טהראן",
        "province:he": "טהראן",
        "id": "MjpiZDVkMjhlZmZjZDk",
        "publicId": "MjpiZDVkMjhlZmZjZDk",
        "sourceId": "bd5d28effcd9",
        "layerId": 2,
        "type": "location",
        "status": "active",
        "urgency": null,
        "verificationTag": "verified",
        "expirationDate": null,
        "createdAt": "2026-03-23T23:17:01.988Z",
        "updatedAt": "2026-04-08T19:39:30.341Z"
      }
    },
    {
      "type": "Feature",
      "id": 90968,
      "geometry": {
        "type": "Point",
        "coordinates": [
          50.16437846060816,
          37.18473546494707
        ]
      },
      "properties": {
        "city": "لنگرود",
        "date": 1772656200,
        "name:fa": "فرماندهی اطلاعات سپاه",
        "province": "استان گیلان",
        "description": "این مکان به عنوان فرماندهی اطلاعات سپاه شناخته میشه. مکانی بزرگ هست که هیچ اطلاعاتی از این مکان در جایی ذکر نشده اما تقریبا تمام مردم شهر از اینکه این مکان فرماندهی اطلاعات سپاه هست اطمینان دارند. تمامی ساختمان های موجود در این بلاک عضوی از این ساختمان هست",
        "unofficial_name:fa": "فرماندهی اطلاعات سپاه",
        "name:en": "IRGC Intelligence Command",
        "description:en": "This location is known as the IRGC Intelligence Command. It is a large location with no information mentioned anywhere, but almost all people in the city are certain that this location is the IRGC Intelligence Command. All existing buildings in this block are part of this site.",
        "city:en": "Langarud",
        "province:en": "Gilan",
        "name:ar": "قيادة استخبارات الحرس الثوري",
        "description:ar": "يعرف هذا المكان بأنه قيادة استخبارات الحرس الثوري. إنه مكان كبير لا تتوفر أي معلومات عنه في أي مكان، ولكن جميع سكان المدينة تقريباً متأكدون من أنه قيادة استخبارات الحرس الثوري. جميع المباني الموجودة في هذا المربع السكني جزء من هذا المجمع.",
        "city:ar": "لنكرود",
        "province:ar": "جيلان",
        "name:he": "מפקדת מודיעין משמרות המהפכה",
        "description:he": "מקום זה מוכר כמפקדת מודיעין משמרות המהפכה. זהו מקום גדול ששום מידע לגביו לא מוזכר בשום מקום, אך כמעט כל תושבי העיר בטוחים שמקום זה הוא מפקדת מודיעין משמרות המהפכה. כל הבניינים בבלוק זה הם חלק ממבנה זה",
        "city:he": "לנגרוד",
        "province:he": "גילאן",
        "id": "MjphNGZlOTY5YWE3ZTI",
        "publicId": "MjphNGZlOTY5YWE3ZTI",
        "sourceId": "a4fe969aa7e2",
        "layerId": 2,
        "type": "location",
        "status": "active",
        "urgency": null,
        "verificationTag": "not-verified",
        "expirationDate": null,
        "createdAt": "2026-03-24T00:50:30.564Z",
        "updatedAt": "2026-04-08T19:39:30.343Z"
      }
    },
    {
      "type": "Feature",
      "id": 90992,
      "geometry": {
        "type": "Point",
        "coordinates": [
          52.806457845785786,
          29.88328684755463
        ]
      },
      "properties": {
        "name:fa": "اطلاعات",
        "date": 1771187400,
        "description": "خونه تیمی اطلاعات بسیج در پوشش آموزشگاه خیاطی . طبقه همکف خیاطی طبقه بالا در اختیار اطلاعات بسیج",
        "city": "مرودشت",
        "province": "استان فارس",
        "name:en": "Intelligence",
        "description:en": "Basij intelligence safehouse under the cover of a tailoring school. The ground floor is a tailoring shop, and the upper floor is at the disposal of Basij intelligence.",
        "city:en": "Marvdasht",
        "province:en": "Fars",
        "name:ar": "الاستخبارات",
        "description:ar": "منزل آمن لاستخبارات البسيج تحت غطاء مدرسة خياطة. الطابق الأرضي خياطة والطابق العلوي تحت تصرف استخبارات البسيج",
        "city:ar": "مرودشت",
        "province:ar": "فارس",
        "name:he": "מודיעין",
        "description:he": "בית מבצעי של מודיעין הבסיג' במראה של בית ספר לחייטות. קומת קרקע חייטות, קומה עליונה ברשות מודיעין הבסיג'.",
        "city:he": "מרוודשת",
        "province:he": "פארס",
        "id": "MjphM2QzNmI1OTU2NTM",
        "publicId": "MjphM2QzNmI1OTU2NTM",
        "sourceId": "a3d36b595653",
        "layerId": 2,
        "type": "location",
        "status": "active",
        "urgency": null,
        "verificationTag": "not-verified",
        "expirationDate": null,
        "createdAt": "2026-03-24T22:06:47.331Z",
        "updatedAt": "2026-03-26T02:09:04.893Z"
      }
    },
    {
      "type": "Feature",
      "id": 91282,
      "geometry": {
        "type": "Point",
        "coordinates": [
          46.098030534064435,
          36.96243512071966
        ]
      },
      "properties": {
        "unofficial_name:fa": "اداره اطلاعات میاندوآب",
        "description": "",
        "date": 1772483400,
        "city": "مياندوآب",
        "province": "استان آذربایجان غربی",
        "city:en": "Miandoab",
        "province:en": "West Azerbaijan",
        "city:ar": "مياندوآب",
        "province:ar": "أذربيجان الغربية",
        "city:he": "מיאנדואב",
        "province:he": "אזרבייג'ן המערבית",
        "city:tr": "Miyandoab",
        "province:tr": "Batı Azerbaycan",
        "city:ckb": "میاندواو",
        "province:ckb": "ئازەربایجانی ڕۆژاوا",
        "id": "MjowMzUxZWY3NjVkNjI",
        "publicId": "MjowMzUxZWY3NjVkNjI",
        "sourceId": "0351ef765d62",
        "layerId": 2,
        "type": "location",
        "status": "active",
        "urgency": null,
        "verificationTag": "verified",
        "expirationDate": null,
        "createdAt": "2026-03-25T08:27:18.393Z",
        "updatedAt": "2026-03-26T02:09:28.264Z"
      }
    },
    {
      "type": "Feature",
      "id": 91291,
      "geometry": {
        "type": "Point",
        "coordinates": [
          48.667985418131366,
          30.65552591456894
        ]
      },
      "properties": {
        "unofficial_name:fa": "حفاظت اطلاعات",
        "description": "",
        "date": "",
        "city": "شادگان",
        "province": "استان خوزستان",
        "city:en": "Shadegan",
        "province:en": "Khuzestan",
        "city:ar": "شادغان",
        "province:ar": "خوزستان",
        "city:he": "שאדגאן",
        "province:he": "ח'וזסתאן",
        "city:tr": "Şadegan",
        "province:tr": "Huzistan",
        "city:ckb": "شادەگان",
        "province:ckb": "خووزستان",
        "id": "MjphODJmMGZiY2M4ZjE",
        "publicId": "MjphODJmMGZiY2M4ZjE",
        "sourceId": "a82f0fbcc8f1",
        "layerId": 2,
        "type": "location",
        "status": "active",
        "urgency": null,
        "verificationTag": "verified",
        "expirationDate": null,
        "createdAt": "2026-03-25T08:40:38.586Z",
        "updatedAt": "2026-03-26T02:09:29.013Z"
      }
    },
    {
      "type": "Feature",
      "id": 91299,
      "geometry": {
        "type": "Point",
        "coordinates": [
          53.037510938491806,
          36.55446275579824
        ]
      },
      "properties": {
        "city": "ساری",
        "date": 1772569800,
        "name:fa": "اطلاعات مازندران",
        "province": "استان مازندران",
        "description": "کل محوطه (از شمال-شمال غرب محدود به بلوار پاسداران، از غرب-جنوب غرب محدود به خیابان دولت، و از شرق محدود به ناحیه نظامی سپاه کربلای مازنداران) مربوط به اداره اطلاعات استان مازندران میباشد.",
        "unofficial_name:fa": "اداره اطلاعات",
        "name:en": "Mazandaran Intelligence Department",
        "description:en": "The entire compound (bordered by Pasdaran Boulevard to the north-northwest, Dowlat Street to the west-southwest, and the military area of Mazandaran's Karbala IRGC to the east) belongs to the Intelligence Department of Mazandaran Province.",
        "city:en": "Sari",
        "province:en": "Mazandaran",
        "name:ar": "استخبارات مازندران",
        "description:ar": "المجمع بأكمله (المحدد من الشمال والشمال الغربي بشارع باسباران، ومن الغرب والجنوب الغربي بشارع دولت، ومن الشرق بالمنطقة العسكرية لحرس كربلاء في مازندران) يتبع لإدارة استخبارات محافظة مازندران.",
        "city:ar": "ساري",
        "province:ar": "مازندران",
        "name:he": "מודיעין מזנדראן",
        "description:he": "כל המתחם (מוגבל מצפון-צפון-מערב בשדרות פאסדאראן, ממערב-דרום-מערב ברחוב דולת, וממזרח באזור הצבאי של משמרות המהפכה כרבלא מזנדראן) שייך למנהלת המודיעין של מחוז מזנדראן.",
        "city:he": "סארי",
        "province:he": "מאזנדראן",
        "id": "MjoyMGE0ZDllMzE5ZDA",
        "publicId": "MjoyMGE0ZDllMzE5ZDA",
        "sourceId": "20a4d9e319d0",
        "layerId": 2,
        "type": "location",
        "status": "active",
        "urgency": null,
        "verificationTag": "verified",
        "expirationDate": null,
        "createdAt": "2026-03-25T09:33:43.809Z",
        "updatedAt": "2026-04-08T19:39:30.348Z"
      }
    },
    {
      "type": "Feature",
      "id": 91588,
      "geometry": {
        "type": "Point",
        "coordinates": [
          50.28363545171712,
          37.161708975740424
        ]
      },
      "properties": {
        "name:fa": "سوله اطلاعات سپاه",
        "description": "سوله برای اطلاعات سپاه. رفت و آماد توش کم بود اما این مدت بیشتر شده",
        "date": 1773429478,
        "city": "احمدآباد",
        "province": "استان گیلان",
        "name:en": "IRGC Intelligence Hangar",
        "description:en": "Hangar used by IRGC Intelligence. Activity inside used to be low, but it has increased recently.",
        "city:en": "Ahmadabad",
        "province:en": "Gilan",
        "name:ar": "مستودع استخبارات الحرس الثوري",
        "description:ar": "مستودع تابع لاستخبارات الحرس الثوري. كانت الحركة فيه قليلة لكنها زادت في الآونة الأخيرة.",
        "city:ar": "أحمد آباد",
        "province:ar": "جيلان",
        "name:he": "האנגר מודיעין ספאה",
        "description:he": "האנגר עבור מודיעין ספאה. התנועה בו הייתה מועטה, אך בתקופה האחרונה היא גדלה",
        "city:he": "אחמד-אבאד",
        "province:he": "גילאן",
        "id": "MjphMjcxZmMxZGIxMzI",
        "publicId": "MjphMjcxZmMxZGIxMzI",
        "sourceId": "a271fc1db132",
        "layerId": 2,
        "type": "location",
        "status": "active",
        "urgency": null,
        "verificationTag": "not-verified",
        "expirationDate": null,
        "createdAt": "2026-03-13T19:17:58.676Z",
        "updatedAt": "2026-03-26T23:40:11.984Z"
      }
    },
    {
      "type": "Feature",
      "id": 91590,
      "geometry": {
        "type": "Point",
        "coordinates": [
          51.54813634209921,
          32.67867889155349
        ]
      },
      "properties": {
        "name:fa": "اطلاعات سپاه",
        "description": "مقر و استقرار نیروهای اطلاعات سپاه",
        "date": 1773591329,
        "city": "خمینی شهر",
        "province": "استان اصفهان",
        "name:en": "IRGC Intelligence",
        "description:en": "Headquarters and deployment area for IRGC Intelligence forces",
        "city:en": "Khomeyni Shahr",
        "province:en": "Isfahan",
        "name:ar": "استخبارات الحرس الثوري",
        "description:ar": "مقر وتمركز قوات استخبارات الحرس الثوري",
        "city:ar": "خميني شهر",
        "province:ar": "أصفهان",
        "name:he": "מודיעין ספאה",
        "description:he": "מפקדה ומיקום כוחות מודיעין ספאה",
        "city:he": "ח'ומייני שהר",
        "province:he": "אספהאן",
        "id": "Mjo3MTIzODFhNmM1MzY",
        "publicId": "Mjo3MTIzODFhNmM1MzY",
        "sourceId": "712381a6c536",
        "layerId": 2,
        "type": "location",
        "status": "active",
        "urgency": null,
        "verificationTag": "not-verified",
        "expirationDate": null,
        "createdAt": "2026-03-15T16:15:29.284Z",
        "updatedAt": "2026-03-26T23:40:12.111Z"
      }
    },
    {
      "type": "Feature",
      "id": 91591,
      "geometry": {
        "type": "Point",
        "coordinates": [
          50.980205844975586,
          35.84489870484872
        ]
      },
      "properties": {
        "city": "کرج",
        "date": 1773446202,
        "name:fa": "اطلاعات سپاه",
        "province": "استان البرز",
        "description": "اطلاعات سپاه کرج",
        "name:en": "IRGC Intelligence",
        "description:en": "Karaj IRGC Intelligence",
        "city:en": "Karaj",
        "province:en": "Alborz",
        "name:ar": "استخبارات الحرس الثوري",
        "description:ar": "استخبارات الحرس الثوري في كرج",
        "city:ar": "كرج",
        "province:ar": "ألبرز",
        "name:he": "מודיעין משמרות המהפכה",
        "description:he": "מודיעין משמרות המהפכה בכרג'",
        "city:he": "כרג'",
        "province:he": "אלבורז",
        "id": "Mjo0MjExZWI1NTZhZGU",
        "publicId": "Mjo0MjExZWI1NTZhZGU",
        "sourceId": "4211eb556ade",
        "layerId": 2,
        "type": "location",
        "status": "active",
        "urgency": null,
        "verificationTag": "not-verified",
        "expirationDate": null,
        "createdAt": "2026-03-13T23:56:42.688Z",
        "updatedAt": "2026-04-08T20:49:25.340Z"
      }
    },
    {
      "type": "Feature",
      "id": 91592,
      "geometry": {
        "type": "Point",
        "coordinates": [
          45.06014779500802,
          37.576732221613014
        ]
      },
      "properties": {
        "city": "ارومیه",
        "date": 1773330763,
        "name:fa": "اطلاعات سپاه",
        "province": "استان آذربایجان غربی",
        "description": "اطلاعات سپاه ،امنیتی بدون هیچ تابلو نظامی",
        "name:en": "IRGC Intelligence",
        "description:en": "IRGC Intelligence, a security facility without any military signboards",
        "city:en": "Urmia",
        "province:en": "West Azerbaijan",
        "name:ar": "استخبارات الحرس الثوري",
        "description:ar": "استخبارات الحرس الثوري، موقع أمني بدون أي لافتة عسكرية",
        "city:ar": "أورمية",
        "province:ar": "أذربيجان الغربية",
        "name:he": "מודיעין ספאה",
        "description:he": "מודיעין ספאה, מתקן ביטחוני ללא כל שלט צבאי",
        "city:he": "אורמיה",
        "province:he": "אזרבייג'ן המערבית",
        "id": "MjowOGNiYTRlYmFkMjc",
        "publicId": "MjowOGNiYTRlYmFkMjc",
        "sourceId": "08cba4ebad27",
        "layerId": 2,
        "type": "location",
        "status": "active",
        "urgency": null,
        "verificationTag": "not-verified",
        "expirationDate": null,
        "createdAt": "2026-03-12T15:52:43.486Z",
        "updatedAt": "2026-04-08T20:35:23.436Z"
      }
    },
    {
      "type": "Feature",
      "id": 91593,
      "geometry": {
        "type": "Point",
        "coordinates": [
          46.22009880591398,
          36.51779785734807
        ]
      },
      "properties": {
        "name:fa": "اطلاعات سپاه شهرستان",
        "description": "اطلاعات سپاه شهرستان بوکان دور تا دور ادارات دولتی برق و آب و گاز و...",
        "date": 1773225431,
        "city": "بوکان",
        "province": "استان آذربایجان غربی",
        "name:en": "County IRGC Intelligence",
        "description:en": "Bukan County IRGC Intelligence, surrounding municipal government offices for electricity, water, gas, etc.",
        "city:en": "Bukan",
        "province:en": "West Azerbaijan",
        "name:ar": "استخبارات الحرس الثوري في القضاء",
        "description:ar": "استخبارات الحرس الثوري في قضاء بوكان، المحيطة بالدوائر الحكومية للكهرباء والماء والغاز وغيرها...",
        "city:ar": "بوكان",
        "province:ar": "أذربيجان الغربية",
        "name:he": "מודיעין ספאה של מחוז המשנה",
        "description:he": "מודיעין ספאה של מחוז משנה בוקאן, מסביב למשרדי הממשלה של חשמל, מים, גז וכו'",
        "city:he": "בוקאן",
        "province:he": "אזרבייג'ן המערבית",
        "id": "Mjo5NWQ3ZjI2Y2E1OWI",
        "publicId": "Mjo5NWQ3ZjI2Y2E1OWI",
        "sourceId": "95d7f26ca59b",
        "layerId": 2,
        "type": "location",
        "status": "active",
        "urgency": null,
        "verificationTag": "not-verified",
        "expirationDate": null,
        "createdAt": "2026-03-11T10:37:11.532Z",
        "updatedAt": "2026-03-26T23:40:12.283Z"
      }
    },
    {
      "type": "Feature",
      "id": 91594,
      "geometry": {
        "type": "Point",
        "coordinates": [
          58.79883270436133,
          36.229861721902836
        ]
      },
      "properties": {
        "name:fa": "اطلاعات سپاه",
        "description": "ساختمان مرکزی اطلاعات سپاه",
        "date": 1773211334,
        "city": "نیشابور",
        "province": "استان خراسان رضوی",
        "name:en": "IRGC Intelligence",
        "description:en": "Central IRGC Intelligence building",
        "city:en": "Nishapur",
        "province:en": "Razavi Khorasan",
        "name:ar": "استخبارات الحرس الثوري",
        "description:ar": "المبنى المركزي لاستخبارات الحرس الثوري",
        "city:ar": "نيسابور",
        "province:ar": "خراسان رضوي",
        "name:he": "מודיעין ספאה",
        "description:he": "הבניין המרכזי של מודיעין ספאה",
        "city:he": "נישאפור",
        "province:he": "ח'וראסאן רזאווי",
        "id": "Mjo0ZWU4NWFlNWY3Nzc",
        "publicId": "Mjo0ZWU4NWFlNWY3Nzc",
        "sourceId": "4ee85ae5f777",
        "layerId": 2,
        "type": "location",
        "status": "active",
        "urgency": null,
        "verificationTag": "not-verified",
        "expirationDate": null,
        "createdAt": "2026-03-11T06:42:14.386Z",
        "updatedAt": "2026-03-26T23:40:12.545Z"
      }
    },
    {
      "type": "Feature",
      "id": 91595,
      "geometry": {
        "type": "Point",
        "coordinates": [
          53.26331053097343,
          30.275699572640647
        ]
      },
      "properties": {
        "city": "قادرآباد",
        "date": 1773147811,
        "name:fa": "اطلاعات سپاه پاسداران",
        "province": "استان فارس",
        "description": "ساختمان اداری و اطلاعات سپاه پاسداران قادرآباد",
        "name:en": "IRGC Intelligence",
        "description:en": "Administrative and IRGC Intelligence building of Qaderabad",
        "city:en": "Qaderabad",
        "province:en": "Fars",
        "name:ar": "استخبارات الحرس الثوري",
        "description:ar": "المبنى الإداري واستخبارات الحرس الثوري في قادر آباد",
        "city:ar": "قادر آباد",
        "province:ar": "فارس",
        "name:he": "מודיעין משמרות המהפכה",
        "province:he": "פארס",
        "id": "MjplODBmM2MxYjg3NDQ",
        "publicId": "MjplODBmM2MxYjg3NDQ",
        "sourceId": "e80f3c1b8744",
        "layerId": 2,
        "type": "location",
        "status": "active",
        "urgency": null,
        "verificationTag": "not-verified",
        "expirationDate": null,
        "createdAt": "2026-03-10T13:03:31.843Z",
        "updatedAt": "2026-04-08T20:49:25.342Z"
      }
    },
    {
      "type": "Feature",
      "id": 91596,
      "geometry": {
        "type": "Point",
        "coordinates": [
          48.55007446956708,
          36.66407496059203
        ]
      },
      "properties": {
        "name:fa": "اطلاعات سپاه",
        "description": "مسجد و پایگاه بسیج نورالزهرا (ساختمان ضلع جنوب غربی مجموعه) و سازه‌های ضلع جنوب (آبی رنگ) و شرق که بعدا به ساختمان مسجد اضافه شدند و مخصوصا سازه شرقی بسیار غیرمعمول هست و صرفا هواکش داره نه پنجره. گردانندگان هم خانواده امنیتی جعفری (هادی، حامد که اطلاعات سپاهی هست و پدرشون بازنشسته جهادکشاورزی)",
        "date": 1772982155,
        "city": "زنجان",
        "province": "استان زنجان",
        "name:en": "IRGC Intelligence",
        "description:en": "Nour al-Zahra Mosque and Basij base (southwest building of the complex) and the southern (blue) and eastern structures later added to the mosque building; the eastern structure in particular is very unusual, having only air vents and no windows. The operators are the Jafari security family (Hadi, Hamed who is in IRGC Intelligence, and their father who is retired from Jihad-e Agriculture).",
        "city:en": "Zanjan",
        "province:en": "Zanjan",
        "name:ar": "استخبارات الحرس الثوري",
        "description:ar": "مسجد وقاعدة التعبئة (البسيج) نور الزهراء (المبنى في الضلع الجنوبي الغربي من المجمع) والمنشآت في الضلع الجنوبي (الزرقاء) والشرقي التي أضيفت لاحقاً إلى مبنى المسجد، والمنشأة الشرقية تحديداً غير معتادة للغاية وتحتوي على فتحات تهوية فقط دون نوافذ. القائمون عليه هم عائلة جفري الأمنية (هادي، حامد وهو عنصر في استخبارات الحرس الثوري، ووالدهما متقاعد من الجهاد الزراعي).",
        "city:ar": "زنجان",
        "province:ar": "زنجان",
        "name:he": "מודיעין ספאה",
        "city:he": "זנג'אן",
        "province:he": "זנג'אן",
        "id": "Mjo5MGM5Mzk1MzdjYmU",
        "publicId": "Mjo5MGM5Mzk1MzdjYmU",
        "sourceId": "90c939537cbe",
        "layerId": 2,
        "type": "location",
        "status": "active",
        "urgency": null,
        "verificationTag": "not-verified",
        "expirationDate": null,
        "createdAt": "2026-03-08T15:02:35.264Z",
        "updatedAt": "2026-03-26T23:40:12.667Z"
      }
    },
    {
      "type": "Feature",
      "id": 91597,
      "geometry": {
        "type": "Point",
        "coordinates": [
          48.845337878943326,
          32.045264177099924
        ]
      },
      "properties": {
        "name:fa": "اطلاعات سپاه پاسداران",
        "description": "سازمان اطلاعات سپاه پاسداران",
        "date": 1772847293,
        "city": "شوشتر",
        "province": "استان خوزستان",
        "name:en": "IRGC Intelligence",
        "description:en": "Islamic Revolutionary Guard Corps Intelligence Organization",
        "city:en": "Shushtar",
        "province:en": "Khuzestan",
        "name:ar": "استخبارات الحرس الثوري",
        "description:ar": "منظمة استخبارات الحرس الثوري",
        "city:ar": "شوشتر",
        "province:ar": "خوزستان",
        "name:he": "מודיעין משמרות המהפכה",
        "description:he": "ארגון המודיעין של משמרות המהפכה",
        "city:he": "שושתר",
        "province:he": "ח'וזסתאן",
        "id": "MjowMGY2ZmEzZTVmNGU",
        "publicId": "MjowMGY2ZmEzZTVmNGU",
        "sourceId": "00f6fa3e5f4e",
        "layerId": 2,
        "type": "location",
        "status": "active",
        "urgency": null,
        "verificationTag": "not-verified",
        "expirationDate": null,
        "createdAt": "2026-03-07T01:34:53.125Z",
        "updatedAt": "2026-03-26T23:40:12.727Z"
      }
    },
    {
      "type": "Feature",
      "id": 91598,
      "geometry": {
        "type": "Point",
        "coordinates": [
          50.67584966865283,
          33.982180717621446
        ]
      },
      "properties": {
        "name:fa": "اطلاعات سپاه",
        "description": "ساختمان اطلاعات سپاه",
        "date": 1772683066,
        "city": "دلیجان",
        "province": "استان مرکزی",
        "name:en": "IRGC Intelligence",
        "description:en": "IRGC Intelligence building",
        "city:en": "Delijan",
        "province:en": "Markazi",
        "name:ar": "استخبارات الحرس الثوري",
        "description:ar": "مبنى استخبارات الحرس الثوري",
        "city:ar": "دليجان",
        "province:ar": "المركزية",
        "name:he": "מודיעין ספאה",
        "description:he": "בניין מודיעין ספאה",
        "city:he": "דליג'אן",
        "province:he": "מרכזי",
        "id": "MjpiM2ZjNTVmNjhlNTE",
        "publicId": "MjpiM2ZjNTVmNjhlNTE",
        "sourceId": "b3fc55f68e51",
        "layerId": 2,
        "type": "location",
        "status": "active",
        "urgency": null,
        "verificationTag": "not-verified",
        "expirationDate": null,
        "createdAt": "2026-03-05T03:57:46.800Z",
        "updatedAt": "2026-03-26T23:40:12.792Z"
      }
    },
    {
      "type": "Feature",
      "id": 91599,
      "geometry": {
        "type": "Point",
        "coordinates": [
          51.5910823314581,
          30.659213618881935
        ]
      },
      "properties": {
        "name:fa": "اطلاعات سپاه استان",
        "description": "اداره اطلاعات سپاه استان",
        "date": 1772664221,
        "city": "ياسوج",
        "province": "استان کهگیلویه و بویراحمد",
        "name:en": "Provincial IRGC Intelligence",
        "description:en": "Provincial IRGC Intelligence Directorate",
        "city:en": "Yasuj",
        "province:en": "Kohgiluyeh and Boyer-Ahmad",
        "name:ar": "استخبارات الحرس الثوري في المحافظة",
        "description:ar": "إدارة استخبارات الحرس الثوري في المحافظة",
        "city:ar": "ياسوج",
        "province:ar": "كهكيلويه وبوير أحمد",
        "name:he": "מודיעין ספאה המחוזי",
        "description:he": "מנהלת מודיעין ספאה של המחוז",
        "city:he": "יאסוג'",
        "province:he": "כהגילויה ובויראחמד",
        "id": "Mjo2NDNkOTgwNDllYmY",
        "publicId": "Mjo2NDNkOTgwNDllYmY",
        "sourceId": "643d98049ebf",
        "layerId": 2,
        "type": "location",
        "status": "active",
        "urgency": null,
        "verificationTag": "not-verified",
        "expirationDate": null,
        "createdAt": "2026-03-04T22:43:41.962Z",
        "updatedAt": "2026-03-26T23:40:12.857Z"
      }
    },
    {
      "type": "Feature",
      "id": 91600,
      "geometry": {
        "type": "Point",
        "coordinates": [
          49.132353027786934,
          37.54616963660315
        ]
      },
      "properties": {
        "name:fa": "اطلاعات سپاه",
        "description": "ساختمان اطلاعات سپاه",
        "date": 1772655644,
        "city": "رضوانشهر",
        "province": "استان گیلان",
        "name:en": "IRGC Intelligence",
        "description:en": "IRGC Intelligence building",
        "city:en": "Rezvanshahr",
        "province:en": "Gilan",
        "name:ar": "استخبارات الحرس الثوري",
        "description:ar": "مبنى استخبارات الحرس الثوري",
        "city:ar": "رضوان شهر",
        "province:ar": "جيلان",
        "name:he": "מודיעין ספאה",
        "description:he": "בניין מודיעין ספאה",
        "city:he": "רזואנשהר",
        "province:he": "גילאן",
        "id": "MjphOThjNDY5Zjc3ODk",
        "publicId": "MjphOThjNDY5Zjc3ODk",
        "sourceId": "a98c469f7789",
        "layerId": 2,
        "type": "location",
        "status": "active",
        "urgency": null,
        "verificationTag": "not-verified",
        "expirationDate": null,
        "createdAt": "2026-03-04T20:20:44.221Z",
        "updatedAt": "2026-03-26T23:40:12.913Z"
      }
    },
    {
      "type": "Feature",
      "id": 91601,
      "geometry": {
        "type": "Point",
        "coordinates": [
          49.50491185813365,
          37.46269816939399
        ]
      },
      "properties": {
        "name:fa": "اطلاعات سپاه",
        "description": "مقر اطلاعات سپاه",
        "date": 1772605571,
        "city": "بندر انزلی",
        "province": "استان گیلان",
        "name:en": "IRGC Intelligence",
        "description:en": "IRGC Intelligence Headquarters",
        "city:en": "Bandar Anzali",
        "province:en": "Gilan",
        "name:ar": "استخبارات الحرس الثوري",
        "description:ar": "مقر استخبارات الحرس الثوري",
        "city:ar": "بندر انزلي",
        "province:ar": "جيلان",
        "name:he": "מודיעין ספאה",
        "description:he": "מפקדת מודיעין ספאה",
        "province:he": "גילאן",
        "id": "MjozMWUxN2U5YTdmYzQ",
        "publicId": "MjozMWUxN2U5YTdmYzQ",
        "sourceId": "31e17e9a7fc4",
        "layerId": 2,
        "type": "location",
        "status": "active",
        "urgency": null,
        "verificationTag": "not-verified",
        "expirationDate": null,
        "createdAt": "2026-03-04T06:26:11.252Z",
        "updatedAt": "2026-03-26T23:40:12.973Z"
      }
    },
    {
      "type": "Feature",
      "id": 91602,
      "geometry": {
        "type": "Point",
        "coordinates": [
          54.06868686835173,
          36.89101162112961
        ]
      },
      "properties": {
        "name:fa": "اطلاعات سپاه بندرترکمن",
        "description": "اطلاعات سپاه بندرترکمن",
        "date": 1772550361,
        "city": "بندرترکمن",
        "province": "استان گلستان",
        "name:en": "Bandar Torkaman IRGC Intelligence",
        "description:en": "Bandar Torkaman IRGC Intelligence",
        "city:en": "Bandar Torkaman",
        "province:en": "Golestan",
        "name:ar": "استخبارات الحرس الثوري في بندر تركمن",
        "description:ar": "استخبارات الحرس الثوري في بندر تركمن",
        "city:ar": "بندر تركمن",
        "province:ar": "كلستان",
        "name:he": "מודיעין ספאה בנדר תורכמן",
        "description:he": "מודיעין ספאה בנדר תורכמן",
        "city:he": "בנדר תורכמן",
        "province:he": "גולסתאן",
        "id": "MjplY2NjNjMzOWUxMTE",
        "publicId": "MjplY2NjNjMzOWUxMTE",
        "sourceId": "eccc6339e111",
        "layerId": 2,
        "type": "location",
        "status": "active",
        "urgency": null,
        "verificationTag": "not-verified",
        "expirationDate": null,
        "createdAt": "2026-03-03T15:06:01.067Z",
        "updatedAt": "2026-03-26T23:40:13.034Z"
      }
    },
    {
      "type": "Feature",
      "id": 91603,
      "geometry": {
        "type": "Point",
        "coordinates": [
          46.377473949734565,
          35.01725241513458
        ]
      },
      "properties": {
        "name:fa": "اطلاعات سپاه تپه",
        "description": "اطلاعات سپاه تپه دوریسان",
        "date": 1772510339,
        "city": "شهرستان پاوه",
        "province": "استان کرمانشاه",
        "name:en": "Hill IRGC Intelligence",
        "description:en": "IRGC Intelligence of Dorisan Hill",
        "city:en": "Paveh County",
        "province:en": "Kermanshah",
        "name:ar": "استخبارات الحرس الثوري في تل",
        "description:ar": "استخبارات الحرس الثوري في تل دوريسان",
        "province:ar": "كرمانشاه",
        "name:he": "מודיעין ספאה גבעה",
        "description:he": "מודיעין ספאה גבעת דוריסאן",
        "city:he": "פאוה",
        "province:he": "כרמאנשאה",
        "id": "MjowNjcxZjJiMDUyMTk",
        "publicId": "MjowNjcxZjJiMDUyMTk",
        "sourceId": "0671f2b05219",
        "layerId": 2,
        "type": "location",
        "status": "active",
        "urgency": null,
        "verificationTag": "not-verified",
        "expirationDate": null,
        "createdAt": "2026-03-03T03:58:59.286Z",
        "updatedAt": "2026-03-26T23:40:13.106Z"
      }
    },
    {
      "type": "Feature",
      "id": 91604,
      "geometry": {
        "type": "Point",
        "coordinates": [
          51.51555417681794,
          35.675438192352416
        ]
      },
      "properties": {
        "name:fa": "اطلاعات سپاه",
        "description": "اطلاعات سپاه - بازجویی",
        "date": 1772494816,
        "city": "تهران",
        "province": "استان تهران",
        "name:en": "IRGC Intelligence",
        "description:en": "IRGC Intelligence - Interrogation",
        "city:en": "Tehran",
        "province:en": "Tehran",
        "name:ar": "استخبارات الحرس الثوري",
        "description:ar": "استخبارات الحرس الثوري - الاستجواب",
        "city:ar": "طهران",
        "province:ar": "طهران",
        "name:he": "מודיעין משמרות המהפכה",
        "description:he": "מודיעין משמרות המהפכה - חקירות",
        "province:he": "טהראן",
        "id": "MjpiZDBhNTI4MjM2NWY",
        "publicId": "MjpiZDBhNTI4MjM2NWY",
        "sourceId": "bd0a5282365f",
        "layerId": 2,
        "type": "location",
        "status": "active",
        "urgency": null,
        "verificationTag": "not-verified",
        "expirationDate": null,
        "createdAt": "2026-03-02T23:40:16.507Z",
        "updatedAt": "2026-03-26T23:40:13.371Z"
      }
    },
    {
      "type": "Feature",
      "id": 91605,
      "geometry": {
        "type": "Point",
        "coordinates": [
          51.3917934836588,
          32.63627683043292
        ]
      },
      "properties": {
        "city": "نجف‌ آباد",
        "date": 1772440461,
        "name:fa": "اطلاعات سپاه نجف‌آباد",
        "province": "استان اصفهان",
        "description": "اطلاعات سپاه و بسیج نجف آباد",
        "name:en": "Najafabad IRGC Intelligence",
        "description:en": "Najafabad IRGC Intelligence and Basij",
        "city:en": "Najafabad",
        "province:en": "Isfahan",
        "name:ar": "استخبارات الحرس الثوري في نجف آباد",
        "description:ar": "استخبارات الحرس الثوري والبسيج في نجف آباد",
        "city:ar": "نجف آباد",
        "province:ar": "أصفهان",
        "name:he": "מודיעין ספאה נג'פאבאד",
        "description:he": "מודיעין ספאה והבסיג' של נג'פאבאד",
        "city:he": "נג'פאבאד",
        "province:he": "אספהאן",
        "id": "Mjo5MzA3MjYxZTRlOTk",
        "publicId": "Mjo5MzA3MjYxZTRlOTk",
        "sourceId": "9307261e4e99",
        "layerId": 2,
        "type": "location",
        "status": "active",
        "urgency": null,
        "verificationTag": "not-verified",
        "expirationDate": null,
        "createdAt": "2026-03-02T08:34:21.305Z",
        "updatedAt": "2026-04-08T20:32:54.468Z"
      }
    },
    {
      "type": "Feature",
      "id": 91606,
      "geometry": {
        "type": "Point",
        "coordinates": [
          51.32217525323912,
          35.70124972150447
        ]
      },
      "properties": {
        "name:fa": "اطلاعات سپاه",
        "description": "ساختمان اطلاعات سپاه",
        "date": 1772409638,
        "city": "تهران",
        "province": "استان تهران",
        "name:en": "IRGC Intelligence",
        "description:en": "IRGC Intelligence Building",
        "city:en": "Tehran",
        "province:en": "Tehran",
        "name:ar": "استخبارات الحرس الثوري",
        "description:ar": "مبنى استخبارات الحرس الثوري",
        "city:ar": "طهران",
        "province:ar": "طهران",
        "name:he": "מודיעין ספאה",
        "description:he": "בניין מודיעין ספאה",
        "city:he": "טהראן",
        "province:he": "טהראן",
        "id": "MjoxNTM4MGE1M2RiM2Y",
        "publicId": "MjoxNTM4MGE1M2RiM2Y",
        "sourceId": "15380a53db3f",
        "layerId": 2,
        "type": "location",
        "status": "active",
        "urgency": null,
        "verificationTag": "not-verified",
        "expirationDate": null,
        "createdAt": "2026-03-02T00:00:38.512Z",
        "updatedAt": "2026-03-26T23:40:13.504Z"
      }
    },
    {
      "type": "Feature",
      "id": 91607,
      "geometry": {
        "type": "Point",
        "coordinates": [
          51.28242665377249,
          35.736629946611814
        ]
      },
      "properties": {
        "name:fa": "اطلاعات سپاه",
        "description": "مرکز اطلاعات سپاه",
        "date": 1772402203,
        "city": "تهران",
        "province": "استان تهران",
        "name:en": "IRGC Intelligence",
        "description:en": "IRGC Intelligence Center",
        "city:en": "Tehran",
        "province:en": "Tehran",
        "name:ar": "استخبارات الحرس الثوري",
        "description:ar": "مركز استخبارات الحرس الثوري",
        "city:ar": "طهران",
        "province:ar": "طهران",
        "name:he": "מודיעין ספאה",
        "description:he": "מרכז מודיעין ספאה",
        "city:he": "טהראן",
        "province:he": "טהראן",
        "id": "Mjo0M2Q2OWM0MjQ5YWM",
        "publicId": "Mjo0M2Q2OWM0MjQ5YWM",
        "sourceId": "43d69c4249ac",
        "layerId": 2,
        "type": "location",
        "status": "active",
        "urgency": null,
        "verificationTag": "not-verified",
        "expirationDate": null,
        "createdAt": "2026-03-01T21:56:43.052Z",
        "updatedAt": "2026-03-26T23:40:13.573Z"
      }
    },
    {
      "type": "Feature",
      "id": 91608,
      "geometry": {
        "type": "Point",
        "coordinates": [
          51.69444013904774,
          32.708835553356266
        ]
      },
      "properties": {
        "name:fa": "اطلاعات سپاه",
        "description": "پایگاه نظامی  سرکوب بسیج و اطلاعات سپاه",
        "date": 1772225121,
        "city": "اصفهان",
        "province": "استان اصفهان",
        "name:en": "IRGC Intelligence",
        "description:en": "Military suppression base of Basij and IRGC Intelligence",
        "city:en": "Isfahan",
        "province:en": "Isfahan",
        "name:ar": "استخبارات الحرس الثوري",
        "description:ar": "قاعدة عسكرية لقمع البسيج واستخبارات الحرس الثوري",
        "city:ar": "أصفهان",
        "province:ar": "أصفهان",
        "name:he": "מודיעין משמרות המהפכה",
        "description:he": "בסיס צבאי לדיכוי של הבסיג' ומודיעין משמרות המהפכה",
        "city:he": "אספהאן",
        "province:he": "אספהאן",
        "id": "Mjo3NGI5ZTNmZjc5OWE",
        "publicId": "Mjo3NGI5ZTNmZjc5OWE",
        "sourceId": "74b9e3ff799a",
        "layerId": 2,
        "type": "location",
        "status": "active",
        "urgency": null,
        "verificationTag": "not-verified",
        "expirationDate": null,
        "createdAt": "2026-02-27T20:45:21.212Z",
        "updatedAt": "2026-03-26T23:40:13.635Z"
      }
    },
    {
      "type": "Feature",
      "id": 91609,
      "geometry": {
        "type": "Point",
        "coordinates": [
          59.2360193333995,
          32.867738421576576
        ]
      },
      "properties": {
        "city": "بيرجند",
        "date": 1772221335,
        "name:fa": "اطلاعات سپاه",
        "province": "استان خراسان جنوبی",
        "description": "مرکز اطلاعات سپاه بیرجند",
        "name:en": "IRGC Intelligence",
        "description:en": "Birjand IRGC Intelligence Center",
        "city:en": "Birjand",
        "province:en": "South Khorasan",
        "name:ar": "استخبارات الحرس الثوري",
        "description:ar": "مركز استخبارات الحرس الثوري في بيرجند",
        "city:ar": "بيرجند",
        "province:ar": "خراسان الجنوبية",
        "name:he": "מודיעין ספאה",
        "description:he": "מרכז מודיעין ספאה בבירג'נד",
        "city:he": "בירג'נד",
        "province:he": "ח'וראסאן הדרומית",
        "id": "MjoxOWQzZTMyOTMwYmQ",
        "publicId": "MjoxOWQzZTMyOTMwYmQ",
        "sourceId": "19d3e32930bd",
        "layerId": 2,
        "type": "location",
        "status": "active",
        "urgency": null,
        "verificationTag": "not-verified",
        "expirationDate": null,
        "createdAt": "2026-02-27T19:42:15.697Z",
        "updatedAt": "2026-04-08T20:49:25.344Z"
      }
    },
    {
      "type": "Feature",
      "id": 91610,
      "geometry": {
        "type": "Point",
        "coordinates": [
          54.43324369396518,
          36.83973366359652
        ]
      },
      "properties": {
        "name:fa": "اطلاعات سپاه برای",
        "description": "منسوب به سپاه ناحیه ؛ مجمع نیروهای بسیجی و اطلاعات سپاه برای سازماندهی ؛ تونل قدیمی زیر عمارت آقا محمد خان از اینجا هم ورودی داره تا زیر کاخ محمد رضاشاه که الان موزه هستش و در جنوب این محوطه قرار داره",
        "date": 1772190296,
        "city": "گرگان",
        "province": "استان گلستان",
        "name:en": "IRGC Intelligence",
        "description:en": "Attributed to the district IRGC; assembly site for Basij forces and IRGC Intelligence for organization; an old tunnel under the Agha Mohammad Khan mansion also has an entrance from here leading under the Mohammad Reza Shah Palace, which is currently a museum located to the south of this area.",
        "city:en": "Gorgan",
        "province:en": "Golestan",
        "name:ar": "استخبارات الحرس الثوري لـ",
        "description:ar": "يتبع لحرس المنطقة؛ مجمع لقوات البسيج واستخبارات الحرس الثوري للتنظيم؛ كما أن النفق القديم تحت عمارة آقا محمد خان له مدخل من هنا يمتد حتى أسفل قصر محمد رضا شاه الذي أصبح الآن متحفاً ويقع في جنوب هذه المنطقة",
        "city:ar": "جرجان",
        "province:ar": "كلستان",
        "name:he": "מודיעין ספאה",
        "description:he": "משויך לספאה המרחבי; מכלול כוחות בסיג' ומודיעין ספאה לארגון; למנהרה הישנה תחת אחוזת אגא מוחמד ח'אן יש כניסה גם מכאן ועד מתחת לארמון מוחמד רזא שאה, שמשמש כיום כמוזיאון ונמצא בדרום מתחם זה",
        "city:he": "גורגאן",
        "province:he": "גולסתאן",
        "id": "Mjo2YzI4MDYyZTlkYWM",
        "publicId": "Mjo2YzI4MDYyZTlkYWM",
        "sourceId": "6c28062e9dac",
        "layerId": 2,
        "type": "location",
        "status": "active",
        "urgency": null,
        "verificationTag": "not-verified",
        "expirationDate": null,
        "createdAt": "2026-02-27T11:04:56.940Z",
        "updatedAt": "2026-03-26T23:40:13.755Z"
      }
    },
    {
      "type": "Feature",
      "id": 91611,
      "geometry": {
        "type": "Point",
        "coordinates": [
          52.520913990529806,
          29.596698993493234
        ]
      },
      "properties": {
        "city": "شیراز",
        "date": 1771624128,
        "name:fa": "اطلاعات سپاه",
        "province": "استان فارس",
        "description": "پلاک ۱۰۰ اطلاعات سپاه شیراز",
        "name:en": "IRGC Intelligence",
        "description:en": "Plaque 100 of Shiraz IRGC Intelligence",
        "city:en": "Shiraz",
        "province:en": "Fars",
        "name:ar": "استخبارات الحرس الثوري",
        "description:ar": "المبنى رقم 100 استخبارات الحرس الثوري في شيراز",
        "city:ar": "شيراز",
        "province:ar": "فارس",
        "name:he": "מודיעין ספאה",
        "description:he": "פלאק 100 של מודיעין ספאה בשיראז",
        "city:he": "שיראז",
        "province:he": "פארס",
        "id": "MjplYmQxNWEzNDA0YmU",
        "publicId": "MjplYmQxNWEzNDA0YmU",
        "sourceId": "ebd15a3404be",
        "layerId": 2,
        "type": "location",
        "status": "active",
        "urgency": null,
        "verificationTag": "not-verified",
        "expirationDate": null,
        "createdAt": "2026-02-20T21:48:48.365Z",
        "updatedAt": "2026-04-08T20:49:25.345Z"
      }
    },
    {
      "type": "Feature",
      "id": 91612,
      "geometry": {
        "type": "Point",
        "coordinates": [
          52.53306580779241,
          29.622410875806807
        ]
      },
      "properties": {
        "name:fa": "اطلاعات سپاه فارس",
        "description": "اطلاعات سپاه فارس",
        "date": 1771624046,
        "city": "شیراز",
        "province": "استان فارس",
        "name:en": "Fars IRGC Intelligence",
        "description:en": "Fars IRGC Intelligence",
        "city:en": "Shiraz",
        "province:en": "Fars",
        "name:ar": "استخبارات الحرس الثوري في فارس",
        "description:ar": "استخبارات الحرس الثوري في فارس",
        "city:ar": "شيراز",
        "province:ar": "فارس",
        "name:he": "מודיעין ספאה פארס",
        "description:he": "מודיעין ספאה פארס",
        "city:he": "שיראז",
        "province:he": "פארס",
        "id": "Mjo4MjM1YWNiMjZhZTI",
        "publicId": "Mjo4MjM1YWNiMjZhZTI",
        "sourceId": "8235acb26ae2",
        "layerId": 2,
        "type": "location",
        "status": "active",
        "urgency": null,
        "verificationTag": "not-verified",
        "expirationDate": null,
        "createdAt": "2026-02-20T21:47:26.023Z",
        "updatedAt": "2026-03-26T23:40:13.896Z"
      }
    },
    {
      "type": "Feature",
      "id": 91613,
      "geometry": {
        "type": "Point",
        "coordinates": [
          51.11186444117155,
          35.68609018527026
        ]
      },
      "properties": {
        "name:fa": "اطلاعات سپاه شهرستان",
        "description": "ساختمان اطلاعات سپاه شهرستان قدس",
        "date": 1771617396,
        "city": "قدس",
        "province": "استان تهران",
        "name:en": "District IRGC Intelligence",
        "description:en": "IRGC Intelligence Building of Qods County",
        "city:en": "Qods",
        "province:en": "Tehran",
        "name:ar": "استخبارات الحرس الثوري للمقاطعة",
        "description:ar": "مبنى استخبارات الحرس الثوري في مقاطعة قدس",
        "city:ar": "قدس",
        "province:ar": "طهران",
        "name:he": "מודיעין ספאה של מחוז המשנה",
        "description:he": "בניין מודיעין ספאה של מחוז משנה קודס",
        "city:he": "קודס",
        "province:he": "טהראן",
        "id": "MjpjZTUyMmNlZDQ1YzA",
        "publicId": "MjpjZTUyMmNlZDQ1YzA",
        "sourceId": "ce522ced45c0",
        "layerId": 2,
        "type": "location",
        "status": "active",
        "urgency": null,
        "verificationTag": "not-verified",
        "expirationDate": null,
        "createdAt": "2026-02-20T19:56:36.184Z",
        "updatedAt": "2026-03-26T23:40:13.953Z"
      }
    },
    {
      "type": "Feature",
      "id": 91614,
      "geometry": {
        "type": "Point",
        "coordinates": [
          51.41428831049035,
          35.70370265975022
        ]
      },
      "properties": {
        "name:fa": "اطلاعات سپاه",
        "description": "مرکز اطلاعات سپاه",
        "date": 1771495545,
        "city": "تهران",
        "province": "استان تهران",
        "name:en": "IRGC Intelligence",
        "description:en": "IRGC Intelligence Center",
        "city:en": "Tehran",
        "province:en": "Tehran",
        "name:ar": "استخبارات الحرس الثوري",
        "description:ar": "مركز استخبارات الحرس الثوري",
        "city:ar": "طهران",
        "province:ar": "طهران",
        "name:he": "מודיעין משמרות המהפכה",
        "description:he": "מרכז המודיעין של משמרות המהפכה",
        "province:he": "טהראן",
        "id": "Mjo0OWY0ZDU4NDI1Zjk",
        "publicId": "Mjo0OWY0ZDU4NDI1Zjk",
        "sourceId": "49f4d58425f9",
        "layerId": 2,
        "type": "location",
        "status": "active",
        "urgency": null,
        "verificationTag": "not-verified",
        "expirationDate": null,
        "createdAt": "2026-02-19T10:05:45.578Z",
        "updatedAt": "2026-03-26T23:40:14.229Z"
      }
    },
    {
      "type": "Feature",
      "id": 91615,
      "geometry": {
        "type": "Point",
        "coordinates": [
          51.41945511141245,
          35.703775059307816
        ]
      },
      "properties": {
        "name:fa": "اطلاعات سپاه",
        "description": "ساختمان اطلاعات سپاه",
        "date": 1771495236,
        "city": "تهران",
        "province": "استان تهران",
        "name:en": "IRGC Intelligence",
        "description:en": "IRGC Intelligence Building",
        "city:en": "Tehran",
        "province:en": "Tehran",
        "name:ar": "استخبارات الحرس الثوري",
        "description:ar": "مبنى استخبارات الحرس الثوري",
        "city:ar": "طهران",
        "province:ar": "طهران",
        "name:he": "מודיעין משמרות המהפכה",
        "description:he": "בניין מודיעין משמרות המהפכה",
        "province:he": "טהראן",
        "id": "MjoxMjQ3ZTMxMzA3NTk",
        "publicId": "MjoxMjQ3ZTMxMzA3NTk",
        "sourceId": "1247e3130759",
        "layerId": 2,
        "type": "location",
        "status": "active",
        "urgency": null,
        "verificationTag": "not-verified",
        "expirationDate": null,
        "createdAt": "2026-02-19T10:00:36.407Z",
        "updatedAt": "2026-03-26T23:40:14.297Z"
      }
    },
    {
      "type": "Feature",
      "id": 91616,
      "geometry": {
        "type": "Point",
        "coordinates": [
          48.832679345781685,
          38.404143156066795
        ]
      },
      "properties": {
        "city": "شهرستان آستارا",
        "date": 1771305884,
        "name:fa": "اطلاعات سپاه",
        "province": "استان گیلان",
        "description": "پایگاه اطلاعات سپاه آستارا . دهستان ویرمونی بالای جنگل",
        "name:en": "IRGC Intelligence",
        "description:en": "Astara IRGC Intelligence Base. Virmuni Rural District, above the forest.",
        "city:en": "Astara",
        "province:en": "Gilan",
        "name:ar": "استخبارات الحرس الثوري",
        "description:ar": "قاعدة استخبارات الحرس الثوري في آستارا، قرية ويرموني فوق الغابة",
        "city:ar": "آستارا",
        "province:ar": "جيلان",
        "name:he": "מודיעין ספאה",
        "city:he": "אסטארה",
        "province:he": "גילאן",
        "id": "MjowMWNkNWY2YzUzYTE",
        "publicId": "MjowMWNkNWY2YzUzYTE",
        "sourceId": "01cd5f6c53a1",
        "layerId": 2,
        "type": "location",
        "status": "active",
        "urgency": null,
        "verificationTag": "not-verified",
        "expirationDate": null,
        "createdAt": "2026-02-17T05:24:44.106Z",
        "updatedAt": "2026-04-08T20:49:25.347Z"
      }
    },
    {
      "type": "Feature",
      "id": 91617,
      "geometry": {
        "type": "Point",
        "coordinates": [
          50.97805696603129,
          35.86778088201309
        ]
      },
      "properties": {
        "city": "کرج",
        "date": 1772742600,
        "name:fa": "وزارت اطلاعات گوهردشت",
        "province": "استان البرز",
        "description": "به نام زندان گوهردشت بود اما وزارت اطلاعات اینجا مکان داره",
        "unofficial_name:fa": "",
        "name:en": "Gohardasht Ministry of Intelligence",
        "description:en": "It was named Gohardasht Prison, but the Ministry of Intelligence has a facility here.",
        "city:en": "Karaj",
        "province:en": "Alborz",
        "name:ar": "وزارة الاستخبارات في كوهر دشت",
        "description:ar": "كان يُعرف باسم سجن كوهر دشت، لكن وزارة الاستخبارات لديها مقر هنا",
        "city:ar": "كرج",
        "province:ar": "ألبرز",
        "name:he": "משרד המודיעין גוהארדשת",
        "description:he": "זה נקרא כלא גוהארדשת, אך למשרד המודיעין יש כאן מתקן",
        "city:he": "כרג'",
        "province:he": "אלבורז",
        "id": "MjpkZmZmNjUzNDlkOGU",
        "publicId": "MjpkZmZmNjUzNDlkOGU",
        "sourceId": "dfff65349d8e",
        "layerId": 2,
        "type": "location",
        "status": "active",
        "urgency": null,
        "verificationTag": "not-verified",
        "expirationDate": null,
        "createdAt": "2026-03-26T08:10:57.473Z",
        "updatedAt": "2026-04-08T19:39:30.351Z"
      }
    },
    {
      "type": "Feature",
      "id": 91618,
      "geometry": {
        "type": "Point",
        "coordinates": [
          52.53235887001668,
          29.648351693579144
        ]
      },
      "properties": {
        "city": "شیراز",
        "date": 1774473422,
        "name:fa": "اطلاعات استان فارس",
        "province": "استان فارس",
        "description": "اداره اطلاعات و امنیت استان فارس",
        "name:en": "Fars Province Intelligence",
        "description:en": "Fars Province Intelligence and Security Department",
        "city:en": "Shiraz",
        "province:en": "Fars",
        "name:ar": "استخبارات محافظة فارس",
        "description:ar": "إدارة الاستخبارات والأمن بمحافظة فارس",
        "city:ar": "شيرات",
        "province:ar": "فارس",
        "name:he": "המודיעין של מחוז פארס",
        "description:he": "מנהלת המודיעין והביטחון של מחוז פארס",
        "city:he": "שיראז",
        "province:he": "פארס",
        "id": "Mjo0ZmI0ZGFhNDIzYWI",
        "publicId": "Mjo0ZmI0ZGFhNDIzYWI",
        "sourceId": "4fb4daa423ab",
        "layerId": 2,
        "type": "location",
        "status": "active",
        "urgency": null,
        "verificationTag": "not-verified",
        "expirationDate": null,
        "createdAt": "2026-03-25T21:17:02.431Z",
        "updatedAt": "2026-04-08T19:37:27.175Z"
      }
    },
    {
      "type": "Feature",
      "id": 91619,
      "geometry": {
        "type": "Point",
        "coordinates": [
          60.84168102973803,
          29.45313333627935
        ]
      },
      "properties": {
        "city": "زاهدان",
        "date": 1774436479,
        "name:fa": "اداره اطلاعات",
        "province": "استان سیستان و بلوچستان",
        "description": "اداره اطلاعات زاهدان سیستان و بلوچستان",
        "name:en": "Intelligence Office",
        "description:en": "Zahedan Intelligence Office, Sistan and Baluchestan",
        "city:en": "Zahedan",
        "province:en": "Sistan and Baluchestan",
        "name:ar": "إدارة الاستخبارات",
        "description:ar": "إدارة استخبارات زاهدان، سيستان وبلوشستان",
        "city:ar": "زاهدان",
        "province:ar": "سيستان وبلوشستان",
        "name:he": "מנהלת המודיעין",
        "description:he": "מנהלת המודיעין של זאהדאן, סיסטאאן ובלוצ'סתאן",
        "city:he": "זאהדאן",
        "province:he": "סיסתאן ובלוצ'יסתאן",
        "id": "MjpkODFiOGFmMzBjYjQ",
        "publicId": "MjpkODFiOGFmMzBjYjQ",
        "sourceId": "d81b8af30cb4",
        "layerId": 2,
        "type": "location",
        "status": "active",
        "urgency": null,
        "verificationTag": "not-verified",
        "expirationDate": null,
        "createdAt": "2026-03-25T11:01:19.359Z",
        "updatedAt": "2026-04-08T20:49:25.349Z"
      }
    },
    {
      "type": "Feature",
      "id": 91620,
      "geometry": {
        "type": "Point",
        "coordinates": [
          51.43249278652772,
          35.585657680394974
        ]
      },
      "properties": {
        "name:fa": "اداره اطلاعات شهرری",
        "description": "اداره اطلاعات شهرری",
        "date": 1774400290,
        "city": "ری",
        "province": "استان تهران",
        "name:en": "Shahr-e Ray Intelligence Office",
        "description:en": "Shahr-e Ray Intelligence Office",
        "city:en": "Ray",
        "province:en": "Tehran",
        "name:ar": "إدارة استخبارات شهرري",
        "description:ar": "إدارة استخبارات شهرري",
        "city:ar": "ري",
        "province:ar": "طهران",
        "name:he": "מנהלת המודיעין של שהר-א-רי",
        "description:he": "מנהלת המודיעין של שהר-א-רי",
        "city:he": "רי",
        "province:he": "טהראן",
        "id": "MjoxNGZkM2EwMjViMDM",
        "publicId": "MjoxNGZkM2EwMjViMDM",
        "sourceId": "14fd3a025b03",
        "layerId": 2,
        "type": "location",
        "status": "active",
        "urgency": null,
        "verificationTag": "not-verified",
        "expirationDate": null,
        "createdAt": "2026-03-25T00:58:10.732Z",
        "updatedAt": "2026-03-26T23:40:14.527Z"
      }
    },
    {
      "type": "Feature",
      "id": 91623,
      "geometry": {
        "type": "Point",
        "coordinates": [
          51.282581273272996,
          35.736610572301146
        ]
      },
      "properties": {
        "name:fa": "وزارت اطلاعات",
        "description": "اینجا قبلا زمین خالی بود،الان ساختمان نظامی هست،مربوط به وزارت اطلاعات",
        "date": 1774246011,
        "city": "تهران",
        "province": "استان تهران",
        "name:en": "Ministry of Intelligence",
        "description:en": "This used to be an empty lot, now it is a military building belonging to the Ministry of Intelligence.",
        "city:en": "Tehran",
        "province:en": "Tehran",
        "name:ar": "وزارة الاستخبارات",
        "description:ar": "كان هذا المكان سابقاً أرضاً خالية، والآن هو مبنى عسكري تابع لوزارة الاستخبارات",
        "city:ar": "طهران",
        "province:ar": "طهران",
        "name:he": "משרד המודיעין",
        "description:he": "המקום הזה היה בעבר שטח ריק, כעת יש בו מבנה צבאי השייך למשרד המודיעין",
        "city:he": "טהראן",
        "province:he": "טהראן",
        "id": "Mjo3YzAwZDRiODRhMWI",
        "publicId": "Mjo3YzAwZDRiODRhMWI",
        "sourceId": "7c00d4b84a1b",
        "layerId": 2,
        "type": "location",
        "status": "active",
        "urgency": null,
        "verificationTag": "not-verified",
        "expirationDate": null,
        "createdAt": "2026-03-23T06:06:51.239Z",
        "updatedAt": "2026-03-26T23:40:14.700Z"
      }
    },
    {
      "type": "Feature",
      "id": 91624,
      "geometry": {
        "type": "Point",
        "coordinates": [
          51.28252030002193,
          35.736946011458755
        ]
      },
      "properties": {
        "name:fa": "ساختمان وزارت اطلاعات",
        "description": "اینجا قبلا زمین خالی بود الان ساختمان وزارت اطلاعاته با دیوارهای بسیار بلند عجیبه که تا الان کاریش نداشتن،میشه علامه جعفری نبش بلوار الهام بترکوننش مفت خورهای کثافت رو",
        "date": 1774198943,
        "city": "تهران",
        "province": "استان تهران",
        "name:en": "Ministry of Intelligence Building",
        "description:en": "This used to be an empty lot, now it is the Ministry of Intelligence building with very high walls. Strange that they haven't done anything to it until now. It's at Allameh Jafari, corner of Elham Boulevard, blow up these dirty freeloaders.",
        "city:en": "Tehran",
        "province:en": "Tehran",
        "name:ar": "مبنى وزارة الاستخبارات",
        "description:ar": "كان هذا المكان سابقاً أرضاً خالية، والآن هو مبنى وزارة الاستخبارات بجدران عالية جداً. من الغريب أنه لم يتم استهدافه حتى الآن، يقع عند العلامة جعفري على ناصية شارع إلهام ليتم تفجير هؤلاء الطفيليين القذرين",
        "city:ar": "طهران",
        "province:ar": "طهران",
        "name:he": "בניין משרד המודיעין",
        "description:he": "כאן הייתה בעבר אדמה ריקה, עכשיו זה בניין משרד המודיעין עם חומות גבוהות מאוד. מוזר שעד עכשיו לא עשו עם זה כלום, זה נמצא באלמה ג'עפרי פינת שדרות אלהאם, שייפוצצו את הפרזיטים המטונפים האלה",
        "city:he": "טהראן",
        "province:he": "טהראן",
        "id": "Mjo4NDUwZTljZmM2YjE",
        "publicId": "Mjo4NDUwZTljZmM2YjE",
        "sourceId": "8450e9cfc6b1",
        "layerId": 2,
        "type": "location",
        "status": "active",
        "urgency": null,
        "verificationTag": "not-verified",
        "expirationDate": null,
        "createdAt": "2026-03-22T17:02:23.831Z",
        "updatedAt": "2026-03-26T23:40:14.755Z"
      }
    },
    {
      "type": "Feature",
      "id": 91625,
      "geometry": {
        "type": "Point",
        "coordinates": [
          44.45253705497686,
          39.29586548281682
        ]
      },
      "properties": {
        "city": "ماكو",
        "date": 1774022729,
        "name:fa": "اداره اطلاعات",
        "province": "استان آذربایجان غربی",
        "description": "اداره اطلاعات ماکو",
        "name:en": "Intelligence Office",
        "description:en": "Maku Intelligence Office",
        "city:en": "Maku",
        "province:en": "West Azerbaijan",
        "name:ar": "إدارة الاستخبارات",
        "description:ar": "إدارة استخبارات ماكو",
        "city:ar": "ماكو",
        "province:ar": "أذربيجان الغربية",
        "name:he": "מנהלת המודיעין",
        "description:he": "מנהלת המודיעין של מאכו",
        "city:he": "מאכו",
        "province:he": "אזרבייג'ן המערבית",
        "id": "Mjo0MDEyZjlhODZhNGQ",
        "publicId": "Mjo0MDEyZjlhODZhNGQ",
        "sourceId": "4012f9a86a4d",
        "layerId": 2,
        "type": "location",
        "status": "active",
        "urgency": null,
        "verificationTag": "not-verified",
        "expirationDate": null,
        "createdAt": "2026-03-20T16:05:29.835Z",
        "updatedAt": "2026-10-05T09:51:46.556Z"
      }
    },
    {
      "type": "Feature",
      "id": 91626,
      "geometry": {
        "type": "Point",
        "coordinates": [
          51.043393343273095,
          35.683235711365185
        ]
      },
      "properties": {
        "city": "شهریار",
        "date": 1773692258,
        "name:fa": "اداره اطلاعات",
        "province": "استان تهران",
        "description": "اداره اطلاعات شهرستان شهریار",
        "name:en": "Intelligence Office",
        "description:en": "Shahriar County Intelligence Office",
        "city:en": "Shahriar",
        "province:en": "Tehran",
        "name:ar": "إدارة الاستخبارات",
        "description:ar": "إدارة استخبارات مقاطعة شهريار",
        "city:ar": "شهريار",
        "province:ar": "طهران",
        "name:he": "מנהלת המודיעין",
        "description:he": "מנהלת המודיעין של נפת שהריאר",
        "city:he": "שהריאר",
        "province:he": "טהראן",
        "id": "MjplNjkyMjY5ZmRmYWQ",
        "publicId": "MjplNjkyMjY5ZmRmYWQ",
        "sourceId": "e692269fdfad",
        "layerId": 2,
        "type": "location",
        "status": "active",
        "urgency": null,
        "verificationTag": "not-verified",
        "expirationDate": null,
        "createdAt": "2026-03-16T20:17:38.141Z",
        "updatedAt": "2026-04-08T20:49:25.352Z"
      }
    },
    {
      "type": "Feature",
      "id": 91627,
      "geometry": {
        "type": "Point",
        "coordinates": [
          57.0057727257425,
          30.27533966384516
        ]
      },
      "properties": {
        "name:fa": "وزارت اطلاعات",
        "description": "یکی از ساختمان های وزارت اطلاعات",
        "date": 1773586349,
        "city": "کرمان",
        "province": "استان کرمان",
        "name:en": "Ministry of Intelligence",
        "description:en": "One of the Ministry of Intelligence buildings",
        "city:en": "Kerman",
        "province:en": "Kerman",
        "name:ar": "وزارة الاستخبارات",
        "description:ar": "أحد مباني وزارة الاستخبارات",
        "city:ar": "كرمان",
        "province:ar": "كرمان",
        "name:he": "משרד המודיעין",
        "description:he": "אחד מבנייני משרד המודיעין",
        "city:he": "כרמאן",
        "province:he": "כרמאן",
        "id": "MjphZjY5NWE3OGZjNDI",
        "publicId": "MjphZjY5NWE3OGZjNDI",
        "sourceId": "af695a78fc42",
        "layerId": 2,
        "type": "location",
        "status": "active",
        "urgency": null,
        "verificationTag": "not-verified",
        "expirationDate": null,
        "createdAt": "2026-03-15T14:52:29.742Z",
        "updatedAt": "2026-03-26T23:40:15.144Z"
      }
    },
    {
      "type": "Feature",
      "id": 91628,
      "geometry": {
        "type": "Point",
        "coordinates": [
          57.06689016760589,
          30.30649914421052
        ]
      },
      "properties": {
        "city": "کرمان",
        "date": 1773586164,
        "name:fa": "اداره اطلاعات",
        "province": "استان کرمان",
        "description": "ساختمان اداره اطلاعات کرمان",
        "name:en": "Intelligence Office",
        "description:en": "Kerman Intelligence Office building",
        "city:en": "Kerman",
        "province:en": "Kerman",
        "name:ar": "إدارة الاستخبارات",
        "description:ar": "مبنى إدارة استخبارات كرمان",
        "city:ar": "كرمان",
        "province:ar": "كرمان",
        "name:he": "מנהלת המודיעין",
        "description:he": "בניין מנהלת המודיעין של כרמאן",
        "city:he": "כרמאן",
        "province:he": "כרמאן",
        "id": "MjplZDg3MjgyNjVkNDg",
        "publicId": "MjplZDg3MjgyNjVkNDg",
        "sourceId": "ed8728265d48",
        "layerId": 2,
        "type": "location",
        "status": "active",
        "urgency": null,
        "verificationTag": "not-verified",
        "expirationDate": null,
        "createdAt": "2026-03-15T14:49:24.365Z",
        "updatedAt": "2026-04-08T20:49:25.354Z"
      }
    },
    {
      "type": "Feature",
      "id": 91629,
      "geometry": {
        "type": "Point",
        "coordinates": [
          49.226352013639456,
          36.149675498767266
        ]
      },
      "properties": {
        "name:fa": "اداره اطلاعات ابهر",
        "description": "اداره اطلاعات ابهر نظامی-اطلاعاتی سپاه",
        "date": 1773580677,
        "city": "ابهر",
        "province": "استان زنجان",
        "name:en": "Abhar Intelligence Office",
        "description:en": "Abhar Intelligence Office, IRGC military-intelligence",
        "city:en": "Abhar",
        "province:en": "Zanjan",
        "name:ar": "إدارة استخبارات ابهر",
        "description:ar": "إدارة استخبارات ابهر العسكرية-الاستخبارية التابعة للحرس الثوري",
        "city:ar": "ابهر",
        "province:ar": "زنجان",
        "name:he": "מנהלת המודיעין של אבהאר",
        "description:he": "מנהלת המודיעין של אבהאר הצבאית-מודיעינית של משמרות המהפכה",
        "city:he": "אבהאר",
        "province:he": "זנג'אן",
        "id": "MjplN2VjNDA4NDE0ZjA",
        "publicId": "MjplN2VjNDA4NDE0ZjA",
        "sourceId": "e7ec408414f0",
        "layerId": 2,
        "type": "location",
        "status": "active",
        "urgency": null,
        "verificationTag": "not-verified",
        "expirationDate": null,
        "createdAt": "2026-03-15T13:17:57.330Z",
        "updatedAt": "2026-03-26T23:40:15.270Z"
      }
    },
    {
      "type": "Feature",
      "id": 91630,
      "geometry": {
        "type": "Point",
        "coordinates": [
          48.549854080712265,
          36.664232443872635
        ]
      },
      "properties": {
        "name:fa": "وزارت اطلاعات",
        "description": "یکی از بزرگترین پایگاه های بسیج در شرق شهر زنجان. شامل تعداد زیادی از پاسداران، طلبه ها و اعضای وزارت اطلاعات",
        "date": 1773427518,
        "city": "زنجان",
        "province": "استان زنجان",
        "name:en": "Ministry of Intelligence",
        "description:en": "One of the largest Basij bases in the east of Zanjan city. Includes a large number of IRGC members, seminary students, and members of the Ministry of Intelligence.",
        "city:en": "Zanjan",
        "province:en": "Zanjan",
        "name:ar": "وزارة الاستخبارات",
        "description:ar": "إحدى أكبر قواعد البسيج في شرق مدينة زنجان، تضم عدداً كبيراً من الحراس والطلاب الدينيين وأعضاء وزارة الاستخبارات",
        "city:ar": "زنجان",
        "province:ar": "زنجان",
        "name:he": "משרד המודיעין",
        "description:he": "אחד מבסיסי הבסיג' הגדולים במזרח העיר זנג'אן. כולל מספר רב של אנשי משמרות המהפכה, תלמידי דת וחברי משרד המודיעין.",
        "city:he": "זנג'אן",
        "province:he": "זנג'אן",
        "id": "MjoxYTZjZTk4NGUwZmQ",
        "publicId": "MjoxYTZjZTk4NGUwZmQ",
        "sourceId": "1a6ce984e0fd",
        "layerId": 2,
        "type": "location",
        "status": "active",
        "urgency": null,
        "verificationTag": "not-verified",
        "expirationDate": null,
        "createdAt": "2026-03-13T18:45:18.114Z",
        "updatedAt": "2026-03-26T23:40:15.336Z"
      }
    },
    {
      "type": "Feature",
      "id": 91631,
      "geometry": {
        "type": "Point",
        "coordinates": [
          53.03874780383299,
          36.55524559491511
        ]
      },
      "properties": {
        "name:fa": "وزارت اطلاعات مازندران",
        "description": "سازمان وزارت اطلاعات مازندران",
        "date": 1773243860,
        "city": "ساری",
        "province": "استان مازندران",
        "name:en": "Mazandaran Ministry of Intelligence",
        "description:en": "Mazandaran Ministry of Intelligence Organization",
        "city:en": "Sari",
        "province:en": "Mazandaran",
        "name:ar": "وزارة الاستخبارات في مازندران",
        "description:ar": "منظمة وزارة الاستخبارات في مازندران",
        "city:ar": "ساري",
        "province:ar": "مازندران",
        "name:he": "משרד המודיעין של מאזנדראן",
        "description:he": "ארגון משרד המודיעין של מאזנדראן",
        "city:he": "סארי",
        "province:he": "מאזנדראן",
        "id": "MjplODlhM2RmNzQ5ZmU",
        "publicId": "MjplODlhM2RmNzQ5ZmU",
        "sourceId": "e89a3df749fe",
        "layerId": 2,
        "type": "location",
        "status": "active",
        "urgency": null,
        "verificationTag": "not-verified",
        "expirationDate": null,
        "createdAt": "2026-03-11T15:44:20.787Z",
        "updatedAt": "2026-03-26T23:40:15.399Z"
      }
    },
    {
      "type": "Feature",
      "id": 91632,
      "geometry": {
        "type": "Point",
        "coordinates": [
          47.04886301845991,
          38.4668362143135
        ]
      },
      "properties": {
        "name:fa": "وزارت اطلاعات اهر",
        "description": "وزارت اطلاعات شهرستان اهر",
        "date": 1772909021,
        "city": "اهر",
        "province": "استان آذربایجان شرقی",
        "name:en": "Ahar Ministry of Intelligence",
        "description:en": "Ministry of Intelligence of Ahar County",
        "city:en": "Ahar",
        "province:en": "East Azerbaijan",
        "name:ar": "وزارة الاستخبارات في اهر",
        "description:ar": "وزارة الاستخبارات في مقاطعة اهر",
        "city:ar": "اهر",
        "province:ar": "أذربيجان الشرقية",
        "name:he": "משרד המודיעין באהר",
        "description:he": "משרד המודיעין של מחוז משנה אהר",
        "city:he": "אהר",
        "province:he": "אזרבייג'ן המזרחית",
        "id": "MjpkMTg3N2VhZDNlODg",
        "publicId": "MjpkMTg3N2VhZDNlODg",
        "sourceId": "d1877ead3e88",
        "layerId": 2,
        "type": "location",
        "status": "active",
        "urgency": null,
        "verificationTag": "not-verified",
        "expirationDate": null,
        "createdAt": "2026-03-07T18:43:41.906Z",
        "updatedAt": "2026-03-26T23:40:15.462Z"
      }
    },
    {
      "type": "Feature",
      "id": 91633,
      "geometry": {
        "type": "Point",
        "coordinates": [
          46.101854635099556,
          36.96156403704809
        ]
      },
      "properties": {
        "name:fa": "اداره اطلاعات",
        "description": "اداره اطلاعات شهر",
        "date": 1772789271,
        "city": "مياندوآب",
        "province": "استان آذربایجان غربی",
        "name:en": "Intelligence Department",
        "description:en": "City Intelligence Department",
        "city:en": "Miandoab",
        "province:en": "West Azerbaijan",
        "name:ar": "إدارة الاستخبارات",
        "description:ar": "إدارة استخبارات المدينة",
        "city:ar": "مياندوآب",
        "province:ar": "أذربيجان الغربية",
        "name:he": "מנהלת המודיעין",
        "description:he": "מנהלת המודיעין של העיר",
        "city:he": "מיאנדואב",
        "province:he": "אזרבייג'ן המערבית",
        "id": "MjpjY2M5MDUzNWI5M2U",
        "publicId": "MjpjY2M5MDUzNWI5M2U",
        "sourceId": "ccc90535b93e",
        "layerId": 2,
        "type": "location",
        "status": "active",
        "urgency": null,
        "verificationTag": "not-verified",
        "expirationDate": null,
        "createdAt": "2026-03-06T09:27:51.728Z",
        "updatedAt": "2026-03-26T23:40:15.521Z"
      }
    },
    {
      "type": "Feature",
      "id": 91634,
      "geometry": {
        "type": "Point",
        "coordinates": [
          48.50528518057001,
          34.78595633801861
        ]
      },
      "properties": {
        "city": "همدان",
        "date": 1772766841,
        "name:fa": "اداره اطلاعات",
        "province": "استان همدان",
        "description": "اداره اطلاعات استان همدان",
        "name:en": "Intelligence Department",
        "description:en": "Hamadan Province Intelligence Department",
        "city:en": "Hamadan",
        "province:en": "Hamadan",
        "name:ar": "إدارة الاستخبارات",
        "description:ar": "إدارة استخبارات محافظة همدان",
        "city:ar": "همدان",
        "province:ar": "همدان",
        "name:he": "מנהלת המודיעין",
        "description:he": "מנהלת המודיעין של מחוז המדאן",
        "city:he": "המדאן",
        "province:he": "המדאן",
        "id": "Mjo1OTJkOGQ5NTkzZjU",
        "publicId": "Mjo1OTJkOGQ5NTkzZjU",
        "sourceId": "592d8d9593f5",
        "layerId": 2,
        "type": "location",
        "status": "active",
        "urgency": null,
        "verificationTag": "not-verified",
        "expirationDate": null,
        "createdAt": "2026-03-06T03:14:01.332Z",
        "updatedAt": "2026-04-08T20:49:25.356Z"
      }
    },
    {
      "type": "Feature",
      "id": 91635,
      "geometry": {
        "type": "Point",
        "coordinates": [
          45.62239368387259,
          38.93807803916053
        ]
      },
      "properties": {
        "name:fa": "اداره اطلاعات شهرستان جلفا",
        "description": "ساختمان قدیم اداره اطلاعات شهرستان جلفا",
        "date": 1772758003,
        "city": "جلفا",
        "province": "استان آذربایجان شرقی",
        "name:en": "Jolfa County Intelligence Department",
        "description:en": "Old building of Jolfa County Intelligence Department",
        "city:en": "Jolfa",
        "province:en": "East Azerbaijan",
        "name:ar": "إدارة استخبارات مقاطعة جلفا",
        "description:ar": "المبنى القديم لإدارة استخبارات مقاطعة جلفا",
        "city:ar": "جلفا",
        "province:ar": "أذربيجان الشرقية",
        "name:he": "מנהלת המודיעין של נפת ג'ולפא",
        "description:he": "הבניין הישן של מנהלת המודיעין של נפת ג'ולפא",
        "city:he": "ג'ולפא",
        "province:he": "אזרבייג'ן המזרחית",
        "id": "MjpjMjU5ZGQ4YTM1ODg",
        "publicId": "MjpjMjU5ZGQ4YTM1ODg",
        "sourceId": "c259dd8a3588",
        "layerId": 2,
        "type": "location",
        "status": "active",
        "urgency": null,
        "verificationTag": "not-verified",
        "expirationDate": null,
        "createdAt": "2026-03-06T00:46:43.273Z",
        "updatedAt": "2026-03-26T23:40:15.837Z"
      }
    },
    {
      "type": "Feature",
      "id": 91636,
      "geometry": {
        "type": "Point",
        "coordinates": [
          45.62802694981829,
          38.923906819217876
        ]
      },
      "properties": {
        "name:fa": "اداره اطلاعات شهرستان جلفا",
        "description": "ساختمان جدید اداره اطلاعات شهرستان جلفا",
        "date": 1772757792,
        "city": "جلفا",
        "province": "استان آذربایجان شرقی",
        "name:en": "Jolfa County Intelligence Department",
        "description:en": "New building of Jolfa County Intelligence Department",
        "city:en": "Jolfa",
        "province:en": "East Azerbaijan",
        "name:ar": "إدارة استخبارات مقاطعة جلفا",
        "description:ar": "المبنى الجديد لإدارة استخبارات مقاطعة جلفا",
        "city:ar": "جلفا",
        "province:ar": "أذربيجان الشرقية",
        "name:he": "מנהלת המודיעין של נפת ג'ולפא",
        "description:he": "הבניין החדש של מנהלת המודיעין של נפת ג'ולפא",
        "city:he": "ג'ולפא",
        "province:he": "אזרבייג'ן המזרחית",
        "id": "MjoxMDNjZWFhNzU3MWY",
        "publicId": "MjoxMDNjZWFhNzU3MWY",
        "sourceId": "103ceaa7571f",
        "layerId": 2,
        "type": "location",
        "status": "active",
        "urgency": null,
        "verificationTag": "not-verified",
        "expirationDate": null,
        "createdAt": "2026-03-06T00:43:12.455Z",
        "updatedAt": "2026-03-26T23:40:15.898Z"
      }
    },
    {
      "type": "Feature",
      "id": 91637,
      "geometry": {
        "type": "Point",
        "coordinates": [
          51.5910823314581,
          30.659213618881935
        ]
      },
      "properties": {
        "name:fa": "اداره اطلاعات",
        "description": "اداره اطلاعات سپاه استان",
        "date": 1772664221,
        "city": "ياسوج",
        "province": "استان کهگیلویه و بویراحمد",
        "name:en": "Intelligence Department",
        "description:en": "Provincial IRGC Intelligence Department",
        "city:en": "Yasuj",
        "province:en": "Kohgiluyeh and Boyer-Ahmad",
        "name:ar": "إدارة الاستخبارات",
        "description:ar": "إدارة استخبارات الحرس الثوري بالمحافظة",
        "city:ar": "ياسوج",
        "province:ar": "كهكيلويه وبوير أحمد",
        "name:he": "מנהלת המודיעין",
        "description:he": "מנהלת המודיעין של משמרות המהפכה במחוז",
        "city:he": "יאסוג'",
        "province:he": "כהגילויה ובויראחמד",
        "id": "MjpmY2NhNjgxMWY2NmY",
        "publicId": "MjpmY2NhNjgxMWY2NmY",
        "sourceId": "fcca6811f66f",
        "layerId": 2,
        "type": "location",
        "status": "active",
        "urgency": null,
        "verificationTag": "not-verified",
        "expirationDate": null,
        "createdAt": "2026-03-04T22:43:41.962Z",
        "updatedAt": "2026-03-26T23:40:15.911Z"
      }
    },
    {
      "type": "Feature",
      "id": 91638,
      "geometry": {
        "type": "Point",
        "coordinates": [
          59.49003670809404,
          36.33473251610323
        ]
      },
      "properties": {
        "city": "شهرک صدف",
        "date": 1772658548,
        "name:fa": "اداره اطلاعات",
        "province": "استان خراسان رضوی",
        "description": "اداره اطلاعات مشهد",
        "name:en": "Intelligence Department",
        "description:en": "Mashhad Intelligence Department",
        "city:en": "Shahrak-e Sadaf",
        "province:en": "Razavi Khorasan",
        "name:ar": "إدارة الاستخبارات",
        "description:ar": "إدارة استخبارات مشهد",
        "city:ar": "بلدة صدف",
        "province:ar": "خراسان رضوي",
        "name:he": "מנהלת המודיעין",
        "description:he": "מנהלת המודיעין של משהד",
        "city:he": "שהרכ סדף",
        "province:he": "ח'וראסאן רזאווי",
        "id": "MjowYzkzODc5YjJjOGU",
        "publicId": "MjowYzkzODc5YjJjOGU",
        "sourceId": "0c93879b2c8e",
        "layerId": 2,
        "type": "location",
        "status": "active",
        "urgency": null,
        "verificationTag": "not-verified",
        "expirationDate": null,
        "createdAt": "2026-03-04T21:09:08.720Z",
        "updatedAt": "2026-04-08T20:49:25.357Z"
      }
    },
    {
      "type": "Feature",
      "id": 91639,
      "geometry": {
        "type": "Point",
        "coordinates": [
          50.8751311069835,
          36.81620966434589
        ]
      },
      "properties": {
        "city": "تنكابن",
        "date": 1772580656,
        "name:fa": "اداره اطلاعات",
        "province": "استان مازندران",
        "description": "اداره اطلاعات تنکابن",
        "name:en": "Intelligence Department",
        "description:en": "Tonekabon Intelligence Department",
        "city:en": "Tonekabon",
        "province:en": "Mazandaran",
        "name:ar": "إدارة الاستخبارات",
        "description:ar": "إدارة استخبارات تنكابن",
        "city:ar": "تنكابن",
        "province:ar": "مازندران",
        "name:he": "מנהלת המודיעין",
        "province:he": "מאזנדראן",
        "id": "MjozYTMzY2IzNmNiNzU",
        "publicId": "MjozYTMzY2IzNmNiNzU",
        "sourceId": "3a33cb36cb75",
        "layerId": 2,
        "type": "location",
        "status": "active",
        "urgency": null,
        "verificationTag": "not-verified",
        "expirationDate": null,
        "createdAt": "2026-03-03T23:30:56.211Z",
        "updatedAt": "2026-04-08T20:49:25.359Z"
      }
    },
    {
      "type": "Feature",
      "id": 91640,
      "geometry": {
        "type": "Point",
        "coordinates": [
          48.84525266284402,
          32.05843991954133
        ]
      },
      "properties": {
        "city": "شوشتر",
        "date": 1772577205,
        "name:fa": "وزارت اطلاعات",
        "province": "استان خوزستان",
        "description": "اداره ی وزارت اطلاعات شهرستان شوشتر  واقع در محله ی شوشتر نو ، روبروی اداره ی راهنمایی و رانندگی",
        "name:en": "Ministry of Intelligence",
        "description:en": "Ministry of Intelligence office of Shushtar County, located in Shushtar-e Now neighborhood, opposite the Traffic Police Department",
        "city:en": "Shushtar",
        "province:en": "Khuzestan",
        "name:ar": "وزارة الاستخبارات",
        "description:ar": "إدارة وزارة الاستخبارات في مقاطعة شوشتر، الواقعة في حي شوشتر الجديدة، مقابل إدارة المرور",
        "city:ar": "شوشتر",
        "province:ar": "خوزستان",
        "name:he": "משרד המודיעין",
        "description:he": "משרד המודיעין של נפת שושתר, ממוקם בשכונת שושתר נו, מול משרד התחבורה",
        "city:he": "שושתר",
        "province:he": "ח'וזסתאן",
        "id": "MjplNWNlYzYxNmM5N2Y",
        "publicId": "MjplNWNlYzYxNmM5N2Y",
        "sourceId": "e5cec616c97f",
        "layerId": 2,
        "type": "location",
        "status": "active",
        "urgency": null,
        "verificationTag": "not-verified",
        "expirationDate": null,
        "createdAt": "2026-03-03T22:33:25.495Z",
        "updatedAt": "2026-04-08T20:49:25.360Z"
      }
    },
    {
      "type": "Feature",
      "id": 91641,
      "geometry": {
        "type": "Point",
        "coordinates": [
          60.86755033850591,
          29.48757906130203
        ]
      },
      "properties": {
        "city": "زاهدان",
        "date": 1772563087,
        "name:fa": "اداره اطلاعات",
        "province": "استان سیستان و بلوچستان",
        "description": "اداره اطلاعات زاهدان",
        "name:en": "Intelligence Department",
        "description:en": "Zahedan Intelligence Department",
        "city:en": "Zahedan",
        "province:en": "Sistan and Baluchestan",
        "name:ar": "إدارة الاستخبارات",
        "description:ar": "إدارة استخبارات زاهدان",
        "city:ar": "زاهدان",
        "province:ar": "سيستان وبلوشستان",
        "name:he": "מנהלת המודיעין",
        "description:he": "מנהלת המודיעין של זאהדאן",
        "city:he": "זאהדאן",
        "province:he": "סיסתאן ובלוצ'יסתאן",
        "id": "MjowZTk5Y2UwZWUwMzY",
        "publicId": "MjowZTk5Y2UwZWUwMzY",
        "sourceId": "0e99ce0ee036",
        "layerId": 2,
        "type": "location",
        "status": "active",
        "urgency": null,
        "verificationTag": "not-verified",
        "expirationDate": null,
        "createdAt": "2026-03-03T18:38:07.985Z",
        "updatedAt": "2026-04-08T20:49:25.362Z"
      }
    },
    {
      "type": "Feature",
      "id": 91642,
      "geometry": {
        "type": "Point",
        "coordinates": [
          48.73817839429037,
          33.90423904127398
        ]
      },
      "properties": {
        "city": "بروجرد",
        "date": 1772550846,
        "name:fa": "اداره اطلاعات",
        "province": "استان لرستان",
        "description": "اداره اطلاعات شهرستان بروجرد - وزارت اطلاعات",
        "name:en": "Intelligence Department",
        "description:en": "Borujerd County Intelligence Department - Ministry of Intelligence",
        "city:en": "Borujerd",
        "province:en": "Lorestan",
        "name:ar": "إدارة الاستخبارات",
        "description:ar": "إدارة استخبارات مقاطعة بروجرد - وزارة الاستخبارات",
        "city:ar": "بروجرد",
        "province:ar": "لرستان",
        "name:he": "מנהלת המודיעין",
        "city:he": "ברוג'רד",
        "province:he": "לורסתאן",
        "id": "MjplYzhmZmY4NmUyNWQ",
        "publicId": "MjplYzhmZmY4NmUyNWQ",
        "sourceId": "ec8fff86e25d",
        "layerId": 2,
        "type": "location",
        "status": "active",
        "urgency": null,
        "verificationTag": "not-verified",
        "expirationDate": null,
        "createdAt": "2026-03-03T15:14:06.386Z",
        "updatedAt": "2026-04-08T20:49:25.364Z"
      }
    },
    {
      "type": "Feature",
      "id": 91643,
      "geometry": {
        "type": "Point",
        "coordinates": [
          48.50475478763843,
          34.78146608561289
        ]
      },
      "properties": {
        "name:fa": "وزارت اطلاعات",
        "description": "مجموعه وزارت اطلاعات و امنیت",
        "date": 1772538658,
        "city": "همدان",
        "province": "استان همدان",
        "name:en": "Ministry of Intelligence",
        "description:en": "Ministry of Intelligence and Security complex",
        "city:en": "Hamadan",
        "province:en": "Hamadan",
        "name:ar": "وزارة الاستخبارات",
        "description:ar": "مجمع وزارة الاستخبارات والأمن",
        "city:ar": "همدان",
        "province:ar": "همدان",
        "name:he": "משרד המודיעין",
        "description:he": "מתחם משרד המודיעין והביטחון",
        "city:he": "המדאן",
        "province:he": "המדאן",
        "id": "Mjo5NjdlMzZlZjdmZGM",
        "publicId": "Mjo5NjdlMzZlZjdmZGM",
        "sourceId": "967e36ef7fdc",
        "layerId": 2,
        "type": "location",
        "status": "active",
        "urgency": null,
        "verificationTag": "not-verified",
        "expirationDate": null,
        "createdAt": "2026-03-03T11:50:58.872Z",
        "updatedAt": "2026-03-26T23:40:16.291Z"
      }
    },
    {
      "type": "Feature",
      "id": 91644,
      "geometry": {
        "type": "Point",
        "coordinates": [
          51.37709193857813,
          32.39693634606553
        ]
      },
      "properties": {
        "city": "زرين شهر",
        "date": 1772486657,
        "name:fa": "وزارت اطلاعات",
        "province": "استان اصفهان",
        "description": "ستاد خبری وزارت اطلاعات لنجان",
        "name:en": "Ministry of Intelligence",
        "description:en": "Ministry of Intelligence news headquarters in Lenjan",
        "city:en": "Zarrin Shahr",
        "province:en": "Isfahan",
        "name:ar": "وزارة الاستخبارات",
        "description:ar": "المقر الإخباري لوزارة الاستخبارات في لنجان",
        "city:ar": "زرين شهر",
        "province:ar": "أصفهان",
        "name:he": "משרד המודיעין",
        "description:he": "מטה הדיווחים של משרד המודיעין בלנג'אן",
        "city:he": "זרין שהר",
        "province:he": "אספהאן",
        "id": "MjpmY2JlOTFiZWUxY2U",
        "publicId": "MjpmY2JlOTFiZWUxY2U",
        "sourceId": "fcbe91bee1ce",
        "layerId": 2,
        "type": "location",
        "status": "active",
        "urgency": null,
        "verificationTag": "not-verified",
        "expirationDate": null,
        "createdAt": "2026-03-02T21:24:17.767Z",
        "updatedAt": "2026-04-08T20:49:25.365Z"
      }
    },
    {
      "type": "Feature",
      "id": 91645,
      "geometry": {
        "type": "Point",
        "coordinates": [
          54.335039933872906,
          31.89558726149241
        ]
      },
      "properties": {
        "city": "یزد",
        "date": 1772485149,
        "name:fa": "اداره اطلاعات",
        "province": "استان یزد",
        "description": "اداره اطلاعات استان یزد. ساختمان مرکزی",
        "name:en": "Intelligence Department",
        "description:en": "Yazd Province Intelligence Department, central building",
        "city:en": "Yazd",
        "province:en": "Yazd",
        "name:ar": "إدارة الاستخبارات",
        "description:ar": "إدارة استخبارات محافظة يزد، المبنى المركزي",
        "city:ar": "يزد",
        "province:ar": "يزد",
        "name:he": "מנהלת המודיעין",
        "description:he": "מנהלת המודיעין של מחוז יזד. הבניין המרכזי",
        "city:he": "יזד",
        "province:he": "יזד",
        "id": "Mjo2YjI2MGJmMDVhNjQ",
        "publicId": "Mjo2YjI2MGJmMDVhNjQ",
        "sourceId": "6b260bf05a64",
        "layerId": 2,
        "type": "location",
        "status": "active",
        "urgency": null,
        "verificationTag": "not-verified",
        "expirationDate": null,
        "createdAt": "2026-03-02T20:59:09.217Z",
        "updatedAt": "2026-04-08T20:49:25.367Z"
      }
    },
    {
      "type": "Feature",
      "id": 91647,
      "geometry": {
        "type": "Point",
        "coordinates": [
          62.338416674193894,
          27.369265920077083
        ]
      },
      "properties": {
        "city": "سراوان",
        "date": 1772478924,
        "name:fa": "اداره اطلاعات",
        "province": "استان سیستان و بلوچستان",
        "description": "اداره اطلاعات شهرستان سراوان",
        "name:en": "Intelligence Department",
        "description:en": "Saravan County Intelligence Department",
        "city:en": "Saravan",
        "province:en": "Sistan and Baluchestan",
        "name:ar": "إدارة الاستخبارات",
        "description:ar": "إدارة استخبارات مقاطعة سراوان",
        "city:ar": "سراوان",
        "province:ar": "سيستان وبلوشستان",
        "name:he": "מנהלת המודיעין",
        "description:he": "מנהלת המודיעין של נפת סראוואן",
        "city:he": "סראוואן",
        "province:he": "סיסתאן ובלוצ'יסתאן",
        "id": "MjoyN2MwYzc2MmRkZDk",
        "publicId": "MjoyN2MwYzc2MmRkZDk",
        "sourceId": "27c0c762ddd9",
        "layerId": 2,
        "type": "location",
        "status": "active",
        "urgency": null,
        "verificationTag": "not-verified",
        "expirationDate": null,
        "createdAt": "2026-03-02T19:15:24.543Z",
        "updatedAt": "2026-04-08T20:49:25.369Z"
      }
    },
    {
      "type": "Feature",
      "id": 91648,
      "geometry": {
        "type": "Point",
        "coordinates": [
          50.839264619870136,
          28.948228515448164
        ]
      },
      "properties": {
        "city": "بوشهر",
        "date": 1772453080,
        "name:fa": "اداره اطلاعات",
        "province": "استان بوشهر",
        "description": "اداره اطلاعات بوشهر",
        "name:en": "Intelligence Department",
        "description:en": "Bushehr Intelligence Department",
        "city:en": "Bushehr",
        "province:en": "Bushehr",
        "name:ar": "إدارة الاستخبارات",
        "description:ar": "إدارة استخبارات بوشهر",
        "city:ar": "بوشهر",
        "province:ar": "بوشهر",
        "name:he": "מנהלת המודיעין",
        "description:he": "מנהלת המודיעין של בושהר",
        "city:he": "בושהר",
        "province:he": "בושהר",
        "id": "MjpkM2IyNmE3YTFkZTE",
        "publicId": "MjpkM2IyNmE3YTFkZTE",
        "sourceId": "d3b26a7a1de1",
        "layerId": 2,
        "type": "location",
        "status": "active",
        "urgency": null,
        "verificationTag": "not-verified",
        "expirationDate": null,
        "createdAt": "2026-03-02T12:04:40.979Z",
        "updatedAt": "2026-04-08T20:49:25.371Z"
      }
    },
    {
      "type": "Feature",
      "id": 91649,
      "geometry": {
        "type": "Point",
        "coordinates": [
          51.391180757441845,
          32.636318947439506
        ]
      },
      "properties": {
        "name:fa": "اداره اطلاعات",
        "description": "ساختمان اطلاعات واجا نجف اباد",
        "date": 1772409362,
        "city": "نجف‌ آباد",
        "province": "استان اصفهان",
        "name:en": "Intelligence Office",
        "description:en": "VAJA Intelligence Building of Najafabad",
        "city:en": "Najafabad",
        "province:en": "Isfahan",
        "name:ar": "إدارة الاستخبارات",
        "description:ar": "مبنى استخبارات وزارة الاستخبارات (واجا) في نجف أباد",
        "city:ar": "نجف أباد",
        "province:ar": "أصفهان",
        "name:he": "מנהלת המודיעין",
        "description:he": "בניין המודיעין (ואג'א) בנג'ף אבאד",
        "city:he": "נג'ף אבאד",
        "province:he": "אספהאן",
        "id": "Mjo4OTczMzU5NzZiNDM",
        "publicId": "Mjo4OTczMzU5NzZiNDM",
        "sourceId": "897335976b43",
        "layerId": 2,
        "type": "location",
        "status": "active",
        "urgency": null,
        "verificationTag": "not-verified",
        "expirationDate": null,
        "createdAt": "2026-03-01T23:56:02.031Z",
        "updatedAt": "2026-03-26T23:40:16.860Z"
      }
    },
    {
      "type": "Feature",
      "id": 91650,
      "geometry": {
        "type": "Point",
        "coordinates": [
          49.60001196157688,
          31.283913699731457
        ]
      },
      "properties": {
        "name:fa": "اداره اطلاعات",
        "description": "اینجا اداره اطلاعات شهرستانه",
        "date": 1772231358,
        "city": "رامهرمز",
        "province": "استان خوزستان",
        "name:en": "Intelligence Office",
        "description:en": "This is the county's Intelligence Office.",
        "city:en": "Ramhormoz",
        "province:en": "Khuzestan",
        "name:ar": "إدارة الاستخبارات",
        "description:ar": "هذه هي إدارة استخبارات المقاطعة",
        "city:ar": "رامهرمز",
        "province:ar": "خوزستان",
        "name:he": "מנהלת המודיעין",
        "description:he": "כאן נמצאת מנהלת המודיעין של הנפה",
        "city:he": "ראמהרמז",
        "province:he": "ח'וזסתאן",
        "id": "Mjo1YTY1NjUxMWM5N2M",
        "publicId": "Mjo1YTY1NjUxMWM5N2M",
        "sourceId": "5a656511c97c",
        "layerId": 2,
        "type": "location",
        "status": "active",
        "urgency": null,
        "verificationTag": "not-verified",
        "expirationDate": null,
        "createdAt": "2026-02-27T22:29:18.800Z",
        "updatedAt": "2026-03-26T23:40:16.923Z"
      }
    },
    {
      "type": "Feature",
      "id": 91651,
      "geometry": {
        "type": "Point",
        "coordinates": [
          59.226814692618916,
          32.87180647869776
        ]
      },
      "properties": {
        "city": "بيرجند",
        "date": 1772221300,
        "name:fa": "وزارت اطلاعات",
        "province": "استان خراسان جنوبی",
        "description": "ساختمان وزارت اطلاعات بیرجند",
        "name:en": "Ministry of Intelligence",
        "description:en": "Birjand Ministry of Intelligence Building",
        "city:en": "Birjand",
        "province:en": "South Khorasan",
        "name:ar": "وزارة الاستخبارات",
        "description:ar": "مبنى وزارة الاستخبارات في بيرجند",
        "city:ar": "بيرجند",
        "province:ar": "خراسان الجنوبية",
        "name:he": "משרד המודיעין",
        "description:he": "בניין משרד המודיעין בבירג'נד",
        "city:he": "בירג'נד",
        "province:he": "ח'וראסאן הדרומית",
        "id": "MjozMWViZTczMDRiZTM",
        "publicId": "MjozMWViZTczMDRiZTM",
        "sourceId": "31ebe7304be3",
        "layerId": 2,
        "type": "location",
        "status": "active",
        "urgency": null,
        "verificationTag": "not-verified",
        "expirationDate": null,
        "createdAt": "2026-02-27T19:41:40.563Z",
        "updatedAt": "2026-04-08T20:49:25.372Z"
      }
    },
    {
      "type": "Feature",
      "id": 91652,
      "geometry": {
        "type": "Point",
        "coordinates": [
          46.21280310223108,
          36.5318265077962
        ]
      },
      "properties": {
        "city": "بوکان",
        "date": 1772217044,
        "name:fa": "وزارت اطلاعات",
        "province": "استان آذربایجان غربی",
        "description": "وزارت اطلاعات شهرستان بوکان",
        "name:en": "Ministry of Intelligence",
        "description:en": "Bukan County Ministry of Intelligence",
        "city:en": "Bukan",
        "province:en": "West Azerbaijan",
        "name:ar": "وزارة الاستخبارات",
        "description:ar": "وزارة الاستخبارات في مقاطعة بوكان",
        "city:ar": "بوكان",
        "province:ar": "أذربيجان الغربية",
        "name:he": "משרד המודיעין",
        "description:he": "משרד המודיעין של נפת בוכאן",
        "city:he": "בוכאן",
        "province:he": "אזרבייג'ן המערבית",
        "id": "MjpjN2YzYTM3Njg2ODk",
        "publicId": "MjpjN2YzYTM3Njg2ODk",
        "sourceId": "c7f3a3768689",
        "layerId": 2,
        "type": "location",
        "status": "active",
        "urgency": null,
        "verificationTag": "not-verified",
        "expirationDate": null,
        "createdAt": "2026-02-27T18:30:44.348Z",
        "updatedAt": "2026-04-08T20:49:25.374Z"
      }
    },
    {
      "type": "Feature",
      "id": 91653,
      "geometry": {
        "type": "Point",
        "coordinates": [
          54.98157468218815,
          36.41174125610169
        ]
      },
      "properties": {
        "name:fa": "اداره اطلاعات",
        "description": "اداره اطلاعات و اماکن فراجا شهرستان",
        "date": 1772164775,
        "city": "شاهرود",
        "province": "استان سمنان",
        "name:en": "Intelligence Office",
        "description:en": "County FARAJA Intelligence and Public Places Office",
        "city:en": "Shahroud",
        "province:en": "Semnan",
        "name:ar": "إدارة الاستخبارات",
        "description:ar": "إدارة الاستخبارات والأماكن العامة في قيادة قوى الأمن الداخلي (فراجا) بمقاطعة شاهرود",
        "city:ar": "شاهرود",
        "province:ar": "سمنان",
        "name:he": "מנהלת המודיעין",
        "description:he": "מנהלת המודיעין והמקומות הציבוריים של פראג'א בנפה",
        "city:he": "שאהרוד",
        "province:he": "סמנאן",
        "id": "MjpjMzAxNTgxYzMzZTQ",
        "publicId": "MjpjMzAxNTgxYzMzZTQ",
        "sourceId": "c301581c33e4",
        "layerId": 2,
        "type": "location",
        "status": "active",
        "urgency": null,
        "verificationTag": "not-verified",
        "expirationDate": null,
        "createdAt": "2026-02-27T03:59:35.537Z",
        "updatedAt": "2026-03-26T23:40:17.117Z"
      }
    },
    {
      "type": "Feature",
      "id": 91654,
      "geometry": {
        "type": "Point",
        "coordinates": [
          59.58728589829627,
          36.29669933640193
        ]
      },
      "properties": {
        "name:fa": "وزارت اطلاعات",
        "description": "اینجا در ورودی وزارت اطلاعات بود. تابلو و زنگ داشت. نمی دانم هنوز هست یا خیر.",
        "date": 1772108797,
        "city": "مشهد",
        "province": "استان خراسان رضوی",
        "name:en": "Ministry of Intelligence",
        "description:en": "This was the entrance to the Ministry of Intelligence. It had a sign and a doorbell. I don't know if it is still there or not.",
        "city:en": "Mashhad",
        "province:en": "Razavi Khorasan",
        "name:ar": "وزارة الاستخبارات",
        "description:ar": "كانت هذه بوابة مدخل وزارة الاستخبارات. كانت تحتوي على لافتة وجرس. لا أعلم إن كانت ما زالت موجودة أم لا.",
        "city:ar": "مشهد",
        "province:ar": "خراسان رضوي",
        "name:he": "משרד המודיעין",
        "description:he": "כאן הייתה הכניסה למשרד המודיעין. היה שלט ופעמון. אני לא יודע אם זה עדיין שם או לא.",
        "city:he": "משהד",
        "province:he": "ח'וראסאן רזאווי",
        "id": "MjoxY2I0ZjJiMGU2YzY",
        "publicId": "MjoxY2I0ZjJiMGU2YzY",
        "sourceId": "1cb4f2b0e6c6",
        "layerId": 2,
        "type": "location",
        "status": "active",
        "urgency": null,
        "verificationTag": "not-verified",
        "expirationDate": null,
        "createdAt": "2026-02-26T12:26:37.516Z",
        "updatedAt": "2026-03-26T23:40:17.183Z"
      }
    },
    {
      "type": "Feature",
      "id": 91655,
      "geometry": {
        "type": "Point",
        "coordinates": [
          51.21684193121962,
          29.25701205324289
        ]
      },
      "properties": {
        "name:fa": "وزارت اطلاعات",
        "description": "دفتره پیگیری وزارت اطلاعات",
        "date": 1772036038,
        "city": "برازجان",
        "province": "استان بوشهر",
        "name:en": "Ministry of Intelligence",
        "description:en": "Ministry of Intelligence Follow-up Office",
        "city:en": "Borazjan",
        "province:en": "Bushehr",
        "name:ar": "وزارة الاستخبارات",
        "description:ar": "مكتب المتابعة لوزارة الاستخبارات",
        "city:ar": "برازجان",
        "province:ar": "بوشهر",
        "name:he": "משרד המודיעין",
        "description:he": "משרד הפניות של משרד המודיעין",
        "city:he": "בראזג'אן",
        "province:he": "בושהר",
        "id": "MjplZWExODA1MTBiODM",
        "publicId": "MjplZWExODA1MTBiODM",
        "sourceId": "eea180510b83",
        "layerId": 2,
        "type": "location",
        "status": "active",
        "urgency": null,
        "verificationTag": "not-verified",
        "expirationDate": null,
        "createdAt": "2026-02-25T16:13:58.843Z",
        "updatedAt": "2026-03-26T23:40:17.447Z"
      }
    },
    {
      "type": "Feature",
      "id": 91656,
      "geometry": {
        "type": "Point",
        "coordinates": [
          53.258596167417465,
          31.125082680762986
        ]
      },
      "properties": {
        "city": "ابرکوه",
        "date": 1771938539,
        "name:fa": "اداره اطلاعات",
        "province": "استان یزد",
        "description": "اداره اطلاعات شهرستان ابرکوه",
        "name:en": "Intelligence Office",
        "description:en": "Abarkouh County Intelligence Office",
        "city:en": "Abarkouh",
        "province:en": "Yazd",
        "name:ar": "إدارة الاستخبارات",
        "description:ar": "إدارة استخبارات مقاطعة أبركوه",
        "city:ar": "أبركوه",
        "province:ar": "يزد",
        "name:he": "מנהלת המודיעין",
        "description:he": "מנהלת המודיעין של נפת אברכוה",
        "city:he": "אברכוה",
        "province:he": "יזד",
        "id": "Mjo2OTUxYjg3NWJjYjI",
        "publicId": "Mjo2OTUxYjg3NWJjYjI",
        "sourceId": "6951b875bcb2",
        "layerId": 2,
        "type": "location",
        "status": "active",
        "urgency": null,
        "verificationTag": "not-verified",
        "expirationDate": null,
        "createdAt": "2026-02-24T13:08:59.501Z",
        "updatedAt": "2026-04-08T20:49:25.376Z"
      }
    },
    {
      "type": "Feature",
      "id": 91657,
      "geometry": {
        "type": "Point",
        "coordinates": [
          49.501956916916726,
          37.46102857544861
        ]
      },
      "properties": {
        "city": "بندر انزلی",
        "date": 1771788237,
        "name:fa": "اداره اطلاعات",
        "province": "استان گیلان",
        "description": "اداره اطلاعات بندرانزلی",
        "name:en": "Intelligence Office",
        "description:en": "Bandar Anzali Intelligence Office",
        "city:en": "Bandar Anzali",
        "province:en": "Gilan",
        "name:ar": "إدارة الاستخبارات",
        "description:ar": "إدارة استخبارات بندر أنزلي",
        "city:ar": "بندر أنزلي",
        "province:ar": "جيلان",
        "name:he": "מנהלת המודיעין",
        "description:he": "מנהלת המודיעין של בנדר אנזלי",
        "city:he": "בנדר אנזלי",
        "province:he": "גילאן",
        "id": "Mjo1NWY0YzY5YjhkMDc",
        "publicId": "Mjo1NWY0YzY5YjhkMDc",
        "sourceId": "55f4c69b8d07",
        "layerId": 2,
        "type": "location",
        "status": "active",
        "urgency": null,
        "verificationTag": "not-verified",
        "expirationDate": null,
        "createdAt": "2026-02-22T19:23:57.524Z",
        "updatedAt": "2026-04-08T20:49:25.378Z"
      }
    },
    {
      "type": "Feature",
      "id": 91658,
      "geometry": {
        "type": "Point",
        "coordinates": [
          52.75913543693113,
          35.76051722842624
        ]
      },
      "properties": {
        "city": "فیروزکوه",
        "date": 1771703565,
        "name:fa": "اداره اطلاعات",
        "province": "استان تهران",
        "description": "اداره اطلاعات فیروزکوه",
        "name:en": "Intelligence Office",
        "description:en": "Firuzkuh Intelligence Office",
        "city:en": "Firuzkuh",
        "province:en": "Tehran",
        "name:ar": "إدارة الاستخبارات",
        "description:ar": "إدارة استخبارات فيروزكوه",
        "city:ar": "فيروزكوه",
        "province:ar": "طهران",
        "name:he": "מנהלת המודיעין",
        "description:he": "מנהלת המודיעין של פירוזכוה",
        "province:he": "טהראן",
        "id": "MjoyNDdhNTJkOTkyYjc",
        "publicId": "MjoyNDdhNTJkOTkyYjc",
        "sourceId": "247a52d992b7",
        "layerId": 2,
        "type": "location",
        "status": "active",
        "urgency": null,
        "verificationTag": "not-verified",
        "expirationDate": null,
        "createdAt": "2026-02-21T19:52:45.812Z",
        "updatedAt": "2026-04-08T20:49:25.379Z"
      }
    },
    {
      "type": "Feature",
      "id": 91659,
      "geometry": {
        "type": "Point",
        "coordinates": [
          49.70409101462107,
          33.39946193465015
        ]
      },
      "properties": {
        "city": "اليگودرز",
        "date": 1771687484,
        "name:fa": "اداره اطلاعات",
        "province": "استان لرستان",
        "description": "اداره اطلاعات الیگودرز",
        "name:en": "Intelligence Office",
        "description:en": "Aligudarz Intelligence Office",
        "city:en": "Aligudarz",
        "province:en": "Lorestan",
        "name:ar": "إدارة الاستخبارات",
        "description:ar": "إدارة استخبارات أليجودرز",
        "city:ar": "أليجودرز",
        "province:ar": "لرستان",
        "name:he": "מנהלת המודיעין",
        "description:he": "מנהלת המודיעין של אליגודרז",
        "province:he": "לורסתאן",
        "id": "MjpiYmI4YjI1NjVkNjc",
        "publicId": "MjpiYmI4YjI1NjVkNjc",
        "sourceId": "bbb8b2565d67",
        "layerId": 2,
        "type": "location",
        "status": "active",
        "urgency": null,
        "verificationTag": "not-verified",
        "expirationDate": null,
        "createdAt": "2026-02-21T15:24:44.800Z",
        "updatedAt": "2026-04-08T20:49:25.381Z"
      }
    },
    {
      "type": "Feature",
      "id": 91660,
      "geometry": {
        "type": "Point",
        "coordinates": [
          48.384625959899296,
          32.387805269808425
        ]
      },
      "properties": {
        "name:fa": "اداره اطلاعات مرکزی",
        "description": "اداره اطلاعات مرکزی.قتلگاه جوانان",
        "date": 1771663822,
        "city": "دزفول",
        "province": "استان خوزستان",
        "name:en": "Central Intelligence Office",
        "description:en": "Central Intelligence Office. Killing ground of the youth.",
        "city:en": "Dezful",
        "province:en": "Khuzestan",
        "name:ar": "إدارة الاستخبارات المركزية",
        "description:ar": "إدارة الاستخبارات المركزية. مسلخ الشباب",
        "city:ar": "دزفول",
        "province:ar": "خوزستان",
        "name:he": "מנהלת המודיעין המרכזית",
        "description:he": "מנהלת המודיעין המרכזית. מקום הריגתם של הצעירים",
        "city:he": "דזפול",
        "province:he": "ח'וזסתאן",
        "id": "MjpiOTJmOWVjMjVjZWY",
        "publicId": "MjpiOTJmOWVjMjVjZWY",
        "sourceId": "b92f9ec25cef",
        "layerId": 2,
        "type": "location",
        "status": "active",
        "urgency": null,
        "verificationTag": "not-verified",
        "expirationDate": null,
        "createdAt": "2026-02-21T08:50:22.046Z",
        "updatedAt": "2026-03-26T23:40:17.744Z"
      }
    },
    {
      "type": "Feature",
      "id": 91661,
      "geometry": {
        "type": "Point",
        "coordinates": [
          57.67562568874661,
          36.236589144594745
        ]
      },
      "properties": {
        "city": "سبزوار",
        "date": 1771627407,
        "name:fa": "اداره اطلاعات",
        "province": "استان خراسان رضوی",
        "description": "اداره اطلاعات سبزوار",
        "name:en": "Intelligence Office",
        "description:en": "Sabzevar Intelligence Office",
        "city:en": "Sabzevar",
        "province:en": "Razavi Khorasan",
        "name:ar": "إدارة الاستخبارات",
        "description:ar": "إدارة استخبارات سبزوار",
        "city:ar": "سبزوار",
        "province:ar": "خراسان رضوي",
        "name:he": "מנהלת המודיעין",
        "description:he": "מנהלת המודיעין של סבזוואר",
        "city:he": "סבזוואר",
        "province:he": "ח'וראסאן רזאווי",
        "id": "MjozOWQyMTQ5MDg0NWI",
        "publicId": "MjozOWQyMTQ5MDg0NWI",
        "sourceId": "39d21490845b",
        "layerId": 2,
        "type": "location",
        "status": "active",
        "urgency": null,
        "verificationTag": "not-verified",
        "expirationDate": null,
        "createdAt": "2026-02-20T22:43:27.605Z",
        "updatedAt": "2026-04-08T20:49:25.383Z"
      }
    },
    {
      "type": "Feature",
      "id": 91662,
      "geometry": {
        "type": "Point",
        "coordinates": [
          61.0973548785889,
          35.69070290867958
        ]
      },
      "properties": {
        "name:fa": "وزارت اطلاعات شمال",
        "description": "وزارت اطلاعات شمال شرق خراسان رضوی",
        "date": 1771581635,
        "city": "صالح‌آباد",
        "province": "استان خراسان رضوی",
        "name:en": "Ministry of Intelligence North",
        "description:en": "Northeast Razavi Khorasan Ministry of Intelligence",
        "city:en": "Salehabad",
        "province:en": "Razavi Khorasan",
        "name:ar": "وزارة الاستخبارات - الشمال",
        "description:ar": "وزارة الاستخبارات في شمال شرق خراسان الرضوية",
        "city:ar": "صالح أباد",
        "province:ar": "خراسان رضوي",
        "name:he": "משרד המודיעין צפון",
        "description:he": "משרד המודיעין של צפון-מזרח ח'וראסאן רזאווי",
        "city:he": "צאלח אבאד",
        "province:he": "ח'וראסאן רזאווי",
        "id": "MjpjYTUzNWQzZmM0MWM",
        "publicId": "MjpjYTUzNWQzZmM0MWM",
        "sourceId": "ca535d3fc41c",
        "layerId": 2,
        "type": "location",
        "status": "active",
        "urgency": null,
        "verificationTag": "not-verified",
        "expirationDate": null,
        "createdAt": "2026-02-20T10:00:35.512Z",
        "updatedAt": "2026-03-26T23:40:17.853Z"
      }
    },
    {
      "type": "Feature",
      "id": 91663,
      "geometry": {
        "type": "Point",
        "coordinates": [
          60.66776460317317,
          25.29176352954859
        ]
      },
      "properties": {
        "city": "چابهار",
        "date": 1771532208,
        "name:fa": "اداره اطلاعات",
        "province": "استان سیستان و بلوچستان",
        "description": "اداره اطلاعات چابهار",
        "name:en": "Intelligence Office",
        "description:en": "Chabahar Intelligence Office",
        "city:en": "Chabahar",
        "province:en": "Sistan and Baluchestan",
        "name:ar": "إدارة الاستخبارات",
        "description:ar": "إدارة استخبارات جابهار",
        "city:ar": "جابهار",
        "province:ar": "سيستان وبلوشستان",
        "name:he": "משרד המודיעין",
        "description:he": "משרד המודיעין של צ'אבהאר",
        "city:he": "צ'אבהאר",
        "province:he": "סיסתאן ובלוצ'יסתאן",
        "id": "MjplNzk0ZGQzNjQ5MDE",
        "publicId": "MjplNzk0ZGQzNjQ5MDE",
        "sourceId": "e794dd364901",
        "layerId": 2,
        "type": "location",
        "status": "active",
        "urgency": null,
        "verificationTag": "not-verified",
        "expirationDate": null,
        "createdAt": "2026-02-19T20:16:48.811Z",
        "updatedAt": "2026-04-08T20:49:25.384Z"
      }
    },
    {
      "type": "Feature",
      "id": 91664,
      "geometry": {
        "type": "Point",
        "coordinates": [
          55.66455715319577,
          29.452911555808498
        ]
      },
      "properties": {
        "city": "سيرجان",
        "date": 1771523386,
        "name:fa": "اداره اطلاعات",
        "province": "استان کرمان",
        "description": "اداره اطلاعات سیرجان اصلی ترین نهاد سرکوب معترضین",
        "name:en": "Intelligence Office",
        "description:en": "Sirjan Intelligence Office, the main institution suppressing protesters",
        "city:en": "Sirjan",
        "province:en": "Kerman",
        "name:ar": "إدارة الاستخبارات",
        "description:ar": "إدارة استخبارات سيرجان هي المؤسسة الرئيسية لقمع المحتجين",
        "city:ar": "سيرجان",
        "province:ar": "كرمان",
        "name:he": "משרד המודיעין",
        "description:he": "משרד המודיעין של סירג'אן, הגוף המרכזי לדיכוי המפגינים",
        "city:he": "סירג'אן",
        "province:he": "כרמאן",
        "id": "MjoxNGUxNjBjMDE1ZTA",
        "publicId": "MjoxNGUxNjBjMDE1ZTA",
        "sourceId": "14e160c015e0",
        "layerId": 2,
        "type": "location",
        "status": "active",
        "urgency": null,
        "verificationTag": "not-verified",
        "expirationDate": null,
        "createdAt": "2026-02-19T17:49:46.125Z",
        "updatedAt": "2026-04-08T20:49:25.386Z"
      }
    },
    {
      "type": "Feature",
      "id": 91672,
      "geometry": {
        "type": "Point",
        "coordinates": [
          58.509718080669245,
          37.093659544197706
        ]
      },
      "properties": {
        "unofficial_name:fa": "اطلاعات قوچان",
        "description": "",
        "date": "",
        "city": "قوچان",
        "province": "استان خراسان رضوی",
        "city:en": "Quchan",
        "province:en": "Razavi Khorasan",
        "city:ar": "قوجان",
        "province:ar": "خراسان رضوي",
        "city:he": "קוצ'אן",
        "province:he": "ח'וראסאן רזאווי",
        "city:tr": "Kuçan",
        "province:tr": "Razavi Horasan",
        "city:ckb": "قۆچان",
        "province:ckb": "خوراسانی ڕەزەوی",
        "id": "MjplMTdkMDc0NjdlZTM",
        "publicId": "MjplMTdkMDc0NjdlZTM",
        "sourceId": "e17d07467ee3",
        "layerId": 2,
        "type": "location",
        "status": "active",
        "urgency": null,
        "verificationTag": "not-verified",
        "expirationDate": null,
        "createdAt": "2026-03-26T22:50:42.279Z",
        "updatedAt": "2026-03-31T07:10:42.865Z"
      }
    },
    {
      "type": "Feature",
      "id": 91673,
      "geometry": {
        "type": "Point",
        "coordinates": [
          59.206620465496655,
          32.86905512579837
        ]
      },
      "properties": {
        "city": "بيرجند",
        "date": "",
        "name:fa": "اطلاعات مرزبانی",
        "province": "استان خراسان جنوبی",
        "description": "معاونت اطلاعات مرزبانی خراسان جنوبی",
        "unofficial_name:fa": "معاونت",
        "name:en": "Border Guard Intelligence",
        "description:en": "South Khorasan Border Guard Intelligence Directorate",
        "city:en": "Birjand",
        "province:en": "South Khorasan",
        "name:ar": "استخبارات حرس الحدود",
        "description:ar": "معاونية استخبارات حرس الحدود في خراسان الجنوبية",
        "city:ar": "بيرجند",
        "province:ar": "خراسان الجنوبية",
        "name:he": "מודיעין משמר הגבול",
        "description:he": "אגף מודיעין משמר הגבול של דרום ח'וראסאן",
        "city:he": "בירג'נד",
        "province:he": "ח'וראסאן הדרומית",
        "id": "Mjo5ZDYxODRmNWIyMmQ",
        "publicId": "Mjo5ZDYxODRmNWIyMmQ",
        "sourceId": "9d6184f5b22d",
        "layerId": 2,
        "type": "location",
        "status": "active",
        "urgency": null,
        "verificationTag": "not-verified",
        "expirationDate": null,
        "createdAt": "2026-03-26T22:53:14.906Z",
        "updatedAt": "2026-04-08T19:39:30.353Z"
      }
    },
    {
      "type": "Feature",
      "id": 91883,
      "geometry": {
        "type": "Point",
        "coordinates": [
          51.412170044424585,
          35.73791675503017
        ]
      },
      "properties": {
        "name:fa": "پلیس امنیت",
        "description": "پلیس امنیت وزرا، محل کشته شدن مهسا امینی",
        "date": 1774571854,
        "city": "تهران",
        "province": "استان تهران",
        "name:en": "Security Police",
        "description:en": "Vozara Security Police, location where Mahsa Amini was killed",
        "city:en": "Tehran",
        "province:en": "Tehran",
        "name:ar": "شرطة الأمن",
        "description:ar": "شرطة الأمن في وزراء، موقع مقتل مهسا أميني.",
        "city:ar": "طهران",
        "province:ar": "طهران",
        "name:he": "משטרת הביטחון",
        "description:he": "משטרת הביטחון וזרא, מקום הירצחה של מהסה אמיני",
        "city:he": "טהראן",
        "province:he": "טהראן",
        "id": "MjpkMmUxODQ3OWQ0OWE",
        "publicId": "MjpkMmUxODQ3OWQ0OWE",
        "sourceId": "d2e18479d49a",
        "layerId": 2,
        "type": "location",
        "status": "active",
        "urgency": null,
        "verificationTag": "not-verified",
        "expirationDate": null,
        "createdAt": "2026-03-27T00:37:34.273Z",
        "updatedAt": "2026-03-27T22:03:18.455Z"
      }
    },
    {
      "type": "Feature",
      "id": 91884,
      "geometry": {
        "type": "Point",
        "coordinates": [
          51.91847864935622,
          33.51136287276063
        ]
      },
      "properties": {
        "name:fa": "اداره اطلاعات",
        "description": "اطلاعات نظنز- گزارش محلی",
        "date": 1774182384,
        "city": "نطنز",
        "province": "استان اصفهان",
        "name:en": "Intelligence Office",
        "description:en": "Natanz Intelligence - Local report",
        "city:en": "Natanz",
        "province:en": "Isfahan",
        "name:ar": "إدارة الاستخبارات",
        "description:ar": "استخبارات نطنز - تقرير محلي.",
        "city:ar": "نطنز",
        "province:ar": "أصفهان",
        "name:he": "משרד המודיעין",
        "description:he": "מודיעין נתנז - דיווח מקומי",
        "city:he": "נתנז",
        "province:he": "אספהאן",
        "id": "Mjo4ZGMxOTdjMDAyMjg",
        "publicId": "Mjo4ZGMxOTdjMDAyMjg",
        "sourceId": "8dc197c00228",
        "layerId": 2,
        "type": "location",
        "status": "active",
        "urgency": null,
        "verificationTag": "not-verified",
        "expirationDate": null,
        "createdAt": "2026-03-22T12:26:24.162Z",
        "updatedAt": "2026-03-27T22:03:18.528Z"
      }
    },
    {
      "type": "Feature",
      "id": 91885,
      "geometry": {
        "type": "Point",
        "coordinates": [
          51.98818922493848,
          33.689443522522595
        ]
      },
      "properties": {
        "name:fa": "اداره اطلاعات",
        "description": "محل جلسه بسیج و سران سپاه شبانه . اطلاعات محلی",
        "date": 1774181190,
        "city": "شهرستان نطنز",
        "province": "استان اصفهان",
        "name:en": "Intelligence Office",
        "description:en": "Nighttime meeting site for Basij and IRGC commanders. Local intelligence.",
        "city:en": "Natanz County",
        "province:en": "Isfahan",
        "name:ar": "إدارة الاستخبارات",
        "description:ar": "مكان الاجتماعات الليلية للبسيج وقادة الحرس الثوري. استخبارات محلية.",
        "city:ar": "قضاء نطنز",
        "province:ar": "أصفهان",
        "name:he": "משרד המודיעין",
        "description:he": "מקום פגישה לילית של הבסיג' ומפקדי משמרות המהפכה. מודיעין מקומי",
        "city:he": "נפת נתנז",
        "province:he": "אספהאן",
        "id": "MjowOTU2YjlhOTE0ZTM",
        "publicId": "MjowOTU2YjlhOTE0ZTM",
        "sourceId": "0956b9a914e3",
        "layerId": 2,
        "type": "location",
        "status": "active",
        "urgency": null,
        "verificationTag": "not-verified",
        "expirationDate": null,
        "createdAt": "2026-03-22T12:06:30.484Z",
        "updatedAt": "2026-03-27T22:03:18.597Z"
      }
    },
    {
      "type": "Feature",
      "id": 91886,
      "geometry": {
        "type": "Point",
        "coordinates": [
          49.187022045200706,
          30.55004845099033
        ]
      },
      "properties": {
        "name:fa": "اداره اطلاعات",
        "description": "سازمان اطلاعات بندر مندر ماهشهر",
        "date": 1774164997,
        "city": "بندر ماهشهر",
        "province": "استان خوزستان",
        "name:en": "Intelligence Office",
        "description:en": "Bandar Mahshahr Intelligence Organization",
        "city:en": "Bandar Mahshahr",
        "province:en": "Khuzestan",
        "name:ar": "إدارة الاستخبارات",
        "description:ar": "منظمة استخبارات ميناء ماهشهر.",
        "city:ar": "ميناء ماهشهر",
        "province:ar": "خوزستان",
        "name:he": "משרד המודיעין",
        "description:he": "ארגון המודיעין של בנדר מאהשהר",
        "city:he": "בנדר מאהשהר",
        "province:he": "ח'וזסתאן",
        "id": "Mjo4NzY2OTNmZjI4ZmE",
        "publicId": "Mjo4NzY2OTNmZjI4ZmE",
        "sourceId": "876693ff28fa",
        "layerId": 2,
        "type": "location",
        "status": "active",
        "urgency": null,
        "verificationTag": "not-verified",
        "expirationDate": null,
        "createdAt": "2026-03-22T07:36:37.145Z",
        "updatedAt": "2026-03-27T22:03:18.660Z"
      }
    },
    {
      "type": "Feature",
      "id": 91887,
      "geometry": {
        "type": "Point",
        "coordinates": [
          51.46910864237674,
          35.690508197370306
        ]
      },
      "properties": {
        "name:fa": "اداره اطلاعات",
        "description": "حفاظت اطلاعات نهاجا",
        "date": 1773692746,
        "city": "تهران",
        "province": "استان تهران",
        "name:en": "Intelligence Office",
        "description:en": "IRIAF Intelligence Protection Organization",
        "city:en": "Tehran",
        "province:en": "Tehran",
        "name:ar": "إدارة الاستخبارات",
        "description:ar": "حماية استخبارات القوات الجوية لجيش الجمهورية الإسلامية.",
        "city:ar": "طهران",
        "province:ar": "طهران",
        "name:he": "משרד המודיעין",
        "description:he": "אבטחת המידע של חיל האוויר האיראני (נהאג'א)",
        "city:he": "טהראן",
        "province:he": "טהראן",
        "id": "MjowZDVlZWExNDdmZmY",
        "publicId": "MjowZDVlZWExNDdmZmY",
        "sourceId": "0d5eea147fff",
        "layerId": 2,
        "type": "location",
        "status": "active",
        "urgency": null,
        "verificationTag": "not-verified",
        "expirationDate": null,
        "createdAt": "2026-03-16T20:25:46.406Z",
        "updatedAt": "2026-03-27T22:03:18.730Z"
      }
    },
    {
      "type": "Feature",
      "id": 91888,
      "geometry": {
        "type": "Point",
        "coordinates": [
          51.47937039692482,
          35.70339085647876
        ]
      },
      "properties": {
        "name:fa": "اداره اطلاعات",
        "description": "فرماندهی اطلاعات شناسایی نهاجا",
        "date": 1773692654,
        "city": "تهران",
        "province": "استان تهران",
        "name:en": "Intelligence Office",
        "description:en": "IRIAF Intelligence and Reconnaissance Command",
        "city:en": "Tehran",
        "province:en": "Tehran",
        "name:ar": "إدارة الاستخبارات",
        "description:ar": "قيادة الاستخبارات والاستطلاع بالقوات الجوية لجيش الجمهورية الإسلامية.",
        "city:ar": "طهران",
        "province:ar": "طهران",
        "name:he": "משרד המודיעין",
        "description:he": "מפקדת המודיעין והזיהוי של חיל האוויר האיראני (נהאג'א)",
        "city:he": "טהראן",
        "province:he": "טהראן",
        "id": "MjoyOGEwZGNjZmZmZDM",
        "publicId": "MjoyOGEwZGNjZmZmZDM",
        "sourceId": "28a0dccfffd3",
        "layerId": 2,
        "type": "location",
        "status": "active",
        "urgency": null,
        "verificationTag": "not-verified",
        "expirationDate": null,
        "createdAt": "2026-03-16T20:24:14.623Z",
        "updatedAt": "2026-03-27T22:03:18.796Z"
      }
    },
    {
      "type": "Feature",
      "id": 91889,
      "geometry": {
        "type": "Point",
        "coordinates": [
          51.698979984034025,
          32.737503625425546
        ]
      },
      "properties": {
        "name:fa": "اطلاعات سپاه",
        "description": "بازداشتگاه و زندان انفرادی اطلاعات سپاه",
        "date": 1773681240,
        "city": "اصفهان",
        "province": "استان اصفهان",
        "name:en": "IRGC Intelligence",
        "description:en": "Detention center and solitary confinement of IRGC Intelligence",
        "city:en": "Isfahan",
        "province:en": "Isfahan",
        "name:ar": "استخبارات الحرس الثوري",
        "description:ar": "معتقل وسجن انفرادي تابع لاستخبارات الحرس الثوري.",
        "city:ar": "أصفهان",
        "province:ar": "أصفهان",
        "name:he": "מודיעין משמרות המהפכה",
        "city:he": "אספהאן",
        "province:he": "אספהאן",
        "id": "MjphYzNjZDBlODcwY2M",
        "publicId": "MjphYzNjZDBlODcwY2M",
        "sourceId": "ac3cd0e870cc",
        "layerId": 2,
        "type": "location",
        "status": "active",
        "urgency": null,
        "verificationTag": "not-verified",
        "expirationDate": null,
        "createdAt": "2026-03-16T17:14:00.823Z",
        "updatedAt": "2026-03-27T22:03:18.849Z"
      }
    },
    {
      "type": "Feature",
      "id": 91890,
      "geometry": {
        "type": "Point",
        "coordinates": [
          59.46256680032505,
          36.32433318746615
        ]
      },
      "properties": {
        "name:fa": "اطلاعات سپاه",
        "description": "اطلاعات سپاه",
        "date": 1773649212,
        "city": "مشهد",
        "province": "استان خراسان رضوی",
        "name:en": "IRGC Intelligence",
        "description:en": "IRGC Intelligence",
        "city:en": "Mashhad",
        "province:en": "Razavi Khorasan",
        "name:ar": "استخبارات الحرس الثوري",
        "description:ar": "استخبارات الحرس الثوري",
        "city:ar": "مشهد",
        "province:ar": "خراسان رضوي",
        "name:he": "מודיעין משמרות המהפכה",
        "description:he": "מודיעין משמרות המהפכה",
        "city:he": "משהד",
        "province:he": "ח'וראסאן רזאווי",
        "id": "MjoyMGI0Y2Q3NmYxY2I",
        "publicId": "MjoyMGI0Y2Q3NmYxY2I",
        "sourceId": "20b4cd76f1cb",
        "layerId": 2,
        "type": "location",
        "status": "active",
        "urgency": null,
        "verificationTag": "not-verified",
        "expirationDate": null,
        "createdAt": "2026-03-16T08:20:12.282Z",
        "updatedAt": "2026-03-27T22:03:19.111Z"
      }
    },
    {
      "type": "Feature",
      "id": 91891,
      "geometry": {
        "type": "Point",
        "coordinates": [
          50.97235520166754,
          35.82648437237374
        ]
      },
      "properties": {
        "name:fa": "اداره اطلاعات",
        "description": "طبق یک صحبت کوتاه با یکی از دوستان در ایران که ساکن همین منطقه هست و از محل کارش داخل مجموعه ورزشی سپاه رو میبیند ،متوجه شدم که داخل این محوطه تجهیزاتی نگهداری میشه که روی آنها با کاور پوشانده شده. اما از اینکه اون تجهیزات چی هستند و کی منتقل شدند و… هیچ اطلاعاتی نداریم. تاریخ ۱۵.۰۳.۲۰۲۶",
        "date": 1773589507,
        "city": "کرج",
        "province": "استان البرز",
        "name:en": "Intelligence Office",
        "description:en": "Based on a brief conversation with a friend in Iran who lives in this area and can see inside the IRGC sports complex from their workplace, I learned that covered equipment is kept inside this compound. However, we have no information on what the equipment is or when it was transferred. Date: 15.03.2026",
        "city:en": "Karaj",
        "province:en": "Alborz",
        "name:ar": "إدارة الاستخبارات",
        "description:ar": "بناءً على حديث قصير مع أحد الأصدقاء في إيران المقيمين في نفس المنطقة والذي يرى المجمع الرياضي للحرس الثوري من مكان عمله، علمت أنه يتم الاحتفاظ بمعدات داخل هذا المجمع مغطاة بأغطية. لكن ليس لدينا أي معلومات عن طبيعة تلك المعدات ومتى تم نقلها وما إلى ذلك. التاريخ 15.03.2026.",
        "city:ar": "كرج",
        "province:ar": "ألبرز",
        "name:he": "משרד המודיעין",
        "description:he": "לפי שיחה קצרה עם חבר באיראן שמתגורר באזור זה ורואה ממקום עבודתו את הנעשה בתוך מתחם הספורט של משמרות המהפכה, הבנתי שבתוך שטח זה מוחזק ציוד המכוסה בכיסויים. אך אין לנו שום מידע מהו הציוד הזה, מתי הועבר וכו'. תאריך 15.03.2026",
        "city:he": "כרג'",
        "province:he": "אלבורז",
        "id": "Mjo5ZjlhMzA1YWY4OTM",
        "publicId": "Mjo5ZjlhMzA1YWY4OTM",
        "sourceId": "9f9a305af893",
        "layerId": 2,
        "type": "location",
        "status": "active",
        "urgency": null,
        "verificationTag": "not-verified",
        "expirationDate": null,
        "createdAt": "2026-03-15T15:45:07.644Z",
        "updatedAt": "2026-03-27T22:03:19.171Z"
      }
    },
    {
      "type": "Feature",
      "id": 91892,
      "geometry": {
        "type": "Point",
        "coordinates": [
          51.42923909174422,
          35.71829618629127
        ]
      },
      "properties": {
        "name:fa": "اداره اطلاعات",
        "description": "نقشه دقیق نمیزاره مشخص کنم ساختمون رو  ، انتهای بن بست سینا ، یه خونه امن اطلاعات هست که  به درب از سینا داره یه درب از خ بهار شیراز بغل اداره پست . و این مکان به مجتمع بلس و منبع ابی که همونجاست.",
        "date": 1773578665,
        "city": "تهران",
        "province": "استان تهران",
        "name:en": "Intelligence Office",
        "description:en": "The map doesn't allow me to mark the exact building. At the end of Sina Dead End, there is an intelligence safehouse that has one door on Sina and another door on Bahar Shiraz Street next to the post office. This location is adjacent to the Beles complex and the water source right there.",
        "city:en": "Tehran",
        "province:en": "Tehran",
        "name:ar": "إدارة الاستخبارات",
        "description:ar": "الخريطة لا تسمح لي بتحديد المبنى بدقة، في نهاية بن بست سينا المغلق، يوجد منزل آمن للاستخبارات له باب من شارع سينا وباب آخر من شارع بهار شيراز بجوار إدارة البريد. وهذا المكان متصل بمجمع بلس وخزان المياه الموجود هناك.",
        "city:ar": "طهران",
        "province:ar": "طهران",
        "name:he": "משרד המודיעין",
        "description:he": "המפה לא מאפשרת לסמן בדיוק את הבניין. בסוף ללא מוצא סינא, יש בית בטוח של המודיעין שיש לו דלת מסינא ודלת מרחוב בהאר שיראז ליד סניף הדואר. המקום הזה מחובר למתחם בילס ולמגדל המים שנמצא שם.",
        "province:he": "טהראן",
        "id": "MjowY2Y4NjNiNGNmNmI",
        "publicId": "MjowY2Y4NjNiNGNmNmI",
        "sourceId": "0cf863b4cf6b",
        "layerId": 2,
        "type": "location",
        "status": "active",
        "urgency": null,
        "verificationTag": "not-verified",
        "expirationDate": null,
        "createdAt": "2026-03-15T12:44:25.130Z",
        "updatedAt": "2026-03-27T22:03:19.245Z"
      }
    },
    {
      "type": "Feature",
      "id": 91893,
      "geometry": {
        "type": "Point",
        "coordinates": [
          51.38213780472702,
          35.63209681817422
        ]
      },
      "properties": {
        "name:fa": "مرکز امنیتی",
        "description": "یگان امنیتی موتور سواران بسیج هست پشت ناحیه بسیج ابوذر تابلو هم داره سردرش",
        "date": 1773513247,
        "city": "تهران",
        "province": "استان تهران",
        "name:en": "Security Center",
        "description:en": "Basij motorcyclists security unit located behind the Abuzar Basij station, complete with a sign over its entrance.",
        "city:en": "Tehran",
        "province:en": "Tehran",
        "name:ar": "مركز أمني",
        "description:ar": "الوحدة الأمنية لراكبي الدراجات النارية التابعة للبسيج، تقع خلف منطقة بسيج أبو ذر وتوجد لافتة على مدخلها.",
        "city:ar": "طهران",
        "province:ar": "طهران",
        "name:he": "מרכז ביטחוני",
        "description:he": "יחידת אופנוענים ביטחונית של הבסיג' מאחורי אזור בסיג' אבו-זר, יש גם שלט על הכניסה",
        "province:he": "טהראן",
        "id": "Mjo3Mjk3NjcyNGNjNzI",
        "publicId": "Mjo3Mjk3NjcyNGNjNzI",
        "sourceId": "72976724cc72",
        "layerId": 2,
        "type": "location",
        "status": "active",
        "urgency": null,
        "verificationTag": "not-verified",
        "expirationDate": null,
        "createdAt": "2026-03-14T18:34:07.580Z",
        "updatedAt": "2026-03-27T22:03:19.303Z"
      }
    },
    {
      "type": "Feature",
      "id": 91894,
      "geometry": {
        "type": "Point",
        "coordinates": [
          47.69931181952211,
          37.44164823549515
        ]
      },
      "properties": {
        "name:fa": "اداره اطلاعات",
        "description": "اداره اطلاعات",
        "date": 1773477876,
        "city": "میانه",
        "province": "استان آذربایجان شرقی",
        "name:en": "Intelligence Office",
        "description:en": "Intelligence Office.",
        "city:en": "Mianeh",
        "province:en": "East Azerbaijan",
        "name:ar": "إدارة الاستخبارات",
        "description:ar": "إدارة الاستخبارات",
        "city:ar": "ميانه",
        "province:ar": "أذربيجان الشرقية",
        "name:he": "משרד המודיעין",
        "description:he": "משרד המודיעין",
        "city:he": "מיאנה",
        "province:he": "אזרבייג'ן המזרחית",
        "id": "Mjo4NDQxMzc3MjQwN2M",
        "publicId": "Mjo4NDQxMzc3MjQwN2M",
        "sourceId": "84413772407c",
        "layerId": 2,
        "type": "location",
        "status": "active",
        "urgency": null,
        "verificationTag": "not-verified",
        "expirationDate": null,
        "createdAt": "2026-03-14T08:44:36.055Z",
        "updatedAt": "2026-03-27T22:03:19.368Z"
      }
    },
    {
      "type": "Feature",
      "id": 91895,
      "geometry": {
        "type": "Point",
        "coordinates": [
          47.68666063365387,
          38.39453357203098
        ]
      },
      "properties": {
        "name:fa": "اطلاعات سپاه",
        "description": "خانه امن اطلاعات سپاه که تحت عنوان (امر به معروف و نهی از منکر) در بین مردم مشگین شهر شناخته میشه. محلی برای بازجویی و شکنجه بازداشتیهاییه که اسمشون در هیچ پرونده و دادگاهی ثبت نشده",
        "date": 1773457126,
        "city": "مشگين شهر",
        "province": "استان اردبیل",
        "name:en": "IRGC Intelligence",
        "description:en": "IRGC Intelligence safehouse known among the people of Meshgin Shahr under the title of 'Promotion of Virtue and Prevention of Vice.' A location for interrogating and torturing detainees whose names are not registered in any file or court.",
        "city:en": "Meshgin Shahr",
        "province:en": "Ardabil",
        "name:ar": "استخبارات الحرس الثوري",
        "description:ar": "منزل آمن لاستخبارات الحرس الثوري يعرف بين أهالي مشكين شهر تحت مسمى (الأمر بالمعروف والنهي عن المنكر). وهو مكان لاستجواب وتعذيب المعتقلين الذين لم تُسجل أسماؤهم في أي ملف أو محكمة.",
        "city:ar": "مشكين شهر",
        "province:ar": "أردبيل",
        "name:he": "מודיעין משמרות המהפכה",
        "description:he": "בית בטוח של מודיעין משמרות המהפכה המוכר בקרב תושבי משגין-שהר תחת הכסות של 'ציווי על הטוב ואיסור על הרע'. מקום לחקירות ולעינויים של עצורים ששמם אינו רשום בשום תיק או בית משפט.",
        "province:he": "ארדביל",
        "id": "MjpiOTJjOWU1YzRhZDg",
        "publicId": "MjpiOTJjOWU1YzRhZDg",
        "sourceId": "b92c9e5c4ad8",
        "layerId": 2,
        "type": "location",
        "status": "active",
        "urgency": null,
        "verificationTag": "not-verified",
        "expirationDate": null,
        "createdAt": "2026-03-14T02:58:46.770Z",
        "updatedAt": "2026-03-27T22:03:19.428Z"
      }
    },
    {
      "type": "Feature",
      "id": 91896,
      "geometry": {
        "type": "Point",
        "coordinates": [
          47.68217173019562,
          38.411690522315155
        ]
      },
      "properties": {
        "name:fa": "اطلاعات سپاه مشگین",
        "description": "بازداشتگاه مخفی اطلاعات سپاه مشگین‌شهر که بازداشتی های اخیر خیزش اردبیل و مشگین رو در این مکان شکنجه و به زور متهم میکردن که چندساله فعاله و الان هم فعاله",
        "date": 1773456510,
        "city": "مشگين شهر",
        "province": "استان اردبیل",
        "name:en": "Meshgin IRGC Intelligence",
        "description:en": "Secret detention facility of Meshgin Shahr IRGC Intelligence, where recent detainees from the Ardabil and Meshgin uprisings were tortured and forcibly coerced into false confessions. It has been active for several years and remains active now.",
        "city:en": "Meshgin Shahr",
        "province:en": "Ardabil",
        "name:ar": "استخبارات الحرس الثوري في مشكين",
        "description:ar": "معتقل سري لاستخبارات الحرس الثوري في مشكين شهر، حيث يجري تعذيب معتقلي الانتفاضة الأخيرة في أردبيل ومشجين وتوجيه التهم إليهم قسراً، وهو يعمل منذ عدة سنوات وما زال نشطاً الآن.",
        "city:ar": "مشكين شهر",
        "province:ar": "أردبيل",
        "name:he": "מודיעין משמרות המהפכה משגין",
        "description:he": "מתקן מעצר סודי של מודיעין משמרות המהפכה במשגין-שהר, שבו עינו ואילצו להודות את העצורים מההתקוממות האחרונה בארדביל ובמשגין, אשר פעיל כבר כמה שנים ופעיל גם כעת.",
        "city:he": "משגין שהר",
        "province:he": "ארדביל",
        "id": "MjpjNDU2ZmVhNjNjZTY",
        "publicId": "MjpjNDU2ZmVhNjNjZTY",
        "sourceId": "c456fea63ce6",
        "layerId": 2,
        "type": "location",
        "status": "active",
        "urgency": null,
        "verificationTag": "not-verified",
        "expirationDate": null,
        "createdAt": "2026-03-14T02:48:30.726Z",
        "updatedAt": "2026-03-27T22:03:19.492Z"
      }
    },
    {
      "type": "Feature",
      "id": 91897,
      "geometry": {
        "type": "Point",
        "coordinates": [
          47.683641540137614,
          38.39829450802972
        ]
      },
      "properties": {
        "name:fa": "اطلاعات سپاه مشگین",
        "description": "مرکز مخفی رصد سایبری اطلاعات سپاه مشگین شهر که توسط دو نفر در پوشش فروشنده فروشگاه کامپیوتری، اقدام به نصب نرم افزار روی لپتاپ و کامپیوتر و اپلیکیشن روی موبایل تبلت و تلویزیون های هوشمند مردم مشگین شهر میکنن و از طریق اون اپلیکیشن ها به دیتاهای تبادل شده دست پیدا کرده و همچنین با ضبط مخفی و شنود مردم از طریق موبایل یا تلویزیون هاشون، اقدام به دستگیر کردن مردم بیچاره میکنن. در جریان خیزشهای اخیر مردم مشگین شهر، بسیاری از جوانان و مردم توسط این مرکز شناسایی و دستگیر شدن",
        "date": 1773456342,
        "city": "مشگين شهر",
        "province": "استان اردبیل",
        "name:en": "Meshgin IRGC Intelligence",
        "description:en": "Secret cyber monitoring center of Meshgin Shahr IRGC Intelligence. Two individuals acting under the cover of computer store salesmen install software on laptops and computers, and apps on mobile phones, tablets, and smart TVs of Meshgin Shahr residents. Through these apps, they gain access to exchanged data, and by secretly recording and eavesdropping on people via their phones or TVs, they proceed to arrest innocent people. During the recent uprisings in Meshgin Shahr, many young people and citizens were identified and arrested by this center.",
        "city:en": "Meshgin Shahr",
        "province:en": "Ardabil",
        "name:ar": "استخبارات الحرس الثوري في مشكين",
        "description:ar": "مركز سري للرصد السيبراني تابع لاستخبارات الحرس الثوري في مشكين شهر، يتولاه شخصان تحت غطاء بائعي متجر حواسيب، يقومون بتثبيت برامج على أجهزة المحمول والحاسوب وتطبيقات على الهواتف والأجهزة اللوحية والتلفزيونات الذكية لأهالي مشكين شهر، ويصلون من خلال تلك التطبيقات إلى البيانات المتبادلة، كما يقومون بالتسجيل السري والتنصت على المواطنين عبر هواتفهم أو شاشات التلفزيون، ومن ثم اعتقال المواطنين المساكين. وخلال الانتفاضات الأخيرة لأهالي مشكين شهر، تم التعرف على العديد من الشباب والمواطنين واعتقالهم من قبل هذا المركز.",
        "city:ar": "مشكين شهر",
        "province:ar": "أردبيل",
        "name:he": "מודיעין משמרות המהפכה משגין",
        "description:he": "מרכז ניטור סייבר סודי של מודיעין משמרות המהפכה במשגין שהר, המופעל על ידי שני אנשים בתחפושת של מוכרים בחנות מחשבים. הם מתקינים תוכנות על מחשבים ניידים ומחשבים, ואפליקציות על טלפונים, טאבלטים וטלוויזיות חכמות של תושבי משגין שהר. באמצעות אפליקציות אלה הם ניגשים לנתונים וכן מקליטים ומצותתים בסתר דרך הטלפונים או הטלוויזיות, ועוצרים אזרחים מסכנים. במהלך התקוממויות האחרונות של תושבי משגין שהר, צעירים ואזרחים רבים זוהו ונעצרו על ידי מרכז זה.",
        "city:he": "משגין שהר",
        "province:he": "ארדביל",
        "id": "MjpkOWU3ZTVkZmQ0OGQ",
        "publicId": "MjpkOWU3ZTVkZmQ0OGQ",
        "sourceId": "d9e7e5dfd48d",
        "layerId": 2,
        "type": "location",
        "status": "active",
        "urgency": null,
        "verificationTag": "not-verified",
        "expirationDate": null,
        "createdAt": "2026-03-14T02:45:42.018Z",
        "updatedAt": "2026-03-27T22:03:19.558Z"
      }
    },
    {
      "type": "Feature",
      "id": 91898,
      "geometry": {
        "type": "Point",
        "coordinates": [
          51.461392150987336,
          35.73293556098511
        ]
      },
      "properties": {
        "name:fa": "اطلاعات سپاه",
        "description": "ساختمان اطلاعات . بازداشتگاه مخفی اطلاعات سپاه",
        "date": 1773441098,
        "city": "تهران",
        "province": "استان تهران",
        "name:en": "IRGC Intelligence",
        "description:en": "Intelligence building. Secret detention center of IRGC Intelligence.",
        "city:en": "Tehran",
        "province:en": "Tehran",
        "name:ar": "استخبارات الحرس الثوري",
        "description:ar": "مبنى الاستخبارات. معتقل سري لاستخبارات الحرس الثوري.",
        "city:ar": "طهران",
        "province:ar": "طهران",
        "name:he": "מודיעין משמרות המהפכה",
        "description:he": "בניין מודיעין. מתקן מעצר סודי של מודיעין משמרות המהפכה",
        "province:he": "טהראן",
        "id": "MjoxOWQ5NzMzM2Y4YjI",
        "publicId": "MjoxOWQ5NzMzM2Y4YjI",
        "sourceId": "19d97333f8b2",
        "layerId": 2,
        "type": "location",
        "status": "active",
        "urgency": null,
        "verificationTag": "not-verified",
        "expirationDate": null,
        "createdAt": "2026-03-13T22:31:38.050Z",
        "updatedAt": "2026-03-27T22:03:19.625Z"
      }
    },
    {
      "type": "Feature",
      "id": 91900,
      "geometry": {
        "type": "Point",
        "coordinates": [
          51.414507967449424,
          35.70367617512872
        ]
      },
      "properties": {
        "name:fa": "اداره اطلاعات",
        "description": "اطلاعات قوه قضاییه",
        "date": 1773423368,
        "city": "تهران",
        "province": "استان تهران",
        "name:en": "Intelligence Office",
        "description:en": "Judiciary Intelligence.",
        "city:en": "Tehran",
        "province:en": "Tehran",
        "name:ar": "إدارة الاستخبارات",
        "description:ar": "استخبارات السلطة القضائية",
        "city:ar": "طهران",
        "province:ar": "طهران",
        "name:he": "משרד המודיעין",
        "description:he": "מודיעין הרשות השופטת",
        "province:he": "טהראן",
        "id": "MjoxY2EyNWQ5M2JkZDk",
        "publicId": "MjoxY2EyNWQ5M2JkZDk",
        "sourceId": "1ca25d93bdd9",
        "layerId": 2,
        "type": "location",
        "status": "active",
        "urgency": null,
        "verificationTag": "not-verified",
        "expirationDate": null,
        "createdAt": "2026-03-13T17:36:08.558Z",
        "updatedAt": "2026-03-27T22:03:19.955Z"
      }
    },
    {
      "type": "Feature",
      "id": 91901,
      "geometry": {
        "type": "Point",
        "coordinates": [
          50.988305877174156,
          35.7593109266479
        ]
      },
      "properties": {
        "name:fa": "اداره اطلاعات",
        "description": "ساختمان قدیم شهرداری الان تغییر کاربری داده و شده محل حفاظت اطلاعات استان البرز",
        "date": 1773406590,
        "city": "شهرستان فردیس",
        "province": "استان البرز",
        "name:en": "Intelligence Office",
        "description:en": "The old municipality building has now been repurposed and become the location for Alborz Province Intelligence Protection.",
        "city:en": "Fardis",
        "province:en": "Alborz",
        "name:ar": "إدارة الاستخبارات",
        "description:ar": "مبنى البلدية القديم تم تغيير استخدامه حالياً وأصبح مقراً لحماية استخبارات محافظة البرز.",
        "city:ar": "قضاء فرديس",
        "province:ar": "ألبرز",
        "name:he": "משרד המודיעין",
        "description:he": "בניין העירייה הישן ששונה ייעודו והפך למוקד אבטחת המודיעין של מחוז אלבורז.",
        "city:he": "פארדיס",
        "province:he": "אלבורז",
        "id": "Mjo0NzExYjE1ZjRlYWQ",
        "publicId": "Mjo0NzExYjE1ZjRlYWQ",
        "sourceId": "4711b15f4ead",
        "layerId": 2,
        "type": "location",
        "status": "active",
        "urgency": null,
        "verificationTag": "not-verified",
        "expirationDate": null,
        "createdAt": "2026-03-13T12:56:30.322Z",
        "updatedAt": "2026-03-27T22:03:20.026Z"
      }
    },
    {
      "type": "Feature",
      "id": 91902,
      "geometry": {
        "type": "Point",
        "coordinates": [
          51.22072604122977,
          29.268351530006285
        ]
      },
      "properties": {
        "name:fa": "خانه امن اطلاعات",
        "description": "سلام وقت بخیر، اینجا خانه امن اطلاعات، یک اداره خیلی بزرگ که روی هیچ نقشه ای هم متاسفانه نیست. لطفاً اضافه ش کنید",
        "date": 1773390694,
        "city": "برازجان",
        "province": "استان بوشهر",
        "name:en": "Intelligence Safehouse",
        "description:en": "Hello, good day. This is an intelligence safehouse, a very large department that unfortunately is not on any map. Please add it.",
        "city:en": "Borazjan",
        "province:en": "Bushehr",
        "name:ar": "منزل آمن للاستخبارات",
        "description:ar": "مرحباً تحية طيبة، هذا منزل آمن للاستخبارات، وهو إدارة كبيرة جداً وللأسف ليست موجودة على أي خريطة. يرجى إضافتها.",
        "city:ar": "برازجان",
        "province:ar": "بوشهر",
        "name:he": "בית בטוח של המודיעין",
        "description:he": "שלום יום טוב, כאן בית בטוח של המודיעין, משרד גדול מאוד שלמרבה הצער אינו מופיע בשום מפה. אנא הוסיפו אותו",
        "city:he": "בראזג'אן",
        "province:he": "בושהר",
        "id": "Mjo1MTQ1MWJmNTYwMDI",
        "publicId": "Mjo1MTQ1MWJmNTYwMDI",
        "sourceId": "51451bf56002",
        "layerId": 2,
        "type": "location",
        "status": "active",
        "urgency": null,
        "verificationTag": "not-verified",
        "expirationDate": null,
        "createdAt": "2026-03-13T08:31:34.006Z",
        "updatedAt": "2026-03-27T22:03:20.096Z"
      }
    },
    {
      "type": "Feature",
      "id": 91903,
      "geometry": {
        "type": "Point",
        "coordinates": [
          59.58457590060934,
          36.286723702271786
        ]
      },
      "properties": {
        "name:fa": "خانه امن اطلاعات",
        "description": "موسسه اوج، عملا به نظر یک خانه امن اطلاعات است.",
        "date": 1773385883,
        "city": "مشهد",
        "province": "استان خراسان رضوی",
        "name:en": "Intelligence Safehouse",
        "description:en": "Owj Institute; practically appears to be an intelligence safehouse.",
        "city:en": "Mashhad",
        "province:en": "Razavi Khorasan",
        "name:ar": "منزل آمن للاستخبارات",
        "description:ar": "مؤسسة أوج تبدو عملياً كمنزل آمن للاستخبارات.",
        "city:ar": "مشهد",
        "province:ar": "خراسان رضوي",
        "name:he": "בית בטוח של המודיעין",
        "description:he": "מכון אווג', למעשה נראה כמו בית בטוח של המודיעין.",
        "city:he": "משהד",
        "province:he": "ח'וראסאן רזאווי",
        "id": "Mjo1ZWUyODFhYTZmZGE",
        "publicId": "Mjo1ZWUyODFhYTZmZGE",
        "sourceId": "5ee281aa6fda",
        "layerId": 2,
        "type": "location",
        "status": "active",
        "urgency": null,
        "verificationTag": "not-verified",
        "expirationDate": null,
        "createdAt": "2026-03-13T07:11:23.654Z",
        "updatedAt": "2026-03-27T22:03:20.172Z"
      }
    },
    {
      "type": "Feature",
      "id": 91904,
      "geometry": {
        "type": "Point",
        "coordinates": [
          53.038506445475804,
          36.5534253658103
        ]
      },
      "properties": {
        "name:fa": "خانه امن اطلاعات",
        "description": "خانه امن اطلاعات",
        "date": 1773381998,
        "city": "ساری",
        "province": "استان مازندران",
        "name:en": "Intelligence Safehouse",
        "description:en": "Intelligence safehouse.",
        "city:en": "Sari",
        "province:en": "Mazandaran",
        "name:ar": "منزل آمن للاستخبارات",
        "description:ar": "منزل آمن للاستخبارات",
        "city:ar": "ساري",
        "province:ar": "مازندران",
        "name:he": "בית בטוח של המודיעין",
        "description:he": "בית בטוח של המודיעין",
        "city:he": "סארי",
        "province:he": "מאזנדראן",
        "id": "MjplM2MzMWI3N2MzYTQ",
        "publicId": "MjplM2MzMWI3N2MzYTQ",
        "sourceId": "e3c31b77c3a4",
        "layerId": 2,
        "type": "location",
        "status": "active",
        "urgency": null,
        "verificationTag": "not-verified",
        "expirationDate": null,
        "createdAt": "2026-03-13T06:06:38.446Z",
        "updatedAt": "2026-03-27T22:03:20.233Z"
      }
    },
    {
      "type": "Feature",
      "id": 91905,
      "geometry": {
        "type": "Point",
        "coordinates": [
          53.037342716729796,
          36.554991330477606
        ]
      },
      "properties": {
        "name:fa": "اداره اطلاعات",
        "description": "اطلاعات استان مازندران",
        "date": 1773381340,
        "city": "ساری",
        "province": "استان مازندران",
        "name:en": "Intelligence Office",
        "description:en": "Mazandaran Province Intelligence.",
        "city:en": "Sari",
        "province:en": "Mazandaran",
        "name:ar": "إدارة الاستخبارات",
        "description:ar": "استخبارات محافظة مازندران",
        "city:ar": "ساري",
        "province:ar": "مازندران",
        "name:he": "משרד המודיעין",
        "description:he": "מודיעין מחוז מזנדראן",
        "city:he": "סארי",
        "province:he": "מאזנדראן",
        "id": "MjoyZDczOTExOTI4ZjQ",
        "publicId": "MjoyZDczOTExOTI4ZjQ",
        "sourceId": "2d73911928f4",
        "layerId": 2,
        "type": "location",
        "status": "active",
        "urgency": null,
        "verificationTag": "not-verified",
        "expirationDate": null,
        "createdAt": "2026-03-13T05:55:40.285Z",
        "updatedAt": "2026-03-27T22:03:20.296Z"
      }
    },
    {
      "type": "Feature",
      "id": 91906,
      "geometry": {
        "type": "Point",
        "coordinates": [
          50.87488346586221,
          32.32430006394023
        ]
      },
      "properties": {
        "name:fa": "اداره اطلاعات",
        "description": "خانه ی سرکوبگر.اطلاعاتی.مخبر",
        "date": 1773344882,
        "city": "شهركرد",
        "province": "استان چهارمحال و بختیاری",
        "name:en": "Intelligence Office",
        "description:en": "House of a suppressor, intelligence operative, informant.",
        "city:en": "Shahrekord",
        "province:en": "Chaharmahal and Bakhtiari",
        "name:ar": "إدارة الاستخبارات",
        "description:ar": "منزل عنصر قمع واستخبارات ومخبر.",
        "city:ar": "شهركرد",
        "province:ar": "جهار محال وبختياري",
        "name:he": "משרד המודיעין",
        "description:he": "בית של איש דיכוי, איש מודיעין, מודיע.",
        "city:he": "שאהר-כורד",
        "province:he": "צ'הארמחאל ובח'תיארי",
        "id": "Mjo5MDhiMDA0YmIyY2M",
        "publicId": "Mjo5MDhiMDA0YmIyY2M",
        "sourceId": "908b004bb2cc",
        "layerId": 2,
        "type": "location",
        "status": "active",
        "urgency": null,
        "verificationTag": "not-verified",
        "expirationDate": null,
        "createdAt": "2026-03-12T19:48:02.051Z",
        "updatedAt": "2026-03-27T22:03:20.359Z"
      }
    },
    {
      "type": "Feature",
      "id": 91907,
      "geometry": {
        "type": "Point",
        "coordinates": [
          51.223470760443746,
          29.266962902570185
        ]
      },
      "properties": {
        "name:fa": "اداره اطلاعات",
        "description": "ساختمان اطلاعات  برخورد موشک الآن",
        "date": 1773331726,
        "city": "برازجان",
        "province": "استان بوشهر",
        "name:en": "Intelligence Office",
        "description:en": "Intelligence building; hit by a missile just now.",
        "city:en": "Borazjan",
        "province:en": "Bushehr",
        "name:ar": "إدارة الاستخبارات",
        "description:ar": "مبنى الاستخبارات، تعرّض لإصابة صاروخية الآن.",
        "city:ar": "برازجان",
        "province:ar": "بوشهر",
        "name:he": "משרד המודיעין",
        "description:he": "בניין המודיעין, פגיעת טיל כעת",
        "city:he": "בראזג'אן",
        "province:he": "בושהר",
        "id": "MjoyYmI0MmE4NjU3NjM",
        "publicId": "MjoyYmI0MmE4NjU3NjM",
        "sourceId": "2bb42a865763",
        "layerId": 2,
        "type": "location",
        "status": "active",
        "urgency": null,
        "verificationTag": "not-verified",
        "expirationDate": null,
        "createdAt": "2026-03-12T16:08:46.335Z",
        "updatedAt": "2026-03-27T22:03:20.421Z"
      }
    },
    {
      "type": "Feature",
      "id": 91908,
      "geometry": {
        "type": "Point",
        "coordinates": [
          45.869600898380384,
          34.45843075745013
        ]
      },
      "properties": {
        "name:fa": "اداره اطلاعات",
        "description": "اداره اطلاعات و شکنجه گاه افراد سیاسی و ضد این رژیم و دارای بازداشتگاه زیر زمین و ترسناک",
        "date": 1773304967,
        "city": "سرپل ذهاب",
        "province": "استان کرمانشاه",
        "name:en": "Intelligence Office",
        "description:en": "Intelligence Office and torture center for political individuals and anti-regime dissidents, featuring a terrifying underground detention facility.",
        "city:en": "Sarpol-e Zahab",
        "province:en": "Kermanshah",
        "name:ar": "إدارة الاستخبارات",
        "description:ar": "إدارة الاستخبارات ومكان لتعذيب الناشطين السياسيين والمناهضين للنظام، وتحتوي على معتقل مرعب تحت الأرض.",
        "city:ar": "سربل ذهاب",
        "province:ar": "كرمانشاه",
        "name:he": "משרד המודיעין",
        "description:he": "משרד מודיעין ומתקן עינויים של פעילים פוליטיים ומתנגדי המשטר, בעל מתקן מעצר תת-קרקעי ומפחיד.",
        "city:he": "סרפול-א-זהאב",
        "province:he": "כרמאנשאה",
        "id": "MjphYWFlODA0N2RlMWQ",
        "publicId": "MjphYWFlODA0N2RlMWQ",
        "sourceId": "aaae8047de1d",
        "layerId": 2,
        "type": "location",
        "status": "active",
        "urgency": null,
        "verificationTag": "not-verified",
        "expirationDate": null,
        "createdAt": "2026-03-12T08:42:47.730Z",
        "updatedAt": "2026-03-27T22:03:20.483Z"
      }
    },
    {
      "type": "Feature",
      "id": 91909,
      "geometry": {
        "type": "Point",
        "coordinates": [
          53.03799013003095,
          36.55491467842883
        ]
      },
      "properties": {
        "name:fa": "اداره اطلاعات",
        "description": "مرکز اطلاعات مازندران",
        "date": 1773243000,
        "city": "ساری",
        "province": "استان مازندران",
        "name:en": "Intelligence Department",
        "description:en": "Mazandaran Intelligence Center",
        "city:en": "Sari",
        "province:en": "Mazandaran",
        "name:ar": "إدارة الاستخبارات",
        "description:ar": "مركز استخبارات مازندران",
        "city:ar": "ساري",
        "province:ar": "مازندران",
        "name:he": "משרד המודיעין",
        "description:he": "מרכז המודיעין של מזנדראן",
        "city:he": "סארי",
        "province:he": "מאזנדראן",
        "id": "MjoxYmVjOTkzMDgwZDE",
        "publicId": "MjoxYmVjOTkzMDgwZDE",
        "sourceId": "1bec993080d1",
        "layerId": 2,
        "type": "location",
        "status": "active",
        "urgency": null,
        "verificationTag": "not-verified",
        "expirationDate": null,
        "createdAt": "2026-03-11T15:30:00.444Z",
        "updatedAt": "2026-03-27T22:03:20.545Z"
      }
    },
    {
      "type": "Feature",
      "id": 91910,
      "geometry": {
        "type": "Point",
        "coordinates": [
          45.639377728245705,
          33.88817839263555
        ]
      },
      "properties": {
        "name:fa": "اطلاعات سپاه ارشد",
        "description": "درود این مکان از ساختمانهای اطلاعات برون مرزی و و سپاه قدس و خیلی مهم است و این بلوک همه مال سپاه است مخصوصا ساختمان وسطی که مقامات اطلاعات سپاه ارشد نقشه میریزند من دیدم خودم",
        "date": 1773234142,
        "city": "سومار",
        "province": "استان کرمانشاه",
        "name:en": "Senior IRGC Intelligence",
        "description:en": "Greetings, this place is one of the overseas intelligence and Quds Force buildings and is very important. This entire block belongs to the IRGC, especially the middle building where senior IRGC intelligence officials plan; I saw it myself.",
        "city:en": "Sumar",
        "province:en": "Kermanshah",
        "name:ar": "استخبارات الحرس الثوري رفيعة المستوى",
        "description:ar": "تحية، هذا المكان من مباني الاستخبارات الخارجية وفيلق القدس وهو مهم جداً، وهذا المجمع بكامله تابع للحرس الثوري وخاصة المبنى الأوسط حيث يخطط كبار مسؤولي استخبارات الحرس الثوري، لقد رأيت ذلك بنفسي.",
        "city:ar": "سومار",
        "province:ar": "كرمانشاه",
        "name:he": "מודיעין משמרות המהפכה הבכיר",
        "description:he": "שלום, המקום הזה הוא מבין בנייני מודיעין חוץ וכוח קודס והוא חשוב מאוד. כל הבלוק הזה שייך למשמרות המהפכה, במיוחד הבניין המרכזי שבו בכירים במודיעין משמרות המהפכה מכינים תוכניות, ראיתי זאת בעצמי",
        "city:he": "סומאר",
        "province:he": "כרמאנשאה",
        "id": "MjozMDMwNzU5NGVjMDk",
        "publicId": "MjozMDMwNzU5NGVjMDk",
        "sourceId": "30307594ec09",
        "layerId": 2,
        "type": "location",
        "status": "active",
        "urgency": null,
        "verificationTag": "not-verified",
        "expirationDate": null,
        "createdAt": "2026-03-11T13:02:22.734Z",
        "updatedAt": "2026-03-27T22:03:20.799Z"
      }
    },
    {
      "type": "Feature",
      "id": 91911,
      "geometry": {
        "type": "Point",
        "coordinates": [
          57.101917329658164,
          26.522637232895377
        ]
      },
      "properties": {
        "name:fa": "امنیت اخلاقی",
        "description": "امنیت اخلاقی",
        "date": 1773232942,
        "city": "سیریک",
        "province": "استان هرمزگان",
        "name:en": "Moral Security",
        "description:en": "Moral Security",
        "city:en": "Sirik",
        "province:en": "Hormozgan",
        "name:ar": "الأمن الأخلاقي",
        "description:ar": "الأمن الأخلاقي",
        "city:ar": "سيريك",
        "province:ar": "هرمزكان",
        "name:he": "ביטחון מוסרי",
        "description:he": "ביטחון מוסרי",
        "city:he": "סיריק",
        "province:he": "הורמוזגאן",
        "id": "MjpmYWViZDRmMjgyZTU",
        "publicId": "MjpmYWViZDRmMjgyZTU",
        "sourceId": "faebd4f282e5",
        "layerId": 2,
        "type": "location",
        "status": "active",
        "urgency": null,
        "verificationTag": "not-verified",
        "expirationDate": null,
        "createdAt": "2026-03-11T12:42:22.638Z",
        "updatedAt": "2026-03-27T22:03:20.860Z"
      }
    },
    {
      "type": "Feature",
      "id": 91912,
      "geometry": {
        "type": "Point",
        "coordinates": [
          57.11969388157215,
          26.524794068753906
        ]
      },
      "properties": {
        "name:fa": "اداره اطلاعات",
        "description": "سالن ورزشی جهت استفاده شکنجه مردم و نگهداری اسناد و مدارک و اتاق هایی داره که برای اطلاعات و شکنجه استفاده میشه",
        "date": 1773232763,
        "city": "سیریک",
        "province": "استان هرمزگان",
        "name:en": "Intelligence Department",
        "description:en": "Sports hall used for torturing people and storing documents and records, containing rooms used for intelligence and torture",
        "city:en": "Sirik",
        "province:en": "Hormozgan",
        "name:ar": "إدارة الاستخبارات",
        "description:ar": "صالة رياضية تُستخدم لتعذيب المواطنين وحفظ الوثائق والمستندات، وتحتوي على غرف تُستخدم للاستخبارات والتعذيب",
        "city:ar": "سيريك",
        "province:ar": "هرمزكان",
        "name:he": "משרד המודיעין",
        "description:he": "אולם ספורט המשמש לעינויי אזרחים ולשמירת מסמכים ותיקים, וכולל חדרים המשמשים למודיעין ולעינויים.",
        "city:he": "סיריק",
        "province:he": "הורמוזגאן",
        "id": "MjpmNWEzY2E5NjViZWM",
        "publicId": "MjpmNWEzY2E5NjViZWM",
        "sourceId": "f5a3ca965bec",
        "layerId": 2,
        "type": "location",
        "status": "active",
        "urgency": null,
        "verificationTag": "not-verified",
        "expirationDate": null,
        "createdAt": "2026-03-11T12:39:23.441Z",
        "updatedAt": "2026-03-27T22:03:20.922Z"
      }
    },
    {
      "type": "Feature",
      "id": 91913,
      "geometry": {
        "type": "Point",
        "coordinates": [
          57.11989093141446,
          26.525767465588686
        ]
      },
      "properties": {
        "name:fa": "اداره اطلاعات",
        "description": "ساختمان اطلاعات و عملیات",
        "date": 1773232702,
        "city": "شهرستان سیریک",
        "province": "استان هرمزگان",
        "name:en": "Intelligence Department",
        "description:en": "Intelligence and Operations Building",
        "city:en": "Sirik County",
        "province:en": "Hormozgan",
        "name:ar": "إدارة الاستخبارات",
        "description:ar": "مبنى الاستخبارات والعمليات",
        "city:ar": "مقاطعة سيريك",
        "province:ar": "هرمزكان",
        "name:he": "משרד המודיעין",
        "description:he": "בניין מודיעין ומבצעים",
        "city:he": "סיריק",
        "province:he": "הורמוזגאן",
        "id": "MjowYWY1MjY3ODk0NTY",
        "publicId": "MjowYWY1MjY3ODk0NTY",
        "sourceId": "0af526789456",
        "layerId": 2,
        "type": "location",
        "status": "active",
        "urgency": null,
        "verificationTag": "not-verified",
        "expirationDate": null,
        "createdAt": "2026-03-11T12:38:22.842Z",
        "updatedAt": "2026-03-27T22:03:20.994Z"
      }
    },
    {
      "type": "Feature",
      "id": 91914,
      "geometry": {
        "type": "Point",
        "coordinates": [
          49.60970520445369,
          37.28427989214164
        ]
      },
      "properties": {
        "name:fa": "اطلاعات سپاه",
        "description": "ورودی و کوچه منتهی به سازمان اطلاعات سپاه",
        "date": 1773223743,
        "city": "رشت",
        "province": "استان گیلان",
        "name:en": "IRGC Intelligence",
        "description:en": "Entrance and alley leading to the IRGC Intelligence Organization",
        "city:en": "Rasht",
        "province:en": "Gilan",
        "name:ar": "استخبارات الحرس الثوري",
        "description:ar": "المدخل والزقاق المؤدي إلى جهاز استخبارات الحرس الثوري",
        "city:ar": "رشت",
        "province:ar": "جيلان",
        "name:he": "מודיעין משמרות המהפכה",
        "description:he": "הכניסה והסמטה המובילה לארגון המודיעין של משמרות המהפכה",
        "city:he": "רשת",
        "province:he": "גילאן",
        "id": "MjphZWYzNTc5YWRiYmQ",
        "publicId": "MjphZWYzNTc5YWRiYmQ",
        "sourceId": "aef3579adbbd",
        "layerId": 2,
        "type": "location",
        "status": "active",
        "urgency": null,
        "verificationTag": "not-verified",
        "expirationDate": null,
        "createdAt": "2026-03-11T10:09:03.272Z",
        "updatedAt": "2026-03-27T22:03:21.059Z"
      }
    },
    {
      "type": "Feature",
      "id": 91915,
      "geometry": {
        "type": "Point",
        "coordinates": [
          49.609299723641726,
          37.284755956796914
        ]
      },
      "properties": {
        "name:fa": "اطلاعات سپاه",
        "description": "مدرسه کنار سازمان اطلاعات سپاه",
        "date": 1773223526,
        "city": "رشت",
        "province": "استان گیلان",
        "name:en": "IRGC Intelligence",
        "description:en": "School next to the IRGC Intelligence Organization",
        "city:en": "Rasht",
        "province:en": "Gilan",
        "name:ar": "استخبارات الحرس الثوري",
        "description:ar": "المدرسة المجاورة لجهاز استخبارات الحرس الثوري",
        "city:ar": "رشت",
        "province:ar": "جيلان",
        "name:he": "מודיעין משמרות המהפכה",
        "city:he": "רשת",
        "province:he": "גילאן",
        "id": "MjphOTY4ZGRkY2I4Yzc",
        "publicId": "MjphOTY4ZGRkY2I4Yzc",
        "sourceId": "a968dddcb8c7",
        "layerId": 2,
        "type": "location",
        "status": "active",
        "urgency": null,
        "verificationTag": "not-verified",
        "expirationDate": null,
        "createdAt": "2026-03-11T10:05:26.234Z",
        "updatedAt": "2026-03-27T22:03:21.123Z"
      }
    },
    {
      "type": "Feature",
      "id": 91916,
      "geometry": {
        "type": "Point",
        "coordinates": [
          53.16048630531256,
          30.217814017250163
        ]
      },
      "properties": {
        "name:fa": "مرکز امنیتی",
        "description": "مخفیگاه نیرو های امنیتی در زمان اعتراضات",
        "date": 1773148149,
        "city": "ابوالوردی",
        "province": "استان فارس",
        "name:en": "Security Center",
        "description:en": "Hideout for security forces during protests",
        "city:en": "Abolverdi",
        "province:en": "Fars",
        "name:ar": "مركز أمني",
        "description:ar": "مخبأ القوات الأمنية خلال فترة الاحتجاجات",
        "city:ar": "أبو الوردي",
        "province:ar": "فارس",
        "name:he": "מרכז ביטחוני",
        "description:he": "מחבוא של כוחות הביטחון בזמן מחאות",
        "city:he": "אבולוורדי",
        "province:he": "פארס",
        "id": "MjowNmQ2YWRhYjllNmQ",
        "publicId": "MjowNmQ2YWRhYjllNmQ",
        "sourceId": "06d6adab9e6d",
        "layerId": 2,
        "type": "location",
        "status": "active",
        "urgency": null,
        "verificationTag": "not-verified",
        "expirationDate": null,
        "createdAt": "2026-03-10T13:09:09.438Z",
        "updatedAt": "2026-03-27T22:03:21.183Z"
      }
    },
    {
      "type": "Feature",
      "id": 91917,
      "geometry": {
        "type": "Point",
        "coordinates": [
          51.384336587104855,
          35.68427192181842
        ]
      },
      "properties": {
        "name:fa": "اطلاعات سپاه",
        "description": "مخفیگاه اطلاعات سپاه و محل شکنجه و بازجویی",
        "date": 1773131999,
        "city": "تهران",
        "province": "استان تهران",
        "name:en": "IRGC Intelligence",
        "description:en": "Hideout of IRGC Intelligence and a place for torture and interrogation",
        "city:en": "Tehran",
        "province:en": "Tehran",
        "name:ar": "استخبارات الحرس الثوري",
        "description:ar": "مخبأ استخبارات الحرس الثوري ومكان التعذيب والاستجواب",
        "city:ar": "طهران",
        "province:ar": "طهران",
        "name:he": "מודיעין משמרות המהפכה",
        "description:he": "מחבוא של מודיעין משמרות המהפכה ומקום עינויים וחקירות",
        "city:he": "טהראן",
        "province:he": "טהראן",
        "id": "MjpmOTU2ZjBmN2VlODc",
        "publicId": "MjpmOTU2ZjBmN2VlODc",
        "sourceId": "f956f0f7ee87",
        "layerId": 2,
        "type": "location",
        "status": "active",
        "urgency": null,
        "verificationTag": "not-verified",
        "expirationDate": null,
        "createdAt": "2026-03-10T08:39:59.975Z",
        "updatedAt": "2026-03-27T22:03:21.252Z"
      }
    },
    {
      "type": "Feature",
      "id": 91918,
      "geometry": {
        "type": "Point",
        "coordinates": [
          50.86477916865448,
          34.62863677523207
        ]
      },
      "properties": {
        "city": "قم",
        "date": 1773109988,
        "name:fa": "وزارت اطلاعات",
        "province": "استان قم",
        "description": "ساختمان مخفی وزارت اطلاعات قم - آموزش عقیدتی سیاسی طلاب حوزه علمیه بسیار مهم",
        "name:en": "Ministry of Intelligence",
        "description:en": "Secret building of the Ministry of Intelligence in Qom - Very important political and ideological training for seminary students",
        "city:en": "Qom",
        "province:en": "Qom",
        "name:ar": "وزارة الاستخبارات",
        "description:ar": "المبنى السري لوزارة الاستخبارات في قم - التدريب العقائدي السياسي لطلاب الحوزة العلمية، مهم جداً",
        "city:ar": "قم",
        "province:ar": "قم",
        "name:he": "משרד המודיעין",
        "description:he": "בניין סודי של משרד המודיעין בקום - הכשרה אידאולוגית-פוליטית לתלמידי מדרשה שיעית, חשוב מאוד",
        "city:he": "קום",
        "province:he": "קום",
        "id": "MjowNDRiZTVmZDNmODM",
        "publicId": "MjowNDRiZTVmZDNmODM",
        "sourceId": "044be5fd3f83",
        "layerId": 2,
        "type": "location",
        "status": "active",
        "urgency": null,
        "verificationTag": "not-verified",
        "expirationDate": null,
        "createdAt": "2026-03-10T02:33:08.343Z",
        "updatedAt": "2026-04-08T20:49:25.406Z"
      }
    },
    {
      "type": "Feature",
      "id": 91919,
      "geometry": {
        "type": "Point",
        "coordinates": [
          50.87337392614822,
          34.639040725350256
        ]
      },
      "properties": {
        "name:fa": "اطلاعات سپاه پاسداران استان",
        "description": "ساختمان ستاد خبری حفاظت اطلاعات سپاه پاسداران استان قم",
        "date": 1773109245,
        "city": "قم",
        "province": "استان قم",
        "name:en": "Provincial IRGC Intelligence",
        "description:en": "News headquarters building of the Islamic Revolutionary Guard Corps Information Protection in Qom Province",
        "city:en": "Qom",
        "province:en": "Qom",
        "name:ar": "استخبارات حرس الثورة بمحافظة قم",
        "description:ar": "مبنى مقر الأخبار التابع لحماية استخبارات الحرس الثوري بمحافظة قم",
        "city:ar": "قم",
        "province:ar": "قم",
        "name:he": "מודיעין משמרות המהפכה המחוזי",
        "description:he": "בניין מטה הדיווחים של אבטחת המודיעין של משמרות המהפכה במחוז קום",
        "city:he": "קום",
        "province:he": "קום",
        "id": "MjphY2QzY2Y5NGIzZjk",
        "publicId": "MjphY2QzY2Y5NGIzZjk",
        "sourceId": "acd3cf94b3f9",
        "layerId": 2,
        "type": "location",
        "status": "active",
        "urgency": null,
        "verificationTag": "not-verified",
        "expirationDate": null,
        "createdAt": "2026-03-10T02:20:45.645Z",
        "updatedAt": "2026-03-27T22:03:21.395Z"
      }
    },
    {
      "type": "Feature",
      "id": 91920,
      "geometry": {
        "type": "Point",
        "coordinates": [
          46.20601295274679,
          36.5033388389205
        ]
      },
      "properties": {
        "name:fa": "اداره اطلاعات",
        "description": "مدرسه شبانه روزی دخترانه فاطمه  ( در حال حاضر نیروهای سپاه پاسداران و اطلاعات در این ساختمان پناه گرفتن)",
        "date": 1773098804,
        "city": "بوکان",
        "province": "استان آذربایجان غربی",
        "name:en": "Intelligence Department",
        "description:en": "Fatemeh Girls' Boarding School (currently Islamic Revolutionary Guard Corps and intelligence forces are taking shelter in this building)",
        "city:en": "Bukan",
        "province:en": "West Azerbaijan",
        "name:ar": "إدارة الاستخبارات",
        "description:ar": "مدرسة فاطمة الداخلية للبنات (في الوقت الحالي تتحصن قوات الحرس الثوري والاستخبارات في هذا المبنى)",
        "city:ar": "بوكان",
        "province:ar": "أذربيجان الغربية",
        "name:he": "משרד המודיעין",
        "description:he": "פנימיית הבנות פאטמה (כיום כוחות משמרות המהפכה והמודיעין תופסים מחסה בבניין זה)",
        "city:he": "בוקאן",
        "province:he": "אזרבייג'ן המערבית",
        "id": "Mjo5NGQzMDczNGZmNjg",
        "publicId": "Mjo5NGQzMDczNGZmNjg",
        "sourceId": "94d30734ff68",
        "layerId": 2,
        "type": "location",
        "status": "active",
        "urgency": null,
        "verificationTag": "not-verified",
        "expirationDate": null,
        "createdAt": "2026-03-09T23:26:44.337Z",
        "updatedAt": "2026-03-27T22:03:21.660Z"
      }
    },
    {
      "type": "Feature",
      "id": 91921,
      "geometry": {
        "type": "Point",
        "coordinates": [
          51.69894206125551,
          32.73763741827487
        ]
      },
      "properties": {
        "name:fa": "سازمان اطلاعات سپاه انفرادی",
        "description": "بازداشتگاه سازمان اطلاعات سپاه انفرادی بازداشت شدگان امنیتی و سیاسی (متمایز از زندان کانون و زنان و مالی است.)",
        "date": 1773048266,
        "city": "اصفهان",
        "province": "استان اصفهان",
        "name:en": "IRGC Intelligence Organization Solitary Confinement",
        "description:en": "IRGC Intelligence Organization detention center, solitary confinement for security and political detainees (distinct from the juvenile center, women's, and financial prisons).",
        "city:en": "Isfahan",
        "province:en": "Isfahan",
        "name:ar": "جهاز استخبارات الحرس الثوري - الانفرادي",
        "description:ar": "مركز احتجاز جهاز استخبارات الحرس الثوري الانفرادي للمعتقلين الأمنيين والسياسيين (مستقل عن سجن الأحداث وسجن النساء والمالي).",
        "city:ar": "أصفهان",
        "province:ar": "أصفهان",
        "name:he": "ארגון המודיעין של משמרות המהפכה - תאים בודדים",
        "description:he": "מתקן מעצר (תאים בודדים) של ארגון המודיעין של משמרות המהפכה עבור עצורים ביטחוניים ופוליטיים (נפרד מבית הסוהר לנוער, נשים ופלילי).",
        "city:he": "אספהאן",
        "province:he": "אספהאן",
        "id": "MjoyMzI5MmFhYmRjMzk",
        "publicId": "MjoyMzI5MmFhYmRjMzk",
        "sourceId": "23292aabdc39",
        "layerId": 2,
        "type": "location",
        "status": "active",
        "urgency": null,
        "verificationTag": "not-verified",
        "expirationDate": null,
        "createdAt": "2026-03-09T09:24:26.273Z",
        "updatedAt": "2026-03-27T22:03:21.710Z"
      }
    },
    {
      "type": "Feature",
      "id": 91922,
      "geometry": {
        "type": "Point",
        "coordinates": [
          47.96684795635218,
          34.50129605612071
        ]
      },
      "properties": {
        "name:fa": "اداره اطلاعات",
        "description": "اطلاعات کنگاور",
        "date": 1773001144,
        "city": "كنگاور",
        "province": "استان کرمانشاه",
        "name:en": "Intelligence Department",
        "description:en": "Kangavar Intelligence",
        "city:en": "Kangavar",
        "province:en": "Kermanshah",
        "name:ar": "إدارة الاستخبارات",
        "description:ar": "استخبارات كنكاور",
        "city:ar": "كنكاور",
        "province:ar": "كرمانشاه",
        "name:he": "מחלקת המודיעין",
        "description:he": "מודיעין קנגאוור.",
        "city:he": "קנגאוור",
        "province:he": "כרמאנשאה",
        "id": "Mjo2Yjk3NmQ3MWQzNjQ",
        "publicId": "Mjo2Yjk3NmQ3MWQzNjQ",
        "sourceId": "6b976d71d364",
        "layerId": 2,
        "type": "location",
        "status": "active",
        "urgency": null,
        "verificationTag": "not-verified",
        "expirationDate": null,
        "createdAt": "2026-03-08T20:19:04.141Z",
        "updatedAt": "2026-03-27T22:03:21.771Z"
      }
    },
    {
      "type": "Feature",
      "id": 91923,
      "geometry": {
        "type": "Point",
        "coordinates": [
          48.49379419120007,
          36.68722498978525
        ]
      },
      "properties": {
        "city": "زنجان",
        "date": 1772981769,
        "name:fa": "اداره اطلاعات استان",
        "province": "استان زنجان",
        "description": "کل این محوطه با اون محوطه زرد رنگی که مشخص کردین مجموعه اداره اطلاعات استان هست، که از غرب به دادگستری و از شرق به دادسرا هم چسبیده و راه داره. اگر لازم باشه مردم مراجعه کنند (برای ارائه توضیحات) باید از این درب مشرف به اتوبان ۲۲ بهمن مراجعه کنند، اون درب که شمال مجموعه هست و روبروی مرکز آتش‌نشانی درب کارمندان هست.",
        "name:en": "Provincial Intelligence Department",
        "description:en": "This entire area, along with the yellow highlighted area you specified, is the Provincial Intelligence Department complex, which is attached to and accessible from the Department of Justice to the west and the Prosecutor's Office to the east. If people need to visit (to provide explanations), they must use this door overlooking the 22 Bahman Highway; the door north of the complex, opposite the fire station, is the staff entrance.",
        "city:en": "Zanjan",
        "province:en": "Zanjan",
        "name:ar": "إدارة استخبارات المحافظة",
        "description:ar": "كل هذه المنطقة مع تلك المنطقة الصفراء التي حددتموها هي مجمع إدارة استخبارات المحافظة، حيث يتصل من الغرب بقصر العدل ومن الشرق بالنيابة العامة. إذا كان من الضروري أن يراجع المواطنون (لتقديم توضيحات)، فعليهم المراجعة من هذا الباب المطل على طريق 22 بهمن السريع، بينما الباب الواقع شمال المجمع والمقابل لمركز الإطفاء هو باب الموظفين.",
        "city:ar": "زنجان",
        "province:ar": "زنجان",
        "name:he": "משרד המודיעין המחוזי",
        "city:he": "זנג'אן",
        "province:he": "זנג'אן",
        "id": "MjpjNjRkOTg0Njc0MzE",
        "publicId": "MjpjNjRkOTg0Njc0MzE",
        "sourceId": "c64d98467431",
        "layerId": 2,
        "type": "location",
        "status": "active",
        "urgency": null,
        "verificationTag": "not-verified",
        "expirationDate": null,
        "createdAt": "2026-03-08T14:56:09.364Z",
        "updatedAt": "2026-04-08T20:32:54.470Z"
      }
    },
    {
      "type": "Feature",
      "id": 91924,
      "geometry": {
        "type": "Point",
        "coordinates": [
          47.0632777077538,
          38.4681731014808
        ]
      },
      "properties": {
        "name:fa": "اطلاعات سپاه شهرستان",
        "description": "حفاظت اطلاعات سپاه شهرستان اهر",
        "date": 1772908741,
        "city": "اهر",
        "province": "استان آذربایجان شرقی",
        "name:en": "County IRGC Intelligence",
        "description:en": "IRGC Intelligence Protection of Ahar County",
        "city:en": "Ahar",
        "province:en": "East Azerbaijan",
        "name:ar": "استخبارات الحرس الثوري بالمقاطعة",
        "description:ar": "حماية استخبارات الحرس الثوري في مقاطعة أهر",
        "city:ar": "أهر",
        "province:ar": "أذربيجان الشرقية",
        "name:he": "מודיעין משמרות המהפכה הנפתי",
        "description:he": "אבטחת מודיעין משמרות המהפכה בנפת אהר.",
        "city:he": "אהר",
        "province:he": "אזרבייג'ן המזרחית",
        "id": "MjphMzM0ODg1YjllYjM",
        "publicId": "MjphMzM0ODg1YjllYjM",
        "sourceId": "a334885b9eb3",
        "layerId": 2,
        "type": "location",
        "status": "active",
        "urgency": null,
        "verificationTag": "not-verified",
        "expirationDate": null,
        "createdAt": "2026-03-07T18:39:01.761Z",
        "updatedAt": "2026-03-27T22:03:21.909Z"
      }
    },
    {
      "type": "Feature",
      "id": 91925,
      "geometry": {
        "type": "Point",
        "coordinates": [
          51.67109701211865,
          32.6445658582699
        ]
      },
      "properties": {
        "name:fa": "وزارت اطلاعات",
        "description": "مهمانسرای وزارت اطلاعات و سپاه که در زمان دعوت از سران کشور از آن استفاده می شود. کاملا محافظت شده و در قلب مجموعه ای از پایگاه های بسیج و سپاه پاسداران انقلاب اسلامی",
        "date": 1772894633,
        "city": "اصفهان",
        "province": "استان اصفهان",
        "name:en": "Ministry of Intelligence",
        "description:en": "Guesthouse of the Ministry of Intelligence and IRGC, used when hosting state officials. Fully secured and located in the heart of a cluster of Basij and Islamic Revolutionary Guard Corps bases.",
        "city:en": "Isfahan",
        "province:en": "Isfahan",
        "name:ar": "وزارة الاستخبارات",
        "description:ar": "دار ضيافة لوزارة الاستخبارات والحرس الثوري تُستخدم عند استضافة قادة البلاد. محمية بالكامل وتقع في قلب مجموعة من القواعد التابعة للبسيط وحرس الثورة الإسلامية.",
        "city:ar": "أصفهان",
        "province:ar": "أصفهان",
        "name:he": "משרד המודיעין",
        "description:he": "בית הארחה של משרד המודיעין ומשמרות המהפכה המשמש בעת הזמנת מנהיגי המדינה. מאובטח לחלוטין ושוכנת בלב מתחם של בסיסי בסייג' ומשמרות המהפכה האסלאמית.",
        "city:he": "אספהאן",
        "province:he": "אספהאן",
        "id": "MjpjZjk5YmJjZTcyYjA",
        "publicId": "MjpjZjk5YmJjZTcyYjA",
        "sourceId": "cf99bbce72b0",
        "layerId": 2,
        "type": "location",
        "status": "active",
        "urgency": null,
        "verificationTag": "not-verified",
        "expirationDate": null,
        "createdAt": "2026-03-07T14:43:53.776Z",
        "updatedAt": "2026-03-27T22:03:21.974Z"
      }
    },
    {
      "type": "Feature",
      "id": 91926,
      "geometry": {
        "type": "Point",
        "coordinates": [
          51.873832198343024,
          32.015186012282726
        ]
      },
      "properties": {
        "name:fa": "اطلاعات سپاه",
        "description": "اطلاعات سپاه",
        "date": 1772887652,
        "city": "شهرضا",
        "province": "استان اصفهان",
        "name:en": "IRGC Intelligence",
        "description:en": "IRGC Intelligence",
        "city:en": "Shahreza",
        "province:en": "Isfahan",
        "name:ar": "استخبارات الحرس الثوري",
        "description:ar": "استخبارات الحرس الثوري",
        "city:ar": "شهرضا",
        "province:ar": "أصفهان",
        "name:he": "מודיעין משמרות המהפכה",
        "description:he": "מודיעין משמרות המהפכה",
        "city:he": "שאהרזא",
        "province:he": "אספהאן",
        "id": "MjphMzljNjc5MTM2MDg",
        "publicId": "MjphMzljNjc5MTM2MDg",
        "sourceId": "a39c67913608",
        "layerId": 2,
        "type": "location",
        "status": "active",
        "urgency": null,
        "verificationTag": "not-verified",
        "expirationDate": null,
        "createdAt": "2026-03-07T12:47:32.631Z",
        "updatedAt": "2026-03-27T22:03:22.042Z"
      }
    },
    {
      "type": "Feature",
      "id": 91927,
      "geometry": {
        "type": "Point",
        "coordinates": [
          48.35016391285521,
          33.49514241802436
        ]
      },
      "properties": {
        "name:fa": "اداره اطلاعات",
        "description": "اداره اطلاعات",
        "date": 1772872297,
        "city": "خرم آباد",
        "province": "استان لرستان",
        "name:en": "Intelligence Office",
        "description:en": "Intelligence Office",
        "city:en": "Khorramabad",
        "province:en": "Lorestan",
        "name:ar": "إدارة الاستخبارات",
        "description:ar": "إدارة الاستخبارات",
        "city:ar": "خرم آباد",
        "province:ar": "لرستان",
        "name:he": "מחלקת המודיעין",
        "description:he": "מחלקת המודיעין.",
        "city:he": "ח'ורמאבאד",
        "province:he": "לורסתאן",
        "id": "MjowNjgxOWMwYTk2ZmM",
        "publicId": "MjowNjgxOWMwYTk2ZmM",
        "sourceId": "06819c0a96fc",
        "layerId": 2,
        "type": "location",
        "status": "active",
        "urgency": null,
        "verificationTag": "not-verified",
        "expirationDate": null,
        "createdAt": "2026-03-07T08:31:37.554Z",
        "updatedAt": "2026-03-27T22:03:22.099Z"
      }
    },
    {
      "type": "Feature",
      "id": 91928,
      "geometry": {
        "type": "Point",
        "coordinates": [
          50.97999968848276,
          35.84488669883676
        ]
      },
      "properties": {
        "city": "کرج",
        "date": 1772842580,
        "name:fa": "دفتر پیگیری وزارت اطلاعات",
        "province": "استان البرز",
        "description": "یکی از مکان های وزارت اطلاعات به نام دفتر پیگیری",
        "name:en": "Ministry of Intelligence Follow-Up Office",
        "description:en": "One of the Ministry of Intelligence locations named the Follow-Up Office",
        "city:en": "Karaj",
        "province:en": "Alborz",
        "name:ar": "مكتب المتابعة لوزارة الاستخبارات",
        "description:ar": "أحد مواقع وزارة الاستخبارات المعروف باسم مكتب المتابعة",
        "city:ar": "كرج",
        "province:ar": "ألبرز",
        "name:he": "משרד המעקב של משרד המודיעין",
        "description:he": "אחד ממתקני משרד המודיעין הנקרא \"משרד המעקב\".",
        "city:he": "כרג'",
        "province:he": "אלבורז",
        "id": "MjoxNzM5MzQwM2M1MDA",
        "publicId": "MjoxNzM5MzQwM2M1MDA",
        "sourceId": "17393403c500",
        "layerId": 2,
        "type": "location",
        "status": "active",
        "urgency": null,
        "verificationTag": "not-verified",
        "expirationDate": null,
        "createdAt": "2026-03-07T00:16:20.012Z",
        "updatedAt": "2026-04-08T20:32:54.476Z"
      }
    },
    {
      "type": "Feature",
      "id": 91929,
      "geometry": {
        "type": "Point",
        "coordinates": [
          53.03815186448372,
          36.55407118084436
        ]
      },
      "properties": {
        "name:fa": "اداره اطلاعات",
        "description": "اطلاعات استان مازندران",
        "date": 1772829641,
        "city": "ساری",
        "province": "استان مازندران",
        "name:en": "Intelligence Office",
        "description:en": "Mazandaran Province Intelligence",
        "city:en": "Sari",
        "province:en": "Mazandaran",
        "name:ar": "إدارة الاستخبارات",
        "description:ar": "استخبارات محافظة مازندران",
        "city:ar": "ساري",
        "province:ar": "مازندران",
        "name:he": "מחלקת המודיעין",
        "description:he": "מודיעין מחוז מאזנדראן.",
        "city:he": "סארי",
        "province:he": "מאזנדראן",
        "id": "Mjo0OGJkMmQwZjdkZTg",
        "publicId": "Mjo0OGJkMmQwZjdkZTg",
        "sourceId": "48bd2d0f7de8",
        "layerId": 2,
        "type": "location",
        "status": "active",
        "urgency": null,
        "verificationTag": "not-verified",
        "expirationDate": null,
        "createdAt": "2026-03-06T20:40:41.499Z",
        "updatedAt": "2026-03-27T22:03:22.220Z"
      }
    },
    {
      "type": "Feature",
      "id": 91930,
      "geometry": {
        "type": "Point",
        "coordinates": [
          51.60259344007008,
          30.65282546785123
        ]
      },
      "properties": {
        "name:fa": "اداره اطلاعات",
        "description": "دوربین اداره اطلاعات",
        "date": 1772754274,
        "city": "ياسوج",
        "province": "استان کهگیلویه و بویراحمد",
        "name:en": "Intelligence Office",
        "description:en": "Intelligence Office camera",
        "city:en": "Yasuj",
        "province:en": "Kohgiluyeh and Boyer-Ahmad",
        "name:ar": "إدارة الاستخبارات",
        "description:ar": "كاميرا إدارة الاستخبارات",
        "city:ar": "ياسوج",
        "province:ar": "كهكيلويه وبوير أحمد",
        "name:he": "מחלקת המודיעין",
        "description:he": "מצלמת מחלקת המודיעין.",
        "city:he": "יאסוג'",
        "province:he": "כהגילויה ובויראחמד",
        "id": "MjozN2UwNzI4ZTM3Mjc",
        "publicId": "MjozN2UwNzI4ZTM3Mjc",
        "sourceId": "37e0728e3727",
        "layerId": 2,
        "type": "location",
        "status": "active",
        "urgency": null,
        "verificationTag": "not-verified",
        "expirationDate": null,
        "createdAt": "2026-03-05T23:44:34.673Z",
        "updatedAt": "2026-03-27T22:03:22.483Z"
      }
    },
    {
      "type": "Feature",
      "id": 91931,
      "geometry": {
        "type": "Point",
        "coordinates": [
          50.993723561665604,
          35.844161356895455
        ]
      },
      "properties": {
        "name:fa": "امنیت اخلاقی",
        "description": "اینجا امنیت اخلاقیه دوره اعتراضاتم خیلیارو میاوردند اینجا و بعد با اتوبوس یا مینی بوس منتقل میکردن مکان های دگ که مشخص نیست کجا",
        "date": 1772752925,
        "city": "کرج",
        "province": "استان البرز",
        "name:en": "Moral Security Police",
        "description:en": "This is the Moral Security Police headquarters. During the protests, they brought many people here and then transferred them by bus or minibus to other unknown locations.",
        "city:en": "Karaj",
        "province:en": "Alborz",
        "name:ar": "الأمن الأخلاقي",
        "description:ar": "هنا مقر الأمن الأخلاقي، خلال فترة الاحتجاجات كان يتم جلب الكثيرين إلى هنا، ثم يُنقلون بالحافلات أو الحافلات الصغيرة إلى أماكن أخرى غير معروفة.",
        "city:ar": "كرج",
        "province:ar": "ألبرز",
        "name:he": "ביטחון מוסרי",
        "description:he": "כאן נמצאת מפקדת הביטחון המוסרי. בתקופת המחאות הביאו לכאן אנשים רבים ואז העבירו אותם באוטובוסים או במיניבוסים למקומות אחרים ולא ידוע לאן.",
        "city:he": "כרג'",
        "province:he": "אלבורז",
        "id": "MjowZjcyMjM5NzgwZTI",
        "publicId": "MjowZjcyMjM5NzgwZTI",
        "sourceId": "0f72239780e2",
        "layerId": 2,
        "type": "location",
        "status": "active",
        "urgency": null,
        "verificationTag": "not-verified",
        "expirationDate": null,
        "createdAt": "2026-03-05T23:22:05.127Z",
        "updatedAt": "2026-03-27T22:03:22.552Z"
      }
    },
    {
      "type": "Feature",
      "id": 91932,
      "geometry": {
        "type": "Point",
        "coordinates": [
          51.432373411889586,
          35.724535989819714
        ]
      },
      "properties": {
        "name:fa": "اداره اطلاعات",
        "description": "اطلاعات دولتی",
        "date": 1772749419,
        "city": "تهران",
        "province": "استان تهران",
        "name:en": "Intelligence Office",
        "description:en": "Government Intelligence",
        "city:en": "Tehran",
        "province:en": "Tehran",
        "name:ar": "إدارة الاستخبارات",
        "description:ar": "الاستخبارات الحكومية",
        "city:ar": "طهران",
        "province:ar": "طهران",
        "name:he": "מחלקת המודיעין",
        "description:he": "מודיעין ממשלתי.",
        "city:he": "טהראן",
        "province:he": "טהראן",
        "id": "MjpmNjZmNjM1ZWM1OWU",
        "publicId": "MjpmNjZmNjM1ZWM1OWU",
        "sourceId": "f66f635ec59e",
        "layerId": 2,
        "type": "location",
        "status": "active",
        "urgency": null,
        "verificationTag": "not-verified",
        "expirationDate": null,
        "createdAt": "2026-03-05T22:23:39.825Z",
        "updatedAt": "2026-03-27T22:03:22.624Z"
      }
    },
    {
      "type": "Feature",
      "id": 91933,
      "geometry": {
        "type": "Point",
        "coordinates": [
          51.368365032285595,
          35.732096330099296
        ]
      },
      "properties": {
        "name:fa": "اداره اطلاعات",
        "description": "مرکز اطلاعات ناجا",
        "date": 1772748611,
        "city": "تهران",
        "province": "استان تهران",
        "name:en": "Intelligence Office",
        "description:en": "NAJA Intelligence Center",
        "city:en": "Tehran",
        "province:en": "Tehran",
        "name:ar": "إدارة الاستخبارات",
        "description:ar": "مركز استخبارات قوى الأمن الداخلي",
        "city:ar": "طهران",
        "province:ar": "طهران",
        "name:he": "משרד המודיעין",
        "description:he": "מרכז המודיעין של נאג\"א",
        "city:he": "טהראן",
        "province:he": "טהראן",
        "id": "MjoyZjljZjg5ZjdiYTY",
        "publicId": "MjoyZjljZjg5ZjdiYTY",
        "sourceId": "2f9cf89f7ba6",
        "layerId": 2,
        "type": "location",
        "status": "active",
        "urgency": null,
        "verificationTag": "not-verified",
        "expirationDate": null,
        "createdAt": "2026-03-05T22:10:11.575Z",
        "updatedAt": "2026-03-27T22:03:22.683Z"
      }
    },
    {
      "type": "Feature",
      "id": 91934,
      "geometry": {
        "type": "Point",
        "coordinates": [
          51.367942867038266,
          35.732801763766446
        ]
      },
      "properties": {
        "name:fa": "اداره اطلاعات",
        "description": "مرکز اطلاعات ناجا",
        "date": 1772748538,
        "city": "تهران",
        "province": "استان تهران",
        "name:en": "Intelligence Office",
        "description:en": "NAJA Intelligence Center",
        "city:en": "Tehran",
        "province:en": "Tehran",
        "name:ar": "إدارة الاستخبارات",
        "description:ar": "مركز استخبارات قوى الأمن الداخلي",
        "city:ar": "طهران",
        "province:ar": "طهران",
        "name:he": "מחלקת המודיעין",
        "description:he": "מרכז המודיעין של המשטרה.",
        "city:he": "טהראן",
        "province:he": "טהראן",
        "id": "MjpjYjlhODMyZDAxNzg",
        "publicId": "MjpjYjlhODMyZDAxNzg",
        "sourceId": "cb9a832d0178",
        "layerId": 2,
        "type": "location",
        "status": "active",
        "urgency": null,
        "verificationTag": "not-verified",
        "expirationDate": null,
        "createdAt": "2026-03-05T22:08:58.040Z",
        "updatedAt": "2026-03-27T22:03:22.748Z"
      }
    },
    {
      "type": "Feature",
      "id": 91935,
      "geometry": {
        "type": "Point",
        "coordinates": [
          51.34445522964646,
          35.7012684522152
        ]
      },
      "properties": {
        "name:fa": "اداره اطلاعات",
        "description": "مقر مرکزی اطلاعات آزادی",
        "date": 1772747922,
        "city": "تهران",
        "province": "استان تهران",
        "name:en": "Intelligence Office",
        "description:en": "Azadi Intelligence Central Headquarters",
        "city:en": "Tehran",
        "province:en": "Tehran",
        "name:ar": "إدارة الاستخبارات",
        "description:ar": "المقر المركزي لاستخبارات آزادي",
        "city:ar": "طهران",
        "province:ar": "طهران",
        "name:he": "מחלקת המודיעין",
        "description:he": "המפקדה המרכזית של מודיעין אזאדי.",
        "city:he": "טהראן",
        "province:he": "טהראן",
        "id": "MjoyZGFmYTYyZmM4ZmQ",
        "publicId": "MjoyZGFmYTYyZmM4ZmQ",
        "sourceId": "2dafa62fc8fd",
        "layerId": 2,
        "type": "location",
        "status": "active",
        "urgency": null,
        "verificationTag": "not-verified",
        "expirationDate": null,
        "createdAt": "2026-03-05T21:58:42.267Z",
        "updatedAt": "2026-03-27T22:03:22.815Z"
      }
    },
    {
      "type": "Feature",
      "id": 91936,
      "geometry": {
        "type": "Point",
        "coordinates": [
          51.26572885147809,
          35.678705004066515
        ]
      },
      "properties": {
        "name:fa": "اداره اطلاعات",
        "description": "معاونت فناوری اطلاعات ناجا (مجتمع امام حسین)",
        "date": 1772727674,
        "city": "تهران",
        "province": "استان تهران",
        "name:en": "Intelligence Office",
        "description:en": "NAJA Information Technology Directorate (Emam Hossein Complex)",
        "city:en": "Tehran",
        "province:en": "Tehran",
        "name:ar": "إدارة الاستخبارات",
        "description:ar": "نائب تقنية المعلومات في قوى الأمن الداخلي (مجمع الإمام الحسين)",
        "city:ar": "طهران",
        "province:ar": "طهران",
        "name:he": "מחלקת המודיעין",
        "description:he": "אגף טכנולוגיית המידע של המשטרה (מכלול אימאם חוסיין).",
        "city:he": "טהראן",
        "province:he": "טהראן",
        "id": "MjplNjA2YzVmZjExYjc",
        "publicId": "MjplNjA2YzVmZjExYjc",
        "sourceId": "e606c5ff11b7",
        "layerId": 2,
        "type": "location",
        "status": "active",
        "urgency": null,
        "verificationTag": "not-verified",
        "expirationDate": null,
        "createdAt": "2026-03-05T16:21:14.555Z",
        "updatedAt": "2026-03-27T22:03:22.880Z"
      }
    },
    {
      "type": "Feature",
      "id": 91937,
      "geometry": {
        "type": "Point",
        "coordinates": [
          59.50375889832878,
          36.30333719645971
        ]
      },
      "properties": {
        "name:fa": "اطلاعات سپاه پاسداران انقلاب",
        "description": "خانه امن اطلاعات سپاه پاسداران انقلاب اسلامی",
        "date": 1772724716,
        "city": "مشهد",
        "province": "استان خراسان رضوی",
        "name:en": "IRGC Intelligence",
        "description:en": "Islamic Revolutionary Guard Corps (IRGC) Intelligence safe house",
        "city:en": "Mashhad",
        "province:en": "Razavi Khorasan",
        "name:ar": "استخبارات حرس الثورة الإسلامية",
        "description:ar": "منزل آمن لاستخبارات حرس الثورة الإسلامية",
        "city:ar": "مشهد",
        "province:ar": "خراسان رضوي",
        "name:he": "מודיעין משמרות המהפכה",
        "description:he": "בית בטוח של מודיעין משמרות המהפכה האסלאמית",
        "city:he": "משהד",
        "province:he": "ח'וראסאן רזאווי",
        "id": "MjozMGJhZDEwYTUyYmM",
        "publicId": "MjozMGJhZDEwYTUyYmM",
        "sourceId": "30bad10a52bc",
        "layerId": 2,
        "type": "location",
        "status": "active",
        "urgency": null,
        "verificationTag": "not-verified",
        "expirationDate": null,
        "createdAt": "2026-03-05T15:31:56.268Z",
        "updatedAt": "2026-03-27T22:03:22.950Z"
      }
    },
    {
      "type": "Feature",
      "id": 91938,
      "geometry": {
        "type": "Point",
        "coordinates": [
          51.404309633093845,
          35.70186514839493
        ]
      },
      "properties": {
        "name:fa": "وزارت اطلاعات",
        "description": "اینجا دفتر وزارت اطلاعات هست. من رو سال ۱۳۹۳ اونجا برن و بازجویی کردن. یه در بزرگ فلزی داره درست پشت بازار رضا  در خیابان برادران مظفر. بدون پلاک. فقط یک تابلوی کوچک بود که نوشته بود “ دفتر پیگیری”",
        "date": 1772710805,
        "city": "تهران",
        "province": "استان تهران",
        "name:en": "Ministry of Intelligence",
        "description:en": "This is the Ministry of Intelligence office. They took me there in 2014 and interrogated me. It has a large metal door right behind Reza Bazaar on Baradaran-e Mozaffar Street. It has no house number. There was only a small sign that said 'Follow-up Office'.",
        "city:en": "Tehran",
        "province:en": "Tehran",
        "name:ar": "وزارة الاستخبارات",
        "description:ar": "هذا مكتب وزارة الاستخبارات. أخذوني إلى هناك واستجوبوني في عام 1393. له باب حديدي كبير خلف سوق رضا مباشرة في شارع برادران مظفر. بدون رقم. كانت هناك لافتة صغيرة فقط مكتوب عليها \"مكتب المتابعة\".",
        "city:ar": "طهران",
        "province:ar": "طهران",
        "name:he": "משרד המודיעין",
        "description:he": "כאן נמצא משרד של משרד המודיעין. לקחו אותי לשם בשנת 1393 וחקר אותי. יש לו שער מתכת גדול ממש מאחורי שוק רזא ברחוב האחים מוזפאר. ללא מספר בית. היה רק שלט קטן שהיה כתוב עליו \"משרד המעקב\".",
        "city:he": "טהראן",
        "province:he": "טהראן",
        "id": "MjphNTJmZDNiMTA2Mzc",
        "publicId": "MjphNTJmZDNiMTA2Mzc",
        "sourceId": "a52fd3b10637",
        "layerId": 2,
        "type": "location",
        "status": "active",
        "urgency": null,
        "verificationTag": "not-verified",
        "expirationDate": null,
        "createdAt": "2026-03-05T11:40:05.114Z",
        "updatedAt": "2026-03-27T22:03:23.025Z"
      }
    },
    {
      "type": "Feature",
      "id": 91939,
      "geometry": {
        "type": "Point",
        "coordinates": [
          57.331583309398354,
          37.456041909944844
        ]
      },
      "properties": {
        "name:fa": "اطلاعات سپاه",
        "description": "اطلاعات سپاه",
        "date": 1772701398,
        "city": "بجنورد",
        "province": "استان خراسان شمالی",
        "name:en": "IRGC Intelligence",
        "description:en": "IRGC Intelligence",
        "city:en": "Bojnourd",
        "province:en": "North Khorasan",
        "name:ar": "استخبارات الحرس الثوري",
        "description:ar": "استخبارات الحرس الثوري",
        "city:ar": "بجنورد",
        "province:ar": "خراسان الشمالية",
        "name:he": "מודיעין משמרות המהפכה",
        "description:he": "מודיעין משמרות המהפכה.",
        "city:he": "בוג'נורד",
        "province:he": "ח'וראסאן הצפונית",
        "id": "MjozMWJkZWExMzkyMjE",
        "publicId": "MjozMWJkZWExMzkyMjE",
        "sourceId": "31bdea139221",
        "layerId": 2,
        "type": "location",
        "status": "active",
        "urgency": null,
        "verificationTag": "not-verified",
        "expirationDate": null,
        "createdAt": "2026-03-05T09:03:18.113Z",
        "updatedAt": "2026-03-27T22:03:23.090Z"
      }
    },
    {
      "type": "Feature",
      "id": 91940,
      "geometry": {
        "type": "Point",
        "coordinates": [
          53.5386852980169,
          36.69102697747188
        ]
      },
      "properties": {
        "name:fa": "اداره اطلاعات",
        "description": "اینجا هم ساختمون اطلاعات بهشهر",
        "date": 1772689968,
        "city": "بهشهر",
        "province": "استان مازندران",
        "name:en": "Intelligence Office",
        "description:en": "This is also the Behshahr Intelligence building",
        "city:en": "Behshahr",
        "province:en": "Mazandaran",
        "name:ar": "إدارة الاستخبارات",
        "description:ar": "هنا أيضاً مبنى استخبارات بهشهر",
        "city:ar": "بهشهر",
        "province:ar": "مازندران",
        "name:he": "מחלקת המודיעין",
        "description:he": "גם זה בניין המודיעין של בהשהר.",
        "city:he": "בהשהר",
        "province:he": "מאזנדראן",
        "id": "Mjo3MmJjYmNkMDI0MDI",
        "publicId": "Mjo3MmJjYmNkMDI0MDI",
        "sourceId": "72bcbcd02402",
        "layerId": 2,
        "type": "location",
        "status": "active",
        "urgency": null,
        "verificationTag": "not-verified",
        "expirationDate": null,
        "createdAt": "2026-03-05T05:52:48.477Z",
        "updatedAt": "2026-03-27T22:03:23.356Z"
      }
    },
    {
      "type": "Feature",
      "id": 91941,
      "geometry": {
        "type": "Point",
        "coordinates": [
          54.38648274830999,
          36.841026739619
        ]
      },
      "properties": {
        "name:fa": "اداره اطلاعات",
        "description": "بازداشتگاه اطلاعات",
        "date": 1772682329,
        "city": "گرگان",
        "province": "استان گلستان",
        "name:en": "Intelligence Office",
        "description:en": "Intelligence Detention Center",
        "city:en": "Gorgan",
        "province:en": "Golestan",
        "name:ar": "إدارة الاستخبارات",
        "description:ar": "مركز احتجاز الاستخبارات",
        "city:ar": "جرجان",
        "province:ar": "كلستان",
        "name:he": "מחלקת המודיעין",
        "description:he": "מתקן המעצר של המודיעין.",
        "city:he": "גורגאן",
        "province:he": "גולסתאן",
        "id": "MjplZjk0Y2ZiYzYyNTA",
        "publicId": "MjplZjk0Y2ZiYzYyNTA",
        "sourceId": "ef94cfbc6250",
        "layerId": 2,
        "type": "location",
        "status": "active",
        "urgency": null,
        "verificationTag": "not-verified",
        "expirationDate": null,
        "createdAt": "2026-03-05T03:45:29.438Z",
        "updatedAt": "2026-03-27T22:03:23.415Z"
      }
    },
    {
      "type": "Feature",
      "id": 91942,
      "geometry": {
        "type": "Point",
        "coordinates": [
          51.59305274138268,
          30.657752194494293
        ]
      },
      "properties": {
        "name:fa": "اداره اطلاعات",
        "description": "بازداشتگاههای اداره اطلاعات",
        "date": 1772664380,
        "city": "ياسوج",
        "province": "استان کهگیلویه و بویراحمد",
        "name:en": "Intelligence Office",
        "description:en": "Detention centers of the Intelligence Office",
        "city:en": "Yasuj",
        "province:en": "Kohgiluyeh and Boyer-Ahmad",
        "name:ar": "إدارة الاستخبارات",
        "description:ar": "مراكز احتجاز إدارة الاستخبارات",
        "city:ar": "ياسوج",
        "province:ar": "كهكيلويه وبوير أحمد",
        "name:he": "מחלקת המודיעין",
        "description:he": "מתקני המעצר של מחלקת המודיעין.",
        "city:he": "יאסוג'",
        "province:he": "כהגילויה ובויראחמד",
        "id": "MjowODk2Mzc3MWE4N2U",
        "publicId": "MjowODk2Mzc3MWE4N2U",
        "sourceId": "08963771a87e",
        "layerId": 2,
        "type": "location",
        "status": "active",
        "urgency": null,
        "verificationTag": "not-verified",
        "expirationDate": null,
        "createdAt": "2026-03-04T22:46:20.441Z",
        "updatedAt": "2026-03-27T22:03:23.473Z"
      }
    },
    {
      "type": "Feature",
      "id": 91943,
      "geometry": {
        "type": "Point",
        "coordinates": [
          51.504222179420395,
          30.72750470798799
        ]
      },
      "properties": {
        "name:fa": "اداره اطلاعات استان",
        "description": "کارخانجات اداره اطلاعات استان",
        "date": 1772663088,
        "city": "ياسوج",
        "province": "استان کهگیلویه و بویراحمد",
        "name:en": "Provincial Intelligence Office",
        "description:en": "Factories of the Provincial Intelligence Office",
        "city:en": "Yasuj",
        "province:en": "Kohgiluyeh and Boyer-Ahmad",
        "name:ar": "إدارة استخبارات المحافظة",
        "description:ar": "منشآت إدارة استخبارات المحافظة",
        "city:ar": "ياسوج",
        "province:ar": "كهكيلويه وبوير أحمد",
        "name:he": "מחלקת המודיעין המחוזית",
        "description:he": "מפעלי מחלקת המודיעין המחוזית.",
        "city:he": "יאסוג'",
        "province:he": "כהגילויה ובויראחמד",
        "id": "MjpmNGY4NzA1MjllY2I",
        "publicId": "MjpmNGY4NzA1MjllY2I",
        "sourceId": "f4f870529ecb",
        "layerId": 2,
        "type": "location",
        "status": "active",
        "urgency": null,
        "verificationTag": "not-verified",
        "expirationDate": null,
        "createdAt": "2026-03-04T22:24:48.826Z",
        "updatedAt": "2026-03-27T22:03:23.535Z"
      }
    },
    {
      "type": "Feature",
      "id": 91944,
      "geometry": {
        "type": "Point",
        "coordinates": [
          59.50192954679062,
          36.33329256123574
        ]
      },
      "properties": {
        "name:fa": "مرکز امنیتی",
        "description": "مرکز امنیتی نظامی  - حالت مخفی (بدون تابلو ، با دیوار بلندپایه سیم خاردار  و پوشش دوربین در بیرون)",
        "date": 1772658459,
        "city": "شهرک صدف",
        "province": "استان خراسان رضوی",
        "name:en": "Security Center",
        "description:en": "Military-security center - concealed state (no sign, high wall with barbed wire, and camera coverage on the outside)",
        "city:en": "Shahrak-e Sadaf",
        "province:en": "Razavi Khorasan",
        "name:ar": "مركز أمني",
        "description:ar": "مركز أمني عسكري - أسلوب سري (بدون لافتة، بجدار عالٍ مع أسلاك شائكة وتغطية كاميرات من الخارج)",
        "city:ar": "بلدة صدف",
        "province:ar": "خراسان رضوي",
        "name:he": "מרכז ביטחוני",
        "description:he": "מרכז ביטחוני צבאי - במצב מוסווה (ללא שלט, עם חומה גבוהה, גדר תיל וכיסוי מצלמות מבחוץ).",
        "city:he": "שחרכ סדף",
        "province:he": "ח'וראסאן רזאווי",
        "id": "MjphOGYxNTAzNDVkZjM",
        "publicId": "MjphOGYxNTAzNDVkZjM",
        "sourceId": "a8f150345df3",
        "layerId": 2,
        "type": "location",
        "status": "active",
        "urgency": null,
        "verificationTag": "not-verified",
        "expirationDate": null,
        "createdAt": "2026-03-04T21:07:39.201Z",
        "updatedAt": "2026-03-27T22:03:23.609Z"
      }
    },
    {
      "type": "Feature",
      "id": 91945,
      "geometry": {
        "type": "Point",
        "coordinates": [
          57.01090478085965,
          30.276978775080067
        ]
      },
      "properties": {
        "name:fa": "اداره اطلاعات",
        "description": "اداره کل اطلاعات کرمان",
        "date": 1772635169,
        "city": "کرمان",
        "province": "استان کرمان",
        "name:en": "Intelligence Office",
        "description:en": "Kerman General Department of Intelligence",
        "city:en": "Kerman",
        "province:en": "Kerman",
        "name:ar": "إدارة الاستخبارات",
        "description:ar": "الإدارة العامة للاستخبارات في كرمان",
        "city:ar": "كرمان",
        "province:ar": "كرمان",
        "name:he": "מחלקת המודיעין",
        "description:he": "המנהל הכללי של המודיעין בכרמאן.",
        "city:he": "כרמאן",
        "province:he": "כרמאן",
        "id": "Mjo3YThmZDYxODhiMTA",
        "publicId": "Mjo3YThmZDYxODhiMTA",
        "sourceId": "7a8fd6188b10",
        "layerId": 2,
        "type": "location",
        "status": "active",
        "urgency": null,
        "verificationTag": "not-verified",
        "expirationDate": null,
        "createdAt": "2026-03-04T14:39:29.259Z",
        "updatedAt": "2026-03-27T22:03:23.672Z"
      }
    },
    {
      "type": "Feature",
      "id": 91946,
      "geometry": {
        "type": "Point",
        "coordinates": [
          50.089111528855085,
          33.630687721271215
        ]
      },
      "properties": {
        "name:fa": "اداره اطلاعات",
        "description": "مقر اطلاعات",
        "date": 1772608707,
        "city": "خمین",
        "province": "استان مرکزی",
        "name:en": "Intelligence Office",
        "description:en": "Intelligence Headquarters",
        "city:en": "Khomein",
        "province:en": "Markazi",
        "name:ar": "إدارة الاستخبارات",
        "description:ar": "مقر الاستخبارات",
        "city:ar": "خمين",
        "province:ar": "المركزية",
        "name:he": "מחלקת המודיעין",
        "description:he": "מפקדת המודיעין.",
        "city:he": "ח'ומיין",
        "province:he": "מרכזי",
        "id": "Mjo1MzlhMmRkODI2Y2U",
        "publicId": "Mjo1MzlhMmRkODI2Y2U",
        "sourceId": "539a2dd826ce",
        "layerId": 2,
        "type": "location",
        "status": "active",
        "urgency": null,
        "verificationTag": "not-verified",
        "expirationDate": null,
        "createdAt": "2026-03-04T07:18:27.856Z",
        "updatedAt": "2026-03-27T22:03:23.737Z"
      }
    },
    {
      "type": "Feature",
      "id": 91947,
      "geometry": {
        "type": "Point",
        "coordinates": [
          49.50544675846044,
          37.46189128068167
        ]
      },
      "properties": {
        "name:fa": "اطلاعات سپاه",
        "description": "مقر اطلاعات سپاه",
        "date": 1772605542,
        "city": "بندر انزلی",
        "province": "استان گیلان",
        "name:en": "IRGC Intelligence",
        "description:en": "IRGC Intelligence Headquarters",
        "city:en": "Bandar Anzali",
        "province:en": "Gilan",
        "name:ar": "استخبارات الحرس الثوري",
        "description:ar": "مقر استخبارات الحرس الثوري",
        "city:ar": "بندر أنزلي",
        "province:ar": "جيلان",
        "name:he": "מודיעין משמרות המהפכה",
        "description:he": "מפקדת מודיעין משמרות המהפכה.",
        "city:he": "בנדר אנזאלי",
        "province:he": "גילאן",
        "id": "Mjo0YmZhMWMxNDkwOTY",
        "publicId": "Mjo0YmZhMWMxNDkwOTY",
        "sourceId": "4bfa1c149096",
        "layerId": 2,
        "type": "location",
        "status": "active",
        "urgency": null,
        "verificationTag": "not-verified",
        "expirationDate": null,
        "createdAt": "2026-03-04T06:25:42.084Z",
        "updatedAt": "2026-03-27T22:03:23.798Z"
      }
    },
    {
      "type": "Feature",
      "id": 91948,
      "geometry": {
        "type": "Point",
        "coordinates": [
          52.53259448379271,
          29.648538078233102
        ]
      },
      "properties": {
        "name:fa": "اداره اطلاعات",
        "description": "اداره کل اطلاعات استان فارس",
        "date": 1772587268,
        "city": "شیراز",
        "province": "استان فارس",
        "name:en": "Intelligence Office",
        "description:en": "General Department of Intelligence of Fars Province",
        "city:en": "Shiraz",
        "province:en": "Fars",
        "name:ar": "إدارة الاستخبارات",
        "description:ar": "الإدارة العامة للاستخبارات في محافظة فارس",
        "city:ar": "شيراز",
        "province:ar": "فارس",
        "name:he": "משרד המודיעין",
        "city:he": "שיראז",
        "province:he": "פארס",
        "id": "Mjo5NTZmNTlmZTljZDA",
        "publicId": "Mjo5NTZmNTlmZTljZDA",
        "sourceId": "956f59fe9cd0",
        "layerId": 2,
        "type": "location",
        "status": "active",
        "urgency": null,
        "verificationTag": "not-verified",
        "expirationDate": null,
        "createdAt": "2026-03-04T01:21:08.256Z",
        "updatedAt": "2026-03-27T22:03:23.855Z"
      }
    },
    {
      "type": "Feature",
      "id": 91949,
      "geometry": {
        "type": "Point",
        "coordinates": [
          60.86866726442207,
          29.48671378741504
        ]
      },
      "properties": {
        "name:fa": "اداره اطلاعات",
        "description": "رادار رادیویی اطلاعات زاهدان",
        "date": 1772563065,
        "city": "زاهدان",
        "province": "استان سیستان و بلوچستان",
        "name:en": "Intelligence Office",
        "description:en": "Zahedan Intelligence radio radar",
        "city:en": "Zahedan",
        "province:en": "Sistan and Baluchestan",
        "name:ar": "إدارة المخابرات",
        "description:ar": "الرادار اللاسلكي لمخابرات زاهدان",
        "city:ar": "زاهدان",
        "province:ar": "سيستان وبلوشستان",
        "name:he": "מחלקת המודיעין",
        "description:he": "מכ\"ם רדיו של המודיעין בזאהדאן.",
        "city:he": "זאהדאן",
        "province:he": "סיסתאן ובלוצ'יסתאן",
        "id": "Mjo0NDg2ZDRhYWY5ZmY",
        "publicId": "Mjo0NDg2ZDRhYWY5ZmY",
        "sourceId": "4486d4aaf9ff",
        "layerId": 2,
        "type": "location",
        "status": "active",
        "urgency": null,
        "verificationTag": "not-verified",
        "expirationDate": null,
        "createdAt": "2026-03-03T18:37:45.300Z",
        "updatedAt": "2026-03-27T22:03:23.933Z"
      }
    },
    {
      "type": "Feature",
      "id": 91950,
      "geometry": {
        "type": "Point",
        "coordinates": [
          52.86453,
          36.46582
        ]
      },
      "properties": {
        "name:fa": "اداره اطلاعات",
        "description": "در خیابان امام خمینی قائمشهر بین تالار ۲۵ و ۲۵/۱ پایگاه بسیج و سرکوب وجود دارد. خیابان مدرس سمت راست سپاه، اطلاعات قائمشهر قرار دارد و سقف مرکز اطلاعات با تصویر ماهواره ای آبی رنگ است. اطلاعات و سپاه قائمشهر به هم چسبیده هستند.",
        "date": 1772556301,
        "city": "قائم شهر",
        "province": "استان مازندران",
        "name:en": "Intelligence Office",
        "description:en": "On Imam Khomeini Street in Qaem Shahr, between Hall 25 and 25/1, there is a Basij and suppression base. On Modarres Street, to the right of the IRGC, is the Qaem Shahr Intelligence, and the roof of the intelligence center appears blue on satellite imagery. The Intelligence office and the IRGC of Qaem Shahr are attached to each other.",
        "city:en": "Qaem Shahr",
        "province:en": "Mazandaran",
        "name:ar": "إدارة المخابرات",
        "description:ar": "في شارع الإمام الخميني بقائم شهر بين القاعة 25 و25/1 توجد قاعدة للبسيج والقمع. وفي شارع مدرس على يمين الحرس الثوري تقع مخابرات قائم شهر، وسقف مركز المخابرات أزرق اللون في الصور الفضائية. المخابرات والحرس الثوري في قائم شهر متلاصقان.",
        "city:ar": "قائم شهر",
        "province:ar": "مازندران",
        "name:he": "משרד המודיעין",
        "description:he": "ברחוב אימאם ח'ומייני בקאאם שהר, בין אולם 25 ל-25/1, ישנם בסיס בסיג' ובסיס דיכוי. ברחוב מודרס, מצד ימין למשמרות המהפכה, ממוקם מודיעין קאאם שהר, וגג מרכז המודיעין נראה כחול בתצלום לוויין. משרד המודיעין ומשמרות המהפכה בקאאם שהר צמודים זה לזה.",
        "city:he": "קאאם שהר",
        "province:he": "מאזנדראן",
        "id": "MjpmODhmMTNmZmQ2MjU",
        "publicId": "MjpmODhmMTNmZmQ2MjU",
        "sourceId": "f88f13ffd625",
        "layerId": 2,
        "type": "location",
        "status": "active",
        "urgency": null,
        "verificationTag": "not-verified",
        "expirationDate": null,
        "createdAt": "2026-03-03T16:45:01.805Z",
        "updatedAt": "2026-03-27T22:03:24.204Z"
      }
    },
    {
      "type": "Feature",
      "id": 91951,
      "geometry": {
        "type": "Point",
        "coordinates": [
          51.02431388913183,
          35.7215936687944
        ]
      },
      "properties": {
        "name:fa": "مرکز امنیتی",
        "description": "یگان امنیت اندیشه فاز ۵",
        "date": 1772555311,
        "city": "شهر جدید اندیشه",
        "province": "استان تهران",
        "name:en": "Security Center",
        "description:en": "Andisheh Phase 5 Security Unit",
        "city:en": "Andisheh New City",
        "province:en": "Tehran",
        "name:ar": "مركز أمني",
        "description:ar": "وحدة أمن أنديشه المرحلة 5",
        "city:ar": "مدينة أنديشه الجديدة",
        "province:ar": "طهران",
        "name:he": "מרכז ביטחוני",
        "description:he": "יחידת הביטחון אנדישה שלב 5.",
        "city:he": "שהר-א ג'דיד אנדישה",
        "province:he": "טהראן",
        "id": "Mjo5MTAwNTUxZmVhMTY",
        "publicId": "Mjo5MTAwNTUxZmVhMTY",
        "sourceId": "9100551fea16",
        "layerId": 2,
        "type": "location",
        "status": "active",
        "urgency": null,
        "verificationTag": "not-verified",
        "expirationDate": null,
        "createdAt": "2026-03-03T16:28:31.816Z",
        "updatedAt": "2026-03-27T22:03:24.280Z"
      }
    },
    {
      "type": "Feature",
      "id": 91952,
      "geometry": {
        "type": "Point",
        "coordinates": [
          51.39948771634869,
          35.75169975229797
        ]
      },
      "properties": {
        "name:fa": "اطلاعات سپاه",
        "description": "اطلاعات سپاه",
        "date": 1772515771,
        "city": "تهران",
        "province": "استان تهران",
        "name:en": "IRGC Intelligence",
        "description:en": "IRGC Intelligence",
        "city:en": "Tehran",
        "province:en": "Tehran",
        "name:ar": "استخبارات الحرس الثوري",
        "description:ar": "استخبارات الحرس الثوري",
        "city:ar": "طهران",
        "province:ar": "طهران",
        "name:he": "מודיעין משמרות המהפכה",
        "description:he": "מודיעין משמרות המהפכה.",
        "city:he": "טהראן",
        "province:he": "טהראן",
        "id": "MjphMzFlYWUyMDE0Yjg",
        "publicId": "MjphMzFlYWUyMDE0Yjg",
        "sourceId": "a31eae2014b8",
        "layerId": 2,
        "type": "location",
        "status": "active",
        "urgency": null,
        "verificationTag": "not-verified",
        "expirationDate": null,
        "createdAt": "2026-03-03T05:29:31.120Z",
        "updatedAt": "2026-03-27T22:03:24.351Z"
      }
    },
    {
      "type": "Feature",
      "id": 91953,
      "geometry": {
        "type": "Point",
        "coordinates": [
          48.2724372329256,
          38.22504848140977
        ]
      },
      "properties": {
        "name:fa": "اداره اطلاعات",
        "description": "اداره کل اطلاعات استان اردبیل",
        "date": 1772488430,
        "city": "اردبیل",
        "province": "استان اردبیل",
        "name:en": "Intelligence Office",
        "description:en": "General Department of Intelligence of Ardabil Province",
        "city:en": "Ardabil",
        "province:en": "Ardabil",
        "name:ar": "إدارة الاستخبارات",
        "description:ar": "الإدارة العامة للاستخبارات في محافظة أردبيل",
        "city:ar": "أردبيل",
        "province:ar": "أردبيل",
        "name:he": "מחלקת המודיעין",
        "description:he": "המנהל הכללי של המודיעין במחוז ארדביל.",
        "city:he": "ארדביל",
        "province:he": "ארדביל",
        "id": "MjoxZTI1NzJmOWUwZmQ",
        "publicId": "MjoxZTI1NzJmOWUwZmQ",
        "sourceId": "1e2572f9e0fd",
        "layerId": 2,
        "type": "location",
        "status": "active",
        "urgency": null,
        "verificationTag": "not-verified",
        "expirationDate": null,
        "createdAt": "2026-03-02T21:53:50.940Z",
        "updatedAt": "2026-03-27T22:03:24.417Z"
      }
    },
    {
      "type": "Feature",
      "id": 91954,
      "geometry": {
        "type": "Point",
        "coordinates": [
          50.838635078169375,
          28.947607480303617
        ]
      },
      "properties": {
        "name:fa": "اداره اطلاعات",
        "description": "اطلاعات بوشهر",
        "date": 1772487753,
        "city": "بوشهر",
        "province": "استان بوشهر",
        "name:en": "Department of Intelligence",
        "description:en": "Bushehr Intelligence.",
        "city:en": "Bushehr",
        "province:en": "Bushehr",
        "name:ar": "إدارة الاستخبارات",
        "description:ar": "استخبارات بوشهر",
        "city:ar": "بوشهر",
        "province:ar": "بوشهر",
        "name:he": "מחלקת המודיעין",
        "description:he": "מודיעין בושהר.",
        "city:he": "בושהר",
        "province:he": "בושהר",
        "id": "MjpjM2ZhYWI2ZjBhOTc",
        "publicId": "MjpjM2ZhYWI2ZjBhOTc",
        "sourceId": "c3faab6f0a97",
        "layerId": 2,
        "type": "location",
        "status": "active",
        "urgency": null,
        "verificationTag": "not-verified",
        "expirationDate": null,
        "createdAt": "2026-03-02T21:42:33.977Z",
        "updatedAt": "2026-03-27T22:03:24.483Z"
      }
    },
    {
      "type": "Feature",
      "id": 91955,
      "geometry": {
        "type": "Point",
        "coordinates": [
          52.5365773158658,
          29.627331678090997
        ]
      },
      "properties": {
        "name:fa": "خانه امن اطلاعات",
        "description": "خانه امن سازمان اطلاعات شیراز",
        "date": 1772484935,
        "city": "شیراز",
        "province": "استان فارس",
        "name:en": "Intelligence Safehouse",
        "description:en": "Shiraz Intelligence Organization safehouse.",
        "city:en": "Shiraz",
        "province:en": "Fars",
        "name:ar": "البيت الآمن للاستخبارات",
        "description:ar": "البيت الآمن لجهاز استخبارات شيراز",
        "city:ar": "شيراز",
        "province:ar": "فارس",
        "name:he": "בית בטוח של המודיעין",
        "description:he": "בית בטוח של ארגון המודיעין בשיראז.",
        "city:he": "שיראז",
        "province:he": "פארס",
        "id": "MjpjOGVjNjJiNGJlOGI",
        "publicId": "MjpjOGVjNjJiNGJlOGI",
        "sourceId": "c8ec62b4be8b",
        "layerId": 2,
        "type": "location",
        "status": "active",
        "urgency": null,
        "verificationTag": "not-verified",
        "expirationDate": null,
        "createdAt": "2026-03-02T20:55:35.767Z",
        "updatedAt": "2026-03-27T22:03:24.545Z"
      }
    },
    {
      "type": "Feature",
      "id": 91956,
      "geometry": {
        "type": "Point",
        "coordinates": [
          50.866464944194604,
          34.62193149746513
        ]
      },
      "properties": {
        "name:fa": "اداره اطلاعات",
        "description": "ستاد خبری اطلاعات",
        "date": 1772482995,
        "city": "قم",
        "province": "استان قم",
        "name:en": "Department of Intelligence",
        "description:en": "Intelligence Reporting Center.",
        "city:en": "Qom",
        "province:en": "Qom",
        "name:ar": "إدارة الاستخبارات",
        "description:ar": "مركز البلاغات الاستخباراتية",
        "city:ar": "قم",
        "province:ar": "قم",
        "name:he": "מחלקת המודיעין",
        "description:he": "מטה הדיווחים והחדשות של המודיעין.",
        "city:he": "קום",
        "province:he": "קום",
        "id": "Mjo0N2U2NmYwMmY5Yjc",
        "publicId": "Mjo0N2U2NmYwMmY5Yjc",
        "sourceId": "47e66f02f9b7",
        "layerId": 2,
        "type": "location",
        "status": "active",
        "urgency": null,
        "verificationTag": "not-verified",
        "expirationDate": null,
        "createdAt": "2026-03-02T20:23:15.803Z",
        "updatedAt": "2026-03-27T22:03:24.611Z"
      }
    },
    {
      "type": "Feature",
      "id": 91957,
      "geometry": {
        "type": "Point",
        "coordinates": [
          47.11269438465163,
          34.37257752855439
        ]
      },
      "properties": {
        "name:fa": "مرکز امنیتی",
        "description": "گردان ۶ امنیت امام علی",
        "date": 1772472835,
        "city": "کرمانشاه",
        "province": "استان کرمانشاه",
        "name:en": "Security Center",
        "description:en": "6th Imam Ali Security Battalion.",
        "city:en": "Kermanshah",
        "province:en": "Kermanshah",
        "name:ar": "مركز أمني",
        "description:ar": "الكتيبة 6 لأمن الإمام علي",
        "city:ar": "كرمانشاه",
        "province:ar": "كرمانشاه",
        "name:he": "מרכז ביטחוני",
        "description:he": "גדוד הביטחון 6 אימאם עלי.",
        "city:he": "כרמאנשאה",
        "province:he": "כרמאנשאה",
        "id": "Mjo0ZDlkNGNhOWQwN2E",
        "publicId": "Mjo0ZDlkNGNhOWQwN2E",
        "sourceId": "4d9d4ca9d07a",
        "layerId": 2,
        "type": "location",
        "status": "active",
        "urgency": null,
        "verificationTag": "not-verified",
        "expirationDate": null,
        "createdAt": "2026-03-02T17:33:55.983Z",
        "updatedAt": "2026-03-27T22:03:24.673Z"
      }
    },
    {
      "type": "Feature",
      "id": 91958,
      "geometry": {
        "type": "Point",
        "coordinates": [
          50.986029898795636,
          35.83231303637646
        ]
      },
      "properties": {
        "name:fa": "اداره اطلاعات",
        "description": "تفرجگاه خانوادگی اطلاعات و سال تجمیع",
        "date": 1772421139,
        "city": "کرج",
        "province": "استان البرز",
        "name:en": "Department of Intelligence",
        "description:en": "Intelligence family resort and assembly hall.",
        "city:en": "Karaj",
        "province:en": "Alborz",
        "name:ar": "إدارة الاستخبارات",
        "description:ar": "منتزه عائلي للاستخبارات وقاعة تجمع",
        "city:ar": "كرج",
        "province:ar": "ألبرز",
        "name:he": "משרד המודיעין",
        "description:he": "אתר נופש משפחתי של המודיעין ואולם התכנסות",
        "city:he": "כרג'",
        "province:he": "אלבורז",
        "id": "Mjo1NDBhYTg4NzAwMmI",
        "publicId": "Mjo1NDBhYTg4NzAwMmI",
        "sourceId": "540aa887002b",
        "layerId": 2,
        "type": "location",
        "status": "active",
        "urgency": null,
        "verificationTag": "not-verified",
        "expirationDate": null,
        "createdAt": "2026-03-02T03:12:19.059Z",
        "updatedAt": "2026-03-27T22:03:24.736Z"
      }
    },
    {
      "type": "Feature",
      "id": 91959,
      "geometry": {
        "type": "Point",
        "coordinates": [
          48.34884957437967,
          33.49489344426459
        ]
      },
      "properties": {
        "name:fa": "اداره اطلاعات لرستان",
        "description": "تمام این منطقه اداره اطلاعات لرستان(خرم اباد) هستش که در اون بازداشتگاه و خود اداره اطلاعات هستش",
        "date": 1772415969,
        "city": "خرم آباد",
        "province": "استان لرستان",
        "name:en": "Lorestan Department of Intelligence",
        "description:en": "This entire area belongs to the Lorestan (Khorramabad) Department of Intelligence, which contains both the detention center and the main intelligence office itself.",
        "city:en": "Khorramabad",
        "province:en": "Lorestan",
        "name:ar": "إدارة استخبارات لرستان",
        "description:ar": "هذه المنطقة بأكملها تابعة لإدارة استخبارات لرستان (خرم آباد)، وتضم المعتقل ومبنى إدارة الاستخبارات نفسه.",
        "city:ar": "خرم آباد",
        "province:ar": "لرستان",
        "name:he": "מחלקת המודיעין של לורסטאן",
        "description:he": "כל האזור הזה הוא מחלקת המודיעין של לורסטאן (ח'ורמאבאד), שבה נמצאים מתקן המעצר ומשרדי המודיעין עצמם.",
        "city:he": "ח'ורמאבאד",
        "province:he": "לורסתאן",
        "id": "MjowNzU1NGQ0YWIxMWY",
        "publicId": "MjowNzU1NGQ0YWIxMWY",
        "sourceId": "07554d4ab11f",
        "layerId": 2,
        "type": "location",
        "status": "active",
        "urgency": null,
        "verificationTag": "not-verified",
        "expirationDate": null,
        "createdAt": "2026-03-02T01:46:09.134Z",
        "updatedAt": "2026-03-27T22:03:24.797Z"
      }
    },
    {
      "type": "Feature",
      "id": 91960,
      "geometry": {
        "type": "Point",
        "coordinates": [
          51.48125614284396,
          35.775780682072025
        ]
      },
      "properties": {
        "name:fa": "اداره اطلاعات",
        "description": "ساختمان  مخفی بدون هیچ تابلویی و مربوط به سازمان اطلاعات",
        "date": 1772368228,
        "city": "تهران",
        "province": "استان تهران",
        "name:en": "Department of Intelligence",
        "description:en": "An unmarked, hidden building belonging to the Intelligence Organization.",
        "city:en": "Tehran",
        "province:en": "Tehran",
        "name:ar": "إدارة الاستخبارات",
        "description:ar": "مبنى سري من دون أي لوحة ويتبع لجهاز الاستخبارات",
        "city:ar": "طهران",
        "province:ar": "طهران",
        "name:he": "מחלקת המודיעין",
        "description:he": "בניין נסתר ללא שלט, השייך לארגון המודיעין.",
        "city:he": "טהראן",
        "province:he": "טהראן",
        "id": "MjpmNGNmMWE0MzE4MzI",
        "publicId": "MjpmNGNmMWE0MzE4MzI",
        "sourceId": "f4cf1a431832",
        "layerId": 2,
        "type": "location",
        "status": "active",
        "urgency": null,
        "verificationTag": "not-verified",
        "expirationDate": null,
        "createdAt": "2026-03-01T12:30:28.128Z",
        "updatedAt": "2026-03-27T22:03:25.061Z"
      }
    },
    {
      "type": "Feature",
      "id": 91961,
      "geometry": {
        "type": "Point",
        "coordinates": [
          51.46109514532583,
          35.755387865084685
        ]
      },
      "properties": {
        "name:fa": "اداره اطلاعات",
        "description": "از مقرهای اصلی وزرات اطلاعات",
        "date": 1772304644,
        "city": "تهران",
        "province": "استان تهران",
        "name:en": "Department of Intelligence",
        "description:en": "One of the main headquarters of the Ministry of Intelligence.",
        "city:en": "Tehran",
        "province:en": "Tehran",
        "name:ar": "إدارة الاستخبارات",
        "description:ar": "من المقرات الرئيسية لوزارة الاستخبارات",
        "city:ar": "طهران",
        "province:ar": "طهران",
        "name:he": "משרד המודיעין",
        "description:he": "מאחד המפקדות הראשיות של משרד המודיעין",
        "city:he": "טהראן",
        "province:he": "טהראן",
        "id": "Mjo1NzAzNjM4YzVkZmY",
        "publicId": "Mjo1NzAzNjM4YzVkZmY",
        "sourceId": "5703638c5dff",
        "layerId": 2,
        "type": "location",
        "status": "active",
        "urgency": null,
        "verificationTag": "not-verified",
        "expirationDate": null,
        "createdAt": "2026-02-28T18:50:44.837Z",
        "updatedAt": "2026-03-27T22:03:25.125Z"
      }
    },
    {
      "type": "Feature",
      "id": 91963,
      "geometry": {
        "type": "Point",
        "coordinates": [
          51.37781057958691,
          32.3973731454178
        ]
      },
      "properties": {
        "name:fa": "اداره اطلاعات",
        "description": "پارکینگ آمبولانس بدون پلاک اطلاعات زرین‌شهر",
        "date": 1772259622,
        "city": "زرين شهر",
        "province": "استان اصفهان",
        "name:en": "Department of Intelligence",
        "description:en": "Parking area for unplated ambulances belonging to Zarrin Shahr Intelligence.",
        "city:en": "Zarrin Shahr",
        "province:en": "Isfahan",
        "name:ar": "إدارة الاستخبارات",
        "description:ar": "موقف سيارات إسعاف استخبارات زرين شهر من دون لوحات",
        "city:ar": "زرين شهر",
        "province:ar": "أصفهان",
        "name:he": "משרד המודיעין",
        "description:he": "חניון האמבולנסים ללא לוחית רישוי של מודיעין זרין שהר",
        "city:he": "זרין שהר",
        "province:he": "אספהאן",
        "id": "MjpiMmE4NDlmMDdkYzc",
        "publicId": "MjpiMmE4NDlmMDdkYzc",
        "sourceId": "b2a849f07dc7",
        "layerId": 2,
        "type": "location",
        "status": "active",
        "urgency": null,
        "verificationTag": "not-verified",
        "expirationDate": null,
        "createdAt": "2026-02-28T06:20:22.638Z",
        "updatedAt": "2026-03-27T22:03:25.265Z"
      }
    },
    {
      "type": "Feature",
      "id": 91964,
      "geometry": {
        "type": "Point",
        "coordinates": [
          51.377099256694606,
          32.39719889163116
        ]
      },
      "properties": {
        "name:fa": "اداره اطلاعات",
        "description": "ساختمان شیطانی اطلاعات زرین‌شهر",
        "date": 1772259323,
        "city": "زرين شهر",
        "province": "استان اصفهان",
        "name:en": "Department of Intelligence",
        "description:en": "The diabolical Intelligence building of Zarrin Shahr.",
        "city:en": "Zarrin Shahr",
        "province:en": "Isfahan",
        "name:ar": "إدارة الاستخبارات",
        "description:ar": "المبنى الشيطاني لاستخبارات زرين شهر",
        "city:ar": "زرين شهر",
        "province:ar": "أصفهان",
        "name:he": "משרד המודיעין",
        "description:he": "בניין המודיעין המרושע של זרין שהר",
        "city:he": "זרין שהר",
        "province:he": "אספהאן",
        "id": "MjoxZmQxMTE3YjNlYjU",
        "publicId": "MjoxZmQxMTE3YjNlYjU",
        "sourceId": "1fd1117b3eb5",
        "layerId": 2,
        "type": "location",
        "status": "active",
        "urgency": null,
        "verificationTag": "not-verified",
        "expirationDate": null,
        "createdAt": "2026-02-28T06:15:23.064Z",
        "updatedAt": "2026-03-27T22:03:25.322Z"
      }
    },
    {
      "type": "Feature",
      "id": 91965,
      "geometry": {
        "type": "Point",
        "coordinates": [
          51.37759345962698,
          32.39735809819253
        ]
      },
      "properties": {
        "name:fa": "اداره اطلاعات",
        "description": "ساختمان شیطانی اطلاعات زرین‌شهر",
        "date": 1772259272,
        "city": "زرين شهر",
        "province": "استان اصفهان",
        "name:en": "Department of Intelligence",
        "description:en": "The diabolical Intelligence building of Zarrin Shahr.",
        "city:en": "Zarrin Shahr",
        "province:en": "Isfahan",
        "name:ar": "إدارة الاستخبارات",
        "description:ar": "المبنى الشيطاني لاستخبارات زرين شهر",
        "city:ar": "زرين شهر",
        "province:ar": "أصفهان",
        "name:he": "משרד המודיעין",
        "description:he": "בניין המודיעין המרושע של זרין שהר",
        "city:he": "זרין שהר",
        "province:he": "אספהאן",
        "id": "Mjo2ZGMwNzM3OThiMmY",
        "publicId": "Mjo2ZGMwNzM3OThiMmY",
        "sourceId": "6dc073798b2f",
        "layerId": 2,
        "type": "location",
        "status": "active",
        "urgency": null,
        "verificationTag": "not-verified",
        "expirationDate": null,
        "createdAt": "2026-02-28T06:14:32.566Z",
        "updatedAt": "2026-03-27T22:03:25.380Z"
      }
    },
    {
      "type": "Feature",
      "id": 91966,
      "geometry": {
        "type": "Point",
        "coordinates": [
          54.99506612136639,
          36.4371330427834
        ]
      },
      "properties": {
        "name:fa": "اطلاعات سپاه",
        "description": "حفاظت اطلاعات سپاه",
        "date": 1772258248,
        "city": "شاهرود",
        "province": "استان سمنان",
        "name:en": "IRGC Intelligence",
        "description:en": "IRGC Intelligence Protection.",
        "city:en": "Shahroud",
        "province:en": "Semnan",
        "name:ar": "استخبارات الحرس الثوري",
        "description:ar": "حماية استخبارات الحرس الثوري",
        "city:ar": "شاهرود",
        "province:ar": "سمنان",
        "name:he": "מודיעין המשמרות",
        "description:he": "אבטחת המודיעין של משמרות המהפכה",
        "city:he": "שאהרוד",
        "province:he": "סמנאן",
        "id": "Mjo2NmNkMGI2MGQwYmI",
        "publicId": "Mjo2NmNkMGI2MGQwYmI",
        "sourceId": "66cd0b60d0bb",
        "layerId": 2,
        "type": "location",
        "status": "active",
        "urgency": null,
        "verificationTag": "not-verified",
        "expirationDate": null,
        "createdAt": "2026-02-28T05:57:28.247Z",
        "updatedAt": "2026-03-27T22:03:25.446Z"
      }
    },
    {
      "type": "Feature",
      "id": 91967,
      "geometry": {
        "type": "Point",
        "coordinates": [
          52.93462006363586,
          36.57139190409882
        ]
      },
      "properties": {
        "name:fa": "اطلاعات سپاه",
        "description": "ساختمان بازداشتگاه اطلاعات سپاه",
        "date": 1772242067,
        "city": "تیرکلا",
        "province": "استان مازندران",
        "name:en": "IRGC Intelligence",
        "description:en": "IRGC Intelligence detention center building.",
        "city:en": "Tirkala",
        "province:en": "Mazandaran",
        "name:ar": "استخبارات الحرس الثوري",
        "description:ar": "مبنى معتقل استخبارات الحرس الثوري",
        "city:ar": "تيركلا",
        "province:ar": "مازندران",
        "name:he": "מודיעין המשמרות",
        "city:he": "תירכלא",
        "province:he": "מאזנדראן",
        "id": "MjoyY2ZlMDZiMDlmYjU",
        "publicId": "MjoyY2ZlMDZiMDlmYjU",
        "sourceId": "2cfe06b09fb5",
        "layerId": 2,
        "type": "location",
        "status": "active",
        "urgency": null,
        "verificationTag": "not-verified",
        "expirationDate": null,
        "createdAt": "2026-02-28T01:27:47.074Z",
        "updatedAt": "2026-03-27T22:03:25.503Z"
      }
    },
    {
      "type": "Feature",
      "id": 91968,
      "geometry": {
        "type": "Point",
        "coordinates": [
          51.45813291732506,
          34.002771064780234
        ]
      },
      "properties": {
        "name:fa": "اداره اطلاعات",
        "description": "این مکان پایش تصویریه کاشانه که در اعتراضات اطلاعات برای شناسایی و رهگیری مردم استفاده میکرد",
        "date": 1772233471,
        "city": "کاشان",
        "province": "استان اصفهان",
        "name:en": "Department of Intelligence",
        "description:en": "This location is Kashan's video surveillance facility, which intelligence used during the protests to identify and track people.",
        "city:en": "Kashan",
        "province:en": "Isfahan",
        "name:ar": "إدارة الاستخبارات",
        "description:ar": "هذا المكان هو مركز المراقبة المرئية في كاشان والذي كانت الاستخبارات تستخدمه خلال الاحتجاجات للتعرف على المواطنين وتعقبهم",
        "city:ar": "كاشان",
        "province:ar": "أصفهان",
        "name:he": "משרד המודיעין",
        "description:he": "זהו מרכז הניטור החזותי של כאשאן, ששימש את המודיעין בזמן המחאות לזיהוי ומעקב אחר אזרחים",
        "city:he": "כאשאן",
        "province:he": "אספהאן",
        "id": "MjpkZmE5MWI0MmZiOWY",
        "publicId": "MjpkZmE5MWI0MmZiOWY",
        "sourceId": "dfa91b42fb9f",
        "layerId": 2,
        "type": "location",
        "status": "active",
        "urgency": null,
        "verificationTag": "not-verified",
        "expirationDate": null,
        "createdAt": "2026-02-27T23:04:31.800Z",
        "updatedAt": "2026-03-27T22:03:25.562Z"
      }
    },
    {
      "type": "Feature",
      "id": 91969,
      "geometry": {
        "type": "Point",
        "coordinates": [
          51.655017738118886,
          32.64552260124812
        ]
      },
      "properties": {
        "name:fa": "مرکز امنیتی",
        "description": "ورودی حوزه علمیه در دو هفته اخیر درب نرده ای ورودی با درب یکپارچه فولادی تغویض شده و چندین دوربین نظارتی نصب شده. با پاک کردن حروف روی تابلوی ورودی ظاهرا کاربری آن از لحاظ امنیتی ازتقا یافته است.",
        "date": 1772226533,
        "city": "اصفهان",
        "province": "استان اصفهان",
        "name:en": "Security Center",
        "description:en": "At the entrance of the seminary in the past two weeks, the gated entrance door was replaced with a solid steel door, and several surveillance cameras were installed. By erasing the lettering on the entrance sign, its security status appears to have been upgraded.",
        "city:en": "Isfahan",
        "province:en": "Isfahan",
        "name:ar": "مركز أمني",
        "description:ar": "مدخل الحوزة العلمية: خلال الأسبوعين الماضيين تم استبدال البوابة الحديدية المشبكة بباب فولاذي مصمت وتم تركيب عدة كاميرات مراقبة. ويبدو أنه تم رفع مستوى الاستخدام الأمني بعد مسح الحروف عن لوحة المدخل.",
        "city:ar": "أصفهان",
        "province:ar": "أصفهان",
        "name:he": "מרכז ביטחוני",
        "description:he": "בכניסה למדרשה הדתית (חווזה) הוחלף בשבועיים האחרונים שער הסורגים בדלת פלדה אחידה והותקנו מספר מצלמות אבטחה. עם מחיקת האותיות מהשלט בכניסה, נראה כי שימושו של המקום שודרג מבחינה ביטחונית.",
        "city:he": "אספהאן",
        "province:he": "אספהאן",
        "id": "Mjo2NDdkNWFkNjQ3M2I",
        "publicId": "Mjo2NDdkNWFkNjQ3M2I",
        "sourceId": "647d5ad6473b",
        "layerId": 2,
        "type": "location",
        "status": "active",
        "urgency": null,
        "verificationTag": "not-verified",
        "expirationDate": null,
        "createdAt": "2026-02-27T21:08:53.610Z",
        "updatedAt": "2026-03-27T22:03:25.626Z"
      }
    },
    {
      "type": "Feature",
      "id": 91970,
      "geometry": {
        "type": "Point",
        "coordinates": [
          51.457700396908564,
          35.753990282001425
        ]
      },
      "properties": {
        "name:fa": "وزارت اطلاعات",
        "description": "وزارت اطلاعات",
        "date": 1772219845,
        "city": "تهران",
        "province": "استان تهران",
        "name:en": "Ministry of Intelligence",
        "description:en": "Ministry of Intelligence",
        "city:en": "Tehran",
        "province:en": "Tehran",
        "name:ar": "وزارة الاستخبارات",
        "description:ar": "وزارة الاستخبارات",
        "city:ar": "طهران",
        "province:ar": "طهران",
        "name:he": "משרד המודיעין",
        "description:he": "משרד המודיעין",
        "city:he": "טהראן",
        "province:he": "טהראן",
        "id": "MjpmNTU5ZTQ4NTE4ODA",
        "publicId": "MjpmNTU5ZTQ4NTE4ODA",
        "sourceId": "f559e4851880",
        "layerId": 2,
        "type": "location",
        "status": "active",
        "urgency": null,
        "verificationTag": "not-verified",
        "expirationDate": null,
        "createdAt": "2026-02-27T19:17:25.412Z",
        "updatedAt": "2026-03-27T22:03:25.881Z"
      }
    },
    {
      "type": "Feature",
      "id": 91971,
      "geometry": {
        "type": "Point",
        "coordinates": [
          51.15276269647916,
          35.73254380517301
        ]
      },
      "properties": {
        "name:fa": "اداره اطلاعات",
        "description": "مجتمع سایبری اطلاعات که 400نفر‌تحت عنوان مرکز تماس فعالیت میکنند",
        "date": 1772216747,
        "city": "تهران",
        "province": "استان تهران",
        "name:en": "Intelligence Office",
        "description:en": "Intelligence cyber complex where 400 people operate under the title of a call center",
        "city:en": "Tehran",
        "province:en": "Tehran",
        "name:ar": "إدارة الاستخبارات",
        "description:ar": "المجمع السيبراني للاستخبارات حيث يعمل 400 شخص تحت مسمى مركز اتصالات",
        "city:ar": "طهران",
        "province:ar": "طهران",
        "name:he": "משרד המודיעין",
        "description:he": "מתחם הסייבר של המודיעין שבו פועלים כ-400 איש תחת הכסות של מוקד טלפוני",
        "city:he": "טהראן",
        "province:he": "טהראן",
        "id": "Mjo1ODZmZDUyMzgyMzA",
        "publicId": "Mjo1ODZmZDUyMzgyMzA",
        "sourceId": "586fd5238230",
        "layerId": 2,
        "type": "location",
        "status": "active",
        "urgency": null,
        "verificationTag": "not-verified",
        "expirationDate": null,
        "createdAt": "2026-02-27T18:25:47.445Z",
        "updatedAt": "2026-03-27T22:03:25.941Z"
      }
    },
    {
      "type": "Feature",
      "id": 91972,
      "geometry": {
        "type": "Point",
        "coordinates": [
          54.43342306580803,
          36.83909680687536
        ]
      },
      "properties": {
        "name:fa": "اطلاعات سپاه دادن",
        "description": "درمانگاه امام جعفر صادق متعلق به سپاه هستش ؛ لطفا هشدار بدید که به هیچ عنوان در زمان اضطرار به این مکان مراجعه نکنن ؛ در ۱۸ و ۱۹ دی خیلی هارو اینجا تحویل اطلاعات سپاه دادن و حتی شرف پزشکی رو کنار گذاشتن و اگه کاری از دستشون بر میومد برای جاویدنام هایی که اینجا اومدن از جمله سینا حق شناس نکردن تا تموم کنه",
        "date": 1772190508,
        "city": "گرگان",
        "province": "استان گلستان",
        "name:en": "Handover to IRGC Intelligence",
        "description:en": "Imam Ja'far Sadiq Clinic belongs to the IRGC; please warn people never to go to this place in times of emergency; on January 8 and 9 (18 and 19 Dey), many were handed over to IRGC Intelligence here, and medical ethics were cast aside, failing to do anything within their power for the fallen who came here, including Sina Haqshanas, letting them pass away.",
        "city:en": "Gorgan",
        "province:en": "Golestan",
        "name:ar": "تسليم لاستخبارات الحرس الثوري",
        "description:ar": "مستوصف الإمام جعفر الصادق يتبع للحرس الثوري؛ يرجى التحذير من المراجعة إلى هذا المكان تحت أي ظرف في حالات الطوارئ؛ في 18 و19 دي تم تسليم العديد من الأشخاص هنا لاستخبارات الحرس الثوري بل وتخلوا عن شرف مهنة الطب، ولم يفعلوا شيئاً للخالدين الذين أتوا إلى هنا ومنهم سينا حق شناس حتى فارق الحياة.",
        "city:ar": "جرجان",
        "province:ar": "كلستان",
        "name:he": "מסירת מידע למודיעין המשמרות",
        "description:he": "מרפאת אמאם ג'עפר סאדק שייכת למשמרות המהפכה; אנא הפיצו אזהרה שלא להגיע למקום זה בשום אופן בעת חירום; ב-18 וב-19 בדיי הסגירו מכאן אנשים רבים לידי מודיעין המשמרות ואפילו זנחו את האתיקה הרפואית, ולא עשו דבר עבור הקדושים שהגיעו לכאן, כולל סינא חק-שנאס, כדי שנשמתם תצא.",
        "city:he": "גורגאן",
        "province:he": "גולסתאן",
        "id": "Mjo4ZDAzNGI2YWJlZDM",
        "publicId": "Mjo4ZDAzNGI2YWJlZDM",
        "sourceId": "8d034b6abed3",
        "layerId": 2,
        "type": "location",
        "status": "active",
        "urgency": null,
        "verificationTag": "not-verified",
        "expirationDate": null,
        "createdAt": "2026-02-27T11:08:28.971Z",
        "updatedAt": "2026-03-27T22:03:26.002Z"
      }
    },
    {
      "type": "Feature",
      "id": 91973,
      "geometry": {
        "type": "Point",
        "coordinates": [
          54.434120570514665,
          36.834029668176015
        ]
      },
      "properties": {
        "name:fa": "اداره اطلاعات",
        "description": "این مکان منسوب به اطلاعات استان گلستان هستش و حداقل چهار ورودی داره ؛ یکی از در ها به پشت بیمارستان ۵ آذر ختم میشه که توی ۱۸ و ۱۹ دی راحت ازونجا وارد بیمارستان میشدن و جنایتشونو میکردن",
        "date": 1772190063,
        "city": "گرگان",
        "province": "استان گلستان",
        "name:en": "Intelligence Office",
        "description:en": "This location is attributed to Golestan Province Intelligence and has at least four entrances; one of the doors leads behind 5 Azar Hospital, where on January 8 and 9 (18 and 19 Dey) they easily entered the hospital from there and committed their crimes.",
        "city:en": "Gorgan",
        "province:en": "Golestan",
        "name:ar": "إدارة الاستخبارات",
        "description:ar": "هذا المكان منسوب لاستخبارات محافظة جلستان وله أربعة مداخل على الأقل؛ أحد الأبواب يؤدي إلى خلف مستشفى 5 آذر حيث كانوا يدخلون المستشفى منه بسهولة يومي 18 و19 دي ويرتكبون جرائمهم.",
        "city:ar": "جرجان",
        "province:ar": "كلستان",
        "name:he": "משרד המודיעין",
        "description:he": "מקום זה מיוחס למודיעין מחוז גולסתאן ויש לו לפחות ארבע כניסות; אחת הדלתות מובילה לגב בית החולים 5 בדיי (27 בדצמבר), משם נכנסו בקלות לבית החולים ב-18 ו-19 בדיי וביצעו את פשעיהם.",
        "city:he": "גורגאן",
        "province:he": "גולסתאן",
        "id": "MjpkYWMxMDNiZjRkNWU",
        "publicId": "MjpkYWMxMDNiZjRkNWU",
        "sourceId": "dac103bf4d5e",
        "layerId": 2,
        "type": "location",
        "status": "active",
        "urgency": null,
        "verificationTag": "not-verified",
        "expirationDate": null,
        "createdAt": "2026-02-27T11:01:03.299Z",
        "updatedAt": "2026-03-27T22:03:26.064Z"
      }
    },
    {
      "type": "Feature",
      "id": 91974,
      "geometry": {
        "type": "Point",
        "coordinates": [
          51.608254330654376,
          35.817536473958455
        ]
      },
      "properties": {
        "name:fa": "اداره اطلاعات",
        "description": "اطلاعات لواسانات",
        "date": 1772148411,
        "city": "لواسان",
        "province": "استان تهران",
        "name:en": "Intelligence Office",
        "description:en": "Lavasanat Intelligence",
        "city:en": "Lavasan",
        "province:en": "Tehran",
        "name:ar": "إدارة الاستخبارات",
        "description:ar": "استخبارات لواسانات",
        "city:ar": "لواسان",
        "province:ar": "طهران",
        "name:he": "משרד המודיעין",
        "description:he": "מודיעין לוואסאנאת",
        "city:he": "לוואסאן",
        "province:he": "טהראן",
        "id": "Mjo3OWIzMDMzOGEyNmQ",
        "publicId": "Mjo3OWIzMDMzOGEyNmQ",
        "sourceId": "79b30338a26d",
        "layerId": 2,
        "type": "location",
        "status": "active",
        "urgency": null,
        "verificationTag": "not-verified",
        "expirationDate": null,
        "createdAt": "2026-02-26T23:26:51.340Z",
        "updatedAt": "2026-03-27T22:03:26.124Z"
      }
    },
    {
      "type": "Feature",
      "id": 91977,
      "geometry": {
        "type": "Point",
        "coordinates": [
          54.8786730266788,
          26.547125815921234
        ]
      },
      "properties": {
        "name:fa": "اداره اطلاعات",
        "description": "ساختمان اطلاعات بندرلنگه",
        "date": 1772140625,
        "city": "بندرلنگه",
        "province": "استان هرمزگان",
        "name:en": "Intelligence Office",
        "description:en": "Bandar Lengeh Intelligence Building",
        "city:en": "Bandar Lengeh",
        "province:en": "Hormozgan",
        "name:ar": "إدارة الاستخبارات",
        "province:ar": "هرمزكان",
        "name:he": "משרד המודיעין",
        "description:he": "בניין המודיעין בבנדר לנגה",
        "city:he": "בנדר לנגה",
        "province:he": "הורמוזגאן",
        "id": "Mjo1ZjRmZmY4MzhkY2I",
        "publicId": "Mjo1ZjRmZmY4MzhkY2I",
        "sourceId": "5f4fff838dcb",
        "layerId": 2,
        "type": "location",
        "status": "active",
        "urgency": null,
        "verificationTag": "not-verified",
        "expirationDate": null,
        "createdAt": "2026-02-26T21:17:05.734Z",
        "updatedAt": "2026-03-27T22:03:26.303Z"
      }
    },
    {
      "type": "Feature",
      "id": 91978,
      "geometry": {
        "type": "Point",
        "coordinates": [
          54.4341604818286,
          36.83391622190054
        ]
      },
      "properties": {
        "name:fa": "اداره اطلاعات",
        "description": "اطلاعات استان گلستان",
        "date": 1772107082,
        "city": "گرگان",
        "province": "استان گلستان",
        "name:en": "Intelligence Office",
        "description:en": "Golestan Province Intelligence",
        "city:en": "Gorgan",
        "province:en": "Golestan",
        "name:ar": "إدارة الاستخبارات",
        "description:ar": "استخبارات محافظة جلستان",
        "city:ar": "جرجان",
        "province:ar": "كلستان",
        "name:he": "משרד המודיעין",
        "description:he": "מודיעין מחוז גולסטאן",
        "city:he": "גורגאן",
        "province:he": "גולסתאן",
        "id": "MjphMTI1MWM1ZjE1ZGI",
        "publicId": "MjphMTI1MWM1ZjE1ZGI",
        "sourceId": "a1251c5f15db",
        "layerId": 2,
        "type": "location",
        "status": "active",
        "urgency": null,
        "verificationTag": "not-verified",
        "expirationDate": null,
        "createdAt": "2026-02-26T11:58:02.971Z",
        "updatedAt": "2026-03-27T22:03:26.365Z"
      }
    },
    {
      "type": "Feature",
      "id": 91979,
      "geometry": {
        "type": "Point",
        "coordinates": [
          51.53322727461827,
          35.7397684738976
        ]
      },
      "properties": {
        "name:fa": "مرکز امنیتی",
        "description": "توضیح راجب امنیت منطقه",
        "date": 1772040529,
        "city": "تهران",
        "province": "استان تهران",
        "name:en": "Security Center",
        "description:en": "Explanation regarding the security of the area",
        "city:en": "Tehran",
        "province:en": "Tehran",
        "name:ar": "مركز أمني",
        "description:ar": "توضيح حول أمن المنطقة",
        "city:ar": "طهران",
        "province:ar": "طهران",
        "name:he": "מרכז ביטחוני",
        "description:he": "הסבר על ביטחון האזור",
        "city:he": "טהראן",
        "province:he": "טהראן",
        "id": "MjowMDE2MmRhMzYyNDU",
        "publicId": "MjowMDE2MmRhMzYyNDU",
        "sourceId": "00162da36245",
        "layerId": 2,
        "type": "location",
        "status": "active",
        "urgency": null,
        "verificationTag": "not-verified",
        "expirationDate": null,
        "createdAt": "2026-02-25T17:28:49.345Z",
        "updatedAt": "2026-03-27T22:03:26.429Z"
      }
    },
    {
      "type": "Feature",
      "id": 91980,
      "geometry": {
        "type": "Point",
        "coordinates": [
          59.59323862914428,
          36.300132017764284
        ]
      },
      "properties": {
        "name:fa": "اطلاعات سپاه",
        "description": "اطلاعات سپاه",
        "date": 1771974477,
        "city": "مشهد",
        "province": "استان خراسان رضوی",
        "name:en": "IRGC Intelligence",
        "description:en": "IRGC Intelligence",
        "city:en": "Mashhad",
        "province:en": "Razavi Khorasan",
        "name:ar": "استخبارات الحرس الثوري",
        "description:ar": "استخبارات الحرس الثوري",
        "city:ar": "مشهد",
        "province:ar": "خراسان رضوي",
        "name:he": "מודיעין המשמרות",
        "description:he": "מודיעין משמרות המהפכה",
        "city:he": "משהד",
        "province:he": "ח'וראסאן רזאווי",
        "id": "Mjo3N2U1MmVhMzRhMjM",
        "publicId": "Mjo3N2U1MmVhMzRhMjM",
        "sourceId": "77e52ea34a23",
        "layerId": 2,
        "type": "location",
        "status": "active",
        "urgency": null,
        "verificationTag": "not-verified",
        "expirationDate": null,
        "createdAt": "2026-02-24T23:07:57.726Z",
        "updatedAt": "2026-03-27T22:03:26.694Z"
      }
    },
    {
      "type": "Feature",
      "id": 91981,
      "geometry": {
        "type": "Point",
        "coordinates": [
          50.02299106327405,
          34.691570058209194
        ]
      },
      "properties": {
        "name:fa": "اداره اطلاعات",
        "description": "اداره اطلاعات",
        "date": 1771810899,
        "city": "تفرش",
        "province": "استان مرکزی",
        "name:en": "Intelligence Office",
        "description:en": "Intelligence Office",
        "city:en": "Tafresh",
        "province:en": "Markazi",
        "name:ar": "إدارة الاستخبارات",
        "description:ar": "إدارة الاستخبارات",
        "city:ar": "تفرش",
        "province:ar": "المركزية",
        "name:he": "משרד המודיעין",
        "description:he": "משרד המודיעין",
        "city:he": "תפרש",
        "province:he": "מרכזי",
        "id": "Mjo2NDU5ZDNkYmVjMTU",
        "publicId": "Mjo2NDU5ZDNkYmVjMTU",
        "sourceId": "6459d3dbec15",
        "layerId": 2,
        "type": "location",
        "status": "active",
        "urgency": null,
        "verificationTag": "not-verified",
        "expirationDate": null,
        "createdAt": "2026-02-23T01:41:39.844Z",
        "updatedAt": "2026-03-27T22:03:26.753Z"
      }
    },
    {
      "type": "Feature",
      "id": 91982,
      "geometry": {
        "type": "Point",
        "coordinates": [
          50.03835595261191,
          34.68402792963977
        ]
      },
      "properties": {
        "name:fa": "اطلاعات سپاه",
        "description": "اطلاعات سپاه",
        "date": 1771810772,
        "city": "تفرش",
        "province": "استان مرکزی",
        "name:en": "IRGC Intelligence",
        "description:en": "IRGC Intelligence",
        "city:en": "Tafresh",
        "province:en": "Markazi",
        "name:ar": "استخبارات الحرس الثوري",
        "description:ar": "استخبارات الحرس الثوري",
        "city:ar": "تفرش",
        "province:ar": "المركزية",
        "name:he": "מודיעין המשמרות",
        "description:he": "מודיעין משמרות המהפכה",
        "city:he": "תפרש",
        "province:he": "מרכזי",
        "id": "MjoyMmQ0OTgyYWJmNDE",
        "publicId": "MjoyMmQ0OTgyYWJmNDE",
        "sourceId": "22d4982abf41",
        "layerId": 2,
        "type": "location",
        "status": "active",
        "urgency": null,
        "verificationTag": "not-verified",
        "expirationDate": null,
        "createdAt": "2026-02-23T01:39:32.517Z",
        "updatedAt": "2026-03-27T22:03:26.815Z"
      }
    },
    {
      "type": "Feature",
      "id": 91983,
      "geometry": {
        "type": "Point",
        "coordinates": [
          51.377388893460676,
          32.396775838329575
        ]
      },
      "properties": {
        "name:fa": "اداره اطلاعات",
        "description": "اینجا مرکز اطلاعات زرین شهر است فک کن مال کل منطقه لنجان باشه تازگی ها هم در ان را عوض کردن و یک در بسیار بزرگ و با امیر بالا براش گذاشتن",
        "date": 1771777832,
        "city": "زرين شهر",
        "province": "استان اصفهان",
        "name:en": "Intelligence Office",
        "description:en": "This is the Zarrin Shahr Intelligence Center, likely serving the entire Lenjan region. Recently, they replaced its door with a very large, high-security door.",
        "city:en": "Zarrin Shahr",
        "province:en": "Isfahan",
        "name:ar": "إدارة الاستخبارات",
        "description:ar": "هذا مركز استخبارات زرين شهر، ويبدو أنه يتبع لمنطقة لنجان بأكملها، وقد غيروا بابه مؤخراً ووضعوا باباً كبيراً جداً ذو حماية عالية.",
        "city:ar": "زرين شهر",
        "province:ar": "أصفهان",
        "name:he": "משרד המודיעין",
        "description:he": "זהו מרכז המודיעין של זרין שאהר, כנראה משרת את כל אזור לנג'אן. לאחרונה החליפו את השער והתקינו שער ענקי עם אבטחה גבוהה מאוד.",
        "city:he": "זרין שאהר",
        "province:he": "אספהאן",
        "id": "MjphY2U4ZmUzMWE5Yzk",
        "publicId": "MjphY2U4ZmUzMWE5Yzk",
        "sourceId": "ace8fe31a9c9",
        "layerId": 2,
        "type": "location",
        "status": "active",
        "urgency": null,
        "verificationTag": "not-verified",
        "expirationDate": null,
        "createdAt": "2026-02-22T16:30:32.889Z",
        "updatedAt": "2026-03-27T22:03:26.878Z"
      }
    },
    {
      "type": "Feature",
      "id": 91984,
      "geometry": {
        "type": "Point",
        "coordinates": [
          51.32148282783925,
          35.66789044858103
        ]
      },
      "properties": {
        "name:fa": "مرکز امنیتی",
        "description": "گردان امنیتی امام علی",
        "date": 1771681782,
        "city": "تهران",
        "province": "استان تهران",
        "name:en": "Security Center",
        "description:en": "Imam Ali Security Battalion",
        "city:en": "Tehran",
        "province:en": "Tehran",
        "name:ar": "مركز أمني",
        "description:ar": "كتيبة الإمام علي الأمنية",
        "city:ar": "طهران",
        "province:ar": "طهران",
        "name:he": "מרכז ביטחוני",
        "description:he": "גדודי הביטחון אמאם עלי",
        "city:he": "טהראן",
        "province:he": "טהראן",
        "id": "MjpiYWMwN2E2N2FkODQ",
        "publicId": "MjpiYWMwN2E2N2FkODQ",
        "sourceId": "bac07a67ad84",
        "layerId": 2,
        "type": "location",
        "status": "active",
        "urgency": null,
        "verificationTag": "not-verified",
        "expirationDate": null,
        "createdAt": "2026-02-21T13:49:42.815Z",
        "updatedAt": "2026-03-27T22:03:26.944Z"
      }
    },
    {
      "type": "Feature",
      "id": 91985,
      "geometry": {
        "type": "Point",
        "coordinates": [
          51.44595013303106,
          35.73065382630364
        ]
      },
      "properties": {
        "name:fa": "اداره اطلاعات",
        "description": "حفاظت اطلاعات ارتش",
        "date": 1771596470,
        "city": "تهران",
        "province": "استان تهران",
        "name:en": "Intelligence Office",
        "description:en": "Army Intelligence Protection",
        "city:en": "Tehran",
        "province:en": "Tehran",
        "name:ar": "إدارة الاستخبارات",
        "description:ar": "حماية استخبارات الجيش",
        "city:ar": "طهران",
        "province:ar": "طهران",
        "name:he": "משרד המודיעין",
        "description:he": "אבטחת המודיעין של הצבא",
        "city:he": "טהראן",
        "province:he": "טהראן",
        "id": "MjozNTAxMGU0ODU0NzU",
        "publicId": "MjozNTAxMGU0ODU0NzU",
        "sourceId": "35010e485475",
        "layerId": 2,
        "type": "location",
        "status": "active",
        "urgency": null,
        "verificationTag": "not-verified",
        "expirationDate": null,
        "createdAt": "2026-02-20T14:07:50.910Z",
        "updatedAt": "2026-03-27T22:03:27.008Z"
      }
    },
    {
      "type": "Feature",
      "id": 91986,
      "geometry": {
        "type": "Point",
        "coordinates": [
          52.529124252674194,
          29.62165143989509
        ]
      },
      "properties": {
        "name:fa": "اطلاعات سپاه",
        "description": "در ظاهر پارکینک عمومی،اما در طبقات بالای پارکینگ محل اصلی رسد دوربین های اطلاعات سپاه و نیروهای انتظامی برای کنترل شهری!بدون تابلو و نشان،بسیار استراتژیک،دو طبقه بالای ساختمان امنیتی",
        "date": 1771574712,
        "city": "شیراز",
        "province": "استان فارس",
        "name:en": "IRGC Intelligence",
        "description:en": "Outwardly a public parking garage, but the upper floors serve as the primary location for monitoring IRGC intelligence and law enforcement cameras for urban control! Unmarked and without signage, highly strategic, upper two floors of a security building.",
        "city:en": "Shiraz",
        "province:en": "Fars",
        "name:ar": "استخبارات الحرس الثوري",
        "description:ar": "في الظاهر موقف سيارات عام، ولكن في الطوابق العليا من الموقف يوجد المقر الرئيسي لرصد كاميرات استخبارات الحرس الثوري وقوى الأمن الداخلي للتحكم بالمدينة! من دون لوحة أو علامة، استراتيجي للغاية، الطابقان العلويان من المبنى أمنيان.",
        "city:ar": "شيراز",
        "province:ar": "فارس",
        "name:he": "מודיעין המשמרות",
        "description:he": "למראית עין חניון ציבורי, אך בקומות העליונות של החניון ממוקם המרכז הראשי למעקב מצלמות של מודיעין משמרות המהפכה וכוחות המשטרה לשליטה עירונית! ללא שלט או סימן, אסטרטגי ביותר, שתי הקומות העליונות של הבניין הן ביטחוניות.",
        "city:he": "שיראז",
        "province:he": "פארס",
        "id": "MjoyNmIyZDdhN2ZmYzE",
        "publicId": "MjoyNmIyZDdhN2ZmYzE",
        "sourceId": "26b2d7a7ffc1",
        "layerId": 2,
        "type": "location",
        "status": "active",
        "urgency": null,
        "verificationTag": "not-verified",
        "expirationDate": null,
        "createdAt": "2026-02-20T08:05:12.140Z",
        "updatedAt": "2026-03-27T22:03:27.072Z"
      }
    },
    {
      "type": "Feature",
      "id": 91987,
      "geometry": {
        "type": "Point",
        "coordinates": [
          51.874177341882955,
          32.01492005999377
        ]
      },
      "properties": {
        "name:fa": "اداره اطلاعات",
        "description": "اینجا ساختمان حفاظت اطلاعات هست",
        "date": 1771569323,
        "city": "شهرضا",
        "province": "استان اصفهان",
        "name:en": "Intelligence Office",
        "description:en": "This is the Intelligence Protection building.",
        "city:en": "Shahreza",
        "province:en": "Isfahan",
        "name:ar": "إدارة الاستخبارات",
        "description:ar": "هذا مبنى حماية الاستخبارات",
        "city:ar": "شهرضا",
        "province:ar": "أصفهان",
        "name:he": "משרד המודיעין",
        "description:he": "כאן נמצא בניין אבטחת המודיעין",
        "city:he": "שהרזא",
        "province:he": "אספהאן",
        "id": "MjplMGU1Zjk1Y2VjOTA",
        "publicId": "MjplMGU1Zjk1Y2VjOTA",
        "sourceId": "e0e5f95cec90",
        "layerId": 2,
        "type": "location",
        "status": "active",
        "urgency": null,
        "verificationTag": "not-verified",
        "expirationDate": null,
        "createdAt": "2026-02-20T06:35:23.317Z",
        "updatedAt": "2026-03-27T22:03:27.133Z"
      }
    },
    {
      "type": "Feature",
      "id": 91988,
      "geometry": {
        "type": "Point",
        "coordinates": [
          59.56439599197654,
          36.28601169844707
        ]
      },
      "properties": {
        "name:fa": "مرکز امنیتی",
        "description": "دفتر پژوهش دین و تمدن از مراکز مخفی جلسات امنیتی",
        "date": 1771564202,
        "city": "مشهد",
        "province": "استان خراسان رضوی",
        "name:en": "Security Center",
        "description:en": "Office for Research on Religion and Civilization, one of the secret locations for security meetings.",
        "city:en": "Mashhad",
        "province:en": "Razavi Khorasan",
        "name:ar": "مركز أمني",
        "description:ar": "مكتب أبحاث الدين والحضارة من المراكز السرية للاجتماعات الأمنية",
        "city:ar": "مشهد",
        "province:ar": "خراسان رضوي",
        "name:he": "מרכז ביטחוני",
        "description:he": "המשרד למחקר דת ותתרבות, מאחד המרכזים הסודיים לפגישות ביטחוניות",
        "city:he": "משהד",
        "province:he": "ח'וראסאן רזאווי",
        "id": "MjozNTE0NDUzMGIxN2Y",
        "publicId": "MjozNTE0NDUzMGIxN2Y",
        "sourceId": "35144530b17f",
        "layerId": 2,
        "type": "location",
        "status": "active",
        "urgency": null,
        "verificationTag": "not-verified",
        "expirationDate": null,
        "createdAt": "2026-02-20T05:10:02.607Z",
        "updatedAt": "2026-03-27T22:03:27.199Z"
      }
    },
    {
      "type": "Feature",
      "id": 91989,
      "geometry": {
        "type": "Point",
        "coordinates": [
          51.38868103476136,
          35.72756208621135
        ]
      },
      "properties": {
        "name:fa": "اداره اطلاعات",
        "description": "اطلاعات سباه.",
        "date": 1771552459,
        "city": "تهران",
        "province": "استان تهران",
        "name:en": "Intelligence Office",
        "description:en": "IRGC Intelligence.",
        "city:en": "Tehran",
        "province:en": "Tehran",
        "name:ar": "إدارة الاستخبارات",
        "description:ar": "استخبارات الحرس الثوري.",
        "city:ar": "طهران",
        "province:ar": "طهران",
        "name:he": "משרד המודיעין",
        "description:he": "מודיעין המשמרות.",
        "city:he": "טהראן",
        "province:he": "טהראן",
        "id": "MjpmYTZhMzg0MGMxNmQ",
        "publicId": "MjpmYTZhMzg0MGMxNmQ",
        "sourceId": "fa6a3840c16d",
        "layerId": 2,
        "type": "location",
        "status": "active",
        "urgency": null,
        "verificationTag": "not-verified",
        "expirationDate": null,
        "createdAt": "2026-02-20T01:54:19.046Z",
        "updatedAt": "2026-03-27T22:03:27.265Z"
      }
    },
    {
      "type": "Feature",
      "id": 91990,
      "geometry": {
        "type": "Point",
        "coordinates": [
          59.559109369368485,
          36.2790358957909
        ]
      },
      "properties": {
        "name:fa": "اطلاعات سپاه",
        "description": "مکان حفاظت اطلاعات سپاه",
        "date": 1771543880,
        "city": "مشهد",
        "province": "استان خراسان رضوی",
        "name:en": "IRGC Intelligence",
        "description:en": "IRGC Intelligence Protection facility.",
        "city:en": "Mashhad",
        "province:en": "Razavi Khorasan",
        "name:ar": "استخبارات الحرس الثوري",
        "description:ar": "موقع حماية استخبارات الحرس الثوري",
        "city:ar": "مشهد",
        "province:ar": "خراسان رضوي",
        "name:he": "מודיעין משמרות המהפכה",
        "description:he": "מתקן אבטחת המודיעין של משמרות המהפכה",
        "city:he": "משהד",
        "province:he": "ח'וראסאן רזאווי",
        "id": "MjpkZGJhNjczNTVlNjE",
        "publicId": "MjpkZGJhNjczNTVlNjE",
        "sourceId": "ddba67355e61",
        "layerId": 2,
        "type": "location",
        "status": "active",
        "urgency": null,
        "verificationTag": "not-verified",
        "expirationDate": null,
        "createdAt": "2026-02-19T23:31:20.779Z",
        "updatedAt": "2026-03-27T22:03:27.524Z"
      }
    },
    {
      "type": "Feature",
      "id": 91991,
      "geometry": {
        "type": "Point",
        "coordinates": [
          51.41527360143212,
          35.703720936175884
        ]
      },
      "properties": {
        "name:fa": "اطلاعات سپاه",
        "description": "مرکز اطلاعات سپاه",
        "date": 1771495492,
        "city": "تهران",
        "province": "استان تهران",
        "name:en": "IRGC Intelligence",
        "description:en": "IRGC Intelligence Center.",
        "city:en": "Tehran",
        "province:en": "Tehran",
        "name:ar": "استخبارات الحرس الثوري",
        "description:ar": "مركز استخبارات الحرس الثوري",
        "city:ar": "طهران",
        "province:ar": "طهران",
        "name:he": "מודיעין המשמרות",
        "description:he": "מרכז המודיעין של משמרות המהפכה",
        "city:he": "טהראן",
        "province:he": "טהראן",
        "id": "MjoyMGRmMDlhNjA3ZjI",
        "publicId": "MjoyMGRmMDlhNjA3ZjI",
        "sourceId": "20df09a607f2",
        "layerId": 2,
        "type": "location",
        "status": "active",
        "urgency": null,
        "verificationTag": "not-verified",
        "expirationDate": null,
        "createdAt": "2026-02-19T10:04:52.388Z",
        "updatedAt": "2026-03-27T22:03:27.598Z"
      }
    },
    {
      "type": "Feature",
      "id": 91992,
      "geometry": {
        "type": "Point",
        "coordinates": [
          48.35293084499034,
          33.48254113581409
        ]
      },
      "properties": {
        "name:fa": "اداره اطلاعات",
        "description": "مرکز اطلاعات",
        "date": 1771462656,
        "city": "خرم آباد",
        "province": "استان لرستان",
        "name:en": "Intelligence Office",
        "description:en": "Intelligence Center.",
        "city:en": "Khorramabad",
        "province:en": "Lorestan",
        "name:ar": "إدارة الاستخبارات",
        "description:ar": "مركز الاستخبارات",
        "city:ar": "خرم آباد",
        "province:ar": "لرستان",
        "name:he": "משרד המודיעין",
        "description:he": "מרכז המודיעין",
        "city:he": "ח'ורמאבאד",
        "province:he": "לורסתאן",
        "id": "MjozODI4NWE2OGY5OWE",
        "publicId": "MjozODI4NWE2OGY5OWE",
        "sourceId": "38285a68f99a",
        "layerId": 2,
        "type": "location",
        "status": "active",
        "urgency": null,
        "verificationTag": "not-verified",
        "expirationDate": null,
        "createdAt": "2026-02-19T00:57:36.557Z",
        "updatedAt": "2026-03-27T22:03:27.669Z"
      }
    },
    {
      "type": "Feature",
      "id": 91993,
      "geometry": {
        "type": "Point",
        "coordinates": [
          52.80009508274952,
          29.878821392669664
        ]
      },
      "properties": {
        "name:fa": "اطلاعات سپاه",
        "description": "حمید خاموشی نیروی اطلاعات سپاه",
        "date": 1771287925,
        "city": "مرودشت",
        "province": "استان فارس",
        "name:en": "IRGC Intelligence",
        "description:en": "Hamid Khamoshi, IRGC intelligence agent.",
        "city:en": "Marvdasht",
        "province:en": "Fars",
        "name:ar": "استخبارات الحرس الثوري",
        "description:ar": "حميد خاموشي عنصر في استخبارات الحرس الثوري",
        "city:ar": "مرودشت",
        "province:ar": "فارس",
        "name:he": "מודיעין המשמרות",
        "description:he": "חמיד ח'אמושי, איש כוחות המודיעין של משמרות המהפכה",
        "city:he": "מרבדשת",
        "province:he": "פארס",
        "id": "MjoxMTFiMzYxZjQ3NDE",
        "publicId": "MjoxMTFiMzYxZjQ3NDE",
        "sourceId": "111b361f4741",
        "layerId": 2,
        "type": "location",
        "status": "active",
        "urgency": null,
        "verificationTag": "not-verified",
        "expirationDate": null,
        "createdAt": "2026-02-17T00:25:25.333Z",
        "updatedAt": "2026-03-27T22:03:27.737Z"
      }
    },
    {
      "type": "Feature",
      "id": 91994,
      "geometry": {
        "type": "Point",
        "coordinates": [
          51.43255409488475,
          35.5854691380206
        ]
      },
      "properties": {
        "name:fa": "اداره اطلاعات",
        "description": "سازمان اطلاعات مخفی شهرری  تحت پوشش هلال احمر",
        "date": 1771046538,
        "city": "ری",
        "province": "استان تهران",
        "name:en": "Intelligence Office",
        "description:en": "Secret Intelligence Organization of Shahr-e Rey, under cover of the Red Crescent.",
        "city:en": "Rey",
        "province:en": "Tehran",
        "name:ar": "إدارة الاستخبارات",
        "description:ar": "جهاز الاستخبارات السري في شهر ري تحت غطاء الهلال الأحمر",
        "city:ar": "ري",
        "province:ar": "طهران",
        "name:he": "משרד המודיעין",
        "description:he": "ארגון המודיעין החשאי של שהר-א-רי תחת כסות הסהר האדום",
        "city:he": "ריי",
        "province:he": "טהראן",
        "id": "MjozYzYwMDE4YmVmMjc",
        "publicId": "MjozYzYwMDE4YmVmMjc",
        "sourceId": "3c60018bef27",
        "layerId": 2,
        "type": "location",
        "status": "active",
        "urgency": null,
        "verificationTag": "not-verified",
        "expirationDate": null,
        "createdAt": "2026-02-14T05:22:18.624Z",
        "updatedAt": "2026-03-27T22:03:27.798Z"
      }
    },
    {
      "type": "Feature",
      "id": 92099,
      "geometry": {
        "type": "Point",
        "coordinates": [
          57.08944957781719,
          26.520298551187338
        ]
      },
      "properties": {
        "unofficial_name:fa": "ستاد خبری",
        "description": "",
        "date": "",
        "city": "شهرستان سیریک",
        "province": "استان هرمزگان",
        "city:en": "Sirik County",
        "province:en": "Hormozgan",
        "city:ar": "قضاء سيريك",
        "province:ar": "هرمزكان",
        "city:he": "נפת סיריק",
        "province:he": "הורמוזגאן",
        "city:tr": "Sirik Şehristanı",
        "province:tr": "Hürmüzgan",
        "city:ckb": "شارستانی سیریک",
        "province:ckb": "ھورمزگان",
        "id": "MjpiYjMxYWRlMGI0MzI",
        "publicId": "MjpiYjMxYWRlMGI0MzI",
        "sourceId": "bb31ade0b432",
        "layerId": 2,
        "type": "location",
        "status": "active",
        "urgency": null,
        "verificationTag": "not-verified",
        "expirationDate": null,
        "createdAt": "2026-03-27T03:59:59.619Z",
        "updatedAt": "2026-03-31T07:10:43.661Z"
      }
    },
    {
      "type": "Feature",
      "id": 92422,
      "geometry": {
        "type": "Point",
        "coordinates": [
          45.08720642146881,
          37.5561914075314
        ]
      },
      "properties": {
        "name:fa": "اطلاعات",
        "description": "اطلاعات بدون تابلو",
        "date": 1743087597,
        "city": "ارومیه",
        "province": "استان آذربایجان غربی",
        "name:en": "Intelligence",
        "description:en": "Unmarked Intelligence office.",
        "city:en": "Urmia",
        "province:en": "West Azerbaijan",
        "name:ar": "المخابرات",
        "description:ar": "مقر مخابرات بدون لافتة",
        "city:ar": "أورمية",
        "province:ar": "أذربيجان الغربية",
        "name:he": "מודיעין",
        "description:he": "סניף מודיעין ללא שלט",
        "city:he": "אורמיה",
        "province:he": "אזרבייג'ן המערבית",
        "id": "MjozNTg0YzdlOGY3OWI",
        "publicId": "MjozNTg0YzdlOGY3OWI",
        "sourceId": "3584c7e8f79b",
        "layerId": 2,
        "type": "location",
        "status": "active",
        "urgency": null,
        "verificationTag": "not-verified",
        "expirationDate": null,
        "createdAt": "2026-03-27T14:49:57.909Z",
        "updatedAt": "2026-03-31T03:39:46.541Z"
      }
    },
    {
      "type": "Feature",
      "id": 92423,
      "geometry": {
        "type": "Point",
        "coordinates": [
          59.56844200444857,
          36.32361628807905
        ]
      },
      "properties": {
        "name:fa": "مرکز ارتباطات اطلاعات ثامن الائمه",
        "description": "مرکز ارتباطات و فن آوری اطلاعات ثامن الائمه، بسیار امنیتی. کنارش یه قسمت برای اطلاعات",
        "date": 1741286133,
        "city": "مشهد",
        "province": "استان خراسان رضوی",
        "name:en": "Samen al-A'immeh Intelligence Communications Center",
        "description:en": "Samen al-A'immeh Communications and Information Technology Center, highly secure. Next to it is a section for intelligence.",
        "city:en": "Mashhad",
        "province:en": "Razavi Khorasan",
        "name:ar": "مركز اتصالات المخابرات ثامن الأئمة",
        "description:ar": "مركز الاتصالات وتكنولوجيا المعلومات ثامن الأئمة، أمني للغاية، وتوجد بجانبه وحدة للمخابرات",
        "city:ar": "مشهد",
        "province:ar": "خراسان رضوي",
        "name:he": "מרכז תקשורת מודיעין ת'אמן אל-אאמה",
        "description:he": "מרכז תקשורת וטכנולוגיית המידע ת'אמן אל-אאמה, מאובטח ביותר. לצדו אגף של המודיעין.",
        "city:he": "משהד",
        "province:he": "ח'וראסאן רזאווי",
        "id": "Mjo0MTE4NDc1Y2VhNjg",
        "publicId": "Mjo0MTE4NDc1Y2VhNjg",
        "sourceId": "4118475cea68",
        "layerId": 2,
        "type": "location",
        "status": "active",
        "urgency": null,
        "verificationTag": "not-verified",
        "expirationDate": null,
        "createdAt": "2026-03-06T18:55:33.770Z",
        "updatedAt": "2026-03-31T03:39:46.598Z"
      }
    },
    {
      "type": "Feature",
      "id": 92424,
      "geometry": {
        "type": "Point",
        "coordinates": [
          50.95926542794439,
          35.66311777003885
        ]
      },
      "properties": {
        "city": "شهرستان ملارد",
        "date": 1739957646,
        "name:fa": "اطلاعات",
        "province": "استان تهران",
        "description": "مقر جدید اطلاعات ملارد",
        "name:en": "Intelligence",
        "description:en": "New Intelligence headquarters in Malard.",
        "city:en": "Malard",
        "province:en": "Tehran",
        "name:ar": "المخابرات",
        "description:ar": "المقر الجديد للمخابرات في ملارد",
        "city:ar": "مقاطعة ملارد",
        "province:ar": "طهران",
        "name:he": "מודיעין",
        "description:he": "מפקדת המודיעין החדשה במלארד",
        "city:he": "מלארד",
        "province:he": "טהראן",
        "id": "Mjo3OWNmZTY5NGQ4ODc",
        "publicId": "Mjo3OWNmZTY5NGQ4ODc",
        "sourceId": "79cfe694d887",
        "layerId": 2,
        "type": "location",
        "status": "active",
        "urgency": null,
        "verificationTag": "not-verified",
        "expirationDate": null,
        "createdAt": "2026-02-19T10:34:06.131Z",
        "updatedAt": "2026-04-08T20:49:25.502Z"
      }
    },
    {
      "type": "Feature",
      "id": 92425,
      "geometry": {
        "type": "Point",
        "coordinates": [
          48.76088743231912,
          33.88830474842456
        ]
      },
      "properties": {
        "city": "بروجرد",
        "date": 1743093533,
        "name:fa": "حفاظت اطلاعات سپاه",
        "province": "استان لرستان",
        "description": "حفاظت اطلاعات سپاه بروجرد",
        "name:en": "IRGC Intelligence Protection",
        "description:en": "IRGC Intelligence Protection in Borujerd.",
        "city:en": "Borujerd",
        "province:en": "Lorestan",
        "name:ar": "حماية معلومات الحرس الثوري",
        "description:ar": "حماية معلومات الحرس الثوري في بروجرد",
        "city:ar": "بروجرد",
        "province:ar": "لرستان",
        "name:he": "הגנת המידע של משמרות המהפכה",
        "description:he": "הגנת המידע של משמרות המהפכה בבורוג'רד",
        "city:he": "בורוג'רד",
        "province:he": "לורסתאן",
        "id": "Mjo1ZjA1Y2I5MjY0YjM",
        "publicId": "Mjo1ZjA1Y2I5MjY0YjM",
        "sourceId": "5f05cb9264b3",
        "layerId": 2,
        "type": "location",
        "status": "active",
        "urgency": null,
        "verificationTag": "not-verified",
        "expirationDate": null,
        "createdAt": "2026-03-27T16:28:53.492Z",
        "updatedAt": "2026-04-08T20:49:25.504Z"
      }
    },
    {
      "type": "Feature",
      "id": 92595,
      "geometry": {
        "type": "Point",
        "coordinates": [
          51.45932010013635,
          35.74603770009824
        ]
      },
      "properties": {
        "name:fa": "محدوده وزارت",
        "description": "دقیقا تا این نقطه‌ای که پین کردم محدوده وزارت ادامه داره. اون قسمت پر از دار و درخت پایین تر هم با اینکه عمومیه ولی خیلی نظارت روش زیاده و اذیت میکنن.",
        "date": 1774799609,
        "city": "تهران",
        "province": "استان تهران",
        "name:en": "Ministry Perimeter",
        "description:en": "The ministry's perimeter extends up to this exact pinned point. The lower area filled with trees, although public, is heavily monitored and people are harassed there.",
        "city:en": "Tehran",
        "province:en": "Tehran",
        "name:ar": "نطاق الوزارة",
        "description:ar": "يمتد نطاق الوزارة بالضبط حتى هذه النقطة التي حددتها. وتلك المنطقة المليئة بالأشجار في الأسفل، رغم أنها عامة، إلا أنها تخضع لمراقبة شديدة ويقومون بمضايقة الناس هناك.",
        "city:ar": "طهران",
        "province:ar": "طهران",
        "name:he": "שטח המשרד",
        "description:he": "בדיוק עד לנקודה זו שסימנתי נמשך שטח המשרד. החלק המוצל והמיוער למטה, למרות שהוא ציבורי, נתון להשגחה כבדה והם מציקים שם רבות.",
        "city:he": "טהראן",
        "province:he": "טהראן",
        "id": "MjpjYzNkYWRmZDEzMDk",
        "publicId": "MjpjYzNkYWRmZDEzMDk",
        "sourceId": "cc3dadfd1309",
        "layerId": 2,
        "type": "location",
        "status": "active",
        "urgency": null,
        "verificationTag": "not-verified",
        "expirationDate": null,
        "createdAt": "2026-03-29T15:53:29.130Z",
        "updatedAt": "2026-03-31T03:39:54.544Z"
      }
    },
    {
      "type": "Feature",
      "id": 92608,
      "geometry": {
        "type": "Point",
        "coordinates": [
          51.442318050101136,
          35.7766531197294
        ]
      },
      "properties": {
        "name:fa": "خانه سازمانی اطلاعاتی",
        "description": "۲۰_۲۹ اسفند_۲۴ ساعته-بن بست صراف-بن بست درخت -محل نیروهای اطلاعاتی و خانه سازمانی:احتمال حضور رادان",
        "date": 1773906442,
        "city": "تهران",
        "province": "استان تهران",
        "name:en": "Intelligence Organizational House",
        "description:en": "Esfand 20–29, 24/7 - Sarraf Dead End - Darakht Dead End - Location of intelligence forces and organizational safe house: possibility of Radan's presence.",
        "city:en": "Tehran",
        "province:en": "Tehran",
        "name:ar": "منزل وظيفي للمخابرات",
        "description:ar": "20-29 مارس - على مدار 24 ساعة - زقاق صراف - زقاق درخت - موقع عناصر المخابرات والمنزل الوظيفي: احتمال حضور رادان.",
        "city:ar": "طهران",
        "province:ar": "طهران",
        "name:he": "בית ארגוני של המודיעין",
        "description:he": "20-29 באספנד, 24 שעות ביממה - ללא מוצא סראף - ללא מוצא דרח'ת - מקום כוחות המודיעין ובית ארגוני: סבירות לנוכחות ראדאן",
        "province:he": "טהראן",
        "id": "MjoxZjg4NDgzZTVjZGY",
        "publicId": "MjoxZjg4NDgzZTVjZGY",
        "sourceId": "1f88483e5cdf",
        "layerId": 2,
        "type": "location",
        "status": "active",
        "urgency": null,
        "verificationTag": "not-verified",
        "expirationDate": null,
        "createdAt": "2026-03-19T07:47:22.542Z",
        "updatedAt": "2026-03-31T03:39:55.556Z"
      }
    },
    {
      "type": "Feature",
      "id": 92616,
      "geometry": {
        "type": "Point",
        "coordinates": [
          57.07064535606736,
          30.29899472314024
        ]
      },
      "properties": {
        "name:fa": "خانه امن",
        "description": "سلام این مکان که چسبیده به سینما شهر تماشا هست ستاد بازسازی عتبات عالیات هست و می‌تونه به عنوان خانه امن باشه",
        "date": 1773585744,
        "city": "کرمان",
        "province": "استان کرمان",
        "name:en": "Safehouse",
        "description:en": "Hello, this location, which is attached to Shahr-e Tamasha Cinema, is the Headquarters for the Reconstruction of Atabat Al-Aliyat and could serve as a safehouse.",
        "city:en": "Kerman",
        "province:en": "Kerman",
        "name:ar": "منزل آمن",
        "description:ar": "مرحباً، هذا المكان الملاصق لسينما شهر تماشا هو مقر إعادة إعمار العتبات العالية، ويمكن أن يكون بمثابة منزل آمن.",
        "city:ar": "كرمان",
        "province:ar": "كرمان",
        "name:he": "בית בטוח",
        "description:he": "שלום, המקום הזה הצמוד לקולנוע שהר תמאשא הוא מטה שיקום המקומות הקדושים, ויכול לשמש כבית בטוח.",
        "city:he": "כרמאן",
        "province:he": "כרמאן",
        "name:tr": "Güvenli Ev",
        "description:tr": "Merhaba, Şehr-i Temaşa Sineması'nın bitişiğindeki bu yer Kutsal Mekanları Yeniden İnşa Karargahı'dır ve güvenli bir ev olarak kullanılabilir",
        "city:tr": "Kirman",
        "province:tr": "Kirman",
        "name:ckb": "ماڵی ئەمن",
        "description:ckb": "سڵاو، ئەم شوێنەی کە بە سینەما شەهری تەماشاوە نوسواوە بارەگای بەسازیی عەتەبات عالیاتە و دەتوانێت وەک ماڵی ئەمن بێت",
        "city:ckb": "کەرمان",
        "province:ckb": "کرمان",
        "id": "MjphM2I1ODMyOWU3MGQ",
        "publicId": "MjphM2I1ODMyOWU3MGQ",
        "sourceId": "a3b58329e70d",
        "layerId": 2,
        "type": "location",
        "status": "active",
        "urgency": null,
        "verificationTag": "not-verified",
        "expirationDate": null,
        "createdAt": "2026-03-15T14:42:24.507Z",
        "updatedAt": "2026-03-31T03:39:56.278Z"
      }
    },
    {
      "type": "Feature",
      "id": 92634,
      "geometry": {
        "type": "Point",
        "coordinates": [
          51.400377679004436,
          35.76768375224081
        ]
      },
      "properties": {
        "name:fa": "خانه امن",
        "description": "اين مكان خانه امن است. قبلا كيوسك نگهباني داشتن زمان جنگ ١٢ روزه برداشتن. تمام اهالي و راننده هاي اسنپ ميدونن كه اينجا خانه امن هستش.",
        "date": 1773087014,
        "city": "تهران",
        "province": "استان تهران",
        "name:en": "Safehouse",
        "description:en": "This place is a safehouse. They used to have a guard kiosk, which was removed during the 12-day war. All local residents and Snapp drivers know that this place is a safehouse.",
        "city:en": "Tehran",
        "province:en": "Tehran",
        "name:ar": "منزل آمن",
        "description:ar": "هذا المكان منزل آمن. سابقاً كان لديهم كشك حراسة وأزالوه خلال حرب الـ 12 يوماً. جميع السكان وسائقي اسنب يعلمون أن هذا المكان منزل آمن.",
        "city:ar": "طهران",
        "province:ar": "طهران",
        "name:he": "בית בטוח",
        "description:he": "המקום הזה הוא בית בטוח. בעבר היה להם ביתן שמירה, ובזמן מלחמת 12 הימים הם הסירו אותו. כל התושבים ונהגי סנאפ יודעים שמדובר בבית בטוח.",
        "province:he": "טהראן",
        "name:tr": "Güvenli Ev",
        "description:tr": "Bu yer bir güvenli evdir. Eskiden bir güvenlik kulübeleri vardı, 12 günlük savaş sırasında kaldırdılar. Tüm mahalle sakinleri ve Snapp sürücüleri buranın güvenli bir ev olduğunu biliyor.",
        "city:tr": "Tahran",
        "province:tr": "Tahran",
        "name:ckb": "ماڵی ئەمن",
        "description:ckb": "ئەم شوێنە ماڵی ئەمنە. پێشتر کیۆسکی پاسەوانییان هەبوو، سەردەمی جەنگی 12 ڕۆژە هێناییانە خوارەوە. سەرجەم دانیشتووان و شۆفێرانی ئەسنەپ دەزانن کە ئێرە ماڵی ئەمنە.",
        "city:ckb": "تاران",
        "province:ckb": "تاران",
        "id": "Mjo2ODAxYTE1NWNjZWY",
        "publicId": "Mjo2ODAxYTE1NWNjZWY",
        "sourceId": "6801a155ccef",
        "layerId": 2,
        "type": "location",
        "status": "active",
        "urgency": null,
        "verificationTag": "not-verified",
        "expirationDate": null,
        "createdAt": "2026-03-09T20:10:14.372Z",
        "updatedAt": "2026-03-31T03:39:57.792Z"
      }
    },
    {
      "type": "Feature",
      "id": 92670,
      "geometry": {
        "type": "Point",
        "coordinates": [
          57.68581759057528,
          36.19936281668173
        ]
      },
      "properties": {
        "name:fa": "محل مخبران امنیتی",
        "description": "مخبر زیاد اینجا داره و متور های امنیتی و... روز های اعتراضات از همین مکان بیرون میان",
        "date": 1771170540,
        "city": "سبزوار",
        "province": "استان خراسان رضوی",
        "name:en": "Location of Security Informants",
        "description:en": "There are many informants here, and security motorbikes, etc., come out from this location on protest days.",
        "city:en": "Sabzevar",
        "province:en": "Razavi Khorasan",
        "name:ar": "موقع المخبرين الأمنيين",
        "description:ar": "يوجد العديد من المخبرين هنا، وتخرج الدراجات النارية الأمنية وغيرها من هذا المكان تحديداً في أيام الاحتجاجات.",
        "city:ar": "سبزوار",
        "province:ar": "خراسان رضوي",
        "name:he": "מקום מודיעי השטח של מנגנוני הביטחון",
        "description:he": "יש כאן מודיעים רבים, ואופנועים של מנגנוני הביטחון וכו' יוצאים בדיוק מהמקום הזה בימי המחאות",
        "city:he": "סבזוואר",
        "province:he": "ח'וראסאן רזאווי",
        "name:tr": "Güvenlik Muhbirlerinin Yeri",
        "description:tr": "Burada çok sayıda muhbir var; güvenlik motosikletleri ve benzerleri protesto günlerinde tam olarak bu mekandan çıkıyor.",
        "city:tr": "Sebzevar",
        "province:tr": "Razavi Horasan",
        "name:ckb": "شوێنی جاسووسە ئەمنییەکان",
        "description:ckb": "جاسووسی زۆری لێیە و ماتۆڕە ئەمنییەکان و... لە ڕۆژانی خۆپێشاندانەکاندا لەم شوێنەوە دێنە دەرەوە",
        "city:ckb": "سەبزەوار",
        "province:ckb": "خوراسانی ڕەزەوی",
        "id": "MjpkODAwZGZjMjdlM2Q",
        "publicId": "MjpkODAwZGZjMjdlM2Q",
        "sourceId": "d800dfc27e3d",
        "layerId": 2,
        "type": "location",
        "status": "active",
        "urgency": null,
        "verificationTag": "not-verified",
        "expirationDate": null,
        "createdAt": "2026-02-15T15:49:00.678Z",
        "updatedAt": "2026-03-31T03:40:00.568Z"
      }
    },
    {
      "type": "Feature",
      "id": 92677,
      "geometry": {
        "type": "Point",
        "coordinates": [
          52.53199431726725,
          29.604444809292062
        ]
      },
      "properties": {
        "name:fa": "بازداشتگاه اطلاعات انتظامی",
        "description": "اطلاعات نیرو انتظامی، بازداشتگاه سروش",
        "date": 1774759580,
        "city": "شیراز",
        "province": "استان فارس",
        "name:en": "Police Intelligence Detention Center",
        "description:en": "Police Intelligence, Soroush Detention Center.",
        "city:en": "Shiraz",
        "province:en": "Fars",
        "name:ar": "معتقل استخبارات الشرطة",
        "description:ar": "استخبارات قوى الأمن الداخلي، معتقل سروش",
        "city:ar": "شيراز",
        "province:ar": "فارس",
        "name:he": "בית מעצר של מודיעין המשטרה",
        "description:he": "מודיעין המשטרה, בית מעצר סורוש",
        "city:he": "שיראז",
        "province:he": "פארס",
        "name:tr": "Polis İstihbarat Gözaltı Merkezi",
        "description:tr": "Polis Teşkilatı İstihbaratı, Soruş Gözaltı Merkezi",
        "city:tr": "Şiraz",
        "province:tr": "Fars",
        "name:ckb": "دەستبەسەرگەی ئیتلاعاتی ئینتیزامی",
        "description:ckb": "ئیتلاعاتی هێزی ئینتیزامی، دەستبەسەرگەی سرووش",
        "city:ckb": "شیراز",
        "province:ckb": "فارس",
        "id": "MjplZmJjZTYyYTIyM2I",
        "publicId": "MjplZmJjZTYyYTIyM2I",
        "sourceId": "efbce62a223b",
        "layerId": 2,
        "type": "location",
        "status": "active",
        "urgency": null,
        "verificationTag": "not-verified",
        "expirationDate": null,
        "createdAt": "2026-03-29T04:46:20.435Z",
        "updatedAt": "2026-03-31T03:40:01.207Z"
      }
    },
    {
      "type": "Feature",
      "id": 92698,
      "geometry": {
        "type": "Point",
        "coordinates": [
          49.179270600284326,
          36.208644503438975
        ]
      },
      "properties": {
        "name:fa": "اطلاعات",
        "city": "خرمدره",
        "province": "استان زنجان",
        "date": "",
        "description": "",
        "sources": "",
        "name:en": "Intelligence",
        "city:en": "Khorramdarreh",
        "province:en": "Zanjan",
        "name:ar": "الاستخبارات",
        "city:ar": "خرمدره",
        "province:ar": "زنجان",
        "name:he": "מודיעין",
        "province:he": "זנג'אן",
        "name:tr": "İstihbarat",
        "city:tr": "Hürremdere",
        "province:tr": "Zencan",
        "name:ckb": "ئیتلاعات",
        "city:ckb": "خۆرەمدەرە",
        "province:ckb": "زەنجان",
        "id": "MjpkNWUwNWFlMzFjYWI",
        "publicId": "MjpkNWUwNWFlMzFjYWI",
        "sourceId": "d5e05ae31cab",
        "layerId": 2,
        "type": "location",
        "status": "active",
        "urgency": null,
        "verificationTag": "verified",
        "expirationDate": null,
        "createdAt": "2026-03-30T11:41:00.522Z",
        "updatedAt": "2026-03-30T11:41:00.522Z"
      }
    },
    {
      "type": "Feature",
      "id": 92761,
      "geometry": {
        "type": "Point",
        "coordinates": [
          45.05637940023024,
          39.35834199501011
        ]
      },
      "properties": {
        "city": "شهرستان پلدشت",
        "date": "",
        "name:fa": "اطلاعات پلدشت",
        "province": "استان آذربایجان غربی",
        "description": "اداره اطلاعات پلدشت",
        "unofficial_name:fa": "اداره اطلاعات پلدشت",
        "name:en": "Poldasht Intelligence",
        "description:en": "Poldasht Intelligence Department",
        "city:en": "Poldasht County",
        "province:en": "West Azerbaijan",
        "name:ar": "استخبارات بولدشت",
        "description:ar": "إدارة استخبارات بولدشت",
        "city:ar": "مقاطعة بولدشت",
        "province:ar": "أذربيجان الغربية",
        "name:he": "מודיעין פולאדשת",
        "description:he": "משרד המודיעין פולאדשת",
        "city:he": "נפת פולאדשת",
        "province:he": "אזרבייג'ן המערבית",
        "name:tr": "Peldeşt İstihbaratı",
        "description:tr": "Peldeşt İstihbarat Dairesi",
        "city:tr": "Peldeşt Şehristanı",
        "province:tr": "Batı Azerbaycan",
        "name:ckb": "ئیتلاعاتی پۆلدەشت",
        "description:ckb": "ئیدارەی ئیتلاعاتی پۆلدەشت",
        "city:ckb": "شارستانی پۆلدەشت",
        "province:ckb": "ئازەربایجانی ڕۆژاوا",
        "id": "Mjo0NjgwZmNmNTc5MWI",
        "publicId": "Mjo0NjgwZmNmNTc5MWI",
        "sourceId": "4680fcf5791b",
        "layerId": 2,
        "type": "location",
        "status": "active",
        "urgency": null,
        "verificationTag": "verified",
        "expirationDate": null,
        "createdAt": "2026-04-01T16:37:55.627Z",
        "updatedAt": "2026-04-08T19:39:30.368Z"
      }
    },
    {
      "type": "Feature",
      "id": 92777,
      "geometry": {
        "type": "Point",
        "coordinates": [
          45.10887344556255,
          37.54786047785035
        ]
      },
      "properties": {
        "city": "ارومیه",
        "date": 1775042620,
        "name:fa": "مقر اطلاعات",
        "province": "استان آذربایجان غربی",
        "description": "اطلاعات مقر اطلاعات",
        "name:en": "Intelligence Headquarters",
        "description:en": "Intelligence headquarters",
        "city:en": "Urmia",
        "province:en": "West Azerbaijan",
        "name:ar": "مقر الاستخبارات",
        "description:ar": "مقر الاستخبارات.",
        "city:ar": "أرومية",
        "province:ar": "أذربيجان الغربية",
        "name:he": "מפקדת המודיעין",
        "description:he": "מודיעין, מפקדת המודיעין",
        "city:he": "אורמיה",
        "province:he": "אזרבייג'ן המערבית",
        "name:tr": "İstihbarat Karargahı",
        "description:tr": "İstihbarat karargahı istihbaratı",
        "city:tr": "Urmiye",
        "province:tr": "Batı Azerbaycan",
        "name:ckb": "مۆڵگەی ئیتلاعات",
        "description:ckb": "ئیتلاعات مۆڵگەی ئیتلاعات",
        "city:ckb": "ورمێ",
        "province:ckb": "ئازەربایجانی ڕۆژاوا",
        "id": "MjpkYWEyODgwNzk2NzA",
        "publicId": "MjpkYWEyODgwNzk2NzA",
        "sourceId": "daa288079670",
        "layerId": 2,
        "type": "location",
        "status": "active",
        "urgency": null,
        "verificationTag": "not-verified",
        "expirationDate": null,
        "createdAt": "2026-04-01T11:23:40.693Z",
        "updatedAt": "2026-04-02T06:52:52.513Z"
      }
    },
    {
      "type": "Feature",
      "id": 92778,
      "geometry": {
        "type": "Point",
        "coordinates": [
          49.2007055706174,
          36.221596219861226
        ]
      },
      "properties": {
        "city": "شهرستان خرمدره",
        "date": 1774986235,
        "name:fa": "اطلاعات",
        "province": "استان زنجان",
        "description": "اطلاعات",
        "name:en": "Intelligence",
        "description:en": "Intelligence",
        "city:en": "Khorramdarreh County",
        "province:en": "Zanjan",
        "name:ar": "الاستخبارات",
        "description:ar": "الاستخبارات.",
        "city:ar": "قضاء خرمدره",
        "province:ar": "زنجان",
        "name:he": "מודיעין",
        "description:he": "מודיעין",
        "city:he": "נפת ח'ורמדרה",
        "province:he": "זנג'אן",
        "name:tr": "İstihbarat",
        "description:tr": "İstihbarat",
        "city:tr": "Hürremdere Şehri",
        "province:tr": "Zencan",
        "name:ckb": "ئیتلاعات",
        "description:ckb": "ئیتلاعات",
        "city:ckb": "شارستانی خۆرەم دەرە",
        "province:ckb": "زەنجان",
        "id": "MjozOWI4YTk3MWE5Y2U",
        "publicId": "MjozOWI4YTk3MWE5Y2U",
        "sourceId": "39b8a971a9ce",
        "layerId": 2,
        "type": "location",
        "status": "active",
        "urgency": null,
        "verificationTag": "not-verified",
        "expirationDate": null,
        "createdAt": "2026-03-31T19:43:55.569Z",
        "updatedAt": "2026-04-02T06:52:52.517Z"
      }
    },
    {
      "type": "Feature",
      "id": 92780,
      "geometry": {
        "type": "Point",
        "coordinates": [
          48.760892554011605,
          33.8883006724473
        ]
      },
      "properties": {
        "city": "بروجرد",
        "date": 1774823483,
        "name:fa": "حفاظت اطلاعات",
        "province": "استان لرستان",
        "description": "حفاظت اطلاعات بروجرد",
        "name:en": "Intelligence Protection",
        "description:en": "Borujerd Intelligence Protection",
        "city:en": "Borujerd",
        "province:en": "Lorestan",
        "name:ar": "حماية الاستخبارات",
        "description:ar": "حماية الاستخبارات في بروجرد.",
        "city:ar": "بروجرد",
        "province:ar": "لرستان",
        "name:he": "אבטחת מודיעין",
        "description:he": "אבטחת מודיעין ברוג'רד",
        "city:he": "ברוג'רד",
        "province:he": "לורסתאן",
        "name:tr": "İstihbarat Koruma",
        "description:tr": "Borucerdi İstihbarat Koruma",
        "city:tr": "Borucerd",
        "province:tr": "Luristan",
        "name:ckb": "حیفازەتی ئیتلاعات",
        "description:ckb": "حیفازەتی ئیتلاعاتی بروجێرد",
        "city:ckb": "بروجێرد",
        "province:ckb": "لوڕستان",
        "id": "Mjo5NmE1YmEyZmUwNDQ",
        "publicId": "Mjo5NmE1YmEyZmUwNDQ",
        "sourceId": "96a5ba2fe044",
        "layerId": 2,
        "type": "location",
        "status": "active",
        "urgency": null,
        "verificationTag": "not-verified",
        "expirationDate": null,
        "createdAt": "2026-03-29T22:31:23.423Z",
        "updatedAt": "2026-04-08T20:49:25.560Z"
      }
    },
    {
      "type": "Feature",
      "id": 92781,
      "geometry": {
        "type": "Point",
        "coordinates": [
          46.26268784447785,
          36.23321247509055
        ]
      },
      "properties": {
        "city": "سقز",
        "date": 1774663933,
        "name:fa": "اطلاعات",
        "province": "استان کردستان",
        "description": "اطلاعات",
        "name:en": "Intelligence",
        "description:en": "Intelligence",
        "city:en": "Saqqez",
        "province:en": "Kurdistan",
        "name:ar": "الاستخبارات",
        "description:ar": "الاستخبارات.",
        "city:ar": "سقز",
        "province:ar": "كردستان",
        "name:he": "מודיעין",
        "description:he": "מודיעין",
        "city:he": "סקז",
        "province:he": "כורדיסטאן",
        "name:tr": "İstihbarat",
        "description:tr": "İstihbarat",
        "city:tr": "Sakkız",
        "province:tr": "Kürdistan",
        "name:ckb": "ئیتلاعات",
        "description:ckb": "ئیتلاعات",
        "city:ckb": "سەقز",
        "province:ckb": "کوردستان",
        "id": "Mjo3NGZiMWJkNjkzY2M",
        "publicId": "Mjo3NGZiMWJkNjkzY2M",
        "sourceId": "74fb1bd693cc",
        "layerId": 2,
        "type": "location",
        "status": "active",
        "urgency": null,
        "verificationTag": "not-verified",
        "expirationDate": null,
        "createdAt": "2026-03-28T02:12:13.629Z",
        "updatedAt": "2026-04-02T06:52:52.524Z"
      }
    },
    {
      "type": "Feature",
      "id": 92782,
      "geometry": {
        "type": "Point",
        "coordinates": [
          50.17348645354835,
          30.056178906493727
        ]
      },
      "properties": {
        "city": "بندردیلم",
        "date": 1774653642,
        "name:fa": "اطلاعات بندر",
        "province": "استان بوشهر",
        "description": "اداره اطلاعات بندر دیلم",
        "name:en": "Bandar Intelligence",
        "description:en": "Bandar Deylam Intelligence Department",
        "city:en": "Bandar Deylam",
        "province:en": "Bushehr",
        "name:ar": "استخبارات الميناء",
        "description:ar": "إدارة استخبارات ميناء ديلم.",
        "city:ar": "ميناء ديلم",
        "province:ar": "بوشهر",
        "name:he": "מודיעין הנמל",
        "description:he": "משרד המודיעין של בנדר דיילאם",
        "city:he": "בנדר דיילאם",
        "province:he": "בושהר",
        "name:tr": "Liman İstihbaratı",
        "description:tr": "Deylem Limanı İstihbarat Dairesi",
        "city:tr": "Bender Deylem",
        "province:tr": "Buşehr",
        "name:ckb": "ئیتلاعاتی بەندەر",
        "description:ckb": "ئیدارەی ئیتلاعاتی بەندەری دەیڵەم",
        "city:ckb": "بەندەری دەیڵەم",
        "province:ckb": "بووشەھر",
        "id": "MjpkMGVlNDkyZDUzM2Q",
        "publicId": "MjpkMGVlNDkyZDUzM2Q",
        "sourceId": "d0ee492d533d",
        "layerId": 2,
        "type": "location",
        "status": "active",
        "urgency": null,
        "verificationTag": "not-verified",
        "expirationDate": null,
        "createdAt": "2026-03-27T23:20:42.972Z",
        "updatedAt": "2026-04-08T20:49:25.562Z"
      }
    },
    {
      "type": "Feature",
      "id": 92783,
      "geometry": {
        "type": "Point",
        "coordinates": [
          45.06546087020206,
          37.54982655682656
        ]
      },
      "properties": {
        "city": "ارومیه",
        "date": 1774985108,
        "name:fa": "اطلاعات سپاه",
        "province": "استان آذربایجان غربی",
        "description": "اطلاعات سپاه پاسداران",
        "name:en": "IRGC Intelligence",
        "description:en": "Islamic Revolutionary Guard Corps (IRGC) Intelligence",
        "city:en": "Urmia",
        "province:en": "West Azerbaijan",
        "name:ar": "استخبارات الحرس الثوري",
        "description:ar": "استخبارات الحرس الثوري.",
        "city:ar": "أرومية",
        "province:ar": "أذربيجان الغربية",
        "name:he": "מודיעין משמרות המהפכה",
        "description:he": "מודיעין משמרות המהפכה",
        "city:he": "אורמיה",
        "province:he": "אזרבייג'ן המערבית",
        "name:tr": "Devrim Muhafızları İstihbaratı",
        "description:tr": "Devrim Muhafızları Ordu İstihbaratı",
        "city:tr": "Urmiye",
        "province:tr": "Batı Azerbaycan",
        "name:ckb": "ئیتلاعاتی سوپا",
        "description:ckb": "ئیتلاعاتی سوپای پاسداران",
        "city:ckb": "ورمێ",
        "province:ckb": "ئازەربایجانی ڕۆژاوا",
        "id": "MjplODFkMDIzOWJkOTE",
        "publicId": "MjplODFkMDIzOWJkOTE",
        "sourceId": "e81d0239bd91",
        "layerId": 2,
        "type": "location",
        "status": "active",
        "urgency": null,
        "verificationTag": "not-verified",
        "expirationDate": null,
        "createdAt": "2026-03-31T19:25:08.867Z",
        "updatedAt": "2026-04-02T06:52:52.528Z"
      }
    },
    {
      "type": "Feature",
      "id": 92794,
      "geometry": {
        "type": "Point",
        "coordinates": [
          51.28372145412706,
          35.73499515101042
        ]
      },
      "properties": {
        "unofficial_name:fa": "",
        "description": "ساختمان مشکوک به اطلاعات سپاه. کاملا ایزوله و محافظت شده، با یه دستگاه شبیه رادار روی سقف ساختمان اصلی",
        "date": 1772622108,
        "city": "تهران",
        "province": "استان تهران",
        "name:fa": "ساختمان مشکوک به اطلاعات سپاه",
        "name:en": "Building Suspected of IRGC Intelligence",
        "description:en": "Building suspected to belong to IRGC Intelligence. Fully isolated and secured, featuring a radar-like device on the roof of the main building.",
        "city:en": "Tehran",
        "province:en": "Tehran",
        "name:ar": "مبنى يُشتبه بأنه لاستخبارات الحرس الثوري",
        "description:ar": "مبنى يُشتبه بأنه تابع لاستخبارات الحرس الثوري. معزول ومحمي بالكامل، مع جهاز يشبه الرادار على سطح المبنى الرئيسي.",
        "city:ar": "طهران",
        "province:ar": "طهران",
        "name:he": "בניין החשוד כשייך למודיעין משמרות המהפכה",
        "description:he": "בניין החשוד כשייך למודיעין משמרות המהפכה. מבודד ומאובטח לחלוטין, עם מכשיר הדמוי מכ\"ם על גג הבניין המרכזי",
        "city:he": "טהראן",
        "province:he": "טהראן",
        "name:tr": "Devrim Muhafızları İstihbaratına Ait Olduğundan Şüphelenilen Bina",
        "description:tr": "Devrim Muhafızları İstihbaratına ait olduğundan şüphelenilen bina. Tamamen izole ve korumalı, ana binanın çatısında radar benzeri bir cihaz var.",
        "city:tr": "Tahran",
        "province:tr": "Tahran",
        "name:ckb": "باڵەخانەی بەگومان بە ئیتلاعاتی سوپا",
        "description:ckb": "باڵەخانەی بەگومان بە ئیتلاعاتی سوپا. بە تەواوی دابڕێندراو و پارێزراو، بە ئامێرێکی هاوشێوەی ڕادار لەسەر سەربانی باڵەخانە سەرەکییەکە.",
        "city:ckb": "تاران",
        "province:ckb": "تاران",
        "id": "MjowNGY0NTE5NDZjMGQ",
        "publicId": "MjowNGY0NTE5NDZjMGQ",
        "sourceId": "04f451946c0d",
        "layerId": 2,
        "type": "location",
        "status": "active",
        "urgency": null,
        "verificationTag": "not-verified",
        "expirationDate": null,
        "createdAt": "2026-04-02T07:25:21.482Z",
        "updatedAt": "2026-04-02T07:25:21.482Z"
      }
    },
    {
      "type": "Feature",
      "id": 92865,
      "geometry": {
        "type": "Point",
        "coordinates": [
          51.451272546659624,
          35.75663596261998
        ]
      },
      "properties": {
        "name:fa": "خانه امن در گلنبی",
        "city": "تهران",
        "province": "استان تهران",
        "date": 1774955038,
        "description": "خانه امن در گلنبی - حوالی ساعت ۴ روز ۱۱ اسفند",
        "sources": "",
        "name:en": "Safe House in Golnabi",
        "description:en": "Safe house in Golnabi - around 4:00 on Esfand 11",
        "city:en": "Tehran",
        "province:en": "Tehran",
        "name:ar": "منزل آمن في كلنبي",
        "description:ar": "منزل آمن في كلنبي - حوالي الساعة 4 يوم 11 اسفند.",
        "city:ar": "طهران",
        "province:ar": "طهران",
        "name:he": "בית בטוח בגולנבי",
        "description:he": "בית בטוח בגולנבי - בסביבות השעה 4 ב-11 באספנד",
        "city:he": "טהראן",
        "province:he": "טהראן",
        "name:tr": "Golnabi'deki Güvenli Ev",
        "description:tr": "Golnabi'deki güvenli ev - 11 İsfand günü saat 04:00 sularında",
        "city:tr": "Tahran",
        "province:tr": "Tahran",
        "name:ckb": "ماڵی ئەمن لە گوڵنەبی",
        "description:ckb": "ماڵی ئەمن لە گوڵنەبی - دەوروبەری کاتژمێر 4ی ڕۆژی 11ی ڕەشەممە",
        "city:ckb": "تاران",
        "province:ckb": "تاران",
        "id": "Mjo3ODBjNmFiNWZjMWU",
        "publicId": "Mjo3ODBjNmFiNWZjMWU",
        "sourceId": "780c6ab5fc1e",
        "layerId": 2,
        "type": "location",
        "status": "active",
        "urgency": null,
        "verificationTag": "not-verified",
        "expirationDate": null,
        "createdAt": "2026-04-02T22:08:15.670Z",
        "updatedAt": "2026-04-02T22:08:15.670Z"
      }
    },
    {
      "type": "Feature",
      "id": 92866,
      "geometry": {
        "type": "Point",
        "coordinates": [
          48.75346822809806,
          31.312421357925857
        ]
      },
      "properties": {
        "city": "اهواز",
        "date": 1775076959,
        "name:fa": "خانه امن سپاه",
        "sources": "",
        "province": "استان خوزستان",
        "description": "خانه امن سپاه احتمالا محل برگزاری جلسه است. یک دوربین با پایه ۲ متری دارد و سقف پوشیده است. خانه بچه خواهر رئیس امور مالیاتی خوزستان است و ملک دیگرش در مسجد سلیمان هدف قرار گرفت.",
        "name:en": "IRGC Safe House",
        "description:en": "The IRGC safe house is likely a meeting location. It has a camera with a 2-meter stand and a covered roof. It is the house of the Khuzestan tax affairs chief's nephew/niece, and their other property in Masjed Soleyman was targeted.",
        "city:en": "Ahvaz",
        "province:en": "Khuzestan",
        "name:ar": "منزل آمن للحرس الثوري",
        "description:ar": "المنزل الآمن للحرس الثوري هو على الأرجح مكان عقد الاجتماع. يحتوي على كاميرا بمقبض ارتفاعها متران وسقفه مغطى. المنزل يعود لابن أخت رئيس مصلحة الضرائب في خوزستان، واستُهدف عقاره الآخر في مسجد سليمان.",
        "city:ar": "الأهواز",
        "province:ar": "خوزستان",
        "name:he": "בית בטוח של משמרות המהפכה",
        "description:he": "בית בטוח של משמרות המהפכה, ככל הנראה מקום קיומה של פגישה. יש לו מצלמה על עמוד בגובה 2 מטרים והגג מקורה. הבית שייך לאחיין של ראש רשות המסים בח'וזסטאן, ונכס נוסף שלו במסג'ד סלימאן הותקף.",
        "city:he": "אהוואז",
        "province:he": "ח'וזסתאן",
        "name:tr": "Sepah Güvenli Evi",
        "description:tr": "Sepah güvenli evinin toplantı yeri olması muhtemeldir. 2 metrelik bir ayağı olan kameraya sahiptir ve çatısı kapalıdır. Ev, Huzistan vergi dairesi başkanının yeğenine aittir ve Mescid-i Süleyman'daki diğer mülkü hedef alınmıştır.",
        "city:tr": "Ahvaz",
        "province:tr": "Huzistan",
        "name:ckb": "ماڵی ئەمنی سوپا",
        "description:ckb": "ماڵی ئەمنی سوپا ئەگەری هەیە شوێنی بەڕێوەچوونی کۆبوونەوە بێت. کامێرایەکی بە پایەی 2 مەترییەوە هەیە و سەقفەکەی داپۆشراوە. ماڵی خوشکەزای سەرۆکی کاروباری باجی خوزستانە و موڵکەکەی دیکەی لە مەسجید سولەیمان ئامانج کراوە.",
        "city:ckb": "ئەهواز",
        "province:ckb": "خووزستان",
        "id": "Mjo3NmYzODM1YTlhZGY",
        "publicId": "Mjo3NmYzODM1YTlhZGY",
        "sourceId": "76f3835a9adf",
        "layerId": 2,
        "type": "location",
        "status": "active",
        "urgency": null,
        "verificationTag": "not-verified",
        "expirationDate": null,
        "createdAt": "2026-04-02T22:18:52.183Z",
        "updatedAt": "2026-04-08T19:39:30.371Z"
      }
    },
    {
      "type": "Feature",
      "id": 92867,
      "geometry": {
        "type": "Point",
        "coordinates": [
          54.32686217878276,
          27.66478023315726
        ]
      },
      "properties": {
        "city": "لار",
        "date": 1775163100,
        "name:fa": "اداره اطلاعات",
        "province": "استان فارس",
        "description": "اداره اطلاعات شهرستان لارستان",
        "unofficial_name:fa": "",
        "name:en": "Intelligence Office",
        "description:en": "Larestan County Intelligence Office",
        "city:en": "Lar",
        "province:en": "Fars",
        "name:ar": "دائرة الاستخبارات",
        "description:ar": "دائرة الاستخبارات في مقاطعة لارستان.",
        "city:ar": "لار",
        "province:ar": "فارس",
        "name:he": "משרד המודיעין",
        "description:he": "משרד המודיעין של מחוז-משנה לארסטאן.",
        "city:he": "לאר",
        "province:he": "פארס",
        "name:tr": "İstihbarat Dairesi",
        "description:tr": "Larestan Şehristanı İstihbarat Dairesi",
        "city:tr": "Lar",
        "province:tr": "Fars",
        "name:ckb": "ئیدارەی ئیتلاعات",
        "description:ckb": "ئیدارەی ئیتلاعاتی شارۆچکەی لاریستان",
        "city:ckb": "لار",
        "province:ckb": "فارس",
        "id": "MjphZTMzNTc5ZmJkNjA",
        "publicId": "MjphZTMzNTc5ZmJkNjA",
        "sourceId": "ae33579fbd60",
        "layerId": 2,
        "type": "location",
        "status": "active",
        "urgency": null,
        "verificationTag": "not-verified",
        "expirationDate": null,
        "createdAt": "2026-04-02T22:21:40.966Z",
        "updatedAt": "2026-04-08T20:49:25.571Z"
      }
    },
    {
      "type": "Feature",
      "id": 92879,
      "geometry": {
        "type": "Point",
        "coordinates": [
          52.965220601563544,
          36.18355522027517
        ]
      },
      "properties": {
        "unofficial_name:fa": "اطلاعات زیراب",
        "description": "",
        "date": "",
        "city": "زیراب",
        "province": "استان مازندران",
        "city:en": "Zirab",
        "province:en": "Mazandaran",
        "city:ar": "زيراب",
        "province:ar": "مازندران",
        "city:he": "זיראב",
        "province:he": "מאזנדראן",
        "city:tr": "Zirab",
        "province:tr": "Mazenderan",
        "city:ckb": "زیراب",
        "province:ckb": "مازەندەران",
        "id": "MjoyMTI3ZmFhOTQ4NmQ",
        "publicId": "MjoyMTI3ZmFhOTQ4NmQ",
        "sourceId": "2127faa9486d",
        "layerId": 2,
        "type": "location",
        "status": "active",
        "urgency": null,
        "verificationTag": "verified",
        "expirationDate": null,
        "createdAt": "2026-04-03T09:43:39.948Z",
        "updatedAt": "2026-04-03T09:43:39.948Z"
      }
    },
    {
      "type": "Feature",
      "id": 92906,
      "geometry": {
        "type": "Point",
        "coordinates": [
          49.98181263218984,
          37.20924181705901
        ]
      },
      "properties": {
        "city": "شهرستان لاهیجان",
        "date": 1775216406,
        "name:fa": "وزارت اطلاعات لاهیجان",
        "province": "استان گیلان",
        "description": "ساختمان وزارت اطلاعات شهرستان لاهیجان",
        "unofficial_name:fa": "",
        "name:en": "Lahijan Ministry of Intelligence",
        "description:en": "Ministry of Intelligence building of Lahijan County",
        "city:en": "Lahijan County",
        "province:en": "Gilan",
        "name:ar": "وزارة الاستخبارات في لاهيجان",
        "description:ar": "مبنى وزارة الاستخبارات في مقاطعة لاهيجان",
        "city:ar": "مقاطعة لاهيجان",
        "province:ar": "جيلان",
        "name:he": "משרד המודיעין לאהיג'אן",
        "description:he": "בניין משרד המודיעין של מחוז משנה לאהיג'אן",
        "province:he": "גילאן",
        "name:tr": "Lahican İstihbarat Bakanlığı",
        "description:tr": "Lahican Şehristanı İstihbarat Bakanlığı Binası",
        "city:tr": "Lahican Şehristanı",
        "province:tr": "Gilan",
        "name:ckb": "وەزارەتی ئیتڵاەاتی لاھیجان",
        "description:ckb": "باڵەخانەی وەزارەتی ئیتڵاەاتی شارستانی لاھیجان",
        "city:ckb": "شارستانی لاھیجان",
        "province:ckb": "گیلان",
        "id": "MjphYjYzZjEzMzU1MWE",
        "publicId": "MjphYjYzZjEzMzU1MWE",
        "sourceId": "ab63f133551a",
        "layerId": 2,
        "type": "location",
        "status": "active",
        "urgency": null,
        "verificationTag": "not-verified",
        "expirationDate": null,
        "createdAt": "2026-04-04T03:09:20.373Z",
        "updatedAt": "2026-04-08T19:39:30.375Z"
      }
    },
    {
      "type": "Feature",
      "id": 92992,
      "geometry": {
        "type": "Point",
        "coordinates": [
          53.06504532535459,
          36.56354303416805
        ]
      },
      "properties": {
        "name:fa": "پایگاه سایبری شهرستان ساری",
        "city": "ساری",
        "province": "استان مازندران",
        "date": 1775602731,
        "description": "پایگاه سایبری شهرستان ساری",
        "sources": "",
        "name:en": "Sari County Cyber Base",
        "description:en": "Sari County cyber base.",
        "city:en": "Sari",
        "province:en": "Mazandaran",
        "name:ar": "القاعدة السيبرانية لمقاطعة ساري",
        "description:ar": "القاعدة السيبرانية لمقاطعة ساري",
        "city:ar": "ساري",
        "province:ar": "مازندران",
        "name:he": "בסיס הסייבר של נפת סארי",
        "city:he": "סארי",
        "province:he": "מאזנדראן",
        "name:tr": "Sari İlçesi Siber Üssü",
        "description:tr": "Sari İlçesi siber üssü",
        "city:tr": "Sari",
        "province:tr": "Mazenderan",
        "name:ckb": "بنکەی سایبەریی شارستانی ساری",
        "description:ckb": "بنکەی سایبەریی شارستانی ساری",
        "city:ckb": "ساری",
        "province:ckb": "مازەندەران",
        "id": "MjowMjEyNjViNzM4MDY",
        "publicId": "MjowMjEyNjViNzM4MDY",
        "sourceId": "021265b73806",
        "layerId": 2,
        "type": "location",
        "status": "active",
        "urgency": null,
        "verificationTag": "not-verified",
        "expirationDate": null,
        "createdAt": "2026-04-09T17:47:01.788Z",
        "updatedAt": "2026-04-09T17:47:01.788Z"
      }
    },
    {
      "type": "Feature",
      "id": 93012,
      "geometry": {
        "type": "Point",
        "coordinates": [
          45.06032254675162,
          37.533282789204264
        ]
      },
      "properties": {
        "unofficial_name:fa": "",
        "description": "",
        "date": 1775591783,
        "city": "ارومیه",
        "province": "استان آذربایجان غربی",
        "name:fa": "نیروی اطلاعاتی",
        "name:en": "Intelligence Personnel",
        "city:en": "Urmia",
        "province:en": "West Azerbaijan",
        "name:ar": "قوات استخباراتية",
        "city:ar": "أرومية",
        "province:ar": "أذربيجان الغربية",
        "name:he": "כוח מודיעין",
        "city:he": "אורמיה",
        "province:he": "אזרבייג'ן המערבית",
        "name:tr": "İstihbarat Elemanı",
        "city:tr": "Urmiye",
        "province:tr": "Batı Azerbaycan",
        "name:ckb": "هێزی ئیتلاعاتی",
        "city:ckb": "ورمێ",
        "province:ckb": "ئازەربایجانی ڕۆژاوا",
        "id": "MjpiOGJjNDViNTZjNTY",
        "publicId": "MjpiOGJjNDViNTZjNTY",
        "sourceId": "b8bc45b56c56",
        "layerId": 2,
        "type": "location",
        "status": "active",
        "urgency": null,
        "verificationTag": "not-verified",
        "expirationDate": null,
        "createdAt": "2026-04-10T01:46:58.904Z",
        "updatedAt": "2026-04-10T01:46:58.904Z"
      }
    },
    {
      "type": "Feature",
      "id": 93017,
      "geometry": {
        "type": "Point",
        "coordinates": [
          50.01948338103355,
          34.69519750579762
        ]
      },
      "properties": {
        "unofficial_name:fa": "",
        "description": "ساختمان جدید اداره اطلاعات سپاه",
        "date": 1775737009,
        "city": "تفرش",
        "province": "استان مرکزی",
        "name:fa": "اداره اطلاعات سپاه",
        "name:en": "IRGC Intelligence Department",
        "description:en": "New building of the IRGC Intelligence Department",
        "city:en": "Tafresh",
        "province:en": "Markazi",
        "name:ar": "إدارة استخبارات الحرس الثوري",
        "description:ar": "المبنى الجديد لإدارة استخبارات الحرس الثوري",
        "city:ar": "تفرش",
        "province:ar": "المركزية",
        "name:he": "משרד מודיעין משמרות המהפכה",
        "description:he": "הבניין החדש של משרד מודיעין משמרות המהפכה",
        "city:he": "תפרש",
        "province:he": "מרכזי",
        "name:tr": "Devrim Muhafızları İstihbarat İdaresi",
        "description:tr": "Devrim Muhafızları İstihbarat İdaresi'nin yeni binası",
        "city:tr": "Tefreş",
        "province:tr": "Merkezi",
        "name:ckb": "ئیدارەی ئیتلاعاتی سوپا",
        "description:ckb": "بینای نوێی ئیدارەی ئیتلاعاتی سوپا",
        "city:ckb": "تەفرەش",
        "province:ckb": "مەرکەزی",
        "id": "MjplNmNiOGMwZWQ5YTM",
        "publicId": "MjplNmNiOGMwZWQ5YTM",
        "sourceId": "e6cb8c0ed9a3",
        "layerId": 2,
        "type": "location",
        "status": "active",
        "urgency": null,
        "verificationTag": "not-verified",
        "expirationDate": null,
        "createdAt": "2026-04-10T02:13:15.128Z",
        "updatedAt": "2026-04-10T02:13:15.128Z"
      }
    },
    {
      "type": "Feature",
      "id": 93062,
      "geometry": {
        "type": "Point",
        "coordinates": [
          50.975626,
          35.868606
        ]
      },
      "properties": {
        "unofficial_name:fa": "",
        "description": "",
        "date": 1776398621,
        "city": "کرج",
        "province": "استان البرز",
        "name:fa": "ساختمان اطلاعات قدیم کرج",
        "name:en": "Old Intelligence Building of Karaj",
        "city:en": "Karaj",
        "province:en": "Alborz",
        "name:ar": "مبنى الاستخبارات القديم في كرج",
        "city:ar": "كرج",
        "province:ar": "ألبرز",
        "name:he": "בניין המודיעין הישן של כראג'",
        "city:he": "כראג'",
        "province:he": "אלבורז",
        "name:tr": "Kereç Eski İstihbarat Binası",
        "city:tr": "Kereç",
        "province:tr": "Elburz",
        "name:ckb": "بینای کۆنی ئیتلاعاتی کەرەج",
        "city:ckb": "کەرەج",
        "province:ckb": "ئەلبورز",
        "id": "MjplOGU1MzI1ZDg3ZTU",
        "publicId": "MjplOGU1MzI1ZDg3ZTU",
        "sourceId": "e8e5325d87e5",
        "layerId": 2,
        "type": "location",
        "status": "active",
        "urgency": null,
        "verificationTag": "not-verified",
        "expirationDate": null,
        "createdAt": "2026-04-18T02:06:48.478Z",
        "updatedAt": "2026-04-18T02:06:48.478Z"
      }
    },
    {
      "type": "Feature",
      "id": 93122,
      "geometry": {
        "type": "Point",
        "coordinates": [
          57.335021255388114,
          37.4828516540793
        ]
      },
      "properties": {
        "unofficial_name:fa": "",
        "description": "این مکان مربوط به اطلاعات و خیلی آدم‌های اصلی اینجا می‌رن",
        "date": 1777114368,
        "city": "بجنورد",
        "province": "استان خراسان شمالی",
        "name:fa": "مرکز اطلاعات",
        "name:en": "Intelligence Center",
        "description:en": "This location belongs to the Intelligence Ministry/Department, and many key figures go here.",
        "city:en": "Bojnourd",
        "province:en": "North Khorasan",
        "name:ar": "مركز الاستخبارات",
        "description:ar": "هذا المكان يتبع للاستخبارات، ويدخله العديد من الشخصيات الرئيسية.",
        "city:ar": "بجنورد",
        "province:ar": "خراسان الشمالية",
        "name:he": "מרכז מודיעין",
        "description:he": "המקום הזה קשור למודיעין והרבה אנשים מרכזיים הולכים לשם.",
        "city:he": "בוג'נורד",
        "province:he": "ח'וראסאן הצפונית",
        "name:tr": "İstihbarat Merkezi",
        "description:tr": "Bu yer istihbaratla ilgili ve kilit isimlerin birçoğu buraya gidiyor.",
        "city:tr": "Bocnurd",
        "province:tr": "Kuzey Horasan",
        "name:ckb": "مەڵبەندی ئیتلاعات",
        "description:ckb": "ئەم شوێنە پەیوەندی بە ئیتلاعاتەوە هەیە و زۆرێک لە کەسە سەرەکییەکان دەچنە ئێرە",
        "city:ckb": "بجنورد",
        "province:ckb": "خوراسانی باکوور",
        "id": "MjoxMzQ2NzZhYTY5NmM",
        "publicId": "MjoxMzQ2NzZhYTY5NmM",
        "sourceId": "134676aa696c",
        "layerId": 2,
        "type": "location",
        "status": "active",
        "urgency": null,
        "verificationTag": "not-verified",
        "expirationDate": null,
        "createdAt": "2026-04-27T21:26:22.480Z",
        "updatedAt": "2026-04-27T21:26:22.480Z"
      }
    },
    {
      "type": "Feature",
      "id": 93168,
      "geometry": {
        "type": "Point",
        "coordinates": [
          51.440238,
          35.759488
        ]
      },
      "properties": {
        "name:fa": "ساختمان اطلاعات سپاه",
        "description": "ساختمان شناسایی اطلاعات سپاه",
        "date": 1777642208,
        "city": "تهران",
        "province": "استان تهران",
        "name:en": "IRGC Intelligence Building",
        "description:en": "IRGC Intelligence Reconnaissance Building",
        "city:en": "Tehran",
        "province:en": "Tehran",
        "name:ar": "مبنى استخبارات الحرس الثوري",
        "description:ar": "مبنى الاستطلاع والاستخبارات للحرس الثوري",
        "city:ar": "طهران",
        "province:ar": "طهران",
        "name:he": "בניין מודיעין משמרות המהפכה",
        "description:he": "בניין איסוף וזיהוי מודיעין של משמרות המהפכה",
        "city:he": "טהראן",
        "province:he": "טהראן",
        "name:tr": "Devrim Muhafızları İstihbarat Binası",
        "description:tr": "Devrim Muhafızları İstihbarat Keşif Binası",
        "city:tr": "Tahran",
        "province:tr": "Tahran",
        "name:ckb": "باڵەخانەی ئیتلاعاتی سوپا",
        "description:ckb": "باڵەخانەی ناسینەوەی ئیتلاعاتی سوپا",
        "city:ckb": "تاران",
        "province:ckb": "تاران",
        "id": "MjoyNDM4MjM2NTY0NWI",
        "publicId": "MjoyNDM4MjM2NTY0NWI",
        "sourceId": "24382365645b",
        "layerId": 2,
        "type": "location",
        "status": "active",
        "urgency": null,
        "verificationTag": "not-verified",
        "expirationDate": null,
        "createdAt": "2026-05-04T22:39:14.229Z",
        "updatedAt": "2026-05-04T22:39:14.229Z"
      }
    },
    {
      "type": "Feature",
      "id": 93178,
      "geometry": {
        "type": "Point",
        "coordinates": [
          51.37664341293532,
          35.70267721494076
        ]
      },
      "properties": {
        "name:fa": "مرکز اطلاعات",
        "description": "ساختمان های وابسته به وزارت اطلاعات",
        "date": 1777628220,
        "city": "تهران",
        "province": "استان تهران",
        "name:en": "Intelligence Center",
        "description:en": "Buildings affiliated with the Ministry of Intelligence",
        "city:en": "Tehran",
        "province:en": "Tehran",
        "name:ar": "مركز الاستخبارات",
        "description:ar": "مبانٍ تابعة لوزارة الاستخبارات",
        "city:ar": "طهران",
        "province:ar": "طهران",
        "name:he": "מרכז מודיעין",
        "description:he": "מבנים הכפופים למשרד המודיעין",
        "city:he": "טהראן",
        "province:he": "טהראן",
        "name:tr": "İstihbarat Merkezi",
        "description:tr": "İstihbarat Bakanlığına bağlı binalar",
        "city:tr": "Tahran",
        "province:tr": "Tahran",
        "name:ckb": "ناوەندی ئیتلاعات",
        "description:ckb": "باڵەخانەکانی سەر بە وەزارەتی ئیتلاعات",
        "city:ckb": "تاران",
        "province:ckb": "تاران",
        "id": "Mjo1ZjgwYTFlYWU4ZWY",
        "publicId": "Mjo1ZjgwYTFlYWU4ZWY",
        "sourceId": "5f80a1eae8ef",
        "layerId": 2,
        "type": "event",
        "status": "active",
        "urgency": null,
        "verificationTag": "not-verified",
        "expirationDate": null,
        "createdAt": "2026-05-04T22:39:15.325Z",
        "updatedAt": "2026-05-04T22:39:15.325Z"
      }
    },
    {
      "type": "Feature",
      "id": 93223,
      "geometry": {
        "type": "Point",
        "coordinates": [
          61.09671099245517,
          35.69049094142858
        ]
      },
      "properties": {
        "name:fa": "اطلاعات سپاه",
        "description": "دوربین جاسوسی اطلاعت سپاه",
        "date": 1778068763,
        "city": "صالح‌آباد",
        "province": "استان خراسان رضوی",
        "name:en": "IRGC Intelligence",
        "description:en": "IRGC Intelligence surveillance camera",
        "city:en": "Saleh Abad",
        "province:en": "Razavi Khorasan",
        "name:ar": "استخبارات الحرس الثوري",
        "description:ar": "كاميرا تجسس تابعة لاستخبارات الحرس الثوري",
        "city:ar": "صالح آباد",
        "province:ar": "خراسان رضوي",
        "name:he": "מודיעין משמרות המהפכה",
        "description:he": "מצלמת ריגול של מודיעין משמרות המהפכה",
        "city:he": "סאלח-אבאד",
        "province:he": "ח'וראסאן רזאווי",
        "name:tr": "Devrim Muhafızları İstihbaratı",
        "description:tr": "Devrim Muhafızları İstihbaratı'nın casus kamerası.",
        "city:tr": "Salihabad",
        "province:tr": "Razavi Horasan",
        "name:ckb": "هەواڵگریی سوپا",
        "description:ckb": "کامێرای سیخوڕیی هەواڵگریی سوپا",
        "city:ckb": "ساڵح ئاوا",
        "province:ckb": "خوراسانی ڕەزەوی",
        "id": "MjpkN2Y2NGZhNmJmMDA",
        "publicId": "MjpkN2Y2NGZhNmJmMDA",
        "sourceId": "d7f64fa6bf00",
        "layerId": 2,
        "type": "event",
        "status": "active",
        "urgency": null,
        "verificationTag": "not-verified",
        "expirationDate": null,
        "createdAt": "2026-05-06T20:46:40.349Z",
        "updatedAt": "2026-05-06T20:46:40.349Z"
      }
    },
    {
      "type": "Feature",
      "id": 93258,
      "geometry": {
        "type": "Point",
        "coordinates": [
          59.251604452967314,
          32.85310130370907
        ]
      },
      "properties": {
        "name:fa": "ساختمان اطلاعات بیرجند",
        "description": "ساختمان اطلاعات بیرجند سازمان وزارت اطلاعات استان خراسان جنوبی",
        "date": 1778770340,
        "city": "بيرجند",
        "province": "استان خراسان جنوبی",
        "name:en": "Birjand Intelligence Building",
        "description:en": "Birjand Intelligence Building of the Ministry of Intelligence in South Khorasan Province",
        "city:en": "Birjand",
        "province:en": "South Khorasan",
        "name:ar": "مبنى استخبارات بيرجند",
        "description:ar": "مبنى استخبارات بيرجند التابع لوزارة الاستخبارات في محافظة خراسان الجنوبية",
        "city:ar": "بيرجند",
        "province:ar": "خراسان الجنوبية",
        "name:he": "בניין המודיעין בבירג'נד",
        "description:he": "בניין המודיעין בבירג'נד של ארגון משרד המודיעין במחוז דרום ח'וראסאן",
        "city:he": "בירג'נד",
        "province:he": "ח'וראסאן הדרומית",
        "name:tr": "Bircand İstihbarat Binası",
        "description:tr": "Güney Horasan Eyaleti İstihbarat Bakanlığı Teşkilatının Bircand İstihbarat Binası",
        "city:tr": "Bircand",
        "province:tr": "Güney Horasan",
        "name:ckb": "بینای ئیتلاعاتی بیرجەند",
        "description:ckb": "بینای ئیتلاعاتی بیرجەند، ڕێکخراوی وەزارەتی ئیتلاعاتی پارێزگای خۆراسانی باشوور",
        "city:ckb": "بیرجەند",
        "province:ckb": "خوراسانی باشوور",
        "id": "Mjo1NGZjMmEyOTRlODA",
        "publicId": "Mjo1NGZjMmEyOTRlODA",
        "sourceId": "54fc2a294e80",
        "layerId": 2,
        "type": "event",
        "status": "active",
        "urgency": null,
        "verificationTag": "not-verified",
        "expirationDate": null,
        "createdAt": "2026-05-18T16:58:08.731Z",
        "updatedAt": "2026-05-18T16:58:08.731Z"
      }
    },
    {
      "type": "Feature",
      "id": 93271,
      "geometry": {
        "type": "Point",
        "coordinates": [
          59.25203453526876,
          32.85160206411855
        ]
      },
      "properties": {
        "name:fa": "اطلاعات سپاه",
        "description": "کل این محوطه بزرگ از بالای صداسیما تا حاشیه جاده برای اطلاعات سپاه هست خیلی جوون اونجا شکنجه کردن",
        "date": 1778429572,
        "city": "بيرجند",
        "province": "استان خراسان جنوبی",
        "name:en": "IRGC Intelligence",
        "description:en": "This entire large compound from above the IRIB building to the side of the road belongs to IRGC Intelligence; they tortured many young people there",
        "city:en": "Birjand",
        "province:en": "South Khorasan",
        "name:ar": "استخبارات الحرس الثوري",
        "description:ar": "هذه المنطقة الكبيرة بأكملها من أعلى هيئة الإذاعة والتلفزيون إلى جانب الطريق تابعة لاستخبارات الحرس الثوري، وقد عذبوا الكثير من الشباب هناك",
        "city:ar": "بيرجند",
        "province:ar": "خراسان الجنوبية",
        "name:he": "מודיעין משמרות המהפכה",
        "description:he": "כל השטח הגדול הזה מחלקו העליון של בניין רשות השידור ועד בשולי הכביש שייך למודיעין משמרות המהפכה; הם עינו שם צעירים רבים",
        "city:he": "בירג'נד",
        "province:he": "ח'וראסאן הדרומית",
        "name:tr": "Devrim Muhafızları İstihbaratı",
        "description:tr": "Seda ve Sima'nın üst kısmından yol kenarına kadar olan bu büyük alanın tamamı Devrim Muhafızları İstihbaratına aittir; orada birçok gence işkence ettiler",
        "city:tr": "Bircand",
        "province:tr": "Güney Horasan",
        "name:ckb": "ئیتلاعاتی سوپا",
        "description:ckb": "تەواوی ئەم ناوچە گەورەیە لە سەرەوەی سەدا و سیماوە تا لێواری جادەکە بۆ ئیتلاعاتی سوپایە، گەنجێکی زۆریان لەوێ ئەشکەنجە داوە",
        "city:ckb": "بیرجەند",
        "province:ckb": "خوراسانی باشوور",
        "id": "MjoyODViODNlZGQ3MzQ",
        "publicId": "MjoyODViODNlZGQ3MzQ",
        "sourceId": "285b83edd734",
        "layerId": 2,
        "type": "event",
        "status": "active",
        "urgency": null,
        "verificationTag": "not-verified",
        "expirationDate": null,
        "createdAt": "2026-05-18T16:58:10.237Z",
        "updatedAt": "2026-05-18T16:58:10.237Z"
      }
    },
    {
      "type": "Feature",
      "id": 93275,
      "geometry": {
        "type": "Point",
        "coordinates": [
          59.252105,
          32.852068
        ]
      },
      "properties": {
        "name:fa": "وزارت اطلاعات",
        "description": "وزارت اطلاعات",
        "date": 1778409631,
        "city": "بيرجند",
        "province": "استان خراسان جنوبی",
        "name:en": "Ministry of Intelligence",
        "description:en": "Ministry of Intelligence",
        "city:en": "Birjand",
        "province:en": "South Khorasan",
        "name:ar": "وزارة الاستخبارات",
        "description:ar": "وزارة الاستخبارات",
        "city:ar": "بيرجند",
        "province:ar": "خراسان الجنوبية",
        "name:he": "משרד המודיעין",
        "description:he": "משרד המודיעין",
        "city:he": "בירג'נד",
        "province:he": "ח'וראסאן הדרומית",
        "name:tr": "İstihbarat Bakanlığı",
        "description:tr": "İstihbarat Bakanlığı",
        "city:tr": "Bircand",
        "province:tr": "Güney Horasan",
        "name:ckb": "وەزارەتی ئیتلاعات",
        "description:ckb": "وەزارەتی ئیتلاعات",
        "city:ckb": "بیرجەند",
        "province:ckb": "خوراسانی باشوور",
        "id": "Mjo3ODZjMGVjNDcxZDE",
        "publicId": "Mjo3ODZjMGVjNDcxZDE",
        "sourceId": "786c0ec471d1",
        "layerId": 2,
        "type": "location",
        "status": "active",
        "urgency": null,
        "verificationTag": "not-verified",
        "expirationDate": null,
        "createdAt": "2026-05-18T16:58:10.696Z",
        "updatedAt": "2026-05-18T16:58:10.696Z"
      }
    },
    {
      "type": "Feature",
      "id": 93298,
      "geometry": {
        "type": "Point",
        "coordinates": [
          45.142641,
          36.709944
        ]
      },
      "properties": {
        "name:fa": "اطلاعات پیرانشهر",
        "description": "اطلاعات پیرانشهر",
        "date": 1779209063,
        "city": "پيرانشهر",
        "province": "استان آذربایجان غربی",
        "name:en": "Piranshahr Intelligence Office",
        "description:en": "Piranshahr Intelligence Office",
        "city:en": "Piranshahr",
        "province:en": "West Azerbaijan",
        "name:ar": "مكتب استخبارات بيرانشهر",
        "description:ar": "مكتب استخبارات بيرانشهر",
        "city:ar": "بيرانشهر",
        "province:ar": "أذربيجان الغربية",
        "name:he": "מודיעין פיראנשאהר",
        "description:he": "מודיעין פיראנשאהר",
        "city:he": "פיראנשאהר",
        "province:he": "אזרבייג'ן המערבית",
        "name:tr": "Piranşehir İstihbaratı",
        "description:tr": "Piranşehir İstihbaratı",
        "city:tr": "Piranşehir",
        "province:tr": "Batı Azerbaycan",
        "name:ckb": "ئیتلاعاتی پیرانشار",
        "description:ckb": "ئیتلاعاتی پیرانشار",
        "city:ckb": "پیرانشار",
        "province:ckb": "ئازەربایجانی ڕۆژاوا",
        "id": "MjoyOGUwOTM1NTEyN2Y",
        "publicId": "MjoyOGUwOTM1NTEyN2Y",
        "sourceId": "28e09355127f",
        "layerId": 2,
        "type": "location",
        "status": "active",
        "urgency": null,
        "verificationTag": "not-verified",
        "expirationDate": null,
        "createdAt": "2026-05-27T21:08:48.931Z",
        "updatedAt": "2026-05-27T21:08:48.931Z"
      }
    },
    {
      "type": "Feature",
      "id": 93329,
      "geometry": {
        "type": "Point",
        "coordinates": [
          59.486913,
          36.335658
        ]
      },
      "properties": {
        "name:fa": "اداره اطلاعات",
        "description": "اداره اطلاعات",
        "date": 1780008752,
        "city": "مشهد",
        "province": "استان خراسان رضوی",
        "name:en": "Intelligence Office",
        "description:en": "Intelligence Office",
        "city:en": "Mashhad",
        "province:en": "Razavi Khorasan",
        "name:ar": "دائرة الاستخبارات",
        "description:ar": "دائرة الاستخبارات",
        "city:ar": "مشهد",
        "province:ar": "خراسان رضوي",
        "name:he": "משרד המודיעין",
        "description:he": "משרד המודיעין",
        "city:he": "משהד",
        "province:he": "ח'וראסאן רזאווי",
        "name:tr": "İstihbarat Dairesi",
        "description:tr": "İstihbarat Dairesi",
        "city:tr": "Meşhed",
        "province:tr": "Razavi Horasan",
        "name:ckb": "ئیدارەی ئیتلاعات",
        "description:ckb": "ئیدارەی ئیتلاعات",
        "city:ckb": "مەشهەد",
        "province:ckb": "خوراسانی ڕەزەوی",
        "id": "Mjo3NjMyYzQwMGVjZmQ",
        "publicId": "Mjo3NjMyYzQwMGVjZmQ",
        "sourceId": "7632c400ecfd",
        "layerId": 2,
        "type": "location",
        "status": "active",
        "urgency": null,
        "verificationTag": "not-verified",
        "expirationDate": null,
        "createdAt": "2026-06-02T08:39:31.148Z",
        "updatedAt": "2026-06-02T08:39:31.148Z"
      }
    },
    {
      "type": "Feature",
      "id": 93330,
      "geometry": {
        "type": "Point",
        "coordinates": [
          48.267493,
          38.227463
        ]
      },
      "properties": {
        "name:fa": "مرکز اطلاعات سپاه اردبیل",
        "description": "مرکز آموزش و تمرین نیروی اطلاعات سپاه اردبیل",
        "date": 1780005891,
        "city": "اردبیل",
        "province": "استان اردبیل",
        "name:en": "Ardabil IRGC Intelligence Center",
        "description:en": "Training and drill center for Ardabil IRGC Intelligence forces",
        "city:en": "Ardabil",
        "province:en": "Ardabil",
        "name:ar": "مركز استخبارات الحرس الثوري في أردبيل",
        "description:ar": "مركز تدريب وتأهيل عناصر استخبارات الحرس الثوري في أردبيل",
        "city:ar": "أردبيل",
        "province:ar": "أردبيل",
        "name:he": "מרכז מודיעין משמרות המהפכה בארדביל",
        "description:he": "מרכז הכשרה ואימונים של כוחות המודיעין של משמרות המהפכה בארדביל",
        "city:he": "ארדביל",
        "province:he": "ארדביל",
        "name:tr": "Erdebil Devrim Muhafızları İstihbarat Merkezi",
        "description:tr": "Erdebil Devrim Muhafızları istihbarat gücü eğitim ve tatbikat merkezi",
        "city:tr": "Erdebil",
        "province:tr": "Erdebil",
        "name:ckb": "مەڵبەندی ئیتلاعاتی سوپای ئەردەبیل",
        "description:ckb": "مەڵبەندی ڕاهێنان و مەشقی هێزی ئیتلاعاتی سوپای ئەردەبیل",
        "city:ckb": "ئەردەبیل",
        "province:ckb": "ئەردەبیل",
        "id": "Mjo4NTg4ZjE2MzIzOWQ",
        "publicId": "Mjo4NTg4ZjE2MzIzOWQ",
        "sourceId": "8588f163239d",
        "layerId": 2,
        "type": "location",
        "status": "active",
        "urgency": null,
        "verificationTag": "not-verified",
        "expirationDate": null,
        "createdAt": "2026-06-02T08:39:31.260Z",
        "updatedAt": "2026-06-02T08:39:31.260Z"
      }
    },
    {
      "type": "Feature",
      "id": 93331,
      "geometry": {
        "type": "Point",
        "coordinates": [
          48.266538,
          38.226875
        ]
      },
      "properties": {
        "name:fa": "پایگاه اطلاعات سپاه اردبیل",
        "description": "پایگاه اصلی اطلاعات سپاه اردبیل",
        "date": 1780005823,
        "city": "اردبیل",
        "province": "استان اردبیل",
        "name:en": "Ardabil IRGC Intelligence Base",
        "description:en": "Main base of Ardabil IRGC Intelligence",
        "city:en": "Ardabil",
        "province:en": "Ardabil",
        "name:ar": "قاعدة استخبارات الحرس الثوري في أردبيل",
        "description:ar": "القاعدة الرئيسية لاستخبارات الحرس الثوري في أردبيل",
        "city:ar": "أردبيل",
        "province:ar": "أردبيل",
        "name:he": "בסיס מודיעין משמרות המהפכה בארדביל",
        "description:he": "הבסיס המרכזי של מודיעין משמרות המהפכה בארדביל",
        "city:he": "ארדביל",
        "province:he": "ארדביל",
        "name:tr": "Erdebil Devrim Muhafızları İstihbarat Üssü",
        "description:tr": "Erdebil Devrim Muhafızları İstihbaratının ana üssü",
        "city:tr": "Erdebil",
        "province:tr": "Erdebil",
        "name:ckb": "بنکەی ئیتلاعاتی سوپای ئەردەبیل",
        "description:ckb": "بنکەی سەرەکیی ئیتلاعاتی سوپای ئەردەبیل",
        "city:ckb": "ئەردەبیل",
        "province:ckb": "ئەردەبیل",
        "id": "MjoyZjVkNGZlNjcwMzc",
        "publicId": "MjoyZjVkNGZlNjcwMzc",
        "sourceId": "2f5d4fe67037",
        "layerId": 2,
        "type": "location",
        "status": "active",
        "urgency": null,
        "verificationTag": "not-verified",
        "expirationDate": null,
        "createdAt": "2026-06-02T08:39:31.372Z",
        "updatedAt": "2026-06-02T08:39:31.372Z"
      }
    },
    {
      "type": "Feature",
      "id": 93365,
      "geometry": {
        "type": "Point",
        "coordinates": [
          48.13609493896365,
          34.78301103349381
        ]
      },
      "properties": {
        "unofficial_name:fa": "",
        "description": "",
        "date": "",
        "city": "اسدآباد",
        "province": "استان همدان",
        "city:en": "Asadabad",
        "province:en": "Hamadan",
        "city:ar": "أسد آباد",
        "province:ar": "همدان",
        "city:he": "אסדאבאד",
        "province:he": "המדאן",
        "city:tr": "Esedabad",
        "province:tr": "Hemedan",
        "city:ckb": "ئەسەدئاباد",
        "province:ckb": "ھەمەدان",
        "id": "MjozMjE3NDYyZjA5MWU",
        "publicId": "MjozMjE3NDYyZjA5MWU",
        "sourceId": "3217462f091e",
        "layerId": 2,
        "type": "location",
        "status": "active",
        "urgency": null,
        "verificationTag": "verified",
        "expirationDate": null,
        "createdAt": "2026-06-05T14:49:42.228Z",
        "updatedAt": "2026-06-05T14:49:42.228Z"
      }
    },
    {
      "type": "Feature",
      "id": 93382,
      "geometry": {
        "type": "Point",
        "coordinates": [
          50.37205595523119,
          35.0208330359695
        ]
      },
      "properties": {
        "unofficial_name:fa": "اطلاعات و آگاهی",
        "description": "",
        "date": "",
        "city": "ساوه",
        "province": "استان مرکزی",
        "city:en": "Saveh",
        "province:en": "Markazi",
        "city:ar": "ساوة",
        "province:ar": "المركزية",
        "city:he": "סאווה",
        "province:he": "מרכזי",
        "city:tr": "Save",
        "province:tr": "Merkezi",
        "city:ckb": "ساوە",
        "province:ckb": "مەرکەزی",
        "id": "Mjo3MzFjMWJlYjUzNDU",
        "publicId": "Mjo3MzFjMWJlYjUzNDU",
        "sourceId": "731c1beb5345",
        "layerId": 2,
        "type": "location",
        "status": "active",
        "urgency": null,
        "verificationTag": "verified",
        "expirationDate": null,
        "createdAt": "2026-06-05T15:09:24.774Z",
        "updatedAt": "2026-06-05T15:09:24.774Z"
      }
    },
    {
      "type": "Feature",
      "id": 93410,
      "geometry": {
        "type": "Point",
        "coordinates": [
          48.71399162337184,
          35.202042434463166
        ]
      },
      "properties": {
        "unofficial_name:fa": "اداره اطلاعات کبودرآهنگ",
        "description": "",
        "date": "",
        "city": "کبودرآهنگ",
        "province": "استان همدان",
        "city:en": "Kabudarahang",
        "province:en": "Hamadan",
        "city:ar": "كبودرآهنغ",
        "province:ar": "همدان",
        "city:he": "כבודראהאנג",
        "province:he": "המדאן",
        "city:tr": "Kebutrahang",
        "province:tr": "Hemedan",
        "city:ckb": "کەبوودەرئاهەنگ",
        "province:ckb": "ھەمەدان",
        "id": "Mjo4NTYyYzgyNGRjOTg",
        "publicId": "Mjo4NTYyYzgyNGRjOTg",
        "sourceId": "8562c824dc98",
        "layerId": 2,
        "type": "location",
        "status": "active",
        "urgency": null,
        "verificationTag": "verified",
        "expirationDate": null,
        "createdAt": "2026-06-09T11:03:43.715Z",
        "updatedAt": "2026-06-09T11:03:43.715Z"
      }
    },
    {
      "type": "Feature",
      "id": 93422,
      "geometry": {
        "type": "Point",
        "coordinates": [
          50.66537629812956,
          32.003393901107245
        ]
      },
      "properties": {
        "unofficial_name:fa": "مرکز اطلاعات اردل",
        "description": "",
        "date": "",
        "city": "اردل",
        "province": "استان چهارمحال و بختیاری",
        "city:en": "Ardal",
        "province:en": "Chaharmahal and Bakhtiari",
        "city:ar": "أردل",
        "province:ar": "جهار محال وبختياري",
        "city:he": "ארדל",
        "province:he": "צ'הארמחאל ובח'תיארי",
        "city:tr": "Erdel",
        "province:tr": "Çaharmahal ve Bahtiyari",
        "city:ckb": "ئاردەل",
        "province:ckb": "چوارمەحاڵ و بەختیاری",
        "id": "MjpmZGYzMzYxOGNiYjk",
        "publicId": "MjpmZGYzMzYxOGNiYjk",
        "sourceId": "fdf33618cbb9",
        "layerId": 2,
        "type": "location",
        "status": "active",
        "urgency": null,
        "verificationTag": "verified",
        "expirationDate": null,
        "createdAt": "2026-06-26T18:32:25.664Z",
        "updatedAt": "2026-06-26T18:32:25.664Z"
      }
    },
    {
      "type": "Feature",
      "id": 93500,
      "geometry": {
        "type": "Point",
        "coordinates": [
          51.595155,
          35.709617
        ]
      },
      "properties": {
        "name:fa": "مقر اطلاعات",
        "description": "مقر نظامی اطلاعات",
        "date": 1784068557,
        "city": "شهرستان تهران",
        "province": "استان تهران",
        "name:en": "Intelligence Headquarters",
        "description:en": "Intelligence military headquarters",
        "city:en": "Tehran County",
        "province:en": "Tehran",
        "name:ar": "مقر الاستخبارات",
        "description:ar": "مقر عسكري للاستخبارات",
        "city:ar": "قضاء طهران",
        "province:ar": "طهران",
        "name:he": "מפקדת המודיעין",
        "description:he": "מפקדה צבאית של המודיעין",
        "city:he": "טהראן",
        "province:he": "טהראן",
        "name:tr": "İstihbarat Karargahı",
        "description:tr": "İstihbarat askeri karargahı",
        "city:tr": "Tahran",
        "province:tr": "Tahran",
        "name:ckb": "مۆڵگەی ئیتلاعات",
        "description:ckb": "مۆڵگەی سەربازیی ئیتلاعات",
        "city:ckb": "شارستانی تاران",
        "province:ckb": "تاران",
        "id": "Mjo2YmIxZTk1YjRjYTY",
        "publicId": "Mjo2YmIxZTk1YjRjYTY",
        "sourceId": "6bb1e95b4ca6",
        "layerId": 2,
        "type": "location",
        "status": "active",
        "urgency": null,
        "verificationTag": "not-verified",
        "expirationDate": null,
        "createdAt": "2026-07-15T01:53:42.424Z",
        "updatedAt": "2026-07-15T01:53:42.424Z"
      }
    },
    {
      "type": "Feature",
      "id": 93519,
      "geometry": {
        "type": "Point",
        "coordinates": [
          50.440693801885516,
          33.90210714728548
        ]
      },
      "properties": {
        "name:fa": "اداره اطلاعات",
        "description": "محل جدید اداره اطلاعات",
        "date": 1783943532,
        "city": "محلات",
        "province": "استان مرکزی",
        "name:en": "Intelligence Department",
        "description:en": "New location of the Intelligence Department",
        "city:en": "Mahallat",
        "province:en": "Markazi",
        "name:ar": "إدارة الاستخبارات",
        "description:ar": "المقر الجديد لإدارة الاستخبارات",
        "city:ar": "محلات",
        "province:ar": "المركزية",
        "name:he": "משרד המודיעין",
        "description:he": "המיקום החדש של משרד המודיעין",
        "city:he": "מהלאת",
        "province:he": "מרכזי",
        "name:tr": "İstihbarat Dairesi",
        "description:tr": "İstihbarat Dairesinin yeni yeri",
        "city:tr": "Mahallat",
        "province:tr": "Merkezi",
        "name:ckb": "ئیدارەی ئیتلاعات",
        "description:ckb": "شوێنی نوێی ئیدارەی ئیتلاعات",
        "city:ckb": "مەحەللات",
        "province:ckb": "مەرکەزی",
        "id": "Mjo1MDQwNDZkMDdkYzg",
        "publicId": "Mjo1MDQwNDZkMDdkYzg",
        "sourceId": "504046d07dc8",
        "layerId": 2,
        "type": "event",
        "status": "active",
        "urgency": null,
        "verificationTag": "not-verified",
        "expirationDate": null,
        "createdAt": "2026-07-15T01:53:43.947Z",
        "updatedAt": "2026-07-15T01:53:43.947Z"
      }
    },
    {
      "type": "Feature",
      "id": 93599,
      "geometry": {
        "type": "Point",
        "coordinates": [
          60.86417069664566,
          29.484435172141602
        ]
      },
      "properties": {
        "name:fa": "ستاد خبری اطلاعات سپاه",
        "description": "ستاد خبری بسیج مردمی و عشایر(اطلاعات سپاه)",
        "date": 1783391963,
        "city": "زاهدان",
        "province": "استان سیستان و بلوچستان",
        "name:en": "IRGC Intelligence News Headquarters",
        "description:en": "Popular Basij and Nomads News Headquarters (IRGC Intelligence)",
        "city:en": "Zahedan",
        "province:en": "Sistan and Baluchestan",
        "name:ar": "مقر استعلامات استخبارات الحرس الثوري",
        "description:ar": "مقر استعلامات التعبئة الشعبية والعشائرية (استخبارات الحرس الثوري)",
        "city:ar": "زاهدان",
        "province:ar": "سيستان وبلوشستان",
        "name:he": "מטה הדיווחים של מודיעין משמרות המהפכה",
        "description:he": "מטה הדיווחים של הבסיג' העממי והשבטי (מודיעין משמרות המהפכה)",
        "city:he": "זאהדאן",
        "province:he": "סיסתאן ובלוצ'יסתאן",
        "name:tr": "Devrim Muhafızları İstihbarat Haber Merkezi",
        "description:tr": "Halk ve Aşiret Besiç İhbar Merkezi (Devrim Muhafızları İstihbaratı)",
        "city:tr": "Zahidan",
        "province:tr": "Sistan ve Belucistan",
        "name:ckb": "بارەگای هەواڵی زانیاریی سوپا",
        "description:ckb": "بارەگای هەواڵی بەسیجی جەماوەری و عەشایەر (زانیاریی سوپا)",
        "city:ckb": "زاهیدان",
        "province:ckb": "سیستان و بەلووچستان",
        "id": "MjplYzA2NGNjNmRhODE",
        "publicId": "MjplYzA2NGNjNmRhODE",
        "sourceId": "ec064cc6da81",
        "layerId": 2,
        "type": "event",
        "status": "active",
        "urgency": null,
        "verificationTag": "not-verified",
        "expirationDate": null,
        "createdAt": "2026-07-15T01:53:49.742Z",
        "updatedAt": "2026-07-15T01:53:49.742Z"
      }
    },
    {
      "type": "Feature",
      "id": 93600,
      "geometry": {
        "type": "Point",
        "coordinates": [
          60.866047743478845,
          29.48471447184329
        ]
      },
      "properties": {
        "name:fa": "ستاد خبری اطلاعات",
        "description": "ستاد خبری ۱۱۳ وزارت اطلاعات",
        "date": 1783391879,
        "city": "زاهدان",
        "province": "استان سیستان و بلوچستان",
        "name:en": "Intelligence News Headquarters",
        "description:en": "Ministry of Intelligence 113 News Headquarters",
        "city:en": "Zahedan",
        "province:en": "Sistan and Baluchestan",
        "name:ar": "مقر استعلامات الاستخبارات",
        "description:ar": "مقر الاستعلامات 113 التابع لوزارة الاستخبارات",
        "city:ar": "زاهدان",
        "province:ar": "سيستان وبلوشستان",
        "name:he": "מטה הדיווחים של המודיעין",
        "description:he": "מטה הדיווחים 113 של משרד המודיעין",
        "city:he": "זאהדאן",
        "province:he": "סיסתאן ובלוצ'יסתאן",
        "name:tr": "İstihbarat Haber Merkezi",
        "description:tr": "İstihbarat Bakanlığı 113 İhbar Merkezi",
        "city:tr": "Zahidan",
        "province:tr": "Sistan ve Belucistan",
        "name:ckb": "بارەگای هەواڵی زانیاری",
        "description:ckb": "بارەگای هەواڵی 113ی وەزارەتی زانیاری",
        "city:ckb": "زاهیدان",
        "province:ckb": "سیستان و بەلووچستان",
        "id": "Mjo5NTdkMTY3Y2Y3Zjg",
        "publicId": "Mjo5NTdkMTY3Y2Y3Zjg",
        "sourceId": "957d167cf7f8",
        "layerId": 2,
        "type": "event",
        "status": "active",
        "urgency": null,
        "verificationTag": "not-verified",
        "expirationDate": null,
        "createdAt": "2026-07-15T01:53:49.816Z",
        "updatedAt": "2026-07-15T01:53:49.816Z"
      }
    },
    {
      "type": "Feature",
      "id": 93603,
      "geometry": {
        "type": "Point",
        "coordinates": [
          58.35378801257937,
          29.077166123687363
        ]
      },
      "properties": {
        "name:fa": "ساختمان حفاظت اطلاعات",
        "description": "ساختمان حفاظت اطلاعات",
        "date": 1783352986,
        "city": "بم",
        "province": "استان کرمان",
        "name:en": "Intelligence Protection Building",
        "description:en": "Intelligence Protection Building",
        "city:en": "Bam",
        "province:en": "Kerman",
        "name:ar": "مبنى حماية الاستخبارات",
        "description:ar": "مبنى حماية الاستخبارات",
        "city:ar": "بم",
        "province:ar": "كرمان",
        "name:he": "בניין אבטחת המודיעין",
        "description:he": "בניין אבטחת המודיעין",
        "city:he": "בם",
        "province:he": "כרמאן",
        "name:tr": "İstihbarat Koruma Binası",
        "description:tr": "İstihbarat Koruma Binası",
        "city:tr": "Bam",
        "province:tr": "Kirman",
        "name:ckb": "باڵەخانەی پاراستنی زانیاری",
        "description:ckb": "باڵەخانەی پاراستنی زانیاری",
        "city:ckb": "بەم",
        "province:ckb": "کرمان",
        "id": "MjowM2I5MDk1N2IyYmY",
        "publicId": "MjowM2I5MDk1N2IyYmY",
        "sourceId": "03b90957b2bf",
        "layerId": 2,
        "type": "event",
        "status": "active",
        "urgency": null,
        "verificationTag": "not-verified",
        "expirationDate": null,
        "createdAt": "2026-07-15T01:53:50.027Z",
        "updatedAt": "2026-07-15T01:53:50.027Z"
      }
    },
    {
      "type": "Feature",
      "id": 93605,
      "geometry": {
        "type": "Point",
        "coordinates": [
          50.326853791393376,
          33.214810759904054
        ]
      },
      "properties": {
        "name:fa": "اطلاعات سپاه",
        "description": "اطلاعات سپاه",
        "date": 1783347374,
        "city": "خوانسار",
        "province": "استان اصفهان",
        "name:en": "IRGC Intelligence",
        "description:en": "IRGC Intelligence",
        "city:en": "Khansar",
        "province:en": "Isfahan",
        "name:ar": "استخبارات الحرس الثوري",
        "description:ar": "استخبارات الحرس الثوري",
        "city:ar": "خوانسار",
        "province:ar": "أصفهان",
        "name:tr": "Devrim Muhafızları İstihbaratı",
        "description:tr": "Devrim Muhafızları İstihbaratı",
        "city:tr": "Hvansar",
        "province:tr": "İsfahan",
        "name:ckb": "زانیاریی سوپا",
        "description:ckb": "زانیاریی سوپا",
        "city:ckb": "خوانسار",
        "province:ckb": "ئەسفەھان",
        "id": "MjoxOGY4ZmNhMzlhNTA",
        "publicId": "MjoxOGY4ZmNhMzlhNTA",
        "sourceId": "18f8fca39a50",
        "layerId": 2,
        "type": "event",
        "status": "active",
        "urgency": null,
        "verificationTag": "not-verified",
        "expirationDate": null,
        "createdAt": "2026-07-15T01:53:50.163Z",
        "updatedAt": "2026-07-15T01:53:50.163Z"
      }
    },
    {
      "type": "Feature",
      "id": 93608,
      "geometry": {
        "type": "Point",
        "coordinates": [
          50.326851273197775,
          33.21481421092474
        ]
      },
      "properties": {
        "name:fa": "ساختمان اطلاعات خوانسار",
        "description": "ساختمان سازپان اطلاعات خوانسار",
        "date": 1783254824,
        "city": "خوانسار",
        "province": "استان اصفهان",
        "name:en": "Khansar Intelligence Building",
        "description:en": "Khansar Intelligence Organization Building",
        "city:en": "Khansar",
        "province:en": "Isfahan",
        "name:ar": "مبنى استخبارات خوانسار",
        "description:ar": "مبنى جهاز استخبارات خوانسار",
        "city:ar": "خوانسار",
        "province:ar": "أصفهان",
        "name:he": "בניין המודיעין בח'וואנסאר",
        "description:he": "בניין ארגון המודיעין בח'וואנסאר",
        "city:he": "ח'וואנסאר",
        "province:he": "אספהאן",
        "name:tr": "Hvansar İstihbarat Binası",
        "description:tr": "Hvansar İstihbarat Teşkilatı Binası",
        "city:tr": "Hvansar",
        "province:tr": "İsfahan",
        "name:ckb": "باڵەخانەی زانیاریی خوانسار",
        "description:ckb": "باڵەخانەی ڕێکخراوی زانیاریی خوانسار",
        "city:ckb": "خوانسار",
        "province:ckb": "ئەسفەھان",
        "id": "MjpmMDA2NmQxMGQ2MTI",
        "publicId": "MjpmMDA2NmQxMGQ2MTI",
        "sourceId": "f0066d10d612",
        "layerId": 2,
        "type": "event",
        "status": "active",
        "urgency": null,
        "verificationTag": "not-verified",
        "expirationDate": null,
        "createdAt": "2026-07-15T01:53:50.407Z",
        "updatedAt": "2026-07-15T01:53:50.407Z"
      }
    },
    {
      "type": "Feature",
      "id": 93615,
      "geometry": {
        "type": "Point",
        "coordinates": [
          51.32652741785921,
          35.70102510122598
        ]
      },
      "properties": {
        "name:fa": "مرکز اطلاعات",
        "description": "ساختمان کمیته امداد میباشد ولیکن با توجه به حجم سنگین دوربین ها در اطراف بیشتر نشان میدهد ساختمان مربوط به اطلاعات باشد",
        "date": 1783179722,
        "city": "تهران",
        "province": "استان تهران",
        "name:en": "Intelligence Center",
        "description:en": "It is officially the Relief Committee building, but given the heavy concentration of cameras around it, it appears more likely to be an intelligence building.",
        "city:en": "Tehran",
        "province:en": "Tehran",
        "name:ar": "مركز الاستخبارات",
        "description:ar": "إنه مبنى لجنة الإمداد، ولكن نظراً لكثافة الكاميرات حوله، يبدو ترجيحاً أنه مبنى تابع للاستخبارات.",
        "city:ar": "طهران",
        "province:ar": "طهران",
        "name:he": "מרכז מודיעין",
        "description:he": "מבנה של וועדת הסיוע (כמיתה אמדאד), אך בהתחשב בכמות המצלמות הרבה מסביב, נראה כי המבנה שייך למודיעין.",
        "city:he": "טהראן",
        "province:he": "טהראן",
        "name:tr": "İstihbarat Merkezi",
        "description:tr": "İmdat Komitesi binasıdır ancak etrafındaki yoğun kamera sayısı göz önüne alındığında, binanın istihbarata ait olma ihtimali daha yüksektir.",
        "city:tr": "Tahran",
        "province:tr": "Tahran",
        "name:ckb": "ناوەندی ئیتلاعات",
        "description:ckb": "باڵەخانەی کۆمیتەی ئیمدادە بەڵام بە سەرنجدان بە زۆریی کامێراکان لە دەوروبەریدا زیاتر دەردەکەوێت باڵەخانەکە پەیوەندیدار بە ئیتلاعات بێت",
        "city:ckb": "تاران",
        "province:ckb": "تاران",
        "id": "MjpkMzk3ZjQxYzg4YTQ",
        "publicId": "MjpkMzk3ZjQxYzg4YTQ",
        "sourceId": "d397f41c88a4",
        "layerId": 2,
        "type": "location",
        "status": "active",
        "urgency": null,
        "verificationTag": "not-verified",
        "expirationDate": null,
        "createdAt": "2026-07-15T01:53:50.909Z",
        "updatedAt": "2026-08-02T15:45:29.055Z"
      }
    },
    {
      "type": "Feature",
      "id": 93627,
      "geometry": {
        "type": "Point",
        "coordinates": [
          50.829052015801295,
          31.51539890952691
        ]
      },
      "properties": {
        "name:fa": "اطلاعات شهرستان لردگان",
        "description": "اطلاعات شهرستان لردگان وابسته به وزارت اطلاعات",
        "date": 1783140682,
        "city": "لردگان",
        "province": "استان چهارمحال و بختیاری",
        "name:en": "Lordegan County Intelligence Office",
        "description:en": "Lordegan County Intelligence Office affiliated with the Ministry of Intelligence",
        "city:en": "Lordegan",
        "province:en": "Chaharmahal and Bakhtiari",
        "name:ar": "استخبارات مقاطعة لردغان",
        "description:ar": "دائرة استخبارات مقاطعة لردغان التابعة لوزارة الاستخبارات",
        "city:ar": "لردغان",
        "province:ar": "جهار محال وبختياري",
        "name:he": "מודיעין מחוז משנה לורדגאן",
        "description:he": "מודיעין מחוז משנה לורדגאן הכפוף למשרד המודיעין",
        "city:he": "לורדגאן",
        "province:he": "צ'הארמחאל ובח'תיארי",
        "name:tr": "Lordegan Şehri İstihbaratı",
        "description:tr": "İstihbarat Bakanlığına bağlı Lordegan şehri istihbarat birimi",
        "city:tr": "Lordegan",
        "province:tr": "Çaharmahal ve Bahtiyari",
        "name:ckb": "ئیتلاعاتی شارستانی لۆردەگان",
        "description:ckb": "ئیتلاعاتی شارستانی لۆردەگان سەر بە وەزارەتی ئیتلاعات",
        "city:ckb": "لۆردەگان",
        "province:ckb": "چوارمەحاڵ و بەختیاری",
        "id": "MjpkYWNlOWE4NWIyMTQ",
        "publicId": "MjpkYWNlOWE4NWIyMTQ",
        "sourceId": "dace9a85b214",
        "layerId": 2,
        "type": "event",
        "status": "active",
        "urgency": null,
        "verificationTag": "not-verified",
        "expirationDate": null,
        "createdAt": "2026-07-15T01:53:51.828Z",
        "updatedAt": "2026-07-15T01:53:51.828Z"
      }
    },
    {
      "type": "Feature",
      "id": 93688,
      "geometry": {
        "type": "Point",
        "coordinates": [
          45.05608046804079,
          39.35944297942558
        ]
      },
      "properties": {
        "name:fa": "مرکز اطلاعات",
        "description": "مکان نظامی اطلاعاتی",
        "date": 1784129797,
        "city": "شهرستان پلدشت",
        "province": "استان آذربایجان غربی",
        "name:en": "Intelligence Center",
        "description:en": "Military intelligence location",
        "city:en": "Poldasht",
        "province:en": "West Azerbaijan",
        "name:ar": "مركز الاستخبارات",
        "description:ar": "موقع عسكري استخباري",
        "city:ar": "مقاطعة بلدشت",
        "province:ar": "أذربيجان الغربية",
        "name:he": "מרכז מודיעין",
        "description:he": "מתקן צבאי ומודיעיני",
        "city:he": "מחוז פולדת'ת",
        "province:he": "אזרבייג'ן המערבית",
        "name:tr": "İstihbarat Merkezi",
        "description:tr": "Askeri istihbarat tesisi",
        "city:tr": "Peldeşt İlçesi",
        "province:tr": "Batı Azerbaycan",
        "name:ckb": "سەنتەری هەواڵگری",
        "description:ckb": "شوێنی سەربازیی هەواڵگری",
        "city:ckb": "شارستانی پۆلدەشت",
        "province:ckb": "ئازەربایجانی ڕۆژاوا",
        "id": "MjphZDgyYjhkZTVlNmY",
        "publicId": "MjphZDgyYjhkZTVlNmY",
        "sourceId": "ad82b8de5e6f",
        "layerId": 2,
        "type": "event",
        "status": "active",
        "urgency": null,
        "verificationTag": "not-verified",
        "expirationDate": null,
        "createdAt": "2026-07-17T02:26:41.330Z",
        "updatedAt": "2026-07-17T02:26:41.330Z"
      }
    },
    {
      "type": "Feature",
      "id": 93735,
      "geometry": {
        "type": "Point",
        "coordinates": [
          51.92748266970699,
          27.8336357558139
        ]
      },
      "properties": {
        "name:fa": "اداره اطلاعات بندر دیر",
        "description": "این مکان ساختمان ادارای وزارت اطلاعات کشوری ۱۱۳ شهرستان بندر دیر است. اصلی ترین و مرکزی ترین نهاد امنیتی اطلاعاتی شهر بندر دیر. در ایام اعتراضات، افراد شهر بندر دیر در این مکان احضار و ساعاتی برخی در اینجا تحت بازداشت و جمع آوری می شدند و به بازداشتگاه ارسال می نمودند. این ساختمان اداره وزارت اطلاعات ۱۱۳.",
        "date": 1784320181,
        "city": "بندردیر",
        "province": "استان بوشهر",
        "name:en": "Bandar Dayyer Intelligence Office",
        "description:en": "This location is the administrative building of the Ministry of Intelligence (113) in Bandar Dayyer County. It is the primary and central security-intelligence agency in the city of Bandar Dayyer. During protests, residents of Bandar Dayyer were summoned here, detained for several hours, rounded up, and sent to detention facilities. This building houses the Ministry of Intelligence (113) office.",
        "city:en": "Bandar Dayyer",
        "province:en": "Bushehr",
        "name:ar": "إدارة المخابرات في بندر دير",
        "description:ar": "هذا المكان هو المبنى الإداري لوزارة المخابرات الوطنية 113 في قضاء بندر دير. وهو المؤسسة الأمنية والاستخباراتية الرئيسية والمركزية في مدينة بندر دير. خلال أيام الاحتجاجات، استُدعي أهالي مدينة بندر دير إلى هذا المكان وتم احتجاز بعضهم لعدة ساعات وتجميعهم هنا ثم إرسالهم إلى المعتقل. هذا المبنى هو إدارة وزارة المخابرات 113.",
        "city:ar": "بندر دير",
        "province:ar": "بوشهر",
        "name:he": "משרד המודיעין בבנדר דייר",
        "city:he": "בנדר דייר",
        "province:he": "בושהר",
        "name:tr": "Bender Deyr İstihbarat Dairesi",
        "description:tr": "Bu yer, Bender Deyr şehristanının 113 Ulusal İstihbarat Bakanlığı idari binasıdır. Bender Deyr şehrinin en ana ve en merkezi güvenlik istihbarat kurumudur. Protestolar sırasında Bender Deyr şehri sakinleri buraya çağrılıyor, bazıları burada birkaç saat gözaltında tutulup toplandıktan sonra gözaltı merkezine gönderiliyordu. Bu bina, 113 İstihbarat Bakanlığı dairesidir.",
        "city:tr": "Bender Deyr",
        "province:tr": "Buşehr",
        "name:ckb": "ئیدارەی ئیتلاعاتی بەندەر دەیڕ",
        "description:ckb": "ئەم شوێنە باڵەخانەی ئیداریی وەزارەتی ئیتلاعاتی وڵاتی 113ی شارستانی بەندەر دەیڕە. سەرەکیترین و ناوەندیترین دامەزراوەی ئەمنی-ئیتلاعاتیی شاری بەندەر دەیڕە. لە ڕۆژانی خۆپیشاندانەکاندا، خەڵکی شاری بەندەر دەیڕ لەم شوێنەدا بانگهێشت دەکران و بۆ چەند کاتژمێرێک بەشێکیان لەێرەدا دەستبەسەر و کۆ دەکرانەوە و دەنێردران بۆ دەستبەسەرگە. ئەم باڵەخانەیە ئیدارەی وەزارەتی ئیتلاعاتی 113یە.",
        "city:ckb": "بەندەر دەیڕ",
        "province:ckb": "بووشەھر",
        "id": "Mjo4NjY0ZjgxMWFhMDE",
        "publicId": "Mjo4NjY0ZjgxMWFhMDE",
        "sourceId": "8664f811aa01",
        "layerId": 2,
        "type": "event",
        "status": "active",
        "urgency": null,
        "verificationTag": "not-verified",
        "expirationDate": null,
        "createdAt": "2026-07-17T21:36:04.025Z",
        "updatedAt": "2026-07-17T21:36:04.025Z"
      }
    },
    {
      "type": "Feature",
      "id": 93869,
      "geometry": {
        "type": "Point",
        "coordinates": [
          55.167816406449305,
          37.23269633884996
        ]
      },
      "properties": {
        "name:fa": "ساختمان وزارت اطلاعات",
        "description": "ساختمان وزارت اطلاعات گنبد کاووس",
        "date": 1784523520,
        "city": "گنبد کاووس",
        "province": "استان گلستان",
        "name:en": "Ministry of Intelligence Building",
        "description:en": "Ministry of Intelligence building in Gonbad-e Kavus",
        "city:en": "Gonbad-e Kavus",
        "province:en": "Golestan",
        "name:ar": "مبنى وزارة الاستخبارات",
        "description:ar": "مبنى وزارة الاستخبارات في غنبد كاووس",
        "city:ar": "غنبد كاووس",
        "province:ar": "كلستان",
        "name:he": "בניין משרד המודיעין",
        "description:he": "בניין משרד המודיעין בגונבאד קאבוס",
        "city:he": "גונבאד קאבוס",
        "province:he": "גולסתאן",
        "name:tr": "İstihbarat Bakanlığı Binası",
        "description:tr": "Gonbad-e Kavus İstihbarat Bakanlığı Binası",
        "city:tr": "Gonbad-e Kavus",
        "province:tr": "Gülistan",
        "name:ckb": "بینای وەزارەتی ئیتڵاعات",
        "description:ckb": "بینای وەزارەتی ئیتڵاعاتی گومبەدی کاووس",
        "city:ckb": "گومبەدی کاووس",
        "province:ckb": "گوڵستان",
        "id": "MjpkMzYwMjMwZTU3ODE",
        "publicId": "MjpkMzYwMjMwZTU3ODE",
        "sourceId": "d360230e5781",
        "layerId": 2,
        "type": "event",
        "status": "active",
        "urgency": null,
        "verificationTag": "not-verified",
        "expirationDate": null,
        "createdAt": "2026-07-20T07:48:51.115Z",
        "updatedAt": "2026-07-20T07:48:51.115Z"
      }
    },
    {
      "type": "Feature",
      "id": 93937,
      "geometry": {
        "type": "Point",
        "coordinates": [
          53.036869688036006,
          36.554698337282375
        ]
      },
      "properties": {
        "name:fa": "وزارت اطلاعات مازندران",
        "description": "ساختمان اصلی وزارت اطلاعات مازندران",
        "date": 1784641577,
        "city": "ساری",
        "province": "استان مازندران",
        "name:en": "Mazandaran Ministry of Intelligence",
        "description:en": "Main building of the Mazandaran Ministry of Intelligence",
        "city:en": "Sari",
        "province:en": "Mazandaran",
        "name:ar": "وزارة الاستخبارات في مازندران",
        "description:ar": "المبنى الرئيسي لوزارة الاستخبارات في مازندران",
        "city:ar": "ساري",
        "province:ar": "مازندران",
        "name:he": "משרד המודיעין של מאזנדראן",
        "description:he": "הבניין המרכזי של משרד המודיעין במאזנדראן",
        "city:he": "סארי",
        "province:he": "מאזנדראן",
        "name:tr": "Mazenderan İstihbarat Bakanlığı",
        "description:tr": "Mazenderan İstihbarat Bakanlığının ana binası",
        "city:tr": "Sari",
        "province:tr": "Mazenderan",
        "name:ckb": "وەزارەتی ئیتلاعاتی مازەندەران",
        "description:ckb": "تەلاری سەرەکیی وەزارەتی ئیتلاعاتی مازەندەران",
        "city:ckb": "ساری",
        "province:ckb": "مازەندەران",
        "id": "Mjo0ZTAyODY5NGY0ZGY",
        "publicId": "Mjo0ZTAyODY5NGY0ZGY",
        "sourceId": "4e028694f4df",
        "layerId": 2,
        "type": "event",
        "status": "active",
        "urgency": null,
        "verificationTag": "not-verified",
        "expirationDate": null,
        "createdAt": "2026-07-22T00:20:10.676Z",
        "updatedAt": "2026-07-22T00:20:10.676Z"
      }
    },
    {
      "type": "Feature",
      "id": 93963,
      "geometry": {
        "type": "Point",
        "coordinates": [
          46.31099596312421,
          38.069652324831964
        ]
      },
      "properties": {
        "name:fa": "پایگاه اطلاعات سپاه",
        "description": "این محل مسجد سالار شهیدان، پایگاه اطلاعات سپاه ، پایگاه بسیج و حوزه علمیه میباشد",
        "date": 1784705540,
        "city": "تبریز",
        "province": "استان آذربایجان شرقی",
        "name:en": "IRGC Intelligence Base",
        "description:en": "This location is Salar-e Shohada Mosque, an IRGC Intelligence Base, a Basij base, and a seminary.",
        "city:en": "Tabriz",
        "province:en": "East Azerbaijan",
        "name:ar": "قاعدة استخبارات الحرس الثوري",
        "description:ar": "هذا المكان هو مسجد سالار الشهداء، وقاعدة استخبارات الحرس الثوري، وقاعدة للتعبئة (البسيج)، ومدرسة دينية.",
        "city:ar": "تبريز",
        "province:ar": "أذربيجان الشرقية",
        "name:he": "בסיס מודיעין של המשמרות (ספאה)",
        "description:he": "מקום זה הוא מסגד סאלאר א-שהדאא, בסיס מודיעין של המשמרות (ספאה), בסיס באסיג' ומדרשה דתית.",
        "city:he": "תבריז",
        "province:he": "אזרבייג'ן המזרחית",
        "name:tr": "Sepah İstihbarat Üssü",
        "description:tr": "Bu yer Salar-ı Şüheda Camii, Sepah İstihbarat Üssü, Besiç Üssü ve dini ilimler medresesidir.",
        "city:tr": "Tebriz",
        "province:tr": "Doğu Azerbaycan",
        "name:ckb": "بنکەی زانیاریی سوپا",
        "description:ckb": "ئەم شوێنە مزگەوتی سالاری شەهیدان، بنکەی زانیاریی سوپا، بنکەی بەسیج و حەوزەی زانستییە",
        "city:ckb": "تەورێز",
        "province:ckb": "ئازەربایجانی ڕۆژھەڵات",
        "id": "MjoxZTczYWI2MDYyZjM",
        "publicId": "MjoxZTczYWI2MDYyZjM",
        "sourceId": "1e73ab6062f3",
        "layerId": 2,
        "type": "event",
        "status": "active",
        "urgency": null,
        "verificationTag": "not-verified",
        "expirationDate": null,
        "createdAt": "2026-07-22T21:59:10.770Z",
        "updatedAt": "2026-07-22T21:59:10.770Z"
      }
    },
    {
      "type": "Feature",
      "id": 93965,
      "geometry": {
        "type": "Point",
        "coordinates": [
          46.281027142568604,
          38.058809412292334
        ]
      },
      "properties": {
        "name:fa": "حفاظت اطلاعات انتظامی تبریز",
        "description": "فرماندهی بازرسی انتظامی شهرستان تبریز و همچنین فرماندهی حفاظت اطلاعات انتظامی شهرستان تبریز دو در دارن،یکی تابلو زده «نظارت همگانی ۱۹۷ نیروی انتظامی» و در بغلی که هیچ تابلو و علائمی نداره و سازه جدید و مستحکمی داره و دوربین های ۳۶۰ بزرگ روی در هست و یه برجک دیده بانی بزرگ و آجری با شیشه های سکوریت داره که همیشه یه سرباز وظیفه داخلش هست و با توجه به اینکه بومی این محله هستم میدونم که حفاظت اطلاعات انتظامی تبریز هست.",
        "date": 1784680394,
        "city": "تبریز",
        "province": "استان آذربایجان شرقی",
        "name:en": "Tabriz Police Intelligence Protection",
        "description:en": "The Law Enforcement Inspection Command of Tabriz County and the Law Enforcement Intelligence Protection Command of Tabriz County have two doors: one has a sign reading '197 Law Enforcement Public Supervision', and the adjacent door has no sign or markings, is a sturdy new structure, has large 360-degree cameras above the door, and features a large brick watchtower with tempered glass where a conscript soldier is always present. As a local resident of this neighborhood, I know that this is Tabriz Police Intelligence Protection.",
        "city:en": "Tabriz",
        "province:en": "East Azerbaijan",
        "name:ar": "حماية معلومات الشرطة في تبريز",
        "description:ar": "قيادة التفتيش الشرطي في مدينة تبريز وكذلك قيادة حماية معلومات الشرطة في مدينة تبريز لهما بوابتان، إحداهما تحمل لافتة «الرقابة العامة 197 لقوى الأمن الداخلي»، والبوابة المجاورة ليس عليها أي لافتة أو علامات ولها مبنى جديد وقوي وتوجد كاميرات 360 درجة كبيرة فوق البوابة وبرج مراقبة كبير من الآجر بزلع/بزجاج مقسى يوجد داخله مجند دائماً، وبحكم أني من سكان هذا الحي، أعلم أن المكان هو مقر حماية معلومات الشرطة في تبريز.",
        "city:ar": "تبريز",
        "province:ar": "أذربيجان الشرقية",
        "name:he": "אבטחת מידע של המשטרה בתבריז",
        "description:he": "למפקדת ביקורת המשטרה של מחוז תבריז וגם למפקדת אבטחת המידע של המשטרה במחוז תבריז יש שתי דלתות: לאחת יש שלט 'פיקוח ציבורי 197 של כוחות השיטור', ולדלת הסמוכה אין כל שלט או סימון, ויש לה מבנה חדש וחזק עם מצלמות 360 גדולות מעל הדלת ומגדל שמירה גדול מלבנים עם זכוכית מחוסמת שבו נמצא תמיד חייל בשירות חובה. מכיוון שאני תושב השכונה, אני יודע שזוהי אבטחת המידע של משטרת תבריז.",
        "city:he": "תבריז",
        "province:he": "אזרבייג'ן המזרחית",
        "name:tr": "Tebriz Emniyet İstihbarat Koruma",
        "description:tr": "Tebriz İlçesi Emniyet Teftiş Komutanlığı ve Tebriz İlçesi Emniyet İstihbarat Koruma Komutanlığı'nın iki kapısı vardır. Birinde 'Emniyet Genel Denetim 197' tabelası bulunmaktadır. Yan kapıda ise hiçbir tabela veya işaret bulunmamakla birlikte, yeni ve sağlam bir yapıya sahiptir. Kapının üzerinde büyük 360 derecelik kameralar ve kırılmaz camlı, büyük, tuğladan bir gözetleme kulesi vardır; içinde her zaman bir er bulunmaktadır. Bu mahallenin yerlisi olduğum için buranın Tebriz Emniyet İstihbarat Koruma binası olduğunu biliyorum.",
        "city:tr": "Tebriz",
        "province:tr": "Doğu Azerbaycan",
        "name:ckb": "پاراستنی زانیاریی ئینتیزامیی تەورێز",
        "description:ckb": "فەرماندەییی پشکنینی ئینتیزامیی شارستانی تەورێز و هەروەها فەرماندەییی پاراستنی زانیاریی ئینتیزامیی شارستانی تەورێز دوو دەرگایان هەیە، یەکێکیان تابلۆی «چاودێریی گشتیی 197ی هێزی ئینتیزامی» لێدراوە و دەرگای تەنیشتی کە هیچ تابلۆ و نیشانەیەکی نییە و پێکهاتەیەکی نوێ و بەهێزی هەیە و کامێرای گەورەی 360 پلەی لەسەر دەرگاکەیە و بورجێکی دیدەبانیی گەورە و خشتی بە شووشەی سێکۆریتەوە هەیە کە هەمیشە سەربازێکی سەربازیی تێدایە و بەپێی ئەوەی خەڵکی ئەم گەڕەکەشم دەزانم کە پاراستنی زانیاریی ئینتیزامیی تەورێزە.",
        "city:ckb": "تەورێز",
        "province:ckb": "ئازەربایجانی ڕۆژھەڵات",
        "id": "MjphYjBkYmEzYmE0NmQ",
        "publicId": "MjphYjBkYmEzYmE0NmQ",
        "sourceId": "ab0dba3ba46d",
        "layerId": 2,
        "type": "event",
        "status": "active",
        "urgency": null,
        "verificationTag": "not-verified",
        "expirationDate": null,
        "createdAt": "2026-07-22T21:59:10.914Z",
        "updatedAt": "2026-07-22T21:59:10.914Z"
      }
    },
    {
      "type": "Feature",
      "id": 94004,
      "geometry": {
        "type": "Point",
        "coordinates": [
          53.62934768199921,
          28.950071983874523
        ]
      },
      "properties": {
        "name:fa": "اداره اطلاعات فسا",
        "description": "این مکان اداره اطلاعات شهرستان فسا میباشد.",
        "date": 1784809473,
        "city": "فسا",
        "province": "استان فارس",
        "name:en": "Fasa Intelligence Office",
        "description:en": "This location is the Intelligence Office of Fasa County.",
        "city:en": "Fasa",
        "province:en": "Fars",
        "name:ar": "دائرة الاستخبارات في فسا",
        "description:ar": "هذا المكان هو دائرة الاستخبارات في قضاء فسا.",
        "city:ar": "فسا",
        "province:ar": "فارس",
        "name:he": "משרד המודיעין של פסה",
        "description:he": "מקום זה הוא משרד המודיעין של מחוז פסה.",
        "city:he": "פסה",
        "province:he": "פארס",
        "name:tr": "Fasa İstihbarat Dairesi",
        "description:tr": "Bu mekan Fasa şehri İstihbarat Dairesidir.",
        "city:tr": "Fasa",
        "province:tr": "Fars",
        "name:ckb": "ئیدارەی ئیتلاعاتی فەسا",
        "description:ckb": "ئەم شوێنە ئیدارەی ئیتلاعاتی شارستانی فەسایە.",
        "city:ckb": "فەسا",
        "province:ckb": "فارس",
        "id": "Mjo2MTNkOTAwZjg5Y2E",
        "publicId": "Mjo2MTNkOTAwZjg5Y2E",
        "sourceId": "613d900f89ca",
        "layerId": 2,
        "type": "event",
        "status": "active",
        "urgency": null,
        "verificationTag": "not-verified",
        "expirationDate": null,
        "createdAt": "2026-07-24T05:36:26.662Z",
        "updatedAt": "2026-07-24T05:36:26.662Z"
      }
    },
    {
      "type": "Feature",
      "id": 94044,
      "geometry": {
        "type": "Point",
        "coordinates": [
          52.64602616515103,
          36.69843109888636
        ]
      },
      "properties": {
        "name:fa": "فرماندهی اطلاعات بسیج بابلسر",
        "description": "فرماندهی اطلاعات بسیج بابلسر",
        "date": 1784890154,
        "city": "بابلسر",
        "province": "استان مازندران",
        "name:en": "Babolsar Basij Intelligence Command",
        "description:en": "Babolsar Basij Intelligence Command",
        "city:en": "Babolsar",
        "province:en": "Mazandaran",
        "name:ar": "قيادة استخبارات البسيج في بابلسر",
        "description:ar": "قيادة استخبارات البسيج في بابلسر",
        "city:ar": "بابلسر",
        "province:ar": "مازندران",
        "name:he": "פיקוד המודיעין של הבסיג' בבאבולסאר",
        "description:he": "פיקוד המודיעין של הבסיג' בבאבולסאר",
        "city:he": "באבולסאר",
        "province:he": "מאזנדראן",
        "name:tr": "Babolsar Besiç İstihbarat Komutanlığı",
        "description:tr": "Babolsar Besiç İstihbarat Komutanlığı",
        "city:tr": "Babolsar",
        "province:tr": "Mazenderan",
        "name:ckb": "فەرماندەییی ئیتلاعاتی بەسیجی بابولسەر",
        "description:ckb": "فەرماندەییی ئیتلاعاتی بەسیجی بابولسەر",
        "city:ckb": "بابولسەر",
        "province:ckb": "مازەندەران",
        "id": "MjphMWJlNzNmNDk0YWU",
        "publicId": "MjphMWJlNzNmNDk0YWU",
        "sourceId": "a1be73f494ae",
        "layerId": 2,
        "type": "event",
        "status": "active",
        "urgency": null,
        "verificationTag": "not-verified",
        "expirationDate": null,
        "createdAt": "2026-07-24T23:43:38.935Z",
        "updatedAt": "2026-07-24T23:43:38.935Z"
      }
    },
    {
      "type": "Feature",
      "id": 94065,
      "geometry": {
        "type": "Point",
        "coordinates": [
          46.26448776272437,
          36.23356746587349
        ]
      },
      "properties": {
        "name:fa": "اطلاعات سپاه",
        "description": "اطلاعات سپاه",
        "date": 1785018572,
        "city": "سقز",
        "province": "استان کردستان",
        "name:en": "IRGC Intelligence",
        "description:en": "IRGC Intelligence",
        "city:en": "Saqqez",
        "province:en": "Kurdistan",
        "name:ar": "استخبارات الحرس الثوري",
        "description:ar": "استخبارات الحرس الثوري",
        "city:ar": "سقز",
        "province:ar": "كردستان",
        "name:he": "מודיעין הספאה",
        "description:he": "מודיעין הספאה",
        "city:he": "סאקז",
        "province:he": "כורדיסטאן",
        "name:tr": "Devrim Muhafızları İstihbaratı",
        "description:tr": "Devrim Muhafızları İstihbaratı",
        "city:tr": "Sakız",
        "province:tr": "Kürdistan",
        "name:ckb": "ئیتلاعاتی سوپا",
        "description:ckb": "ئیتلاعاتی سوپا",
        "city:ckb": "سەقز",
        "province:ckb": "کوردستان",
        "id": "Mjo4Y2NmNzRmN2UwOTU",
        "publicId": "Mjo4Y2NmNzRmN2UwOTU",
        "sourceId": "8ccf74f7e095",
        "layerId": 2,
        "type": "event",
        "status": "active",
        "urgency": null,
        "verificationTag": "not-verified",
        "expirationDate": null,
        "createdAt": "2026-07-26T02:33:25.540Z",
        "updatedAt": "2026-07-26T02:33:25.540Z"
      }
    },
    {
      "type": "Feature",
      "id": 94103,
      "geometry": {
        "type": "Polygon",
        "coordinates": [
          [
            [
              51.461962163595445,
              35.75410422755898
            ],
            [
              51.463569078863316,
              35.75410422755898
            ],
            [
              51.46303705961887,
              35.750791132740545
            ],
            [
              51.461386714209766,
              35.75094092989818
            ],
            [
              51.46138802825851,
              35.75093466612948
            ],
            [
              51.46138802825851,
              35.75093466612948
            ],
            [
              51.461962163595445,
              35.75410422755898
            ]
          ]
        ]
      },
      "properties": {
        "unofficial_name:fa": "وزارت اطلاعات",
        "description": "محدوده با دیوار بتنی محصور شده و دارای بخشی زیر زمینی است. گاهی نیز زندانیان را برای شکنجه به این مکان منتقل میکنند.\nکل کوچه عراقی با دوربین مانیور میشود.",
        "date": "",
        "city": "",
        "province": "",
        "id": "MjoyY2ExYTNlYmY4YzQ",
        "publicId": "MjoyY2ExYTNlYmY4YzQ",
        "sourceId": "2ca1a3ebf8c4",
        "layerId": 2,
        "type": "location",
        "status": "active",
        "urgency": null,
        "verificationTag": "verified",
        "expirationDate": null,
        "createdAt": "2026-07-28T19:04:32.851Z",
        "updatedAt": "2026-07-28T19:48:24.463Z"
      }
    },
    {
      "type": "Feature",
      "id": 94122,
      "geometry": {
        "type": "Point",
        "coordinates": [
          51.317249121696534,
          35.782664036601986
        ]
      },
      "properties": {
        "unofficial_name:fa": "",
        "description": "دفتر حفاظت اطلاعات سپاه دانشگاه علوم و تحقیقات (طبقه 5)",
        "date": "",
        "city": "تهران",
        "province": "استان تهران",
        "description:en": "IRGC Intelligence Protection Office, Science and Research Branch (5th Floor)",
        "city:en": "Tehran",
        "province:en": "Tehran",
        "description:ar": "مكتب استخبارات الحرس الثوري في جامعة العلوم والبحوث (الطابق 5)",
        "city:ar": "طهران",
        "province:ar": "طهران",
        "city:he": "טהראן",
        "province:he": "טהראן",
        "description:tr": "Bilim ve Araştırma Üniversitesi Devrim Muhafızları İstihbarat Koruma Ofisi (5. kat)",
        "city:tr": "Tahran",
        "province:tr": "Tahran",
        "description:ckb": "نووسینگەی پاراستنی زانیارییەکانی سوپای زانکۆی زانست و توێژینەوەکان (نهۆمی 5)",
        "city:ckb": "تاران",
        "province:ckb": "تاران",
        "id": "MjpiZTU5NmM4ZjE2ZmI",
        "publicId": "MjpiZTU5NmM4ZjE2ZmI",
        "sourceId": "be596c8f16fb",
        "layerId": 2,
        "type": "location",
        "status": "active",
        "urgency": null,
        "verificationTag": "verified",
        "expirationDate": null,
        "createdAt": "2026-07-29T18:47:17.180Z",
        "updatedAt": "2026-07-29T18:47:17.180Z"
      }
    },
    {
      "type": "Feature",
      "id": 94191,
      "geometry": {
        "type": "Polygon",
        "coordinates": [
          [
            [
              48.63259591432086,
              31.30303719795303
            ],
            [
              48.635640713753276,
              31.30455384681538
            ],
            [
              48.6380765532995,
              31.301044483506843
            ],
            [
              48.63494105771369,
              31.299583132796627
            ],
            [
              48.63487980483728,
              31.2996591307907
            ],
            [
              48.63487980483728,
              31.2996591307907
            ],
            [
              48.63259591432086,
              31.30303719795303
            ]
          ]
        ]
      },
      "properties": {
        "unofficial_name:fa": "وزارت اطلاعات خوزستان",
        "description": "اداره کل وزارت اطلاعات استان خوزستان\n",
        "date": "",
        "city": "اهواز",
        "province": "استان خوزستان",
        "description:en": "General Directorate of the Ministry of Intelligence in Khuzestan Province",
        "city:en": "Ahvaz",
        "province:en": "Khuzestan",
        "description:ar": "الإدارة العامة لوزارة الاستخبارات في محافظة خوزستان",
        "city:ar": "الأهواز",
        "province:ar": "خوزستان",
        "description:he": "המנהלה הכללית של משרד המודיעין במחוז ח'וזסתאן",
        "city:he": "אהוואז",
        "province:he": "ח'וזסתאן",
        "description:tr": "Huzistan Eyaleti İstihbarat Bakanlığı Genel Müdürlüğü",
        "city:tr": "Ahvaz",
        "province:tr": "Huzistan",
        "description:ckb": "فەرمانگەی گشتیی وەزارەتی ئیتلاعاتی پارێزگای خوزستان",
        "city:ckb": "ئەهواز",
        "province:ckb": "خووزستان",
        "id": "MjoyMGUxMzUxY2Y3N2U",
        "publicId": "MjoyMGUxMzUxY2Y3N2U",
        "sourceId": "20e1351cf77e",
        "layerId": 2,
        "type": "location",
        "status": "active",
        "urgency": null,
        "verificationTag": "verified",
        "expirationDate": null,
        "createdAt": "2026-07-30T01:35:48.951Z",
        "updatedAt": "2026-07-30T01:35:48.951Z"
      }
    },
    {
      "type": "Feature",
      "id": 94193,
      "geometry": {
        "type": "Polygon",
        "coordinates": [
          [
            [
              50.28488332154896,
              37.156145391305216
            ],
            [
              50.28666949833004,
              37.156791653315466
            ],
            [
              50.287188909569124,
              37.155904158447356
            ],
            [
              50.2855369614025,
              37.154886133700685
            ],
            [
              50.28551022808344,
              37.15492166743765
            ],
            [
              50.285493981368376,
              37.15497210016582
            ],
            [
              50.28549278699032,
              37.15497210016582
            ],
            [
              50.28488332154896,
              37.156145391305216
            ]
          ]
        ]
      },
      "properties": {
        "unofficial_name:fa": "اداره اطلاعات",
        "description": "یک مکان فوق امنیتی که به جز چند کارمند اطلاعاتی. هیچ کس حتی اطلاعاتی های شهر هم واردش نمیشن. به ظاهر دوتا خونه کوچیکه اما گاهی از استان یا پلاک تهران تعدادی ماشین میان و میرن. هرچیزی هست زیرشه و فقط برای افراد رده بالاست. امنیتی ترین مکان شهر رودسر",
        "date": "",
        "city": "رودسر",
        "province": "استان گیلان",
        "description:en": "A high-security location where, except for a few intelligence employees, no one—not even local intelligence personnel—enters. Outwardly, it looks like two small houses, but occasionally several cars with provincial or Tehran license plates come and go. Whatever it is, it is underground and strictly for high-ranking officials. The most secure location in the city of Rudsar.",
        "city:en": "Rudsar",
        "province:en": "Gilan",
        "description:ar": "موقع شديد السرية والأمن، لا يدخله أحد سوى عدد قليل من موظفي الاستخبارات، ولا حتى رجال الاستخبارات في المدينة. يبدو ظاهرياً كمنزلين صغيرين، لكن تأتي وترحل أحياناً سيارات بلوحات طهران أو المحافظة. كل شيء موجود تحت الأرض وهو مخصص للمسؤولين رفيعي المستوى فقط. إنه المكان الأكثر أماناً وسرية في مدينة رودسر.",
        "city:ar": "رودسر",
        "province:ar": "جيلان",
        "description:he": "מתקן מאובטח ביותר שאיש אינו נכנס אליו, מלבד מספר מועט של אנשי מודיעין - אפילו לא אנשי המודיעין של העיר. למראית עין מדובר בשני בתים קטנים, אך לעיתים מגיעות ועוזבות מכוניות מחוץ למחוז או עם לוחיות רישוי של טהראן. כל מה שקיים נמצא מתחת לאדמה ומיועד אך ורק לדרגים הגבוהים ביותר. המקום המאובטח ביותר בעיר רודסאר.",
        "city:he": "רודסאר",
        "province:he": "גילאן",
        "description:tr": "Birkaç istihbarat çalışanı dışında, şehrin istihbaratçılarının bile giremediği son derece güvenlikli bir yer. Dışarıdan iki küçük ev gibi görünüyor ancak bazen eyaletten veya Tahran plakalı birkaç araç gelip gidiyor. Ne varsa yerin altında ve sadece üst düzey yetkililer için. Rudsar şehrinin en güvenlikli yeri.",
        "city:tr": "Rudsar",
        "province:tr": "Gilan",
        "description:ckb": "شوێنێکی سەروو ئەمنی کە بێجگە لە چەند فەرمانبەرێکی ئیتلاعات، هیچ کەسێک تەنانەت ئیتلاعاتییەکانی شارەکەش ناچنە ژوورەوەی. بە ڕووکەش دوو ماڵی بچووکە بەڵام هەندێک جار لە پارێزگا یان ژمارە تابلۆی تاران چەند ئۆتۆمبێلێک دێن و دەچن. هەر شتێک هەبێت لە ژێریدایە و تەنها بۆ کەسانی پلە بەرزە. ئەمنیترین شوێنی شاری ڕوودسەر.",
        "city:ckb": "ڕوودسەر",
        "province:ckb": "گیلان",
        "id": "Mjo4ODExNGYzZjZkMTQ",
        "publicId": "Mjo4ODExNGYzZjZkMTQ",
        "sourceId": "88114f3f6d14",
        "layerId": 2,
        "type": "location",
        "status": "active",
        "urgency": null,
        "verificationTag": "not-verified",
        "expirationDate": null,
        "createdAt": "2026-07-30T01:53:22.976Z",
        "updatedAt": "2026-07-30T01:53:22.976Z"
      }
    },
    {
      "type": "Feature",
      "id": 94223,
      "geometry": {
        "type": "Polygon",
        "coordinates": [
          [
            [
              45.07025958861169,
              39.3363544714866
            ],
            [
              45.07190995486377,
              39.337115989536045
            ],
            [
              45.07212562772557,
              39.33706159566455
            ],
            [
              45.07237412037088,
              39.335433386190346
            ],
            [
              45.071318201371525,
              39.33571700729334
            ],
            [
              45.071318201371525,
              39.33571700729334
            ],
            [
              45.07025958861169,
              39.3363544714866
            ]
          ]
        ]
      },
      "properties": {
        "unofficial_name:fa": "اطلاعات پلدشت",
        "description": "اداره اطلاعات هنگ مرزی پلدشت",
        "date": "",
        "city": "پلدشت",
        "province": "استان آذربایجان غربی",
        "description:en": "Intelligence Department of Poldasht Border Guard Regiment",
        "city:en": "Poldasht",
        "province:en": "West Azerbaijan",
        "description:ar": "إدارة الاستخبارات لفوج حرس الحدود في بلدشت",
        "city:ar": "بلدشت",
        "province:ar": "أذربيجان الغربية",
        "description:he": "משרד המודיעין של גדוד משמר הגבול פולדשת",
        "city:he": "פולדשת",
        "province:he": "אזרבייג'ן המערבית",
        "description:tr": "Poldaşt Sınır Muhafaza Alayı İstihbarat Dairesi",
        "city:tr": "Poldaşt",
        "province:tr": "Batı Azerbaycan",
        "description:ckb": "ئیدارەی زانیاریی فەوجی سنووریی پۆلدەشت",
        "city:ckb": "پۆلدەشت",
        "province:ckb": "ئازەربایجانی ڕۆژاوا",
        "id": "MjozYTRlMzgyMzliNjk",
        "publicId": "MjozYTRlMzgyMzliNjk",
        "sourceId": "3a4e38239b69",
        "layerId": 2,
        "type": "location",
        "status": "active",
        "urgency": null,
        "verificationTag": "verified",
        "expirationDate": null,
        "createdAt": "2026-07-31T14:32:16.265Z",
        "updatedAt": "2026-07-31T14:32:16.265Z"
      }
    },
    {
      "type": "Feature",
      "id": 94233,
      "geometry": {
        "type": "Point",
        "coordinates": [
          51.31179321776182,
          35.79181669478264
        ]
      },
      "properties": {
        "unofficial_name:fa": "حفاظت اطلاعات سپاه دانشگاه علوم و تحقیقات",
        "description": "اتاق مانیتورینگ حفاظت اطلاعات سپاه دانشگاه علوم و تحقیقات (بخش ابن سینا)",
        "date": "",
        "city": "شهرستان تهران",
        "province": "استان تهران",
        "description:en": "Monitoring room of IRGC Intelligence Protection, Science and Research Branch (Ibn Sina Section)",
        "city:en": "Tehran County",
        "province:en": "Tehran",
        "description:ar": "غرفة المراقبة التابعة لاستخبارات الحرس الثوري في جامعة العلوم والبحوث (فرع ابن سينا)",
        "city:ar": "مقاطعة طهران",
        "province:ar": "طهران",
        "description:he": "חדר הניטור של הגנת המידע של משמרות המהפכה, אוניברסיטת המדעים והמחקר (אגף אבן סינא)",
        "city:he": "טהראן",
        "province:he": "טהראן",
        "description:tr": "İlim ve Araştırma Üniversitesi Devrim Muhafızları İstihbarat Koruması İzleme Odası (İbn-i Sina Bölümü)",
        "city:tr": "Tahran Şehristanı",
        "province:tr": "Tahran",
        "description:ckb": "ژووری مانیتۆرینگی پاراستنی زانیاریی سوپای زانکۆی زانست و توێژینەوەکان (بەشی ئیبن سینا)",
        "city:ckb": "شارستانی تاران",
        "province:ckb": "تاران",
        "id": "Mjo5NGNmNzgyY2ZiYzY",
        "publicId": "Mjo5NGNmNzgyY2ZiYzY",
        "sourceId": "94cf782cfbc6",
        "layerId": 2,
        "type": "location",
        "status": "active",
        "urgency": null,
        "verificationTag": "verified",
        "expirationDate": null,
        "createdAt": "2026-07-31T16:28:10.061Z",
        "updatedAt": "2026-07-31T16:28:10.061Z"
      }
    },
    {
      "type": "Feature",
      "id": 94235,
      "geometry": {
        "type": "Point",
        "coordinates": [
          51.31893337628915,
          35.779724190648295
        ]
      },
      "properties": {
        "unofficial_name:fa": "حفاظت اطلاعات سپاه دانشگاه علوم و تحقیقات",
        "description": "حفاظت اطلاعات سپاه دانشگاه علوم و تحقیقات بخش مرکزی",
        "date": "",
        "city": "تهران",
        "province": "استان تهران",
        "description:en": "IRGC Intelligence Protection, Science and Research Branch, Central Section",
        "city:en": "Tehran",
        "province:en": "Tehran",
        "description:ar": "استخبارات الحرس الثوري في جامعة العلوم والبحوث - القطاع المركزي",
        "city:ar": "طهران",
        "province:ar": "طهران",
        "description:he": "המחלקה להגנת מידע של משמרות המהפכה, אוניברסיטת המדעים והמחקר, המגזר המרכזי",
        "city:he": "טהראן",
        "province:he": "טהראן",
        "description:tr": "İlim ve Araştırma Üniversitesi Merkez Bölümü Devrim Muhafızları İstihbarat Koruması",
        "city:tr": "Tahran",
        "province:tr": "Tahran",
        "description:ckb": "پاراستنی زانیاریی سوپای زانکۆی زانست و توێژینەوەکان بەشی ناوەندی",
        "city:ckb": "تاران",
        "province:ckb": "تاران",
        "id": "Mjo3MGQ2MTc0ODgwYTU",
        "publicId": "Mjo3MGQ2MTc0ODgwYTU",
        "sourceId": "70d6174880a5",
        "layerId": 2,
        "type": "location",
        "status": "active",
        "urgency": null,
        "verificationTag": "verified",
        "expirationDate": null,
        "createdAt": "2026-07-31T16:30:34.874Z",
        "updatedAt": "2026-07-31T16:30:34.874Z"
      }
    },
    {
      "type": "Feature",
      "id": 94331,
      "geometry": {
        "type": "Polygon",
        "coordinates": [
          [
            [
              52.02592875168429,
              35.67906171585365
            ],
            [
              52.02591124410674,
              35.67916046533236
            ],
            [
              52.0264140039954,
              35.679773792300665
            ],
            [
              52.026898578204,
              35.679699846556204
            ],
            [
              52.02695146156259,
              35.679695953785796
            ],
            [
              52.02687022789959,
              35.67943908257823
            ],
            [
              52.02683271177597,
              35.67930912009727
            ],
            [
              52.026616523886645,
              35.679326254015336
            ],
            [
              52.02653792159086,
              35.67909772859646
            ],
            [
              52.02648126686242,
              35.67892364676588
            ],
            [
              52.02648126686242,
              35.67892364676588
            ],
            [
              52.02592875168429,
              35.67906171585365
            ]
          ]
        ]
      },
      "properties": {
        "unofficial_name:fa": "اداره کل اطلاعات شرق استان تهران (دماوند)",
        "description": "",
        "date": "",
        "city": "دماوند",
        "province": "استان تهران",
        "city:en": "Damavand",
        "province:en": "Tehran",
        "city:ar": "دماوند",
        "province:ar": "طهران",
        "city:he": "דמאוונד",
        "province:he": "טהראן",
        "city:tr": "Demavend",
        "province:tr": "Tahran",
        "city:ckb": "دەماوەند",
        "province:ckb": "تاران",
        "id": "MjpmNmI2MjkyNWI4N2E",
        "publicId": "MjpmNmI2MjkyNWI4N2E",
        "sourceId": "f6b62925b87a",
        "layerId": 2,
        "type": "location",
        "status": "active",
        "urgency": null,
        "verificationTag": "not-verified",
        "expirationDate": null,
        "createdAt": "2026-08-03T18:41:48.277Z",
        "updatedAt": "2026-08-03T18:41:48.277Z"
      }
    },
    {
      "type": "Feature",
      "id": 94347,
      "geometry": {
        "type": "Point",
        "coordinates": [
          51.03393220993351,
          35.62699594270646
        ]
      },
      "properties": {
        "unofficial_name:fa": "حوضه اطلاعات سپاه ۵ قمر بنی هاشم",
        "description": "حوضه سپاه ۵ قمر بنی هاشم که اطلاعات سپاه هستش و مردم رو توش میبرن زندانی میکنن",
        "date": "",
        "city": "شهریار",
        "province": "استان تهران",
        "description:en": "Base of the 5th Qamar-e Bani Hashim IRGC Corps, which is IRGC Intelligence, where they take people and imprison them.",
        "city:en": "Shahriar",
        "province:en": "Tehran",
        "description:ar": "منطقة الحرس الثوري 5 قمر بني هاشم وهي التابعة لاستخبارات الحرس الثوري ويقومون باحتجاز الناس وسجنهم فيها",
        "city:ar": "شهريار",
        "province:ar": "طهران",
        "city:he": "שהריאר",
        "province:he": "טהראן",
        "description:tr": "Devrim Muhafızları İstihbaratına ait olan ve insanların götürülüp hapsedildiği 5. Kamer-i Ben-i Haşim Tümeni karargahı",
        "city:tr": "Şehriyar",
        "province:tr": "Tahran",
        "description:ckb": "حەوزەی سوپای 5ی قەمەری بەنی هاشم کە ئیتلاعاتی سوپایە و خەڵکی تێدا زیندانی دەکەن",
        "city:ckb": "شەهریار",
        "province:ckb": "تاران",
        "id": "Mjo1MTZjNjZkOTI3OGU",
        "publicId": "Mjo1MTZjNjZkOTI3OGU",
        "sourceId": "516c66d9278e",
        "layerId": 2,
        "type": "location",
        "status": "active",
        "urgency": null,
        "verificationTag": "not-verified",
        "expirationDate": null,
        "createdAt": "2026-08-04T19:14:37.110Z",
        "updatedAt": "2026-08-04T19:14:45.369Z"
      }
    },
    {
      "type": "Feature",
      "id": 94349,
      "geometry": {
        "type": "Polygon",
        "coordinates": [
          [
            [
              57.91256840960247,
              37.4113428696657
            ],
            [
              57.91223491136455,
              37.41088548157356
            ],
            [
              57.91307977356581,
              37.410493432413816
            ],
            [
              57.9134288350551,
              37.41096141878603
            ],
            [
              57.913165661862536,
              37.41108403695131
            ],
            [
              57.913165661862536,
              37.41108403695131
            ],
            [
              57.91256840960247,
              37.4113428696657
            ]
          ]
        ]
      },
      "properties": {
        "unofficial_name:fa": "اداره اطلاعات سپاه شیروان",
        "description": "",
        "date": "",
        "city": "شیروان",
        "province": "استان خراسان شمالی",
        "city:en": "Shirvan",
        "province:en": "North Khorasan",
        "city:ar": "شيروان",
        "province:ar": "خراسان الشمالية",
        "city:he": "שירואן",
        "province:he": "ח'וראסאן הצפונית",
        "city:tr": "Şirvan",
        "province:tr": "Kuzey Horasan",
        "city:ckb": "شیروان",
        "province:ckb": "خوراسانی باکوور",
        "id": "Mjo2YzI4YTQ2MmU3MDg",
        "publicId": "Mjo2YzI4YTQ2MmU3MDg",
        "sourceId": "6c28a462e708",
        "layerId": 2,
        "type": "location",
        "status": "active",
        "urgency": null,
        "verificationTag": "verified",
        "expirationDate": null,
        "createdAt": "2026-08-04T22:52:22.533Z",
        "updatedAt": "2026-08-04T22:52:46.477Z"
      }
    },
    {
      "type": "Feature",
      "id": 94429,
      "geometry": {
        "type": "Point",
        "coordinates": [
          51.54000207781792,
          35.76254954634392
        ]
      },
      "properties": {
        "unofficial_name:fa": "اطلاعات سپاه",
        "description": "دانشگاه اطلاعات سپاه بیش از ۲۰هزار نفر نیرو. کل محوطه ۳هکتار. کل این ساختمان‌های سپاه دارای پارکینگ منفی ۹ بوده و محل ذخیره ادوات، تجهیزات و سلاح در زمان اعتراضات و جنگ است. محوطه شامل ۱۰ مجتمع ۱۲ طبقه و سالن‌های بزرگ به مساحت ۵ هکتار می‌باشد.",
        "date": "",
        "city": "تهران",
        "province": "استان تهران",
        "description:en": "IRGC Intelligence University, over 20,000 personnel. The total area is 3 hectares. All of these IRGC buildings have a level -9 basement parking and serve as a storage site for tools, equipment, and weapons during protests and war. The site includes 10 12-story complexes and large halls with an area of 5 hectares.",
        "city:en": "Tehran",
        "province:en": "Tehran",
        "description:ar": "جامعة استخبارات الحرس الثوري تضم أكثر من 20 ألف فرد. المساحة الإجمالية للمجمع 3 هكتارات. تحتوي جميع مباني الحرس الثوري هذه على موقف سيارات في الطابق السفلي -9، وتعد مكانا لتخزين المعدات والأجهزة والأسلحة أثناء الاحتجاجات والحرب. يضم المجمع 10 مجمعات مكونة من 12 طابقا وقاعات كبيرة بمساحة 5 هكتارات.",
        "city:ar": "طهران",
        "province:ar": "طهران",
        "description:he": "אוניברסיטת המודיעין של משמרות המהפכה, יותר מ-20,000 איש. כל המתחם משתרע על 3 הקטר. לכל הבניינים הללו של משמרות המהפכה יש חניון בקומה מינוס 9 והוא משמש מקום אחסון לציוד, אמצעים ונשק בזמן מחאות ומלחמה. המתחם כולל 10 מכלולים בני 12 קומות ואולמות גדולים בשטח של 5 הקטר.",
        "city:he": "טהראן",
        "province:he": "טהראן",
        "description:tr": "Devrim Muhafızları İstihbarat Üniversitesi, 20 binden fazla personel. Tüm alan 3 hektar. Devrim Muhafızları'na ait tüm bu binaların -9 katlı otoparkı bulunmakta olup, protestolar ve savaş sırasında mühimmat, teçhizat ve silah depolama yeridir. Yerleşke, 5 hektarlık bir alana yayılmış 12 katlı 10 kompleksi ve büyük salonları içermektedir.",
        "city:tr": "Tahran",
        "province:tr": "Tahran",
        "description:ckb": "زانکۆی ئیتلاعاتی سوپا زیاتر لە 20 هەزار کەس هێز. تەواوی حەوشەکە 3 هێکتار. سەرجەم ئەم بینایانەی سوپا گەراجی ژێر زەوی -9یان هەیە و شوێنی عەمبارکردنی ئامێر، پێداویستی و چەکە لە کاتی خۆپێشاندان و جەنگدا. حەوشەکە 10 کۆمەڵگەی 12 نهۆمی و هۆڵی گەورە بە ڕووبەری 5 هێکتار لەخۆدەگرێت.",
        "city:ckb": "تاران",
        "province:ckb": "تاران",
        "id": "MjozMWZjNjRiZWVlZDU",
        "publicId": "MjozMWZjNjRiZWVlZDU",
        "sourceId": "31fc64beeed5",
        "layerId": 2,
        "type": "location",
        "status": "active",
        "urgency": null,
        "verificationTag": "not-verified",
        "expirationDate": null,
        "createdAt": "2026-08-14T18:12:06.347Z",
        "updatedAt": "2026-08-17T20:27:38.897Z"
      }
    },
    {
      "type": "Feature",
      "id": 94445,
      "geometry": {
        "type": "Polygon",
        "coordinates": [
          [
            [
              51.459984133685055,
              35.757301003524105
            ],
            [
              51.4600395259792,
              35.75723064568652
            ],
            [
              51.46001785073403,
              35.757150515851336
            ],
            [
              51.46025387007546,
              35.757019571800456
            ],
            [
              51.460607899089894,
              35.75698830154731
            ],
            [
              51.46074517564537,
              35.75691989782588
            ],
            [
              51.46099082843111,
              35.75686517480638
            ],
            [
              51.461234072855746,
              35.75688080995896
            ],
            [
              51.46132077383777,
              35.75714660707672
            ],
            [
              51.4614652754766,
              35.757170059720934
            ],
            [
              51.46152789285239,
              35.75745539967252
            ],
            [
              51.46131354875607,
              35.75747689784619
            ],
            [
              51.46138339121518,
              35.758029985236746
            ],
            [
              51.460774075973745,
              35.75809447927581
            ],
            [
              51.4603855849179,
              35.75815957782687
            ],
            [
              51.460282025409896,
              35.75770421007836
            ],
            [
              51.460231449836414,
              35.75751268123402
            ],
            [
              51.4601172054644,
              35.75741356113248
            ],
            [
              51.4601172054644,
              35.75741356113248
            ],
            [
              51.459984133685055,
              35.757301003524105
            ]
          ]
        ]
      },
      "properties": {
        "unofficial_name:fa": "وزرارت اطلاعات",
        "description": "ادامه‌ی بخش بالایی محوطه و خانه‌های وزرارت اطلاعات در مساحت بین شهید عراقی و ربانی و گلرومفرد و زین‌الدین",
        "date": "",
        "city": "تهران",
        "province": "استان تهران",
        "description:en": "Continuation of the upper section of the Ministry of Intelligence grounds and housing in the area between Shahid Iraqi, Rabbani, Golromafard, and Zein-o-Din.",
        "city:en": "Tehran",
        "province:en": "Tehran",
        "description:ar": "امتداد الجزء العلوي من المجمع ومنازل وزارة الاستخبارات في المساحة الواقعة بين الشهيد عراقي ورباني وكلرومفرد وزين الدين",
        "city:ar": "طهران",
        "province:ar": "طهران",
        "description:he": "המשך החלק העליון של המתחם ובתים של משרד המודיעין בשטח שבין שהיד עראקי, רבאני, גולרומפארד וזיין א-דין",
        "city:he": "טהראן",
        "province:he": "טהראן",
        "description:tr": "Şehit Iraki, Rabbani, Golrumfard ve Zeyneddin arasındaki alanda İstihbarat Bakanlığı evlerinin ve alanın üst kısmının devamı.",
        "city:tr": "Tahran",
        "province:tr": "Tahran",
        "description:ckb": "درێژەی بەشی سەرەوەی حەوشە و ماڵەکانی وەزارەتی ئیتلاعات لە ڕووبەری نێوان شەهید عێراقی و ڕەبانی و گلڕۆمفەرد و زەینەدین",
        "city:ckb": "تاران",
        "province:ckb": "تاران",
        "id": "MjoyYzM1ZjliNThjOTA",
        "publicId": "MjoyYzM1ZjliNThjOTA",
        "sourceId": "2c35f9b58c90",
        "layerId": 2,
        "type": "location",
        "status": "active",
        "urgency": null,
        "verificationTag": "verified",
        "expirationDate": null,
        "createdAt": "2026-08-15T21:04:06.087Z",
        "updatedAt": "2026-08-15T21:04:06.087Z"
      }
    },
    {
      "type": "Feature",
      "id": 94462,
      "geometry": {
        "type": "Point",
        "coordinates": [
          48.26242061331868,
          38.224277818448684
        ]
      },
      "properties": {
        "unofficial_name:fa": "",
        "description": "ساختمان وزارت اطلاعات اردبیل",
        "date": 1786831186,
        "city": "اردبیل",
        "province": "استان اردبیل",
        "name:fa": "وزارت اطلاعات اردبیل",
        "name:en": "Ardabil Ministry of Intelligence",
        "description:en": "Ardabil Ministry of Intelligence building",
        "city:en": "Ardabil",
        "province:en": "Ardabil",
        "name:ar": "وزارة المخابرات في أردبيل",
        "description:ar": "مبنى وزارة المخابرات في أردبيل",
        "city:ar": "أردبيل",
        "province:ar": "أردبيل",
        "name:he": "משרד המודיעין של ארדביל",
        "description:he": "בניין משרד המודיעין של ארדביל",
        "city:he": "ארדביל",
        "province:he": "ארדביל",
        "name:tr": "Erdebil İstihbarat Bakanlığı",
        "description:tr": "Erdebil İstihbarat Bakanlığı binası.",
        "city:tr": "Erdebil",
        "province:tr": "Erdebil",
        "name:ckb": "وەزارەتی ئیتلاعاتی ئاردەبیل",
        "description:ckb": "باڵەخانەی وەزارەتی ئیتلاعاتی ئاردەبیل",
        "city:ckb": "ئاردەبیل",
        "province:ckb": "ئەردەبیل",
        "id": "Mjo3N2IzY2E1ZDgxMzg",
        "publicId": "Mjo3N2IzY2E1ZDgxMzg",
        "sourceId": "77b3ca5d8138",
        "layerId": 2,
        "type": "location",
        "status": "active",
        "urgency": null,
        "verificationTag": "not-verified",
        "expirationDate": null,
        "createdAt": "2026-08-16T00:12:05.068Z",
        "updatedAt": "2026-08-16T00:12:05.068Z"
      }
    },
    {
      "type": "Feature",
      "id": 94467,
      "geometry": {
        "type": "Point",
        "coordinates": [
          51.378058176487684,
          35.69646891900409
        ]
      },
      "properties": {
        "unofficial_name:fa": "",
        "description": "طبقات بالا بخشی از اداره اطلاعات و دکلهای آنتن و بی سیم",
        "date": 1786815241,
        "city": "تهران",
        "province": "استان تهران",
        "name:fa": "اداره اطلاعات",
        "name:en": "Intelligence Department",
        "description:en": "The upper floors are part of the Intelligence Department and its antenna and wireless towers.",
        "city:en": "Tehran",
        "province:en": "Tehran",
        "name:ar": "دائرة المخابرات",
        "description:ar": "الطوابق العليا جزء من دائرة المخابرات وأبراج الهوائيات والاتصالات اللاسلكية",
        "city:ar": "طهران",
        "province:ar": "طهران",
        "name:he": "משרד המודיעין",
        "description:he": "הקומות העליונות הן חלק ממשרד המודיעין ותורני האנטנות והאלחוט",
        "city:he": "טהראן",
        "province:he": "טהראן",
        "name:tr": "İstihbarat Dairesi",
        "description:tr": "Üst katlar İstihbarat Dairesi'nin bir parçası ile anten ve telsiz kuleleri.",
        "city:tr": "Tahran",
        "province:tr": "Tahran",
        "name:ckb": "ئیدارەی ئیتلاعات",
        "description:ckb": "نهۆمەکانی سەرەوە بەشێک لە ئیدارەی ئیتلاعات و کۆڵەکەکانی ئەنتێن و بێتەلن",
        "city:ckb": "تاران",
        "province:ckb": "تاران",
        "id": "Mjo3ZjE4ZjAzMWI4MWM",
        "publicId": "Mjo3ZjE4ZjAzMWI4MWM",
        "sourceId": "7f18f031b81c",
        "layerId": 2,
        "type": "location",
        "status": "active",
        "urgency": null,
        "verificationTag": "not-verified",
        "expirationDate": null,
        "createdAt": "2026-08-16T00:16:08.886Z",
        "updatedAt": "2026-08-16T00:16:08.886Z"
      }
    },
    {
      "type": "Feature",
      "id": 94541,
      "geometry": {
        "type": "Point",
        "coordinates": [
          54.34946179313408,
          31.869369390162746
        ]
      },
      "properties": {
        "unofficial_name:fa": "",
        "description": "مرکز وزارت اطلاعات و اطلاعات کشوری زیر استانداری",
        "date": 1787859025,
        "city": "یزد",
        "province": "استان یزد",
        "name:fa": "مرکز وزارت اطلاعات",
        "name:en": "Ministry of Intelligence Center",
        "description:en": "Ministry of Intelligence center and national intelligence under the governorate",
        "city:en": "Yazd",
        "province:en": "Yazd",
        "name:ar": "مركز وزارة الاستخبارات",
        "description:ar": "مركز وزارة الاستخبارات والاستخبارات الوطنية تحت إدارة المحافظة",
        "city:ar": "يزد",
        "province:ar": "يزد",
        "name:he": "מרכז משרד המודיעין",
        "description:he": "מרכז משרד המודיעין והמודיעין הארצי תחת המושלות",
        "city:he": "יזד",
        "province:he": "יזד",
        "name:tr": "İstihbarat Bakanlığı Merkezi",
        "description:tr": "Valilik altındaki İstihbarat Bakanlığı ve Ülke İstihbaratı Merkezi",
        "city:tr": "Yezd",
        "province:tr": "Yezd",
        "name:ckb": "مەڵبەندی وەزارەتی ئیتلاعات",
        "description:ckb": "مەڵبەندی وەزارەتی ئیتلاعات و ئیتلاعاتی وڵاتی لە ژێر پارێزگاری",
        "city:ckb": "یەزد",
        "province:ckb": "یەزد",
        "id": "Mjo3OGNlMzE5MDMxNGY",
        "publicId": "Mjo3OGNlMzE5MDMxNGY",
        "sourceId": "78ce3190314f",
        "layerId": 2,
        "type": "location",
        "status": "active",
        "urgency": null,
        "verificationTag": "not-verified",
        "expirationDate": null,
        "createdAt": "2026-08-27T19:33:28.110Z",
        "updatedAt": "2026-08-27T19:33:38.592Z"
      }
    },
    {
      "type": "Feature",
      "id": 94563,
      "geometry": {
        "type": "Point",
        "coordinates": [
          55.67848898470402,
          29.449061036565695
        ]
      },
      "properties": {
        "unofficial_name:fa": "پلیس اطلاعات سیرجان",
        "description": "",
        "date": 1788235670,
        "city": "سيرجان",
        "province": "استان کرمان",
        "city:en": "Sirjan",
        "province:en": "Kerman",
        "city:ar": "سيرجان",
        "province:ar": "كرمان",
        "city:he": "סירג'אן",
        "province:he": "כרמאן",
        "city:tr": "Sircan",
        "province:tr": "Kirman",
        "city:ckb": "سیرجان",
        "province:ckb": "کرمان",
        "id": "MjoxMTljZWRhMmVmMzU",
        "publicId": "MjoxMTljZWRhMmVmMzU",
        "sourceId": "119ceda2ef35",
        "layerId": 2,
        "type": "location",
        "status": "active",
        "urgency": null,
        "verificationTag": "not-verified",
        "expirationDate": null,
        "createdAt": "2026-09-01T04:11:45.043Z",
        "updatedAt": "2026-09-01T04:11:45.043Z"
      }
    },
    {
      "type": "Feature",
      "id": 94635,
      "geometry": {
        "type": "Point",
        "coordinates": [
          54.32992458343506,
          36.15103732350818
        ]
      },
      "properties": {
        "unofficial_name:fa": "",
        "description": "فرماندهی اطلاعات سپاه و نیروهای بسیج دامغان",
        "date": 1788334171,
        "city": "دامغان",
        "province": "استان سمنان",
        "name:fa": "فرماندهی اطلاعات سپاه دامغان",
        "name:en": "Damghan IRGC Intelligence Command",
        "description:en": "IRGC Intelligence Command and Basij forces of Damghan",
        "city:en": "Damghan",
        "province:en": "Semnan",
        "name:ar": "قيادة استخبارات الحرس الثوري في دامغان",
        "description:ar": "قيادة استخبارات الحرس الثوري وقوات البسيج في دامغان",
        "city:ar": "دامغان",
        "province:ar": "سمنان",
        "name:he": "מפקדת המודיעין של משמרות המהפכה בדאמג'אן",
        "city:he": "דאמג'אן",
        "province:he": "סמנאן",
        "name:tr": "Damğan Devrim Muhafızları İstihbarat Komutanlığı",
        "description:tr": "Damğan Devrim Muhafızları İstihbarat Komutanlığı ve Basij güçleri",
        "city:tr": "Damğan",
        "province:tr": "Simnan",
        "name:ckb": "فەرماندەییی ئیتلاعاتی سوپای دامغان",
        "description:ckb": "فەرماندەییی ئیتلاعاتی سوپا و هێزەکانی بەسیجی دامغان",
        "city:ckb": "دامغان",
        "province:ckb": "سمنان",
        "id": "MjpkZTM5MDczYmJiMTA",
        "publicId": "MjpkZTM5MDczYmJiMTA",
        "sourceId": "de39073bbb10",
        "layerId": 2,
        "type": "location",
        "status": "active",
        "urgency": null,
        "verificationTag": "not-verified",
        "expirationDate": null,
        "createdAt": "2026-09-02T18:15:29.863Z",
        "updatedAt": "2026-09-02T18:15:29.863Z"
      }
    },
    {
      "type": "Feature",
      "id": 94643,
      "geometry": {
        "type": "Point",
        "coordinates": [
          54.33461979031563,
          36.15796754260123
        ]
      },
      "properties": {
        "unofficial_name:fa": "",
        "description": "اداره اطلاعات دامغان",
        "date": 1788361644,
        "city": "دامغان",
        "province": "استان سمنان",
        "name:fa": "اداره اطلاعات دامغان",
        "name:en": "Damghan Intelligence Office",
        "description:en": "Damghan Intelligence Office",
        "city:en": "Damghan",
        "province:en": "Semnan",
        "name:ar": "إدارة المخابرات في دامغان",
        "description:ar": "إدارة المخابرات في دامغان",
        "city:ar": "دامغان",
        "province:ar": "سمنان",
        "name:he": "משרד המודיעין של דאמג'אן",
        "description:he": "משרד המודיעין של דאמג'אן",
        "city:he": "דאמג'אן",
        "province:he": "סמנאן",
        "name:tr": "Damğan İstihbarat İdaresi",
        "description:tr": "Damğan İstihbarat İdaresi",
        "city:tr": "Damğan",
        "province:tr": "Simnan",
        "name:ckb": "ئیدارەی ئیتلاعاتی دامغان",
        "description:ckb": "ئیدارەی ئیتلاعاتی دامغان",
        "city:ckb": "دامغان",
        "province:ckb": "سمنان",
        "id": "MjoxNDk1ODFlNDIxYTA",
        "publicId": "MjoxNDk1ODFlNDIxYTA",
        "sourceId": "149581e421a0",
        "layerId": 2,
        "type": "location",
        "status": "active",
        "urgency": null,
        "verificationTag": "not-verified",
        "expirationDate": null,
        "createdAt": "2026-09-02T18:20:56.722Z",
        "updatedAt": "2026-09-02T18:20:56.722Z"
      }
    },
    {
      "type": "Feature",
      "id": 94661,
      "geometry": {
        "type": "Point",
        "coordinates": [
          48.63697500899434,
          31.29938810244053
        ]
      },
      "properties": {
        "unofficial_name:fa": "",
        "description": "انبار سپاه پاسداران (زیر زمین امتداد تا پایگاه اطلاعات)",
        "date": 1788397155,
        "city": "اهواز",
        "province": "استان خوزستان",
        "description:en": "IRGC warehouse (underground extending to the intelligence base)",
        "city:en": "Ahvaz",
        "province:en": "Khuzestan",
        "description:ar": "مستودع للحرس الثوري (يمتد تحت الأرض حتى قاعدة الاستخبارات)",
        "city:ar": "الأهواز",
        "province:ar": "خوزستان",
        "description:he": "מחסן משמרות המהפכה (מתחת לאדמה, נמשך עד לבסיס המודיעין)",
        "city:he": "אהוואז",
        "province:he": "ח'וזסתאן",
        "description:tr": "Devrim Muhafızları deposu (yer altı istihbarat üssüne kadar uzanmaktadır).",
        "city:tr": "Ahvaz",
        "province:tr": "Huzistan",
        "description:ckb": "کۆگای سوپای پاسداران (ژێر زەوی درێژ دەبێتەوە تا بنکەی ئیتلاعات)",
        "city:ckb": "ئەهواز",
        "province:ckb": "خووزستان",
        "id": "Mjo0YTQzOTdjZDVmYmY",
        "publicId": "Mjo0YTQzOTdjZDVmYmY",
        "sourceId": "4a4397cd5fbf",
        "layerId": 2,
        "type": "location",
        "status": "active",
        "urgency": null,
        "verificationTag": "not-verified",
        "expirationDate": null,
        "createdAt": "2026-09-04T06:07:47.553Z",
        "updatedAt": "2026-09-04T06:07:47.553Z"
      }
    },
    {
      "type": "Feature",
      "id": 94745,
      "geometry": {
        "type": "Point",
        "coordinates": [
          45.068397000432014,
          37.534244451982104
        ]
      },
      "properties": {
        "unofficial_name:fa": "",
        "description": "اطلاعات سپاه",
        "date": 1788850129,
        "city": "ارومیه",
        "province": "استان آذربایجان غربی",
        "name:fa": "اطلاعات سپاه",
        "name:en": "IRGC Intelligence",
        "description:en": "IRGC Intelligence",
        "city:en": "Urmia",
        "province:en": "West Azerbaijan",
        "name:ar": "استخبارات الحرس الثوري",
        "description:ar": "استخبارات الحرس الثوري",
        "city:ar": "أورومية",
        "province:ar": "أذربيجان الغربية",
        "name:he": "מודיעין משמרות המהפכה",
        "city:he": "אורמיה",
        "province:he": "אזרבייג'ן המערבית",
        "name:tr": "Devrim Muhafızları İstihbaratı",
        "description:tr": "Devrim Muhafızları İstihbaratı",
        "city:tr": "Urmiye",
        "province:tr": "Batı Azerbaycan",
        "name:ckb": "ئیتلاعاتی سوپا",
        "description:ckb": "ئیتلاعاتی سوپا",
        "city:ckb": "ورمێ",
        "province:ckb": "ئازەربایجانی ڕۆژاوا",
        "id": "MjozZGY4ODgwNzc0MDU",
        "publicId": "MjozZGY4ODgwNzc0MDU",
        "sourceId": "3df888077405",
        "layerId": 2,
        "type": "location",
        "status": "active",
        "urgency": null,
        "verificationTag": "not-verified",
        "expirationDate": null,
        "createdAt": "2026-09-08T20:00:26.338Z",
        "updatedAt": "2026-09-08T20:00:26.338Z"
      }
    },
    {
      "type": "Feature",
      "id": 94754,
      "geometry": {
        "type": "Point",
        "coordinates": [
          45.06183832883835,
          37.541241300896914
        ]
      },
      "properties": {
        "unofficial_name:fa": "",
        "description": "دفتر اطلاعات ارتش",
        "date": 1788849941,
        "city": "ارومیه",
        "province": "استان آذربایجان غربی",
        "name:fa": "اطلاعات ارتش",
        "name:en": "Army Intelligence",
        "description:en": "Army Intelligence Office",
        "city:en": "Urmia",
        "province:en": "West Azerbaijan",
        "name:ar": "استخبارات الجيش",
        "description:ar": "مكتب استخبارات الجيش",
        "city:ar": "أورمية",
        "province:ar": "أذربيجان الغربية",
        "name:he": "מודיעין הצבא",
        "description:he": "משרד מודיעין הצבא",
        "city:he": "אורמיה",
        "province:he": "אזרבייג'ן המערבית",
        "name:tr": "Ordu İstihbaratı",
        "description:tr": "Ordu İstihbarat Ofisi",
        "city:tr": "Urmiye",
        "province:tr": "Batı Azerbaycan",
        "name:ckb": "ئیتلاعاتی ئەرتەش",
        "description:ckb": "نووسینگەی ئیتلاعاتی ئەرتەش",
        "city:ckb": "ورمێ",
        "province:ckb": "ئازەربایجانی ڕۆژاوا",
        "id": "MjozYTllOTIzMWRlZGM",
        "publicId": "MjozYTllOTIzMWRlZGM",
        "sourceId": "3a9e9231dedc",
        "layerId": 2,
        "type": "location",
        "status": "active",
        "urgency": null,
        "verificationTag": "not-verified",
        "expirationDate": null,
        "createdAt": "2026-09-08T20:06:31.971Z",
        "updatedAt": "2026-09-08T20:06:31.971Z"
      }
    },
    {
      "type": "Feature",
      "id": 94826,
      "geometry": {
        "type": "Point",
        "coordinates": [
          48.34703193110383,
          33.51065915736753
        ]
      },
      "properties": {
        "unofficial_name:fa": "",
        "description": "استقرار نیروهای سپاه و اطلاعات در دو طبقه از واحدهای دانشگاه جهاد به همراه تجهیزات کامل نظارتی و الکترونیکی.",
        "date": 1789460637,
        "city": "خرم آباد",
        "province": "استان لرستان",
        "description:en": "Deployment of IRGC and intelligence forces on two floors of Jahad University units, along with full surveillance and electronic equipment.",
        "city:en": "Khorramabad",
        "province:en": "Lorestan",
        "description:ar": "تمركُز قوات الحرس الثوري والاستخبارات في طابقين من وحدات جامعة جهاد، مع تجهيزات مراقبة وإلكترونيات كاملة.",
        "city:ar": "خرم آباد",
        "province:ar": "لرستان",
        "city:he": "ח'ורמאבאד",
        "province:he": "לורסתאן",
        "description:tr": "Cihad Üniversitesi birimlerinin iki katına, tam gözetim ve elektronik ekipmanlarıyla birlikte Devrim Muhafızları ve istihbarat güçlerinin konuşlandırılması.",
        "city:tr": "Hürremabad",
        "province:tr": "Luristan",
        "description:ckb": "جێگیربوونی هێزەکانی سوپا و ئیتلاعات لە دوو نهۆمی یەکەکانى زانکۆی جیهاد بەپێداویستییە تەواوەکانی چاودێری و ئەلیکترۆنییەوە.",
        "city:ckb": "خورەمئاوا",
        "province:ckb": "لوڕستان",
        "id": "MjozNTMxYzYzZWQyYjk",
        "publicId": "MjozNTMxYzYzZWQyYjk",
        "sourceId": "3531c63ed2b9",
        "layerId": 2,
        "type": "location",
        "status": "active",
        "urgency": null,
        "verificationTag": "not-verified",
        "expirationDate": null,
        "createdAt": "2026-09-15T09:03:48.864Z",
        "updatedAt": "2026-09-15T09:04:03.647Z"
      }
    },
    {
      "type": "Feature",
      "id": 94840,
      "geometry": {
        "type": "Point",
        "coordinates": [
          54.329976215958595,
          36.15190173934495
        ]
      },
      "properties": {
        "unofficial_name:fa": "",
        "description": "اداره بازجویی اطلاعات سپاه دامغان",
        "date": 1789466972,
        "city": "دامغان",
        "province": "استان سمنان",
        "name:fa": "اداره اطلاعات سپاه دامغان",
        "name:en": "Damghan IRGC Intelligence Office",
        "description:en": "IRGC Intelligence Interrogation Office of Damghan",
        "city:en": "Damghan",
        "province:en": "Semnan",
        "name:ar": "إدارة استخبارات الحرس الثوري في دامغان",
        "description:ar": "دائرة التحقيق باستخبارات الحرس الثوري في دامغان",
        "city:ar": "دامغان",
        "province:ar": "سمنان",
        "name:he": "משרד המודיעין של משמרות המהפכה בדאמג'אן",
        "description:he": "מחלקת החקירות של מודיעין משמרות המהפכה בדאמג'אן",
        "city:he": "דאמג'אן",
        "province:he": "סמנאן",
        "name:tr": "Damgan Devrim Muhafızları İstihbarat Dairesi",
        "description:tr": "Damgan Devrim Muhafızları İstihbarat Sorgu Dairesi",
        "city:tr": "Damgan",
        "province:tr": "Simnan",
        "name:ckb": "ئیدارەی ئیتلاعاتی سوپای دامغان",
        "description:ckb": "ئیدارەی بازپرسیی ئیتلاعاتی سوپای دامغان",
        "city:ckb": "دامغان",
        "province:ckb": "سمنان",
        "id": "MjowZTE5ZDFmNmE5OWI",
        "publicId": "MjowZTE5ZDFmNmE5OWI",
        "sourceId": "0e19d1f6a99b",
        "layerId": 2,
        "type": "location",
        "status": "active",
        "urgency": null,
        "verificationTag": "not-verified",
        "expirationDate": null,
        "createdAt": "2026-09-15T19:05:34.912Z",
        "updatedAt": "2026-09-15T19:05:34.912Z"
      }
    },
    {
      "type": "Feature",
      "id": 95033,
      "geometry": {
        "type": "Polygon",
        "coordinates": [
          [
            [
              48.37284609644837,
              34.182241928237985
            ],
            [
              48.37412827867985,
              34.182582063538646
            ],
            [
              48.37432191537408,
              34.18223165544374
            ],
            [
              48.37427955734756,
              34.18215656780592
            ],
            [
              48.37306731095623,
              34.18183619313183
            ],
            [
              48.37284609644837,
              34.182241928237985
            ]
          ]
        ]
      },
      "properties": {
        "unofficial_name:fa": "",
        "description": "اداره کل اطلاعات نهاوند",
        "date": "",
        "city": "نهاوند",
        "province": "استان همدان",
        "description:en": "General Intelligence Department of Nahavand",
        "city:en": "Nahavand",
        "province:en": "Hamadan",
        "description:ar": "الإدارة العامة للاستخبارات في نهاوند",
        "city:ar": "نهاوند",
        "province:ar": "همدان",
        "description:he": "מנהלת המודיעין הכללית של נהאוונד",
        "city:he": "נהאוונד",
        "province:he": "המדאן",
        "description:tr": "Nihavend İstihbarat Genel Müdürlüğü",
        "city:tr": "Nihavend",
        "province:tr": "Hemedan",
        "description:ckb": "بەڕێوەبەرایەتیی گشتیی ئیتلاعاتی نەهاوەند",
        "city:ckb": "نەهاوەند",
        "province:ckb": "ھەمەدان",
        "id": "MjpmYTI5MjkxYzM1M2Y",
        "publicId": "MjpmYTI5MjkxYzM1M2Y",
        "sourceId": "fa29291c353f",
        "layerId": 2,
        "type": "location",
        "status": "active",
        "urgency": null,
        "verificationTag": null,
        "expirationDate": null,
        "createdAt": "2026-09-24T12:13:27.683Z",
        "updatedAt": "2026-09-24T12:13:27.683Z"
      }
    },
    {
      "type": "Feature",
      "id": 95189,
      "geometry": {
        "type": "Polygon",
        "coordinates": [
          [
            [
              61.49755988007183,
              31.035434878731806
            ],
            [
              61.498129673777925,
              31.03566625557204
            ],
            [
              61.49791729563796,
              31.036220862560853
            ],
            [
              61.49784545208499,
              31.036284543790288
            ],
            [
              61.49776122170988,
              31.036297280031476
            ],
            [
              61.49768937815685,
              31.036263316719015
            ],
            [
              61.497572942051534,
              31.036443746678216
            ],
            [
              61.49703039934781,
              31.03619751276588
            ],
            [
              61.49755988007183,
              31.035434878731806
            ]
          ]
        ]
      },
      "properties": {
        "unofficial_name:fa": "اطلاعات سپاه زابل",
        "description": "",
        "date": "",
        "city": "زابل",
        "province": "استان سیستان و بلوچستان",
        "city:en": "Zabol",
        "province:en": "Sistan and Baluchestan",
        "city:ar": "زابل",
        "province:ar": "سيستان وبلوشستان",
        "city:he": "זאבול",
        "province:he": "סיסתאן ובלוצ'יסתאן",
        "city:tr": "Zabol",
        "province:tr": "Sistan ve Belucistan",
        "city:ckb": "زابل",
        "province:ckb": "سیستان و بەلووچستان",
        "id": "MjpjMDMxZjcxMDk2MTg",
        "publicId": "MjpjMDMxZjcxMDk2MTg",
        "sourceId": "c031f7109618",
        "layerId": 2,
        "type": "location",
        "status": "active",
        "urgency": null,
        "verificationTag": null,
        "expirationDate": null,
        "createdAt": "2026-10-03T10:34:22.397Z",
        "updatedAt": "2026-10-03T10:34:22.397Z"
      }
    },
    {
      "type": "Feature",
      "id": 95191,
      "geometry": {
        "type": "Polygon",
        "coordinates": [
          [
            [
              61.50838552947849,
              31.039418143218924
            ],
            [
              61.50952118489619,
              31.03994389945275
            ],
            [
              61.50990355275027,
              31.039312206909813
            ],
            [
              61.50876560770246,
              31.038796256163394
            ],
            [
              61.50838552947849,
              31.039418143218924
            ]
          ]
        ]
      },
      "properties": {
        "unofficial_name:fa": "اطلاعات زابل",
        "description": "",
        "date": "",
        "city": "زابل",
        "province": "استان سیستان و بلوچستان",
        "city:en": "Zabol",
        "province:en": "Sistan and Baluchestan",
        "city:ar": "زابل",
        "province:ar": "سيستان وبلوشستان",
        "city:he": "זאבול",
        "province:he": "סיסתאן ובלוצ'יסתאן",
        "city:tr": "Zabol",
        "province:tr": "Sistan ve Belucistan",
        "city:ckb": "زابل",
        "province:ckb": "سیستان و بەلووچستان",
        "id": "Mjo2YWIwODIxMTM3MWM",
        "publicId": "Mjo2YWIwODIxMTM3MWM",
        "sourceId": "6ab08211371c",
        "layerId": 2,
        "type": "location",
        "status": "active",
        "urgency": null,
        "verificationTag": null,
        "expirationDate": null,
        "createdAt": "2026-10-03T10:36:10.298Z",
        "updatedAt": "2026-10-03T10:36:10.298Z"
      }
    },
    {
      "type": "Feature",
      "id": 95240,
      "geometry": {
        "type": "Polygon",
        "coordinates": [
          [
            [
              45.05246627467082,
              37.52900576890181
            ],
            [
              45.053668664460616,
              37.530159263318836
            ],
            [
              45.05402552195795,
              37.530668661021934
            ],
            [
              45.05413257920256,
              37.53060057351212
            ],
            [
              45.054670359918134,
              37.53105297994563
            ],
            [
              45.05467800686492,
              37.53112372898694
            ],
            [
              45.05517015155988,
              37.53158479561439
            ],
            [
              45.05533328641553,
              37.531685864932186
            ],
            [
              45.056072491230736,
              37.53110370378867
            ],
            [
              45.055264463906525,
              37.530573403282915
            ],
            [
              45.054211734291925,
              37.52984973316207
            ],
            [
              45.05297189853374,
              37.529000512406114
            ],
            [
              45.0528648412847,
              37.52898434074224
            ],
            [
              45.05266092271475,
              37.52884283853396
            ],
            [
              45.05246627467082,
              37.52900576890181
            ]
          ]
        ]
      },
      "properties": {
        "unofficial_name:fa": "",
        "description": "خانه سازمانی اطلاعات ارومیه",
        "date": "",
        "city": "ارومیه",
        "province": "استان آذربایجان غربی",
        "description:en": "Ministry of Intelligence organizational housing in Urmia",
        "city:en": "Urmia",
        "province:en": "West Azerbaijan",
        "city:ar": "أورومية",
        "province:ar": "أذربيجان الغربية",
        "city:he": "אורמיה",
        "province:he": "אזרבייג'ן המערבית",
        "description:tr": "Urmiye İstihbarat lojmanları",
        "city:tr": "Urmiye",
        "province:tr": "Batı Azerbaycan",
        "description:ckb": "خانووی ڕێکخراوەییی ئیتلاعاتی ورمێ",
        "city:ckb": "ورمێ",
        "province:ckb": "ئازەربایجانی ڕۆژاوا",
        "id": "MjoyOGI1NzA1ZmQzMTE",
        "publicId": "MjoyOGI1NzA1ZmQzMTE",
        "sourceId": "28b5705fd311",
        "layerId": 2,
        "type": "location",
        "status": "active",
        "urgency": null,
        "verificationTag": null,
        "expirationDate": null,
        "createdAt": "2026-10-05T09:44:06.923Z",
        "updatedAt": "2026-10-05T09:44:32.760Z"
      }
    },
    {
      "type": "Feature",
      "id": 95241,
      "geometry": {
        "type": "Polygon",
        "coordinates": [
          [
            [
              45.05314531352175,
              37.532115861415576
            ],
            [
              45.05331969305698,
              37.532269177301615
            ],
            [
              45.054946562385794,
              37.53261211645004
            ],
            [
              45.05578055146893,
              37.53204695304558
            ],
            [
              45.055132314499104,
              37.53160804659632
            ],
            [
              45.05465087534796,
              37.53113306273666
            ],
            [
              45.05314531352175,
              37.532115861415576
            ]
          ]
        ]
      },
      "properties": {
        "unofficial_name:fa": "",
        "description": "خانه سازمانی اطلاعات",
        "date": "",
        "city": "ارومیه",
        "province": "استان آذربایجان غربی",
        "description:en": "Intelligence Department organizational housing",
        "city:en": "Urmia",
        "province:en": "West Azerbaijan",
        "description:ar": "سكن إداري تابع للاستخبارات",
        "city:ar": "أورومية",
        "province:ar": "أذربيجان الغربية",
        "description:he": "שיכון עובדי המודיעין",
        "city:he": "אורמיה",
        "province:he": "אזרבייג'ן המערבית",
        "description:tr": "İstihbarat lojmanları",
        "city:tr": "Urmiye",
        "province:tr": "Batı Azerbaycan",
        "description:ckb": "خانووی ڕێکخراوەییی ئیتلاعات",
        "city:ckb": "ورمێ",
        "province:ckb": "ئازەربایجانی ڕۆژاوا",
        "id": "Mjo1YWIzOGU1MzYyOGU",
        "publicId": "Mjo1YWIzOGU1MzYyOGU",
        "sourceId": "5ab38e53628e",
        "layerId": 2,
        "type": "location",
        "status": "active",
        "urgency": null,
        "verificationTag": null,
        "expirationDate": null,
        "createdAt": "2026-10-05T09:45:44.576Z",
        "updatedAt": "2026-10-05T09:45:44.576Z"
      }
    },
    {
      "type": "Feature",
      "id": 95242,
      "geometry": {
        "type": "Polygon",
        "coordinates": [
          [
            [
              45.714166372597106,
              36.76363670523358
            ],
            [
              45.71439910846357,
              36.7636482550687
            ],
            [
              45.71440528729252,
              36.7637208539939
            ],
            [
              45.71488517629362,
              36.763719204019154
            ],
            [
              45.714808970743945,
              36.76287111226682
            ],
            [
              45.7141416572839,
              36.76301301154051
            ],
            [
              45.71410372233083,
              36.76310068252715
            ],
            [
              45.714166372597106,
              36.76363670523358
            ]
          ]
        ]
      },
      "properties": {
        "unofficial_name:fa": "وزارت اطلاعات کشوری مهاباد\n",
        "description": "",
        "date": "",
        "city": "مهاباد",
        "province": "استان آذربایجان غربی",
        "city:en": "Mahabad",
        "province:en": "West Azerbaijan",
        "city:ar": "مهاباد",
        "province:ar": "أذربيجان الغربية",
        "city:he": "מהאבאד",
        "province:he": "אזרבייג'ן המערבית",
        "city:tr": "Mahabad",
        "province:tr": "Batı Azerbaycan",
        "city:ckb": "مەهاباد",
        "province:ckb": "ئازەربایجانی ڕۆژاوا",
        "id": "Mjo1ZjJhZGI2NTE5NmM",
        "publicId": "Mjo1ZjJhZGI2NTE5NmM",
        "sourceId": "5f2adb65196c",
        "layerId": 2,
        "type": "location",
        "status": "active",
        "urgency": null,
        "verificationTag": null,
        "expirationDate": null,
        "createdAt": "2026-10-05T09:47:11.589Z",
        "updatedAt": "2026-10-05T09:47:11.589Z"
      }
    },
    {
      "type": "Feature",
      "id": 95831,
      "geometry": {
        "type": "Point",
        "coordinates": [
          53.63262450322509,
          28.951700527002174
        ]
      },
      "properties": {
        "unofficial_name:fa": "",
        "description": "خانه‌های سازمانی حفاظت‌شده با نظارت زیاد، سیم خاردار و پنجره‌های تقویت‌شده در کنار پایگاه بسیج امام محمد باقر و در نزدیکی ساختمان رسمی اطلاعات فسا.",
        "date": 1791382228,
        "city": "فسا",
        "province": "استان فارس",
        "name:fa": "ساختمان اطلاعات و خانه‌های سازمانی فسا",
        "name:en": "Fasa Intelligence Building and Organizational Housing",
        "description:en": "Protected organizational housing under high surveillance, featuring barbed wire and reinforced windows, located next to the Imam Mohammad Baqir Basij Base and near the official Fasa Intelligence Building.",
        "city:en": "Fasa",
        "province:en": "Fars",
        "name:ar": "مبنى الاستخبارات والمساكن الحكومية في فسا",
        "description:ar": "مساكن حكومية محمية بإشراف مكثف، وأسلاك شائكة ونوافذ مقواة بجوار قاعدة بسيج الإمام محمد الباقر وبالقرب من المبنى الرسمي لاستخبارات فسا.",
        "city:ar": "فسا",
        "province:ar": "فارس",
        "name:he": "בניין המודיעין ומגורי אנשי קבע בפסא",
        "description:he": "מגורים מאובטחים לאנשי קבע עם פיקוח הדוק, גדר תיל וחלונות מחוזקים לצד בסיס הבאסיג' אימאם מוחמד באקר ובסמוך לבניין המודיעין הרשמי של פסא.",
        "city:he": "פסא",
        "province:he": "פארס",
        "name:tr": "Fasa İstihbarat Binası ve Lojmanları",
        "description:tr": "Fasa resmi İstihbarat Binası'nın yakınında ve İmam Muhammed Bakır Besiç Üssü'nün yanında yüksek gözetimli, dikenli telli ve güçlendirilmiş pencereli korumalı lojmanlar.",
        "city:tr": "Fasa",
        "province:tr": "Fars",
        "name:ckb": "بینای ئیتلاعات و ماڵە ڕێکخراوەیییەکانی فەسا",
        "description:ckb": "ماڵە ڕێکخراوەیییە پارێزراوەکان بە چاودێرییەکی زۆرەوە، تێلی دڕکدار و پەنجەرەی بەهێزکراو لە تەنیشت بنکەی بەسیجی ئیمام محەممەد باقر و لە نزیک بینای فەرمیی ئیتلاعاتی فەسا.",
        "city:ckb": "فەسا",
        "province:ckb": "فارس",
        "id": "MjoyMzBiNDJmOGI2ZGY",
        "publicId": "MjoyMzBiNDJmOGI2ZGY",
        "sourceId": "230b42f8b6df",
        "layerId": 2,
        "type": "location",
        "status": "active",
        "urgency": null,
        "verificationTag": "not-verified",
        "expirationDate": null,
        "createdAt": "2026-10-07T21:01:33.398Z",
        "updatedAt": "2026-10-07T21:01:33.398Z"
      }
    },
    {
      "type": "Feature",
      "id": 95877,
      "geometry": {
        "type": "Polygon",
        "coordinates": [
          [
            [
              50.620223458215406,
              35.99475145055037
            ],
            [
              50.62039112376635,
              35.99495804876591
            ],
            [
              50.620779094051755,
              35.99474829637467
            ],
            [
              50.62104618917343,
              35.99509998615743
            ],
            [
              50.62140881466766,
              35.994920198751345
            ],
            [
              50.62097015479554,
              35.994333521208134
            ],
            [
              50.62060609318817,
              35.994523775469716
            ],
            [
              50.620625480662596,
              35.994553399166804
            ],
            [
              50.620223458215406,
              35.99475145055037
            ]
          ]
        ]
      },
      "properties": {
        "unofficial_name:fa": "",
        "description": "مرکز اطلاعات سپاه پاسداران نظرآباد با دیوار های سیم خار دار و دور تا دور این مکان دوربین مداربسته گرفته شده است.",
        "date": "",
        "city": "نظر آباد",
        "province": "استان البرز",
        "description:en": "The Nazarabad Islamic Revolutionary Guard Corps Intelligence Center is surrounded by barbed wire walls and CCTV cameras installed all around the location.",
        "city:en": "Nazarabad",
        "province:en": "Alborz",
        "description:ar": "مركز استخبارات الحرس الثوري في نظر أباد محاط بأسوار من الأسلاك الشائكة، وتغطي كاميرات المراقبة هذا المكان بالكامل.",
        "city:ar": "نظر أباد",
        "province:ar": "ألبرز",
        "description:he": "מרכז המודיעין של משמרות המהפכה בנזראבאד מוקף בחומות תיל דוקרני, וסביב כל המקום הותקנו מצלמות במעגל סגור.",
        "city:he": "נזראבאד",
        "province:he": "אלבורז",
        "description:tr": "Nazarabad Devrim Muhafızları İstihbarat Merkezi, dikenli telli duvarlarla çevrilidir ve bu alanın etrafı güvenlik kameralarıyla donatılmıştır.",
        "city:tr": "Nazarabad",
        "province:tr": "Elburz",
        "description:ckb": "ناوەندی زانیاریی سوپای پاسدارانی نەزەرئاباد بە دیواری تەلی دڕکاوییەوە و لە تەواوی دەوروبەری ئەم شوێنە کامێرای چاودێری دانراوە.",
        "city:ckb": "نەزەرئاباد",
        "province:ckb": "ئەلبورز",
        "id": "Mjo0OWI1YzIzZjQ5ODk",
        "publicId": "Mjo0OWI1YzIzZjQ5ODk",
        "sourceId": "49b5c23f4989",
        "layerId": 2,
        "type": "location",
        "status": "active",
        "urgency": null,
        "verificationTag": null,
        "expirationDate": null,
        "createdAt": "2026-10-09T10:55:13.955Z",
        "updatedAt": "2026-10-09T10:55:13.955Z"
      }
    },
    {
      "type": "Feature",
      "id": 95884,
      "geometry": {
        "type": "Polygon",
        "coordinates": [
          [
            [
              49.337430138285555,
              37.29507879470451
            ],
            [
              49.33788644588196,
              37.29560513549791
            ],
            [
              49.33873795180517,
              37.29539575361315
            ],
            [
              49.338801247918866,
              37.295336150165696
            ],
            [
              49.33813465158357,
              37.29486911379965
            ],
            [
              49.33808226859307,
              37.29487142851205
            ],
            [
              49.33799932885853,
              37.29481356068423
            ],
            [
              49.33800587673289,
              37.294781154682155
            ],
            [
              49.33794185307812,
              37.29472849489758
            ],
            [
              49.337430138285555,
              37.29507879470451
            ]
          ]
        ]
      },
      "properties": {
        "unofficial_name:fa": "اطلاعات مرکزی صومعه سرا",
        "description": "",
        "date": "",
        "city": "فشخام",
        "province": "استان گیلان",
        "city:en": "Fashkham",
        "province:en": "Gilan",
        "city:ar": "فشخام",
        "province:ar": "جيلان",
        "city:he": "פשח'אם",
        "province:he": "גילאן",
        "city:tr": "Faşkam",
        "province:tr": "Gilan",
        "city:ckb": "فەشخام",
        "province:ckb": "گیلان",
        "id": "MjpkYzY1NDZmOWZkYTk",
        "publicId": "MjpkYzY1NDZmOWZkYTk",
        "sourceId": "dc6546f9fda9",
        "layerId": 2,
        "type": "location",
        "status": "active",
        "urgency": null,
        "verificationTag": "not-verified",
        "expirationDate": null,
        "createdAt": "2026-10-09T11:09:06.456Z",
        "updatedAt": "2026-10-09T11:09:19.323Z"
      }
    }
  ],
  "metadata": {
    "total": 365,
    "layerId": 2,
    "clustered": false,
    "simplified": false
  }
}