{
  "type": "FeatureCollection",
  "features": [
    {
      "type": "Feature",
      "id": 320,
      "geometry": {
        "type": "Point",
        "coordinates": [
          48.2712,
          30.3441
        ]
      },
      "properties": {
        "id": "MTY6MTAxODA",
        "city": "آبادان",
        "count": 2,
        "people": [
          {
            "date": "1767889800",
            "image": "photos/photo_383@20-01-2026_19-37-48.jpg",
            "rtn_id": "388",
            "name:fa": "سعید تروند",
            "sources": "https://t.me/RememberTheirNames/423"
          },
          {
            "date": "1768235400",
            "image": "photos/photo_606@22-01-2026_15-36-40.jpg",
            "rtn_id": "612",
            "name:fa": "جعفر پارسا برومند",
            "sources": "https://t.me/RememberTheirNames/656"
          }
        ],
        "province": "استان خوزستان",
        "publicId": "MTY6MTAxODA",
        "sourceId": "10180",
        "layerId": 16,
        "type": "location",
        "status": "active",
        "urgency": null,
        "verificationTag": null,
        "expirationDate": null,
        "createdAt": "2026-03-11T20:43:09.887Z",
        "updatedAt": "2026-04-03T22:10:54.585Z"
      }
    },
    {
      "type": "Feature",
      "id": 321,
      "geometry": {
        "type": "Point",
        "coordinates": [
          52.6506,
          31.1608
        ]
      },
      "properties": {
        "id": "MTY6MTAxODE",
        "city": "آباده",
        "count": 1,
        "people": [
          {
            "date": "1767889800",
            "image": "photos/photo_1095@25-01-2026_03-35-53.jpg",
            "rtn_id": "1105",
            "name:fa": "حسین حسینی",
            "sources": "https://t.me/RememberTheirNames/1167"
          }
        ],
        "province": "استان فارس",
        "publicId": "MTY6MTAxODE",
        "sourceId": "10181",
        "layerId": 16,
        "type": "location",
        "status": "active",
        "urgency": null,
        "verificationTag": null,
        "expirationDate": null,
        "createdAt": "2026-03-11T20:43:09.887Z",
        "updatedAt": "2026-04-03T22:10:54.597Z"
      }
    },
    {
      "type": "Feature",
      "id": 322,
      "geometry": {
        "type": "Point",
        "coordinates": [
          55.178833,
          37.077534
        ]
      },
      "properties": {
        "id": "MTY6MTAxODI",
        "city": "آزادشهر گلستان",
        "count": 9,
        "people": [
          {
            "date": "1767889845-1768161645",
            "image": "photos/photo_1949@02-02-2026_06-17-34.jpg",
            "rtn_id": "1963",
            "name:fa": "یاسمین صحنه",
            "sources": "https://t.me/RememberTheirNames/2069"
          },
          {
            "date": "1767889800",
            "image": "photos/photo_1256@26-01-2026_16-35-43.jpg",
            "rtn_id": "1268",
            "name:fa": "علیرضا قلعه‌قافی",
            "sources": "https://t.me/RememberTheirNames/1335"
          },
          {
            "date": "1767889800",
            "image": "photos/photo_1289@26-01-2026_19-33-45.jpg",
            "rtn_id": "1301",
            "name:fa": "فهیمه نجار عجم",
            "sources": "https://t.me/RememberTheirNames/1369"
          },
          {
            "date": "1767889800",
            "image": "photos/photo_1359@27-01-2026_13-33-09.jpg",
            "rtn_id": "1371",
            "name:fa": "امیرحسین دونلو ۱۵ ساله",
            "sources": "https://t.me/RememberTheirNames/1441"
          },
          {
            "date": "1767889845-1768161645",
            "image": "photos/photo_2412@08-02-2026_07-45-18.jpg",
            "rtn_id": "2427",
            "name:fa": "مصطفی کوهساری",
            "sources": "https://t.me/RememberTheirNames/2553"
          },
          {
            "date": "1767889845-1768161645",
            "image": "photos/photo_2522@09-02-2026_13-33-06.jpg",
            "rtn_id": "2537",
            "name:fa": "محمد بهرامی",
            "sources": "https://t.me/RememberTheirNames/2668"
          },
          {
            "date": "1767976200",
            "image": "photos/photo_2499@09-02-2026_07-42-48.jpg",
            "rtn_id": "2514",
            "name:fa": "محمدمهدی ارزاق طلب",
            "sources": "https://t.me/RememberTheirNames/2645"
          },
          {
            "date": "1767889800",
            "image": "photos/photo_2555@10-02-2026_05-28-14.jpg",
            "rtn_id": "2570",
            "name:fa": "محمدامین مجیدی",
            "sources": "https://t.me/RememberTheirNames/2712"
          },
          {
            "date": "1767889845-1768161645",
            "image": "photos/photo_2904@21-02-2026_05-02-30.jpg",
            "rtn_id": "2916",
            "name:fa": "محمدرضا سنچولی",
            "sources": "https://t.me/RememberTheirNames/3086"
          }
        ],
        "province": "استان گلستان",
        "publicId": "MTY6MTAxODI",
        "sourceId": "10182",
        "layerId": 16,
        "type": "location",
        "status": "active",
        "urgency": null,
        "verificationTag": null,
        "expirationDate": null,
        "createdAt": "2026-03-11T20:43:09.888Z",
        "updatedAt": "2026-04-03T22:10:54.599Z"
      }
    },
    {
      "type": "Feature",
      "id": 323,
      "geometry": {
        "type": "Point",
        "coordinates": [
          49.95061541783312,
          37.263719583693614
        ]
      },
      "properties": {
        "id": "MTY6MTAxODM",
        "city": "آستانه اشرفیه",
        "count": 10,
        "people": [
          {
            "date": "1767889800",
            "image": "photos/photo_139@19-01-2026_01-12-02.jpg",
            "rtn_id": "140",
            "name:fa": "بهزاد شفیعی",
            "sources": "https://t.me/RememberTheirNames/173"
          },
          {
            "date": "1767889800",
            "image": "photos/photo_158@19-01-2026_12-00-42.jpg",
            "rtn_id": "159",
            "name:fa": "پارسا ابیضی",
            "sources": "https://t.me/RememberTheirNames/192"
          },
          {
            "date": "1767976200",
            "image": "photos/photo_250@19-01-2026_22-11-11.jpg",
            "rtn_id": "255",
            "name:fa": "شاهین آذرآتش",
            "sources": "https://t.me/RememberTheirNames/287"
          },
          {
            "date": "1767889800",
            "image": "photos/photo_833@23-01-2026_19-07-48.jpg",
            "rtn_id": "840",
            "name:fa": "محمدجواد (مهدی) پورکریم",
            "sources": "https://t.me/RememberTheirNames/892"
          },
          {
            "date": "1769099400",
            "image": "photos/photo_858@23-01-2026_21-38-03.jpg",
            "rtn_id": "865",
            "name:fa": "یعقوب دلیر",
            "sources": "https://t.me/RememberTheirNames/917"
          },
          {
            "date": "1767889845-1768161645",
            "image": "photos/photo_708@23-01-2026_01-47-20.jpg",
            "rtn_id": "714",
            "name:fa": "ساجده کریمی",
            "sources": "https://t.me/RememberTheirNames/764"
          },
          {
            "date": "1767889845-1768161645",
            "image": "photos/photo_875@23-01-2026_22-34-08.jpg",
            "rtn_id": "883",
            "name:fa": "مهرداد اسماعیل‌پور",
            "sources": "https://t.me/RememberTheirNames/935"
          },
          {
            "date": "1767889845-1768161645",
            "image": "photos/photo_876@23-01-2026_22-35-19.jpg",
            "rtn_id": "884",
            "name:fa": "سهیل قوتی",
            "sources": "https://t.me/RememberTheirNames/936"
          },
          {
            "date": "1767889800",
            "image": "photos/photo_1782@31-01-2026_15-33-35.jpg",
            "rtn_id": "1793",
            "name:fa": "علیرضا اخلاقی آستانه",
            "sources": "https://t.me/RememberTheirNames/1891"
          },
          {
            "date": "1767889800",
            "image": "photos/photo_1814@31-01-2026_13-57-39.jpg",
            "rtn_id": "1825",
            "name:fa": "نیوشا حمیدی",
            "sources": "https://t.me/RememberTheirNames/1926"
          }
        ],
        "province": "استان گیلان",
        "publicId": "MTY6MTAxODM",
        "sourceId": "10183",
        "layerId": 16,
        "type": "location",
        "status": "active",
        "urgency": null,
        "verificationTag": null,
        "expirationDate": null,
        "createdAt": "2026-03-11T20:43:09.889Z",
        "updatedAt": "2026-04-03T22:10:54.600Z"
      }
    },
    {
      "type": "Feature",
      "id": 324,
      "geometry": {
        "type": "Point",
        "coordinates": [
          52.3504,
          36.4697
        ]
      },
      "properties": {
        "id": "MTY6MTAxODQ",
        "city": "آمل",
        "count": 2,
        "people": [
          {
            "date": "1767889845-1768161645",
            "image": "photos/photo_1177@25-01-2026_21-42-48.jpg",
            "rtn_id": "1187",
            "name:fa": "ایلیا عباسی",
            "sources": "https://t.me/RememberTheirNames/1253"
          },
          {
            "date": "1767976200",
            "image": "photos/photo_1613@29-01-2026_17-54-52.jpg",
            "rtn_id": "1624",
            "name:fa": "مجید اصغرنژاد",
            "sources": "https://t.me/RememberTheirNames/1710"
          }
        ],
        "province": "استان مازندران",
        "publicId": "MTY6MTAxODQ",
        "sourceId": "10184",
        "layerId": 16,
        "type": "location",
        "status": "active",
        "urgency": null,
        "verificationTag": null,
        "expirationDate": null,
        "createdAt": "2026-03-11T20:43:09.890Z",
        "updatedAt": "2026-04-03T22:10:54.601Z"
      }
    },
    {
      "type": "Feature",
      "id": 325,
      "geometry": {
        "type": "Point",
        "coordinates": [
          49.7214,
          34.0561
        ]
      },
      "properties": {
        "id": "MTY6MTAxODU",
        "city": "اراک",
        "count": 48,
        "people": [
          {
            "date": "1767889800",
            "image": "photos/photo_185@19-01-2026_14-05-33.jpg",
            "rtn_id": "186",
            "name:fa": "ارمیا فضلی",
            "sources": "https://t.me/RememberTheirNames/219"
          },
          {
            "date": "1767976200",
            "image": "photos/photo_219@19-01-2026_18-58-02.jpg",
            "rtn_id": "222",
            "name:fa": "بابک جمالی",
            "sources": "https://t.me/RememberTheirNames/254"
          },
          {
            "date": "1767889845-1768161645",
            "image": "photos/photo_256@19-01-2026_22-26-58.jpg",
            "rtn_id": "261",
            "name:fa": "میثم صابری کرهرودی",
            "sources": "https://t.me/RememberTheirNames/293"
          },
          {
            "date": "1767889845-1768161645",
            "image": "photos/photo_257@19-01-2026_22-27-50.jpg",
            "rtn_id": "262",
            "name:fa": "اسماعیل گنج‌گلی",
            "sources": "https://t.me/RememberTheirNames/294"
          },
          {
            "date": "1767889845-1768161645",
            "image": "photos/photo_258@19-01-2026_22-29-01.jpg",
            "rtn_id": "263",
            "name:fa": "فرزانه توکلی",
            "sources": "https://t.me/RememberTheirNames/295"
          },
          {
            "date": "1767889845-1768161645",
            "image": "photos/photo_259@19-01-2026_22-30-59.jpg",
            "rtn_id": "264",
            "name:fa": "آرمان حاجی‌یوسفی",
            "sources": "https://t.me/RememberTheirNames/297"
          },
          {
            "date": "1767889800",
            "image": "photos/photo_373@20-01-2026_17-02-20.jpg",
            "rtn_id": "378",
            "name:fa": "علی نوری",
            "sources": "https://t.me/RememberTheirNames/413"
          },
          {
            "date": "1767889800",
            "image": "photos/photo_419@21-01-2026_01-21-46.jpg",
            "rtn_id": "424",
            "name:fa": "امیرحسین رازگردانی",
            "sources": "https://t.me/RememberTheirNames/459"
          },
          {
            "date": "1767889800",
            "image": "photos/photo_445@21-01-2026_13-10-24.jpg",
            "rtn_id": "450",
            "name:fa": "احسان اکبری",
            "sources": "https://t.me/RememberTheirNames/485"
          },
          {
            "date": "1767889845-1768161645",
            "image": "photos/photo_472@21-01-2026_15-42-56.jpg",
            "rtn_id": "477",
            "name:fa": "مهدی میرزایی",
            "sources": "https://t.me/RememberTheirNames/515"
          },
          {
            "date": "1767889800",
            "image": "photos/photo_488@21-01-2026_18-01-58.jpg",
            "rtn_id": "493",
            "name:fa": "امیرحسین دولت‌آبادی",
            "sources": "https://t.me/RememberTheirNames/531"
          },
          {
            "date": "1767889845-1768161645",
            "image": "photos/photo_574@22-01-2026_12-40-10.jpg",
            "rtn_id": "579",
            "name:fa": "ایمان بهداری",
            "sources": "https://t.me/RememberTheirNames/622"
          },
          {
            "date": "1767889800",
            "image": "photos/photo_595@22-01-2026_14-43-20.jpg",
            "rtn_id": "601",
            "name:fa": "امیرمهدی نعمتی‌نژاد ۱۷ ساله",
            "sources": "https://t.me/RememberTheirNames/644"
          },
          {
            "date": "1767976200",
            "image": "photos/photo_599@22-01-2026_15-17-47.jpg",
            "rtn_id": "605",
            "name:fa": "مهرداد (متین) مشتاقی",
            "sources": "https://t.me/RememberTheirNames/649"
          },
          {
            "date": "1767889845-1768161645",
            "image": "photos/photo_600@22-01-2026_15-20-01.jpg",
            "rtn_id": "606",
            "name:fa": "جمیله شفیعی",
            "sources": "https://t.me/RememberTheirNames/650"
          },
          {
            "date": "1767889845-1768161645",
            "image": "photos/photo_601@22-01-2026_15-20-40.jpg",
            "rtn_id": "607",
            "name:fa": "ابوالفضل بیک محمدی",
            "sources": "https://t.me/RememberTheirNames/651"
          },
          {
            "date": "1767976200",
            "image": "photos/photo_623@22-01-2026_17-02-58.jpg",
            "rtn_id": "629",
            "name:fa": "حسن قادری",
            "sources": "https://t.me/RememberTheirNames/674"
          },
          {
            "date": "1767976200",
            "image": "photos/photo_637@22-01-2026_18-03-46.jpg",
            "rtn_id": "643",
            "name:fa": "شکوفه عبدی",
            "sources": "https://t.me/RememberTheirNames/689"
          },
          {
            "date": "1767889800",
            "image": "photos/photo_645@22-01-2026_18-45-35.jpg",
            "rtn_id": "651",
            "name:fa": "محمد رنجبر",
            "sources": "https://t.me/RememberTheirNames/698"
          },
          {
            "date": "1767889800",
            "image": "photos/photo_664@22-01-2026_21-22-10.jpg",
            "rtn_id": "670",
            "name:fa": "کریم عاشوری",
            "sources": "https://t.me/RememberTheirNames/717"
          },
          {
            "date": "1767976200",
            "image": "photos/photo_681@22-01-2026_23-10-08.jpg",
            "rtn_id": "687",
            "name:fa": "سعید تقوایی",
            "sources": "https://t.me/RememberTheirNames/737"
          },
          {
            "date": "1767889845-1768161645",
            "image": "photos/photo_683@22-01-2026_23-15-32.jpg",
            "rtn_id": "689",
            "name:fa": "امیرحسین گودرزی",
            "sources": "https://t.me/RememberTheirNames/739"
          },
          {
            "date": "1767889845-1768161645",
            "image": "photos/photo_692@22-01-2026_23-44-43.jpg",
            "rtn_id": "698",
            "name:fa": "الیاس فرخاری",
            "sources": "https://t.me/RememberTheirNames/748"
          },
          {
            "date": "1767889845-1768161645",
            "image": "photos/photo_707@23-01-2026_01-42-02.jpg",
            "rtn_id": "713",
            "name:fa": "پرستو جراحیان",
            "sources": "https://t.me/RememberTheirNames/763"
          },
          {
            "date": "1767889800",
            "image": "photos/photo_786@23-01-2026_14-56-48.jpg",
            "rtn_id": "792",
            "name:fa": "ستایش سوسن‌آبادی",
            "sources": "https://t.me/RememberTheirNames/844"
          },
          {
            "date": "1767889845-1768161645",
            "image": "photos/photo_807@23-01-2026_17-23-29.jpg",
            "rtn_id": "814",
            "name:fa": "سعید سلیمانی‌پور",
            "sources": "https://t.me/RememberTheirNames/865"
          },
          {
            "date": "1767889845-1768161645",
            "image": "photos/photo_848@23-01-2026_20-28-07.jpg",
            "rtn_id": "855",
            "name:fa": "رضا شریفی",
            "sources": "https://t.me/RememberTheirNames/907"
          },
          {
            "date": "1767889800",
            "image": "photos/photo_867@23-01-2026_21-55-12.jpg",
            "rtn_id": "875",
            "name:fa": "محمدحسین وثوقی",
            "sources": "https://t.me/RememberTheirNames/926"
          },
          {
            "date": "1767976200",
            "image": "photos/photo_902@24-01-2026_00-39-11.jpg",
            "rtn_id": "911",
            "name:fa": "امید باقری",
            "sources": "https://t.me/RememberTheirNames/963"
          },
          {
            "date": "1767889800",
            "image": "photos/photo_998@24-01-2026_18-08-58.jpg",
            "rtn_id": "1007",
            "name:fa": "محمد موسوی‌زاده",
            "sources": "https://t.me/RememberTheirNames/1064"
          },
          {
            "date": "1767889845-1768161645",
            "image": "photos/photo_1032@24-01-2026_20-52-30.jpg",
            "rtn_id": "1041",
            "name:fa": "ایرج یوسفی",
            "sources": "https://t.me/RememberTheirNames/1100"
          },
          {
            "date": "1767889800",
            "image": "photos/photo_1085@25-01-2026_02-12-17.jpg",
            "rtn_id": "1095",
            "name:fa": "احمد آنجفی",
            "sources": "https://t.me/RememberTheirNames/1156"
          },
          {
            "date": "1767889800",
            "image": "photos/photo_1189@26-01-2026_00-01-02.jpg",
            "rtn_id": "1200",
            "name:fa": "سعید آریان",
            "sources": "https://t.me/RememberTheirNames/1267"
          },
          {
            "date": "1767889800",
            "image": "photos/photo_1191@26-01-2026_00-06-23.jpg",
            "rtn_id": "1202",
            "name:fa": "سعید رهبرنژاد",
            "sources": "https://t.me/RememberTheirNames/1269"
          },
          {
            "date": "1767889800",
            "image": "photos/photo_1303@26-01-2026_21-43-34.jpg",
            "rtn_id": "1315",
            "name:fa": "امیررضا نوروزی",
            "sources": "https://t.me/RememberTheirNames/1383"
          },
          {
            "date": "1767976200",
            "image": "photos/photo_644@22-01-2026_18-44-05.jpg",
            "rtn_id": "650",
            "name:fa": "محمدرضا نجفی",
            "sources": "https://t.me/RememberTheirNames/697"
          },
          {
            "date": "1767889800",
            "image": "photos/photo_1474@28-01-2026_00-33-53.jpg",
            "rtn_id": "1485",
            "name:fa": "ایمان فرعی ۱۸ ساله",
            "sources": "https://t.me/RememberTheirNames/1565"
          },
          {
            "date": null,
            "image": "photos/photo_1475@28-01-2026_00-35-29.jpg",
            "rtn_id": "1486",
            "name:fa": "مصطفی موحدی",
            "sources": "https://t.me/RememberTheirNames/1566"
          },
          {
            "date": null,
            "image": "photos/photo_1522@28-01-2026_15-46-16.jpg",
            "rtn_id": "1533",
            "name:fa": "ابوذر شمسی",
            "sources": "https://t.me/RememberTheirNames/1617"
          },
          {
            "date": "1767889800",
            "image": "photos/photo_1568@28-01-2026_21-07-45.jpg",
            "rtn_id": "1579",
            "name:fa": "یاسر مجیدی",
            "sources": "https://t.me/RememberTheirNames/1664"
          },
          {
            "date": "1767889800",
            "image": "photos/photo_1599@29-01-2026_15-36-34.jpg",
            "rtn_id": "1610",
            "name:fa": "مهدی احمدی",
            "sources": "https://t.me/RememberTheirNames/1696"
          },
          {
            "date": "1767889800",
            "image": "photos/photo_1602@29-01-2026_15-59-13.jpg",
            "rtn_id": "1613",
            "name:fa": "سعید میری",
            "sources": "https://t.me/RememberTheirNames/1699"
          },
          {
            "date": "1767976200",
            "image": "photos/photo_1741@30-01-2026_23-28-05.jpg",
            "rtn_id": "1752",
            "name:fa": "احسان شاه‌محمدی",
            "sources": "https://t.me/RememberTheirNames/1849"
          },
          {
            "date": "1767889800",
            "image": "photos/photo_2268@06-02-2026_06-54-09.jpg",
            "rtn_id": "2283",
            "name:fa": "امیرحسین دولت‌آبادی فراهانی",
            "sources": "https://t.me/RememberTheirNames/2402"
          },
          {
            "date": "1767889800",
            "image": "photos/photo_2727@15-02-2026_12-55-55.jpg",
            "rtn_id": "2742",
            "name:fa": "حمیدرضا مسلمی",
            "sources": "https://t.me/RememberTheirNames/2890"
          },
          {
            "date": "1767889845-1768161645",
            "image": "photos/photo_2941@23-02-2026_04-17-34.jpg",
            "rtn_id": "2953",
            "name:fa": "بهرام احمدلو",
            "sources": "https://t.me/RememberTheirNames/3126"
          },
          {
            "date": "1767889845-1768161645",
            "image": "photos/photo_2948@23-02-2026_11-37-04.jpg",
            "rtn_id": "2960",
            "name:fa": "علیرضا سیدی ۱۸ساله",
            "sources": "https://t.me/RememberTheirNames/3133"
          },
          {
            "date": "1767889800",
            "image": "photos/photo_2987@24-02-2026_16-25-05.jpg",
            "rtn_id": "2999",
            "name:fa": "ابوالفضل امیرآبادی ۱۷ساله",
            "sources": "https://t.me/RememberTheirNames/3174"
          }
        ],
        "province": "استان مرکزی",
        "publicId": "MTY6MTAxODU",
        "sourceId": "10185",
        "layerId": 16,
        "type": "location",
        "status": "active",
        "urgency": null,
        "verificationTag": null,
        "expirationDate": null,
        "createdAt": "2026-03-11T20:43:09.890Z",
        "updatedAt": "2026-04-03T22:10:54.603Z"
      }
    },
    {
      "type": "Feature",
      "id": 326,
      "geometry": {
        "type": "Point",
        "coordinates": [
          48.3121,
          38.2145
        ]
      },
      "properties": {
        "id": "MTY6MTAxODY",
        "city": "اردبیل",
        "count": 9,
        "people": [
          {
            "date": "1767889845-1768161645",
            "image": "photos/photo_1224@26-01-2026_11-04-33.jpg",
            "rtn_id": "1235",
            "name:fa": "ابوالفضل جهانی",
            "sources": "https://t.me/RememberTheirNames/1302"
          },
          {
            "date": "1767976200",
            "image": "photos/photo_1777@31-01-2026_14-32-42.jpg",
            "rtn_id": "1788",
            "name:fa": "نیما نینواپور",
            "sources": "https://t.me/RememberTheirNames/1885"
          },
          {
            "date": "1767889845-1768161645",
            "image": "photos/photo_2042@03-02-2026_14-05-35.jpg",
            "rtn_id": "2056",
            "name:fa": "صالحه اکبری",
            "sources": "https://t.me/RememberTheirNames/2170"
          },
          {
            "date": "1767889845-1768161645",
            "image": "photos/photo_2106@04-02-2026_13-48-12.jpg",
            "rtn_id": "2120",
            "name:fa": "اشکان شهبازی",
            "sources": "https://t.me/RememberTheirNames/2236"
          },
          {
            "date": "1767889800",
            "image": "photos/photo_2115@04-02-2026_14-38-17.jpg",
            "rtn_id": "2129",
            "name:fa": "مبین اصلانی",
            "sources": "https://t.me/RememberTheirNames/2245"
          },
          {
            "date": "1767976200",
            "image": "photos/photo_2128@04-02-2026_15-59-13.jpg",
            "rtn_id": "2142",
            "name:fa": "سجاد هوشمند مجیدلو",
            "sources": "https://t.me/RememberTheirNames/2259"
          },
          {
            "date": "1767889845-1768161645",
            "image": "photos/photo_2799@17-02-2026_10-30-47.jpg",
            "rtn_id": "2815",
            "name:fa": "علی شیرمحمدی",
            "sources": "https://t.me/RememberTheirNames/2966"
          },
          {
            "date": "1767889800",
            "image": "photos/photo_2935@23-02-2026_03-53-01.jpg",
            "rtn_id": "2947",
            "name:fa": "نوید عظیمی",
            "sources": "https://t.me/RememberTheirNames/3120"
          },
          {
            "date": "1767889800",
            "image": "photos/photo_2955@23-02-2026_13-20-47.jpg",
            "rtn_id": "2967",
            "name:fa": "امین اسکندری الانکش",
            "sources": "https://t.me/RememberTheirNames/3141"
          }
        ],
        "province": "استان اردبیل",
        "publicId": "MTY6MTAxODY",
        "sourceId": "10186",
        "layerId": 16,
        "type": "location",
        "status": "active",
        "urgency": null,
        "verificationTag": null,
        "expirationDate": null,
        "createdAt": "2026-03-11T20:43:09.891Z",
        "updatedAt": "2026-04-03T22:10:54.605Z"
      }
    },
    {
      "type": "Feature",
      "id": 327,
      "geometry": {
        "type": "Point",
        "coordinates": [
          49.38505514706148,
          33.95498943109577
        ]
      },
      "properties": {
        "id": "MTY6MTAxODc",
        "city": "ازنا",
        "count": 6,
        "people": [
          {
            "date": "1767285000",
            "image": "photos/photo_5@18-01-2026_18-50-37.jpg",
            "rtn_id": "5",
            "name:fa": "شایان اسداللهی",
            "sources": "https://t.me/RememberTheirNames/7"
          },
          {
            "date": "1767285000",
            "image": "photos/photo_6@18-01-2026_18-51-57.jpg",
            "rtn_id": "6",
            "name:fa": "وهاب موسوی",
            "sources": "https://t.me/RememberTheirNames/8"
          },
          {
            "date": "1767285000",
            "image": "photos/photo_7@18-01-2026_18-53-10.jpg",
            "rtn_id": "7",
            "name:fa": "مصطفی فلاحی",
            "sources": "https://t.me/RememberTheirNames/9"
          },
          {
            "date": "1767285000",
            "image": "photos/photo_11@18-01-2026_19-06-16.jpg",
            "rtn_id": "11",
            "name:fa": "احمدرضا امانی",
            "sources": "https://t.me/RememberTheirNames/13"
          },
          {
            "date": "1767371400",
            "image": "photos/photo_18@18-01-2026_19-40-35.jpg",
            "rtn_id": "18",
            "name:fa": "طاها صفری",
            "sources": "https://t.me/RememberTheirNames/30"
          },
          {
            "date": "1767630600",
            "image": "photos/photo_31@18-01-2026_20-21-52.jpg",
            "rtn_id": "31",
            "name:fa": "رضا مرادی عبدالوند",
            "sources": "https://t.me/RememberTheirNames/60"
          }
        ],
        "province": "استان مرکزی",
        "publicId": "MTY6MTAxODc",
        "sourceId": "10187",
        "layerId": 16,
        "type": "location",
        "status": "active",
        "urgency": null,
        "verificationTag": null,
        "expirationDate": null,
        "createdAt": "2026-03-11T20:43:09.891Z",
        "updatedAt": "2026-04-03T22:10:54.607Z"
      }
    },
    {
      "type": "Feature",
      "id": 328,
      "geometry": {
        "type": "Point",
        "coordinates": [
          57.51110723859451,
          37.04416683432397
        ]
      },
      "properties": {
        "id": "MTY6MTAxODg",
        "city": "اسفراین",
        "count": 16,
        "people": [
          {
            "date": "1767889800",
            "image": "photos/photo_269@19-01-2026_22-53-29.jpg",
            "rtn_id": "274",
            "name:fa": "جلیل میلانلویی",
            "sources": "https://t.me/RememberTheirNames/307"
          },
          {
            "date": "1767976200",
            "image": "photos/photo_290@20-01-2026_00-20-05.jpg",
            "rtn_id": "295",
            "name:fa": "سورنا رباط‌جزی",
            "sources": "https://t.me/RememberTheirNames/328"
          },
          {
            "date": "1767889845-1768161645",
            "image": "photos/photo_461@21-01-2026_15-14-21.jpg",
            "rtn_id": "466",
            "name:fa": "عباس زینالی",
            "sources": "https://t.me/RememberTheirNames/502"
          },
          {
            "date": "1767889800",
            "image": "photos/photo_510@21-01-2026_21-00-45.jpg",
            "rtn_id": "515",
            "name:fa": "رضا خانزاده",
            "sources": "https://t.me/RememberTheirNames/553"
          },
          {
            "date": "1767889800",
            "image": "photos/photo_521@21-01-2026_21-29-55.jpg",
            "rtn_id": "526",
            "name:fa": "علی اصغر خدادادی",
            "sources": "https://t.me/RememberTheirNames/564"
          },
          {
            "date": "1767889800",
            "image": "photos/photo_1007@24-01-2026_18-24-23.jpg",
            "rtn_id": "1016",
            "name:fa": "محمدرسول جعفری",
            "sources": "https://t.me/RememberTheirNames/1073"
          },
          {
            "date": "1767889800",
            "image": "photos/photo_1318@26-01-2026_23-06-40.jpg",
            "rtn_id": "1330",
            "name:fa": "فاطمه سلطانی",
            "sources": "https://t.me/RememberTheirNames/1399"
          },
          {
            "date": "1767889800",
            "image": "photos/photo_1524@28-01-2026_15-55-24.jpg",
            "rtn_id": "1535",
            "name:fa": "محمدپویا کریم‌آبادی ۱۷ساله",
            "sources": "https://t.me/RememberTheirNames/1619"
          },
          {
            "date": "1767889800",
            "image": "photos/photo_1525@28-01-2026_15-57-11.jpg",
            "rtn_id": "1536",
            "name:fa": "بیژن ابراهیمی",
            "sources": "https://t.me/RememberTheirNames/1620"
          },
          {
            "date": "1767889800",
            "image": "photos/photo_1632@29-01-2026_22-32-13.jpg",
            "rtn_id": "1643",
            "name:fa": "انیس گریوانی",
            "sources": "https://t.me/RememberTheirNames/1729"
          },
          {
            "date": "1767889800",
            "image": "photos/photo_2121@04-02-2026_15-31-48.jpg",
            "rtn_id": "2135",
            "name:fa": "مرتضی یعقوبی",
            "sources": "https://t.me/RememberTheirNames/2252"
          },
          {
            "date": "1767889800",
            "image": "photos/photo_2143@05-02-2026_04-18-34.jpg",
            "rtn_id": "2157",
            "name:fa": "فاطمه حکم‌آبادی",
            "sources": "https://t.me/RememberTheirNames/2275"
          },
          {
            "date": "1767889800",
            "image": "photos/photo_2144@05-02-2026_04-20-49.jpg",
            "rtn_id": "2158",
            "name:fa": "شهرام محمدزاده اول",
            "sources": "https://t.me/RememberTheirNames/2276"
          },
          {
            "date": "1767889800",
            "image": "photos/photo_2292@06-02-2026_11-46-13.jpg",
            "rtn_id": "2307",
            "name:fa": "پویا استادی",
            "sources": "https://t.me/RememberTheirNames/2427"
          },
          {
            "date": "1767889800",
            "image": "photos/photo_2503@09-02-2026_09-35-13.jpg",
            "rtn_id": "2518",
            "name:fa": "حسن دیدارخواه",
            "sources": "https://t.me/RememberTheirNames/2649"
          },
          {
            "date": "1767889800",
            "image": "photos/photo_2745@16-02-2026_10-18-15.jpg",
            "rtn_id": "2761",
            "name:fa": "علی‌اکبر عباس‌آبادی",
            "sources": "https://t.me/RememberTheirNames/2908"
          }
        ],
        "province": "استان خراسان شمالی",
        "publicId": "MTY6MTAxODg",
        "sourceId": "10188",
        "layerId": 16,
        "type": "location",
        "status": "active",
        "urgency": null,
        "verificationTag": null,
        "expirationDate": null,
        "createdAt": "2026-03-11T20:43:09.892Z",
        "updatedAt": "2026-04-03T22:10:54.609Z"
      }
    },
    {
      "type": "Feature",
      "id": 329,
      "geometry": {
        "type": "Point",
        "coordinates": [
          46.54534294720465,
          34.111413884497125
        ]
      },
      "properties": {
        "id": "MTY6MTAxODk",
        "city": "اسلام آباد غرب",
        "count": 18,
        "people": [
          {
            "date": "1767889800",
            "image": "photos/photo_96@18-01-2026_23-54-35.jpg",
            "rtn_id": "97",
            "name:fa": "شیرزاد بالایی",
            "sources": "https://t.me/RememberTheirNames/128"
          },
          {
            "date": "1767889800",
            "image": "photos/photo_97@18-01-2026_23-54-44.jpg",
            "rtn_id": "98",
            "name:fa": "فردین فولادی",
            "sources": "https://t.me/RememberTheirNames/129"
          },
          {
            "date": "1767889800",
            "image": "photos/photo_162@19-01-2026_12-12-48.jpg",
            "rtn_id": "163",
            "name:fa": "امیر نادری",
            "sources": "https://t.me/RememberTheirNames/196"
          },
          {
            "date": "1767976200",
            "image": "photos/photo_236@19-01-2026_21-19-09.jpg",
            "rtn_id": "241",
            "name:fa": "امیرعلی جلیلیان",
            "sources": "https://t.me/RememberTheirNames/271"
          },
          {
            "date": "1767889800",
            "image": "photos/photo_237@19-01-2026_21-21-00.jpg",
            "rtn_id": "242",
            "name:fa": "جابر عبدی",
            "sources": "https://t.me/RememberTheirNames/272"
          },
          {
            "date": "1767976200",
            "image": "photos/photo_238@19-01-2026_21-24-56.jpg",
            "rtn_id": "243",
            "name:fa": "سجاد کیانی",
            "sources": "https://t.me/RememberTheirNames/273"
          },
          {
            "date": "1767889800",
            "image": "photos/photo_393@20-01-2026_20-18-08.jpg",
            "rtn_id": "398",
            "name:fa": "رضا درویشی",
            "sources": "https://t.me/RememberTheirNames/433"
          },
          {
            "date": "1767889800",
            "image": "photos/photo_502@21-01-2026_19-25-19.jpg",
            "rtn_id": "507",
            "name:fa": "مسعود سهامی",
            "sources": "https://t.me/RememberTheirNames/545"
          },
          {
            "date": "1767889800",
            "image": "photos/photo_512@21-01-2026_21-11-30.jpg",
            "rtn_id": "517",
            "name:fa": "میلاد فرخی",
            "sources": "https://t.me/RememberTheirNames/555"
          },
          {
            "date": "1767889800",
            "image": "photos/photo_513@21-01-2026_21-13-13.jpg",
            "rtn_id": "518",
            "name:fa": "فرشید شکرشخن",
            "sources": "https://t.me/RememberTheirNames/556"
          },
          {
            "date": "1767889800",
            "image": "photos/photo_514@21-01-2026_21-15-45.jpg",
            "rtn_id": "519",
            "name:fa": "جواد نیازی",
            "sources": "https://t.me/RememberTheirNames/557"
          },
          {
            "date": "1767889800",
            "image": "photos/photo_515@21-01-2026_21-17-15.jpg",
            "rtn_id": "520",
            "name:fa": "امیرحسین نادری",
            "sources": "https://t.me/RememberTheirNames/558"
          },
          {
            "date": "1767889800",
            "image": "photos/photo_516@21-01-2026_21-18-38.jpg",
            "rtn_id": "521",
            "name:fa": "نوید میرزایی",
            "sources": "https://t.me/RememberTheirNames/559"
          },
          {
            "date": "1767889800",
            "image": "photos/photo_593@22-01-2026_14-33-18.jpg",
            "rtn_id": "599",
            "name:fa": "طیبه رضایی",
            "sources": "https://t.me/RememberTheirNames/642"
          },
          {
            "date": "1767889800",
            "image": "photos/photo_754@23-01-2026_13-06-11.jpg",
            "rtn_id": "760",
            "name:fa": "علی آرمند",
            "sources": "https://t.me/RememberTheirNames/810"
          },
          {
            "date": "1767976200",
            "image": "photos/photo_757@23-01-2026_13-11-57.jpg",
            "rtn_id": "763",
            "name:fa": "مسلم توشکان",
            "sources": "https://t.me/RememberTheirNames/813"
          },
          {
            "date": "1767889800",
            "image": "photos/photo_809@23-01-2026_17-31-16.jpg",
            "rtn_id": "816",
            "name:fa": "میلاد گنج‌دوست",
            "sources": "https://t.me/RememberTheirNames/867"
          },
          {
            "date": "1767889800",
            "image": "photos/photo_1584@29-01-2026_12-02-59.jpg",
            "rtn_id": "1595",
            "name:fa": "سعید پورحسن",
            "sources": "https://t.me/RememberTheirNames/1680"
          }
        ],
        "province": "استان کرمانشاه",
        "publicId": "MTY6MTAxODk",
        "sourceId": "10189",
        "layerId": 16,
        "type": "location",
        "status": "active",
        "urgency": null,
        "verificationTag": null,
        "expirationDate": null,
        "createdAt": "2026-03-11T20:43:09.892Z",
        "updatedAt": "2026-04-03T22:10:54.610Z"
      }
    },
    {
      "type": "Feature",
      "id": 330,
      "geometry": {
        "type": "Point",
        "coordinates": [
          51.2308,
          35.5528
        ]
      },
      "properties": {
        "id": "MTY6MTAxOTA",
        "city": "اسلامشهر",
        "count": 56,
        "people": [
          {
            "date": "1767976200",
            "image": "photos/photo_1611@29-01-2026_17-44-47.jpg",
            "rtn_id": "1622",
            "name:fa": "پرنیان دبیری آبکناری ۱۶ ساله",
            "sources": "https://t.me/RememberTheirNames/1708"
          },
          {
            "date": "1767976200",
            "image": "photos/photo_1881@01-02-2026_13-01-04.jpg",
            "rtn_id": "1895",
            "name:fa": "مهدی صدیقی",
            "sources": "https://t.me/RememberTheirNames/1995"
          },
          {
            "date": "1767976200",
            "image": "photos/photo_375@20-01-2026_17-08-42.jpg",
            "rtn_id": "380",
            "name:fa": "علی جانانی",
            "sources": "https://t.me/RememberTheirNames/415"
          },
          {
            "date": "1767889845-1768161645",
            "image": "photos/photo_446@21-01-2026_13-48-11.jpg",
            "rtn_id": "451",
            "name:fa": "مسعود رنگرزانی",
            "sources": "https://t.me/RememberTheirNames/486"
          },
          {
            "date": "1767976200",
            "image": "photos/photo_903@24-01-2026_00-41-43.jpg",
            "rtn_id": "912",
            "name:fa": "جواد کاظمی ۱۳ ساله",
            "sources": "https://t.me/RememberTheirNames/964"
          },
          {
            "date": "1767976200",
            "image": "photos/photo_904@24-01-2026_00-43-10.jpg",
            "rtn_id": "913",
            "name:fa": "آرش قریشی",
            "sources": "https://t.me/RememberTheirNames/965"
          },
          {
            "date": "1767976200",
            "image": "photos/photo_905@24-01-2026_00-45-55.jpg",
            "rtn_id": "914",
            "name:fa": "حمیدرضا باقری",
            "sources": "https://t.me/RememberTheirNames/966"
          },
          {
            "date": "1767976200",
            "image": "photos/photo_906@24-01-2026_00-46-50.jpg",
            "rtn_id": "915",
            "name:fa": "محمدرضا موسوی",
            "sources": "https://t.me/RememberTheirNames/967"
          },
          {
            "date": "1767976200",
            "image": "photos/photo_936@24-01-2026_13-48-59.jpg",
            "rtn_id": "945",
            "name:fa": "سبحان مرزبان",
            "sources": "https://t.me/RememberTheirNames/998"
          },
          {
            "date": "1767889800",
            "image": "photos/photo_966@24-01-2026_15-15-19.jpg",
            "rtn_id": "975",
            "name:fa": "کیمیا کامیاب ۱۷ ساله",
            "sources": "https://t.me/RememberTheirNames/1029"
          },
          {
            "date": "1767976200",
            "image": "photos/photo_997@24-01-2026_17-59-44.jpg",
            "rtn_id": "1006",
            "name:fa": "امیرمحمد ایاقت",
            "sources": "https://t.me/RememberTheirNames/1063"
          },
          {
            "date": "1767976200",
            "image": "photos/photo_1048@24-01-2026_22-47-45.jpg",
            "rtn_id": "1057",
            "name:fa": "مهدی شفیعی (پدر)",
            "sources": "https://t.me/RememberTheirNames/1117"
          },
          {
            "date": "1767976200",
            "image": "photos/photo_1048@24-01-2026_22-47-45.jpg",
            "rtn_id": "1058",
            "name:fa": "مانی شفیعی(پسر)",
            "sources": "https://t.me/RememberTheirNames/1117"
          },
          {
            "date": "1767889800",
            "image": "photos/photo_1101@25-01-2026_11-41-03.jpg",
            "rtn_id": "1111",
            "name:fa": "سعید حیدری",
            "sources": "https://t.me/RememberTheirNames/1174"
          },
          {
            "date": "1767889845-1768161645",
            "image": "photos/photo_1102@25-01-2026_11-44-35.jpg",
            "rtn_id": "1112",
            "name:fa": "مسعود سوگلی‌زاد",
            "sources": "https://t.me/RememberTheirNames/1175"
          },
          {
            "date": "1767976200",
            "image": "photos/photo_1109@25-01-2026_12-15-15.jpg",
            "rtn_id": "1119",
            "name:fa": "امیررضا میرزایی",
            "sources": "https://t.me/RememberTheirNames/1183"
          },
          {
            "date": "1767976200",
            "image": "photos/photo_1346@27-01-2026_12-31-21.jpg",
            "rtn_id": "1358",
            "name:fa": "امیرحسین الوند",
            "sources": "https://t.me/RememberTheirNames/1428"
          },
          {
            "date": "1767889845-1768161645",
            "image": "photos/photo_1347@27-01-2026_12-36-36.jpg",
            "rtn_id": "1359",
            "name:fa": "مهدی خلیلی",
            "sources": "https://t.me/RememberTheirNames/1429"
          },
          {
            "date": "1767976200",
            "image": "photos/photo_1536@28-01-2026_17-50-55.jpg",
            "rtn_id": "1547",
            "name:fa": "امیرمحمد لطفی ۱۶ ساله",
            "sources": "https://t.me/RememberTheirNames/1632"
          },
          {
            "date": null,
            "image": "photos/photo_1586@29-01-2026_12-05-50.jpg",
            "rtn_id": "1597",
            "name:fa": "امیرعباس مومنی ۱۷ ساله",
            "sources": "https://t.me/RememberTheirNames/1682"
          },
          {
            "date": "1767976200",
            "image": "photos/photo_1601@29-01-2026_15-58-15.jpg",
            "rtn_id": "1612",
            "name:fa": "هادی زارعی",
            "sources": "https://t.me/RememberTheirNames/1698"
          },
          {
            "date": "1767889800",
            "image": "photos/photo_1649@30-01-2026_00-36-13.jpg",
            "rtn_id": "1660",
            "name:fa": "امیرمحمد قورت بیگلو",
            "sources": "https://t.me/RememberTheirNames/1746"
          },
          {
            "date": null,
            "image": "photos/photo_1713@30-01-2026_19-36-51.jpg",
            "rtn_id": "1724",
            "name:fa": "مقصود بدل‌آبادی",
            "sources": "https://t.me/RememberTheirNames/1819"
          },
          {
            "date": "1767976200",
            "image": "photos/photo_1727@30-01-2026_21-20-36.jpg",
            "rtn_id": "1738",
            "name:fa": "منصور بابایی",
            "sources": "https://t.me/RememberTheirNames/1835"
          },
          {
            "date": "1767889845-1768161645",
            "image": "photos/photo_1833@01-02-2026_03-19-02.jpg",
            "rtn_id": "1846",
            "name:fa": "رامتین میرزادخت ۱۷ ساله",
            "sources": "https://t.me/RememberTheirNames/1945"
          },
          {
            "date": "1767889800",
            "image": "photos/photo_1877@01-02-2026_12-40-19.jpg",
            "rtn_id": "1891",
            "name:fa": "امیر طاها اسکندری شیرج‌آباد",
            "sources": "https://t.me/RememberTheirNames/1991"
          },
          {
            "date": "1767976200",
            "image": "photos/photo_1956@02-02-2026_07-06-47.jpg",
            "rtn_id": "1970",
            "name:fa": "میثم ستاری اقدم",
            "sources": "https://t.me/RememberTheirNames/2076"
          },
          {
            "date": "1767889845-1768161645",
            "image": "photos/photo_1980@02-02-2026_13-57-53.jpg",
            "rtn_id": "1994",
            "name:fa": "یوسف هوشمند",
            "sources": "https://t.me/RememberTheirNames/2102"
          },
          {
            "date": "1767889800",
            "image": "photos/photo_1992@03-02-2026_03-56-51.jpg",
            "rtn_id": "2006",
            "name:fa": "عزت‌الله صادقی‌پور",
            "sources": "https://t.me/RememberTheirNames/2115"
          },
          {
            "date": "1767976200",
            "image": "photos/photo_1997@03-02-2026_04-48-09.jpg",
            "rtn_id": "2011",
            "name:fa": "امیرعباس رضابخش",
            "sources": "https://t.me/RememberTheirNames/2121"
          },
          {
            "date": "1767976200",
            "image": "photos/photo_2024@03-02-2026_10-53-48.jpg",
            "rtn_id": "2038",
            "name:fa": "امیرمهدی مرادی ۱۵ساله",
            "sources": "https://t.me/RememberTheirNames/2151"
          },
          {
            "date": "1767889800",
            "image": "photos/photo_2045@03-02-2026_14-34-07.jpg",
            "rtn_id": "2059",
            "name:fa": "شقایق کمالی",
            "sources": "https://t.me/RememberTheirNames/2173"
          },
          {
            "date": "1767889800",
            "image": "photos/photo_2136@04-02-2026_16-39-49.jpg",
            "rtn_id": "2150",
            "name:fa": "مانی هداوند",
            "sources": "https://t.me/RememberTheirNames/2268"
          },
          {
            "date": "1767976200",
            "image": "photos/photo_2149@05-02-2026_04-37-20.jpg",
            "rtn_id": "2163",
            "name:fa": "امیرحسین وندالوند",
            "sources": "https://t.me/RememberTheirNames/2281"
          },
          {
            "date": "1767889845-1768161645",
            "image": "photos/photo_2169@05-02-2026_07-43-43.jpg",
            "rtn_id": "2183",
            "name:fa": "ابوالفضل آزاد",
            "sources": "https://t.me/RememberTheirNames/2301"
          },
          {
            "date": "1767889800",
            "image": "photos/photo_2248@06-02-2026_02-49-03.jpg",
            "rtn_id": "2262",
            "name:fa": "امیر پاشازاده",
            "sources": "https://t.me/RememberTheirNames/2382"
          },
          {
            "date": "1767976200",
            "image": "photos/photo_2279@06-02-2026_10-57-44.jpg",
            "rtn_id": "2294",
            "name:fa": "عرفان صفری سرشکه",
            "sources": "https://t.me/RememberTheirNames/2413"
          },
          {
            "date": "1767889845-1768161645",
            "image": "photos/photo_2298@06-02-2026_12-17-23.jpg",
            "rtn_id": "2313",
            "name:fa": "امیرعلی تقوی",
            "sources": "https://t.me/RememberTheirNames/2434"
          },
          {
            "date": "1767889800",
            "image": "photos/photo_2344@07-02-2026_08-08-45.jpg",
            "rtn_id": "2359",
            "name:fa": "رضا قلی‌پور",
            "sources": "https://t.me/RememberTheirNames/2481"
          },
          {
            "date": "1767889800",
            "image": "photos/photo_2382@08-02-2026_04-34-55.jpg",
            "rtn_id": "2397",
            "name:fa": "رضا آشناور",
            "sources": "https://t.me/RememberTheirNames/2523"
          },
          {
            "date": "1767976200",
            "image": "photos/photo_2417@08-02-2026_08-31-49.jpg",
            "rtn_id": "2432",
            "name:fa": "سجاد حسنلو",
            "sources": "https://t.me/RememberTheirNames/2558"
          },
          {
            "date": "1767976200",
            "image": "photos/photo_2494@09-02-2026_07-06-07.jpg",
            "rtn_id": "2509",
            "name:fa": "علیرضا محسنی",
            "sources": "https://t.me/RememberTheirNames/2640"
          },
          {
            "date": "1767976200",
            "image": "photos/photo_2526@09-02-2026_14-31-06.jpg",
            "rtn_id": "2541",
            "name:fa": "محمدجواد رحیمیان",
            "sources": "https://t.me/RememberTheirNames/2672"
          },
          {
            "date": "1767889845-1768161645",
            "image": "photos/photo_2542@10-02-2026_03-31-03.jpg",
            "rtn_id": "2557",
            "name:fa": "محمد مجیدیان",
            "sources": "https://t.me/RememberTheirNames/2698"
          },
          {
            "date": "1767976200",
            "image": "photos/photo_2604@11-02-2026_07-51-11.jpg",
            "rtn_id": "2619",
            "name:fa": "ناصر شیرازی",
            "sources": "https://t.me/RememberTheirNames/2763"
          },
          {
            "date": "1767889800",
            "image": "photos/photo_2648@13-02-2026_00-55-59.jpg",
            "rtn_id": "2663",
            "name:fa": "رضا سهندی احمدآباد",
            "sources": "https://t.me/RememberTheirNames/2810"
          },
          {
            "date": "1767889800",
            "image": "photos/photo_2704@14-02-2026_04-51-20.jpg",
            "rtn_id": "2719",
            "name:fa": "آیت درخشان",
            "sources": "https://t.me/RememberTheirNames/2866"
          },
          {
            "date": "1767889800",
            "image": "photos/photo_2710@14-02-2026_11-07-29.jpg",
            "rtn_id": "2725",
            "name:fa": "محسن داوودی",
            "sources": "https://t.me/RememberTheirNames/2873"
          },
          {
            "date": "1767889845-1768161645",
            "image": "photos/photo_2739@16-02-2026_09-11-48.jpg",
            "rtn_id": "2754",
            "name:fa": "حسن حاجیوند مددی",
            "sources": "https://t.me/RememberTheirNames/2902"
          },
          {
            "date": "1767889800",
            "image": "photos/photo_2777@17-02-2026_03-23-49.jpg",
            "rtn_id": "2793",
            "name:fa": "یاسر اسکندرزاده",
            "sources": "https://t.me/RememberTheirNames/2942"
          },
          {
            "date": "1767889800",
            "image": "photos/photo_2893@20-02-2026_14-48-33.jpg",
            "rtn_id": "2905",
            "name:fa": "صابر طهماسبی‌فرد",
            "sources": "https://t.me/RememberTheirNames/3074"
          },
          {
            "date": "1767889800",
            "image": "photos/photo_2899@21-02-2026_02-19-51.jpg",
            "rtn_id": "2911",
            "name:fa": "صابر وفادار چچگلو",
            "sources": "https://t.me/RememberTheirNames/3080"
          },
          {
            "date": "1767889845-1768161645",
            "image": "photos/photo_2961@23-02-2026_15-35-30.jpg",
            "rtn_id": "2973",
            "name:fa": "محسن ترابی",
            "sources": "https://t.me/RememberTheirNames/3147"
          },
          {
            "date": "1767976200",
            "image": "photos/photo_2978@24-02-2026_13-00-26.jpg",
            "rtn_id": "2990",
            "name:fa": "حسین صیادلو",
            "sources": "https://t.me/RememberTheirNames/3165"
          },
          {
            "date": "1767889845-1768161645",
            "image": "photos/photo_3041@09-03-2026_05-01-00.jpg",
            "rtn_id": "3053",
            "name:fa": "ابراهیم کوثری",
            "sources": "https://t.me/RememberTheirNames/3254"
          },
          {
            "date": "1767976200",
            "image": "photos/photo_3047@09-03-2026_05-54-29.jpg",
            "rtn_id": "3059",
            "name:fa": "امیرحسین عبداللهی ۱۷ ساله",
            "sources": "https://t.me/RememberTheirNames/3260"
          }
        ],
        "province": "استان تهران",
        "publicId": "MTY6MTAxOTA",
        "sourceId": "10190",
        "layerId": 16,
        "type": "location",
        "status": "active",
        "urgency": null,
        "verificationTag": null,
        "expirationDate": null,
        "createdAt": "2026-03-11T20:43:09.893Z",
        "updatedAt": "2026-04-03T22:10:54.611Z"
      }
    },
    {
      "type": "Feature",
      "id": 331,
      "geometry": {
        "type": "Point",
        "coordinates": [
          51.8714,
          32.6288
        ]
      },
      "properties": {
        "id": "MTY6MTAxOTE",
        "city": "اصفهان",
        "count": 349,
        "people": [
          {
            "date": "1768062600",
            "image": "photos/photo_1510@28-01-2026_14-51-51.jpg",
            "rtn_id": "1521",
            "name:fa": "محمود لک",
            "sources": "https://t.me/RememberTheirNames/1605"
          },
          {
            "date": "1767371400",
            "image": "photos/photo_15@18-01-2026_19-26-13.jpg",
            "rtn_id": "15",
            "name:fa": "فرشید مختاری",
            "sources": "https://t.me/RememberTheirNames/24"
          },
          {
            "date": "1767889800",
            "image": "photos/photo_95@18-01-2026_23-52-02.jpg",
            "rtn_id": "96",
            "name:fa": "ارمیا لاچیانی",
            "sources": "https://t.me/RememberTheirNames/127"
          },
          {
            "date": "1767889800",
            "image": "photos/photo_149@19-01-2026_01-27-22.jpg",
            "rtn_id": "150",
            "name:fa": "محسن رشیدی",
            "sources": "https://t.me/RememberTheirNames/183"
          },
          {
            "date": "1767889800",
            "image": "photos/photo_159@19-01-2026_12-07-57.jpg",
            "rtn_id": "160",
            "name:fa": "مسعود فقیه‌زاده",
            "sources": "https://t.me/RememberTheirNames/193"
          },
          {
            "date": "1767889800",
            "image": "photos/photo_181@19-01-2026_13-43-46.jpg",
            "rtn_id": "182",
            "name:fa": "مهراد صادقی",
            "sources": "https://t.me/RememberTheirNames/215"
          },
          {
            "date": "1767889800",
            "image": "photos/photo_187@19-01-2026_14-18-23.jpg",
            "rtn_id": "188",
            "name:fa": "مونا حسینی",
            "sources": "https://t.me/RememberTheirNames/221"
          },
          {
            "date": "1767889800",
            "image": "photos/photo_194@19-01-2026_15-20-54.jpg",
            "rtn_id": "195",
            "name:fa": "فرزین پوست‌آشکن",
            "sources": "https://t.me/RememberTheirNames/229"
          },
          {
            "date": "1767889800",
            "image": "photos/photo_200@19-01-2026_17-13-48.jpg",
            "rtn_id": "201",
            "name:fa": "ناصر موحدنیا",
            "sources": "https://t.me/RememberTheirNames/235"
          },
          {
            "date": "1767889800",
            "image": "photos/photo_207@19-01-2026_18-28-12.jpg",
            "rtn_id": "210",
            "name:fa": "رضا احمدی",
            "sources": "https://t.me/RememberTheirNames/242"
          },
          {
            "date": "1767976200",
            "image": "photos/photo_209@19-01-2026_18-32-23.jpg",
            "rtn_id": "212",
            "name:fa": "حسین شیرکول",
            "sources": "https://t.me/RememberTheirNames/244"
          },
          {
            "date": "1767976200",
            "image": "photos/photo_230@19-01-2026_19-37-55.jpg",
            "rtn_id": "235",
            "name:fa": "ابوالفضل بختیارپور دورکی",
            "sources": "https://t.me/RememberTheirNames/265"
          },
          {
            "date": "1767976200",
            "image": "photos/photo_239@19-01-2026_21-49-52.jpg",
            "rtn_id": "244",
            "name:fa": "محراب گلستانی",
            "sources": "https://t.me/RememberTheirNames/275"
          },
          {
            "date": "1767976200",
            "image": "photos/photo_242@19-01-2026_21-55-20.jpg",
            "rtn_id": "247",
            "name:fa": "امیرسالار بهمنی‌نژاد",
            "sources": "https://t.me/RememberTheirNames/278"
          },
          {
            "date": "1767889845-1768161645",
            "image": "photos/photo_243@19-01-2026_21-56-40.jpg",
            "rtn_id": "248",
            "name:fa": "سینا سرانوش",
            "sources": "https://t.me/RememberTheirNames/279"
          },
          {
            "date": "1767976200",
            "image": "photos/photo_246@19-01-2026_22-02-58.jpg",
            "rtn_id": "251",
            "name:fa": "شهرام مقصودی",
            "sources": "https://t.me/RememberTheirNames/282"
          },
          {
            "date": "1767976200",
            "image": "photos/photo_247@19-01-2026_22-05-39.jpg",
            "rtn_id": "252",
            "name:fa": "نوید عالم‌چهره",
            "sources": "https://t.me/RememberTheirNames/283"
          },
          {
            "date": "1767976200",
            "image": "photos/photo_251@19-01-2026_22-13-16.jpg",
            "rtn_id": "256",
            "name:fa": "آرزو عابدی",
            "sources": "https://t.me/RememberTheirNames/288"
          },
          {
            "date": "1767889845-1768161645",
            "image": "photos/photo_252@19-01-2026_22-16-07.jpg",
            "rtn_id": "257",
            "name:fa": "محمد جعفرپور",
            "sources": "https://t.me/RememberTheirNames/289"
          },
          {
            "date": "1767889845-1768161645",
            "image": "photos/photo_253@19-01-2026_22-16-11.jpg",
            "rtn_id": "258",
            "name:fa": "امیرحسین ندافی",
            "sources": "https://t.me/RememberTheirNames/290"
          },
          {
            "date": "1767976200",
            "image": "photos/photo_271@19-01-2026_23-03-49.jpg",
            "rtn_id": "276",
            "name:fa": "صهبا رشتیان",
            "sources": "https://t.me/RememberTheirNames/309"
          },
          {
            "date": "1767976200",
            "image": "photos/photo_282@19-01-2026_23-45-10.jpg",
            "rtn_id": "287",
            "name:fa": "پدرام سعیدی",
            "sources": "https://t.me/RememberTheirNames/320"
          },
          {
            "date": "1767889845-1768161645",
            "image": "photos/photo_283@19-01-2026_23-47-14.jpg",
            "rtn_id": "288",
            "name:fa": "محمدرضا دواشی بختیاری",
            "sources": "https://t.me/RememberTheirNames/321"
          },
          {
            "date": "1767889800",
            "image": "photos/photo_318@20-01-2026_10-41-14.jpg",
            "rtn_id": "323",
            "name:fa": "حمید مظاهری",
            "sources": "https://t.me/RememberTheirNames/357"
          },
          {
            "date": "1767889800",
            "image": "photos/photo_335@20-01-2026_13-06-56.jpg",
            "rtn_id": "340",
            "name:fa": "راشد صالح",
            "sources": "https://t.me/RememberTheirNames/374"
          },
          {
            "date": "1767976200",
            "image": "photos/photo_362@20-01-2026_14-57-49.jpg",
            "rtn_id": "367",
            "name:fa": "محسن اسدی",
            "sources": "https://t.me/RememberTheirNames/402"
          },
          {
            "date": "1767889845-1768161645",
            "image": "photos/photo_366@20-01-2026_16-29-33.jpg",
            "rtn_id": "371",
            "name:fa": "محمدجواد خلیلی اردلی",
            "sources": "https://t.me/RememberTheirNames/406"
          },
          {
            "date": "1767889845-1768161645",
            "image": "photos/photo_379@20-01-2026_18-35-09.jpg",
            "rtn_id": "384",
            "name:fa": "احمدرضا گلخنی",
            "sources": "https://t.me/RememberTheirNames/419"
          },
          {
            "date": "1767889800",
            "image": "photos/photo_402@20-01-2026_21-37-11.jpg",
            "rtn_id": "407",
            "name:fa": "علی محمودی",
            "sources": "https://t.me/RememberTheirNames/442"
          },
          {
            "date": "1767889800",
            "image": "photos/photo_403@20-01-2026_21-38-48.jpg",
            "rtn_id": "408",
            "name:fa": "علیرضا (علی) پولادستون",
            "sources": "https://t.me/RememberTheirNames/443"
          },
          {
            "date": "1767976200",
            "image": "photos/photo_406@20-01-2026_22-05-28.jpg",
            "rtn_id": "411",
            "name:fa": "علی اصغر استخر",
            "sources": "https://t.me/RememberTheirNames/446"
          },
          {
            "date": "1767889800",
            "image": "photos/photo_438@21-01-2026_12-19-31.jpg",
            "rtn_id": "443",
            "name:fa": "آرمین عسگری",
            "sources": "https://t.me/RememberTheirNames/478"
          },
          {
            "date": "1767889845-1768161645",
            "image": "photos/photo_441@21-01-2026_12-44-00.jpg",
            "rtn_id": "446",
            "name:fa": "حسین محمودی‌برام",
            "sources": "https://t.me/RememberTheirNames/481"
          },
          {
            "date": "1767889800",
            "image": "photos/photo_449@21-01-2026_13-53-33.jpg",
            "rtn_id": "454",
            "name:fa": "سروش اسحاقی ۱۶ ساله",
            "sources": "https://t.me/RememberTheirNames/489"
          },
          {
            "date": "1767889800",
            "image": "photos/photo_459@21-01-2026_15-01-18.jpg",
            "rtn_id": "464",
            "name:fa": "محمد جباری",
            "sources": "https://t.me/RememberTheirNames/500"
          },
          {
            "date": "1767976200",
            "image": "photos/photo_460@21-01-2026_15-04-33.jpg",
            "rtn_id": "465",
            "name:fa": "امید قاسمی نافچی",
            "sources": "https://t.me/RememberTheirNames/501"
          },
          {
            "date": "1767889800",
            "image": "photos/photo_481@21-01-2026_16-50-59.jpg",
            "rtn_id": "486",
            "name:fa": "علیرضا سیدصالح",
            "sources": "https://t.me/RememberTheirNames/524"
          },
          {
            "date": "1767889845-1768161645",
            "image": "photos/photo_511@21-01-2026_21-04-08.jpg",
            "rtn_id": "516",
            "name:fa": "میلاد ایرانپور",
            "sources": "https://t.me/RememberTheirNames/554"
          },
          {
            "date": "1767889845-1768161645",
            "image": "photos/photo_527@21-01-2026_22-04-36.jpg",
            "rtn_id": "532",
            "name:fa": "محمدرضا ایوبی",
            "sources": "https://t.me/RememberTheirNames/573"
          },
          {
            "date": "1767889845-1768161645",
            "image": "photos/photo_532@21-01-2026_22-30-56.jpg",
            "rtn_id": "537",
            "name:fa": "پیمان براتی",
            "sources": "https://t.me/RememberTheirNames/578"
          },
          {
            "date": "1767889845-1768161645",
            "image": "photos/photo_542@21-01-2026_23-33-35.jpg",
            "rtn_id": "547",
            "name:fa": "مهدی فخاری",
            "sources": "https://t.me/RememberTheirNames/589"
          },
          {
            "date": "1767976200",
            "image": "photos/photo_560@22-01-2026_11-33-11.jpg",
            "rtn_id": "565",
            "name:fa": "محسن احمدپور",
            "sources": "https://t.me/RememberTheirNames/607"
          },
          {
            "date": "1767889845-1768161645",
            "image": "photos/photo_584@22-01-2026_13-55-40.jpg",
            "rtn_id": "590",
            "name:fa": "احمد حسن‌زاده",
            "sources": "https://t.me/RememberTheirNames/632"
          },
          {
            "date": "1767976200",
            "image": "photos/photo_585@22-01-2026_13-58-58.jpg",
            "rtn_id": "591",
            "name:fa": "غزل جانقربان ۱۵ ساله",
            "sources": "https://t.me/RememberTheirNames/634"
          },
          {
            "date": "1767889845-1768161645",
            "image": "photos/photo_589@22-01-2026_14-23-07.jpg",
            "rtn_id": "595",
            "name:fa": "حمید سلیمیان",
            "sources": "https://t.me/RememberTheirNames/638"
          },
          {
            "date": "1767889800",
            "image": "photos/photo_607@22-01-2026_15-41-49.jpg",
            "rtn_id": "613",
            "name:fa": "حبیب خوبی‌پور",
            "sources": "https://t.me/RememberTheirNames/657"
          },
          {
            "date": "1767889845-1768161645",
            "image": "photos/photo_609@22-01-2026_15-46-42.jpg",
            "rtn_id": "615",
            "name:fa": "ابوالفضل موسوی‌فر",
            "sources": "https://t.me/RememberTheirNames/659"
          },
          {
            "date": "1767889800",
            "image": "photos/photo_610@22-01-2026_15-55-27.jpg",
            "rtn_id": "616",
            "name:fa": "فاطمه طبیبی",
            "sources": "https://t.me/RememberTheirNames/660"
          },
          {
            "date": "1767889800",
            "image": "photos/photo_611@22-01-2026_15-57-53.jpg",
            "rtn_id": "617",
            "name:fa": "پوریا حمزه‌ای",
            "sources": "https://t.me/RememberTheirNames/661"
          },
          {
            "date": "1767976200",
            "image": "photos/photo_616@22-01-2026_16-08-41.jpg",
            "rtn_id": "622",
            "name:fa": "علی پهلوانی",
            "sources": "https://t.me/RememberTheirNames/667"
          },
          {
            "date": "1767889845-1768161645",
            "image": "photos/photo_617@22-01-2026_16-11-00.jpg",
            "rtn_id": "623",
            "name:fa": "خداداد سرلک چیوایی",
            "sources": "https://t.me/RememberTheirNames/668"
          },
          {
            "date": "1767889845-1768161645",
            "image": "photos/photo_618@22-01-2026_16-12-13.jpg",
            "rtn_id": "624",
            "name:fa": "محمد معصومی",
            "sources": "https://t.me/RememberTheirNames/669"
          },
          {
            "date": "1767976200",
            "image": "photos/photo_619@22-01-2026_16-15-02.jpg",
            "rtn_id": "625",
            "name:fa": "سعید کیانی",
            "sources": "https://t.me/RememberTheirNames/670"
          },
          {
            "date": "1767889845-1768161645",
            "image": "photos/photo_624@22-01-2026_17-04-56.jpg",
            "rtn_id": "630",
            "name:fa": "رستم مبارک‌آبادی",
            "sources": "https://t.me/RememberTheirNames/675"
          },
          {
            "date": "1767976200",
            "image": "photos/photo_626@22-01-2026_17-11-24.jpg",
            "rtn_id": "632",
            "name:fa": "علی براتیان",
            "sources": "https://t.me/RememberTheirNames/678"
          },
          {
            "date": "1767889800",
            "image": "photos/photo_627@22-01-2026_17-15-08.jpg",
            "rtn_id": "633",
            "name:fa": "حمید فقیه",
            "sources": "https://t.me/RememberTheirNames/679"
          },
          {
            "date": "1767976200",
            "image": "photos/photo_628@22-01-2026_17-16-37.jpg",
            "rtn_id": "634",
            "name:fa": "مهدی ابدالی",
            "sources": "https://t.me/RememberTheirNames/680"
          },
          {
            "date": "1767889845-1768161645",
            "image": "photos/photo_632@22-01-2026_17-44-43.jpg",
            "rtn_id": "638",
            "name:fa": "محمدحسین موسوی",
            "sources": "https://t.me/RememberTheirNames/684"
          },
          {
            "date": "1767889845-1768161645",
            "image": "photos/photo_633@22-01-2026_17-46-33.jpg",
            "rtn_id": "639",
            "name:fa": "پویا قشقایی",
            "sources": "https://t.me/RememberTheirNames/685"
          },
          {
            "date": "1767889845-1768161645",
            "image": "photos/photo_634@22-01-2026_17-48-45.jpg",
            "rtn_id": "640",
            "name:fa": "مصطفی صفیان",
            "sources": "https://t.me/RememberTheirNames/686"
          },
          {
            "date": "1767889800",
            "image": "photos/photo_638@22-01-2026_18-11-09.jpg",
            "rtn_id": "644",
            "name:fa": "امیررضا فتحیان",
            "sources": "https://t.me/RememberTheirNames/690"
          },
          {
            "date": "1767889845-1768161645",
            "image": "photos/photo_647@22-01-2026_18-47-50.jpg",
            "rtn_id": "653",
            "name:fa": "آیناز رحیمی",
            "sources": "https://t.me/RememberTheirNames/700"
          },
          {
            "date": "1767889845-1768161645",
            "image": "photos/photo_648@22-01-2026_18-49-39.jpg",
            "rtn_id": "654",
            "name:fa": "محمد نعمتی",
            "sources": "https://t.me/RememberTheirNames/701"
          },
          {
            "date": "1767889845-1768161645",
            "image": "photos/photo_652@22-01-2026_19-52-48.jpg",
            "rtn_id": "658",
            "name:fa": "کرمعلی اعلائی",
            "sources": "https://t.me/RememberTheirNames/705"
          },
          {
            "date": "1767889845-1768161645",
            "image": "photos/photo_653@22-01-2026_19-56-19.jpg",
            "rtn_id": "659",
            "name:fa": "مصطفی روح‌الهی",
            "sources": "https://t.me/RememberTheirNames/706"
          },
          {
            "date": "1767976200",
            "image": "photos/photo_655@22-01-2026_20-59-15.jpg",
            "rtn_id": "661",
            "name:fa": "هاجر اسحاقی",
            "sources": "https://t.me/RememberTheirNames/708"
          },
          {
            "date": "1767889845-1768161645",
            "image": "photos/photo_657@22-01-2026_21-03-37.jpg",
            "rtn_id": "663",
            "name:fa": "فرید سیفی خُرزوقی",
            "sources": "https://t.me/RememberTheirNames/710"
          },
          {
            "date": "1767976200",
            "image": "photos/photo_662@22-01-2026_21-13-16.jpg",
            "rtn_id": "668",
            "name:fa": "پوریا دهقانی",
            "sources": "https://t.me/RememberTheirNames/715"
          },
          {
            "date": "1767976200",
            "image": "photos/photo_428@21-01-2026_11-28-33.jpg",
            "rtn_id": "669",
            "name:fa": "شهباز شجاعی",
            "sources": "https://t.me/RememberTheirNames/716"
          },
          {
            "date": "1767889800",
            "image": "photos/photo_691@22-01-2026_23-42-48.jpg",
            "rtn_id": "697",
            "name:fa": "حسین رحیمی",
            "sources": "https://t.me/RememberTheirNames/747"
          },
          {
            "date": "1767889845-1768161645",
            "image": "photos/photo_718@23-01-2026_02-39-27.jpg",
            "rtn_id": "724",
            "name:fa": "محسن چیت‌ساز",
            "sources": "https://t.me/RememberTheirNames/774"
          },
          {
            "date": "1767976200",
            "image": "photos/photo_729@23-01-2026_10-59-41.jpg",
            "rtn_id": "735",
            "name:fa": "عبدالله هادی‌زاده",
            "sources": "https://t.me/RememberTheirNames/785"
          },
          {
            "date": "1768062600",
            "image": "photos/photo_735@23-01-2026_11-18-54.jpg",
            "rtn_id": "741",
            "name:fa": "اکبر جهانگیری",
            "sources": "https://t.me/RememberTheirNames/791"
          },
          {
            "date": "1767889845-1768161645",
            "image": "photos/photo_737@23-01-2026_11-21-49.jpg",
            "rtn_id": "743",
            "name:fa": "امید حسنپور  ۱۸ ساله",
            "sources": "https://t.me/RememberTheirNames/793"
          },
          {
            "date": "1767889800",
            "image": "photos/photo_742@23-01-2026_11-35-39.jpg",
            "rtn_id": "748",
            "name:fa": "مجید اسماعیلی",
            "sources": "https://t.me/RememberTheirNames/798"
          },
          {
            "date": "1767889845-1768161645",
            "image": "photos/photo_745@23-01-2026_11-40-34.jpg",
            "rtn_id": "751",
            "name:fa": "حنانه عزیزی",
            "sources": "https://t.me/RememberTheirNames/801"
          },
          {
            "date": "1767976200",
            "image": "photos/photo_750@23-01-2026_12-58-19.jpg",
            "rtn_id": "756",
            "name:fa": "سید امین قریشی شهرکی",
            "sources": "https://t.me/RememberTheirNames/806"
          },
          {
            "date": "1767889845-1768161645",
            "image": "photos/photo_767@23-01-2026_13-52-52.jpg",
            "rtn_id": "773",
            "name:fa": "علی صالح‌پور",
            "sources": "https://t.me/RememberTheirNames/823"
          },
          {
            "date": "1767889845-1768161645",
            "image": "photos/photo_770@23-01-2026_14-14-40.jpg",
            "rtn_id": "776",
            "name:fa": "محمدصادق محرابی",
            "sources": "https://t.me/RememberTheirNames/828"
          },
          {
            "date": "1767889845-1768161645",
            "image": "photos/photo_771@23-01-2026_14-17-26.jpg",
            "rtn_id": "777",
            "name:fa": "دانیال زمانی",
            "sources": "https://t.me/RememberTheirNames/829"
          },
          {
            "date": "1767889845-1768161645",
            "image": "photos/photo_772@23-01-2026_14-18-26.jpg",
            "rtn_id": "778",
            "name:fa": "احسان (نریمان) خواجوی‌زاده",
            "sources": "https://t.me/RememberTheirNames/830"
          },
          {
            "date": "1767889845-1768161645",
            "image": "photos/photo_788@23-01-2026_15-02-35.jpg",
            "rtn_id": "794",
            "name:fa": "علیرضا عباسی",
            "sources": "https://t.me/RememberTheirNames/846"
          },
          {
            "date": "1767889800",
            "image": "photos/photo_799@23-01-2026_17-01-06.jpg",
            "rtn_id": "805",
            "name:fa": "میلاد قاسمی",
            "sources": "https://t.me/RememberTheirNames/857"
          },
          {
            "date": "1768062600",
            "image": "photos/photo_811@23-01-2026_17-36-03.jpg",
            "rtn_id": "818",
            "name:fa": "سید پرویز محمدی",
            "sources": "https://t.me/RememberTheirNames/869"
          },
          {
            "date": "1767976200",
            "image": "photos/photo_829@23-01-2026_18-58-12.jpg",
            "rtn_id": "836",
            "name:fa": "پرهام داوودی کاشانی",
            "sources": "https://t.me/RememberTheirNames/888"
          },
          {
            "date": "1767976200",
            "image": "photos/photo_836@23-01-2026_19-28-03.jpg",
            "rtn_id": "843",
            "name:fa": "بابک جعفری",
            "sources": "https://t.me/RememberTheirNames/895"
          },
          {
            "date": "1767889845-1768161645",
            "image": "photos/photo_847@23-01-2026_20-16-48.jpg",
            "rtn_id": "854",
            "name:fa": "امید خرسند",
            "sources": "https://t.me/RememberTheirNames/906"
          },
          {
            "date": "1767889845-1768161645",
            "image": "photos/photo_851@23-01-2026_20-34-27.jpg",
            "rtn_id": "858",
            "name:fa": "علی کریمی",
            "sources": "https://t.me/RememberTheirNames/910"
          },
          {
            "date": "1767889845-1768161645",
            "image": "photos/photo_852@23-01-2026_20-38-19.jpg",
            "rtn_id": "859",
            "name:fa": "سپهر گنجه",
            "sources": "https://t.me/RememberTheirNames/911"
          },
          {
            "date": "1767889845-1768161645",
            "image": "photos/photo_853@23-01-2026_20-39-32.jpg",
            "rtn_id": "860",
            "name:fa": "بهروز بیگدلی",
            "sources": "https://t.me/RememberTheirNames/912"
          },
          {
            "date": "1767889845-1768161645",
            "image": "photos/photo_854@23-01-2026_20-57-14.jpg",
            "rtn_id": "861",
            "name:fa": "سید مهدی حق‌دوست",
            "sources": "https://t.me/RememberTheirNames/913"
          },
          {
            "date": "1767976200",
            "image": "photos/photo_893@23-01-2026_23-55-11.jpg",
            "rtn_id": "901",
            "name:fa": "زهره شماعی‌زاده",
            "sources": "https://t.me/RememberTheirNames/953"
          },
          {
            "date": "1767889800",
            "image": "photos/photo_895@24-01-2026_00-01-58.jpg",
            "rtn_id": "903",
            "name:fa": "حمیدرضا وطن‌جو",
            "sources": "https://t.me/RememberTheirNames/955"
          },
          {
            "date": "1767889800",
            "image": "photos/photo_911@24-01-2026_01-00-47.jpg",
            "rtn_id": "920",
            "name:fa": "فواد صافی",
            "sources": "https://t.me/RememberTheirNames/972"
          },
          {
            "date": "1767976200",
            "image": "photos/photo_924@24-01-2026_12-39-02.jpg",
            "rtn_id": "933",
            "name:fa": "آریا حیدری دهکردی",
            "sources": "https://t.me/RememberTheirNames/985"
          },
          {
            "date": "1767976200",
            "image": "photos/photo_932@24-01-2026_13-06-24.jpg",
            "rtn_id": "941",
            "name:fa": "سروش خبازیان مقدم",
            "sources": "https://t.me/RememberTheirNames/994"
          },
          {
            "date": "1767889845-1768161645",
            "image": "photos/photo_944@24-01-2026_14-03-18.jpg",
            "rtn_id": "953",
            "name:fa": "اشکان رستمی",
            "sources": "https://t.me/RememberTheirNames/1006"
          },
          {
            "date": "1767976200",
            "image": "photos/photo_961@24-01-2026_15-02-14.jpg",
            "rtn_id": "970",
            "name:fa": "اسماعیل بیگی",
            "sources": "https://t.me/RememberTheirNames/1024"
          },
          {
            "date": "1767976200",
            "image": "photos/photo_983@24-01-2026_16-46-33.jpg",
            "rtn_id": "992",
            "name:fa": "مهرزاد بهداروند",
            "sources": "https://t.me/RememberTheirNames/1047"
          },
          {
            "date": "1767889845-1768161645",
            "image": "photos/photo_996@24-01-2026_17-53-34.jpg",
            "rtn_id": "1005",
            "name:fa": "داوود قرقانی",
            "sources": "https://t.me/RememberTheirNames/1060"
          },
          {
            "date": "1767889800",
            "image": "photos/photo_1051@24-01-2026_23-07-07.jpg",
            "rtn_id": "1061",
            "name:fa": "داوود سلطانی",
            "sources": "https://t.me/RememberTheirNames/1120"
          },
          {
            "date": "1767976200",
            "image": "photos/photo_1076@25-01-2026_01-26-27.jpg",
            "rtn_id": "1086",
            "name:fa": "میثم نوری",
            "sources": "https://t.me/RememberTheirNames/1147"
          },
          {
            "date": "1767889800",
            "image": "photos/photo_1077@25-01-2026_01-35-22.jpg",
            "rtn_id": "1087",
            "name:fa": "علی ایازی",
            "sources": "https://t.me/RememberTheirNames/1148"
          },
          {
            "date": "1767889800",
            "image": "photos/photo_1112@25-01-2026_13-19-20.jpg",
            "rtn_id": "1122",
            "name:fa": "مهران نیایش",
            "sources": "https://t.me/RememberTheirNames/1186"
          },
          {
            "date": "1767976200",
            "image": "photos/photo_1119@25-01-2026_14-05-52.jpg",
            "rtn_id": "1129",
            "name:fa": "علیرضا وکیلی",
            "sources": "https://t.me/RememberTheirNames/1193"
          },
          {
            "date": "1767976200",
            "image": "photos/photo_1121@25-01-2026_14-47-48.jpg",
            "rtn_id": "1131",
            "name:fa": "حسام شومالی",
            "sources": "https://t.me/RememberTheirNames/1195"
          },
          {
            "date": "1767889800",
            "image": "photos/photo_1163@25-01-2026_20-33-47.jpg",
            "rtn_id": "1173",
            "name:fa": "مهدی حسینی منجزی",
            "sources": "https://t.me/RememberTheirNames/1239"
          },
          {
            "date": "1767976200",
            "image": "photos/photo_1183@25-01-2026_22-41-28.jpg",
            "rtn_id": "1193",
            "name:fa": "آرمین عباسپور",
            "sources": "https://t.me/RememberTheirNames/1261"
          },
          {
            "date": "1767889845-1768161645",
            "image": "photos/photo_1192@26-01-2026_00-08-21.jpg",
            "rtn_id": "1203",
            "name:fa": "استادمحمد جعفری",
            "sources": "https://t.me/RememberTheirNames/1270"
          },
          {
            "date": "1767889845-1768161645",
            "image": "photos/photo_1208@26-01-2026_01-42-32.jpg",
            "rtn_id": "1219",
            "name:fa": "سعید رضایی ۱۷ ساله",
            "sources": "https://t.me/RememberTheirNames/1286"
          },
          {
            "date": "1767889845-1768161645",
            "image": "photos/photo_1209@26-01-2026_01-45-32.jpg",
            "rtn_id": "1220",
            "name:fa": "علیرضا نوروزی",
            "sources": "https://t.me/RememberTheirNames/1287"
          },
          {
            "date": "1767889845-1768161645",
            "image": "photos/photo_1210@26-01-2026_01-46-58.jpg",
            "rtn_id": "1221",
            "name:fa": "محمد احمدی",
            "sources": "https://t.me/RememberTheirNames/1288"
          },
          {
            "date": "1767889845-1768161645",
            "image": "photos/photo_1211@26-01-2026_01-49-06.jpg",
            "rtn_id": "1222",
            "name:fa": "مجید چترایی",
            "sources": "https://t.me/RememberTheirNames/1289"
          },
          {
            "date": "1767889845-1768161645",
            "image": "photos/photo_1212@26-01-2026_01-50-09.jpg",
            "rtn_id": "1223",
            "name:fa": "محمد پیرمرادیان",
            "sources": "https://t.me/RememberTheirNames/1290"
          },
          {
            "date": "1767976200",
            "image": "photos/photo_1213@26-01-2026_01-51-10.jpg",
            "rtn_id": "1224",
            "name:fa": "امیرحسین ابراهیمی",
            "sources": "https://t.me/RememberTheirNames/1291"
          },
          {
            "date": "1767889845-1768161645",
            "image": "photos/photo_1214@26-01-2026_01-52-14.jpg",
            "rtn_id": "1225",
            "name:fa": "فرهاد فارسی",
            "sources": "https://t.me/RememberTheirNames/1292"
          },
          {
            "date": "1767976200",
            "image": "photos/photo_1215@26-01-2026_01-53-41.jpg",
            "rtn_id": "1226",
            "name:fa": "ابوالفضل طاووسی نیک‌آبادی",
            "sources": "https://t.me/RememberTheirNames/1293"
          },
          {
            "date": "1767889845-1768161645",
            "image": "photos/photo_1216@26-01-2026_01-54-55.jpg",
            "rtn_id": "1227",
            "name:fa": "مهدی سلیمانی",
            "sources": "https://t.me/RememberTheirNames/1294"
          },
          {
            "date": "1767889845-1768161645",
            "image": "photos/photo_1217@26-01-2026_01-56-09.jpg",
            "rtn_id": "1228",
            "name:fa": "مسعود کریم ۱۵ ساله",
            "sources": "https://t.me/RememberTheirNames/1295"
          },
          {
            "date": "1767889845-1768161645",
            "image": "photos/photo_1219@26-01-2026_02-19-10.jpg",
            "rtn_id": "1230",
            "name:fa": "میکاییل مصطفوی",
            "sources": "https://t.me/RememberTheirNames/1297"
          },
          {
            "date": "1767976200",
            "image": "photos/photo_1233@26-01-2026_12-55-37.jpg",
            "rtn_id": "1245",
            "name:fa": "صادق عسگری",
            "sources": "https://t.me/RememberTheirNames/1311"
          },
          {
            "date": "1767889845-1768161645",
            "image": "photos/photo_1240@26-01-2026_14-35-07.jpg",
            "rtn_id": "1252",
            "name:fa": "حمید میرلوحی",
            "sources": "https://t.me/RememberTheirNames/1318"
          },
          {
            "date": "1767889845-1768161645",
            "image": "photos/photo_1248@26-01-2026_15-36-23.jpg",
            "rtn_id": "1260",
            "name:fa": "رامین رئیسی",
            "sources": "https://t.me/RememberTheirNames/1327"
          },
          {
            "date": "1767889800",
            "image": "photos/photo_1259@26-01-2026_16-49-37.jpg",
            "rtn_id": "1271",
            "name:fa": "متین رنجکش",
            "sources": "https://t.me/RememberTheirNames/1338"
          },
          {
            "date": "1767889845-1768161645",
            "image": "photos/photo_1307@26-01-2026_22-13-14.jpg",
            "rtn_id": "1319",
            "name:fa": "مهدی کناری خانی‌آبادی",
            "sources": "https://t.me/RememberTheirNames/1387"
          },
          {
            "date": "1767976200",
            "image": "photos/photo_1317@26-01-2026_23-04-11.jpg",
            "rtn_id": "1329",
            "name:fa": "ملکه رضویان",
            "sources": "https://t.me/RememberTheirNames/1398"
          },
          {
            "date": "1767889845-1768161645",
            "image": "photos/photo_1321@26-01-2026_23-31-43.jpg",
            "rtn_id": "1333",
            "name:fa": "عرفان مومنی",
            "sources": "https://t.me/RememberTheirNames/1402"
          },
          {
            "date": "1767976200",
            "image": "photos/photo_1336@27-01-2026_01-17-07.jpg",
            "rtn_id": "1348",
            "name:fa": "محمد کیانی هرچگانی",
            "sources": "https://t.me/RememberTheirNames/1417"
          },
          {
            "date": "1767976200",
            "image": "photos/photo_1354@27-01-2026_13-20-33.jpg",
            "rtn_id": "1366",
            "name:fa": "حمدالله سلیمیان",
            "sources": "https://t.me/RememberTheirNames/1436"
          },
          {
            "date": "1767976200",
            "image": "photos/photo_1361@27-01-2026_13-41-13.jpg",
            "rtn_id": "1373",
            "name:fa": "احمد محراب‌بیک",
            "sources": "https://t.me/RememberTheirNames/1443"
          },
          {
            "date": "1767976200",
            "image": "photos/photo_1396@27-01-2026_17-24-33.jpg",
            "rtn_id": "1407",
            "name:fa": "مهدی سنمار",
            "sources": "https://t.me/RememberTheirNames/1483"
          },
          {
            "date": "1767889845-1768161645",
            "image": "photos/photo_1400@27-01-2026_17-52-02.jpg",
            "rtn_id": "1411",
            "name:fa": "بهنام خواجوی‌نیا",
            "sources": "https://t.me/RememberTheirNames/1488"
          },
          {
            "date": "1767889800",
            "image": "photos/photo_1405@27-01-2026_18-05-13.jpg",
            "rtn_id": "1416",
            "name:fa": "ناصر توکلیان",
            "sources": "https://t.me/RememberTheirNames/1494"
          },
          {
            "date": "1767889845-1768161645",
            "image": "photos/photo_1407@27-01-2026_18-09-48.jpg",
            "rtn_id": "1418",
            "name:fa": "حسن دهقانی",
            "sources": "https://t.me/RememberTheirNames/1496"
          },
          {
            "date": "1767976200",
            "image": "photos/photo_1409@27-01-2026_18-26-10.jpg",
            "rtn_id": "1420",
            "name:fa": "بهزاد کیوانداریان",
            "sources": "https://t.me/RememberTheirNames/1498"
          },
          {
            "date": "1767889800",
            "image": "photos/photo_1378@27-01-2026_15-06-10.jpg",
            "rtn_id": "1390",
            "name:fa": "داوود سلطانی هلیسادی",
            "sources": "https://t.me/RememberTheirNames/1461"
          },
          {
            "date": "1767976200",
            "image": "photos/photo_221@19-01-2026_19-13-25.jpg",
            "rtn_id": "224",
            "name:fa": "حسن قاسمی",
            "sources": "https://t.me/RememberTheirNames/256"
          },
          {
            "date": "1767976200",
            "image": "photos/photo_226@19-01-2026_19-28-30.jpg",
            "rtn_id": "231",
            "name:fa": "عرشیا احمدپور",
            "sources": "https://t.me/RememberTheirNames/261"
          },
          {
            "date": "1767889800",
            "image": "photos/photo_620@22-01-2026_16-20-16.jpg",
            "rtn_id": "626",
            "name:fa": "نیلوفر مسعودی",
            "sources": "https://t.me/RememberTheirNames/671"
          },
          {
            "date": "1767976200",
            "image": "photos/photo_265@19-01-2026_22-45-48.jpg",
            "rtn_id": "270",
            "name:fa": "سهیل زیلابی",
            "sources": "https://t.me/RememberTheirNames/303"
          },
          {
            "date": "1767976200",
            "image": "photos/photo_289@20-01-2026_00-14-57.jpg",
            "rtn_id": "294",
            "name:fa": "مهدی اکبری جمالوئی",
            "sources": "https://t.me/RememberTheirNames/327"
          },
          {
            "date": "1767976200",
            "image": "photos/photo_613@22-01-2026_16-05-27.jpg",
            "rtn_id": "619",
            "name:fa": "مجید افشاری",
            "sources": "https://t.me/RememberTheirNames/664"
          },
          {
            "date": "1767976200",
            "image": "photos/photo_614@22-01-2026_16-06-38.jpg",
            "rtn_id": "620",
            "name:fa": "محمد سپیانی",
            "sources": "https://t.me/RememberTheirNames/665"
          },
          {
            "date": "1767976200",
            "image": "photos/photo_615@22-01-2026_16-07-30.jpg",
            "rtn_id": "621",
            "name:fa": "اسماعیل اصلانی",
            "sources": "https://t.me/RememberTheirNames/666"
          },
          {
            "date": "1767889800",
            "image": "photos/photo_433@21-01-2026_11-53-40.jpg",
            "rtn_id": "438",
            "name:fa": "زهرا محمودپور",
            "sources": "https://t.me/RememberTheirNames/473"
          },
          {
            "date": "1767889800",
            "image": "photos/photo_494@21-01-2026_18-56-20.jpg",
            "rtn_id": "499",
            "name:fa": "محمد گلی",
            "sources": "https://t.me/RememberTheirNames/537"
          },
          {
            "date": "1767889800",
            "image": "photos/photo_577@22-01-2026_13-28-15.jpg",
            "rtn_id": "582",
            "name:fa": "محسن عباسی",
            "sources": "https://t.me/RememberTheirNames/625"
          },
          {
            "date": "1767976200",
            "image": "photos/photo_646@22-01-2026_18-46-55.jpg",
            "rtn_id": "652",
            "name:fa": "حسین رادی",
            "sources": "https://t.me/RememberTheirNames/699"
          },
          {
            "date": "1767889800",
            "image": "photos/photo_981@24-01-2026_16-40-04.jpg",
            "rtn_id": "990",
            "name:fa": "امیرحسین خدادادی",
            "sources": "https://t.me/RememberTheirNames/1045"
          },
          {
            "date": "1767889800",
            "image": "photos/photo_1063@25-01-2026_00-21-40.jpg",
            "rtn_id": "1073",
            "name:fa": "محمد رجایی",
            "sources": "https://t.me/RememberTheirNames/1133"
          },
          {
            "date": "1767976200",
            "image": "photos/photo_1075@25-01-2026_01-23-56.jpg",
            "rtn_id": "1085",
            "name:fa": "حسین جوزقیان",
            "sources": "https://t.me/RememberTheirNames/1146"
          },
          {
            "date": "1767889800",
            "image": "photos/photo_1391@27-01-2026_16-49-18.jpg",
            "rtn_id": "1402",
            "name:fa": "مجتبی جوزی",
            "sources": "https://t.me/RememberTheirNames/1478"
          },
          {
            "date": "1767889800",
            "image": "photos/photo_666@22-01-2026_21-37-08.jpg",
            "rtn_id": "672",
            "name:fa": "عبدالله ادیبی",
            "sources": "https://t.me/RememberTheirNames/719"
          },
          {
            "date": "1767889800",
            "image": "photos/photo_667@22-01-2026_21-39-15.jpg",
            "rtn_id": "673",
            "name:fa": "عباس امین‌زاده",
            "sources": "https://t.me/RememberTheirNames/720"
          },
          {
            "date": "1767889800",
            "image": "photos/photo_668@22-01-2026_21-39-36.jpg",
            "rtn_id": "674",
            "name:fa": "حسین براتی",
            "sources": "https://t.me/RememberTheirNames/721"
          },
          {
            "date": "1767976200",
            "image": "photos/photo_814@23-01-2026_17-50-57.jpg",
            "rtn_id": "821",
            "name:fa": "امیر رادمان‌مهر",
            "sources": "https://t.me/RememberTheirNames/872"
          },
          {
            "date": "1768062600",
            "image": "photos/photo_947@24-01-2026_14-07-53.jpg",
            "rtn_id": "956",
            "name:fa": "محمد اسدی",
            "sources": "https://t.me/RememberTheirNames/1009"
          },
          {
            "date": "1767976200",
            "image": "photos/photo_951@24-01-2026_14-32-32.jpg",
            "rtn_id": "960",
            "name:fa": "عباس (حسن) اکبرپور",
            "sources": "https://t.me/RememberTheirNames/1013"
          },
          {
            "date": "1767976200",
            "image": "photos/photo_1297@26-01-2026_20-54-07.jpg",
            "rtn_id": "1309",
            "name:fa": "مرتضی پناهی",
            "sources": "https://t.me/RememberTheirNames/1377"
          },
          {
            "date": "1767889800",
            "image": "photos/photo_1039@24-01-2026_21-45-56.jpg",
            "rtn_id": "1048",
            "name:fa": "علی محمدصادقی",
            "sources": "https://t.me/RememberTheirNames/1107"
          },
          {
            "date": "1767976200",
            "image": "photos/photo_1237@26-01-2026_14-11-32.jpg",
            "rtn_id": "1249",
            "name:fa": "حمیدرضا دهخدا",
            "sources": "https://t.me/RememberTheirNames/1315"
          },
          {
            "date": "1767889800",
            "image": "photos/photo_1265@26-01-2026_17-19-46.jpg",
            "rtn_id": "1277",
            "name:fa": "کوروش ضیائی",
            "sources": "https://t.me/RememberTheirNames/1344"
          },
          {
            "date": "1767889800",
            "image": "photos/photo_1266@26-01-2026_17-21-42.jpg",
            "rtn_id": "1278",
            "name:fa": "محسن رمضانی",
            "sources": "https://t.me/RememberTheirNames/1345"
          },
          {
            "date": "1767889800",
            "image": "photos/photo_1267@26-01-2026_17-22-56.jpg",
            "rtn_id": "1279",
            "name:fa": "افشین رضائیان",
            "sources": "https://t.me/RememberTheirNames/1346"
          },
          {
            "date": "1767976200",
            "image": "photos/photo_1268@26-01-2026_17-23-53.jpg",
            "rtn_id": "1280",
            "name:fa": "حامد طالبی",
            "sources": "https://t.me/RememberTheirNames/1347"
          },
          {
            "date": "1767976200",
            "image": "photos/photo_1304@26-01-2026_21-47-05.jpg",
            "rtn_id": "1316",
            "name:fa": "کامران احمدی",
            "sources": "https://t.me/RememberTheirNames/1384"
          },
          {
            "date": "1767889800",
            "image": "photos/photo_1432@27-01-2026_21-08-37.jpg",
            "rtn_id": "1443",
            "name:fa": "مسیح شاهوردی",
            "sources": "https://t.me/RememberTheirNames/1522"
          },
          {
            "date": "1767976200",
            "image": "photos/photo_1435@27-01-2026_21-33-45.jpg",
            "rtn_id": "1446",
            "name:fa": "محمد پایمرد",
            "sources": "https://t.me/RememberTheirNames/1525"
          },
          {
            "date": "1767976200",
            "image": "photos/photo_1438@27-01-2026_21-44-48.jpg",
            "rtn_id": "1449",
            "name:fa": "علی‌اصغر رجایی رامشه",
            "sources": "https://t.me/RememberTheirNames/1528"
          },
          {
            "date": null,
            "image": "photos/photo_1472@27-01-2026_23-59-10.jpg",
            "rtn_id": "1483",
            "name:fa": "ایمان بابایی",
            "sources": "https://t.me/RememberTheirNames/1562"
          },
          {
            "date": "1767976200",
            "image": "photos/photo_1476@28-01-2026_00-40-04.jpg",
            "rtn_id": "1487",
            "name:fa": "حامد برجیس",
            "sources": "https://t.me/RememberTheirNames/1567"
          },
          {
            "date": "1767976200",
            "image": "photos/photo_1483@28-01-2026_01-02-02.jpg",
            "rtn_id": "1494",
            "name:fa": "بیتا اکبری",
            "sources": "https://t.me/RememberTheirNames/1576"
          },
          {
            "date": null,
            "image": "photos/photo_1488@28-01-2026_01-23-21.jpg",
            "rtn_id": "1499",
            "name:fa": "مسیح بیگدلی",
            "sources": "https://t.me/RememberTheirNames/1581"
          },
          {
            "date": "1767976200",
            "image": "photos/photo_1489@28-01-2026_01-24-42.jpg",
            "rtn_id": "1500",
            "name:fa": "آنیلا ابوطالبیان ۸ ساله",
            "sources": "https://t.me/RememberTheirNames/1582"
          },
          {
            "date": "1768062600",
            "image": "photos/photo_1512@28-01-2026_15-05-25.jpg",
            "rtn_id": "1523",
            "name:fa": "سعید تیموری",
            "sources": "https://t.me/RememberTheirNames/1607"
          },
          {
            "date": "1767976200",
            "image": "photos/photo_1537@28-01-2026_17-53-25.jpg",
            "rtn_id": "1548",
            "name:fa": "محمدرضا ایوبی‌نژاد",
            "sources": "https://t.me/RememberTheirNames/1633"
          },
          {
            "date": "1767976200",
            "image": "photos/photo_1543@28-01-2026_18-06-28.jpg",
            "rtn_id": "1554",
            "name:fa": "داوود حاجتی",
            "sources": "https://t.me/RememberTheirNames/1639"
          },
          {
            "date": "1767976200",
            "image": "photos/photo_1582@28-01-2026_23-52-06.jpg",
            "rtn_id": "1593",
            "name:fa": "مجید بویری",
            "sources": "https://t.me/RememberTheirNames/1678"
          },
          {
            "date": null,
            "image": "photos/photo_1607@29-01-2026_17-19-20.jpg",
            "rtn_id": "1618",
            "name:fa": "علی خسروی",
            "sources": "https://t.me/RememberTheirNames/1704"
          },
          {
            "date": null,
            "image": "photos/photo_1620@29-01-2026_20-38-18.jpg",
            "rtn_id": "1631",
            "name:fa": "عباس قاسمی",
            "sources": "https://t.me/RememberTheirNames/1717"
          },
          {
            "date": null,
            "image": "photos/photo_1621@29-01-2026_20-41-34.jpg",
            "rtn_id": "1632",
            "name:fa": "نورالله مجیری",
            "sources": "https://t.me/RememberTheirNames/1718"
          },
          {
            "date": "1767976200",
            "image": "photos/photo_1630@29-01-2026_22-26-24.jpg",
            "rtn_id": "1641",
            "name:fa": "مریم فردوسی",
            "sources": "https://t.me/RememberTheirNames/1727"
          },
          {
            "date": "1767976200",
            "image": "photos/photo_1638@29-01-2026_23-23-27.jpg",
            "rtn_id": "1649",
            "name:fa": "علیرضا نصیری",
            "sources": "https://t.me/RememberTheirNames/1735"
          },
          {
            "date": "1767976200",
            "image": "photos/photo_1643@30-01-2026_00-03-34.jpg",
            "rtn_id": "1654",
            "name:fa": "محمد امینی",
            "sources": "https://t.me/RememberTheirNames/1740"
          },
          {
            "date": "1767976200",
            "image": "photos/photo_1695@30-01-2026_17-20-50.jpg",
            "rtn_id": "1706",
            "name:fa": "میثم لالی",
            "sources": "https://t.me/RememberTheirNames/1797"
          },
          {
            "date": null,
            "image": "photos/photo_1717@30-01-2026_20-00-20.jpg",
            "rtn_id": "1728",
            "name:fa": "نیما عباسی",
            "sources": "https://t.me/RememberTheirNames/1823"
          },
          {
            "date": null,
            "image": "photos/photo_1723@30-01-2026_20-39-47.jpg",
            "rtn_id": "1734",
            "name:fa": "سارا نادری",
            "sources": "https://t.me/RememberTheirNames/1830"
          },
          {
            "date": "1767976200",
            "image": "photos/photo_1734@30-01-2026_22-04-30.jpg",
            "rtn_id": "1745",
            "name:fa": "مسعود مدبر",
            "sources": "https://t.me/RememberTheirNames/1842"
          },
          {
            "date": null,
            "image": "photos/photo_1762@31-01-2026_12-27-44.jpg",
            "rtn_id": "1773",
            "name:fa": "نیما کدخدایی ۱۵ ساله",
            "sources": "https://t.me/RememberTheirNames/1870"
          },
          {
            "date": "1767976200",
            "image": "photos/photo_1789@31-01-2026_16-19-37.jpg",
            "rtn_id": "1800",
            "name:fa": "امیرعباس مزروعی",
            "sources": "https://t.me/RememberTheirNames/1899"
          },
          {
            "date": "1767976200",
            "image": "photos/photo_1588@29-01-2026_12-38-59.jpg",
            "rtn_id": "1599",
            "name:fa": "علی دهقانی",
            "sources": "https://t.me/RememberTheirNames/1685"
          },
          {
            "date": "1767889800",
            "image": "photos/photo_1610@29-01-2026_17-43-22.jpg",
            "rtn_id": "1621",
            "name:fa": "محمد مقصودفر",
            "sources": "https://t.me/RememberTheirNames/1707"
          },
          {
            "date": "1767889800",
            "image": "photos/photo_1622@29-01-2026_20-52-34.jpg",
            "rtn_id": "1633",
            "name:fa": "مهدی راونجی",
            "sources": "https://t.me/RememberTheirNames/1719"
          },
          {
            "date": "1767976200",
            "image": "photos/photo_1665@30-01-2026_13-47-18.jpg",
            "rtn_id": "1676",
            "name:fa": "پژمان نیکبخت",
            "sources": "https://t.me/RememberTheirNames/1764"
          },
          {
            "date": "1767976200",
            "image": "photos/photo_1729@30-01-2026_21-30-41.jpg",
            "rtn_id": "1740",
            "name:fa": "هادی هوایی",
            "sources": "https://t.me/RememberTheirNames/1837"
          },
          {
            "date": "1768062600",
            "image": "photos/photo_1449@27-01-2026_22-36-15.jpg",
            "rtn_id": "1460",
            "name:fa": "رحیم حیدری",
            "sources": "https://t.me/RememberTheirNames/1539"
          },
          {
            "date": "1767889800",
            "image": "photos/photo_1623@29-01-2026_20-55-50.jpg",
            "rtn_id": "1634",
            "name:fa": "محمد محمدی",
            "sources": "https://t.me/RememberTheirNames/1720"
          },
          {
            "date": "1767889800",
            "image": "photos/photo_1629@29-01-2026_22-08-16.jpg",
            "rtn_id": "1640",
            "name:fa": "زهیر رحیمی",
            "sources": "https://t.me/RememberTheirNames/1726"
          },
          {
            "date": "1767976200",
            "image": "photos/photo_1686@30-01-2026_16-12-31.jpg",
            "rtn_id": "1697",
            "name:fa": "محمدرضا صالحی",
            "sources": "https://t.me/RememberTheirNames/1787"
          },
          {
            "date": "1767976200",
            "image": "photos/photo_1507@28-01-2026_13-58-58.jpg",
            "rtn_id": "1518",
            "name:fa": "مجتبی (شاه‌مراد) شهپری",
            "sources": "https://t.me/RememberTheirNames/1602"
          },
          {
            "date": "1767976200",
            "image": "photos/photo_1533@28-01-2026_17-43-26.jpg",
            "rtn_id": "1544",
            "name:fa": "علیرضا موسوی‌نور",
            "sources": "https://t.me/RememberTheirNames/1629"
          },
          {
            "date": "1768149000",
            "image": "photos/photo_1677@30-01-2026_15-19-41.jpg",
            "rtn_id": "1688",
            "name:fa": "فرهاد پورکاوه دهکردی",
            "sources": "https://t.me/RememberTheirNames/1776"
          },
          {
            "date": "1767976200",
            "image": "photos/photo_1527@28-01-2026_16-09-16.jpg",
            "rtn_id": "1538",
            "name:fa": "فرزاد طالبی",
            "sources": "https://t.me/RememberTheirNames/1622"
          },
          {
            "date": "1767889800",
            "image": "photos/photo_1754@31-01-2026_11-42-45.jpg",
            "rtn_id": "1765",
            "name:fa": "حسن ایرانپور",
            "sources": "https://t.me/RememberTheirNames/1862"
          },
          {
            "date": "1768062600",
            "image": "photos/photo_1674@30-01-2026_14-57-52.jpg",
            "rtn_id": "1685",
            "name:fa": "فروزان میریان",
            "sources": "https://t.me/RememberTheirNames/1773"
          },
          {
            "date": "1767976200",
            "image": "photos/photo_1694@30-01-2026_17-17-32.jpg",
            "rtn_id": "1705",
            "name:fa": "محمدرضا امیری",
            "sources": "https://t.me/RememberTheirNames/1796"
          },
          {
            "date": "1767889800",
            "image": "photos/photo_1468@27-01-2026_23-39-15.jpg",
            "rtn_id": "1479",
            "name:fa": "یونس چراغی",
            "sources": "https://t.me/RememberTheirNames/1558"
          },
          {
            "date": "1767976200",
            "image": "photos/photo_1566@28-01-2026_20-56-05.jpg",
            "rtn_id": "1577",
            "name:fa": "مصطفی علیخانی چمگردانی",
            "sources": "https://t.me/RememberTheirNames/1662"
          },
          {
            "date": "1767976200",
            "image": "photos/photo_1593@29-01-2026_14-51-56.jpg",
            "rtn_id": "1604",
            "name:fa": "حسین تائبی",
            "sources": "https://t.me/RememberTheirNames/1690"
          },
          {
            "date": "1767976200",
            "image": "photos/photo_1631@29-01-2026_22-28-45.jpg",
            "rtn_id": "1642",
            "name:fa": "جواد سامانی",
            "sources": "https://t.me/RememberTheirNames/1728"
          },
          {
            "date": "1767976200",
            "image": "photos/photo_1753@31-01-2026_03-40-44.jpg",
            "rtn_id": "1764",
            "name:fa": "محمد رجبی بیستگانی",
            "sources": "https://t.me/RememberTheirNames/1861"
          },
          {
            "date": "1767889800",
            "image": "photos/photo_1817@31-01-2026_14-31-11.jpg",
            "rtn_id": "1829",
            "name:fa": "رضا اسماعیلی",
            "sources": "https://t.me/RememberTheirNames/1929"
          },
          {
            "date": "1767889845-1768161645",
            "image": "photos/photo_1822@31-01-2026_15-02-19.jpg",
            "rtn_id": "1834",
            "name:fa": "احمد رئیسی نافچی",
            "sources": "https://t.me/RememberTheirNames/1934"
          },
          {
            "date": "1767889845-1768161645",
            "image": "photos/photo_1871@01-02-2026_11-56-51.jpg",
            "rtn_id": "1885",
            "name:fa": "محمدجواد رنجبر",
            "sources": "https://t.me/RememberTheirNames/1984"
          },
          {
            "date": "1767976200",
            "image": "photos/photo_1890@01-02-2026_14-11-01.jpg",
            "rtn_id": "1904",
            "name:fa": "مسعود یوسلیانی",
            "sources": "https://t.me/RememberTheirNames/2006"
          },
          {
            "date": "1767889800",
            "image": "photos/photo_1896@01-02-2026_14-58-26.jpg",
            "rtn_id": "1910",
            "name:fa": "مهرداد تولایی",
            "sources": "https://t.me/RememberTheirNames/2012"
          },
          {
            "date": "1767889845-1768161645",
            "image": "photos/photo_1900@01-02-2026_15-10-43.jpg",
            "rtn_id": "1914",
            "name:fa": "دانیال قمرشوشتری",
            "sources": "https://t.me/RememberTheirNames/2016"
          },
          {
            "date": "1767889845-1768161645",
            "image": "photos/photo_1919@01-02-2026_16-23-44.jpg",
            "rtn_id": "1933",
            "name:fa": "مهرشاد جعفرپور",
            "sources": "https://t.me/RememberTheirNames/2036"
          },
          {
            "date": "1768062600",
            "image": "photos/photo_1934@02-02-2026_01-21-57.jpg",
            "rtn_id": "1948",
            "name:fa": "پردیس محمدی دولت‌آبادی",
            "sources": "https://t.me/RememberTheirNames/2052"
          },
          {
            "date": "1767889845-1768161645",
            "image": "photos/photo_1937@02-02-2026_03-08-12.jpg",
            "rtn_id": "1951",
            "name:fa": "ایرج کیانی بروجنی",
            "sources": "https://t.me/RememberTheirNames/2056"
          },
          {
            "date": "1767889845-1768161645",
            "image": "photos/photo_1938@02-02-2026_03-13-37.jpg",
            "rtn_id": "1952",
            "name:fa": "مجتبی وثوق",
            "sources": "https://t.me/RememberTheirNames/2057"
          },
          {
            "date": "1767976200",
            "image": "photos/photo_1939@02-02-2026_03-20-04.jpg",
            "rtn_id": "1953",
            "name:fa": "محمدرضا سالاری سیچانی",
            "sources": "https://t.me/RememberTheirNames/2058"
          },
          {
            "date": "1767889845-1768161645",
            "image": "photos/photo_1946@02-02-2026_05-43-49.jpg",
            "rtn_id": "1960",
            "name:fa": "مهدی طوقانی",
            "sources": "https://t.me/RememberTheirNames/2065"
          },
          {
            "date": "1767976200",
            "image": "photos/photo_1948@02-02-2026_06-15-12.jpg",
            "rtn_id": "1962",
            "name:fa": "یونس شجاعی برجوئی",
            "sources": "https://t.me/RememberTheirNames/2068"
          },
          {
            "date": "1767976200",
            "image": "photos/photo_1950@02-02-2026_06-39-12.jpg",
            "rtn_id": "1964",
            "name:fa": "مجتبی انصاری‌فرد",
            "sources": "https://t.me/RememberTheirNames/2070"
          },
          {
            "date": "1767976200",
            "image": "photos/photo_1951@02-02-2026_06-41-52.jpg",
            "rtn_id": "1965",
            "name:fa": "مهدی صادقی",
            "sources": "https://t.me/RememberTheirNames/2071"
          },
          {
            "date": "1767976200",
            "image": "photos/photo_1953@02-02-2026_06-52-13.jpg",
            "rtn_id": "1967",
            "name:fa": "سحاب مشایخ",
            "sources": "https://t.me/RememberTheirNames/2073"
          },
          {
            "date": "1767889800",
            "image": "photos/photo_1965@02-02-2026_11-42-41.jpg",
            "rtn_id": "1979",
            "name:fa": "رضا اکبری",
            "sources": "https://t.me/RememberTheirNames/2086"
          },
          {
            "date": "1767889800",
            "image": "photos/photo_2013@03-02-2026_07-38-55.jpg",
            "rtn_id": "2027",
            "name:fa": "روزبه صفری",
            "sources": "https://t.me/RememberTheirNames/2139"
          },
          {
            "date": "1767976200",
            "image": "photos/photo_2027@03-02-2026_11-04-29.jpg",
            "rtn_id": "2041",
            "name:fa": "مجید محسنی کبوترآبادی",
            "sources": "https://t.me/RememberTheirNames/2154"
          },
          {
            "date": "1767976200",
            "image": "photos/photo_2040@03-02-2026_13-47-55.jpg",
            "rtn_id": "2054",
            "name:fa": "امیرحسین محمدی عبده‌وند",
            "sources": "https://t.me/RememberTheirNames/2168"
          },
          {
            "date": "1767889845-1768161645",
            "image": "photos/photo_2062@04-02-2026_04-24-43.jpg",
            "rtn_id": "2076",
            "name:fa": "مجید حق‌شناس",
            "sources": "https://t.me/RememberTheirNames/2190"
          },
          {
            "date": "1767976200",
            "image": "photos/photo_2073@04-02-2026_05-14-20.jpg",
            "rtn_id": "2087",
            "name:fa": "مهدی معصومی",
            "sources": "https://t.me/RememberTheirNames/2202"
          },
          {
            "date": "1767976200",
            "image": "photos/photo_2076@04-02-2026_05-36-15.jpg",
            "rtn_id": "2090",
            "name:fa": "الهام رئیسیان",
            "sources": "https://t.me/RememberTheirNames/2205"
          },
          {
            "date": "1767889800",
            "image": "photos/photo_2077@04-02-2026_05-57-28.jpg",
            "rtn_id": "2091",
            "name:fa": "سپهر افرازه",
            "sources": "https://t.me/RememberTheirNames/2206"
          },
          {
            "date": "1767976200",
            "image": "photos/photo_2090@04-02-2026_11-14-51.jpg",
            "rtn_id": "2104",
            "name:fa": "مهدی عسگری رنانی",
            "sources": "https://t.me/RememberTheirNames/2219"
          },
          {
            "date": "1767976200",
            "image": "photos/photo_2093@04-02-2026_11-38-54.jpg",
            "rtn_id": "2107",
            "name:fa": "مهدی سوادکوهی",
            "sources": "https://t.me/RememberTheirNames/2222"
          },
          {
            "date": "1767889845-1768161645",
            "image": "photos/photo_2107@04-02-2026_13-53-06.jpg",
            "rtn_id": "2121",
            "name:fa": "اکبر جمشیدی فروشانی",
            "sources": "https://t.me/RememberTheirNames/2237"
          },
          {
            "date": "1767889845-1768161645",
            "image": "photos/photo_2108@04-02-2026_13-54-31.jpg",
            "rtn_id": "2122",
            "name:fa": "شهرام (امیر) صفری",
            "sources": "https://t.me/RememberTheirNames/2238"
          },
          {
            "date": "1767889845-1768161645",
            "image": "photos/photo_2109@04-02-2026_13-55-36.jpg",
            "rtn_id": "2123",
            "name:fa": "نادر کریمی",
            "sources": "https://t.me/RememberTheirNames/2239"
          },
          {
            "date": "1767889845-1768161645",
            "image": "photos/photo_2110@04-02-2026_13-56-40.jpg",
            "rtn_id": "2124",
            "name:fa": "رسول حاجی‌باقری فروشانی",
            "sources": "https://t.me/RememberTheirNames/2240"
          },
          {
            "date": "1767976200",
            "image": "photos/photo_2130@04-02-2026_16-12-01.jpg",
            "rtn_id": "2144",
            "name:fa": "فریده خوشنام",
            "sources": "https://t.me/RememberTheirNames/2261"
          },
          {
            "date": "1767889845-1768161645",
            "image": "photos/photo_2139@05-02-2026_03-49-04.jpg",
            "rtn_id": "2153",
            "name:fa": "سپهر سلطانی",
            "sources": "https://t.me/RememberTheirNames/2271"
          },
          {
            "date": "1767889845-1768161645",
            "image": "photos/photo_2161@05-02-2026_06-13-04.jpg",
            "rtn_id": "2175",
            "name:fa": "محمدمهدی مجیدی نجف‌آبادی",
            "sources": "https://t.me/RememberTheirNames/2293"
          },
          {
            "date": "1767889845-1768161645",
            "image": "photos/photo_2170@05-02-2026_07-46-50.jpg",
            "rtn_id": "2184",
            "name:fa": "ابوالفضل زارع",
            "sources": "https://t.me/RememberTheirNames/2302"
          },
          {
            "date": "1767889845-1768161645",
            "image": "photos/photo_2176@05-02-2026_08-01-39.jpg",
            "rtn_id": "2190",
            "name:fa": "احسان صائبی",
            "sources": "https://t.me/RememberTheirNames/2308"
          },
          {
            "date": "1767889845-1768161645",
            "image": "photos/photo_2177@05-02-2026_08-07-18.jpg",
            "rtn_id": "2191",
            "name:fa": "احسان مهری",
            "sources": "https://t.me/RememberTheirNames/2309"
          },
          {
            "date": "1767889845-1768161645",
            "image": "photos/photo_2191@05-02-2026_11-35-45.jpg",
            "rtn_id": "2205",
            "name:fa": "علی نامداری",
            "sources": "https://t.me/RememberTheirNames/2323"
          },
          {
            "date": "1767976200",
            "image": "photos/photo_2252@06-02-2026_03-00-38.jpg",
            "rtn_id": "2266",
            "name:fa": "وحید رفیعی",
            "sources": "https://t.me/RememberTheirNames/2386"
          },
          {
            "date": "1767889845-1768161645",
            "image": "photos/photo_2285@06-02-2026_11-28-29.jpg",
            "rtn_id": "2300",
            "name:fa": "آریا رفیعی",
            "sources": "https://t.me/RememberTheirNames/2420"
          },
          {
            "date": "1767976200",
            "image": "photos/photo_2288@06-02-2026_11-36-16.jpg",
            "rtn_id": "2303",
            "name:fa": "پارسا لوینیان",
            "sources": "https://t.me/RememberTheirNames/2423"
          },
          {
            "date": "1767976200",
            "image": "photos/photo_1873@01-02-2026_12-11-55.jpg",
            "rtn_id": "1887",
            "name:fa": "مصطفی صالحی",
            "sources": "https://t.me/RememberTheirNames/1986"
          },
          {
            "date": "1767976200",
            "image": "photos/photo_1906@01-02-2026_15-42-00.jpg",
            "rtn_id": "1920",
            "name:fa": "مهدی ملکی",
            "sources": "https://t.me/RememberTheirNames/2023"
          },
          {
            "date": "1767976200",
            "image": "photos/photo_2181@05-02-2026_08-37-49.jpg",
            "rtn_id": "2195",
            "name:fa": "محمد جعفری دلیگانی",
            "sources": "https://t.me/RememberTheirNames/2313"
          },
          {
            "date": "1767976200",
            "image": "photos/photo_1988@03-02-2026_03-31-18.jpg",
            "rtn_id": "2002",
            "name:fa": "پدرام خالویی",
            "sources": "https://t.me/RememberTheirNames/2111"
          },
          {
            "date": "1767976200",
            "image": "photos/photo_2099@04-02-2026_12-25-43.jpg",
            "rtn_id": "2113",
            "name:fa": "صادق عابدی",
            "sources": "https://t.me/RememberTheirNames/2229"
          },
          {
            "date": "1767976200",
            "image": "photos/photo_2163@05-02-2026_06-39-21.jpg",
            "rtn_id": "2177",
            "name:fa": "محمدمهدی رضایی آدریانی",
            "sources": "https://t.me/RememberTheirNames/2295"
          },
          {
            "date": "1767889800",
            "image": "photos/photo_2283@06-02-2026_11-23-31.jpg",
            "rtn_id": "2298",
            "name:fa": "ایمان سلطانیان",
            "sources": "https://t.me/RememberTheirNames/2418"
          },
          {
            "date": "1767889800",
            "image": "photos/photo_1993@03-02-2026_04-17-09.jpg",
            "rtn_id": "2007",
            "name:fa": "ایمان نجارحسینی زواره",
            "sources": "https://t.me/RememberTheirNames/2116"
          },
          {
            "date": "1767889800",
            "image": "photos/photo_1995@03-02-2026_04-33-53.jpg",
            "rtn_id": "2009",
            "name:fa": "امیرمحمد حاتمی",
            "sources": "https://t.me/RememberTheirNames/2119"
          },
          {
            "date": "1767976200",
            "image": "photos/photo_2022@03-02-2026_10-34-37.jpg",
            "rtn_id": "2036",
            "name:fa": "متین گُلی",
            "sources": "https://t.me/RememberTheirNames/2149"
          },
          {
            "date": "1767889800",
            "image": "photos/photo_2232@05-02-2026_16-34-26.jpg",
            "rtn_id": "2246",
            "name:fa": "مجید بهزادی",
            "sources": "https://t.me/RememberTheirNames/2365"
          },
          {
            "date": "1767976200",
            "image": "photos/photo_2092@04-02-2026_11-34-26.jpg",
            "rtn_id": "2106",
            "name:fa": "بابک سلطانی",
            "sources": "https://t.me/RememberTheirNames/2221"
          },
          {
            "date": "1767889800",
            "image": "photos/photo_2098@04-02-2026_12-23-48.jpg",
            "rtn_id": "2112",
            "name:fa": "رضا محمدی جوآبادی",
            "sources": "https://t.me/RememberTheirNames/2228"
          },
          {
            "date": "1767889845-1768161645",
            "image": "photos/photo_2293@06-02-2026_11-50-24.jpg",
            "rtn_id": "2308",
            "name:fa": "جبار غفارپور گلسفیدی",
            "sources": "https://t.me/RememberTheirNames/2429"
          },
          {
            "date": "1767976200",
            "image": "photos/photo_2296@06-02-2026_12-00-37.jpg",
            "rtn_id": "2311",
            "name:fa": "محمد اسدی قفری",
            "sources": "https://t.me/RememberTheirNames/2432"
          },
          {
            "date": "1767889800",
            "image": "photos/photo_2313@06-02-2026_14-30-32.jpg",
            "rtn_id": "2328",
            "name:fa": "سروش صادقی‌زاده",
            "sources": "https://t.me/RememberTheirNames/2450"
          },
          {
            "date": "1767976200",
            "image": "photos/photo_2315@06-02-2026_14-42-44.jpg",
            "rtn_id": "2330",
            "name:fa": "پیمان خواجه‌علی چالشتری",
            "sources": "https://t.me/RememberTheirNames/2452"
          },
          {
            "date": "1767976200",
            "image": "photos/photo_2330@07-02-2026_03-21-09.jpg",
            "rtn_id": "2345",
            "name:fa": "اسماعیل پناهی",
            "sources": "https://t.me/RememberTheirNames/2467"
          },
          {
            "date": "1767889845-1768161645",
            "image": "photos/photo_2341@07-02-2026_07-47-19.jpg",
            "rtn_id": "2356",
            "name:fa": "محمد عباس‌زاده",
            "sources": "https://t.me/RememberTheirNames/2478"
          },
          {
            "date": "1767889845-1768161645",
            "image": "photos/photo_2352@07-02-2026_12-35-44.jpg",
            "rtn_id": "2367",
            "name:fa": "میلاد عطایی",
            "sources": "https://t.me/RememberTheirNames/2490"
          },
          {
            "date": "1767976200",
            "image": "photos/photo_2373@08-02-2026_03-58-35.jpg",
            "rtn_id": "2388",
            "name:fa": "حمیدرضا رحیمی",
            "sources": "https://t.me/RememberTheirNames/2513"
          },
          {
            "date": "1767889845-1768161645",
            "image": "photos/photo_2385@08-02-2026_04-47-50.jpg",
            "rtn_id": "2400",
            "name:fa": "سامان جعفرپور مقدم",
            "sources": "https://t.me/RememberTheirNames/2526"
          },
          {
            "date": "1767889800",
            "image": "photos/photo_2388@08-02-2026_05-51-38.jpg",
            "rtn_id": "2403",
            "name:fa": "اعظم اشرفی",
            "sources": "https://t.me/RememberTheirNames/2529"
          },
          {
            "date": "1767976200",
            "image": "photos/photo_2396@08-02-2026_06-54-42.jpg",
            "rtn_id": "2411",
            "name:fa": "فرزانه رهنما",
            "sources": "https://t.me/RememberTheirNames/2537"
          },
          {
            "date": "1767976200",
            "image": "photos/photo_2410@08-02-2026_07-40-24.jpg",
            "rtn_id": "2425",
            "name:fa": "محسن ایزدی",
            "sources": "https://t.me/RememberTheirNames/2551"
          },
          {
            "date": "1767976200",
            "image": "photos/photo_2431@08-02-2026_09-43-51.jpg",
            "rtn_id": "2446",
            "name:fa": "محمدرضا صابری",
            "sources": "https://t.me/RememberTheirNames/2574"
          },
          {
            "date": "1767889800",
            "image": "photos/photo_2432@08-02-2026_09-47-48.jpg",
            "rtn_id": "2447",
            "name:fa": "مرتضی عبادی",
            "sources": "https://t.me/RememberTheirNames/2575"
          },
          {
            "date": "1767976200",
            "image": "photos/photo_2459@08-02-2026_16-52-26.jpg",
            "rtn_id": "2474",
            "name:fa": "مجید سیاسی",
            "sources": "https://t.me/RememberTheirNames/2604"
          },
          {
            "date": "1767889845-1768161645",
            "image": "photos/photo_2488@09-02-2026_06-37-50.jpg",
            "rtn_id": "2503",
            "name:fa": "شایان گرجی",
            "sources": "https://t.me/RememberTheirNames/2633"
          },
          {
            "date": "1767889800",
            "image": "photos/photo_2510@09-02-2026_12-02-57.jpg",
            "rtn_id": "2525",
            "name:fa": "مهدی (کیارش) صفری",
            "sources": "https://t.me/RememberTheirNames/2656"
          },
          {
            "date": "1767976200",
            "image": "photos/photo_2515@09-02-2026_13-01-09.jpg",
            "rtn_id": "2530",
            "name:fa": "جواد حیدری ۱۷ساله",
            "sources": "https://t.me/RememberTheirNames/2661"
          },
          {
            "date": "1767889800",
            "image": "photos/photo_2538@09-02-2026_18-18-10.jpg",
            "rtn_id": "2553",
            "name:fa": "محمدمهدی غلامی",
            "sources": "https://t.me/RememberTheirNames/2693"
          },
          {
            "date": "1767889845-1768161645",
            "image": "photos/photo_2547@10-02-2026_04-45-46.jpg",
            "rtn_id": "2562",
            "name:fa": "محمدرضا بهمنی",
            "sources": "https://t.me/RememberTheirNames/2703"
          },
          {
            "date": "1767889845-1768161645",
            "image": "photos/photo_2552@10-02-2026_05-08-15.jpg",
            "rtn_id": "2567",
            "name:fa": "محمدحسن اشرفی",
            "sources": "https://t.me/RememberTheirNames/2708"
          },
          {
            "date": "1767889800",
            "image": "photos/photo_2580@10-02-2026_16-11-07.jpg",
            "rtn_id": "2595",
            "name:fa": "بهزاد مختاری",
            "sources": "https://t.me/RememberTheirNames/2737"
          },
          {
            "date": "1767889845-1768161645",
            "image": "photos/photo_2581@10-02-2026_16-14-24.jpg",
            "rtn_id": "2596",
            "name:fa": "روح‌الله جمشیدی",
            "sources": "https://t.me/RememberTheirNames/2738"
          },
          {
            "date": "1767889845-1768161645",
            "image": "photos/photo_2590@11-02-2026_04-44-47.jpg",
            "rtn_id": "2605",
            "name:fa": "مرتضی شاهزیدی",
            "sources": "https://t.me/RememberTheirNames/2748"
          },
          {
            "date": "1767976200",
            "image": "photos/photo_2602@11-02-2026_07-35-24.jpg",
            "rtn_id": "2617",
            "name:fa": "سجاد خداوردی حسن‌وند",
            "sources": "https://t.me/RememberTheirNames/2761"
          },
          {
            "date": "1767889800",
            "image": "photos/photo_2631@12-02-2026_02-56-50.jpg",
            "rtn_id": "2646",
            "name:fa": "عباس رشیدی سمیرم",
            "sources": "https://t.me/RememberTheirNames/2793"
          },
          {
            "date": "1767976200",
            "image": "photos/photo_2636@12-02-2026_12-06-10.jpg",
            "rtn_id": "2651",
            "name:fa": "محمدرضا کردگاری",
            "sources": "https://t.me/RememberTheirNames/2798"
          },
          {
            "date": "1767889845-1768161645",
            "image": "photos/photo_2638@12-02-2026_13-03-12.jpg",
            "rtn_id": "2653",
            "name:fa": "امیرحسین کرمانی حبیب‌آبادی",
            "sources": "https://t.me/RememberTheirNames/2800"
          },
          {
            "date": "1767976200",
            "image": "photos/photo_2639@12-02-2026_13-05-53.jpg",
            "rtn_id": "2654",
            "name:fa": "مهران کرمانی",
            "sources": "https://t.me/RememberTheirNames/2801"
          },
          {
            "date": "1767889845-1768161645",
            "image": "photos/photo_2642@12-02-2026_14-12-08.jpg",
            "rtn_id": "2657",
            "name:fa": "آیت کدخدایی اسفریزی",
            "sources": "https://t.me/RememberTheirNames/2804"
          },
          {
            "date": "1767889800",
            "image": "photos/photo_2307@06-02-2026_12-48-52.jpg",
            "rtn_id": "2322",
            "name:fa": "حسام قریشی نجف‌آبادی",
            "sources": "https://t.me/RememberTheirNames/2443"
          },
          {
            "date": "1767889800",
            "image": "photos/photo_2360@07-02-2026_14-43-40.jpg",
            "rtn_id": "2375",
            "name:fa": "مرضیه جلالی",
            "sources": "https://t.me/RememberTheirNames/2498"
          },
          {
            "date": "1767889800",
            "image": "photos/photo_2435@08-02-2026_10-13-39.jpg",
            "rtn_id": "2450",
            "name:fa": "داوود آقاداوود مارنانی",
            "sources": "https://t.me/RememberTheirNames/2578"
          },
          {
            "date": "1767889800",
            "image": "photos/photo_2533@09-02-2026_17-44-55.jpg",
            "rtn_id": "2548",
            "name:fa": "احسان عظیمی",
            "sources": "https://t.me/RememberTheirNames/2688"
          },
          {
            "date": "1767889800",
            "image": "photos/photo_2416@08-02-2026_08-22-18.jpg",
            "rtn_id": "2431",
            "name:fa": "عادل مطلب‌نژاد",
            "sources": "https://t.me/RememberTheirNames/2557"
          },
          {
            "date": "1767889800",
            "image": "photos/photo_2418@08-02-2026_08-36-42.jpg",
            "rtn_id": "2433",
            "name:fa": "داراب بهزادی",
            "sources": "https://t.me/RememberTheirNames/2559"
          },
          {
            "date": "1767889800",
            "image": "photos/photo_2446@08-02-2026_13-53-20.jpg",
            "rtn_id": "2461",
            "name:fa": "محمد مهدی‌زاده",
            "sources": "https://t.me/RememberTheirNames/2591"
          },
          {
            "date": "1767976200",
            "image": "photos/photo_2466@08-02-2026_17-28-05.jpg",
            "rtn_id": "2481",
            "name:fa": "فریدون کریمی",
            "sources": "https://t.me/RememberTheirNames/2611"
          },
          {
            "date": "1767976200",
            "image": "photos/photo_2588@11-02-2026_04-16-48.jpg",
            "rtn_id": "2603",
            "name:fa": "سجاد محمدشریفی دارانی",
            "sources": "https://t.me/RememberTheirNames/2746"
          },
          {
            "date": "1767976200",
            "image": "photos/photo_2627@11-02-2026_15-59-23.jpg",
            "rtn_id": "2642",
            "name:fa": "غزاله حسینی",
            "sources": "https://t.me/RememberTheirNames/2789"
          },
          {
            "date": "1767976200",
            "image": "photos/photo_2640@12-02-2026_13-11-02.jpg",
            "rtn_id": "2655",
            "name:fa": "غلامرضا شیر",
            "sources": "https://t.me/RememberTheirNames/2802"
          },
          {
            "date": "1767889800",
            "image": "photos/photo_2657@13-02-2026_08-02-49.jpg",
            "rtn_id": "2672",
            "name:fa": "الهام آرپناهی",
            "sources": "https://t.me/RememberTheirNames/2819"
          },
          {
            "date": "1767889800",
            "image": "photos/photo_2667@13-02-2026_13-06-30.jpg",
            "rtn_id": "2682",
            "name:fa": "سجاد صفری جلال‌آبادی",
            "sources": "https://t.me/RememberTheirNames/2829"
          },
          {
            "date": "1767889800",
            "image": "photos/photo_2672@13-02-2026_14-45-21.jpg",
            "rtn_id": "2687",
            "name:fa": "یحیی عباسی",
            "sources": "https://t.me/RememberTheirNames/2834"
          },
          {
            "date": "1767976200",
            "image": "photos/photo_2756@16-02-2026_11-49-12.jpg",
            "rtn_id": "2772",
            "name:fa": "وحید شهرآشوب",
            "sources": "https://t.me/RememberTheirNames/2919"
          },
          {
            "date": "1767889800",
            "image": "photos/photo_2757@16-02-2026_11-52-36.jpg",
            "rtn_id": "2773",
            "name:fa": "علی امیری",
            "sources": "https://t.me/RememberTheirNames/2920"
          },
          {
            "date": "1767889800",
            "image": "photos/photo_2760@16-02-2026_13-26-04.jpg",
            "rtn_id": "2776",
            "name:fa": "امیرحسین زینلی",
            "sources": "https://t.me/RememberTheirNames/2924"
          },
          {
            "date": "1767889800",
            "image": "photos/photo_2761@16-02-2026_13-28-57.jpg",
            "rtn_id": "2777",
            "name:fa": "ناصر خوشنودی نجف‌آبادی",
            "sources": "https://t.me/RememberTheirNames/2925"
          },
          {
            "date": "1767889845-1768161645",
            "image": "photos/photo_2661@13-02-2026_08-24-26.jpg",
            "rtn_id": "2676",
            "name:fa": "علیرضا قنبریان نجف‌آبادی",
            "sources": "https://t.me/RememberTheirNames/2823"
          },
          {
            "date": "1767889845-1768161645",
            "image": "photos/photo_2703@14-02-2026_04-45-36.jpg",
            "rtn_id": "2718",
            "name:fa": "مجتبی مرادی (از اتباع افغانستان)",
            "sources": "https://t.me/RememberTheirNames/2865"
          },
          {
            "date": "1767889800",
            "image": "photos/photo_2714@15-02-2026_03-27-37.jpg",
            "rtn_id": "2729",
            "name:fa": "محسن حسینی",
            "sources": "https://t.me/RememberTheirNames/2877"
          },
          {
            "date": "1767976200",
            "image": "photos/photo_2744@16-02-2026_09-55-15.jpg",
            "rtn_id": "2759",
            "name:fa": "عبدالله ابراهیمی (پدر)",
            "sources": "https://t.me/RememberTheirNames/2907"
          },
          {
            "date": "1767976200",
            "image": "photos/photo_2754@16-02-2026_11-41-30.jpg",
            "rtn_id": "2770",
            "name:fa": "محمد رنجبر",
            "sources": "https://t.me/RememberTheirNames/2917"
          },
          {
            "date": "1767976200",
            "image": "photos/photo_2776@17-02-2026_03-19-04.jpg",
            "rtn_id": "2792",
            "name:fa": "مجتبی فلاحی‌فرد",
            "sources": "https://t.me/RememberTheirNames/2941"
          },
          {
            "date": "1767976200",
            "image": "photos/photo_2780@17-02-2026_03-31-27.jpg",
            "rtn_id": "2796",
            "name:fa": "جواد انتظاری",
            "sources": "https://t.me/RememberTheirNames/2945"
          },
          {
            "date": "1767976200",
            "image": "photos/photo_2848@19-02-2026_06-27-47.jpg",
            "rtn_id": "2860",
            "name:fa": "کیانوش کرم‌زاده",
            "sources": "https://t.me/RememberTheirNames/3029"
          },
          {
            "date": "1767976200",
            "image": "photos/photo_2850@19-02-2026_07-11-04.jpg",
            "rtn_id": "2862",
            "name:fa": "علی‌اصغر صفری حبیب‌آبادی",
            "sources": "https://t.me/RememberTheirNames/3031"
          },
          {
            "date": "1767976200",
            "image": "photos/photo_2867@19-02-2026_13-53-07.jpg",
            "rtn_id": "2879",
            "name:fa": "حسن علیخانی",
            "sources": "https://t.me/RememberTheirNames/3048"
          },
          {
            "date": "1767889845-1768161645",
            "image": "photos/photo_2868@19-02-2026_15-01-23.jpg",
            "rtn_id": "2880",
            "name:fa": "حمیدرضا زارعی خوابجانی",
            "sources": "https://t.me/RememberTheirNames/3049"
          },
          {
            "date": "1767976200",
            "image": "photos/photo_2876@20-02-2026_04-44-45.jpg",
            "rtn_id": "2888",
            "name:fa": "سیروس شهیدپور",
            "sources": "https://t.me/RememberTheirNames/3057"
          },
          {
            "date": "1767976200",
            "image": "photos/photo_2755@16-02-2026_11-44-55.jpg",
            "rtn_id": "2771",
            "name:fa": "رضا جلالی",
            "sources": "https://t.me/RememberTheirNames/2918"
          },
          {
            "date": "1767976200",
            "image": "photos/photo_2852@19-02-2026_07-44-39.jpg",
            "rtn_id": "2864",
            "name:fa": "میثم قاسموند",
            "sources": "https://t.me/RememberTheirNames/3033"
          },
          {
            "date": "1767889800",
            "image": "photos/photo_2262@06-02-2026_06-11-31.jpg",
            "rtn_id": "2277",
            "name:fa": "امیرعلی موذنی",
            "sources": "https://t.me/RememberTheirNames/2396"
          },
          {
            "date": "1767889845-1768161645",
            "image": "photos/photo_2925@22-02-2026_05-03-52.jpg",
            "rtn_id": "2937",
            "name:fa": "اصغر خراجی",
            "sources": "https://t.me/RememberTheirNames/3110"
          },
          {
            "date": "1767976200",
            "image": "photos/photo_2931@22-02-2026_12-03-16.jpg",
            "rtn_id": "2943",
            "name:fa": "فرزاد صالح‌پور شهرضا",
            "sources": "https://t.me/RememberTheirNames/3116"
          },
          {
            "date": "1767889800",
            "image": "photos/photo_2946@23-02-2026_09-55-40.jpg",
            "rtn_id": "2958",
            "name:fa": "علی رمضانی",
            "sources": "https://t.me/RememberTheirNames/3131"
          },
          {
            "date": "1767889845-1768161645",
            "image": "photos/photo_2947@23-02-2026_11-33-52.jpg",
            "rtn_id": "2959",
            "name:fa": "خداداد اسدی حسنوند",
            "sources": "https://t.me/RememberTheirNames/3132"
          },
          {
            "date": "1767976200",
            "image": "photos/photo_2956@23-02-2026_13-31-27.jpg",
            "rtn_id": "2968",
            "name:fa": "امیرعباس سلیمی افجانی ۱۸ساله",
            "sources": "https://t.me/RememberTheirNames/3142"
          },
          {
            "date": "1767976200",
            "image": "photos/photo_2958@23-02-2026_14-05-27.jpg",
            "rtn_id": "2970",
            "name:fa": "داوود شیاسی",
            "sources": "https://t.me/RememberTheirNames/3144"
          },
          {
            "date": "1767889845-1768161645",
            "image": "photos/photo_2969@24-02-2026_04-31-24.jpg",
            "rtn_id": "2981",
            "name:fa": "محمد حیدری",
            "sources": "https://t.me/RememberTheirNames/3156"
          },
          {
            "date": "1767976200",
            "image": "photos/photo_2979@24-02-2026_13-17-36.jpg",
            "rtn_id": "2991",
            "name:fa": "رضا کریمی",
            "sources": "https://t.me/RememberTheirNames/3166"
          },
          {
            "date": "1767889845-1768161645",
            "image": "photos/photo_2980@24-02-2026_13-21-40.jpg",
            "rtn_id": "2992",
            "name:fa": "حمید مرادی",
            "sources": "https://t.me/RememberTheirNames/3167"
          },
          {
            "date": "1767976200",
            "image": "photos/photo_3002@25-02-2026_15-42-50.jpg",
            "rtn_id": "3014",
            "name:fa": "مسعود نفری",
            "sources": "https://t.me/RememberTheirNames/3193"
          },
          {
            "date": "1767976200",
            "image": "photos/photo_3007@26-02-2026_04-38-39.jpg",
            "rtn_id": "3019",
            "name:fa": "آیدین سماعی",
            "sources": "https://t.me/RememberTheirNames/3198"
          },
          {
            "date": "1767976200",
            "image": "photos/photo_3008@26-02-2026_06-36-01.jpg",
            "rtn_id": "3020",
            "name:fa": "علی‌محمد روح‌پرور",
            "sources": "https://t.me/RememberTheirNames/3199"
          },
          {
            "date": "1767976200",
            "image": "photos/photo_3010@26-02-2026_07-40-48.jpg",
            "rtn_id": "3022",
            "name:fa": "محمد زارع",
            "sources": "https://t.me/RememberTheirNames/3201"
          },
          {
            "date": "1767976200",
            "image": "photos/photo_3015@26-02-2026_14-00-20.jpg",
            "rtn_id": "3027",
            "name:fa": "مهدی بقایی",
            "sources": "https://t.me/RememberTheirNames/3206"
          },
          {
            "date": "1767889800",
            "image": "photos/photo_3040@09-03-2026_04-58-42.jpg",
            "rtn_id": "3052",
            "name:fa": "مهدی صالحی",
            "sources": "https://t.me/RememberTheirNames/3253"
          },
          {
            "date": "1767889800",
            "image": "photos/photo_3052@09-03-2026_07-06-47.jpg",
            "rtn_id": "3065",
            "name:fa": "اسماعیل عاقلیان",
            "sources": "https://t.me/RememberTheirNames/3265"
          },
          {
            "date": "1767976200",
            "image": "photos/photo_3059@16-03-2026_01-53-13.jpg",
            "rtn_id": "3072",
            "name:fa": "شهریار شیرازی",
            "sources": "https://t.me/RememberTheirNames/3275"
          },
          {
            "date": "1767976200",
            "image": "photos/photo_3061@17-03-2026_05-46-45.jpg",
            "rtn_id": "3074",
            "name:fa": "فاطمه عباسی",
            "sources": "https://t.me/RememberTheirNames/3277"
          },
          {
            "date": "1767976200",
            "image": "photos/photo_3071@30-03-2026_13-03-50.jpg",
            "rtn_id": "3084",
            "name:fa": "کوروش هارون رشیدی",
            "sources": "https://t.me/RememberTheirNames/3291"
          },
          {
            "date": "1767976200",
            "image": "photos/photo_2944@23-02-2026_08-51-34.jpg",
            "rtn_id": "2956",
            "name:fa": "فاطمه (سارا) نصیری",
            "sources": "https://t.me/RememberTheirNames/3129"
          },
          {
            "date": "1767976200",
            "image": "photos/photo_2945@23-02-2026_08-51-41.jpg",
            "rtn_id": "2957",
            "name:fa": "زهرا جعفری (خواهرزاده)",
            "sources": "https://t.me/RememberTheirNames/3130"
          },
          {
            "date": "1767889845-1768161645",
            "image": "photos/photo_3068@29-03-2026_14-00-50.jpg",
            "rtn_id": "3081",
            "name:fa": "ابوالفضل شهری",
            "sources": "https://t.me/RememberTheirNames/3288"
          }
        ],
        "province": "استان اصفهان",
        "publicId": "MTY6MTAxOTE",
        "sourceId": "10191",
        "layerId": 16,
        "type": "location",
        "status": "active",
        "urgency": null,
        "verificationTag": null,
        "expirationDate": null,
        "createdAt": "2026-03-11T20:43:09.894Z",
        "updatedAt": "2026-04-03T22:10:54.616Z"
      }
    },
    {
      "type": "Feature",
      "id": 332,
      "geometry": {
        "type": "Point",
        "coordinates": [
          49.6888735,
          33.3885179
        ]
      },
      "properties": {
        "id": "MTY6MTAxOTI",
        "city": "الیگودرز لرستان",
        "count": 3,
        "people": [
          {
            "date": "1767889800",
            "image": "photos/photo_649@22-01-2026_18-51-19.jpg",
            "rtn_id": "655",
            "name:fa": "منصور شهسواری",
            "sources": "https://t.me/RememberTheirNames/702"
          },
          {
            "date": "1767889800",
            "image": "photos/photo_2509@09-02-2026_11-58-49.jpg",
            "rtn_id": "2524",
            "name:fa": "محمد بهروزی",
            "sources": "https://t.me/RememberTheirNames/2655"
          },
          {
            "date": "1767889845-1768161645",
            "image": "photos/photo_2898@21-02-2026_02-11-43.jpg",
            "rtn_id": "2910",
            "name:fa": "علی موسی‌پور",
            "sources": "https://t.me/RememberTheirNames/3079"
          }
        ],
        "province": "استان لرستان",
        "publicId": "MTY6MTAxOTI",
        "sourceId": "10192",
        "layerId": 16,
        "type": "location",
        "status": "active",
        "urgency": null,
        "verificationTag": null,
        "expirationDate": null,
        "createdAt": "2026-03-11T20:43:09.895Z",
        "updatedAt": "2026-04-03T22:10:54.619Z"
      }
    },
    {
      "type": "Feature",
      "id": 333,
      "geometry": {
        "type": "Point",
        "coordinates": [
          51.0754036,
          35.639161
        ]
      },
      "properties": {
        "id": "MTY6MTAxOTM",
        "city": "اندیشه",
        "count": 31,
        "people": [
          {
            "date": "1767976200",
            "image": "photos/photo_1772@31-01-2026_05-18-13.jpg",
            "rtn_id": "1783",
            "name:fa": "نیما ولی‌پور",
            "sources": "https://t.me/RememberTheirNames/1880"
          },
          {
            "date": "1767889800",
            "image": "photos/photo_1884@01-02-2026_13-14-29.jpg",
            "rtn_id": "1898",
            "name:fa": "سجاد داراب",
            "sources": "https://t.me/RememberTheirNames/2000"
          },
          {
            "date": "1767889800",
            "image": "photos/photo_1885@01-02-2026_13-14-43.jpg",
            "rtn_id": "1899",
            "name:fa": "رضا حبیبی",
            "sources": "https://t.me/RememberTheirNames/2001"
          },
          {
            "date": "1767976200",
            "image": "photos/photo_1909@01-02-2026_15-55-37.jpg",
            "rtn_id": "1923",
            "name:fa": "آذین فریدونی",
            "sources": "https://t.me/RememberTheirNames/2026"
          },
          {
            "date": "1767889800",
            "image": "photos/photo_2085@04-02-2026_07-19-17.jpg",
            "rtn_id": "2099",
            "name:fa": "بهنام ابراهیمیان",
            "sources": "https://t.me/RememberTheirNames/2214"
          },
          {
            "date": "1767976200",
            "image": "photos/photo_2291@06-02-2026_11-44-36.jpg",
            "rtn_id": "2306",
            "name:fa": "پوریا خیری",
            "sources": "https://t.me/RememberTheirNames/2426"
          },
          {
            "date": "1767889845-1768161645",
            "image": "photos/photo_1236@26-01-2026_13-22-44.jpg",
            "rtn_id": "1248",
            "name:fa": "علیرضا مقدسی‌نیکو",
            "sources": "https://t.me/RememberTheirNames/1314"
          },
          {
            "date": "1767889845-1768161645",
            "image": "photos/photo_1255@26-01-2026_16-29-24.jpg",
            "rtn_id": "1267",
            "name:fa": "یاسر عزتی نصرتیان",
            "sources": "https://t.me/RememberTheirNames/1334"
          },
          {
            "date": "1767889845-1768161645",
            "image": "photos/photo_1362@27-01-2026_13-42-46.jpg",
            "rtn_id": "1374",
            "name:fa": "شریف غفوری",
            "sources": "https://t.me/RememberTheirNames/1444"
          },
          {
            "date": "1767889845-1768161645",
            "image": "photos/photo_1383@27-01-2026_15-23-15.jpg",
            "rtn_id": "1395",
            "name:fa": "شروین جوادی",
            "sources": "https://t.me/RememberTheirNames/1466"
          },
          {
            "date": null,
            "image": "photos/photo_1679@30-01-2026_15-35-15.jpg",
            "rtn_id": "1690",
            "name:fa": "متین حسینی ۱۶ ساله",
            "sources": "https://t.me/RememberTheirNames/1778"
          },
          {
            "date": "1767889800",
            "image": "photos/photo_1506@28-01-2026_13-36-23.jpg",
            "rtn_id": "1517",
            "name:fa": "علی‌اکبر رمضان‌زاده",
            "sources": "https://t.me/RememberTheirNames/1601"
          },
          {
            "date": "1767889800",
            "image": "photos/photo_1521@28-01-2026_15-41-22.jpg",
            "rtn_id": "1532",
            "name:fa": "محسن سیاهرنگ",
            "sources": "https://t.me/RememberTheirNames/1616"
          },
          {
            "date": "1767976200",
            "image": "photos/photo_1544@28-01-2026_18-16-03.jpg",
            "rtn_id": "1555",
            "name:fa": "محمدامین غلامی دینور",
            "sources": "https://t.me/RememberTheirNames/1640"
          },
          {
            "date": "1767976200",
            "image": "photos/photo_1585@29-01-2026_12-04-30.jpg",
            "rtn_id": "1596",
            "name:fa": "علی ایمانی",
            "sources": "https://t.me/RememberTheirNames/1681"
          },
          {
            "date": "1767976200",
            "image": "photos/photo_1590@29-01-2026_13-24-25.jpg",
            "rtn_id": "1601",
            "name:fa": "علی‌اصغر علیزاده",
            "sources": "https://t.me/RememberTheirNames/1687"
          },
          {
            "date": "1767976200",
            "image": "photos/photo_1743@30-01-2026_23-39-57.jpg",
            "rtn_id": "1754",
            "name:fa": "پیمان فدایی",
            "sources": "https://t.me/RememberTheirNames/1851"
          },
          {
            "date": "1767976200",
            "image": "photos/photo_1772@31-01-2026_13-18-13.jpg",
            "rtn_id": "1783",
            "name:fa": "نیما ولی‌پور",
            "sources": "https://t.me/RememberTheirNames/1880"
          },
          {
            "date": "1767889800",
            "image": "photos/photo_2371@08-02-2026_03-50-21.jpg",
            "rtn_id": "2386",
            "name:fa": "ندا قاسمی",
            "sources": "https://t.me/RememberTheirNames/2511"
          },
          {
            "date": "1767889800",
            "image": "photos/photo_2420@08-02-2026_08-55-45.jpg",
            "rtn_id": "2435",
            "name:fa": "نادر ستوده",
            "sources": "https://t.me/RememberTheirNames/2561"
          },
          {
            "date": "1767976200",
            "image": "photos/photo_2447@08-02-2026_14-04-13.jpg",
            "rtn_id": "2462",
            "name:fa": "نعیم‌ ارزقی",
            "sources": "https://t.me/RememberTheirNames/2592"
          },
          {
            "date": "1767889800",
            "image": "photos/photo_2455@08-02-2026_16-31-42.jpg",
            "rtn_id": "2470",
            "name:fa": "سید مصطفی حسینی",
            "sources": "https://t.me/RememberTheirNames/2600"
          },
          {
            "date": "1767889800",
            "image": "photos/photo_2460@08-02-2026_16-58-26.jpg",
            "rtn_id": "2475",
            "name:fa": "جواد داوودی",
            "sources": "https://t.me/RememberTheirNames/2605"
          },
          {
            "date": "1767889800",
            "image": "photos/photo_2477@09-02-2026_05-37-37.jpg",
            "rtn_id": "2492",
            "name:fa": "حمیده حبیبی",
            "sources": "https://t.me/RememberTheirNames/2622"
          },
          {
            "date": "1767889800",
            "image": "photos/photo_2736@16-02-2026_07-38-22.jpg",
            "rtn_id": "2751",
            "name:fa": "سید جعفر حسینی",
            "sources": "https://t.me/RememberTheirNames/2899"
          },
          {
            "date": "1767889800",
            "image": "photos/photo_2853@19-02-2026_08-53-25.jpg",
            "rtn_id": "2865",
            "name:fa": "علی سلطانی",
            "sources": "https://t.me/RememberTheirNames/3034"
          },
          {
            "date": "1767976200",
            "image": "photos/photo_2869@19-02-2026_15-08-38.jpg",
            "rtn_id": "2881",
            "name:fa": "نسترن عبداللهی",
            "sources": "https://t.me/RememberTheirNames/3050"
          },
          {
            "date": "1767976200",
            "image": "photos/photo_2873@20-02-2026_02-58-07.jpg",
            "rtn_id": "2885",
            "name:fa": "علیرضا زارع‌فر",
            "sources": "https://t.me/RememberTheirNames/3054"
          },
          {
            "date": "1767976200",
            "image": "photos/photo_3022@27-02-2026_06-34-18.jpg",
            "rtn_id": "3034",
            "name:fa": "محمد نسودی نیر",
            "sources": "https://t.me/RememberTheirNames/3214"
          },
          {
            "date": "1767889800",
            "image": "photos/photo_3025@27-02-2026_11-23-41.jpg",
            "rtn_id": "3037",
            "name:fa": "محمدامین سلطانی",
            "sources": "https://t.me/RememberTheirNames/3217"
          },
          {
            "date": "1767976200",
            "image": "photos/photo_3055@11-03-2026_05-43-50.jpg",
            "rtn_id": "3068",
            "name:fa": "امیرمحمد هموله",
            "sources": "https://t.me/RememberTheirNames/3270"
          }
        ],
        "province": "استان تهران",
        "publicId": "MTY6MTAxOTM",
        "sourceId": "10193",
        "layerId": 16,
        "type": "location",
        "status": "active",
        "urgency": null,
        "verificationTag": null,
        "expirationDate": null,
        "createdAt": "2026-03-11T20:43:09.895Z",
        "updatedAt": "2026-04-03T22:10:54.622Z"
      }
    },
    {
      "type": "Feature",
      "id": 334,
      "geometry": {
        "type": "Point",
        "coordinates": [
          48.3574,
          32.4555
        ]
      },
      "properties": {
        "id": "MTY6MTAxOTQ",
        "city": "اندیمشک",
        "count": 7,
        "people": [
          {
            "date": "1767889845-1768161645",
            "image": "photos/photo_654@22-01-2026_20-01-35.jpg",
            "rtn_id": "660",
            "name:fa": "شهاب فلاح‌پور",
            "sources": "https://t.me/RememberTheirNames/707"
          },
          {
            "date": "1767889845-1768161645",
            "image": "photos/photo_991@24-01-2026_17-40-14.jpg",
            "rtn_id": "1000",
            "name:fa": "حسین کایدی",
            "sources": "https://t.me/RememberTheirNames/1055"
          },
          {
            "date": "1767976200",
            "image": "photos/photo_993@24-01-2026_17-44-16.jpg",
            "rtn_id": "1002",
            "name:fa": "سیاوش منصوری",
            "sources": "https://t.me/RememberTheirNames/1057"
          },
          {
            "date": "1767976200",
            "image": "photos/photo_1035@24-01-2026_21-02-39.jpg",
            "rtn_id": "1044",
            "name:fa": "علی هاشمی",
            "sources": "https://t.me/RememberTheirNames/1103"
          },
          {
            "date": "1767976200",
            "image": "photos/photo_1453@27-01-2026_23-01-50.jpg",
            "rtn_id": "1464",
            "name:fa": "بیژن عبدولی",
            "sources": "https://t.me/RememberTheirNames/1543"
          },
          {
            "date": "1767889845-1768161645",
            "image": "photos/photo_2539@10-02-2026_03-19-54.jpg",
            "rtn_id": "2554",
            "name:fa": "بیژن ملکی",
            "sources": "https://t.me/RememberTheirNames/2695"
          },
          {
            "date": "1767976200",
            "image": "photos/photo_3004@26-02-2026_02-36-01.jpg",
            "rtn_id": "3016",
            "name:fa": "عذرا مهدی‌نژاد",
            "sources": "https://t.me/RememberTheirNames/3195"
          }
        ],
        "province": "استان خوزستان",
        "publicId": "MTY6MTAxOTQ",
        "sourceId": "10194",
        "layerId": 16,
        "type": "location",
        "status": "active",
        "urgency": null,
        "verificationTag": null,
        "expirationDate": null,
        "createdAt": "2026-03-11T20:43:09.896Z",
        "updatedAt": "2026-04-03T22:10:54.623Z"
      }
    },
    {
      "type": "Feature",
      "id": 335,
      "geometry": {
        "type": "Point",
        "coordinates": [
          48.7105,
          31.2942
        ]
      },
      "properties": {
        "city": "اهواز",
        "count": 4,
        "people": "[\n  {\n    \"date\": \"1767976200\",\n    \"image\": \"photos/photo_53@18-01-2026_22-40-48_new.jpg\",\n    \"rtn_id\": \"209\",\n    \"name\": \"ناجی سواری\",\n    \"namefa\": \"ناجی سواری\",\n    \"source\": \"https://t.me/RememberTheirNames/241\",\n    \"sources\": \"https://t.me/RememberTheirNames/241\"\n  },\n  {\n    \"date\": \"1767976200\",\n    \"image\": \"photos/photo_986@24-01-2026_16-57-13.jpg\",\n    \"rtn_id\": \"995\",\n    \"name\": \"حسین پوینده\",\n    \"namefa\": \"حسین پوینده\",\n    \"source\": \"https://t.me/RememberTheirNames/1050\",\n    \"sources\": \"https://t.me/RememberTheirNames/1050\"\n  },\n  {\n    \"date\": \"1767976200\",\n    \"image\": \"photos/photo_2324@07-02-2026_02-39-51.jpg\",\n    \"rtn_id\": \"2339\",\n    \"name\": \"محمدمهدی فتحی\",\n    \"namefa\": \"محمدمهدی فتحی\",\n    \"source\": \"https://t.me/RememberTheirNames/2461\",\n    \"sources\": \"https://t.me/RememberTheirNames/2461\"\n  },\n  {\n    \"date\": \"1767976200\",\n    \"image\": \"photos/photo_2706@14-02-2026_07-40-42.jpg\",\n    \"rtn_id\": \"2721\",\n    \"name\": \"رهام سیف\",\n    \"namefa\": \"رهام سیف\",\n    \"source\": \"https://t.me/RememberTheirNames/2869\",\n    \"sources\": \"https://t.me/RememberTheirNames/2869\"\n  }\n]",
        "description": "",
        "date": "",
        "id": "MTY6MTAxOTU",
        "province": "استان خوزستان",
        "publicId": "MTY6MTAxOTU",
        "sourceId": "10195",
        "layerId": 16,
        "type": "location",
        "status": "active",
        "urgency": null,
        "verificationTag": null,
        "expirationDate": null,
        "createdAt": "2026-03-11T20:43:09.897Z",
        "updatedAt": "2026-07-28T22:34:26.348Z"
      }
    },
    {
      "type": "Feature",
      "id": 336,
      "geometry": {
        "type": "Point",
        "coordinates": [
          49.8648,
          31.839
        ]
      },
      "properties": {
        "id": "MTY6MTAxOTY",
        "city": "ایذه",
        "count": 2,
        "people": [
          {
            "date": "1767889800",
            "image": "photos/photo_912@24-01-2026_01-07-10.jpg",
            "rtn_id": "921",
            "name:fa": "رضا شاسی‌پور",
            "sources": "https://t.me/RememberTheirNames/973"
          },
          {
            "date": "1767889800",
            "image": "photos/photo_913@24-01-2026_01-08-56.jpg",
            "rtn_id": "922",
            "name:fa": "پژمان شهپیری",
            "sources": "https://t.me/RememberTheirNames/974"
          }
        ],
        "province": "استان خوزستان",
        "publicId": "MTY6MTAxOTY",
        "sourceId": "10196",
        "layerId": 16,
        "type": "location",
        "status": "active",
        "urgency": null,
        "verificationTag": null,
        "expirationDate": null,
        "createdAt": "2026-03-11T20:43:09.897Z",
        "updatedAt": "2026-04-03T22:10:54.628Z"
      }
    },
    {
      "type": "Feature",
      "id": 337,
      "geometry": {
        "type": "Point",
        "coordinates": [
          60.6863261,
          27.2312195
        ]
      },
      "properties": {
        "id": "MTY6MTAxOTc",
        "city": "ایرانشهر",
        "count": 1,
        "people": [
          {
            "date": "1767889800",
            "image": "photos/photo_1175@25-01-2026_21-37-11.jpg",
            "rtn_id": "1185",
            "name:fa": "ناصر جهانبین",
            "sources": "https://t.me/RememberTheirNames/1251"
          }
        ],
        "province": "استان سیستان و بلوچستان",
        "publicId": "MTY6MTAxOTc",
        "sourceId": "10197",
        "layerId": 16,
        "type": "location",
        "status": "active",
        "urgency": null,
        "verificationTag": null,
        "expirationDate": null,
        "createdAt": "2026-03-11T20:43:09.898Z",
        "updatedAt": "2026-04-03T22:10:54.629Z"
      }
    },
    {
      "type": "Feature",
      "id": 338,
      "geometry": {
        "type": "Point",
        "coordinates": [
          46.4227,
          33.6374
        ]
      },
      "properties": {
        "id": "MTY6MTAxOTg",
        "city": "ایلام",
        "count": 4,
        "people": [
          {
            "date": "1767889800",
            "image": "photos/photo_561@22-01-2026_11-44-13.jpg",
            "rtn_id": "566",
            "name:fa": "آرمین دادفر",
            "sources": "https://t.me/RememberTheirNames/608"
          },
          {
            "date": "1767976200",
            "image": "photos/photo_685@22-01-2026_23-20-47.jpg",
            "rtn_id": "691",
            "name:fa": "میعاد ساده‌میری",
            "sources": "https://t.me/RememberTheirNames/741"
          },
          {
            "date": "1768494600",
            "image": "photos/photo_880@23-01-2026_22-58-01.jpg",
            "rtn_id": "888",
            "name:fa": "سعید صفری",
            "sources": "https://t.me/RememberTheirNames/940"
          },
          {
            "date": "1767889845-1768161645",
            "image": "photos/photo_894@23-01-2026_23-58-46.jpg",
            "rtn_id": "902",
            "name:fa": "مهدی قنبری",
            "sources": "https://t.me/RememberTheirNames/954"
          }
        ],
        "province": "استان ایلام",
        "publicId": "MTY6MTAxOTg",
        "sourceId": "10198",
        "layerId": 16,
        "type": "location",
        "status": "active",
        "urgency": null,
        "verificationTag": null,
        "expirationDate": null,
        "createdAt": "2026-03-11T20:43:09.898Z",
        "updatedAt": "2026-04-03T22:10:54.630Z"
      }
    },
    {
      "type": "Feature",
      "id": 339,
      "geometry": {
        "type": "Point",
        "coordinates": [
          51.4876692,
          30.2847401
        ]
      },
      "properties": {
        "id": "MTY6MTAxOTk",
        "city": "فارس",
        "count": 3,
        "people": [
          {
            "date": "1767889845-1768161645",
            "image": "photos/photo_1954@02-02-2026_06-56-38.jpg",
            "rtn_id": "1968",
            "name:fa": "یدالله اسکندری",
            "sources": "https://t.me/RememberTheirNames/2074"
          },
          {
            "date": "1767889845-1768161645",
            "image": "photos/photo_2054@03-02-2026_16-09-55.jpg",
            "rtn_id": "2068",
            "name:fa": "مریم زردشت",
            "sources": "https://t.me/RememberTheirNames/2182"
          },
          {
            "date": "1767889800",
            "image": "photos/photo_716@23-01-2026_02-30-43.jpg",
            "rtn_id": "722",
            "name:fa": "آرمان گرجیان بهمیاری",
            "sources": "https://t.me/RememberTheirNames/772"
          }
        ],
        "province": "استان فارس",
        "publicId": "MTY6MTAxOTk",
        "sourceId": "10199",
        "layerId": 16,
        "type": "location",
        "status": "active",
        "urgency": null,
        "verificationTag": null,
        "expirationDate": null,
        "createdAt": "2026-03-11T20:43:09.899Z",
        "updatedAt": "2026-04-03T22:10:54.721Z"
      }
    },
    {
      "type": "Feature",
      "id": 340,
      "geometry": {
        "type": "Point",
        "coordinates": [
          52.6781,
          36.5511
        ]
      },
      "properties": {
        "id": "MTY6MTAyMDA",
        "city": "بابل",
        "count": 22,
        "people": [
          {
            "date": "1767889800",
            "image": "photos/photo_94@18-01-2026_23-50-49.jpg",
            "rtn_id": "95",
            "name:fa": "عرفان آزرده",
            "sources": "https://t.me/RememberTheirNames/126"
          },
          {
            "date": "1767889845-1768161645",
            "image": "photos/photo_293@20-01-2026_00-33-13.jpg",
            "rtn_id": "298",
            "name:fa": "ابوالفضل(میلاد) بابانژاد",
            "sources": "https://t.me/RememberTheirNames/331"
          },
          {
            "date": "1767976200",
            "image": "photos/photo_302@20-01-2026_09-35-50.jpg",
            "rtn_id": "307",
            "name:fa": "مهدی قدیمی",
            "sources": "https://t.me/RememberTheirNames/340"
          },
          {
            "date": "1767889845-1768161645",
            "image": "photos/photo_353@20-01-2026_14-21-13.jpg",
            "rtn_id": "358",
            "name:fa": "محمدابراهیم داداشی",
            "sources": "https://t.me/RememberTheirNames/392"
          },
          {
            "date": "1767976200",
            "image": "photos/photo_354@20-01-2026_14-22-32.jpg",
            "rtn_id": "359",
            "name:fa": "عرفان قلی‌پور",
            "sources": "https://t.me/RememberTheirNames/393"
          },
          {
            "date": "1767889845-1768161645",
            "image": "photos/photo_355@20-01-2026_14-24-48.jpg",
            "rtn_id": "360",
            "name:fa": "ابوالفضل علی‌پور",
            "sources": "https://t.me/RememberTheirNames/394"
          },
          {
            "date": "1767889845-1768161645",
            "image": "photos/photo_356@20-01-2026_14-27-41.jpg",
            "rtn_id": "361",
            "name:fa": "محمد هاشمی",
            "sources": "https://t.me/RememberTheirNames/396"
          },
          {
            "date": "1767889845-1768161645",
            "image": "photos/photo_357@20-01-2026_14-29-13.jpg",
            "rtn_id": "362",
            "name:fa": "محمدامین حاجیان",
            "sources": "https://t.me/RememberTheirNames/397"
          },
          {
            "date": "1767889800",
            "image": "photos/photo_385@20-01-2026_19-49-44.jpg",
            "rtn_id": "390",
            "name:fa": "حسن سماکوش",
            "sources": "https://t.me/RememberTheirNames/425"
          },
          {
            "date": "1767889800",
            "image": "photos/photo_387@20-01-2026_19-59-50.jpg",
            "rtn_id": "392",
            "name:fa": "خسرو اسدی کناری",
            "sources": "https://t.me/RememberTheirNames/427"
          },
          {
            "date": "1767976200",
            "image": "photos/photo_478@21-01-2026_16-41-26.jpg",
            "rtn_id": "483",
            "name:fa": "علی ‌اصغر محمدی چمستان",
            "sources": "https://t.me/RememberTheirNames/521"
          },
          {
            "date": "1767889800",
            "image": "photos/photo_790@23-01-2026_15-10-51.jpg",
            "rtn_id": "796",
            "name:fa": "احمدرضا قادری",
            "sources": "https://t.me/RememberTheirNames/848"
          },
          {
            "date": "1767889800",
            "image": "photos/photo_1057@24-01-2026_23-49-00.jpg",
            "rtn_id": "1067",
            "name:fa": "محمد مصطفی‌زاده",
            "sources": "https://t.me/RememberTheirNames/1126"
          },
          {
            "date": "1767889800",
            "image": "photos/photo_1180@25-01-2026_22-03-41.jpg",
            "rtn_id": "1190",
            "name:fa": "بهرام عباسقلی‌زاده",
            "sources": "https://t.me/RememberTheirNames/1256"
          },
          {
            "date": "1767889845-1768161645",
            "image": "photos/photo_1325@27-01-2026_00-27-46.jpg",
            "rtn_id": "1337",
            "name:fa": "حسین اکرامی",
            "sources": "https://t.me/RememberTheirNames/1406"
          },
          {
            "date": "1767889800",
            "image": "photos/photo_2039@03-02-2026_13-46-58.jpg",
            "rtn_id": "2053",
            "name:fa": "نادر محمدی عبده‌وند",
            "sources": "https://t.me/RememberTheirNames/2167"
          },
          {
            "date": "1767889845-1768161645",
            "image": "photos/photo_2101@04-02-2026_13-29-41.jpg",
            "rtn_id": "2115",
            "name:fa": "علی‌اکبر اسدپور میانگله",
            "sources": "https://t.me/RememberTheirNames/2231"
          },
          {
            "date": "1767889800",
            "image": "photos/photo_1872@01-02-2026_12-08-24.jpg",
            "rtn_id": "1886",
            "name:fa": "ابراهیم مصطفی‌پور ارمکی",
            "sources": "https://t.me/RememberTheirNames/1985"
          },
          {
            "date": "1767889800",
            "image": "photos/photo_2335@07-02-2026_04-47-08.jpg",
            "rtn_id": "2350",
            "name:fa": "خدیجه (مرضیه) بهمنی",
            "sources": "https://t.me/RememberTheirNames/2472"
          },
          {
            "date": "1767889800",
            "image": "photos/photo_2725@15-02-2026_10-42-13.jpg",
            "rtn_id": "2740",
            "name:fa": "مهدی فاضل‌زاده گودرزی",
            "sources": "https://t.me/RememberTheirNames/2888"
          },
          {
            "date": "1767889800",
            "image": "photos/photo_2901@21-02-2026_04-40-12.jpg",
            "rtn_id": "2913",
            "name:fa": "فریبا باباجانی",
            "sources": "https://t.me/RememberTheirNames/3083"
          },
          {
            "date": "1767889800",
            "image": "photos/photo_2911@21-02-2026_08-42-32.jpg",
            "rtn_id": "2923",
            "name:fa": "حمید احمدنژاد سرحمامی",
            "sources": "https://t.me/RememberTheirNames/3094"
          }
        ],
        "province": "استان مازندران",
        "publicId": "MTY6MTAyMDA",
        "sourceId": "10200",
        "layerId": 16,
        "type": "location",
        "status": "active",
        "urgency": null,
        "verificationTag": null,
        "expirationDate": null,
        "createdAt": "2026-03-11T20:43:09.900Z",
        "updatedAt": "2026-04-03T22:10:54.631Z"
      }
    },
    {
      "type": "Feature",
      "id": 341,
      "geometry": {
        "type": "Point",
        "coordinates": [
          52.6454,
          36.7072
        ]
      },
      "properties": {
        "id": "MTY6MTAyMDE",
        "city": "بابلسر",
        "count": 1,
        "people": [
          {
            "date": "1767889845-1768161645",
            "image": "photos/photo_746@23-01-2026_11-41-56.jpg",
            "rtn_id": "752",
            "name:fa": "مجتبی اسماعیل‌پور",
            "sources": "https://t.me/RememberTheirNames/802"
          }
        ],
        "province": "استان مازندران",
        "publicId": "MTY6MTAyMDE",
        "sourceId": "10201",
        "layerId": 16,
        "type": "location",
        "status": "active",
        "urgency": null,
        "verificationTag": null,
        "expirationDate": null,
        "createdAt": "2026-03-11T20:43:09.900Z",
        "updatedAt": "2026-04-03T22:10:54.632Z"
      }
    },
    {
      "type": "Feature",
      "id": 342,
      "geometry": {
        "type": "Point",
        "coordinates": [
          51.1866823,
          32.3755496
        ]
      },
      "properties": {
        "id": "MTY6MTAyMDI",
        "city": "باغ‌بهادران",
        "count": 2,
        "people": [
          {
            "date": "1767889800",
            "image": "photos/photo_506@21-01-2026_20-34-28.jpg",
            "rtn_id": "511",
            "name:fa": "زهرا باقری",
            "sources": "https://t.me/RememberTheirNames/549"
          },
          {
            "date": "1767889800",
            "image": "photos/photo_621@22-01-2026_16-25-08.jpg",
            "rtn_id": "627",
            "name:fa": "پژمان امینی باغبهادرانی",
            "sources": "https://t.me/RememberTheirNames/672"
          }
        ],
        "province": "استان اصفهان",
        "publicId": "MTY6MTAyMDI",
        "sourceId": "10202",
        "layerId": 16,
        "type": "location",
        "status": "active",
        "urgency": null,
        "verificationTag": null,
        "expirationDate": null,
        "createdAt": "2026-03-11T20:43:09.901Z",
        "updatedAt": "2026-04-03T22:10:54.633Z"
      }
    },
    {
      "type": "Feature",
      "id": 343,
      "geometry": {
        "type": "Point",
        "coordinates": [
          57.3412,
          37.4651
        ]
      },
      "properties": {
        "id": "MTY6MTAyMDM",
        "city": "بجنورد",
        "count": 3,
        "people": [
          {
            "date": "1767889800",
            "image": "photos/photo_128@19-01-2026_00-51-18.jpg",
            "rtn_id": "129",
            "name:fa": "نازلی جان‌پرور",
            "sources": "https://t.me/RememberTheirNames/161"
          },
          {
            "date": "1767889845-1768161645",
            "image": "photos/photo_1418@27-01-2026_20-03-32.jpg",
            "rtn_id": "1429",
            "name:fa": "محمد خداپناه",
            "sources": "https://t.me/RememberTheirNames/1507"
          },
          {
            "date": "1767889845-1768161645",
            "image": "photos/photo_2104@04-02-2026_13-42-10.jpg",
            "rtn_id": "2118",
            "name:fa": "ملیحه فیروزه‌ای",
            "sources": "https://t.me/RememberTheirNames/2234"
          }
        ],
        "province": "استان خراسان شمالی",
        "publicId": "MTY6MTAyMDM",
        "sourceId": "10203",
        "layerId": 16,
        "type": "location",
        "status": "active",
        "urgency": null,
        "verificationTag": null,
        "expirationDate": null,
        "createdAt": "2026-03-11T20:43:09.901Z",
        "updatedAt": "2026-04-03T22:10:54.634Z"
      }
    },
    {
      "type": "Feature",
      "id": 344,
      "geometry": {
        "type": "Point",
        "coordinates": [
          47.0390048,
          33.3067517
        ]
      },
      "properties": {
        "id": "MTY6MTAyMDQ",
        "city": "بدره ایلام",
        "count": 1,
        "people": [
          {
            "date": "1767889800",
            "image": "photos/photo_118@19-01-2026_00-31-31.jpg",
            "rtn_id": "119",
            "name:fa": "پویا رستمی",
            "sources": "https://t.me/RememberTheirNames/150"
          }
        ],
        "province": "استان ایلام",
        "publicId": "MTY6MTAyMDQ",
        "sourceId": "10204",
        "layerId": 16,
        "type": "location",
        "status": "active",
        "urgency": null,
        "verificationTag": null,
        "expirationDate": null,
        "createdAt": "2026-03-11T20:43:09.902Z",
        "updatedAt": "2026-04-03T22:10:54.635Z"
      }
    },
    {
      "type": "Feature",
      "id": 345,
      "geometry": {
        "type": "Point",
        "coordinates": [
          48.7516,
          33.8959
        ]
      },
      "properties": {
        "id": "MTY6MTAyMDU",
        "city": "بروجرد",
        "count": 11,
        "people": [
          {
            "date": "1767889800",
            "image": "photos/photo_105@19-01-2026_00-09-00.jpg",
            "rtn_id": "106",
            "name:fa": "آریانا ارجمندی",
            "sources": "https://t.me/RememberTheirNames/137"
          },
          {
            "date": "1767889845-1768161645",
            "image": "photos/photo_780@23-01-2026_14-37-26.jpg",
            "rtn_id": "786",
            "name:fa": "عرفان گودرزی",
            "sources": "https://t.me/RememberTheirNames/838"
          },
          {
            "date": "1767889800",
            "image": "photos/photo_1659@30-01-2026_10-50-31.jpg",
            "rtn_id": "1670",
            "name:fa": "مصیب نظامی",
            "sources": "https://t.me/RememberTheirNames/1757"
          },
          {
            "date": "1767889800",
            "image": "photos/photo_2135@04-02-2026_16-33-55.jpg",
            "rtn_id": "2149",
            "name:fa": "نادر حسنوند",
            "sources": "https://t.me/RememberTheirNames/2267"
          },
          {
            "date": "1767976200",
            "image": "photos/photo_2156@05-02-2026_05-26-32.jpg",
            "rtn_id": "2170",
            "name:fa": "محمد دادور",
            "sources": "https://t.me/RememberTheirNames/2288"
          },
          {
            "date": "1767889800",
            "image": "photos/photo_2197@05-02-2026_12-44-19.jpg",
            "rtn_id": "2211",
            "name:fa": "امیرحسین موید",
            "sources": "https://t.me/RememberTheirNames/2330"
          },
          {
            "date": "1767889845-1768161645",
            "image": "photos/photo_2258@06-02-2026_05-46-32.jpg",
            "rtn_id": "2273",
            "name:fa": "امیرحسین سبزه‌وند",
            "sources": "https://t.me/RememberTheirNames/2392"
          },
          {
            "date": "1767889800",
            "image": "photos/photo_2606@11-02-2026_08-00-45.jpg",
            "rtn_id": "2621",
            "name:fa": "هادی زمانی",
            "sources": "https://t.me/RememberTheirNames/2766"
          },
          {
            "date": "1767889845-1768161645",
            "image": "photos/photo_2686@14-02-2026_02-55-03.jpg",
            "rtn_id": "2701",
            "name:fa": "وحید مقدم",
            "sources": "https://t.me/RememberTheirNames/2848"
          },
          {
            "date": "1767889800",
            "image": "photos/photo_2992@25-02-2026_03-42-02.jpg",
            "rtn_id": "3004",
            "name:fa": "احمد گودرزی",
            "sources": "https://t.me/RememberTheirNames/3179"
          },
          {
            "date": "1767889800",
            "image": "photos/photo_3073@31-03-2026_04-27-41.jpg",
            "rtn_id": "3086",
            "name:fa": "محمد شعبان",
            "sources": "https://t.me/RememberTheirNames/3293"
          }
        ],
        "province": "استان لرستان",
        "publicId": "MTY6MTAyMDU",
        "sourceId": "10205",
        "layerId": 16,
        "type": "location",
        "status": "active",
        "urgency": null,
        "verificationTag": null,
        "expirationDate": null,
        "createdAt": "2026-03-11T20:43:09.902Z",
        "updatedAt": "2026-04-03T22:10:54.636Z"
      }
    },
    {
      "type": "Feature",
      "id": 346,
      "geometry": {
        "type": "Point",
        "coordinates": [
          49.4631,
          37.4738
        ]
      },
      "properties": {
        "id": "MTY6MTAyMDY",
        "city": "بندر انزلی",
        "count": 7,
        "people": [
          {
            "date": "1767889800",
            "image": "photos/photo_197@19-01-2026_16-56-36.jpg",
            "rtn_id": "198",
            "name:fa": "آرش حسنی",
            "sources": "https://t.me/RememberTheirNames/232"
          },
          {
            "date": "1767889800",
            "image": "photos/photo_198@19-01-2026_16-59-03.jpg",
            "rtn_id": "199",
            "name:fa": "میلاد میانه‌خواه منفردی",
            "sources": "https://t.me/RememberTheirNames/233"
          },
          {
            "date": "1767976200",
            "image": "photos/photo_775@23-01-2026_14-26-50.jpg",
            "rtn_id": "781",
            "name:fa": "مهدی حسنی",
            "sources": "https://t.me/RememberTheirNames/833"
          },
          {
            "date": "1767976200",
            "image": "photos/photo_210@19-01-2026_18-34-57.jpg",
            "rtn_id": "213",
            "name:fa": "سعید ابراهیمی",
            "sources": "https://t.me/RememberTheirNames/245"
          },
          {
            "date": "1767889800",
            "image": "photos/photo_952@24-01-2026_14-35-26.jpg",
            "rtn_id": "961",
            "name:fa": "کیان پورصفار",
            "sources": "https://t.me/RememberTheirNames/1014"
          },
          {
            "date": "1767889845-1768161645",
            "image": "photos/photo_971@24-01-2026_15-37-10.jpg",
            "rtn_id": "980",
            "name:fa": "مازیار رهرو",
            "sources": "https://t.me/RememberTheirNames/1034"
          },
          {
            "date": "1767976200",
            "image": "photos/photo_2847@19-02-2026_05-44-20.jpg",
            "rtn_id": "2859",
            "name:fa": "شهاب دولتی",
            "sources": "https://t.me/RememberTheirNames/3028"
          }
        ],
        "province": "استان گیلان",
        "publicId": "MTY6MTAyMDY",
        "sourceId": "10206",
        "layerId": 16,
        "type": "location",
        "status": "active",
        "urgency": null,
        "verificationTag": null,
        "expirationDate": null,
        "createdAt": "2026-03-11T20:43:09.902Z",
        "updatedAt": "2026-04-03T22:10:54.638Z"
      }
    },
    {
      "type": "Feature",
      "id": 347,
      "geometry": {
        "type": "Point",
        "coordinates": [
          56.2808,
          27.1865
        ]
      },
      "properties": {
        "id": "MTY6MTAyMDc",
        "city": "بندر عباس",
        "count": 23,
        "people": [
          {
            "date": "1767889800",
            "image": "photos/photo_58@18-01-2026_22-46-14.jpg",
            "rtn_id": "58",
            "name:fa": "خالد ملایی",
            "sources": "https://t.me/RememberTheirNames/89"
          },
          {
            "date": "1767889800",
            "image": "photos/photo_172@19-01-2026_12-36-45.jpg",
            "rtn_id": "173",
            "name:fa": "علیرضا فریدونی",
            "sources": "https://t.me/RememberTheirNames/206"
          },
          {
            "date": "1767889800",
            "image": "photos/photo_192@19-01-2026_15-16-56.jpg",
            "rtn_id": "193",
            "name:fa": "رضا محمدی",
            "sources": "https://t.me/RememberTheirNames/227"
          },
          {
            "date": "1768062600",
            "image": "photos/photo_408@20-01-2026_22-32-53.jpg",
            "rtn_id": "413",
            "name:fa": "اسماعیل قلندرزهی (کشانی)",
            "sources": "https://t.me/RememberTheirNames/448"
          },
          {
            "date": "1767976200",
            "image": "photos/photo_414@20-01-2026_23-58-07.jpg",
            "rtn_id": "419",
            "name:fa": "محمدامین خاتم",
            "sources": "https://t.me/RememberTheirNames/454"
          },
          {
            "date": "1768235400",
            "image": "photos/photo_415@21-01-2026_00-00-11.jpg",
            "rtn_id": "420",
            "name:fa": "مهرشاد رگبار",
            "sources": "https://t.me/RememberTheirNames/455"
          },
          {
            "date": "1767976200",
            "image": "photos/photo_431@21-01-2026_11-49-59.jpg",
            "rtn_id": "436",
            "name:fa": "سید احمد کاظمی",
            "sources": "https://t.me/RememberTheirNames/471"
          },
          {
            "date": "1767889845-1768161645",
            "image": "photos/photo_693@22-01-2026_23-55-32.jpg",
            "rtn_id": "699",
            "name:fa": "لیلا آشپسند",
            "sources": "https://t.me/RememberTheirNames/749"
          },
          {
            "date": "1767889845-1768161645",
            "image": "photos/photo_843@23-01-2026_19-52-36.jpg",
            "rtn_id": "850",
            "name:fa": "میلاد درویشی",
            "sources": "https://t.me/RememberTheirNames/902"
          },
          {
            "date": "1767889845-1768161645",
            "image": "photos/photo_1089@25-01-2026_02-41-17.jpg",
            "rtn_id": "1099",
            "name:fa": "احسان طوفان",
            "sources": "https://t.me/RememberTheirNames/1160"
          },
          {
            "date": "1767889845-1768161645",
            "image": "photos/photo_1349@27-01-2026_12-51-11.jpg",
            "rtn_id": "1361",
            "name:fa": "مهدی ضیایی ۱۷ ساله",
            "sources": "https://t.me/RememberTheirNames/1431"
          },
          {
            "date": "1767889845-1768161645",
            "image": "photos/photo_1350@27-01-2026_12-54-52.jpg",
            "rtn_id": "1362",
            "name:fa": "حسین محب‌پور",
            "sources": "https://t.me/RememberTheirNames/1432"
          },
          {
            "date": "1767889800",
            "image": "photos/photo_1676@30-01-2026_15-11-55.jpg",
            "rtn_id": "1687",
            "name:fa": "حامد صالح‌رحمان",
            "sources": "https://t.me/RememberTheirNames/1775"
          },
          {
            "date": "1767976200",
            "image": "photos/photo_1879@01-02-2026_12-52-10.jpg",
            "rtn_id": "1893",
            "name:fa": "معین خشایاری",
            "sources": "https://t.me/RememberTheirNames/1993"
          },
          {
            "date": "1767889845-1768161645",
            "image": "photos/photo_1913@01-02-2026_16-06-47.jpg",
            "rtn_id": "1927",
            "name:fa": "ایمان سالارمحمدپور",
            "sources": "https://t.me/RememberTheirNames/2030"
          },
          {
            "date": "1767889800",
            "image": "photos/photo_1990@03-02-2026_03-40-28.jpg",
            "rtn_id": "2004",
            "name:fa": "امیررضا معصومی",
            "sources": "https://t.me/RememberTheirNames/2113"
          },
          {
            "date": "1767889800",
            "image": "photos/photo_2205@05-02-2026_14-13-15.jpg",
            "rtn_id": "2219",
            "name:fa": "ساسان رخ‌فیروز",
            "sources": "https://t.me/RememberTheirNames/2338"
          },
          {
            "date": "1767889800",
            "image": "photos/photo_2297@06-02-2026_12-05-36.jpg",
            "rtn_id": "2312",
            "name:fa": "سجاد غنی",
            "sources": "https://t.me/RememberTheirNames/2433"
          },
          {
            "date": "1767889800",
            "image": "photos/photo_2332@07-02-2026_04-12-29.jpg",
            "rtn_id": "2347",
            "name:fa": "علی مناتی",
            "sources": "https://t.me/RememberTheirNames/2469"
          },
          {
            "date": "1767976200",
            "image": "photos/photo_2894@21-02-2026_01-51-23.jpg",
            "rtn_id": "2906",
            "name:fa": "سجاد دهقانی",
            "sources": "https://t.me/RememberTheirNames/3075"
          },
          {
            "date": "1767889845-1768161645",
            "image": "photos/photo_2666@13-02-2026_12-57-11.jpg",
            "rtn_id": "2681",
            "name:fa": "نیما جعفری",
            "sources": "https://t.me/RememberTheirNames/2828"
          },
          {
            "date": "1767976200",
            "image": "photos/photo_2996@25-02-2026_10-28-44.jpg",
            "rtn_id": "3008",
            "name:fa": "پریماه نیک‌پرور ۱۸ساله",
            "sources": "https://t.me/RememberTheirNames/3184"
          },
          {
            "date": "1767889800",
            "image": "photos/photo_3076@03-04-2026_08-22-09.jpg",
            "rtn_id": "3089",
            "name:fa": "سجاد کوه‌پناه",
            "sources": "https://t.me/RememberTheirNames/3296"
          }
        ],
        "province": "استان هرمزگان",
        "publicId": "MTY6MTAyMDc",
        "sourceId": "10207",
        "layerId": 16,
        "type": "location",
        "status": "active",
        "urgency": null,
        "verificationTag": null,
        "expirationDate": null,
        "createdAt": "2026-03-11T20:43:09.903Z",
        "updatedAt": "2026-04-03T22:10:54.639Z"
      }
    },
    {
      "type": "Feature",
      "id": 348,
      "geometry": {
        "type": "Point",
        "coordinates": [
          50.5079102,
          29.5870327
        ]
      },
      "properties": {
        "id": "MTY6MTAyMDg",
        "city": "بندرگناوه",
        "count": 1,
        "people": [
          {
            "date": "1767889800",
            "image": "photos/photo_294@20-01-2026_00-39-31.jpg",
            "rtn_id": "299",
            "name:fa": "کریم حیدری",
            "sources": "https://t.me/RememberTheirNames/332"
          }
        ],
        "province": "استان بوشهر",
        "publicId": "MTY6MTAyMDg",
        "sourceId": "10208",
        "layerId": 16,
        "type": "location",
        "status": "active",
        "urgency": null,
        "verificationTag": null,
        "expirationDate": null,
        "createdAt": "2026-03-11T20:43:09.903Z",
        "updatedAt": "2026-04-03T22:10:54.640Z"
      }
    },
    {
      "type": "Feature",
      "id": 349,
      "geometry": {
        "type": "Point",
        "coordinates": [
          50.8383,
          28.9684
        ]
      },
      "properties": {
        "id": "MTY6MTAyMDk",
        "city": "بوشهر",
        "count": 15,
        "people": [
          {
            "date": "1767889800",
            "image": "photos/photo_82@18-01-2026_23-24-24.jpg",
            "rtn_id": "82",
            "name:fa": "منصوره حیدری و بهروز منصوری",
            "sources": "https://t.me/RememberTheirNames/114"
          },
          {
            "date": "1767976200",
            "image": "photos/photo_272@19-01-2026_23-06-56.jpg",
            "rtn_id": "277",
            "name:fa": "زهره فاضلی",
            "sources": "https://t.me/RememberTheirNames/310"
          },
          {
            "date": "1767889845-1768161645",
            "image": "photos/photo_273@19-01-2026_23-10-27.jpg",
            "rtn_id": "278",
            "name:fa": "نیما جوزایی",
            "sources": "https://t.me/RememberTheirNames/311"
          },
          {
            "date": "1767889845-1768161645",
            "image": "photos/photo_401@20-01-2026_21-35-23.jpg",
            "rtn_id": "406",
            "name:fa": "میثم رزمی",
            "sources": "https://t.me/RememberTheirNames/441"
          },
          {
            "date": "1767889800",
            "image": "photos/photo_764@23-01-2026_13-43-31.jpg",
            "rtn_id": "770",
            "name:fa": "سعید سنجیده",
            "sources": "https://t.me/RememberTheirNames/820"
          },
          {
            "date": "1767976200",
            "image": "photos/photo_1186@25-01-2026_22-51-51.jpg",
            "rtn_id": "1196",
            "name:fa": "محمد خسروی",
            "sources": "https://t.me/RememberTheirNames/1264"
          },
          {
            "date": "1767889800",
            "image": "photos/photo_1360@27-01-2026_13-38-30.jpg",
            "rtn_id": "1372",
            "name:fa": "آروین سالمی راد ۱۷ ساله",
            "sources": "https://t.me/RememberTheirNames/1442"
          },
          {
            "date": "1767889845-1768161645",
            "image": "photos/photo_1369@27-01-2026_14-43-01.jpg",
            "rtn_id": "1381",
            "name:fa": "اسماعیل خروشا",
            "sources": "https://t.me/RememberTheirNames/1451"
          },
          {
            "date": "1767889800",
            "image": "photos/photo_291@20-01-2026_00-23-27.jpg",
            "rtn_id": "296",
            "name:fa": "علی امانی",
            "sources": "https://t.me/RememberTheirNames/329"
          },
          {
            "date": "1767976200",
            "image": "photos/photo_411@20-01-2026_22-48-17.jpg",
            "rtn_id": "416",
            "name:fa": "علیرضا پارسافر",
            "sources": "https://t.me/RememberTheirNames/451"
          },
          {
            "date": "1767889845-1768161645",
            "image": "photos/photo_1858@01-02-2026_10-53-04.jpg",
            "rtn_id": "1872",
            "name:fa": "رضا تبرک",
            "sources": "https://t.me/RememberTheirNames/1971"
          },
          {
            "date": "1767976200",
            "image": "photos/photo_1912@01-02-2026_16-05-03.jpg",
            "rtn_id": "1926",
            "name:fa": "محمود قاسمی",
            "sources": "https://t.me/RememberTheirNames/2029"
          },
          {
            "date": "1767889800",
            "image": "photos/photo_2733@16-02-2026_06-49-22.jpg",
            "rtn_id": "2748",
            "name:fa": "سمیه بهرامی",
            "sources": "https://t.me/RememberTheirNames/2896"
          },
          {
            "date": "1767889800",
            "image": "photos/photo_2942@23-02-2026_06-43-19.jpg",
            "rtn_id": "2954",
            "name:fa": "امرالله ارغده",
            "sources": "https://t.me/RememberTheirNames/3127"
          },
          {
            "date": "1767889845-1768161645",
            "image": "photos/photo_2943@23-02-2026_08-41-15.jpg",
            "rtn_id": "2955",
            "name:fa": "حمیدرضا شیری",
            "sources": "https://t.me/RememberTheirNames/3128"
          }
        ],
        "province": "استان بوشهر",
        "publicId": "MTY6MTAyMDk",
        "sourceId": "10209",
        "layerId": 16,
        "type": "location",
        "status": "active",
        "urgency": null,
        "verificationTag": null,
        "expirationDate": null,
        "createdAt": "2026-03-11T20:43:09.904Z",
        "updatedAt": "2026-04-03T22:10:54.641Z"
      }
    },
    {
      "type": "Feature",
      "id": 350,
      "geometry": {
        "type": "Point",
        "coordinates": [
          51.8679273,
          35.7156309
        ]
      },
      "properties": {
        "id": "MTY6MTAyMTA",
        "city": "بومهن",
        "count": 6,
        "people": [
          {
            "date": "1767889800",
            "image": "photos/photo_1560@28-01-2026_20-31-51.jpg",
            "rtn_id": "1571",
            "name:fa": "مرتضی حشمی",
            "sources": "https://t.me/RememberTheirNames/1656"
          },
          {
            "date": "1767889800",
            "image": "photos/photo_2272@06-02-2026_10-05-58.jpg",
            "rtn_id": "2287",
            "name:fa": "اسماعیل صادقی اصل",
            "sources": "https://t.me/RememberTheirNames/2406"
          },
          {
            "date": "1767889800",
            "image": "photos/photo_2540@10-02-2026_03-21-56.jpg",
            "rtn_id": "2555",
            "name:fa": "میثم مقدسی",
            "sources": "https://t.me/RememberTheirNames/2696"
          },
          {
            "date": "1767889800",
            "image": "photos/photo_2574@10-02-2026_15-03-10.jpg",
            "rtn_id": "2589",
            "name:fa": "محمدرضا مرادقلی",
            "sources": "https://t.me/RememberTheirNames/2731"
          },
          {
            "date": "1767889800",
            "image": "photos/photo_2778@17-02-2026_03-25-51.jpg",
            "rtn_id": "2794",
            "name:fa": "قاسم الکن کیوج",
            "sources": "https://t.me/RememberTheirNames/2943"
          },
          {
            "date": "1767889800",
            "image": "photos/photo_2884@20-02-2026_07-31-10.jpg",
            "rtn_id": "2896",
            "name:fa": "پیام ربانی",
            "sources": "https://t.me/RememberTheirNames/3065"
          }
        ],
        "province": "استان تهران",
        "publicId": "MTY6MTAyMTA",
        "sourceId": "10210",
        "layerId": 16,
        "type": "location",
        "status": "active",
        "urgency": null,
        "verificationTag": null,
        "expirationDate": null,
        "createdAt": "2026-03-11T20:43:09.904Z",
        "updatedAt": "2026-04-03T22:10:54.642Z"
      }
    },
    {
      "type": "Feature",
      "id": 351,
      "geometry": {
        "type": "Point",
        "coordinates": [
          47.5950814,
          35.8701594
        ]
      },
      "properties": {
        "id": "MTY6MTAyMTE",
        "city": "بیجار",
        "count": 1,
        "people": [
          {
            "date": "1767803400",
            "image": "photos/photo_588@22-01-2026_14-20-45.jpg",
            "rtn_id": "594",
            "name:fa": "سوران فیضی‌زاده",
            "sources": "https://t.me/RememberTheirNames/637"
          }
        ],
        "province": "استان کردستان",
        "publicId": "MTY6MTAyMTE",
        "sourceId": "10211",
        "layerId": 16,
        "type": "location",
        "status": "active",
        "urgency": null,
        "verificationTag": null,
        "expirationDate": null,
        "createdAt": "2026-03-11T20:43:09.905Z",
        "updatedAt": "2026-04-03T22:10:54.643Z"
      }
    },
    {
      "type": "Feature",
      "id": 352,
      "geometry": {
        "type": "Point",
        "coordinates": [
          51.6893,
          35.4658
        ]
      },
      "properties": {
        "id": "MTY6MTAyMTI",
        "city": "پاکدشت",
        "count": 14,
        "people": [
          {
            "date": "1767889800",
            "image": "photos/photo_1117@25-01-2026_13-54-48.jpg",
            "rtn_id": "1127",
            "name:fa": "شایان اسدی",
            "sources": "https://t.me/RememberTheirNames/1191"
          },
          {
            "date": "1767889800",
            "image": "photos/photo_1279@26-01-2026_18-52-22.jpg",
            "rtn_id": "1291",
            "name:fa": "محمد صفری",
            "sources": "https://t.me/RememberTheirNames/1359"
          },
          {
            "date": "1767889800",
            "image": "photos/photo_1322@26-01-2026_23-45-19.jpg",
            "rtn_id": "1334",
            "name:fa": "محمدصادق یعقوبی‌پور",
            "sources": "https://t.me/RememberTheirNames/1403"
          },
          {
            "date": "1767889800",
            "image": "photos/photo_1440@27-01-2026_22-00-42.jpg",
            "rtn_id": "1451",
            "name:fa": "محمد پای‌بست",
            "sources": "https://t.me/RememberTheirNames/1530"
          },
          {
            "date": null,
            "image": "photos/photo_1509@28-01-2026_14-50-25.jpg",
            "rtn_id": "1520",
            "name:fa": "علیرضا خادمی",
            "sources": "https://t.me/RememberTheirNames/1604"
          },
          {
            "date": null,
            "image": "photos/photo_1690@30-01-2026_16-38-59.jpg",
            "rtn_id": "1701",
            "name:fa": "محمدسام کیانی",
            "sources": "https://t.me/RememberTheirNames/1791"
          },
          {
            "date": "1767889800",
            "image": "photos/photo_1705@30-01-2026_18-47-32.jpg",
            "rtn_id": "1716",
            "name:fa": "وحید پل‌شکن پهلوان",
            "sources": "https://t.me/RememberTheirNames/1810"
          },
          {
            "date": "1767889800",
            "image": "photos/photo_1860@01-02-2026_11-02-09.jpg",
            "rtn_id": "1874",
            "name:fa": "حسین لشنی",
            "sources": "https://t.me/RememberTheirNames/1973"
          },
          {
            "date": "1767889800",
            "image": "photos/photo_2088@04-02-2026_09-27-31.jpg",
            "rtn_id": "2102",
            "name:fa": "امیررضا هادیان",
            "sources": "https://t.me/RememberTheirNames/2217"
          },
          {
            "date": "1767976200",
            "image": "photos/photo_2151@05-02-2026_04-41-37.jpg",
            "rtn_id": "2165",
            "name:fa": "حسن عبدالمالکی",
            "sources": "https://t.me/RememberTheirNames/2283"
          },
          {
            "date": "1767889800",
            "image": "photos/photo_2269@06-02-2026_07-36-20.jpg",
            "rtn_id": "2284",
            "name:fa": "محمد یساولی شراهی",
            "sources": "https://t.me/RememberTheirNames/2403"
          },
          {
            "date": "1767889800",
            "image": "photos/photo_2421@08-02-2026_09-02-54.jpg",
            "rtn_id": "2436",
            "name:fa": "محمد قاسمی",
            "sources": "https://t.me/RememberTheirNames/2563"
          },
          {
            "date": "1767889800",
            "image": "photos/photo_2546@10-02-2026_04-42-28.jpg",
            "rtn_id": "2561",
            "name:fa": "محمدرضا خیبری ۱۸ساله",
            "sources": "https://t.me/RememberTheirNames/2702"
          },
          {
            "date": "1767889845-1768161645",
            "image": "photos/photo_2865@19-02-2026_12-54-41.jpg",
            "rtn_id": "2877",
            "name:fa": "فرشید عزیزتبار",
            "sources": "https://t.me/RememberTheirNames/3046"
          }
        ],
        "province": "استان تهران",
        "publicId": "MTY6MTAyMTI",
        "sourceId": "10212",
        "layerId": 16,
        "type": "location",
        "status": "active",
        "urgency": null,
        "verificationTag": null,
        "expirationDate": null,
        "createdAt": "2026-03-11T20:43:09.905Z",
        "updatedAt": "2026-04-03T22:10:54.644Z"
      }
    },
    {
      "type": "Feature",
      "id": 353,
      "geometry": {
        "type": "Point",
        "coordinates": [
          51.8045,
          35.7451
        ]
      },
      "properties": {
        "id": "MTY6MTAyMTM",
        "city": "پردیس",
        "count": 2,
        "people": [
          {
            "date": "1767976200",
            "image": "photos/photo_1340@27-01-2026_11-59-00.jpg",
            "rtn_id": "1352",
            "name:fa": "مسعود پیرمرادیان",
            "sources": "https://t.me/RememberTheirNames/1422"
          },
          {
            "date": "1767976200",
            "image": "photos/photo_1404@27-01-2026_18-03-43.jpg",
            "rtn_id": "1415",
            "name:fa": "سامان دل‌آرام",
            "sources": "https://t.me/RememberTheirNames/1493"
          }
        ],
        "province": "استان تهران",
        "publicId": "MTY6MTAyMTM",
        "sourceId": "10213",
        "layerId": 16,
        "type": "location",
        "status": "active",
        "urgency": null,
        "verificationTag": null,
        "expirationDate": null,
        "createdAt": "2026-03-11T20:43:09.906Z",
        "updatedAt": "2026-04-03T22:10:54.645Z"
      }
    },
    {
      "type": "Feature",
      "id": 354,
      "geometry": {
        "type": "Point",
        "coordinates": [
          50.9061,
          35.4897
        ]
      },
      "properties": {
        "id": "MTY6MTAyMTQ",
        "city": "پرند",
        "count": 30,
        "people": [
          {
            "date": "1767889800",
            "image": "photos/photo_99@18-01-2026_23-58-49.jpg",
            "rtn_id": "100",
            "name:fa": "مهیار کاکازاده",
            "sources": "https://t.me/RememberTheirNames/131"
          },
          {
            "date": "1767889800",
            "image": "photos/photo_677@22-01-2026_22-51-17.jpg",
            "rtn_id": "683",
            "name:fa": "علی قربانی",
            "sources": "https://t.me/RememberTheirNames/732"
          },
          {
            "date": "1767889800",
            "image": "photos/photo_907@24-01-2026_00-53-07.jpg",
            "rtn_id": "916",
            "name:fa": "محمدرضا هیودی",
            "sources": "https://t.me/RememberTheirNames/968"
          },
          {
            "date": "1767976200",
            "image": "photos/photo_970@24-01-2026_15-30-33.jpg",
            "rtn_id": "979",
            "name:fa": "مرتضی سرلک",
            "sources": "https://t.me/RememberTheirNames/1033"
          },
          {
            "date": "1767976200",
            "image": "photos/photo_987@24-01-2026_16-59-06.jpg",
            "rtn_id": "996",
            "name:fa": "کریم تونی",
            "sources": "https://t.me/RememberTheirNames/1051"
          },
          {
            "date": "1767976200",
            "image": "photos/photo_1023@24-01-2026_20-11-50.jpg",
            "rtn_id": "1032",
            "name:fa": "محمود سراجی",
            "sources": "https://t.me/RememberTheirNames/1090"
          },
          {
            "date": "1767976200",
            "image": "photos/photo_1120@25-01-2026_14-11-42.jpg",
            "rtn_id": "1130",
            "name:fa": "امیر جعفرزاده",
            "sources": "https://t.me/RememberTheirNames/1194"
          },
          {
            "date": "1767976200",
            "image": "photos/photo_1260@26-01-2026_16-55-21.jpg",
            "rtn_id": "1272",
            "name:fa": "پریا قلاوند",
            "sources": "https://t.me/RememberTheirNames/1339"
          },
          {
            "date": "1767889800",
            "image": "photos/photo_1328@27-01-2026_00-38-46.jpg",
            "rtn_id": "1340",
            "name:fa": "میثم قنبری راد",
            "sources": "https://t.me/RememberTheirNames/1409"
          },
          {
            "date": "1767889845-1768161645",
            "image": "photos/photo_1371@27-01-2026_14-46-49.jpg",
            "rtn_id": "1383",
            "name:fa": "میثم کاظمی",
            "sources": "https://t.me/RememberTheirNames/1453"
          },
          {
            "date": null,
            "image": "photos/photo_1464@27-01-2026_23-34-28.jpg",
            "rtn_id": "1475",
            "name:fa": "محمد همتیان",
            "sources": "https://t.me/RememberTheirNames/1554"
          },
          {
            "date": null,
            "image": "photos/photo_1465@27-01-2026_23-34-37.jpg",
            "rtn_id": "1476",
            "name:fa": "مهدی کشاورز",
            "sources": "https://t.me/RememberTheirNames/1555"
          },
          {
            "date": "1767889800",
            "image": "photos/photo_1467@27-01-2026_23-36-56.jpg",
            "rtn_id": "1478",
            "name:fa": "حسین سلیمانی",
            "sources": "https://t.me/RememberTheirNames/1557"
          },
          {
            "date": "1767976200",
            "image": "photos/photo_1563@28-01-2026_20-45-49.jpg",
            "rtn_id": "1574",
            "name:fa": "یوسف سیدحسینی",
            "sources": "https://t.me/RememberTheirNames/1659"
          },
          {
            "date": "1767976200",
            "image": "photos/photo_1712@30-01-2026_19-14-47.jpg",
            "rtn_id": "1723",
            "name:fa": "میثم موسوی",
            "sources": "https://t.me/RememberTheirNames/1817"
          },
          {
            "date": "1767976200",
            "image": "photos/photo_1933@02-02-2026_01-16-09.jpg",
            "rtn_id": "1947",
            "name:fa": "یاشار نورمحمدزاده",
            "sources": "https://t.me/RememberTheirNames/2051"
          },
          {
            "date": "1767976200",
            "image": "photos/photo_2026@03-02-2026_11-00-00.jpg",
            "rtn_id": "2040",
            "name:fa": "میلاد جهانگیری",
            "sources": "https://t.me/RememberTheirNames/2153"
          },
          {
            "date": "1767889800",
            "image": "photos/photo_2041@03-02-2026_14-00-20.jpg",
            "rtn_id": "2055",
            "name:fa": "سعید رحیمی",
            "sources": "https://t.me/RememberTheirNames/2169"
          },
          {
            "date": "1767889800",
            "image": "photos/photo_2043@03-02-2026_14-09-53.jpg",
            "rtn_id": "2057",
            "name:fa": "محمدجواد فرجی",
            "sources": "https://t.me/RememberTheirNames/2171"
          },
          {
            "date": "1767889845-1768161645",
            "image": "photos/photo_2131@04-02-2026_16-19-16.jpg",
            "rtn_id": "2145",
            "name:fa": "محسن هنرمند",
            "sources": "https://t.me/RememberTheirNames/2262"
          },
          {
            "date": "1767976200",
            "image": "photos/photo_2207@05-02-2026_14-24-02.jpg",
            "rtn_id": "2221",
            "name:fa": "یوسف مطیع",
            "sources": "https://t.me/RememberTheirNames/2340"
          },
          {
            "date": "1767976200",
            "image": "photos/photo_2208@05-02-2026_14-30-20.jpg",
            "rtn_id": "2222",
            "name:fa": "اکبر بختیاری‌مهر",
            "sources": "https://t.me/RememberTheirNames/2341"
          },
          {
            "date": "1767889845-1768161645",
            "image": "photos/photo_2216@05-02-2026_15-09-32.jpg",
            "rtn_id": "2230",
            "name:fa": "محمدحسام قیاسی",
            "sources": "https://t.me/RememberTheirNames/2349"
          },
          {
            "date": "1767889845-1768161645",
            "image": "photos/photo_2319@06-02-2026_16-24-45.jpg",
            "rtn_id": "2334",
            "name:fa": "فرج‌الله رضایی",
            "sources": "https://t.me/RememberTheirNames/2456"
          },
          {
            "date": "1767889800",
            "image": "photos/photo_2377@08-02-2026_04-25-11.jpg",
            "rtn_id": "2392",
            "name:fa": "دنیا سلمانی",
            "sources": "https://t.me/RememberTheirNames/2518"
          },
          {
            "date": "1767889800",
            "image": "photos/photo_2387@08-02-2026_04-52-06.jpg",
            "rtn_id": "2402",
            "name:fa": "سجاد بخشعلی",
            "sources": "https://t.me/RememberTheirNames/2528"
          },
          {
            "date": "1767976200",
            "image": "photos/photo_2401@08-02-2026_07-11-01.jpg",
            "rtn_id": "2416",
            "name:fa": "غزل احمنی",
            "sources": "https://t.me/RememberTheirNames/2542"
          },
          {
            "date": "1767976200",
            "image": "photos/photo_2495@09-02-2026_07-08-49.jpg",
            "rtn_id": "2510",
            "name:fa": "علی کرمعلی",
            "sources": "https://t.me/RememberTheirNames/2641"
          },
          {
            "date": "1767889800",
            "image": "photos/photo_2874@20-02-2026_04-36-15.jpg",
            "rtn_id": "2886",
            "name:fa": "ریحانه سیدمشهور شتربان",
            "sources": "https://t.me/RememberTheirNames/3055"
          },
          {
            "date": "1767976200",
            "image": "photos/photo_2759@16-02-2026_12-18-03.jpg",
            "rtn_id": "2775",
            "name:fa": "علی قاسمی",
            "sources": "https://t.me/RememberTheirNames/2923"
          }
        ],
        "province": "استان تهران",
        "publicId": "MTY6MTAyMTQ",
        "sourceId": "10214",
        "layerId": 16,
        "type": "location",
        "status": "active",
        "urgency": null,
        "verificationTag": null,
        "expirationDate": null,
        "createdAt": "2026-03-11T20:43:09.906Z",
        "updatedAt": "2026-04-03T22:10:54.646Z"
      }
    },
    {
      "type": "Feature",
      "id": 355,
      "geometry": {
        "type": "Point",
        "coordinates": [
          49.1237462,
          37.6183535
        ]
      },
      "properties": {
        "id": "MTY6MTAyMTU",
        "city": "پره‌سر گیلان",
        "count": 2,
        "people": [
          {
            "date": "1767889800",
            "image": "photos/photo_672@22-01-2026_22-16-37.jpg",
            "rtn_id": "678",
            "name:fa": "سونا یکتا",
            "sources": "https://t.me/RememberTheirNames/726"
          },
          {
            "date": "1767889800",
            "image": "photos/photo_1700@30-01-2026_17-29-58.jpg",
            "rtn_id": "1711",
            "name:fa": "امید کلابی",
            "sources": "https://t.me/RememberTheirNames/1802"
          }
        ],
        "province": "استان گیلان",
        "publicId": "MTY6MTAyMTU",
        "sourceId": "10215",
        "layerId": 16,
        "type": "location",
        "status": "active",
        "urgency": null,
        "verificationTag": null,
        "expirationDate": null,
        "createdAt": "2026-03-11T20:43:09.907Z",
        "updatedAt": "2026-04-03T22:10:54.647Z"
      }
    },
    {
      "type": "Feature",
      "id": 356,
      "geometry": {
        "type": "Point",
        "coordinates": [
          49.7044465,
          36.0539202
        ]
      },
      "properties": {
        "id": "MTY6MTAyMTY",
        "city": "تاکستان",
        "count": 2,
        "people": [
          {
            "date": "1767889845-1768161645",
            "image": "photos/photo_1022@24-01-2026_19-57-43.jpg",
            "rtn_id": "1031",
            "name:fa": "علی طاهرخانی",
            "sources": "https://t.me/RememberTheirNames/1089"
          },
          {
            "date": "1767976200",
            "image": "photos/photo_2299@06-02-2026_12-25-05.jpg",
            "rtn_id": "2314",
            "name:fa": "جعفر لوردکانی",
            "sources": "https://t.me/RememberTheirNames/2435"
          }
        ],
        "province": "استان قزوین",
        "publicId": "MTY6MTAyMTY",
        "sourceId": "10216",
        "layerId": 16,
        "type": "location",
        "status": "active",
        "urgency": null,
        "verificationTag": null,
        "expirationDate": null,
        "createdAt": "2026-03-11T20:43:09.907Z",
        "updatedAt": "2026-04-03T22:10:54.648Z"
      }
    },
    {
      "type": "Feature",
      "id": 357,
      "geometry": {
        "type": "Point",
        "coordinates": [
          49.5644026,
          37.3721814
        ]
      },
      "properties": {
        "id": "MTY6MTAyMTc",
        "city": "تالش",
        "count": 2,
        "people": [
          {
            "date": "1767889800",
            "image": "photos/photo_171@19-01-2026_12-35-32.jpg",
            "rtn_id": "172",
            "name:fa": "متین خسروی",
            "sources": "https://t.me/RememberTheirNames/205"
          },
          {
            "date": "1767889845-1768161645",
            "image": "photos/photo_1038@24-01-2026_21-36-08.jpg",
            "rtn_id": "1047",
            "name:fa": "سهراب شفائی",
            "sources": "https://t.me/RememberTheirNames/1106"
          }
        ],
        "province": "استان گیلان",
        "publicId": "MTY6MTAyMTc",
        "sourceId": "10217",
        "layerId": 16,
        "type": "location",
        "status": "active",
        "urgency": null,
        "verificationTag": null,
        "expirationDate": null,
        "createdAt": "2026-03-11T20:43:09.908Z",
        "updatedAt": "2026-04-03T22:10:54.649Z"
      }
    },
    {
      "type": "Feature",
      "id": 358,
      "geometry": {
        "type": "Point",
        "coordinates": [
          46.2162,
          38.0281
        ]
      },
      "properties": {
        "id": "MTY6MTAyMTg",
        "city": "تبریز",
        "count": 2,
        "people": [
          {
            "date": "1767889800",
            "image": "photos/photo_954@24-01-2026_14-44-13.jpg",
            "rtn_id": "963",
            "name:fa": "محمد پیروسار",
            "sources": "https://t.me/RememberTheirNames/1016"
          },
          {
            "date": "1767976200",
            "image": "photos/photo_1538@28-01-2026_17-55-23.jpg",
            "rtn_id": "1549",
            "name:fa": "عسل شاکری",
            "sources": "https://t.me/RememberTheirNames/1634"
          }
        ],
        "province": "استان آذربایجان شرقی",
        "publicId": "MTY6MTAyMTg",
        "sourceId": "10218",
        "layerId": 16,
        "type": "location",
        "status": "active",
        "urgency": null,
        "verificationTag": null,
        "expirationDate": null,
        "createdAt": "2026-03-11T20:43:09.909Z",
        "updatedAt": "2026-04-03T22:10:54.650Z"
      }
    },
    {
      "type": "Feature",
      "id": 359,
      "geometry": {
        "type": "Point",
        "coordinates": [
          60.6227,
          35.2439
        ]
      },
      "properties": {
        "id": "MTY6MTAyMTk",
        "city": "تربت جام",
        "count": 8,
        "people": [
          {
            "date": "1767889800",
            "image": "photos/photo_1029@24-01-2026_20-45-59.jpg",
            "rtn_id": "1038",
            "name:fa": "امیرحسین شهرزاد",
            "sources": "https://t.me/RememberTheirNames/1097"
          },
          {
            "date": "1767976200",
            "image": "photos/photo_1030@24-01-2026_20-47-34.jpg",
            "rtn_id": "1039",
            "name:fa": "عطاالله  پوررحمتی",
            "sources": "https://t.me/RememberTheirNames/1098"
          },
          {
            "date": "1767889845-1768161645",
            "image": "photos/photo_1031@24-01-2026_20-49-08.jpg",
            "rtn_id": "1040",
            "name:fa": "یاسین ضربی‌پور",
            "sources": "https://t.me/RememberTheirNames/1099"
          },
          {
            "date": "1767976200",
            "image": "photos/photo_1442@27-01-2026_22-06-23.jpg",
            "rtn_id": "1453",
            "name:fa": "عرفان صاحبی",
            "sources": "https://t.me/RememberTheirNames/1532"
          },
          {
            "date": "1767976200",
            "image": "photos/photo_2220@05-02-2026_15-27-09.jpg",
            "rtn_id": "2234",
            "name:fa": "مهدی عظیمی",
            "sources": "https://t.me/RememberTheirNames/2353"
          },
          {
            "date": "1767976200",
            "image": "photos/photo_2886@20-02-2026_09-12-19.jpg",
            "rtn_id": "2898",
            "name:fa": "امید مالدار",
            "sources": "https://t.me/RememberTheirNames/3067"
          },
          {
            "date": "1767889800",
            "image": "photos/photo_2990@25-02-2026_01-45-58.jpg",
            "rtn_id": "3002",
            "name:fa": "احمد رفعت",
            "sources": "https://t.me/RememberTheirNames/3177"
          },
          {
            "date": "1767889800",
            "image": "photos/photo_3021@27-02-2026_06-01-12.jpg",
            "rtn_id": "3033",
            "name:fa": "بهروز محمدی",
            "sources": "https://t.me/RememberTheirNames/3213"
          }
        ],
        "province": "استان خراسان رضوی",
        "publicId": "MTY6MTAyMTk",
        "sourceId": "10219",
        "layerId": 16,
        "type": "location",
        "status": "active",
        "urgency": null,
        "verificationTag": null,
        "expirationDate": null,
        "createdAt": "2026-03-11T20:43:09.909Z",
        "updatedAt": "2026-04-03T22:10:54.651Z"
      }
    },
    {
      "type": "Feature",
      "id": 360,
      "geometry": {
        "type": "Point",
        "coordinates": [
          50.8974802,
          36.8073648
        ]
      },
      "properties": {
        "id": "MTY6MTAyMjA",
        "city": "تنکابن",
        "count": 1,
        "people": [
          {
            "date": "1767889800",
            "image": "photos/photo_1479@28-01-2026_00-49-39.jpg",
            "rtn_id": "1490",
            "name:fa": "صابر بابایی",
            "sources": "https://t.me/RememberTheirNames/1570"
          }
        ],
        "province": "استان مازندران",
        "publicId": "MTY6MTAyMjA",
        "sourceId": "10220",
        "layerId": 16,
        "type": "location",
        "status": "active",
        "urgency": null,
        "verificationTag": null,
        "expirationDate": null,
        "createdAt": "2026-03-11T20:43:09.910Z",
        "updatedAt": "2026-04-03T22:10:54.652Z"
      }
    },
    {
      "type": "Feature",
      "id": 361,
      "geometry": {
        "type": "Point",
        "coordinates": [
          51.3763,
          35.5303
        ]
      },
      "properties": {
        "id": "MTY6MTAyMjE",
        "city": "تهران",
        "count": 743,
        "people": [
          {
            "date": null,
            "image": "photos/photo_1793@31-01-2026_17-51-01.jpg",
            "rtn_id": "1803",
            "name:fa": "ساغر سیف‌اللهی فرد",
            "sources": "https://t.me/RememberTheirNames/1903"
          },
          {
            "date": "1767889800",
            "image": "photos/photo_2174@05-02-2026_07-56-19.jpg",
            "rtn_id": "2188",
            "name:fa": "احد اکبری",
            "sources": "https://t.me/RememberTheirNames/2306"
          },
          {
            "date": "1767889800",
            "image": "photos/photo_49@18-01-2026_22-35-55.jpg",
            "rtn_id": "49",
            "name:fa": "علیرضا سیدی",
            "sources": "https://t.me/RememberTheirNames/80"
          },
          {
            "date": "1767889800",
            "image": "photos/photo_56@18-01-2026_22-44-01.jpg",
            "rtn_id": "56",
            "name:fa": "روبینا امینیان",
            "sources": "https://t.me/RememberTheirNames/87"
          },
          {
            "date": "1767889800",
            "image": "photos/photo_61@18-01-2026_22-50-10.jpg",
            "rtn_id": "61",
            "name:fa": "محمد زمانی",
            "sources": "https://t.me/RememberTheirNames/92"
          },
          {
            "date": "1767889800",
            "image": "photos/photo_53@18-01-2026_22-40-48.jpg",
            "rtn_id": "66",
            "name:fa": "برهان سیدی",
            "sources": "https://t.me/RememberTheirNames/97"
          },
          {
            "date": "1767889800",
            "image": "photos/photo_67@18-01-2026_22-58-20.jpg",
            "rtn_id": "67",
            "name:fa": "سلام میرانی",
            "sources": "https://t.me/RememberTheirNames/98"
          },
          {
            "date": "1767889845-1768161645",
            "image": "photos/photo_69@18-01-2026_23-02-30.jpg",
            "rtn_id": "69",
            "name:fa": "آرمان قهرمانی",
            "sources": "https://t.me/RememberTheirNames/100"
          },
          {
            "date": "1767889800",
            "image": "photos/photo_70@18-01-2026_23-03-36.jpg",
            "rtn_id": "70",
            "name:fa": "سعید شیرالی",
            "sources": "https://t.me/RememberTheirNames/101"
          },
          {
            "date": "1767889800",
            "image": "photos/photo_73@18-01-2026_23-07-31.jpg",
            "rtn_id": "73",
            "name:fa": "آیدا حیدری",
            "sources": "https://t.me/RememberTheirNames/104"
          },
          {
            "date": "1767889800",
            "image": "photos/photo_74@18-01-2026_23-08-26.jpg",
            "rtn_id": "74",
            "name:fa": "زهرا (رها) بهلولی‌پور",
            "sources": "https://t.me/RememberTheirNames/105"
          },
          {
            "date": "1767889800",
            "image": "photos/photo_78@18-01-2026_23-16-36.jpg",
            "rtn_id": "78",
            "name:fa": "احمد عباسی",
            "sources": "https://t.me/RememberTheirNames/110"
          },
          {
            "date": "1767889800",
            "image": "photos/photo_79@18-01-2026_23-18-24.jpg",
            "rtn_id": "79",
            "name:fa": "ریبین مرادی",
            "sources": "https://t.me/RememberTheirNames/111"
          },
          {
            "date": "1767889800",
            "image": "photos/photo_81@18-01-2026_23-23-15.jpg",
            "rtn_id": "81",
            "name:fa": "احمد خسروانی",
            "sources": "https://t.me/RememberTheirNames/113"
          },
          {
            "date": "1767889800",
            "image": "photos/photo_83@18-01-2026_23-25-45.jpg",
            "rtn_id": "84",
            "name:fa": "عرشیا حضوری",
            "sources": "https://t.me/RememberTheirNames/115"
          },
          {
            "date": "1767889800",
            "image": "photos/photo_87@18-01-2026_23-34-09.jpg",
            "rtn_id": "88",
            "name:fa": "گلاله محمودی‌آذر",
            "sources": "https://t.me/RememberTheirNames/119"
          },
          {
            "date": "1767889800",
            "image": "photos/photo_90@18-01-2026_23-41-07.jpg",
            "rtn_id": "91",
            "name:fa": "بهنام درویش",
            "sources": "https://t.me/RememberTheirNames/122"
          },
          {
            "date": "1767889800",
            "image": "photos/photo_92@18-01-2026_23-47-18.jpg",
            "rtn_id": "93",
            "name:fa": "امید ساعدی",
            "sources": "https://t.me/RememberTheirNames/124"
          },
          {
            "date": "1767889800",
            "image": "photos/photo_98@18-01-2026_23-57-31.jpg",
            "rtn_id": "99",
            "name:fa": "ستایش شفیعی",
            "sources": "https://t.me/RememberTheirNames/130"
          },
          {
            "date": "1767889800",
            "image": "photos/photo_103@19-01-2026_00-06-52.jpg",
            "rtn_id": "104",
            "name:fa": "مجتبی ترشیز",
            "sources": "https://t.me/RememberTheirNames/135"
          },
          {
            "date": "1767889800",
            "image": "photos/photo_104@19-01-2026_00-08-04.jpg",
            "rtn_id": "105",
            "name:fa": "علی عباسی",
            "sources": "https://t.me/RememberTheirNames/136"
          },
          {
            "date": "1767889800",
            "image": "photos/photo_110@19-01-2026_00-17-43.jpg",
            "rtn_id": "111",
            "name:fa": "سیاوش شیرزاد",
            "sources": "https://t.me/RememberTheirNames/142"
          },
          {
            "date": "1767889800",
            "image": "photos/photo_111@19-01-2026_00-21-38.jpg",
            "rtn_id": "112",
            "name:fa": "مهدی لواسانی",
            "sources": "https://t.me/RememberTheirNames/143"
          },
          {
            "date": "1767889800",
            "image": "photos/photo_113@19-01-2026_00-25-36.jpg",
            "rtn_id": "114",
            "name:fa": "زهرا مرادی",
            "sources": "https://t.me/RememberTheirNames/145"
          },
          {
            "date": "1767889800",
            "image": "photos/photo_115@19-01-2026_00-27-38.jpg",
            "rtn_id": "116",
            "name:fa": "سینا اشکبوسی ۱۷ ساله",
            "sources": "https://t.me/RememberTheirNames/147"
          },
          {
            "date": "1767889800",
            "image": "photos/photo_116@19-01-2026_00-29-05.jpg",
            "rtn_id": "117",
            "name:fa": "علی عنبرستانی",
            "sources": "https://t.me/RememberTheirNames/148"
          },
          {
            "date": "1767889800",
            "image": "photos/photo_117@19-01-2026_00-30-26.jpg",
            "rtn_id": "118",
            "name:fa": "علی ملاآقایی روزبهانی",
            "sources": "https://t.me/RememberTheirNames/149"
          },
          {
            "date": "1767889800",
            "image": "photos/photo_124@19-01-2026_00-41-11.jpg",
            "rtn_id": "125",
            "name:fa": "دانیال مرانکی",
            "sources": "https://t.me/RememberTheirNames/156"
          },
          {
            "date": "1767889800",
            "image": "photos/photo_126@19-01-2026_00-44-02.jpg",
            "rtn_id": "127",
            "name:fa": "علیرضا سلمانی",
            "sources": "https://t.me/RememberTheirNames/158"
          },
          {
            "date": "1767889800",
            "image": "photos/photo_127@19-01-2026_00-49-14.jpg",
            "rtn_id": "128",
            "name:fa": "محمد هنرخواه",
            "sources": "https://t.me/RememberTheirNames/160"
          },
          {
            "date": "1767889800",
            "image": "photos/photo_130@19-01-2026_00-53-16.jpg",
            "rtn_id": "131",
            "name:fa": "نسیم پورآقایی",
            "sources": "https://t.me/RememberTheirNames/163"
          },
          {
            "date": "1767889800",
            "image": "photos/photo_133@19-01-2026_00-59-15.jpg",
            "rtn_id": "134",
            "name:fa": "رضا اسکندرپور",
            "sources": "https://t.me/RememberTheirNames/166"
          },
          {
            "date": "1767889800",
            "image": "photos/photo_136@19-01-2026_01-05-26.jpg",
            "rtn_id": "137",
            "name:fa": "امیرحسین محمدزاده",
            "sources": "https://t.me/RememberTheirNames/169"
          },
          {
            "date": "1767889800",
            "image": "photos/photo_146@19-01-2026_01-22-45.jpg",
            "rtn_id": "147",
            "name:fa": "مهرداد یعقوبی مهر",
            "sources": "https://t.me/RememberTheirNames/180"
          },
          {
            "date": "1767889800",
            "image": "photos/photo_147@19-01-2026_01-24-05.jpg",
            "rtn_id": "148",
            "name:fa": "علی بهروز",
            "sources": "https://t.me/RememberTheirNames/181"
          },
          {
            "date": "1767889800",
            "image": "photos/photo_152@19-01-2026_01-33-53.jpg",
            "rtn_id": "153",
            "name:fa": "امیرارسلان قهرمانی",
            "sources": "https://t.me/RememberTheirNames/186"
          },
          {
            "date": "1767889800",
            "image": "photos/photo_153@19-01-2026_01-34-59.jpg",
            "rtn_id": "154",
            "name:fa": "علی صادقی",
            "sources": "https://t.me/RememberTheirNames/187"
          },
          {
            "date": "1767889800",
            "image": "photos/photo_157@19-01-2026_11-59-27.jpg",
            "rtn_id": "158",
            "name:fa": "عرفان عبدی‌پور",
            "sources": "https://t.me/RememberTheirNames/191"
          },
          {
            "date": "1767889800",
            "image": "photos/photo_161@19-01-2026_12-10-41.jpg",
            "rtn_id": "162",
            "name:fa": "علیرضا رحیمی",
            "sources": "https://t.me/RememberTheirNames/195"
          },
          {
            "date": "1767889800",
            "image": "photos/photo_165@19-01-2026_12-20-30.jpg",
            "rtn_id": "166",
            "name:fa": "وحید ارزانلو",
            "sources": "https://t.me/RememberTheirNames/199"
          },
          {
            "date": "1767889800",
            "image": "photos/photo_166@19-01-2026_12-21-51.jpg",
            "rtn_id": "167",
            "name:fa": "حمید ارزانلو",
            "sources": "https://t.me/RememberTheirNames/200"
          },
          {
            "date": "1767889800",
            "image": "photos/photo_170@19-01-2026_12-33-58.jpg",
            "rtn_id": "171",
            "name:fa": "نسرین زارع‌منش",
            "sources": "https://t.me/RememberTheirNames/204"
          },
          {
            "date": "1767976200",
            "image": "photos/photo_173@19-01-2026_12-39-10.jpg",
            "rtn_id": "174",
            "name:fa": "سپهر شکری",
            "sources": "https://t.me/RememberTheirNames/207"
          },
          {
            "date": "1767889800",
            "image": "photos/photo_176@19-01-2026_12-45-01.jpg",
            "rtn_id": "177",
            "name:fa": "محمدصالح ظریف‌مقدم",
            "sources": "https://t.me/RememberTheirNames/210"
          },
          {
            "date": "1767889800",
            "image": "photos/photo_178@19-01-2026_12-48-06.jpg",
            "rtn_id": "179",
            "name:fa": "شبنم فردوسی",
            "sources": "https://t.me/RememberTheirNames/212"
          },
          {
            "date": "1767889800",
            "image": "photos/photo_179@19-01-2026_12-49-13.jpg",
            "rtn_id": "180",
            "name:fa": "امیرپارسا اشکبوس",
            "sources": "https://t.me/RememberTheirNames/213"
          },
          {
            "date": "1767889800",
            "image": "photos/photo_184@19-01-2026_13-54-05.jpg",
            "rtn_id": "185",
            "name:fa": "محمدرضا آهنگر",
            "sources": "https://t.me/RememberTheirNames/218"
          },
          {
            "date": "1767889800",
            "image": "photos/photo_189@19-01-2026_14-48-45.jpg",
            "rtn_id": "190",
            "name:fa": "مهدی باستانی",
            "sources": "https://t.me/RememberTheirNames/223"
          },
          {
            "date": "1767889800",
            "image": "photos/photo_190@19-01-2026_15-13-17.jpg",
            "rtn_id": "191",
            "name:fa": "مصطفی عزیزی",
            "sources": "https://t.me/RememberTheirNames/225"
          },
          {
            "date": "1767889800",
            "image": "photos/photo_193@19-01-2026_15-19-17.jpg",
            "rtn_id": "194",
            "name:fa": "احمد عبادی کمند",
            "sources": "https://t.me/RememberTheirNames/228"
          },
          {
            "date": "1767889800",
            "image": "photos/photo_201@19-01-2026_17-57-17.jpg",
            "rtn_id": "202",
            "name:fa": "ابراهیم احمدپوریان",
            "sources": "https://t.me/RememberTheirNames/236"
          },
          {
            "date": "1767889800",
            "image": "photos/photo_202@19-01-2026_18-08-44.jpg",
            "rtn_id": "203",
            "name:fa": "پارسا معدنچیان",
            "sources": "https://t.me/RememberTheirNames/237"
          },
          {
            "date": "1767976200",
            "image": "photos/photo_205@19-01-2026_18-22-39.jpg",
            "rtn_id": "208",
            "name:fa": "جواد گنجی",
            "sources": "https://t.me/RememberTheirNames/240"
          },
          {
            "date": "1767976200",
            "image": "photos/photo_212@19-01-2026_18-39-05.jpg",
            "rtn_id": "215",
            "name:fa": "یاشار سلطانی راد",
            "sources": "https://t.me/RememberTheirNames/247"
          },
          {
            "date": "1767976200",
            "image": "photos/photo_213@19-01-2026_18-42-24.jpg",
            "rtn_id": "216",
            "name:fa": "ماهان قدمی",
            "sources": "https://t.me/RememberTheirNames/248"
          },
          {
            "date": "1767976200",
            "image": "photos/photo_214@19-01-2026_18-47-49.jpg",
            "rtn_id": "217",
            "name:fa": "غزل آقایی لیندی",
            "sources": "https://t.me/RememberTheirNames/249"
          },
          {
            "date": "1767976200",
            "image": "photos/photo_215@19-01-2026_18-49-50.jpg",
            "rtn_id": "218",
            "name:fa": "بابک متین آزاد",
            "sources": "https://t.me/RememberTheirNames/250"
          },
          {
            "date": "1767889800",
            "image": "photos/photo_216@19-01-2026_18-53-11.jpg",
            "rtn_id": "219",
            "name:fa": "فرید کریمی‌فرد",
            "sources": "https://t.me/RememberTheirNames/251"
          },
          {
            "date": "1767976200",
            "image": "photos/photo_217@19-01-2026_18-55-03.jpg",
            "rtn_id": "220",
            "name:fa": "محسن جبارزاده",
            "sources": "https://t.me/RememberTheirNames/252"
          },
          {
            "date": "1767976200",
            "image": "photos/photo_218@19-01-2026_18-56-33.jpg",
            "rtn_id": "221",
            "name:fa": "بابک صادقی محسنی",
            "sources": "https://t.me/RememberTheirNames/253"
          },
          {
            "date": "1767976200",
            "image": "photos/photo_220@19-01-2026_18-59-39.jpg",
            "rtn_id": "223",
            "name:fa": "مجید جلیلیان",
            "sources": "https://t.me/RememberTheirNames/255"
          },
          {
            "date": "1767889800",
            "image": "photos/photo_225@19-01-2026_19-24-17.jpg",
            "rtn_id": "230",
            "name:fa": "یاسین الهی",
            "sources": "https://t.me/RememberTheirNames/260"
          },
          {
            "date": "1767976200",
            "image": "photos/photo_231@19-01-2026_19-40-06.jpg",
            "rtn_id": "236",
            "name:fa": "محمدرضا عبدالرحمانزاده",
            "sources": "https://t.me/RememberTheirNames/266"
          },
          {
            "date": "1767976200",
            "image": "photos/photo_245@19-01-2026_22-00-16.jpg",
            "rtn_id": "250",
            "name:fa": "حسین ناصری",
            "sources": "https://t.me/RememberTheirNames/281"
          },
          {
            "date": "1767889845-1768161645",
            "image": "photos/photo_254@19-01-2026_22-23-09.jpg",
            "rtn_id": "259",
            "name:fa": "مانی صفرپور",
            "sources": "https://t.me/RememberTheirNames/291"
          },
          {
            "date": "1767889845-1768161645",
            "image": "photos/photo_255@19-01-2026_22-25-20.jpg",
            "rtn_id": "260",
            "name:fa": "میلاد غلامی",
            "sources": "https://t.me/RememberTheirNames/292"
          },
          {
            "date": "1767889845-1768161645",
            "image": "photos/photo_267@19-01-2026_22-49-35.jpg",
            "rtn_id": "272",
            "name:fa": "مائده مرادی‌کیا",
            "sources": "https://t.me/RememberTheirNames/305"
          },
          {
            "date": "1767889800",
            "image": "photos/photo_274@19-01-2026_23-12-45.jpg",
            "rtn_id": "279",
            "name:fa": "مسعود بلورچی",
            "sources": "https://t.me/RememberTheirNames/312"
          },
          {
            "date": "1767976200",
            "image": "photos/photo_279@19-01-2026_23-31-49.jpg",
            "rtn_id": "284",
            "name:fa": "برنا دهقانی",
            "sources": "https://t.me/RememberTheirNames/317"
          },
          {
            "date": "1767976200",
            "image": "photos/photo_285@19-01-2026_23-57-17.jpg",
            "rtn_id": "290",
            "name:fa": "اعظم حسنی",
            "sources": "https://t.me/RememberTheirNames/323"
          },
          {
            "date": "1767889800",
            "image": "photos/photo_297@20-01-2026_08-33-01.jpg",
            "rtn_id": "302",
            "name:fa": "حمیدرضا فیروزمکان",
            "sources": "https://t.me/RememberTheirNames/335"
          },
          {
            "date": "1767976200",
            "image": "photos/photo_301@20-01-2026_09-25-04.jpg",
            "rtn_id": "306",
            "name:fa": "علیرضا صادقی",
            "sources": "https://t.me/RememberTheirNames/339"
          },
          {
            "date": "1767889800",
            "image": "photos/photo_307@20-01-2026_10-02-32.jpg",
            "rtn_id": "312",
            "name:fa": "فرید رمضانی",
            "sources": "https://t.me/RememberTheirNames/345"
          },
          {
            "date": "1768062600",
            "image": "photos/photo_309@20-01-2026_10-18-00.jpg",
            "rtn_id": "314",
            "name:fa": "اجمین مسیحی",
            "sources": "https://t.me/RememberTheirNames/347"
          },
          {
            "date": "1768062600",
            "image": "photos/photo_312@20-01-2026_10-26-39.jpg",
            "rtn_id": "317",
            "name:fa": "امید فداکار",
            "sources": "https://t.me/RememberTheirNames/350"
          },
          {
            "date": "1768062600",
            "image": "photos/photo_313@20-01-2026_10-27-50.jpg",
            "rtn_id": "318",
            "name:fa": "امید عظیمی",
            "sources": "https://t.me/RememberTheirNames/351"
          },
          {
            "date": "1768062600",
            "image": "photos/photo_315@20-01-2026_10-32-39.jpg",
            "rtn_id": "320",
            "name:fa": "علیرضا رفیعی راد",
            "sources": "https://t.me/RememberTheirNames/354"
          },
          {
            "date": "1767889845-1768161645",
            "image": "photos/photo_317@20-01-2026_10-36-58.jpg",
            "rtn_id": "322",
            "name:fa": "محمد نوبخت احمدآبادی",
            "sources": "https://t.me/RememberTheirNames/356"
          },
          {
            "date": "1767976200",
            "image": "photos/photo_320@20-01-2026_10-54-29.jpg",
            "rtn_id": "325",
            "name:fa": "مهسا دزفولیان کرمانشاهی",
            "sources": "https://t.me/RememberTheirNames/359"
          },
          {
            "date": "1768149000",
            "image": "photos/photo_321@20-01-2026_10-59-46.jpg",
            "rtn_id": "326",
            "name:fa": "دیار پورچهریق",
            "sources": "https://t.me/RememberTheirNames/360"
          },
          {
            "date": "1768149000",
            "image": "photos/photo_322@20-01-2026_11-01-24.jpg",
            "rtn_id": "327",
            "name:fa": "سیامک راشد",
            "sources": "https://t.me/RememberTheirNames/361"
          },
          {
            "date": "1768149000",
            "image": "photos/photo_323@20-01-2026_11-06-05.jpg",
            "rtn_id": "328",
            "name:fa": "نرگس علمی",
            "sources": "https://t.me/RememberTheirNames/362"
          },
          {
            "date": "1767889800",
            "image": "photos/photo_324@20-01-2026_11-07-40.jpg",
            "rtn_id": "329",
            "name:fa": "امیرحسین سهرابی",
            "sources": "https://t.me/RememberTheirNames/363"
          },
          {
            "date": "1767889800",
            "image": "photos/photo_331@20-01-2026_12-13-41.jpg",
            "rtn_id": "336",
            "name:fa": "محمدامین (نیما) پارسا",
            "sources": "https://t.me/RememberTheirNames/370"
          },
          {
            "date": "1767889845-1768161645",
            "image": "photos/photo_333@20-01-2026_12-49-19.jpg",
            "rtn_id": "338",
            "name:fa": "میثم خزایی",
            "sources": "https://t.me/RememberTheirNames/372"
          },
          {
            "date": "1767889845-1768161645",
            "image": "photos/photo_334@20-01-2026_12-52-04.jpg",
            "rtn_id": "339",
            "name:fa": "شهروز مهرابی",
            "sources": "https://t.me/RememberTheirNames/373"
          },
          {
            "date": "1767889845-1768161645",
            "image": "photos/photo_336@20-01-2026_13-10-21.jpg",
            "rtn_id": "341",
            "name:fa": "مصطفی تبریزی",
            "sources": "https://t.me/RememberTheirNames/375"
          },
          {
            "date": "1767889845-1768161645",
            "image": "photos/photo_339@20-01-2026_13-17-50.jpg",
            "rtn_id": "344",
            "name:fa": "آیدا عقیلی",
            "sources": "https://t.me/RememberTheirNames/378"
          },
          {
            "date": "1767889845-1768161645",
            "image": "photos/photo_342@20-01-2026_13-26-12.jpg",
            "rtn_id": "347",
            "name:fa": "مجید واعظی",
            "sources": "https://t.me/RememberTheirNames/381"
          },
          {
            "date": "1767889845-1768161645",
            "image": "photos/photo_348@20-01-2026_13-41-41.jpg",
            "rtn_id": "353",
            "name:fa": "حسن شاخصی",
            "sources": "https://t.me/RememberTheirNames/387"
          },
          {
            "date": "1767976200",
            "image": "photos/photo_351@20-01-2026_14-10-53.jpg",
            "rtn_id": "356",
            "name:fa": "امیر نوزمانی",
            "sources": "https://t.me/RememberTheirNames/390"
          },
          {
            "date": "1767976200",
            "image": "photos/photo_360@20-01-2026_14-41-09.jpg",
            "rtn_id": "365",
            "name:fa": "میرآقا رضایی",
            "sources": "https://t.me/RememberTheirNames/400"
          },
          {
            "date": "1767976200",
            "image": "photos/photo_361@20-01-2026_14-43-20.jpg",
            "rtn_id": "366",
            "name:fa": "احسان عابدینی",
            "sources": "https://t.me/RememberTheirNames/401"
          },
          {
            "date": "1767976200",
            "image": "photos/photo_368@20-01-2026_16-48-01.jpg",
            "rtn_id": "373",
            "name:fa": "سمانه میرزایی",
            "sources": "https://t.me/RememberTheirNames/408"
          },
          {
            "date": "1767889845-1768161645",
            "image": "photos/photo_369@20-01-2026_16-49-56.jpg",
            "rtn_id": "374",
            "name:fa": "رضا رستمیان",
            "sources": "https://t.me/RememberTheirNames/409"
          },
          {
            "date": "1767889845-1768161645",
            "image": "photos/photo_371@20-01-2026_16-56-59.jpg",
            "rtn_id": "376",
            "name:fa": "پویا اکبرزاده",
            "sources": "https://t.me/RememberTheirNames/411"
          },
          {
            "date": "1767976200",
            "image": "photos/photo_372@20-01-2026_17-00-46.jpg",
            "rtn_id": "377",
            "name:fa": "آرمین معتمد امینی",
            "sources": "https://t.me/RememberTheirNames/412"
          },
          {
            "date": "1767889845-1768161645",
            "image": "photos/photo_376@20-01-2026_17-11-25.jpg",
            "rtn_id": "381",
            "name:fa": "محمد قابضی",
            "sources": "https://t.me/RememberTheirNames/416"
          },
          {
            "date": "1767889800",
            "image": "photos/photo_377@20-01-2026_17-20-52.jpg",
            "rtn_id": "382",
            "name:fa": "علیرضا جواهرپی",
            "sources": "https://t.me/RememberTheirNames/417"
          },
          {
            "date": "1767976200",
            "image": "photos/photo_380@20-01-2026_18-42-51.jpg",
            "rtn_id": "385",
            "name:fa": "فرهاد سهراب",
            "sources": "https://t.me/RememberTheirNames/420"
          },
          {
            "date": "1767889845-1768161645",
            "image": "photos/photo_382@20-01-2026_19-10-12.jpg",
            "rtn_id": "387",
            "name:fa": "امیرعلی زارعی",
            "sources": "https://t.me/RememberTheirNames/422"
          },
          {
            "date": "1767889800",
            "image": "photos/photo_399@20-01-2026_20-46-14.jpg",
            "rtn_id": "404",
            "name:fa": "یاسر قندالی",
            "sources": "https://t.me/RememberTheirNames/439"
          },
          {
            "date": "1767889800",
            "image": "photos/photo_413@20-01-2026_23-55-09.jpg",
            "rtn_id": "418",
            "name:fa": "میلاد تاجیک",
            "sources": "https://t.me/RememberTheirNames/453"
          },
          {
            "date": "1767889800",
            "image": "photos/photo_417@21-01-2026_00-22-41.jpg",
            "rtn_id": "422",
            "name:fa": "حسین هویدا",
            "sources": "https://t.me/RememberTheirNames/457"
          },
          {
            "date": "1767889845-1768161645",
            "image": "photos/photo_432@21-01-2026_11-52-17.jpg",
            "rtn_id": "437",
            "name:fa": "مجید استیر",
            "sources": "https://t.me/RememberTheirNames/472"
          },
          {
            "date": "1767976200",
            "image": "photos/photo_434@21-01-2026_11-55-04.jpg",
            "rtn_id": "439",
            "name:fa": "شهاب خورشید",
            "sources": "https://t.me/RememberTheirNames/474"
          },
          {
            "date": "1767976200",
            "image": "photos/photo_435@21-01-2026_12-07-28.jpg",
            "rtn_id": "440",
            "name:fa": "امیرحسین جوادزاده",
            "sources": "https://t.me/RememberTheirNames/475"
          },
          {
            "date": "1767976200",
            "image": "photos/photo_439@21-01-2026_12-22-36.jpg",
            "rtn_id": "444",
            "name:fa": "محمد رضایی",
            "sources": "https://t.me/RememberTheirNames/479"
          },
          {
            "date": "1767889845-1768161645",
            "image": "photos/photo_444@21-01-2026_13-07-58.jpg",
            "rtn_id": "449",
            "name:fa": "امیر احمدی",
            "sources": "https://t.me/RememberTheirNames/484"
          },
          {
            "date": "1767976200",
            "image": "photos/photo_454@21-01-2026_14-08-08.jpg",
            "rtn_id": "459",
            "name:fa": "علی کرابی",
            "sources": "https://t.me/RememberTheirNames/494"
          },
          {
            "date": "1767889800",
            "image": "photos/photo_455@21-01-2026_14-22-43.jpg",
            "rtn_id": "460",
            "name:fa": "علی قاسمی",
            "sources": "https://t.me/RememberTheirNames/495"
          },
          {
            "date": "1767889800",
            "image": "photos/photo_458@21-01-2026_14-49-24.jpg",
            "rtn_id": "463",
            "name:fa": "احسان افشاری",
            "sources": "https://t.me/RememberTheirNames/499"
          },
          {
            "date": "1767889845-1768161645",
            "image": "photos/photo_464@21-01-2026_15-30-27.jpg",
            "rtn_id": "469",
            "name:fa": "محمد اسلامیان",
            "sources": "https://t.me/RememberTheirNames/505"
          },
          {
            "date": "1767889845-1768161645",
            "image": "photos/photo_465@21-01-2026_15-31-21.jpg",
            "rtn_id": "470",
            "name:fa": "حسین فرهی",
            "sources": "https://t.me/RememberTheirNames/506"
          },
          {
            "date": "1767889845-1768161645",
            "image": "photos/photo_466@21-01-2026_15-36-31.jpg",
            "rtn_id": "471",
            "name:fa": "محمدرضا رضایی",
            "sources": "https://t.me/RememberTheirNames/508"
          },
          {
            "date": "1767889845-1768161645",
            "image": "photos/photo_467@21-01-2026_15-38-07.jpg",
            "rtn_id": "472",
            "name:fa": "امیرعلی منصفی",
            "sources": "https://t.me/RememberTheirNames/510"
          },
          {
            "date": "1767889845-1768161645",
            "image": "photos/photo_468@21-01-2026_15-39-20.jpg",
            "rtn_id": "473",
            "name:fa": "محمد نورس",
            "sources": "https://t.me/RememberTheirNames/511"
          },
          {
            "date": "1767889845-1768161645",
            "image": "photos/photo_469@21-01-2026_15-39-55.jpg",
            "rtn_id": "474",
            "name:fa": "عرشیا نرج‌آبادی",
            "sources": "https://t.me/RememberTheirNames/512"
          },
          {
            "date": "1767889845-1768161645",
            "image": "photos/photo_470@21-01-2026_15-41-06.jpg",
            "rtn_id": "475",
            "name:fa": "حسین صفری",
            "sources": "https://t.me/RememberTheirNames/513"
          },
          {
            "date": "1767889845-1768161645",
            "image": "photos/photo_471@21-01-2026_15-41-56.jpg",
            "rtn_id": "476",
            "name:fa": "محمد معین چابک",
            "sources": "https://t.me/RememberTheirNames/514"
          },
          {
            "date": "1767889845-1768161645",
            "image": "photos/photo_473@21-01-2026_15-44-17.jpg",
            "rtn_id": "478",
            "name:fa": "محمدرضا رضایی دستجرده‌ئی",
            "sources": "https://t.me/RememberTheirNames/516"
          },
          {
            "date": "1767889845-1768161645",
            "image": "photos/photo_474@21-01-2026_16-26-36.jpg",
            "rtn_id": "479",
            "name:fa": "عرفان کاری",
            "sources": "https://t.me/RememberTheirNames/517"
          },
          {
            "date": "1767889845-1768161645",
            "image": "photos/photo_477@21-01-2026_16-37-34.jpg",
            "rtn_id": "482",
            "name:fa": "مسعود صادقی",
            "sources": "https://t.me/RememberTheirNames/520"
          },
          {
            "date": "1767889800",
            "image": "photos/photo_479@21-01-2026_16-44-03.jpg",
            "rtn_id": "484",
            "name:fa": "مهدی رحیمی شاملو",
            "sources": "https://t.me/RememberTheirNames/522"
          },
          {
            "date": "1767889800",
            "image": "photos/photo_489@21-01-2026_18-27-21.jpg",
            "rtn_id": "494",
            "name:fa": "مهرداد دانه‌پاش",
            "sources": "https://t.me/RememberTheirNames/532"
          },
          {
            "date": "1767976200",
            "image": "photos/photo_490@21-01-2026_18-29-30.jpg",
            "rtn_id": "495",
            "name:fa": "عسل منصوری",
            "sources": "https://t.me/RememberTheirNames/533"
          },
          {
            "date": "1767889800",
            "image": "photos/photo_493@21-01-2026_18-52-22.jpg",
            "rtn_id": "498",
            "name:fa": "میلاد اطمانی",
            "sources": "https://t.me/RememberTheirNames/536"
          },
          {
            "date": "1767889845-1768161645",
            "image": "photos/photo_495@21-01-2026_19-05-56.jpg",
            "rtn_id": "500",
            "name:fa": "فرزین بلالی",
            "sources": "https://t.me/RememberTheirNames/538"
          },
          {
            "date": "1767889800",
            "image": "photos/photo_497@21-01-2026_19-17-24.jpg",
            "rtn_id": "502",
            "name:fa": "اکبر حسینی",
            "sources": "https://t.me/RememberTheirNames/540"
          },
          {
            "date": "1767889800",
            "image": "photos/photo_498@21-01-2026_19-17-42.jpg",
            "rtn_id": "503",
            "name:fa": "مجید باقری",
            "sources": "https://t.me/RememberTheirNames/541"
          },
          {
            "date": "1767976200",
            "image": "photos/photo_501@21-01-2026_19-22-54.jpg",
            "rtn_id": "506",
            "name:fa": "آتنا رازدار",
            "sources": "https://t.me/RememberTheirNames/544"
          },
          {
            "date": "1767889845-1768161645",
            "image": "photos/photo_503@21-01-2026_19-34-19.jpg",
            "rtn_id": "508",
            "name:fa": "لیلا لطفعلیان",
            "sources": "https://t.me/RememberTheirNames/546"
          },
          {
            "date": "1767889845-1768161645",
            "image": "photos/photo_505@21-01-2026_20-31-01.jpg",
            "rtn_id": "510",
            "name:fa": "عسل شفیعی",
            "sources": "https://t.me/RememberTheirNames/548"
          },
          {
            "date": "1767889800",
            "image": "photos/photo_509@21-01-2026_20-46-36.jpg",
            "rtn_id": "514",
            "name:fa": "ایمان کاظمی",
            "sources": "https://t.me/RememberTheirNames/552"
          },
          {
            "date": "1767976200",
            "image": "photos/photo_520@21-01-2026_21-28-32.jpg",
            "rtn_id": "525",
            "name:fa": "امیرعلی پرویزی ۱۷ ساله",
            "sources": "https://t.me/RememberTheirNames/563"
          },
          {
            "date": "1767976200",
            "image": "photos/photo_523@21-01-2026_21-48-37.jpg",
            "rtn_id": "528",
            "name:fa": "سینا کاظمی",
            "sources": "https://t.me/RememberTheirNames/569"
          },
          {
            "date": "1767889800",
            "image": "photos/photo_534@21-01-2026_22-33-52.jpg",
            "rtn_id": "539",
            "name:fa": "علی روزبهانی",
            "sources": "https://t.me/RememberTheirNames/580"
          },
          {
            "date": "1767889845-1768161645",
            "image": "photos/photo_536@21-01-2026_22-53-17.jpg",
            "rtn_id": "541",
            "name:fa": "ابوالفضل وحیدی ۱۶ ساله",
            "sources": "https://t.me/RememberTheirNames/582"
          },
          {
            "date": "1767889845-1768161645",
            "image": "photos/photo_537@21-01-2026_22-55-01.jpg",
            "rtn_id": "542",
            "name:fa": "عباس امیربیگی",
            "sources": "https://t.me/RememberTheirNames/584"
          },
          {
            "date": "1767889845-1768161645",
            "image": "photos/photo_538@21-01-2026_22-55-57.jpg",
            "rtn_id": "543",
            "name:fa": "جواد فتح‌اللهی",
            "sources": "https://t.me/RememberTheirNames/585"
          },
          {
            "date": "1767889845-1768161645",
            "image": "photos/photo_546@22-01-2026_00-00-03.jpg",
            "rtn_id": "551",
            "name:fa": "میلاد حسن‌زاده",
            "sources": "https://t.me/RememberTheirNames/593"
          },
          {
            "date": "1767889845-1768161645",
            "image": "photos/photo_548@22-01-2026_00-14-46.jpg",
            "rtn_id": "553",
            "name:fa": "صبا والی‌نژاد",
            "sources": "https://t.me/RememberTheirNames/595"
          },
          {
            "date": "1767889800",
            "image": "photos/photo_549@22-01-2026_00-28-01.jpg",
            "rtn_id": "554",
            "name:fa": "مبین قنبری",
            "sources": "https://t.me/RememberTheirNames/596"
          },
          {
            "date": "1767976200",
            "image": "photos/photo_551@22-01-2026_00-47-52.jpg",
            "rtn_id": "556",
            "name:fa": "علیرضا صفوی فاضلی",
            "sources": "https://t.me/RememberTheirNames/598"
          },
          {
            "date": "1767889800",
            "image": "photos/photo_552@22-01-2026_00-51-26.jpg",
            "rtn_id": "557",
            "name:fa": "کیومرث همایی",
            "sources": "https://t.me/RememberTheirNames/599"
          },
          {
            "date": "1767889845-1768161645",
            "image": "photos/photo_553@22-01-2026_00-52-33.jpg",
            "rtn_id": "558",
            "name:fa": "مهدی دالائی",
            "sources": "https://t.me/RememberTheirNames/600"
          },
          {
            "date": "1767889845-1768161645",
            "image": "photos/photo_554@22-01-2026_00-58-26.jpg",
            "rtn_id": "559",
            "name:fa": "علیرضا اروجی",
            "sources": "https://t.me/RememberTheirNames/601"
          },
          {
            "date": "1767889845-1768161645",
            "image": "photos/photo_556@22-01-2026_01-49-26.jpg",
            "rtn_id": "561",
            "name:fa": "علی بابلقانی",
            "sources": "https://t.me/RememberTheirNames/603"
          },
          {
            "date": "1767976200",
            "image": "photos/photo_562@22-01-2026_11-51-48.jpg",
            "rtn_id": "567",
            "name:fa": "علی آقاجانی",
            "sources": "https://t.me/RememberTheirNames/609"
          },
          {
            "date": "1767976200",
            "image": "photos/photo_569@22-01-2026_12-28-06.jpg",
            "rtn_id": "574",
            "name:fa": "میلاد بهرامی",
            "sources": "https://t.me/RememberTheirNames/617"
          },
          {
            "date": "1767889845-1768161645",
            "image": "photos/photo_570@22-01-2026_12-33-25.jpg",
            "rtn_id": "575",
            "name:fa": "مهدی آقاحسینی",
            "sources": "https://t.me/RememberTheirNames/618"
          },
          {
            "date": "1767889845-1768161645",
            "image": "photos/photo_576@22-01-2026_13-24-12.jpg",
            "rtn_id": "581",
            "name:fa": "بنیامین محمدی ۱۵ ساله",
            "sources": "https://t.me/RememberTheirNames/624"
          },
          {
            "date": "1767976200",
            "image": "photos/photo_582@22-01-2026_13-48-34.jpg",
            "rtn_id": "588",
            "name:fa": "امید فلاحپور",
            "sources": "https://t.me/RememberTheirNames/630"
          },
          {
            "date": "1767889845-1768161645",
            "image": "photos/photo_586@22-01-2026_14-05-10.jpg",
            "rtn_id": "592",
            "name:fa": "ایمان نوروزی",
            "sources": "https://t.me/RememberTheirNames/635"
          },
          {
            "date": "1767976200",
            "image": "photos/photo_591@22-01-2026_14-27-34.jpg",
            "rtn_id": "597",
            "name:fa": "سحر فلاح",
            "sources": "https://t.me/RememberTheirNames/640"
          },
          {
            "date": "1767889845-1768161645",
            "image": "photos/photo_596@22-01-2026_14-45-48.jpg",
            "rtn_id": "602",
            "name:fa": "مصطفی افشار",
            "sources": "https://t.me/RememberTheirNames/645"
          },
          {
            "date": "1767889845-1768161645",
            "image": "photos/photo_597@22-01-2026_14-50-57.jpg",
            "rtn_id": "603",
            "name:fa": "مهدی مصطفایی‌پور",
            "sources": "https://t.me/RememberTheirNames/646"
          },
          {
            "date": "1767889845-1768161645",
            "image": "photos/photo_622@22-01-2026_17-00-26.jpg",
            "rtn_id": "628",
            "name:fa": "رامین سحری",
            "sources": "https://t.me/RememberTheirNames/673"
          },
          {
            "date": "1767889800",
            "image": "photos/photo_639@22-01-2026_18-13-05.jpg",
            "rtn_id": "645",
            "name:fa": "پویا فراگردی",
            "sources": "https://t.me/RememberTheirNames/691"
          },
          {
            "date": "1767976200",
            "image": "photos/photo_641@22-01-2026_18-34-33.jpg",
            "rtn_id": "647",
            "name:fa": "امیرحسین کیادربندسری",
            "sources": "https://t.me/RememberTheirNames/694"
          },
          {
            "date": "1767889845-1768161645",
            "image": "photos/photo_651@22-01-2026_19-45-45.jpg",
            "rtn_id": "657",
            "name:fa": "مصطفی حیدری‌تبار",
            "sources": "https://t.me/RememberTheirNames/704"
          },
          {
            "date": "1767889845-1768161645",
            "image": "photos/photo_656@22-01-2026_21-01-53.jpg",
            "rtn_id": "662",
            "name:fa": "محمد رادمان",
            "sources": "https://t.me/RememberTheirNames/709"
          },
          {
            "date": "1767976200",
            "image": "photos/photo_659@22-01-2026_21-08-15.jpg",
            "rtn_id": "665",
            "name:fa": "محمدحسن خزایی ۱۶ ساله",
            "sources": "https://t.me/RememberTheirNames/712"
          },
          {
            "date": "1767889845-1768161645",
            "image": "photos/photo_670@22-01-2026_21-59-06.jpg",
            "rtn_id": "676",
            "name:fa": "امیر تیموری",
            "sources": "https://t.me/RememberTheirNames/724"
          },
          {
            "date": "1767976200",
            "image": "photos/photo_673@22-01-2026_22-20-36.jpg",
            "rtn_id": "679",
            "name:fa": "مهدی جعفری",
            "sources": "https://t.me/RememberTheirNames/727"
          },
          {
            "date": "1767889800",
            "image": "photos/photo_675@22-01-2026_22-40-37.jpg",
            "rtn_id": "681",
            "name:fa": "داوود ریوندی",
            "sources": "https://t.me/RememberTheirNames/730"
          },
          {
            "date": "1767889845-1768161645",
            "image": "photos/photo_678@22-01-2026_22-52-58.jpg",
            "rtn_id": "684",
            "name:fa": "امیر جلینی",
            "sources": "https://t.me/RememberTheirNames/733"
          },
          {
            "date": "1767976200",
            "image": "photos/photo_684@22-01-2026_23-19-31.jpg",
            "rtn_id": "690",
            "name:fa": "محمدعلی (ماهان) مردانی",
            "sources": "https://t.me/RememberTheirNames/740"
          },
          {
            "date": "1767889800",
            "image": "photos/photo_686@22-01-2026_23-22-08.jpg",
            "rtn_id": "692",
            "name:fa": "رضا رستمی",
            "sources": "https://t.me/RememberTheirNames/742"
          },
          {
            "date": "1767976200",
            "image": "photos/photo_690@22-01-2026_23-40-40.jpg",
            "rtn_id": "696",
            "name:fa": "فاطمه عبداللهی",
            "sources": "https://t.me/RememberTheirNames/746"
          },
          {
            "date": "1767976200",
            "image": "photos/photo_712@23-01-2026_02-09-42.jpg",
            "rtn_id": "718",
            "name:fa": "پرنیا خلجی",
            "sources": "https://t.me/RememberTheirNames/768"
          },
          {
            "date": "1767889845-1768161645",
            "image": "photos/photo_730@23-01-2026_11-06-05.jpg",
            "rtn_id": "736",
            "name:fa": "حسن لطفی",
            "sources": "https://t.me/RememberTheirNames/786"
          },
          {
            "date": "1767889845-1768161645",
            "image": "photos/photo_731@23-01-2026_11-09-27.jpg",
            "rtn_id": "737",
            "name:fa": "محمد حاجی‌محمدی",
            "sources": "https://t.me/RememberTheirNames/787"
          },
          {
            "date": "1767889800",
            "image": "photos/photo_739@23-01-2026_11-28-18.jpg",
            "rtn_id": "745",
            "name:fa": "الینا حجتی",
            "sources": "https://t.me/RememberTheirNames/795"
          },
          {
            "date": "1767889800",
            "image": "photos/photo_741@23-01-2026_11-34-05.jpg",
            "rtn_id": "747",
            "name:fa": "امیرحسین ملکشاهی",
            "sources": "https://t.me/RememberTheirNames/797"
          },
          {
            "date": "1767889800",
            "image": "photos/photo_751@23-01-2026_12-59-26.jpg",
            "rtn_id": "757",
            "name:fa": "مهدی حیدر عربی",
            "sources": "https://t.me/RememberTheirNames/807"
          },
          {
            "date": "1767976200",
            "image": "photos/photo_769@23-01-2026_14-09-41.jpg",
            "rtn_id": "775",
            "name:fa": "پوریا پرمون کلاردهی",
            "sources": "https://t.me/RememberTheirNames/827"
          },
          {
            "date": "1767889845-1768161645",
            "image": "photos/photo_793@23-01-2026_15-20-20.jpg",
            "rtn_id": "799",
            "name:fa": "سجاد سعیدی رامیانی",
            "sources": "https://t.me/RememberTheirNames/851"
          },
          {
            "date": "1767889845-1768161645",
            "image": "photos/photo_800@23-01-2026_17-03-26.jpg",
            "rtn_id": "806",
            "name:fa": "علی میرزایی",
            "sources": "https://t.me/RememberTheirNames/858"
          },
          {
            "date": "1767889800",
            "image": "photos/photo_819@23-01-2026_18-09-24.jpg",
            "rtn_id": "826",
            "name:fa": "سیدعارف میرموسوی دهشالی",
            "sources": "https://t.me/RememberTheirNames/877"
          },
          {
            "date": "1767889845-1768161645",
            "image": "photos/photo_823@23-01-2026_18-45-40.jpg",
            "rtn_id": "830",
            "name:fa": "عرفان مغیثه",
            "sources": "https://t.me/RememberTheirNames/882"
          },
          {
            "date": "1767889800",
            "image": "photos/photo_841@23-01-2026_19-48-11.jpg",
            "rtn_id": "848",
            "name:fa": "مهین مرحمتی",
            "sources": "https://t.me/RememberTheirNames/900"
          },
          {
            "date": "1767889800",
            "image": "photos/photo_849@23-01-2026_20-30-38.jpg",
            "rtn_id": "856",
            "name:fa": "مهدی غفاری",
            "sources": "https://t.me/RememberTheirNames/908"
          },
          {
            "date": "1767889845-1768161645",
            "image": "photos/photo_871@23-01-2026_22-10-40.jpg",
            "rtn_id": "879",
            "name:fa": "امید رستمی",
            "sources": "https://t.me/RememberTheirNames/931"
          },
          {
            "date": "1767889845-1768161645",
            "image": "photos/photo_878@23-01-2026_22-50-12.jpg",
            "rtn_id": "886",
            "name:fa": "رضا ریزوندی",
            "sources": "https://t.me/RememberTheirNames/938"
          },
          {
            "date": "1767976200",
            "image": "photos/photo_882@23-01-2026_23-03-33.jpg",
            "rtn_id": "890",
            "name:fa": "محمد مملو",
            "sources": "https://t.me/RememberTheirNames/942"
          },
          {
            "date": "1767889800",
            "image": "photos/photo_896@24-01-2026_00-03-38.jpg",
            "rtn_id": "904",
            "name:fa": "آرتین عبداللهی",
            "sources": "https://t.me/RememberTheirNames/956"
          },
          {
            "date": "1767889845-1768161645",
            "image": "photos/photo_901@24-01-2026_00-31-15.jpg",
            "rtn_id": "909",
            "name:fa": "مجید صالحی",
            "sources": "https://t.me/RememberTheirNames/962"
          },
          {
            "date": "1767889845-1768161645",
            "image": "photos/photo_901@24-01-2026_00-31-15.jpg",
            "rtn_id": "910",
            "name:fa": "مریم صالحی",
            "sources": "https://t.me/RememberTheirNames/962"
          },
          {
            "date": "1767889845-1768161645",
            "image": "photos/photo_919@24-01-2026_11-53-19.jpg",
            "rtn_id": "928",
            "name:fa": "دانیال مرادی‌زاده",
            "sources": "https://t.me/RememberTheirNames/980"
          },
          {
            "date": "1767889800",
            "image": "photos/photo_921@24-01-2026_12-05-12.jpg",
            "rtn_id": "930",
            "name:fa": "امیرحسین جعفری",
            "sources": "https://t.me/RememberTheirNames/982"
          },
          {
            "date": "1767889800",
            "image": "photos/photo_923@24-01-2026_12-36-36.jpg",
            "rtn_id": "932",
            "name:fa": "آرمین سلطان محمدی",
            "sources": "https://t.me/RememberTheirNames/984"
          },
          {
            "date": "1767889800",
            "image": "photos/photo_937@24-01-2026_13-50-33.jpg",
            "rtn_id": "946",
            "name:fa": "ابوالفضل نجفی",
            "sources": "https://t.me/RememberTheirNames/999"
          },
          {
            "date": "1767889845-1768161645",
            "image": "photos/photo_950@24-01-2026_14-28-13.jpg",
            "rtn_id": "959",
            "name:fa": "فرهاد امانی",
            "sources": "https://t.me/RememberTheirNames/1012"
          },
          {
            "date": "1768062600",
            "image": "photos/photo_953@24-01-2026_14-37-38.jpg",
            "rtn_id": "962",
            "name:fa": "نازآفرین کیهانی",
            "sources": "https://t.me/RememberTheirNames/1015"
          },
          {
            "date": "1767889800",
            "image": "photos/photo_958@24-01-2026_14-53-22.jpg",
            "rtn_id": "967",
            "name:fa": "حامد جاهدی‌کیا",
            "sources": "https://t.me/RememberTheirNames/1020"
          },
          {
            "date": "1767889845-1768161645",
            "image": "photos/photo_963@24-01-2026_15-08-09.jpg",
            "rtn_id": "972",
            "name:fa": "مرتضی اصلانی",
            "sources": "https://t.me/RememberTheirNames/1026"
          },
          {
            "date": "1768062600",
            "image": "photos/photo_972@24-01-2026_15-42-39.jpg",
            "rtn_id": "981",
            "name:fa": "رضا آرمند",
            "sources": "https://t.me/RememberTheirNames/1035"
          },
          {
            "date": "1767889800",
            "image": "photos/photo_978@24-01-2026_16-28-17.jpg",
            "rtn_id": "987",
            "name:fa": "علی‌اصغر احمدپناه",
            "sources": "https://t.me/RememberTheirNames/1042"
          },
          {
            "date": "1767889800",
            "image": "photos/photo_980@24-01-2026_16-35-38.jpg",
            "rtn_id": "989",
            "name:fa": "حبیب معلمی",
            "sources": "https://t.me/RememberTheirNames/1044"
          },
          {
            "date": "1767889845-1768161645",
            "image": "photos/photo_994@24-01-2026_17-46-55.jpg",
            "rtn_id": "1003",
            "name:fa": "سید محمد موسوی",
            "sources": "https://t.me/RememberTheirNames/1058"
          },
          {
            "date": "1767889845-1768161645",
            "image": "photos/photo_1009@24-01-2026_18-41-44.jpg",
            "rtn_id": "1018",
            "name:fa": "مهدی حنیفی",
            "sources": "https://t.me/RememberTheirNames/1075"
          },
          {
            "date": "1767889845-1768161645",
            "image": "photos/photo_1010@24-01-2026_18-43-17.jpg",
            "rtn_id": "1019",
            "name:fa": "سحر بیاتی",
            "sources": "https://t.me/RememberTheirNames/1076"
          },
          {
            "date": "1767889845-1768161645",
            "image": "photos/photo_1028@24-01-2026_20-41-05.jpg",
            "rtn_id": "1037",
            "name:fa": "محمد زمانی",
            "sources": "https://t.me/RememberTheirNames/1096"
          },
          {
            "date": "1767889845-1768161645",
            "image": "photos/photo_1045@24-01-2026_22-23-07.jpg",
            "rtn_id": "1054",
            "name:fa": "علی سرلک",
            "sources": "https://t.me/RememberTheirNames/1113"
          },
          {
            "date": "1767889800",
            "image": "photos/photo_1046@24-01-2026_22-30-46.jpg",
            "rtn_id": "1055",
            "name:fa": "منوچهر باغانی",
            "sources": "https://t.me/RememberTheirNames/1114"
          },
          {
            "date": "1767976200",
            "image": "photos/photo_1052@24-01-2026_23-16-23.jpg",
            "rtn_id": "1062",
            "name:fa": "آرین محمدی",
            "sources": "https://t.me/RememberTheirNames/1121"
          },
          {
            "date": "1767889800",
            "image": "photos/photo_1072@25-01-2026_01-13-59.jpg",
            "rtn_id": "1082",
            "name:fa": "علیرضا مروتی",
            "sources": "https://t.me/RememberTheirNames/1143"
          },
          {
            "date": "1767889800",
            "image": "photos/photo_1073@25-01-2026_01-18-12.jpg",
            "rtn_id": "1083",
            "name:fa": "علی اباذری ۱۶ ساله",
            "sources": "https://t.me/RememberTheirNames/1144"
          },
          {
            "date": "1767889845-1768161645",
            "image": "photos/photo_1097@25-01-2026_11-20-37.jpg",
            "rtn_id": "1107",
            "name:fa": "ارشان قاسمی",
            "sources": "https://t.me/RememberTheirNames/1169"
          },
          {
            "date": "1767889800",
            "image": "photos/photo_1114@25-01-2026_13-47-36.jpg",
            "rtn_id": "1124",
            "name:fa": "امیر قمی",
            "sources": "https://t.me/RememberTheirNames/1188"
          },
          {
            "date": "1767976200",
            "image": "photos/photo_1122@25-01-2026_15-04-13.jpg",
            "rtn_id": "1132",
            "name:fa": "مهدی عباداللهی",
            "sources": "https://t.me/RememberTheirNames/1196"
          },
          {
            "date": "1767976200",
            "image": "photos/photo_1123@25-01-2026_15-11-26.jpg",
            "rtn_id": "1133",
            "name:fa": "مسعود مرادی",
            "sources": "https://t.me/RememberTheirNames/1197"
          },
          {
            "date": "1767889800",
            "image": "photos/photo_1125@25-01-2026_15-13-09.jpg",
            "rtn_id": "1135",
            "name:fa": "حامد بیابانی",
            "sources": "https://t.me/RememberTheirNames/1199"
          },
          {
            "date": "1767889800",
            "image": "photos/photo_1136@25-01-2026_15-30-51.jpg",
            "rtn_id": "1146",
            "name:fa": "امیرحسین محمدی",
            "sources": "https://t.me/RememberTheirNames/1210"
          },
          {
            "date": "1767976200",
            "image": "photos/photo_1138@25-01-2026_15-35-32.jpg",
            "rtn_id": "1148",
            "name:fa": "پوریا بهاری",
            "sources": "https://t.me/RememberTheirNames/1212"
          },
          {
            "date": "1767976200",
            "image": "photos/photo_1139@25-01-2026_15-38-02.jpg",
            "rtn_id": "1149",
            "name:fa": "معین رنجبر",
            "sources": "https://t.me/RememberTheirNames/1213"
          },
          {
            "date": "1767889845-1768161645",
            "image": "photos/photo_1148@25-01-2026_18-42-16.jpg",
            "rtn_id": "1158",
            "name:fa": "محمد فهیم",
            "sources": "https://t.me/RememberTheirNames/1222"
          },
          {
            "date": "1767889845-1768161645",
            "image": "photos/photo_1150@25-01-2026_18-47-03.jpg",
            "rtn_id": "1160",
            "name:fa": "مهران شیخ‌الاسلامی",
            "sources": "https://t.me/RememberTheirNames/1224"
          },
          {
            "date": "1767889845-1768161645",
            "image": "photos/photo_1151@25-01-2026_18-47-54.jpg",
            "rtn_id": "1161",
            "name:fa": "مجتبی مددی",
            "sources": "https://t.me/RememberTheirNames/1225"
          },
          {
            "date": "1767889845-1768161645",
            "image": "photos/photo_1152@25-01-2026_18-48-38.jpg",
            "rtn_id": "1162",
            "name:fa": "محمد عظیمی",
            "sources": "https://t.me/RememberTheirNames/1226"
          },
          {
            "date": "1767976200",
            "image": "photos/photo_1158@25-01-2026_20-20-34.jpg",
            "rtn_id": "1168",
            "name:fa": "سامان یوسفی",
            "sources": "https://t.me/RememberTheirNames/1233"
          },
          {
            "date": "1767976200",
            "image": "photos/photo_1162@25-01-2026_20-30-20.jpg",
            "rtn_id": "1172",
            "name:fa": "امیررضا ابراهیمی",
            "sources": "https://t.me/RememberTheirNames/1238"
          },
          {
            "date": "1767889800",
            "image": "photos/photo_1168@25-01-2026_20-49-50.jpg",
            "rtn_id": "1178",
            "name:fa": "فواد صفایی",
            "sources": "https://t.me/RememberTheirNames/1244"
          },
          {
            "date": "1767889845-1768161645",
            "image": "photos/photo_1169@25-01-2026_20-55-55.jpg",
            "rtn_id": "1179",
            "name:fa": "فرشته رجبی آقباش",
            "sources": "https://t.me/RememberTheirNames/1245"
          },
          {
            "date": "1767889800",
            "image": "photos/photo_1188@25-01-2026_23-16-57.jpg",
            "rtn_id": "1198",
            "name:fa": "آرین عشقی",
            "sources": "https://t.me/RememberTheirNames/1266"
          },
          {
            "date": "1767889800",
            "image": "photos/photo_1188@25-01-2026_23-16-57.jpg",
            "rtn_id": "1199",
            "name:fa": "امیرحسین عشقی",
            "sources": "https://t.me/RememberTheirNames/1266"
          },
          {
            "date": "1767889845-1768161645",
            "image": "photos/photo_1198@26-01-2026_00-35-08.jpg",
            "rtn_id": "1209",
            "name:fa": "علی پوراکرمی",
            "sources": "https://t.me/RememberTheirNames/1276"
          },
          {
            "date": "1767889845-1768161645",
            "image": "photos/photo_1200@26-01-2026_00-45-26.jpg",
            "rtn_id": "1211",
            "name:fa": "فرشاد ساکی",
            "sources": "https://t.me/RememberTheirNames/1278"
          },
          {
            "date": "1767889800",
            "image": "photos/photo_1206@26-01-2026_00-58-46.jpg",
            "rtn_id": "1217",
            "name:fa": "حامد حمیدیان",
            "sources": "https://t.me/RememberTheirNames/1284"
          },
          {
            "date": "1767889845-1768161645",
            "image": "photos/photo_1222@26-01-2026_11-01-23.jpg",
            "rtn_id": "1233",
            "name:fa": "مسعود سعیدی اسکویی",
            "sources": "https://t.me/RememberTheirNames/1300"
          },
          {
            "date": "1767889845-1768161645",
            "image": "photos/photo_1223@26-01-2026_11-03-15.jpg",
            "rtn_id": "1234",
            "name:fa": "مصطفی شریفی شهریور",
            "sources": "https://t.me/RememberTheirNames/1301"
          },
          {
            "date": "1767889845-1768161645",
            "image": "photos/photo_1230@26-01-2026_12-32-55.jpg",
            "rtn_id": "1241",
            "name:fa": "سید محمدیاسین داوودنبی",
            "sources": "https://t.me/RememberTheirNames/1308"
          },
          {
            "date": "1767976200",
            "image": "photos/photo_1231@26-01-2026_12-43-45.jpg",
            "rtn_id": "1242",
            "name:fa": "امیررضا حیدری (پسرعمو بودند)",
            "sources": "https://t.me/RememberTheirNames/1309"
          },
          {
            "date": "1767976200",
            "image": "photos/photo_1231@26-01-2026_12-43-45.jpg",
            "rtn_id": "1243",
            "name:fa": "ماهان حیدری",
            "sources": "https://t.me/RememberTheirNames/1309"
          },
          {
            "date": "1767889800",
            "image": "photos/photo_1244@26-01-2026_15-10-14.jpg",
            "rtn_id": "1256",
            "name:fa": "بهروز معصوم‌نژاد",
            "sources": "https://t.me/RememberTheirNames/1322"
          },
          {
            "date": "1768149000",
            "image": "photos/photo_1251@26-01-2026_16-14-52.jpg",
            "rtn_id": "1263",
            "name:fa": "بهزاد عزیزی",
            "sources": "https://t.me/RememberTheirNames/1330"
          },
          {
            "date": "1767889800",
            "image": "photos/photo_1254@26-01-2026_16-27-18.jpg",
            "rtn_id": "1266",
            "name:fa": "سیاوش فرخی",
            "sources": "https://t.me/RememberTheirNames/1333"
          },
          {
            "date": "1767976200",
            "image": "photos/photo_1258@26-01-2026_16-46-40.jpg",
            "rtn_id": "1270",
            "name:fa": "عماد مودتی‌پور",
            "sources": "https://t.me/RememberTheirNames/1337"
          },
          {
            "date": "1767889845-1768161645",
            "image": "photos/photo_1261@26-01-2026_17-01-03.jpg",
            "rtn_id": "1273",
            "name:fa": "پویا فارسی",
            "sources": "https://t.me/RememberTheirNames/1340"
          },
          {
            "date": "1767889800",
            "image": "photos/photo_1269@26-01-2026_18-03-17.jpg",
            "rtn_id": "1281",
            "name:fa": "علی اسداللهی",
            "sources": "https://t.me/RememberTheirNames/1348"
          },
          {
            "date": "1767889845-1768161645",
            "image": "photos/photo_1272@26-01-2026_18-13-30.jpg",
            "rtn_id": "1284",
            "name:fa": "امیرحسین شاهوردی",
            "sources": "https://t.me/RememberTheirNames/1351"
          },
          {
            "date": "1767889800",
            "image": "photos/photo_1280@26-01-2026_19-01-27.jpg",
            "rtn_id": "1292",
            "name:fa": "حسین رحیمی",
            "sources": "https://t.me/RememberTheirNames/1360"
          },
          {
            "date": "1767976200",
            "image": "photos/photo_1301@26-01-2026_21-33-21.jpg",
            "rtn_id": "1313",
            "name:fa": "ساسان کشوری",
            "sources": "https://t.me/RememberTheirNames/1381"
          },
          {
            "date": "1767889845-1768161645",
            "image": "photos/photo_1302@26-01-2026_21-35-12.jpg",
            "rtn_id": "1314",
            "name:fa": "مجتبی روستایی",
            "sources": "https://t.me/RememberTheirNames/1382"
          },
          {
            "date": "1767889845-1768161645",
            "image": "photos/photo_1306@26-01-2026_22-11-50.jpg",
            "rtn_id": "1318",
            "name:fa": "علیرضا نجاری",
            "sources": "https://t.me/RememberTheirNames/1386"
          },
          {
            "date": "1767889800",
            "image": "photos/photo_1319@26-01-2026_23-22-40.jpg",
            "rtn_id": "1331",
            "name:fa": "مهرنوش اسفندیاری",
            "sources": "https://t.me/RememberTheirNames/1400"
          },
          {
            "date": "1767889845-1768161645",
            "image": "photos/photo_1324@27-01-2026_00-26-34.jpg",
            "rtn_id": "1336",
            "name:fa": "مرتضی رفیعی",
            "sources": "https://t.me/RememberTheirNames/1405"
          },
          {
            "date": "1767889800",
            "image": "photos/photo_1327@27-01-2026_00-32-10.jpg",
            "rtn_id": "1339",
            "name:fa": "سوفیا عباسی",
            "sources": "https://t.me/RememberTheirNames/1408"
          },
          {
            "date": "1767889845-1768161645",
            "image": "photos/photo_1348@27-01-2026_12-47-09.jpg",
            "rtn_id": "1360",
            "name:fa": "امیرعلی قنبرزاده ۱۶ ساله",
            "sources": "https://t.me/RememberTheirNames/1430"
          },
          {
            "date": "1767889845-1768161645",
            "image": "photos/photo_1363@27-01-2026_13-52-14.jpg",
            "rtn_id": "1375",
            "name:fa": "یاشار بدلی سرچشمه",
            "sources": "https://t.me/RememberTheirNames/1445"
          },
          {
            "date": "1767889845-1768161645",
            "image": "photos/photo_1364@27-01-2026_13-58-59.jpg",
            "rtn_id": "1376",
            "name:fa": "علی بیات",
            "sources": "https://t.me/RememberTheirNames/1446"
          },
          {
            "date": "1767889845-1768161645",
            "image": "photos/photo_1365@27-01-2026_14-30-12.jpg",
            "rtn_id": "1377",
            "name:fa": "میثم غمام‌نو",
            "sources": "https://t.me/RememberTheirNames/1447"
          },
          {
            "date": "1767889845-1768161645",
            "image": "photos/photo_1366@27-01-2026_14-31-32.jpg",
            "rtn_id": "1378",
            "name:fa": "امیرحسین حضرتی",
            "sources": "https://t.me/RememberTheirNames/1448"
          },
          {
            "date": "1767889800",
            "image": "photos/photo_1368@27-01-2026_14-39-05.jpg",
            "rtn_id": "1380",
            "name:fa": "آرش عسگری",
            "sources": "https://t.me/RememberTheirNames/1450"
          },
          {
            "date": "1767976200",
            "image": "photos/photo_1372@27-01-2026_14-50-29.jpg",
            "rtn_id": "1384",
            "name:fa": "میلاد فلاحی",
            "sources": "https://t.me/RememberTheirNames/1454"
          },
          {
            "date": "1767889800",
            "image": "photos/photo_1373@27-01-2026_14-52-14.jpg",
            "rtn_id": "1385",
            "name:fa": "امید الله‌داد",
            "sources": "https://t.me/RememberTheirNames/1455"
          },
          {
            "date": "1767889800",
            "image": "photos/photo_1374@27-01-2026_14-53-33.jpg",
            "rtn_id": "1386",
            "name:fa": "رسول عالیوند",
            "sources": "https://t.me/RememberTheirNames/1456"
          },
          {
            "date": "1767889800",
            "image": "photos/photo_1379@27-01-2026_15-08-47.jpg",
            "rtn_id": "1391",
            "name:fa": "شیلان صالحی",
            "sources": "https://t.me/RememberTheirNames/1462"
          },
          {
            "date": "1767889800",
            "image": "photos/photo_1381@27-01-2026_15-12-11.jpg",
            "rtn_id": "1393",
            "name:fa": "ابراهیم شهبازیان",
            "sources": "https://t.me/RememberTheirNames/1464"
          },
          {
            "date": "1767976200",
            "image": "photos/photo_1382@27-01-2026_15-15-20.jpg",
            "rtn_id": "1394",
            "name:fa": "شهاب نوری",
            "sources": "https://t.me/RememberTheirNames/1465"
          },
          {
            "date": "1767889845-1768161645",
            "image": "photos/photo_1394@27-01-2026_17-16-08.jpg",
            "rtn_id": "1405",
            "name:fa": "فاطمه افرازه",
            "sources": "https://t.me/RememberTheirNames/1481"
          },
          {
            "date": "1767889800",
            "image": "photos/photo_1406@27-01-2026_18-08-41.jpg",
            "rtn_id": "1417",
            "name:fa": "علی فاتحی",
            "sources": "https://t.me/RememberTheirNames/1495"
          },
          {
            "date": "1767889800",
            "image": "photos/photo_1420@27-01-2026_20-09-37.jpg",
            "rtn_id": "1431",
            "name:fa": "عباس اسحاقی",
            "sources": "https://t.me/RememberTheirNames/1509"
          },
          {
            "date": "1767889845-1768161645",
            "image": "photos/photo_234@19-01-2026_21-07-40.jpg",
            "rtn_id": "239",
            "name:fa": "رزیتا رخ‌زاده",
            "sources": "https://t.me/RememberTheirNames/269"
          },
          {
            "date": "1767889800",
            "image": "photos/photo_86@18-01-2026_23-31-38.jpg",
            "rtn_id": "87",
            "name:fa": "عطا ابراهیم‌پور",
            "sources": "https://t.me/RememberTheirNames/118"
          },
          {
            "date": "1767889800",
            "image": "photos/photo_88@18-01-2026_23-35-47.jpg",
            "rtn_id": "89",
            "name:fa": "محمدرضا انتظامی",
            "sources": "https://t.me/RememberTheirNames/120"
          },
          {
            "date": "1767889800",
            "image": "photos/photo_177@19-01-2026_12-46-47.jpg",
            "rtn_id": "178",
            "name:fa": "پوریا غلامعلی",
            "sources": "https://t.me/RememberTheirNames/211"
          },
          {
            "date": "1767889800",
            "image": "photos/photo_203@19-01-2026_18-12-53.jpg",
            "rtn_id": "204",
            "name:fa": "حسین حیدری",
            "sources": "https://t.me/RememberTheirNames/238"
          },
          {
            "date": "1767889800",
            "image": "photos/photo_296@20-01-2026_08-31-36.jpg",
            "rtn_id": "301",
            "name:fa": "علی شیرافکن",
            "sources": "https://t.me/RememberTheirNames/334"
          },
          {
            "date": "1767976200",
            "image": "photos/photo_629@22-01-2026_17-24-07.jpg",
            "rtn_id": "635",
            "name:fa": "احمد بلوری",
            "sources": "https://t.me/RememberTheirNames/681"
          },
          {
            "date": "1767889800",
            "image": "photos/photo_762@23-01-2026_13-40-18.jpg",
            "rtn_id": "768",
            "name:fa": "محمد علیزاده",
            "sources": "https://t.me/RememberTheirNames/818"
          },
          {
            "date": "1767889800",
            "image": "photos/photo_785@23-01-2026_14-51-21.jpg",
            "rtn_id": "791",
            "name:fa": "مجتبی گودرزی",
            "sources": "https://t.me/RememberTheirNames/843"
          },
          {
            "date": "1767889800",
            "image": "photos/photo_789@23-01-2026_15-07-21.jpg",
            "rtn_id": "795",
            "name:fa": "مصطفی جعفری فشارکی",
            "sources": "https://t.me/RememberTheirNames/847"
          },
          {
            "date": "1767889800",
            "image": "photos/photo_1011@24-01-2026_18-44-31.jpg",
            "rtn_id": "1020",
            "name:fa": "مهدی زارعی",
            "sources": "https://t.me/RememberTheirNames/1077"
          },
          {
            "date": "1767889800",
            "image": "photos/photo_1335@27-01-2026_01-13-18.jpg",
            "rtn_id": "1347",
            "name:fa": "یوسف مهربان",
            "sources": "https://t.me/RememberTheirNames/1416"
          },
          {
            "date": "1767889800",
            "image": "photos/photo_1402@27-01-2026_17-59-10.jpg",
            "rtn_id": "1413",
            "name:fa": "محمدرضا مسکین‌نواز",
            "sources": "https://t.me/RememberTheirNames/1491"
          },
          {
            "date": "1767889800",
            "image": "photos/photo_1422@27-01-2026_20-16-04.jpg",
            "rtn_id": "1433",
            "name:fa": "حسین طهرانچی",
            "sources": "https://t.me/RememberTheirNames/1511"
          },
          {
            "date": "1767889800",
            "image": "photos/photo_132@19-01-2026_00-57-47.jpg",
            "rtn_id": "133",
            "name:fa": "فرزام قاسمی",
            "sources": "https://t.me/RememberTheirNames/165"
          },
          {
            "date": "1767889800",
            "image": "photos/photo_709@23-01-2026_01-55-28.jpg",
            "rtn_id": "715",
            "name:fa": "سجاد سلیمانی",
            "sources": "https://t.me/RememberTheirNames/765"
          },
          {
            "date": "1767889800",
            "image": "photos/photo_191@19-01-2026_15-15-53.jpg",
            "rtn_id": "192",
            "name:fa": "آریا هنرمند",
            "sources": "https://t.me/RememberTheirNames/226"
          },
          {
            "date": "1768062600",
            "image": "photos/photo_669@22-01-2026_21-48-23.jpg",
            "rtn_id": "675",
            "name:fa": "مجتبی کرابی",
            "sources": "https://t.me/RememberTheirNames/722"
          },
          {
            "date": "1767889800",
            "image": "photos/photo_834@23-01-2026_19-13-42.jpg",
            "rtn_id": "841",
            "name:fa": "محمدمعین محمدیوسفی",
            "sources": "https://t.me/RememberTheirNames/893"
          },
          {
            "date": "1767889800",
            "image": "photos/photo_1338@27-01-2026_01-40-41.jpg",
            "rtn_id": "1350",
            "name:fa": "میلاد نعمتی",
            "sources": "https://t.me/RememberTheirNames/1419"
          },
          {
            "date": "1767976200",
            "image": "photos/photo_1339@27-01-2026_11-28-54.jpg",
            "rtn_id": "1351",
            "name:fa": "ریحانه یوسفی",
            "sources": "https://t.me/RememberTheirNames/1420"
          },
          {
            "date": "1767889800",
            "image": "photos/photo_1351@27-01-2026_12-59-26.jpg",
            "rtn_id": "1363",
            "name:fa": "حمیدرضا معینی‌فر",
            "sources": "https://t.me/RememberTheirNames/1433"
          },
          {
            "date": "1767976200",
            "image": "photos/photo_268@19-01-2026_22-51-10.jpg",
            "rtn_id": "273",
            "name:fa": "علی فرزانه",
            "sources": "https://t.me/RememberTheirNames/306"
          },
          {
            "date": "1767889800",
            "image": "photos/photo_805@23-01-2026_17-15-14.jpg",
            "rtn_id": "811",
            "name:fa": "سالار مهری",
            "sources": "https://t.me/RememberTheirNames/863"
          },
          {
            "date": "1767976200",
            "image": "photos/photo_352@20-01-2026_14-19-02.jpg",
            "rtn_id": "357",
            "name:fa": "آرش بهفر",
            "sources": "https://t.me/RememberTheirNames/391"
          },
          {
            "date": "1767889845-1768161645",
            "image": "photos/photo_541@21-01-2026_23-32-01.jpg",
            "rtn_id": "546",
            "name:fa": "محمدرضا موسوی",
            "sources": "https://t.me/RememberTheirNames/588"
          },
          {
            "date": "1767889800",
            "image": "photos/photo_557@22-01-2026_01-50-45.jpg",
            "rtn_id": "562",
            "name:fa": "رضا نجاری",
            "sources": "https://t.me/RememberTheirNames/604"
          },
          {
            "date": "1767889800",
            "image": "photos/photo_1397@27-01-2026_17-43-07.jpg",
            "rtn_id": "1408",
            "name:fa": "سعید خورچه فراهانی",
            "sources": "https://t.me/RememberTheirNames/1484"
          },
          {
            "date": "1767976200",
            "image": "photos/photo_587@22-01-2026_14-11-52.jpg",
            "rtn_id": "593",
            "name:fa": "علی محمد کردکاظمی",
            "sources": "https://t.me/RememberTheirNames/636"
          },
          {
            "date": "1767976200",
            "image": "photos/photo_1055@24-01-2026_23-28-54.jpg",
            "rtn_id": "1065",
            "name:fa": "امیرحسین کیانی",
            "sources": "https://t.me/RememberTheirNames/1124"
          },
          {
            "date": "1767976200",
            "image": "photos/photo_1067@25-01-2026_00-41-16.jpg",
            "rtn_id": "1077",
            "name:fa": "محمد خان‌محمدی",
            "sources": "https://t.me/RememberTheirNames/1137"
          },
          {
            "date": "1767976200",
            "image": "photos/photo_636@22-01-2026_17-52-55.jpg",
            "rtn_id": "642",
            "name:fa": "امیرعلی کیانی",
            "sources": "https://t.me/RememberTheirNames/688"
          },
          {
            "date": "1767976200",
            "image": "photos/photo_900@24-01-2026_00-18-41.jpg",
            "rtn_id": "908",
            "name:fa": "محمدجواد حضوری",
            "sources": "https://t.me/RememberTheirNames/961"
          },
          {
            "date": "1767976200",
            "image": "photos/photo_1065@25-01-2026_00-26-56.jpg",
            "rtn_id": "1075",
            "name:fa": "ایلیا دهقانی",
            "sources": "https://t.me/RememberTheirNames/1135"
          },
          {
            "date": "1767976200",
            "image": "photos/photo_1352@27-01-2026_13-02-10.jpg",
            "rtn_id": "1364",
            "name:fa": "علیرضا نوائی لواسانی",
            "sources": "https://t.me/RememberTheirNames/1434"
          },
          {
            "date": "1767889800",
            "image": "photos/photo_1385@27-01-2026_15-44-37.jpg",
            "rtn_id": "1397",
            "name:fa": "وحید هاشمی (از اتباع افغانستان)",
            "sources": "https://t.me/RememberTheirNames/1469"
          },
          {
            "date": "1767889800",
            "image": "photos/photo_1419@27-01-2026_20-07-02.jpg",
            "rtn_id": "1430",
            "name:fa": "امیر احمدوند",
            "sources": "https://t.me/RememberTheirNames/1508"
          },
          {
            "date": "1767976200",
            "image": "photos/photo_661@22-01-2026_21-11-12.jpg",
            "rtn_id": "667",
            "name:fa": "محمدرضا (یزدان) افروغ",
            "sources": "https://t.me/RememberTheirNames/714"
          },
          {
            "date": "1767889800",
            "image": "photos/photo_688@22-01-2026_23-30-08.jpg",
            "rtn_id": "694",
            "name:fa": "امید ابو",
            "sources": "https://t.me/RememberTheirNames/744"
          },
          {
            "date": "1767889800",
            "image": "photos/photo_694@22-01-2026_23-59-28.jpg",
            "rtn_id": "700",
            "name:fa": "علی مرادی اردبیلی",
            "sources": "https://t.me/RememberTheirNames/750"
          },
          {
            "date": "1767976200",
            "image": "photos/photo_1024@24-01-2026_20-18-41.jpg",
            "rtn_id": "1033",
            "name:fa": "محمدصالح محمدی",
            "sources": "https://t.me/RememberTheirNames/1091"
          },
          {
            "date": "1767889800",
            "image": "photos/photo_721@23-01-2026_02-50-26.jpg",
            "rtn_id": "727",
            "name:fa": "محمدحسین علیخانی",
            "sources": "https://t.me/RememberTheirNames/777"
          },
          {
            "date": "1767976200",
            "image": "photos/photo_955@24-01-2026_14-49-24.jpg",
            "rtn_id": "964",
            "name:fa": "فرشاد احسانی",
            "sources": "https://t.me/RememberTheirNames/1017"
          },
          {
            "date": "1767889800",
            "image": "photos/photo_1083@25-01-2026_02-05-46.jpg",
            "rtn_id": "1093",
            "name:fa": "پارسا رحمتی",
            "sources": "https://t.me/RememberTheirNames/1154"
          },
          {
            "date": "1767889800",
            "image": "photos/photo_1172@25-01-2026_21-26-34.jpg",
            "rtn_id": "1182",
            "name:fa": "محسن نمازی",
            "sources": "https://t.me/RememberTheirNames/1248"
          },
          {
            "date": "1767889800",
            "image": "photos/photo_1342@27-01-2026_12-08-07.jpg",
            "rtn_id": "1354",
            "name:fa": "علی مشهدی",
            "sources": "https://t.me/RememberTheirNames/1424"
          },
          {
            "date": "1767889845-1768161645",
            "image": "photos/photo_738@23-01-2026_11-25-55.jpg",
            "rtn_id": "744",
            "name:fa": "سپهر ابراهیمی",
            "sources": "https://t.me/RememberTheirNames/794"
          },
          {
            "date": "1767889800",
            "image": "photos/photo_828@23-01-2026_18-56-24.jpg",
            "rtn_id": "835",
            "name:fa": "مریم کلاته",
            "sources": "https://t.me/RememberTheirNames/887"
          },
          {
            "date": "1767976200",
            "image": "photos/photo_938@24-01-2026_13-51-46.jpg",
            "rtn_id": "947",
            "name:fa": "مهدی کاشفی",
            "sources": "https://t.me/RememberTheirNames/1000"
          },
          {
            "date": "1767889845-1768161645",
            "image": "photos/photo_915@24-01-2026_01-51-35.jpg",
            "rtn_id": "924",
            "name:fa": "مهدی گرانمایه",
            "sources": "https://t.me/RememberTheirNames/976"
          },
          {
            "date": "1767889800",
            "image": "photos/photo_965@24-01-2026_15-12-44.jpg",
            "rtn_id": "974",
            "name:fa": "صدرا سلطانی",
            "sources": "https://t.me/RememberTheirNames/1028"
          },
          {
            "date": "1767889800",
            "image": "photos/photo_1386@27-01-2026_15-49-27.jpg",
            "rtn_id": "1398",
            "name:fa": "ابراهیم پورقاضیانی",
            "sources": "https://t.me/RememberTheirNames/1470"
          },
          {
            "date": "1767976200",
            "image": "photos/photo_976@24-01-2026_16-15-32.jpg",
            "rtn_id": "985",
            "name:fa": "علی عطایی",
            "sources": "https://t.me/RememberTheirNames/1039"
          },
          {
            "date": "1767889800",
            "image": "photos/photo_1106@25-01-2026_12-02-10.jpg",
            "rtn_id": "1116",
            "name:fa": "امیررضا رستمی",
            "sources": "https://t.me/RememberTheirNames/1180"
          },
          {
            "date": "1767889800",
            "image": "photos/photo_1270@26-01-2026_18-05-56.jpg",
            "rtn_id": "1282",
            "name:fa": "حسین کریمی",
            "sources": "https://t.me/RememberTheirNames/1349"
          },
          {
            "date": "1767889800",
            "image": "photos/photo_1273@26-01-2026_18-15-54.jpg",
            "rtn_id": "1285",
            "name:fa": "مصطفی میرزایی",
            "sources": "https://t.me/RememberTheirNames/1352"
          },
          {
            "date": "1767976200",
            "image": "photos/photo_1290@26-01-2026_19-41-50.jpg",
            "rtn_id": "1302",
            "name:fa": "حسن مظلومی",
            "sources": "https://t.me/RememberTheirNames/1370"
          },
          {
            "date": "1767889800",
            "image": "photos/photo_1000@24-01-2026_18-11-13.jpg",
            "rtn_id": "1009",
            "name:fa": "داوود میرزایی",
            "sources": "https://t.me/RememberTheirNames/1066"
          },
          {
            "date": "1767976200",
            "image": "photos/photo_1088@25-01-2026_02-39-45.jpg",
            "rtn_id": "1098",
            "name:fa": "سجاد رعدی",
            "sources": "https://t.me/RememberTheirNames/1159"
          },
          {
            "date": "1767889800",
            "image": "photos/photo_1012@24-01-2026_18-55-13.jpg",
            "rtn_id": "1021",
            "name:fa": "آریا آرین‌خو",
            "sources": "https://t.me/RememberTheirNames/1078"
          },
          {
            "date": "1767889800",
            "image": "photos/photo_1050@24-01-2026_23-00-27.jpg",
            "rtn_id": "1060",
            "name:fa": "مجید فرخزاد (ممشلی)",
            "sources": "https://t.me/RememberTheirNames/1119"
          },
          {
            "date": "1767889800",
            "image": "photos/photo_1062@25-01-2026_00-15-36.jpg",
            "rtn_id": "1072",
            "name:fa": "آروین وفایی ۱۷ ساله",
            "sources": "https://t.me/RememberTheirNames/1132"
          },
          {
            "date": "1767889800",
            "image": "photos/photo_1146@25-01-2026_18-23-55.jpg",
            "rtn_id": "1156",
            "name:fa": "اشکان اصانلو",
            "sources": "https://t.me/RememberTheirNames/1220"
          },
          {
            "date": "1767889800",
            "image": "photos/photo_1054@24-01-2026_23-22-13.jpg",
            "rtn_id": "1064",
            "name:fa": "فرشید سلطانی",
            "sources": "https://t.me/RememberTheirNames/1123"
          },
          {
            "date": "1767889800",
            "image": "photos/photo_1058@24-01-2026_23-58-07.jpg",
            "rtn_id": "1068",
            "name:fa": "اکبر اسفندیاری",
            "sources": "https://t.me/RememberTheirNames/1127"
          },
          {
            "date": "1767889800",
            "image": "photos/photo_1176@25-01-2026_21-39-21.jpg",
            "rtn_id": "1186",
            "name:fa": "امیدعلی میسائی",
            "sources": "https://t.me/RememberTheirNames/1252"
          },
          {
            "date": "1767889800",
            "image": "photos/photo_1099@25-01-2026_11-31-49.jpg",
            "rtn_id": "1109",
            "name:fa": "آرش بهشتی",
            "sources": "https://t.me/RememberTheirNames/1172"
          },
          {
            "date": "1767889800",
            "image": "photos/photo_1104@25-01-2026_11-53-45.jpg",
            "rtn_id": "1114",
            "name:fa": "اشکان شوشتری",
            "sources": "https://t.me/RememberTheirNames/1177"
          },
          {
            "date": "1767976200",
            "image": "photos/photo_1110@25-01-2026_12-34-40.jpg",
            "rtn_id": "1120",
            "name:fa": "پارسا اصلانی",
            "sources": "https://t.me/RememberTheirNames/1184"
          },
          {
            "date": "1767889800",
            "image": "photos/photo_1111@25-01-2026_12-36-39.jpg",
            "rtn_id": "1121",
            "name:fa": "بهمن بیاتی",
            "sources": "https://t.me/RememberTheirNames/1185"
          },
          {
            "date": "1767889800",
            "image": "photos/photo_1164@25-01-2026_20-36-15.jpg",
            "rtn_id": "1174",
            "name:fa": "نیما نجفی",
            "sources": "https://t.me/RememberTheirNames/1240"
          },
          {
            "date": "1767889800",
            "image": "photos/photo_1357@27-01-2026_13-27-13.jpg",
            "rtn_id": "1369",
            "name:fa": "کیوان میرانی",
            "sources": "https://t.me/RememberTheirNames/1439"
          },
          {
            "date": "1767889800",
            "image": "photos/photo_1398@27-01-2026_17-45-51.jpg",
            "rtn_id": "1409",
            "name:fa": "هادی قلخانی",
            "sources": "https://t.me/RememberTheirNames/1486"
          },
          {
            "date": "1767889800",
            "image": "photos/photo_1174@25-01-2026_21-32-10.jpg",
            "rtn_id": "1184",
            "name:fa": "امیرحسین مولایی",
            "sources": "https://t.me/RememberTheirNames/1250"
          },
          {
            "date": "1767889800",
            "image": "photos/photo_1298@26-01-2026_21-01-29.jpg",
            "rtn_id": "1310",
            "name:fa": "پویا درخشان",
            "sources": "https://t.me/RememberTheirNames/1378"
          },
          {
            "date": "1767889800",
            "image": "photos/photo_1232@26-01-2026_12-54-01.jpg",
            "rtn_id": "1244",
            "name:fa": "امیرحسین امام‌جمعه",
            "sources": "https://t.me/RememberTheirNames/1310"
          },
          {
            "date": "1767976200",
            "image": "photos/photo_1235@26-01-2026_13-07-36.jpg",
            "rtn_id": "1247",
            "name:fa": "عباس برزوخانی",
            "sources": "https://t.me/RememberTheirNames/1313"
          },
          {
            "date": "1767889800",
            "image": "photos/photo_1264@26-01-2026_17-11-21.jpg",
            "rtn_id": "1276",
            "name:fa": "علی باقری",
            "sources": "https://t.me/RememberTheirNames/1343"
          },
          {
            "date": "1767976200",
            "image": "photos/photo_1271@26-01-2026_18-11-31.jpg",
            "rtn_id": "1283",
            "name:fa": "مهدی غلامی",
            "sources": "https://t.me/RememberTheirNames/1350"
          },
          {
            "date": "1767889800",
            "image": "photos/photo_1370@27-01-2026_14-44-23.jpg",
            "rtn_id": "1382",
            "name:fa": "سام صحبت‌زاده ۱۴ ساله",
            "sources": "https://t.me/RememberTheirNames/1452"
          },
          {
            "date": null,
            "image": "photos/photo_1443@27-01-2026_22-11-22.jpg",
            "rtn_id": "1454",
            "name:fa": "سودا اکرمی‌فرد ۱۶ ساله",
            "sources": "https://t.me/RememberTheirNames/1533"
          },
          {
            "date": "1767889800",
            "image": "photos/photo_1444@27-01-2026_22-20-20.jpg",
            "rtn_id": "1455",
            "name:fa": "هیمن محمدی",
            "sources": "https://t.me/RememberTheirNames/1534"
          },
          {
            "date": "1767889800",
            "image": "photos/photo_1455@27-01-2026_23-08-03.jpg",
            "rtn_id": "1466",
            "name:fa": "اکبر چراغی",
            "sources": "https://t.me/RememberTheirNames/1545"
          },
          {
            "date": null,
            "image": "photos/photo_1456@27-01-2026_23-25-25.jpg",
            "rtn_id": "1467",
            "name:fa": "امیرمحمد خلیل ارجمندی",
            "sources": "https://t.me/RememberTheirNames/1546"
          },
          {
            "date": null,
            "image": "photos/photo_1457@27-01-2026_23-28-00.jpg",
            "rtn_id": "1468",
            "name:fa": "میلاد نیکنام",
            "sources": "https://t.me/RememberTheirNames/1547"
          },
          {
            "date": null,
            "image": "photos/photo_1459@27-01-2026_23-29-48.jpg",
            "rtn_id": "1470",
            "name:fa": "علیرضا رستمی",
            "sources": "https://t.me/RememberTheirNames/1549"
          },
          {
            "date": null,
            "image": "photos/photo_1457@27-01-2026_23-28-00.jpg",
            "rtn_id": "1471",
            "name:fa": "جمیله حیدری",
            "sources": "https://t.me/RememberTheirNames/1550"
          },
          {
            "date": null,
            "image": "photos/photo_1457@27-01-2026_23-28-00.jpg",
            "rtn_id": "1472",
            "name:fa": "سجاد راوی",
            "sources": "https://t.me/RememberTheirNames/1551"
          },
          {
            "date": null,
            "image": "photos/photo_1457@27-01-2026_23-28-00.jpg",
            "rtn_id": "1473",
            "name:fa": "آرمین اسدی",
            "sources": "https://t.me/RememberTheirNames/1552"
          },
          {
            "date": null,
            "image": "photos/photo_1457@27-01-2026_23-28-00.jpg",
            "rtn_id": "1474",
            "name:fa": "ابوالفضل عرب",
            "sources": "https://t.me/RememberTheirNames/1553"
          },
          {
            "date": null,
            "image": "photos/photo_1457@27-01-2026_23-28-00.jpg",
            "rtn_id": "1477",
            "name:fa": "محمدحسن زینعلی",
            "sources": "https://t.me/RememberTheirNames/1556"
          },
          {
            "date": null,
            "image": "photos/photo_1471@27-01-2026_23-51-01.jpg",
            "rtn_id": "1482",
            "name:fa": "ماهان اجتهادی",
            "sources": "https://t.me/RememberTheirNames/1561"
          },
          {
            "date": "1767889800",
            "image": "photos/photo_1496@28-01-2026_12-06-27.jpg",
            "rtn_id": "1507",
            "name:fa": "ستاره زیبا",
            "sources": "https://t.me/RememberTheirNames/1591"
          },
          {
            "date": "1767976200",
            "image": "photos/photo_1497@28-01-2026_12-15-29.jpg",
            "rtn_id": "1508",
            "name:fa": "پوریا مختاری",
            "sources": "https://t.me/RememberTheirNames/1592"
          },
          {
            "date": "1767889800",
            "image": "photos/photo_1499@28-01-2026_12-46-32.jpg",
            "rtn_id": "1510",
            "name:fa": "محدثه شهبازی",
            "sources": "https://t.me/RememberTheirNames/1594"
          },
          {
            "date": "1767976200",
            "image": "photos/photo_1518@28-01-2026_15-31-51.jpg",
            "rtn_id": "1529",
            "name:fa": "ابوالفضل عیدوندی",
            "sources": "https://t.me/RememberTheirNames/1613"
          },
          {
            "date": "1767889800",
            "image": "photos/photo_1519@28-01-2026_15-34-21.jpg",
            "rtn_id": "1530",
            "name:fa": "تانیا عباسی",
            "sources": "https://t.me/RememberTheirNames/1614"
          },
          {
            "date": "1767976200",
            "image": "photos/photo_1530@28-01-2026_17-14-08.jpg",
            "rtn_id": "1541",
            "name:fa": "مریم ابراهیم‌زاده",
            "sources": "https://t.me/RememberTheirNames/1626"
          },
          {
            "date": "1767889800",
            "image": "photos/photo_1531@28-01-2026_17-22-23.jpg",
            "rtn_id": "1542",
            "name:fa": "محمدحسین یعقوب‌لو",
            "sources": "https://t.me/RememberTheirNames/1627"
          },
          {
            "date": "1767889800",
            "image": "photos/photo_1535@28-01-2026_17-47-51.jpg",
            "rtn_id": "1546",
            "name:fa": "علیرضا طاهرنژاد",
            "sources": "https://t.me/RememberTheirNames/1631"
          },
          {
            "date": "1767976200",
            "image": "photos/photo_1541@28-01-2026_18-02-26.jpg",
            "rtn_id": "1552",
            "name:fa": "ابوالفضل علمی",
            "sources": "https://t.me/RememberTheirNames/1637"
          },
          {
            "date": null,
            "image": "photos/photo_1547@28-01-2026_18-34-25.jpg",
            "rtn_id": "1558",
            "name:fa": "شیوا رحیمی",
            "sources": "https://t.me/RememberTheirNames/1643"
          },
          {
            "date": "1767889800",
            "image": "photos/photo_1548@28-01-2026_18-35-42.jpg",
            "rtn_id": "1559",
            "name:fa": "محمد آفتابی",
            "sources": "https://t.me/RememberTheirNames/1644"
          },
          {
            "date": null,
            "image": "photos/photo_1550@28-01-2026_18-58-14.jpg",
            "rtn_id": "1561",
            "name:fa": "سمیه قبادی",
            "sources": "https://t.me/RememberTheirNames/1646"
          },
          {
            "date": "1767889800",
            "image": "photos/photo_1555@28-01-2026_20-24-49.jpg",
            "rtn_id": "1566",
            "name:fa": "ابوالفضل سلطانی",
            "sources": "https://t.me/RememberTheirNames/1651"
          },
          {
            "date": null,
            "image": "photos/photo_1567@28-01-2026_21-00-49.jpg",
            "rtn_id": "1578",
            "name:fa": "امیر قنبری نمین",
            "sources": "https://t.me/RememberTheirNames/1663"
          },
          {
            "date": null,
            "image": "photos/photo_1577@28-01-2026_22-33-06.jpg",
            "rtn_id": "1588",
            "name:fa": "سامیار علیپور ۱۵ ساله",
            "sources": "https://t.me/RememberTheirNames/1673"
          },
          {
            "date": null,
            "image": "photos/photo_1581@28-01-2026_23-29-38.jpg",
            "rtn_id": "1592",
            "name:fa": "وحید نوروزی",
            "sources": "https://t.me/RememberTheirNames/1677"
          },
          {
            "date": "1767889800",
            "image": "photos/photo_1598@29-01-2026_15-35-20.jpg",
            "rtn_id": "1609",
            "name:fa": "بهرام یوسفی",
            "sources": "https://t.me/RememberTheirNames/1695"
          },
          {
            "date": null,
            "image": "photos/photo_1604@29-01-2026_16-19-59.jpg",
            "rtn_id": "1615",
            "name:fa": "ایلیا قدسی ۱۷ ساله",
            "sources": "https://t.me/RememberTheirNames/1701"
          },
          {
            "date": null,
            "image": "photos/photo_1605@29-01-2026_17-16-16.jpg",
            "rtn_id": "1616",
            "name:fa": "سجاد قدسی (پسرعموی پدر ایلیا)",
            "sources": "https://t.me/RememberTheirNames/1702"
          },
          {
            "date": null,
            "image": "photos/photo_1617@29-01-2026_19-01-44.jpg",
            "rtn_id": "1628",
            "name:fa": "علیرضا اردهالی",
            "sources": "https://t.me/RememberTheirNames/1714"
          },
          {
            "date": null,
            "image": "photos/photo_1634@29-01-2026_22-49-58.jpg",
            "rtn_id": "1645",
            "name:fa": "محمد زال",
            "sources": "https://t.me/RememberTheirNames/1731"
          },
          {
            "date": null,
            "image": "photos/photo_1637@29-01-2026_23-14-59.jpg",
            "rtn_id": "1648",
            "name:fa": "مهدی عباسیان",
            "sources": "https://t.me/RememberTheirNames/1734"
          },
          {
            "date": "1767889800",
            "image": "photos/photo_1640@29-01-2026_23-51-07.jpg",
            "rtn_id": "1651",
            "name:fa": "کریم علیزاده",
            "sources": "https://t.me/RememberTheirNames/1737"
          },
          {
            "date": null,
            "image": "photos/photo_1646@30-01-2026_00-11-26.jpg",
            "rtn_id": "1657",
            "name:fa": "حسن شایسته",
            "sources": "https://t.me/RememberTheirNames/1743"
          },
          {
            "date": null,
            "image": "photos/photo_1648@30-01-2026_00-31-44.jpg",
            "rtn_id": "1659",
            "name:fa": "حمیدرضا محمدطاهری",
            "sources": "https://t.me/RememberTheirNames/1745"
          },
          {
            "date": "1767976200",
            "image": "photos/photo_1651@30-01-2026_00-57-09.jpg",
            "rtn_id": "1662",
            "name:fa": "مجتبی هاشم‌پور پاشاکی",
            "sources": "https://t.me/RememberTheirNames/1748"
          },
          {
            "date": null,
            "image": "photos/photo_1653@30-01-2026_09-09-59.jpg",
            "rtn_id": "1664",
            "name:fa": "امیر فولادی",
            "sources": "https://t.me/RememberTheirNames/1750"
          },
          {
            "date": null,
            "image": "photos/photo_1657@30-01-2026_10-05-43.jpg",
            "rtn_id": "1668",
            "name:fa": "مسعود قله‌نوئی",
            "sources": "https://t.me/RememberTheirNames/1754"
          },
          {
            "date": "1767976200",
            "image": "photos/photo_1675@30-01-2026_15-09-23.jpg",
            "rtn_id": "1686",
            "name:fa": "پرهام آقامحمدی",
            "sources": "https://t.me/RememberTheirNames/1774"
          },
          {
            "date": null,
            "image": "photos/photo_1685@30-01-2026_15-59-25.jpg",
            "rtn_id": "1696",
            "name:fa": "محمدجواد سعادت‌پور",
            "sources": "https://t.me/RememberTheirNames/1786"
          },
          {
            "date": null,
            "image": "photos/photo_1688@30-01-2026_16-20-08.jpg",
            "rtn_id": "1699",
            "name:fa": "آرمین قاسمی‌مبین",
            "sources": "https://t.me/RememberTheirNames/1789"
          },
          {
            "date": "1767889800",
            "image": "photos/photo_1704@30-01-2026_18-44-04.jpg",
            "rtn_id": "1715",
            "name:fa": "یزدان روایی",
            "sources": "https://t.me/RememberTheirNames/1809"
          },
          {
            "date": null,
            "image": "photos/photo_1708@30-01-2026_19-00-46.jpg",
            "rtn_id": "1719",
            "name:fa": "سعید باقری",
            "sources": "https://t.me/RememberTheirNames/1813"
          },
          {
            "date": null,
            "image": "photos/photo_1709@30-01-2026_19-08-21.jpg",
            "rtn_id": "1720",
            "name:fa": "مرتضی تسبیحی",
            "sources": "https://t.me/RememberTheirNames/1814"
          },
          {
            "date": null,
            "image": "photos/photo_1716@30-01-2026_19-45-50.jpg",
            "rtn_id": "1727",
            "name:fa": "مهدیار مشتاقی رشیدی",
            "sources": "https://t.me/RememberTheirNames/1822"
          },
          {
            "date": null,
            "image": "photos/photo_1744@30-01-2026_23-48-22.jpg",
            "rtn_id": "1755",
            "name:fa": "علی کرمی",
            "sources": "https://t.me/RememberTheirNames/1852"
          },
          {
            "date": null,
            "image": "photos/photo_1770@31-01-2026_12-55-37.jpg",
            "rtn_id": "1781",
            "name:fa": "میلاد برقکار",
            "sources": "https://t.me/RememberTheirNames/1878"
          },
          {
            "date": "1767889800",
            "image": "photos/photo_1445@27-01-2026_22-23-05.jpg",
            "rtn_id": "1456",
            "name:fa": "مهدی امین قاشقای",
            "sources": "https://t.me/RememberTheirNames/1535"
          },
          {
            "date": "1767976200",
            "image": "photos/photo_1693@30-01-2026_16-53-28.jpg",
            "rtn_id": "1704",
            "name:fa": "دانیال شیری",
            "sources": "https://t.me/RememberTheirNames/1795"
          },
          {
            "date": "1767976200",
            "image": "photos/photo_1751@31-01-2026_11-28-30.jpg",
            "rtn_id": "1762",
            "name:fa": "امیرحسین سرتیپی ۱۵ ساله",
            "sources": "https://t.me/RememberTheirNames/1859"
          },
          {
            "date": "1767976200",
            "image": "photos/photo_1752@31-01-2026_11-29-44.jpg",
            "rtn_id": "1763",
            "name:fa": "محمد یزدانی ۱۴ ساله",
            "sources": "https://t.me/RememberTheirNames/1860"
          },
          {
            "date": "1767889800",
            "image": "photos/photo_1458@27-01-2026_23-28-55.jpg",
            "rtn_id": "1469",
            "name:fa": "علیرضا مقدم",
            "sources": "https://t.me/RememberTheirNames/1548"
          },
          {
            "date": "1767889800",
            "image": "photos/photo_1603@29-01-2026_16-17-53.jpg",
            "rtn_id": "1614",
            "name:fa": "میثم عباس‌آبادی",
            "sources": "https://t.me/RememberTheirNames/1700"
          },
          {
            "date": "1767889800",
            "image": "photos/photo_1746@31-01-2026_10-34-49.jpg",
            "rtn_id": "1757",
            "name:fa": "امیرحسین سعیدی",
            "sources": "https://t.me/RememberTheirNames/1854"
          },
          {
            "date": "1767889800",
            "image": "photos/photo_1755@31-01-2026_11-46-06.jpg",
            "rtn_id": "1766",
            "name:fa": "آرش موسی‌زاده",
            "sources": "https://t.me/RememberTheirNames/1863"
          },
          {
            "date": "1767976200",
            "image": "photos/photo_1511@28-01-2026_15-01-11.jpg",
            "rtn_id": "1522",
            "name:fa": "مهدی فتحی",
            "sources": "https://t.me/RememberTheirNames/1606"
          },
          {
            "date": "1767976200",
            "image": "photos/photo_1542@28-01-2026_18-03-27.jpg",
            "rtn_id": "1553",
            "name:fa": "مهدی گل‌تپه",
            "sources": "https://t.me/RememberTheirNames/1638"
          },
          {
            "date": "1767889800",
            "image": "photos/photo_1625@29-01-2026_21-14-46.jpg",
            "rtn_id": "1636",
            "name:fa": "وحید محمدلو",
            "sources": "https://t.me/RememberTheirNames/1722"
          },
          {
            "date": "1767889800",
            "image": "photos/photo_1569@28-01-2026_21-11-00.jpg",
            "rtn_id": "1580",
            "name:fa": "رضا امین‌زاده",
            "sources": "https://t.me/RememberTheirNames/1665"
          },
          {
            "date": "1767889800",
            "image": "photos/photo_1609@29-01-2026_17-33-41.jpg",
            "rtn_id": "1620",
            "name:fa": "احمد (سعید) حاجی‌میرزا علی‌اصغروزیری",
            "sources": "https://t.me/RememberTheirNames/1706"
          },
          {
            "date": "1767889800",
            "image": "photos/photo_1757@31-01-2026_12-11-06.jpg",
            "rtn_id": "1768",
            "name:fa": "محمدرضا محسنی",
            "sources": "https://t.me/RememberTheirNames/1865"
          },
          {
            "date": "1767889800",
            "image": "photos/photo_1451@27-01-2026_22-40-50.jpg",
            "rtn_id": "1462",
            "name:fa": "آرش یزدانی",
            "sources": "https://t.me/RememberTheirNames/1541"
          },
          {
            "date": "1767889800",
            "image": "photos/photo_1733@30-01-2026_22-02-54.jpg",
            "rtn_id": "1744",
            "name:fa": "سلیمان پرهیزکار",
            "sources": "https://t.me/RememberTheirNames/1841"
          },
          {
            "date": "1767889800",
            "image": "photos/photo_1477@28-01-2026_00-46-11.jpg",
            "rtn_id": "1488",
            "name:fa": "متین حبیبی",
            "sources": "https://t.me/RememberTheirNames/1568"
          },
          {
            "date": "1767889800",
            "image": "photos/photo_1495@28-01-2026_11-40-24.jpg",
            "rtn_id": "1506",
            "name:fa": "آرمان مهدی‌پور",
            "sources": "https://t.me/RememberTheirNames/1590"
          },
          {
            "date": "1767889800",
            "image": "photos/photo_1614@29-01-2026_18-09-17.jpg",
            "rtn_id": "1625",
            "name:fa": "حسین داداش‌زاده",
            "sources": "https://t.me/RememberTheirNames/1711"
          },
          {
            "date": "1767976200",
            "image": "photos/photo_1726@30-01-2026_21-16-33.jpg",
            "rtn_id": "1737",
            "name:fa": "مهدی جدیدی",
            "sources": "https://t.me/RememberTheirNames/1834"
          },
          {
            "date": "1767976200",
            "image": "photos/photo_1636@29-01-2026_23-08-41.jpg",
            "rtn_id": "1647",
            "name:fa": "امیرحسین صفری",
            "sources": "https://t.me/RememberTheirNames/1733"
          },
          {
            "date": "1767976200",
            "image": "photos/photo_1740@30-01-2026_22-48-50.jpg",
            "rtn_id": "1751",
            "name:fa": "مختار هدایت",
            "sources": "https://t.me/RememberTheirNames/1848"
          },
          {
            "date": "1767976200",
            "image": "photos/photo_1437@27-01-2026_21-37-51.jpg",
            "rtn_id": "1448",
            "name:fa": "محمد فرهادی",
            "sources": "https://t.me/RememberTheirNames/1527"
          },
          {
            "date": "1767976200",
            "image": "photos/photo_1450@27-01-2026_22-37-43.jpg",
            "rtn_id": "1461",
            "name:fa": "حامد رحیمی",
            "sources": "https://t.me/RememberTheirNames/1540"
          },
          {
            "date": "1767889800",
            "image": "photos/photo_1526@28-01-2026_16-00-25.jpg",
            "rtn_id": "1537",
            "name:fa": "علی شریف‌حسینی",
            "sources": "https://t.me/RememberTheirNames/1621"
          },
          {
            "date": "1767976200",
            "image": "photos/photo_1529@28-01-2026_16-56-53.jpg",
            "rtn_id": "1540",
            "name:fa": "سبا (ونوس) نگهبان",
            "sources": "https://t.me/RememberTheirNames/1625"
          },
          {
            "date": "1767976200",
            "image": "photos/photo_1552@28-01-2026_19-14-08.jpg",
            "rtn_id": "1563",
            "name:fa": "مهدی حسینی",
            "sources": "https://t.me/RememberTheirNames/1648"
          },
          {
            "date": "1767976200",
            "image": "photos/photo_1554@28-01-2026_19-41-16.jpg",
            "rtn_id": "1565",
            "name:fa": "آرمان باقری",
            "sources": "https://t.me/RememberTheirNames/1650"
          },
          {
            "date": "1767889800",
            "image": "photos/photo_1587@29-01-2026_12-25-18.jpg",
            "rtn_id": "1598",
            "name:fa": "محمد رحمتی",
            "sources": "https://t.me/RememberTheirNames/1684"
          },
          {
            "date": "1768062600",
            "image": "photos/photo_1652@30-01-2026_01-08-04.jpg",
            "rtn_id": "1663",
            "name:fa": "رشید (بهزاد) عزیزی",
            "sources": "https://t.me/RememberTheirNames/1749"
          },
          {
            "date": "1767889800",
            "image": "photos/photo_1718@30-01-2026_20-14-38.jpg",
            "rtn_id": "1729",
            "name:fa": "رحمان حسین‌نژاد",
            "sources": "https://t.me/RememberTheirNames/1824"
          },
          {
            "date": "1767976200",
            "image": "photos/photo_1769@31-01-2026_12-44-13.jpg",
            "rtn_id": "1780",
            "name:fa": "رضا نوروزی",
            "sources": "https://t.me/RememberTheirNames/1877"
          },
          {
            "date": "1767889800",
            "image": "photos/photo_1595@29-01-2026_15-04-10.jpg",
            "rtn_id": "1606",
            "name:fa": "سعید حیدری",
            "sources": "https://t.me/RememberTheirNames/1692"
          },
          {
            "date": "1767976200",
            "image": "photos/photo_1596@29-01-2026_15-18-32.jpg",
            "rtn_id": "1607",
            "name:fa": "علیرضا صحت‌بخش (پیله‌رود)",
            "sources": "https://t.me/RememberTheirNames/1693"
          },
          {
            "date": "1767889800",
            "image": "photos/photo_1615@29-01-2026_18-20-15.jpg",
            "rtn_id": "1626",
            "name:fa": "سیاوش علیجانی",
            "sources": "https://t.me/RememberTheirNames/1712"
          },
          {
            "date": "1767889800",
            "image": "photos/photo_1678@30-01-2026_15-31-27.jpg",
            "rtn_id": "1689",
            "name:fa": "مهدی طلعتی",
            "sources": "https://t.me/RememberTheirNames/1777"
          },
          {
            "date": "1767889800",
            "image": "photos/photo_1759@31-01-2026_12-19-10.jpg",
            "rtn_id": "1770",
            "name:fa": "محمد یاراحمدی",
            "sources": "https://t.me/RememberTheirNames/1867"
          },
          {
            "date": "1767889800",
            "image": "photos/photo_1794@31-01-2026_17-57-13.jpg",
            "rtn_id": "1804",
            "name:fa": "مهدی رنجبری",
            "sources": "https://t.me/RememberTheirNames/1904"
          },
          {
            "date": "1767889800",
            "image": "photos/photo_1448@27-01-2026_22-34-39.jpg",
            "rtn_id": "1459",
            "name:fa": "صدرا سلطانی",
            "sources": "https://t.me/RememberTheirNames/1538"
          },
          {
            "date": "1767889800",
            "image": "photos/photo_1473@28-01-2026_00-17-48.jpg",
            "rtn_id": "1484",
            "name:fa": "مصطفی خداقلی",
            "sources": "https://t.me/RememberTheirNames/1564"
          },
          {
            "date": "1767976200",
            "image": "photos/photo_1540@28-01-2026_18-00-04.jpg",
            "rtn_id": "1551",
            "name:fa": "تینا نورعلی",
            "sources": "https://t.me/RememberTheirNames/1636"
          },
          {
            "date": "1767889800",
            "image": "photos/photo_1687@30-01-2026_16-15-48.jpg",
            "rtn_id": "1698",
            "name:fa": "سالار مقصودی",
            "sources": "https://t.me/RememberTheirNames/1788"
          },
          {
            "date": "1767889800",
            "image": "photos/photo_1774@31-01-2026_14-03-47.jpg",
            "rtn_id": "1785",
            "name:fa": "محمد طالبی طرقی",
            "sources": "https://t.me/RememberTheirNames/1882"
          },
          {
            "date": "1767889800",
            "image": "photos/photo_2030@03-02-2026_11-49-16.jpg",
            "rtn_id": "2044",
            "name:fa": "محمد قاسمی‌نیا",
            "sources": "https://t.me/RememberTheirNames/2157"
          },
          {
            "date": "1767889800",
            "image": "photos/photo_2044@03-02-2026_14-26-02.jpg",
            "rtn_id": "2058",
            "name:fa": "ایرج احمدی",
            "sources": "https://t.me/RememberTheirNames/2172"
          },
          {
            "date": "1767889800",
            "image": "photos/photo_2056@04-02-2026_02-35-41.jpg",
            "rtn_id": "2070",
            "name:fa": "محمدامین محبوبی",
            "sources": "https://t.me/RememberTheirNames/2184"
          },
          {
            "date": "1767889800",
            "image": "photos/photo_2249@06-02-2026_02-52-55.jpg",
            "rtn_id": "2263",
            "name:fa": "امیر خیرآبادی",
            "sources": "https://t.me/RememberTheirNames/2383"
          },
          {
            "date": "1767889800",
            "image": "photos/photo_2250@06-02-2026_02-54-04.jpg",
            "rtn_id": "2264",
            "name:fa": "علیرضا منقلبان دینی",
            "sources": "https://t.me/RememberTheirNames/2384"
          },
          {
            "date": "1767889800",
            "image": "photos/photo_1962@02-02-2026_10-37-42.jpg",
            "rtn_id": "1976",
            "name:fa": "صادق قربانی",
            "sources": "https://t.me/RememberTheirNames/2083"
          },
          {
            "date": "1767976200",
            "image": "photos/photo_2029@03-02-2026_11-34-58.jpg",
            "rtn_id": "2043",
            "name:fa": "خدیجه شرفلوی زاغه",
            "sources": "https://t.me/RememberTheirNames/2156"
          },
          {
            "date": "1767889800",
            "image": "photos/photo_2082@04-02-2026_07-06-35.jpg",
            "rtn_id": "2096",
            "name:fa": "احمدرضا خیری‌زاد",
            "sources": "https://t.me/RememberTheirNames/2211"
          },
          {
            "date": "1767889800",
            "image": "photos/photo_2259@06-02-2026_05-48-42.jpg",
            "rtn_id": "2274",
            "name:fa": "امیرحسین سرباز",
            "sources": "https://t.me/RememberTheirNames/2393"
          },
          {
            "date": "1767889800",
            "image": "photos/photo_2274@06-02-2026_10-27-51.jpg",
            "rtn_id": "2289",
            "name:fa": "مرتضی ستاری",
            "sources": "https://t.me/RememberTheirNames/2408"
          },
          {
            "date": "1767889800",
            "image": "photos/photo_2009@03-02-2026_06-56-57.jpg",
            "rtn_id": "2023",
            "name:fa": "نیما تاجیک",
            "sources": "https://t.me/RememberTheirNames/2133"
          },
          {
            "date": "1767889800",
            "image": "photos/photo_2035@03-02-2026_12-32-29.jpg",
            "rtn_id": "2049",
            "name:fa": "حسین بهشتی",
            "sources": "https://t.me/RememberTheirNames/2163"
          },
          {
            "date": "1767976200",
            "image": "photos/photo_1850@01-02-2026_09-27-45.jpg",
            "rtn_id": "1864",
            "name:fa": "سعید صادقی افجه",
            "sources": "https://t.me/RememberTheirNames/1963"
          },
          {
            "date": "1767889800",
            "image": "photos/photo_1861@01-02-2026_11-05-14.jpg",
            "rtn_id": "1875",
            "name:fa": "مجتبی دلاوری",
            "sources": "https://t.me/RememberTheirNames/1974"
          },
          {
            "date": "1767889800",
            "image": "photos/photo_1924@01-02-2026_17-50-40.jpg",
            "rtn_id": "1938",
            "name:fa": "پیمان دارنگ",
            "sources": "https://t.me/RememberTheirNames/2041"
          },
          {
            "date": "1767976200",
            "image": "photos/photo_2047@03-02-2026_14-49-59.jpg",
            "rtn_id": "2061",
            "name:fa": "مهدی کبوک",
            "sources": "https://t.me/RememberTheirNames/2175"
          },
          {
            "date": "1767889800",
            "image": "photos/photo_2051@03-02-2026_15-31-28.jpg",
            "rtn_id": "2065",
            "name:fa": "امیرمهدی خرسندی",
            "sources": "https://t.me/RememberTheirNames/2179"
          },
          {
            "date": "1767976200",
            "image": "photos/photo_2155@05-02-2026_05-19-47.jpg",
            "rtn_id": "2169",
            "name:fa": "ابوالقاسم غفاری",
            "sources": "https://t.me/RememberTheirNames/2287"
          },
          {
            "date": "1767889800",
            "image": "photos/photo_2200@05-02-2026_13-55-23.jpg",
            "rtn_id": "2214",
            "name:fa": "میلاد عبدالهی",
            "sources": "https://t.me/RememberTheirNames/2333"
          },
          {
            "date": "1767889800",
            "image": "photos/photo_1795@31-01-2026_10-14-55.jpg",
            "rtn_id": "1806",
            "name:fa": "سجاد گرجی",
            "sources": "https://t.me/RememberTheirNames/1906"
          },
          {
            "date": "1767889800",
            "image": "photos/photo_1803@31-01-2026_12-38-52.jpg",
            "rtn_id": "1814",
            "name:fa": "علی (فرزان) عرب",
            "sources": "https://t.me/RememberTheirNames/1915"
          },
          {
            "date": "1767976200",
            "image": "photos/photo_1823@31-01-2026_15-08-17.jpg",
            "rtn_id": "1835",
            "name:fa": "ابوالفضل (مجید) یوسف‌وند",
            "sources": "https://t.me/RememberTheirNames/1935"
          },
          {
            "date": "1767976200",
            "image": "photos/photo_1840@01-02-2026_06-01-30.jpg",
            "rtn_id": "1853",
            "name:fa": "محمد بوالحسنی",
            "sources": "https://t.me/RememberTheirNames/1952"
          },
          {
            "date": "1767889800",
            "image": "photos/photo_1855@01-02-2026_10-22-01.jpg",
            "rtn_id": "1869",
            "name:fa": "یسنا اسکندری",
            "sources": "https://t.me/RememberTheirNames/1968"
          },
          {
            "date": "1767889800",
            "image": "photos/photo_1869@01-02-2026_11-50-24.jpg",
            "rtn_id": "1883",
            "name:fa": "داوود آسبید",
            "sources": "https://t.me/RememberTheirNames/1982"
          },
          {
            "date": "1767889800",
            "image": "photos/photo_1883@01-02-2026_13-05-40.jpg",
            "rtn_id": "1897",
            "name:fa": "امید ملایی",
            "sources": "https://t.me/RememberTheirNames/1997"
          },
          {
            "date": "1767976200",
            "image": "photos/photo_1895@01-02-2026_14-57-32.jpg",
            "rtn_id": "1909",
            "name:fa": "امیرعلی شارعی",
            "sources": "https://t.me/RememberTheirNames/2011"
          },
          {
            "date": "1767889845-1768161645",
            "image": "photos/photo_1898@01-02-2026_15-04-22.jpg",
            "rtn_id": "1912",
            "name:fa": "حمیدرضا چراغی",
            "sources": "https://t.me/RememberTheirNames/2014"
          },
          {
            "date": "1767889845-1768161645",
            "image": "photos/photo_1899@01-02-2026_15-06-21.jpg",
            "rtn_id": "1913",
            "name:fa": "امیرحسین نوبخت",
            "sources": "https://t.me/RememberTheirNames/2015"
          },
          {
            "date": "1767889845-1768161645",
            "image": "photos/photo_1904@01-02-2026_15-28-32.jpg",
            "rtn_id": "1918",
            "name:fa": "احمدرضا زمانی",
            "sources": "https://t.me/RememberTheirNames/2021"
          },
          {
            "date": "1767889845-1768161645",
            "image": "photos/photo_1907@01-02-2026_15-45-55.jpg",
            "rtn_id": "1921",
            "name:fa": "مهرنوش اسفندیاری",
            "sources": "https://t.me/RememberTheirNames/2024"
          },
          {
            "date": "1767889800",
            "image": "photos/photo_1910@01-02-2026_15-57-53.jpg",
            "rtn_id": "1924",
            "name:fa": "ابوالفضل اسماعیلی فیجانی",
            "sources": "https://t.me/RememberTheirNames/2027"
          },
          {
            "date": "1767889800",
            "image": "photos/photo_1931@02-02-2026_00-58-14.jpg",
            "rtn_id": "1945",
            "name:fa": "هانی (رضا) گنجی",
            "sources": "https://t.me/RememberTheirNames/2049"
          },
          {
            "date": "1767976200",
            "image": "photos/photo_1943@02-02-2026_04-57-11.jpg",
            "rtn_id": "1957",
            "name:fa": "امیرحسین غیاث‌پور",
            "sources": "https://t.me/RememberTheirNames/2062"
          },
          {
            "date": "1767889845-1768161645",
            "image": "photos/photo_1944@02-02-2026_05-02-08.jpg",
            "rtn_id": "1958",
            "name:fa": "نیما خان‌احمدی",
            "sources": "https://t.me/RememberTheirNames/2063"
          },
          {
            "date": "1767889845-1768161645",
            "image": "photos/photo_1947@02-02-2026_05-55-20.jpg",
            "rtn_id": "1961",
            "name:fa": "آرتین خواجوی‌نیا",
            "sources": "https://t.me/RememberTheirNames/2067"
          },
          {
            "date": "1767976200",
            "image": "photos/photo_1952@02-02-2026_06-49-54.jpg",
            "rtn_id": "1966",
            "name:fa": "پوریا جعفری",
            "sources": "https://t.me/RememberTheirNames/2072"
          },
          {
            "date": "1767889800",
            "image": "photos/photo_1961@02-02-2026_09-12-24.jpg",
            "rtn_id": "1975",
            "name:fa": "سعید (امین) ناظرقمی",
            "sources": "https://t.me/RememberTheirNames/2082"
          },
          {
            "date": "1767889845-1768161645",
            "image": "photos/photo_1964@02-02-2026_10-59-28.jpg",
            "rtn_id": "1978",
            "name:fa": "مهدی اظهری",
            "sources": "https://t.me/RememberTheirNames/2085"
          },
          {
            "date": "1767976200",
            "image": "photos/photo_1971@02-02-2026_12-47-11.jpg",
            "rtn_id": "1985",
            "name:fa": "مینا امیرزاده",
            "sources": "https://t.me/RememberTheirNames/2093"
          },
          {
            "date": "1767889800",
            "image": "photos/photo_1973@02-02-2026_12-54-17.jpg",
            "rtn_id": "1987",
            "name:fa": "فرزین نوروزیان",
            "sources": "https://t.me/RememberTheirNames/2095"
          },
          {
            "date": "1767889845-1768161645",
            "image": "photos/photo_1975@02-02-2026_13-05-46.jpg",
            "rtn_id": "1989",
            "name:fa": "سمیه یوسفی",
            "sources": "https://t.me/RememberTheirNames/2097"
          },
          {
            "date": "1767889845-1768161645",
            "image": "photos/photo_1976@02-02-2026_13-08-27.jpg",
            "rtn_id": "1990",
            "name:fa": "مهدی کرمانی",
            "sources": "https://t.me/RememberTheirNames/2098"
          },
          {
            "date": "1767889800",
            "image": "photos/photo_1979@02-02-2026_13-48-14.jpg",
            "rtn_id": "1993",
            "name:fa": "نوشین برادران کرمانی",
            "sources": "https://t.me/RememberTheirNames/2101"
          },
          {
            "date": "1767889845-1768161645",
            "image": "photos/photo_1981@02-02-2026_14-01-26.jpg",
            "rtn_id": "1995",
            "name:fa": "حسن نصیری",
            "sources": "https://t.me/RememberTheirNames/2103"
          },
          {
            "date": "1767889845-1768161645",
            "image": "photos/photo_1986@02-02-2026_14-57-34.jpg",
            "rtn_id": "2000",
            "name:fa": "حسین صادقی صدر",
            "sources": "https://t.me/RememberTheirNames/2109"
          },
          {
            "date": "1767889800",
            "image": "photos/photo_1987@03-02-2026_02-30-03.jpg",
            "rtn_id": "2001",
            "name:fa": "حسام طبسی",
            "sources": "https://t.me/RememberTheirNames/2110"
          },
          {
            "date": "1767889800",
            "image": "photos/photo_1991@03-02-2026_03-49-49.jpg",
            "rtn_id": "2005",
            "name:fa": "آرش احمدوند",
            "sources": "https://t.me/RememberTheirNames/2114"
          },
          {
            "date": "1767889800",
            "image": "photos/photo_2015@03-02-2026_08-54-18.jpg",
            "rtn_id": "2029",
            "name:fa": "علی جزایری",
            "sources": "https://t.me/RememberTheirNames/2141"
          },
          {
            "date": "1767976200",
            "image": "photos/photo_2016@03-02-2026_09-00-04.jpg",
            "rtn_id": "2030",
            "name:fa": "مرتضی همدانی",
            "sources": "https://t.me/RememberTheirNames/2142"
          },
          {
            "date": "1767889800",
            "image": "photos/photo_2033@03-02-2026_12-22-02.jpg",
            "rtn_id": "2047",
            "name:fa": "امیرمهدی رازگردانی",
            "sources": "https://t.me/RememberTheirNames/2160"
          },
          {
            "date": "1767976200",
            "image": "photos/photo_2058@04-02-2026_02-43-35.jpg",
            "rtn_id": "2072",
            "name:fa": "علی‌اصغر امیری یزنی",
            "sources": "https://t.me/RememberTheirNames/2186"
          },
          {
            "date": "1767889845-1768161645",
            "image": "photos/photo_2060@04-02-2026_03-06-32.jpg",
            "rtn_id": "2074",
            "name:fa": "مهدی قاسمی دیجوجین",
            "sources": "https://t.me/RememberTheirNames/2188"
          },
          {
            "date": "1767889800",
            "image": "photos/photo_2079@04-02-2026_06-55-05.jpg",
            "rtn_id": "2093",
            "name:fa": "مهدی سیفی‌آذر",
            "sources": "https://t.me/RememberTheirNames/2208"
          },
          {
            "date": "1767976200",
            "image": "photos/photo_2084@04-02-2026_07-16-26.jpg",
            "rtn_id": "2098",
            "name:fa": "امیر جانقلی",
            "sources": "https://t.me/RememberTheirNames/2213"
          },
          {
            "date": "1767889845-1768161645",
            "image": "photos/photo_2089@04-02-2026_11-12-42.jpg",
            "rtn_id": "2103",
            "name:fa": "حجت‌الله فیروزی",
            "sources": "https://t.me/RememberTheirNames/2218"
          },
          {
            "date": "1767889845-1768161645",
            "image": "photos/photo_2117@04-02-2026_15-03-00.jpg",
            "rtn_id": "2131",
            "name:fa": "اصغر ولایتی رازلیقی",
            "sources": "https://t.me/RememberTheirNames/2248"
          },
          {
            "date": "1767889800",
            "image": "photos/photo_2124@04-02-2026_15-48-09.jpg",
            "rtn_id": "2138",
            "name:fa": "غلامرضا یوسفی",
            "sources": "https://t.me/RememberTheirNames/2255"
          },
          {
            "date": "1767889845-1768161645",
            "image": "photos/photo_2133@04-02-2026_16-29-09.jpg",
            "rtn_id": "2147",
            "name:fa": "محمدابراهیم بختیاری",
            "sources": "https://t.me/RememberTheirNames/2264"
          },
          {
            "date": "1767889845-1768161645",
            "image": "photos/photo_2137@04-02-2026_16-47-58.jpg",
            "rtn_id": "2151",
            "name:fa": "سعید هاشمیان",
            "sources": "https://t.me/RememberTheirNames/2269"
          },
          {
            "date": "1767889845-1768161645",
            "image": "photos/photo_2140@05-02-2026_03-52-52.jpg",
            "rtn_id": "2154",
            "name:fa": "مجید سلیمان‌نژاد",
            "sources": "https://t.me/RememberTheirNames/2272"
          },
          {
            "date": "1767889845-1768161645",
            "image": "photos/photo_2152@05-02-2026_04-48-47.jpg",
            "rtn_id": "2166",
            "name:fa": "رضا وزیری",
            "sources": "https://t.me/RememberTheirNames/2284"
          },
          {
            "date": "1767889845-1768161645",
            "image": "photos/photo_2165@05-02-2026_07-00-21.jpg",
            "rtn_id": "2179",
            "name:fa": "پرهام عاصی لاله‌دشتی",
            "sources": "https://t.me/RememberTheirNames/2297"
          },
          {
            "date": "1767889800",
            "image": "photos/photo_2168@05-02-2026_07-40-15.jpg",
            "rtn_id": "2182",
            "name:fa": "امیرحسین نیکدل",
            "sources": "https://t.me/RememberTheirNames/2300"
          },
          {
            "date": "1767889800",
            "image": "photos/photo_2171@05-02-2026_07-48-55.jpg",
            "rtn_id": "2185",
            "name:fa": "ابوالفضل تک پازوکی",
            "sources": "https://t.me/RememberTheirNames/2303"
          },
          {
            "date": "1767889800",
            "image": "photos/photo_2186@05-02-2026_09-11-17.jpg",
            "rtn_id": "2200",
            "name:fa": "علیرضا نوباغی",
            "sources": "https://t.me/RememberTheirNames/2318"
          },
          {
            "date": "1767889845-1768161645",
            "image": "photos/photo_2188@05-02-2026_10-11-02.jpg",
            "rtn_id": "2202",
            "name:fa": "پوریا جوادی",
            "sources": "https://t.me/RememberTheirNames/2320"
          },
          {
            "date": "1767889845-1768161645",
            "image": "photos/photo_2190@05-02-2026_10-31-11.jpg",
            "rtn_id": "2204",
            "name:fa": "هومن بشکوفه",
            "sources": "https://t.me/RememberTheirNames/2322"
          },
          {
            "date": "1767889800",
            "image": "photos/photo_2199@05-02-2026_13-35-38.jpg",
            "rtn_id": "2213",
            "name:fa": "مهدی رحمتی",
            "sources": "https://t.me/RememberTheirNames/2332"
          },
          {
            "date": "1767889845-1768161645",
            "image": "photos/photo_2218@05-02-2026_15-19-43.jpg",
            "rtn_id": "2232",
            "name:fa": "امیرمحمد بلوریان",
            "sources": "https://t.me/RememberTheirNames/2351"
          },
          {
            "date": "1767889845-1768161645",
            "image": "photos/photo_2233@05-02-2026_16-43-24.jpg",
            "rtn_id": "2247",
            "name:fa": "حسن ملکی",
            "sources": "https://t.me/RememberTheirNames/2366"
          },
          {
            "date": "1767889845-1768161645",
            "image": "photos/photo_2237@05-02-2026_17-06-49.jpg",
            "rtn_id": "2251",
            "name:fa": "امیر صادقی بجنوردی",
            "sources": "https://t.me/RememberTheirNames/2370"
          },
          {
            "date": "1767889800",
            "image": "photos/photo_2238@05-02-2026_17-09-22.jpg",
            "rtn_id": "2252",
            "name:fa": "مهدی پورحاج‌باقر",
            "sources": "https://t.me/RememberTheirNames/2371"
          },
          {
            "date": "1767889845-1768161645",
            "image": "photos/photo_2239@05-02-2026_17-16-41.jpg",
            "rtn_id": "2253",
            "name:fa": "محمد جمشیدی",
            "sources": "https://t.me/RememberTheirNames/2372"
          },
          {
            "date": "1767976200",
            "image": "photos/photo_2255@06-02-2026_03-32-15.jpg",
            "rtn_id": "2270",
            "name:fa": "زهره خاکسار",
            "sources": "https://t.me/RememberTheirNames/2389"
          },
          {
            "date": "1767889845-1768161645",
            "image": "photos/photo_2261@06-02-2026_06-05-11.jpg",
            "rtn_id": "2276",
            "name:fa": "امیرعلی (ابوذر) اسدی",
            "sources": "https://t.me/RememberTheirNames/2395"
          },
          {
            "date": "1767889845-1768161645",
            "image": "photos/photo_2264@06-02-2026_06-28-38.jpg",
            "rtn_id": "2279",
            "name:fa": "امیرمحمد ترک ارزانفود",
            "sources": "https://t.me/RememberTheirNames/2398"
          },
          {
            "date": "1767889800",
            "image": "photos/photo_2275@06-02-2026_10-31-34.jpg",
            "rtn_id": "2290",
            "name:fa": "مصطفی لطفی",
            "sources": "https://t.me/RememberTheirNames/2409"
          },
          {
            "date": "1767889800",
            "image": "photos/photo_2280@06-02-2026_10-59-27.jpg",
            "rtn_id": "2295",
            "name:fa": "علی منوچهر‌آبادی",
            "sources": "https://t.me/RememberTheirNames/2414"
          },
          {
            "date": "1767889800",
            "image": "photos/photo_1940@02-02-2026_03-49-07.jpg",
            "rtn_id": "1954",
            "name:fa": "ماهان صادقی",
            "sources": "https://t.me/RememberTheirNames/2059"
          },
          {
            "date": "1767889800",
            "image": "photos/photo_1797@31-01-2026_10-27-23.jpg",
            "rtn_id": "1808",
            "name:fa": "محمد خضری",
            "sources": "https://t.me/RememberTheirNames/1908"
          },
          {
            "date": "1767889800",
            "image": "photos/photo_1799@31-01-2026_10-45-32.jpg",
            "rtn_id": "1810",
            "name:fa": "میلاد دین‌محمدی",
            "sources": "https://t.me/RememberTheirNames/1911"
          },
          {
            "date": "1767889800",
            "image": "photos/photo_1955@02-02-2026_07-04-03.jpg",
            "rtn_id": "1969",
            "name:fa": "امیرحسین ایزدی طامه",
            "sources": "https://t.me/RememberTheirNames/2075"
          },
          {
            "date": "1767889800",
            "image": "photos/photo_2020@03-02-2026_10-04-07.jpg",
            "rtn_id": "2034",
            "name:fa": "مهدی نجف‌لو",
            "sources": "https://t.me/RememberTheirNames/2146"
          },
          {
            "date": "1767976200",
            "image": "photos/photo_2145@05-02-2026_04-25-01.jpg",
            "rtn_id": "2159",
            "name:fa": "علی یغمورلو",
            "sources": "https://t.me/RememberTheirNames/2277"
          },
          {
            "date": "1767976200",
            "image": "photos/photo_2265@06-02-2026_06-37-46.jpg",
            "rtn_id": "2280",
            "name:fa": "مرتضی خمسه",
            "sources": "https://t.me/RememberTheirNames/2399"
          },
          {
            "date": "1767976200",
            "image": "photos/photo_2270@06-02-2026_07-37-58.jpg",
            "rtn_id": "2285",
            "name:fa": "میلاد شیدایی (شیداگماسایی)",
            "sources": "https://t.me/RememberTheirNames/2404"
          },
          {
            "date": "1767889800",
            "image": "photos/photo_1804@31-01-2026_12-42-21.jpg",
            "rtn_id": "1815",
            "name:fa": "محسن سهرابی",
            "sources": "https://t.me/RememberTheirNames/1916"
          },
          {
            "date": "1768062600",
            "image": "photos/photo_1905@01-02-2026_15-31-31.jpg",
            "rtn_id": "1919",
            "name:fa": "منیژه فهیمی",
            "sources": "https://t.me/RememberTheirNames/2022"
          },
          {
            "date": "1767889800",
            "image": "photos/photo_1810@31-01-2026_13-40-21.jpg",
            "rtn_id": "1821",
            "name:fa": "محمدمهدی نوری",
            "sources": "https://t.me/RememberTheirNames/1922"
          },
          {
            "date": "1767889800",
            "image": "photos/photo_2231@05-02-2026_16-15-02.jpg",
            "rtn_id": "2245",
            "name:fa": "سهیل حبیبی",
            "sources": "https://t.me/RememberTheirNames/2364"
          },
          {
            "date": "1767889800",
            "image": "photos/photo_1851@01-02-2026_09-36-07.jpg",
            "rtn_id": "1865",
            "name:fa": "فاطمه اعزازی",
            "sources": "https://t.me/RememberTheirNames/1964"
          },
          {
            "date": "1767889800",
            "image": "photos/photo_1882@01-02-2026_13-02-42.jpg",
            "rtn_id": "1896",
            "name:fa": "مهدی سپهران",
            "sources": "https://t.me/RememberTheirNames/1996"
          },
          {
            "date": "1767889800",
            "image": "photos/photo_1888@01-02-2026_13-45-47.jpg",
            "rtn_id": "1902",
            "name:fa": "محمد سیف‌الله‌پور",
            "sources": "https://t.me/RememberTheirNames/2004"
          },
          {
            "date": "1767889800",
            "image": "photos/photo_1911@01-02-2026_16-03-42.jpg",
            "rtn_id": "1925",
            "name:fa": "حامد فخرایی",
            "sources": "https://t.me/RememberTheirNames/2028"
          },
          {
            "date": "1767976200",
            "image": "photos/photo_1923@01-02-2026_16-35-46.jpg",
            "rtn_id": "1937",
            "name:fa": "وحید اقبالی",
            "sources": "https://t.me/RememberTheirNames/2040"
          },
          {
            "date": "1767976200",
            "image": "photos/photo_1926@01-02-2026_17-58-25.jpg",
            "rtn_id": "1940",
            "name:fa": "محمد گلریز",
            "sources": "https://t.me/RememberTheirNames/2043"
          },
          {
            "date": "1767889800",
            "image": "photos/photo_1972@02-02-2026_12-49-03.jpg",
            "rtn_id": "1986",
            "name:fa": "حسن (یاسین) سهرابی",
            "sources": "https://t.me/RememberTheirNames/2094"
          },
          {
            "date": "1767889800",
            "image": "photos/photo_1985@02-02-2026_14-25-29.jpg",
            "rtn_id": "1999",
            "name:fa": "امیر گودرزی",
            "sources": "https://t.me/RememberTheirNames/2108"
          },
          {
            "date": "1767889800",
            "image": "photos/photo_2005@03-02-2026_06-14-51.jpg",
            "rtn_id": "2019",
            "name:fa": "امیرحسین بیاتانی",
            "sources": "https://t.me/RememberTheirNames/2129"
          },
          {
            "date": "1767889800",
            "image": "photos/photo_2154@05-02-2026_05-16-41.jpg",
            "rtn_id": "2168",
            "name:fa": "یونس وحیدی",
            "sources": "https://t.me/RememberTheirNames/2286"
          },
          {
            "date": "1767976200",
            "image": "photos/photo_2198@05-02-2026_13-25-09.jpg",
            "rtn_id": "2212",
            "name:fa": "علی نادری",
            "sources": "https://t.me/RememberTheirNames/2331"
          },
          {
            "date": "1767889800",
            "image": "photos/photo_2204@05-02-2026_14-11-01.jpg",
            "rtn_id": "2218",
            "name:fa": "مرتضی حسینی",
            "sources": "https://t.me/RememberTheirNames/2337"
          },
          {
            "date": "1767976200",
            "image": "photos/photo_2215@05-02-2026_14-57-00.jpg",
            "rtn_id": "2229",
            "name:fa": "جواد آقامحمدی",
            "sources": "https://t.me/RememberTheirNames/2348"
          },
          {
            "date": "1767889800",
            "image": "photos/photo_2229@05-02-2026_16-00-48.jpg",
            "rtn_id": "2243",
            "name:fa": "علی امیراصلانی",
            "sources": "https://t.me/RememberTheirNames/2362"
          },
          {
            "date": "1767889800",
            "image": "photos/photo_2234@05-02-2026_16-44-59.jpg",
            "rtn_id": "2248",
            "name:fa": "علیرضا عروجی",
            "sources": "https://t.me/RememberTheirNames/2367"
          },
          {
            "date": "1767976200",
            "image": "photos/photo_1894@01-02-2026_14-55-33.jpg",
            "rtn_id": "1908",
            "name:fa": "مریم محمدظاهری",
            "sources": "https://t.me/RememberTheirNames/2010"
          },
          {
            "date": "1767889845-1768161645",
            "image": "photos/photo_2294@06-02-2026_11-53-12.jpg",
            "rtn_id": "2309",
            "name:fa": "تورج خدایی",
            "sources": "https://t.me/RememberTheirNames/2430"
          },
          {
            "date": "1767889800",
            "image": "photos/photo_2301@06-02-2026_12-31-17.jpg",
            "rtn_id": "2316",
            "name:fa": "جلال مشهدی‌محمد",
            "sources": "https://t.me/RememberTheirNames/2437"
          },
          {
            "date": "1767889800",
            "image": "photos/photo_2306@06-02-2026_12-44-04.jpg",
            "rtn_id": "2321",
            "name:fa": "حجت طاهرنژاد",
            "sources": "https://t.me/RememberTheirNames/2442"
          },
          {
            "date": "1767889800",
            "image": "photos/photo_2312@06-02-2026_14-13-20.jpg",
            "rtn_id": "2327",
            "name:fa": "شایان صالحی",
            "sources": "https://t.me/RememberTheirNames/2449"
          },
          {
            "date": "1767889800",
            "image": "photos/photo_2318@06-02-2026_15-49-03.jpg",
            "rtn_id": "2333",
            "name:fa": "محسن شاه‌محمدی",
            "sources": "https://t.me/RememberTheirNames/2455"
          },
          {
            "date": "1767976200",
            "image": "photos/photo_2321@06-02-2026_17-02-35.jpg",
            "rtn_id": "2336",
            "name:fa": "علی نجاری",
            "sources": "https://t.me/RememberTheirNames/2458"
          },
          {
            "date": "1767889845-1768161645",
            "image": "photos/photo_2322@07-02-2026_02-23-35.jpg",
            "rtn_id": "2337",
            "name:fa": "دانیال داداشیار رازلیقی",
            "sources": "https://t.me/RememberTheirNames/2459"
          },
          {
            "date": "1767889845-1768161645",
            "image": "photos/photo_2336@07-02-2026_04-57-09.jpg",
            "rtn_id": "2351",
            "name:fa": "سیامک ناجی رنجبران‌پور",
            "sources": "https://t.me/RememberTheirNames/2473"
          },
          {
            "date": "1767889845-1768161645",
            "image": "photos/photo_2342@07-02-2026_07-58-39.jpg",
            "rtn_id": "2357",
            "name:fa": "علیرضا خوارزمی",
            "sources": "https://t.me/RememberTheirNames/2479"
          },
          {
            "date": "1767976200",
            "image": "photos/photo_2349@07-02-2026_08-55-48.jpg",
            "rtn_id": "2364",
            "name:fa": "رضا حسن‌زاده",
            "sources": "https://t.me/RememberTheirNames/2487"
          },
          {
            "date": "1767976200",
            "image": "photos/photo_2357@07-02-2026_14-09-59.jpg",
            "rtn_id": "2372",
            "name:fa": "سارا ابراهیمی",
            "sources": "https://t.me/RememberTheirNames/2495"
          },
          {
            "date": "1767889800",
            "image": "photos/photo_2359@07-02-2026_14-37-15.jpg",
            "rtn_id": "2374",
            "name:fa": "رامین شاهی ‌شاه‌نشین",
            "sources": "https://t.me/RememberTheirNames/2497"
          },
          {
            "date": "1767976200",
            "image": "photos/photo_2362@07-02-2026_15-34-50.jpg",
            "rtn_id": "2377",
            "name:fa": "پرستو نام‌آور",
            "sources": "https://t.me/RememberTheirNames/2500"
          },
          {
            "date": "1767889800",
            "image": "photos/photo_2364@07-02-2026_15-44-19.jpg",
            "rtn_id": "2379",
            "name:fa": "میلاد ابراهیمی‌نژاد",
            "sources": "https://t.me/RememberTheirNames/2502"
          },
          {
            "date": "1767889845-1768161645",
            "image": "photos/photo_2367@08-02-2026_03-12-19.jpg",
            "rtn_id": "2382",
            "name:fa": "محمد فروزان‌تبار",
            "sources": "https://t.me/RememberTheirNames/2505"
          },
          {
            "date": "1767889845-1768161645",
            "image": "photos/photo_2370@08-02-2026_03-33-24.jpg",
            "rtn_id": "2385",
            "name:fa": "جهاندار ناظری",
            "sources": "https://t.me/RememberTheirNames/2510"
          },
          {
            "date": "1767889845-1768161645",
            "image": "photos/photo_2374@08-02-2026_04-03-05.jpg",
            "rtn_id": "2389",
            "name:fa": "حمیدرضا مجیدی",
            "sources": "https://t.me/RememberTheirNames/2515"
          },
          {
            "date": "1767889845-1768161645",
            "image": "photos/photo_2400@08-02-2026_07-06-53.jpg",
            "rtn_id": "2415",
            "name:fa": "عماد امیرپور",
            "sources": "https://t.me/RememberTheirNames/2541"
          },
          {
            "date": "1767889800",
            "image": "photos/photo_2438@08-02-2026_10-42-26.jpg",
            "rtn_id": "2453",
            "name:fa": "محمدحسین پایدار حسینی",
            "sources": "https://t.me/RememberTheirNames/2581"
          },
          {
            "date": "1767976200",
            "image": "photos/photo_2439@08-02-2026_11-29-27.jpg",
            "rtn_id": "2454",
            "name:fa": "آرش آقاعلی ۱۳ ساله",
            "sources": "https://t.me/RememberTheirNames/2582"
          },
          {
            "date": "1767889845-1768161645",
            "image": "photos/photo_2444@08-02-2026_13-20-53.jpg",
            "rtn_id": "2459",
            "name:fa": "علی معظمی گودرزی",
            "sources": "https://t.me/RememberTheirNames/2589"
          },
          {
            "date": "1767889845-1768161645",
            "image": "photos/photo_2478@09-02-2026_05-42-46.jpg",
            "rtn_id": "2493",
            "name:fa": "سعید اسکندری",
            "sources": "https://t.me/RememberTheirNames/2623"
          },
          {
            "date": "1767976200",
            "image": "photos/photo_2486@09-02-2026_06-27-58.jpg",
            "rtn_id": "2501",
            "name:fa": "عباس بابانژاد",
            "sources": "https://t.me/RememberTheirNames/2631"
          },
          {
            "date": "1767889845-1768161645",
            "image": "photos/photo_2489@09-02-2026_06-43-50.jpg",
            "rtn_id": "2504",
            "name:fa": "علیرضا ارغوانی",
            "sources": "https://t.me/RememberTheirNames/2634"
          },
          {
            "date": "1767889845-1768161645",
            "image": "photos/photo_2490@09-02-2026_06-46-09.jpg",
            "rtn_id": "2505",
            "name:fa": "علی لیاقی",
            "sources": "https://t.me/RememberTheirNames/2635"
          },
          {
            "date": "1767976200",
            "image": "photos/photo_2491@09-02-2026_06-53-20.jpg",
            "rtn_id": "2506",
            "name:fa": "صادق پرورش",
            "sources": "https://t.me/RememberTheirNames/2636"
          },
          {
            "date": "1767889800",
            "image": "photos/photo_2504@09-02-2026_09-39-12.jpg",
            "rtn_id": "2519",
            "name:fa": "امیرمحمد صفری ۱۵ساله",
            "sources": "https://t.me/RememberTheirNames/2650"
          },
          {
            "date": "1767889845-1768161645",
            "image": "photos/photo_2514@09-02-2026_12-52-51.jpg",
            "rtn_id": "2529",
            "name:fa": "امیرحسین راستینه",
            "sources": "https://t.me/RememberTheirNames/2660"
          },
          {
            "date": "1767889800",
            "image": "photos/photo_2517@09-02-2026_13-09-35.jpg",
            "rtn_id": "2532",
            "name:fa": "حمید حاتمی مجدپیشی",
            "sources": "https://t.me/RememberTheirNames/2663"
          },
          {
            "date": "1767889845-1768161645",
            "image": "photos/photo_2521@09-02-2026_13-30-31.jpg",
            "rtn_id": "2536",
            "name:fa": "محسن جهاندیده",
            "sources": "https://t.me/RememberTheirNames/2667"
          },
          {
            "date": "1767976200",
            "image": "photos/photo_2531@09-02-2026_16-01-20.jpg",
            "rtn_id": "2546",
            "name:fa": "رضوان عبدی",
            "sources": "https://t.me/RememberTheirNames/2686"
          },
          {
            "date": "1767889800",
            "image": "photos/photo_2556@10-02-2026_06-18-30.jpg",
            "rtn_id": "2571",
            "name:fa": "مالک صادقی",
            "sources": "https://t.me/RememberTheirNames/2713"
          },
          {
            "date": "1767889800",
            "image": "photos/photo_2558@10-02-2026_06-45-26.jpg",
            "rtn_id": "2573",
            "name:fa": "رسول توانای تنیانی",
            "sources": "https://t.me/RememberTheirNames/2715"
          },
          {
            "date": "1767889800",
            "image": "photos/photo_2565@10-02-2026_08-55-51.jpg",
            "rtn_id": "2580",
            "name:fa": "محمود آدینه",
            "sources": "https://t.me/RememberTheirNames/2722"
          },
          {
            "date": "1767889800",
            "image": "photos/photo_2575@10-02-2026_15-37-22.jpg",
            "rtn_id": "2590",
            "name:fa": "عباس مرادی",
            "sources": "https://t.me/RememberTheirNames/2732"
          },
          {
            "date": "1767889845-1768161645",
            "image": "photos/photo_2600@11-02-2026_07-16-19.jpg",
            "rtn_id": "2615",
            "name:fa": "میثم بابایی",
            "sources": "https://t.me/RememberTheirNames/2758"
          },
          {
            "date": "1767889845-1768161645",
            "image": "photos/photo_2612@11-02-2026_10-52-01.jpg",
            "rtn_id": "2627",
            "name:fa": "علی انصاری‌فر",
            "sources": "https://t.me/RememberTheirNames/2773"
          },
          {
            "date": "1767889845-1768161645",
            "image": "photos/photo_2615@11-02-2026_12-05-50.jpg",
            "rtn_id": "2630",
            "name:fa": "یوسف محمدعلیزاده",
            "sources": "https://t.me/RememberTheirNames/2777"
          },
          {
            "date": "1767889800",
            "image": "photos/photo_2616@11-02-2026_12-08-02.jpg",
            "rtn_id": "2631",
            "name:fa": "امیر محمدزاده",
            "sources": "https://t.me/RememberTheirNames/2778"
          },
          {
            "date": "1767889845-1768161645",
            "image": "photos/photo_2617@11-02-2026_12-09-53.jpg",
            "rtn_id": "2632",
            "name:fa": "محمد رستمی",
            "sources": "https://t.me/RememberTheirNames/2779"
          },
          {
            "date": "1767889800",
            "image": "photos/photo_2618@11-02-2026_12-20-44.jpg",
            "rtn_id": "2633",
            "name:fa": "محمد محی‌الدین حکمتی",
            "sources": "https://t.me/RememberTheirNames/2780"
          },
          {
            "date": "1767976200",
            "image": "photos/photo_2619@11-02-2026_12-41-17.jpg",
            "rtn_id": "2634",
            "name:fa": "محمدجواد مقدسی",
            "sources": "https://t.me/RememberTheirNames/2781"
          },
          {
            "date": "1767889800",
            "image": "photos/photo_2622@11-02-2026_13-54-00.jpg",
            "rtn_id": "2637",
            "name:fa": "مرتضی پاکزاد",
            "sources": "https://t.me/RememberTheirNames/2784"
          },
          {
            "date": "1767889800",
            "image": "photos/photo_2624@11-02-2026_14-36-25.jpg",
            "rtn_id": "2639",
            "name:fa": "سعیده فرهادی",
            "sources": "https://t.me/RememberTheirNames/2786"
          },
          {
            "date": "1767889800",
            "image": "photos/photo_2630@12-02-2026_02-23-55.jpg",
            "rtn_id": "2645",
            "name:fa": "جواد قربانی",
            "sources": "https://t.me/RememberTheirNames/2792"
          },
          {
            "date": "1767976200",
            "image": "photos/photo_2645@12-02-2026_15-26-12.jpg",
            "rtn_id": "2660",
            "name:fa": "فتحیه پیوندکرمانی",
            "sources": "https://t.me/RememberTheirNames/2807"
          },
          {
            "date": "1767889845-1768161645",
            "image": "photos/photo_2647@12-02-2026_16-15-00.jpg",
            "rtn_id": "2662",
            "name:fa": "امیرحسین کارگران ۱۷ساله",
            "sources": "https://t.me/RememberTheirNames/2809"
          },
          {
            "date": "1767889800",
            "image": "photos/photo_2295@06-02-2026_11-55-52.jpg",
            "rtn_id": "2310",
            "name:fa": "شایان حدادی",
            "sources": "https://t.me/RememberTheirNames/2431"
          },
          {
            "date": "1767889800",
            "image": "photos/photo_2378@08-02-2026_04-26-22.jpg",
            "rtn_id": "2393",
            "name:fa": "دانیال زارعی",
            "sources": "https://t.me/RememberTheirNames/2519"
          },
          {
            "date": "1767889800",
            "image": "photos/photo_2507@09-02-2026_11-52-44.jpg",
            "rtn_id": "2522",
            "name:fa": "آرش رحیمی",
            "sources": "https://t.me/RememberTheirNames/2653"
          },
          {
            "date": "1767976200",
            "image": "photos/photo_2310@06-02-2026_13-29-46.jpg",
            "rtn_id": "2325",
            "name:fa": "مظفر شادمهر",
            "sources": "https://t.me/RememberTheirNames/2447"
          },
          {
            "date": "1767889800",
            "image": "photos/photo_2427@08-02-2026_09-32-33.jpg",
            "rtn_id": "2442",
            "name:fa": "وحید فیروزی",
            "sources": "https://t.me/RememberTheirNames/2570"
          },
          {
            "date": "1767976200",
            "image": "photos/photo_2473@09-02-2026_03-13-17.jpg",
            "rtn_id": "2488",
            "name:fa": "میلاد شاهی",
            "sources": "https://t.me/RememberTheirNames/2618"
          },
          {
            "date": "1767889800",
            "image": "photos/photo_2569@10-02-2026_11-39-09.jpg",
            "rtn_id": "2584",
            "name:fa": "مهدی زمانی",
            "sources": "https://t.me/RememberTheirNames/2726"
          },
          {
            "date": "1767889800",
            "image": "photos/photo_2646@12-02-2026_15-39-46.jpg",
            "rtn_id": "2661",
            "name:fa": "مجتبی عاشقی",
            "sources": "https://t.me/RememberTheirNames/2808"
          },
          {
            "date": "1767889800",
            "image": "photos/photo_2311@06-02-2026_13-41-04.jpg",
            "rtn_id": "2326",
            "name:fa": "رضا اسدی",
            "sources": "https://t.me/RememberTheirNames/2448"
          },
          {
            "date": "1767976200",
            "image": "photos/photo_2327@07-02-2026_02-57-34.jpg",
            "rtn_id": "2342",
            "name:fa": "حسین جباری",
            "sources": "https://t.me/RememberTheirNames/2464"
          },
          {
            "date": "1768062600",
            "image": "photos/photo_2343@07-02-2026_08-06-04.jpg",
            "rtn_id": "2358",
            "name:fa": "وحید زندیه",
            "sources": "https://t.me/RememberTheirNames/2480"
          },
          {
            "date": "1767889800",
            "image": "photos/photo_2391@08-02-2026_06-35-34.jpg",
            "rtn_id": "2406",
            "name:fa": "جعفر قدیمی",
            "sources": "https://t.me/RememberTheirNames/2532"
          },
          {
            "date": "1767889800",
            "image": "photos/photo_2424@08-02-2026_09-22-38.jpg",
            "rtn_id": "2439",
            "name:fa": "احمد ولی‌پور",
            "sources": "https://t.me/RememberTheirNames/2566"
          },
          {
            "date": "1767889800",
            "image": "photos/photo_2453@08-02-2026_14-28-56.jpg",
            "rtn_id": "2468",
            "name:fa": "امیرحسین قربانی",
            "sources": "https://t.me/RememberTheirNames/2598"
          },
          {
            "date": "1767889800",
            "image": "photos/photo_2620@11-02-2026_12-45-41.jpg",
            "rtn_id": "2635",
            "name:fa": "علی لطیفیان",
            "sources": "https://t.me/RememberTheirNames/2782"
          },
          {
            "date": "1767976200",
            "image": "photos/photo_2345@07-02-2026_08-22-01.jpg",
            "rtn_id": "2360",
            "name:fa": "علی عبداللهی اصل",
            "sources": "https://t.me/RememberTheirNames/2482"
          },
          {
            "date": "1767889800",
            "image": "photos/photo_2457@08-02-2026_16-36-03.jpg",
            "rtn_id": "2472",
            "name:fa": "محمدرضا احمدی",
            "sources": "https://t.me/RememberTheirNames/2602"
          },
          {
            "date": "1767889800",
            "image": "photos/photo_2358@07-02-2026_14-27-21.jpg",
            "rtn_id": "2373",
            "name:fa": "سعید نجفی",
            "sources": "https://t.me/RememberTheirNames/2496"
          },
          {
            "date": "1767976200",
            "image": "photos/photo_2404@08-02-2026_07-24-27.jpg",
            "rtn_id": "2419",
            "name:fa": "محمود فعله‌گری",
            "sources": "https://t.me/RememberTheirNames/2545"
          },
          {
            "date": "1767889800",
            "image": "photos/photo_2414@08-02-2026_07-50-18.jpg",
            "rtn_id": "2429",
            "name:fa": "علی علایی کاشانی",
            "sources": "https://t.me/RememberTheirNames/2555"
          },
          {
            "date": "1767889800",
            "image": "photos/photo_2436@08-02-2026_10-16-04.jpg",
            "rtn_id": "2451",
            "name:fa": "حمیدرضا لطیفیان",
            "sources": "https://t.me/RememberTheirNames/2579"
          },
          {
            "date": "1767889800",
            "image": "photos/photo_2463@08-02-2026_17-12-50.jpg",
            "rtn_id": "2478",
            "name:fa": "امید عباسی",
            "sources": "https://t.me/RememberTheirNames/2608"
          },
          {
            "date": "1767976200",
            "image": "photos/photo_2549@10-02-2026_04-56-40.jpg",
            "rtn_id": "2564",
            "name:fa": "محمدحسین بقرایی",
            "sources": "https://t.me/RememberTheirNames/2705"
          },
          {
            "date": "1767976200",
            "image": "photos/photo_2361@07-02-2026_14-46-56.jpg",
            "rtn_id": "2376",
            "name:fa": "حمیدرضا نجاری",
            "sources": "https://t.me/RememberTheirNames/2499"
          },
          {
            "date": "1767976200",
            "image": "photos/photo_2363@07-02-2026_15-40-02.jpg",
            "rtn_id": "2378",
            "name:fa": "امیر صفری",
            "sources": "https://t.me/RememberTheirNames/2501"
          },
          {
            "date": "1767889800",
            "image": "photos/photo_2530@09-02-2026_15-53-17.jpg",
            "rtn_id": "2545",
            "name:fa": "علی‌اشرف پرتوی",
            "sources": "https://t.me/RememberTheirNames/2685"
          },
          {
            "date": "1767889800",
            "image": "photos/photo_2597@11-02-2026_06-55-31.jpg",
            "rtn_id": "2612",
            "name:fa": "مهدی محرابی",
            "sources": "https://t.me/RememberTheirNames/2755"
          },
          {
            "date": "1767976200",
            "image": "photos/photo_2365@07-02-2026_16-04-09.jpg",
            "rtn_id": "2380",
            "name:fa": "امیررضا موحدی",
            "sources": "https://t.me/RememberTheirNames/2503"
          },
          {
            "date": "1767889800",
            "image": "photos/photo_2368@08-02-2026_03-26-43.jpg",
            "rtn_id": "2383",
            "name:fa": "شهاب سامنی",
            "sources": "https://t.me/RememberTheirNames/2506"
          },
          {
            "date": "1767976200",
            "image": "photos/photo_2375@08-02-2026_04-08-36.jpg",
            "rtn_id": "2390",
            "name:fa": "خدایار باقری",
            "sources": "https://t.me/RememberTheirNames/2516"
          },
          {
            "date": "1767889800",
            "image": "photos/photo_2449@08-02-2026_14-08-55.jpg",
            "rtn_id": "2464",
            "name:fa": "حامد طاهریان ریزی",
            "sources": "https://t.me/RememberTheirNames/2594"
          },
          {
            "date": "1767889800",
            "image": "photos/photo_2394@08-02-2026_06-45-59.jpg",
            "rtn_id": "2409",
            "name:fa": "محمدتقی انصاری",
            "sources": "https://t.me/RememberTheirNames/2535"
          },
          {
            "date": "1767889800",
            "image": "photos/photo_2433@08-02-2026_09-54-46.jpg",
            "rtn_id": "2448",
            "name:fa": "شهاب موسوی جهانی",
            "sources": "https://t.me/RememberTheirNames/2576"
          },
          {
            "date": "1767976200",
            "image": "photos/photo_2532@09-02-2026_16-16-21.jpg",
            "rtn_id": "2547",
            "name:fa": "روح‌الله اکبری",
            "sources": "https://t.me/RememberTheirNames/2687"
          },
          {
            "date": "1767889800",
            "image": "photos/photo_2614@11-02-2026_11-08-46.jpg",
            "rtn_id": "2629",
            "name:fa": "رضا (محمدرضا) محمدی",
            "sources": "https://t.me/RememberTheirNames/2775"
          },
          {
            "date": "1767889800",
            "image": "photos/photo_2397@08-02-2026_06-56-36.jpg",
            "rtn_id": "2412",
            "name:fa": "محسن حسینی",
            "sources": "https://t.me/RememberTheirNames/2538"
          },
          {
            "date": "1767889800",
            "image": "photos/photo_2413@08-02-2026_07-47-32.jpg",
            "rtn_id": "2428",
            "name:fa": "ایمان اسدی",
            "sources": "https://t.me/RememberTheirNames/2554"
          },
          {
            "date": "1767889800",
            "image": "photos/photo_2430@08-02-2026_09-39-49.jpg",
            "rtn_id": "2445",
            "name:fa": "حسین عبدی",
            "sources": "https://t.me/RememberTheirNames/2573"
          },
          {
            "date": "1767889800",
            "image": "photos/photo_2513@09-02-2026_12-21-02.jpg",
            "rtn_id": "2528",
            "name:fa": "محمدحسین فتح‌الله‌زاده",
            "sources": "https://t.me/RememberTheirNames/2659"
          },
          {
            "date": "1767976200",
            "image": "photos/photo_2641@12-02-2026_13-16-18.jpg",
            "rtn_id": "2656",
            "name:fa": "مجید کریمی",
            "sources": "https://t.me/RememberTheirNames/2803"
          },
          {
            "date": "1767976200",
            "image": "photos/photo_2405@08-02-2026_07-26-09.jpg",
            "rtn_id": "2420",
            "name:fa": "مهدی دیندار",
            "sources": "https://t.me/RememberTheirNames/2546"
          },
          {
            "date": "1767889800",
            "image": "photos/photo_2419@08-02-2026_08-41-27.jpg",
            "rtn_id": "2434",
            "name:fa": "اکبر رستم",
            "sources": "https://t.me/RememberTheirNames/2560"
          },
          {
            "date": "1767976200",
            "image": "photos/photo_2422@08-02-2026_09-10-23.jpg",
            "rtn_id": "2437",
            "name:fa": "ابوالفضل ترک",
            "sources": "https://t.me/RememberTheirNames/2564"
          },
          {
            "date": "1767889800",
            "image": "photos/photo_2541@10-02-2026_03-27-08.jpg",
            "rtn_id": "2556",
            "name:fa": "محمد غلام‌نژاد",
            "sources": "https://t.me/RememberTheirNames/2697"
          },
          {
            "date": "1767889800",
            "image": "photos/photo_2425@08-02-2026_09-27-18.jpg",
            "rtn_id": "2440",
            "name:fa": "اکبر جودی",
            "sources": "https://t.me/RememberTheirNames/2567"
          },
          {
            "date": "1767889800",
            "image": "photos/photo_2428@08-02-2026_09-35-31.jpg",
            "rtn_id": "2443",
            "name:fa": "مهدی حسینی",
            "sources": "https://t.me/RememberTheirNames/2571"
          },
          {
            "date": "1767889800",
            "image": "photos/photo_2632@12-02-2026_04-44-36.jpg",
            "rtn_id": "2647",
            "name:fa": "مهدی احمدی گل‌تپه",
            "sources": "https://t.me/RememberTheirNames/2794"
          },
          {
            "date": "1767976200",
            "image": "photos/photo_2440@08-02-2026_12-05-41.jpg",
            "rtn_id": "2455",
            "name:fa": "علی‌اکبر هراتی اردستانی",
            "sources": "https://t.me/RememberTheirNames/2585"
          },
          {
            "date": "1767976200",
            "image": "photos/photo_2462@08-02-2026_17-08-41.jpg",
            "rtn_id": "2477",
            "name:fa": "سعید النچری",
            "sources": "https://t.me/RememberTheirNames/2607"
          },
          {
            "date": "1767889800",
            "image": "photos/photo_2471@08-02-2026_17-46-34.jpg",
            "rtn_id": "2486",
            "name:fa": "علی رحیمی",
            "sources": "https://t.me/RememberTheirNames/2616"
          },
          {
            "date": "1767889800",
            "image": "photos/photo_2451@08-02-2026_14-13-44.jpg",
            "rtn_id": "2466",
            "name:fa": "حیدرعلی براتی کردکانلو ۱۵ساله",
            "sources": "https://t.me/RememberTheirNames/2596"
          },
          {
            "date": "1767976200",
            "image": "photos/photo_2452@08-02-2026_14-22-36.jpg",
            "rtn_id": "2467",
            "name:fa": "علی کرمی",
            "sources": "https://t.me/RememberTheirNames/2597"
          },
          {
            "date": "1767976200",
            "image": "photos/photo_2496@09-02-2026_07-20-27.jpg",
            "rtn_id": "2511",
            "name:fa": "سعید رحمانی",
            "sources": "https://t.me/RememberTheirNames/2642"
          },
          {
            "date": "1767889800",
            "image": "photos/photo_2512@09-02-2026_12-11-08.jpg",
            "rtn_id": "2527",
            "name:fa": "محمدرضا عسکری",
            "sources": "https://t.me/RememberTheirNames/2658"
          },
          {
            "date": "1767889800",
            "image": "photos/photo_2518@09-02-2026_13-10-57.jpg",
            "rtn_id": "2533",
            "name:fa": "مجید افراخته",
            "sources": "https://t.me/RememberTheirNames/2664"
          },
          {
            "date": "1767976200",
            "image": "photos/photo_2525@09-02-2026_14-17-57.jpg",
            "rtn_id": "2540",
            "name:fa": "ناصر نصیری",
            "sources": "https://t.me/RememberTheirNames/2671"
          },
          {
            "date": "1767889800",
            "image": "photos/photo_2528@09-02-2026_14-53-17.jpg",
            "rtn_id": "2543",
            "name:fa": "حمیدرضا یعقوبی‌زاده ونینی",
            "sources": "https://t.me/RememberTheirNames/2674"
          },
          {
            "date": "1767889800",
            "image": "photos/photo_2543@10-02-2026_04-24-06.jpg",
            "rtn_id": "2558",
            "name:fa": "مرتضی آقایی",
            "sources": "https://t.me/RememberTheirNames/2699"
          },
          {
            "date": "1767976200",
            "image": "photos/photo_2568@10-02-2026_10-31-54.jpg",
            "rtn_id": "2583",
            "name:fa": "محسن دربندی",
            "sources": "https://t.me/RememberTheirNames/2725"
          },
          {
            "date": "1767889845-1768161645",
            "image": "photos/photo_2655@13-02-2026_07-51-32.jpg",
            "rtn_id": "2670",
            "name:fa": "محمد قیطانی",
            "sources": "https://t.me/RememberTheirNames/2817"
          },
          {
            "date": "1767889800",
            "image": "photos/photo_2658@13-02-2026_08-04-09.jpg",
            "rtn_id": "2673",
            "name:fa": "ماشالله نوری",
            "sources": "https://t.me/RememberTheirNames/2820"
          },
          {
            "date": "1767976200",
            "image": "photos/photo_2662@13-02-2026_10-25-57.jpg",
            "rtn_id": "2677",
            "name:fa": "رضا قلیزاده",
            "sources": "https://t.me/RememberTheirNames/2824"
          },
          {
            "date": "1767889800",
            "image": "photos/photo_2668@13-02-2026_13-11-54.jpg",
            "rtn_id": "2683",
            "name:fa": "علیرضا شکری",
            "sources": "https://t.me/RememberTheirNames/2830"
          },
          {
            "date": "1767889800",
            "image": "photos/photo_2708@14-02-2026_10-38-45.jpg",
            "rtn_id": "2723",
            "name:fa": "محمدرضا سعیدی",
            "sources": "https://t.me/RememberTheirNames/2871"
          },
          {
            "date": "1767889800",
            "image": "photos/photo_2724@15-02-2026_10-27-26.jpg",
            "rtn_id": "2739",
            "name:fa": "امیرمحمد باباخانلو",
            "sources": "https://t.me/RememberTheirNames/2887"
          },
          {
            "date": "1767889800",
            "image": "photos/photo_2741@16-02-2026_09-41-07.jpg",
            "rtn_id": "2756",
            "name:fa": "سهیل صادقی",
            "sources": "https://t.me/RememberTheirNames/2904"
          },
          {
            "date": "1767889800",
            "image": "photos/photo_2747@16-02-2026_11-01-06.jpg",
            "rtn_id": "2763",
            "name:fa": "معصومه ابراهیمی",
            "sources": "https://t.me/RememberTheirNames/2910"
          },
          {
            "date": "1767976200",
            "image": "photos/photo_2751@16-02-2026_11-21-38.jpg",
            "rtn_id": "2767",
            "name:fa": "آرین محمدی (خواهرزاده)",
            "sources": "https://t.me/RememberTheirNames/2914"
          },
          {
            "date": "1767976200",
            "image": "photos/photo_2753@16-02-2026_11-31-11.jpg",
            "rtn_id": "2769",
            "name:fa": "امیر دلبری",
            "sources": "https://t.me/RememberTheirNames/2916"
          },
          {
            "date": "1767889800",
            "image": "photos/photo_2793@17-02-2026_07-01-12.jpg",
            "rtn_id": "2809",
            "name:fa": "حجت‌الله متقی",
            "sources": "https://t.me/RememberTheirNames/2959"
          },
          {
            "date": "1767889800",
            "image": "photos/photo_2804@17-02-2026_13-59-43.jpg",
            "rtn_id": "2820",
            "name:fa": "مجید سلیمی",
            "sources": "https://t.me/RememberTheirNames/2972"
          },
          {
            "date": "1767889800",
            "image": "photos/photo_2816@18-02-2026_03-10-06.jpg",
            "rtn_id": "2828",
            "name:fa": "مهرداد زارع‌صفا",
            "sources": "https://t.me/RememberTheirNames/2994"
          },
          {
            "date": "1767889800",
            "image": "photos/photo_2822@18-02-2026_06-48-20.jpg",
            "rtn_id": "2834",
            "name:fa": "مهدی غفاریان",
            "sources": "https://t.me/RememberTheirNames/3001"
          },
          {
            "date": "1767976200",
            "image": "photos/photo_2823@18-02-2026_06-53-33.jpg",
            "rtn_id": "2835",
            "name:fa": "احمد شکرپور",
            "sources": "https://t.me/RememberTheirNames/3002"
          },
          {
            "date": "1767889845-1768161645",
            "image": "photos/photo_2829@18-02-2026_09-27-52.jpg",
            "rtn_id": "2841",
            "name:fa": "امیررضا صادقی",
            "sources": "https://t.me/RememberTheirNames/3008"
          },
          {
            "date": "1767976200",
            "image": "photos/photo_2833@18-02-2026_12-04-26.jpg",
            "rtn_id": "2845",
            "name:fa": "محمد رعدی",
            "sources": "https://t.me/RememberTheirNames/3013"
          },
          {
            "date": "1767889800",
            "image": "photos/photo_2851@19-02-2026_07-25-40.jpg",
            "rtn_id": "2863",
            "name:fa": "حسین خردمندکیا (درویشوند)",
            "sources": "https://t.me/RememberTheirNames/3032"
          },
          {
            "date": "1767976200",
            "image": "photos/photo_2858@19-02-2026_11-10-04.jpg",
            "rtn_id": "2870",
            "name:fa": "احمدرضا مرادی پریخانی",
            "sources": "https://t.me/RememberTheirNames/3039"
          },
          {
            "date": "1767889845-1768161645",
            "image": "photos/photo_2861@19-02-2026_11-55-59.jpg",
            "rtn_id": "2873",
            "name:fa": "وحید حبیبی",
            "sources": "https://t.me/RememberTheirNames/3042"
          },
          {
            "date": "1767889800",
            "image": "photos/photo_2871@20-02-2026_02-50-52.jpg",
            "rtn_id": "2883",
            "name:fa": "حسن رمضان‌نیا",
            "sources": "https://t.me/RememberTheirNames/3052"
          },
          {
            "date": "1767976200",
            "image": "photos/photo_2885@20-02-2026_07-37-31.jpg",
            "rtn_id": "2897",
            "name:fa": "آسیه رمضانی",
            "sources": "https://t.me/RememberTheirNames/3066"
          },
          {
            "date": "1767889845-1768161645",
            "image": "photos/photo_2889@20-02-2026_09-40-57.jpg",
            "rtn_id": "2901",
            "name:fa": "محمد زندی",
            "sources": "https://t.me/RememberTheirNames/3070"
          },
          {
            "date": "1767889800",
            "image": "photos/photo_2892@20-02-2026_14-41-57.jpg",
            "rtn_id": "2904",
            "name:fa": "جمشید مومنی",
            "sources": "https://t.me/RememberTheirNames/3073"
          },
          {
            "date": "1767889800",
            "image": "photos/photo_2896@21-02-2026_02-07-20.jpg",
            "rtn_id": "2908",
            "name:fa": "مهدی مشهدی کاظمی",
            "sources": "https://t.me/RememberTheirNames/3077"
          },
          {
            "date": "1767889800",
            "image": "photos/photo_2906@21-02-2026_05-38-28.jpg",
            "rtn_id": "2918",
            "name:fa": "مهدی ابوالحسن",
            "sources": "https://t.me/RememberTheirNames/3088"
          },
          {
            "date": "1767976200",
            "image": "photos/photo_2909@21-02-2026_06-18-24.jpg",
            "rtn_id": "2921",
            "name:fa": "ابراهیم نادری ۱۴ساله",
            "sources": "https://t.me/RememberTheirNames/3091"
          },
          {
            "date": "1767976200",
            "image": "photos/photo_2919@21-02-2026_14-02-45.jpg",
            "rtn_id": "2931",
            "name:fa": "مجید خوشه‌چین",
            "sources": "https://t.me/RememberTheirNames/3104"
          },
          {
            "date": "1767889800",
            "image": "photos/photo_2656@13-02-2026_07-56-29.jpg",
            "rtn_id": "2671",
            "name:fa": "پیام اعلایی پیله‌رود",
            "sources": "https://t.me/RememberTheirNames/2818"
          },
          {
            "date": "1767976200",
            "image": "photos/photo_2660@13-02-2026_08-22-04.jpg",
            "rtn_id": "2675",
            "name:fa": "علیرضا نعمتی اوچیکان",
            "sources": "https://t.me/RememberTheirNames/2822"
          },
          {
            "date": "1767976200",
            "image": "photos/photo_2671@13-02-2026_14-09-10.jpg",
            "rtn_id": "2686",
            "name:fa": "سجاد صادقی",
            "sources": "https://t.me/RememberTheirNames/2833"
          },
          {
            "date": "1767889800",
            "image": "photos/photo_2678@13-02-2026_15-54-42.jpg",
            "rtn_id": "2693",
            "name:fa": "حمید علیمرادی",
            "sources": "https://t.me/RememberTheirNames/2840"
          },
          {
            "date": "1767889800",
            "image": "photos/photo_2715@15-02-2026_03-30-41.jpg",
            "rtn_id": "2730",
            "name:fa": "باربد علی‌طهرانی ۱۷ساله",
            "sources": "https://t.me/RememberTheirNames/2878"
          },
          {
            "date": "1767976200",
            "image": "photos/photo_2864@19-02-2026_12-44-34.jpg",
            "rtn_id": "2876",
            "name:fa": "محمدرضا نظری نیکجه",
            "sources": "https://t.me/RememberTheirNames/3045"
          },
          {
            "date": "1767889800",
            "image": "photos/photo_2716@15-02-2026_03-33-16.jpg",
            "rtn_id": "2731",
            "name:fa": "علیرضا شیخ امامی",
            "sources": "https://t.me/RememberTheirNames/2879"
          },
          {
            "date": "1767889800",
            "image": "photos/photo_2782@17-02-2026_03-38-09.jpg",
            "rtn_id": "2798",
            "name:fa": "احمد یعقوبی",
            "sources": "https://t.me/RememberTheirNames/2947"
          },
          {
            "date": "1767889800",
            "image": "photos/photo_2800@17-02-2026_11-07-03.jpg",
            "rtn_id": "2816",
            "name:fa": "امیرحسین کریمی",
            "sources": "https://t.me/RememberTheirNames/2967"
          },
          {
            "date": "1767976200",
            "image": "photos/photo_2840@19-02-2026_03-30-38.jpg",
            "rtn_id": "2852",
            "name:fa": "سید محمد سروش حسینی کرابی",
            "sources": "https://t.me/RememberTheirNames/3020"
          },
          {
            "date": "1767889800",
            "image": "photos/photo_2720@15-02-2026_08-20-30.jpg",
            "rtn_id": "2735",
            "name:fa": "محمدرضا محمدپور",
            "sources": "https://t.me/RememberTheirNames/2883"
          },
          {
            "date": "1767976200",
            "image": "photos/photo_2730@15-02-2026_15-39-13.jpg",
            "rtn_id": "2745",
            "name:fa": "راحله اکرمی",
            "sources": "https://t.me/RememberTheirNames/2893"
          },
          {
            "date": "1767889800",
            "image": "photos/photo_2742@16-02-2026_09-48-28.jpg",
            "rtn_id": "2757",
            "name:fa": "محمود رضایی (برادر)",
            "sources": "https://t.me/RememberTheirNames/2905"
          },
          {
            "date": "1767976200",
            "image": "photos/photo_2743@16-02-2026_09-48-33.jpg",
            "rtn_id": "2758",
            "name:fa": "علی رضایی (برادر)",
            "sources": "https://t.me/RememberTheirNames/2906"
          },
          {
            "date": "1767889800",
            "image": "photos/photo_2766@16-02-2026_16-07-20.jpg",
            "rtn_id": "2782",
            "name:fa": "سید علی حسینی قاسمی",
            "sources": "https://t.me/RememberTheirNames/2930"
          },
          {
            "date": "1767889800",
            "image": "photos/photo_2801@17-02-2026_11-46-55.jpg",
            "rtn_id": "2817",
            "name:fa": "حمید شیرمحمدی",
            "sources": "https://t.me/RememberTheirNames/2968"
          },
          {
            "date": "1767889800",
            "image": "photos/photo_2824@18-02-2026_06-57-10.jpg",
            "rtn_id": "2836",
            "name:fa": "مصطفی مالکی باش‌محله",
            "sources": "https://t.me/RememberTheirNames/3003"
          },
          {
            "date": "1767889800",
            "image": "photos/photo_2810@18-02-2026_02-35-56.jpg",
            "rtn_id": "2822",
            "name:fa": "محمد بیات",
            "sources": "https://t.me/RememberTheirNames/2987"
          },
          {
            "date": "1767976200",
            "image": "photos/photo_2872@20-02-2026_02-53-26.jpg",
            "rtn_id": "2884",
            "name:fa": "محمدرضا سلطانی",
            "sources": "https://t.me/RememberTheirNames/3053"
          },
          {
            "date": "1767889800",
            "image": "photos/photo_2818@18-02-2026_03-35-02.jpg",
            "rtn_id": "2830",
            "name:fa": "فرامرز فروغی",
            "sources": "https://t.me/RememberTheirNames/2996"
          },
          {
            "date": "1767889800",
            "image": "photos/photo_2844@19-02-2026_04-29-50.jpg",
            "rtn_id": "2856",
            "name:fa": "فرانک زارعی",
            "sources": "https://t.me/RememberTheirNames/3025"
          },
          {
            "date": "1767889800",
            "image": "photos/photo_2846@19-02-2026_05-37-31.jpg",
            "rtn_id": "2858",
            "name:fa": "پیمان چینی‌ساز",
            "sources": "https://t.me/RememberTheirNames/3027"
          },
          {
            "date": "1767976200",
            "image": "photos/photo_2913@21-02-2026_09-32-40.jpg",
            "rtn_id": "2925",
            "name:fa": "محمدرضا حاجی",
            "sources": "https://t.me/RememberTheirNames/3096"
          },
          {
            "date": "1767889800",
            "image": "photos/photo_2855@19-02-2026_09-15-35.jpg",
            "rtn_id": "2867",
            "name:fa": "نورالدین ترک کوشکی",
            "sources": "https://t.me/RememberTheirNames/3036"
          },
          {
            "date": "1767889800",
            "image": "photos/photo_2870@20-02-2026_02-44-49.jpg",
            "rtn_id": "2882",
            "name:fa": "امیر دشتی",
            "sources": "https://t.me/RememberTheirNames/3051"
          },
          {
            "date": "1767889800",
            "image": "photos/photo_2878@20-02-2026_05-13-21.jpg",
            "rtn_id": "2890",
            "name:fa": "راحله (مهسا) نباتی",
            "sources": "https://t.me/RememberTheirNames/3059"
          },
          {
            "date": "1767889800",
            "image": "photos/photo_2891@20-02-2026_14-38-40.jpg",
            "rtn_id": "2903",
            "name:fa": "علی‌اکبر (مهراب) عباسپور",
            "sources": "https://t.me/RememberTheirNames/3072"
          },
          {
            "date": "1767889845-1768161645",
            "image": "photos/photo_1835@01-02-2026_05-26-51.jpg",
            "rtn_id": "1848",
            "name:fa": "طاها سلیمانی",
            "sources": "https://t.me/RememberTheirNames/1947"
          },
          {
            "date": "1767889800",
            "image": "photos/photo_2926@22-02-2026_05-54-41.jpg",
            "rtn_id": "2938",
            "name:fa": "میلاد ملایی علیشاه",
            "sources": "https://t.me/RememberTheirNames/3111"
          },
          {
            "date": "1767889845-1768161645",
            "image": "photos/photo_2930@22-02-2026_12-01-04.jpg",
            "rtn_id": "2942",
            "name:fa": "سمیه صدیقی نیشابور",
            "sources": "https://t.me/RememberTheirNames/3115"
          },
          {
            "date": "1767976200",
            "image": "photos/photo_2932@22-02-2026_12-04-27.jpg",
            "rtn_id": "2944",
            "name:fa": "پدرام صبوری",
            "sources": "https://t.me/RememberTheirNames/3117"
          },
          {
            "date": "1767889800",
            "image": "photos/photo_2936@23-02-2026_03-55-32.jpg",
            "rtn_id": "2948",
            "name:fa": "محمد عباسیان",
            "sources": "https://t.me/RememberTheirNames/3121"
          },
          {
            "date": "1767889800",
            "image": "photos/photo_2939@23-02-2026_04-11-45.jpg",
            "rtn_id": "2951",
            "name:fa": "قاسم سلامی",
            "sources": "https://t.me/RememberTheirNames/3124"
          },
          {
            "date": "1768062600",
            "image": "photos/photo_2949@23-02-2026_11-51-18.jpg",
            "rtn_id": "2961",
            "name:fa": "امین سلیمی",
            "sources": "https://t.me/RememberTheirNames/3134"
          },
          {
            "date": "1767976200",
            "image": "photos/photo_2950@23-02-2026_11-55-37.jpg",
            "rtn_id": "2962",
            "name:fa": "علی توسلی",
            "sources": "https://t.me/RememberTheirNames/3135"
          },
          {
            "date": "1767889845-1768161645",
            "image": "photos/photo_2952@23-02-2026_12-54-24.jpg",
            "rtn_id": "2964",
            "name:fa": "احمد سعیدی محمدی",
            "sources": "https://t.me/RememberTheirNames/3137"
          },
          {
            "date": "1767889845-1768161645",
            "image": "photos/photo_2954@23-02-2026_13-09-42.jpg",
            "rtn_id": "2966",
            "name:fa": "توفیق (امین) سعدونی",
            "sources": "https://t.me/RememberTheirNames/3140"
          },
          {
            "date": "1767889800",
            "image": "photos/photo_2957@23-02-2026_13-56-09.jpg",
            "rtn_id": "2969",
            "name:fa": "حسینعلی سارانی",
            "sources": "https://t.me/RememberTheirNames/3143"
          },
          {
            "date": "1767889845-1768161645",
            "image": "photos/photo_2959@23-02-2026_14-28-36.jpg",
            "rtn_id": "2971",
            "name:fa": "مائده محمدی",
            "sources": "https://t.me/RememberTheirNames/3145"
          },
          {
            "date": "1768062600",
            "image": "photos/photo_2960@23-02-2026_14-37-24.jpg",
            "rtn_id": "2972",
            "name:fa": "میلاد وحیدسولا",
            "sources": "https://t.me/RememberTheirNames/3146"
          },
          {
            "date": "1767889800",
            "image": "photos/photo_2976@24-02-2026_11-55-24.jpg",
            "rtn_id": "2988",
            "name:fa": "عباس مرادی",
            "sources": "https://t.me/RememberTheirNames/3163"
          },
          {
            "date": "1767889845-1768161645",
            "image": "photos/photo_2977@24-02-2026_12-20-42.jpg",
            "rtn_id": "2989",
            "name:fa": "حسن مقامی",
            "sources": "https://t.me/RememberTheirNames/3164"
          },
          {
            "date": "1767889800",
            "image": "photos/photo_2989@25-02-2026_01-44-09.jpg",
            "rtn_id": "3001",
            "name:fa": "داوود عباسی",
            "sources": "https://t.me/RememberTheirNames/3176"
          },
          {
            "date": "1767976200",
            "image": "photos/photo_2997@25-02-2026_10-53-47.jpg",
            "rtn_id": "3009",
            "name:fa": "سیامک خوش‌اخلاق",
            "sources": "https://t.me/RememberTheirNames/3185"
          },
          {
            "date": "1767976200",
            "image": "photos/photo_3000@25-02-2026_12-39-34.jpg",
            "rtn_id": "3012",
            "name:fa": "آناهیتا ناصری",
            "sources": "https://t.me/RememberTheirNames/3191"
          },
          {
            "date": "1767889800",
            "image": "photos/photo_3034@08-03-2026_10-09-10.jpg",
            "rtn_id": "3046",
            "name:fa": "روح‌الله شیخی",
            "sources": "https://t.me/RememberTheirNames/3247"
          },
          {
            "date": "1768062600",
            "image": "photos/photo_3035@09-03-2026_04-35-00.jpg",
            "rtn_id": "3047",
            "name:fa": "یاسین شریفی",
            "sources": "https://t.me/RememberTheirNames/3248"
          },
          {
            "date": "1767889800",
            "image": "photos/photo_3049@09-03-2026_06-15-20.jpg",
            "rtn_id": "3061",
            "name:fa": "محمد فروغی",
            "sources": "https://t.me/RememberTheirNames/3262"
          },
          {
            "date": "1767889800",
            "image": "photos/photo_3057@15-03-2026_03-03-48.jpg",
            "rtn_id": "3070",
            "name:fa": "میلاد آذغ",
            "sources": "https://t.me/RememberTheirNames/3273"
          },
          {
            "date": "1767889845-1768161645",
            "image": "photos/photo_3058@15-03-2026_11-19-49.jpg",
            "rtn_id": "3071",
            "name:fa": "آمیتیس صادقی ۱۷ساله",
            "sources": "https://t.me/RememberTheirNames/3274"
          },
          {
            "date": "1767976200",
            "image": "photos/photo_3067@29-03-2026_07-17-32.jpg",
            "rtn_id": "3080",
            "name:fa": "شهرام غیاثی",
            "sources": "https://t.me/RememberTheirNames/3286"
          },
          {
            "date": "1775147400",
            "image": "photos/photo_3075@02-04-2026_03-20-04.jpg",
            "rtn_id": "3088",
            "name:fa": "امیرحسین حاتمی ۱۸ساله",
            "sources": "https://t.me/RememberTheirNames/3295"
          },
          {
            "date": "1767889800",
            "image": "photos/photo_2922@22-02-2026_03-25-51.jpg",
            "rtn_id": "2934",
            "name:fa": "حجت‌الله حیدری",
            "sources": "https://t.me/RememberTheirNames/3107"
          },
          {
            "date": "1767889800",
            "image": "photos/photo_2927@22-02-2026_06-05-31.jpg",
            "rtn_id": "2939",
            "name:fa": "یونس محمدی‌فرد",
            "sources": "https://t.me/RememberTheirNames/3112"
          },
          {
            "date": "1767976200",
            "image": "photos/photo_2928@22-02-2026_06-12-07.jpg",
            "rtn_id": "2940",
            "name:fa": "مهران تاجداری",
            "sources": "https://t.me/RememberTheirNames/3113"
          },
          {
            "date": "1767889800",
            "image": "photos/photo_2999@25-02-2026_12-23-12.jpg",
            "rtn_id": "3011",
            "name:fa": "مینا پاک‌منش",
            "sources": "https://t.me/RememberTheirNames/3188"
          },
          {
            "date": "1767889800",
            "image": "photos/photo_2933@22-02-2026_12-05-38.jpg",
            "rtn_id": "2945",
            "name:fa": "علی‌اکبر صدیقی",
            "sources": "https://t.me/RememberTheirNames/3118"
          },
          {
            "date": "1767889800",
            "image": "photos/photo_2938@23-02-2026_04-02-19.jpg",
            "rtn_id": "2950",
            "name:fa": "کوروش نوروزیان",
            "sources": "https://t.me/RememberTheirNames/3123"
          },
          {
            "date": "1767889800",
            "image": "photos/photo_2966@24-02-2026_04-01-17.jpg",
            "rtn_id": "2978",
            "name:fa": "علی آقازاده کمامردخی",
            "sources": "https://t.me/RememberTheirNames/3153"
          },
          {
            "date": "1767976200",
            "image": "photos/photo_3029@27-02-2026_16-48-09.jpg",
            "rtn_id": "3041",
            "name:fa": "فضائیل بالغ",
            "sources": "https://t.me/RememberTheirNames/3222"
          },
          {
            "date": "1767976200",
            "image": "photos/photo_3012@26-02-2026_12-34-30.jpg",
            "rtn_id": "3024",
            "name:fa": "کیانوش لطفی‌نیا",
            "sources": "https://t.me/RememberTheirNames/3203"
          },
          {
            "date": "1767889800",
            "image": "photos/photo_3018@27-02-2026_03-30-24.jpg",
            "rtn_id": "3030",
            "name:fa": "وحید لرزمنوچهری",
            "sources": "https://t.me/RememberTheirNames/3210"
          },
          {
            "date": "1767889800",
            "image": "photos/photo_3032@08-03-2026_09-46-46.jpg",
            "rtn_id": "3044",
            "name:fa": "آرلن سرکیسیان",
            "sources": "https://t.me/RememberTheirNames/3245"
          },
          {
            "date": "1767889800",
            "image": "photos/photo_3044@09-03-2026_05-21-56.jpg",
            "rtn_id": "3056",
            "name:fa": "اصغر فتحی",
            "sources": "https://t.me/RememberTheirNames/3257"
          },
          {
            "date": "1767889800",
            "image": "photos/photo_2988@24-02-2026_16-27-31.jpg",
            "rtn_id": "3000",
            "name:fa": "داوود سهرابی",
            "sources": "https://t.me/RememberTheirNames/3175"
          },
          {
            "date": "1767889845-1768161645",
            "image": "photos/photo_3060@16-03-2026_07-13-46.jpg",
            "rtn_id": "3073",
            "name:fa": "آریا آذرهوشنگ",
            "sources": "https://t.me/RememberTheirNames/3276"
          }
        ],
        "province": "استان تهران",
        "publicId": "MTY6MTAyMjE",
        "sourceId": "10221",
        "layerId": 16,
        "type": "location",
        "status": "active",
        "urgency": null,
        "verificationTag": null,
        "expirationDate": null,
        "createdAt": "2026-03-11T20:43:09.911Z",
        "updatedAt": "2026-04-03T22:10:54.657Z"
      }
    },
    {
      "type": "Feature",
      "id": 362,
      "geometry": {
        "type": "Point",
        "coordinates": [
          53.5606,
          28.5005
        ]
      },
      "properties": {
        "id": "MTY6MTAyMjI",
        "city": "جهرم",
        "count": 2,
        "people": [
          {
            "date": "1767889845-1768161645",
            "image": "photos/photo_1103@25-01-2026_11-45-55.jpg",
            "rtn_id": "1113",
            "name:fa": "امین جامع",
            "sources": "https://t.me/RememberTheirNames/1176"
          },
          {
            "date": "1767976200",
            "image": "photos/photo_1277@26-01-2026_18-47-43.jpg",
            "rtn_id": "1289",
            "name:fa": "سعید ابراهیمی‌فر",
            "sources": "https://t.me/RememberTheirNames/1357"
          }
        ],
        "province": "استان فارس",
        "publicId": "MTY6MTAyMjI",
        "sourceId": "10222",
        "layerId": 16,
        "type": "location",
        "status": "active",
        "urgency": null,
        "verificationTag": null,
        "expirationDate": null,
        "createdAt": "2026-03-11T20:43:09.913Z",
        "updatedAt": "2026-04-03T22:10:54.664Z"
      }
    },
    {
      "type": "Feature",
      "id": 363,
      "geometry": {
        "type": "Point",
        "coordinates": [
          50.5627916,
          36.9616663
        ]
      },
      "properties": {
        "id": "MTY6MTAyMjM",
        "city": "چابکسر",
        "count": 2,
        "people": [
          {
            "date": "1767889800",
            "image": "photos/photo_1481@28-01-2026_00-54-03.jpg",
            "rtn_id": "1492",
            "name:fa": "رضا امیری",
            "sources": "https://t.me/RememberTheirNames/1572"
          },
          {
            "date": "1767976200",
            "image": "photos/photo_2055@03-02-2026_16-19-51.jpg",
            "rtn_id": "2069",
            "name:fa": "احمد باستی",
            "sources": "https://t.me/RememberTheirNames/2183"
          }
        ],
        "province": "استان گیلان",
        "publicId": "MTY6MTAyMjM",
        "sourceId": "10223",
        "layerId": 16,
        "type": "location",
        "status": "active",
        "urgency": null,
        "verificationTag": null,
        "expirationDate": null,
        "createdAt": "2026-03-11T20:43:09.914Z",
        "updatedAt": "2026-04-03T22:10:54.665Z"
      }
    },
    {
      "type": "Feature",
      "id": 364,
      "geometry": {
        "type": "Point",
        "coordinates": [
          50.2152202,
          37.2710017
        ]
      },
      "properties": {
        "id": "MTY6MTAyMjQ",
        "city": "چاف گیلان",
        "count": 1,
        "people": [
          {
            "date": "1767976200",
            "image": "photos/photo_248@19-01-2026_22-06-33.jpg",
            "rtn_id": "253",
            "name:fa": "شعله ستوده",
            "sources": "https://t.me/RememberTheirNames/284"
          }
        ],
        "province": "استان گیلان",
        "publicId": "MTY6MTAyMjQ",
        "sourceId": "10224",
        "layerId": 16,
        "type": "location",
        "status": "active",
        "urgency": null,
        "verificationTag": null,
        "expirationDate": null,
        "createdAt": "2026-03-11T20:43:09.914Z",
        "updatedAt": "2026-04-03T22:10:54.666Z"
      }
    },
    {
      "type": "Feature",
      "id": 365,
      "geometry": {
        "type": "Point",
        "coordinates": [
          51.4206,
          36.655
        ]
      },
      "properties": {
        "id": "MTY6MTAyMjU",
        "city": "چالوس",
        "count": 23,
        "people": [
          {
            "date": "1767889800",
            "image": "photos/photo_122@19-01-2026_00-36-43.jpg",
            "rtn_id": "123",
            "name:fa": "پیام بابو‌کوهستانی",
            "sources": "https://t.me/RememberTheirNames/154"
          },
          {
            "date": "1767889800",
            "image": "photos/photo_164@19-01-2026_12-17-40.jpg",
            "rtn_id": "165",
            "name:fa": "افشین میارکیانی",
            "sources": "https://t.me/RememberTheirNames/198"
          },
          {
            "date": "1767889845-1768161645",
            "image": "photos/photo_284@19-01-2026_23-52-41.jpg",
            "rtn_id": "289",
            "name:fa": "علی محمددوست",
            "sources": "https://t.me/RememberTheirNames/322"
          },
          {
            "date": "1767889800",
            "image": "photos/photo_347@20-01-2026_13-33-53.jpg",
            "rtn_id": "352",
            "name:fa": "رامتین بزرگ‌مقام",
            "sources": "https://t.me/RememberTheirNames/386"
          },
          {
            "date": "1767889845-1768161645",
            "image": "photos/photo_555@22-01-2026_01-07-38.jpg",
            "rtn_id": "560",
            "name:fa": "یحیی کیادلیری",
            "sources": "https://t.me/RememberTheirNames/602"
          },
          {
            "date": "1767889800",
            "image": "photos/photo_689@22-01-2026_23-36-58.jpg",
            "rtn_id": "695",
            "name:fa": "امیر پورآهنگریان",
            "sources": "https://t.me/RememberTheirNames/745"
          },
          {
            "date": "1767889800",
            "image": "photos/photo_758@23-01-2026_13-13-54.jpg",
            "rtn_id": "764",
            "name:fa": "امیرعلی د‌ارابی",
            "sources": "https://t.me/RememberTheirNames/814"
          },
          {
            "date": "1767976200",
            "image": "photos/photo_856@23-01-2026_21-08-07.jpg",
            "rtn_id": "863",
            "name:fa": "جعفر منفرد",
            "sources": "https://t.me/RememberTheirNames/915"
          },
          {
            "date": "1767889800",
            "image": "photos/photo_857@23-01-2026_21-08-07.jpg",
            "rtn_id": "864",
            "name:fa": "مجید فرنیا",
            "sources": "https://t.me/RememberTheirNames/916"
          },
          {
            "date": "1767889800",
            "image": "photos/photo_898@24-01-2026_00-11-10.jpg",
            "rtn_id": "906",
            "name:fa": "محمد‌رضا کریمی‌فر",
            "sources": "https://t.me/RememberTheirNames/959"
          },
          {
            "date": "1767889800",
            "image": "photos/photo_1003@24-01-2026_18-18-23.jpg",
            "rtn_id": "1012",
            "name:fa": "یوسف بخشی",
            "sources": "https://t.me/RememberTheirNames/1069"
          },
          {
            "date": "1767976200",
            "image": "photos/photo_1016@24-01-2026_19-19-24.jpg",
            "rtn_id": "1025",
            "name:fa": "محمد کریمی پرمهر",
            "sources": "https://t.me/RememberTheirNames/1082"
          },
          {
            "date": "1767889845-1768161645",
            "image": "photos/photo_1081@25-01-2026_01-50-53.jpg",
            "rtn_id": "1091",
            "name:fa": "علی پورامام‌علی",
            "sources": "https://t.me/RememberTheirNames/1152"
          },
          {
            "date": "1767889800",
            "image": "photos/photo_1115@25-01-2026_13-49-35.jpg",
            "rtn_id": "1125",
            "name:fa": "ارسطو (آراز) سلیمیان",
            "sources": "https://t.me/RememberTheirNames/1189"
          },
          {
            "date": "1767889845-1768161645",
            "image": "photos/photo_1281@26-01-2026_19-11-08.jpg",
            "rtn_id": "1293",
            "name:fa": "علی مرادی",
            "sources": "https://t.me/RememberTheirNames/1361"
          },
          {
            "date": "1767889845-1768161645",
            "image": "photos/photo_1282@26-01-2026_19-16-31.jpg",
            "rtn_id": "1294",
            "name:fa": "فریدون حسن‌زاده",
            "sources": "https://t.me/RememberTheirNames/1362"
          },
          {
            "date": "1767889845-1768161645",
            "image": "photos/photo_1283@26-01-2026_19-18-44.jpg",
            "rtn_id": "1295",
            "name:fa": "امیر پورآهنگران",
            "sources": "https://t.me/RememberTheirNames/1363"
          },
          {
            "date": "1767889845-1768161645",
            "image": "photos/photo_1284@26-01-2026_19-25-40.jpg",
            "rtn_id": "1296",
            "name:fa": "اشکان حیدزاده",
            "sources": "https://t.me/RememberTheirNames/1364"
          },
          {
            "date": "1767889845-1768161645",
            "image": "photos/photo_1285@26-01-2026_19-27-38.jpg",
            "rtn_id": "1297",
            "name:fa": "رضا عیسی‌پور",
            "sources": "https://t.me/RememberTheirNames/1365"
          },
          {
            "date": "1767889845-1768161645",
            "image": "photos/photo_1286@26-01-2026_19-28-43.jpg",
            "rtn_id": "1298",
            "name:fa": "احسال زال‌نژاد",
            "sources": "https://t.me/RememberTheirNames/1366"
          },
          {
            "date": "1767889845-1768161645",
            "image": "photos/photo_1287@26-01-2026_19-30-21.jpg",
            "rtn_id": "1299",
            "name:fa": "حامد شفیعی",
            "sources": "https://t.me/RememberTheirNames/1367"
          },
          {
            "date": "1767889845-1768161645",
            "image": "photos/photo_1288@26-01-2026_19-31-28.jpg",
            "rtn_id": "1300",
            "name:fa": "افسانه رضویان",
            "sources": "https://t.me/RememberTheirNames/1368"
          },
          {
            "date": "1767889845-1768161645",
            "image": "photos/photo_2582@10-02-2026_16-25-34.jpg",
            "rtn_id": "2597",
            "name:fa": "علی عبداللهی موسوی",
            "sources": "https://t.me/RememberTheirNames/2739"
          }
        ],
        "province": "استان مازندران",
        "publicId": "MTY6MTAyMjU",
        "sourceId": "10225",
        "layerId": 16,
        "type": "location",
        "status": "active",
        "urgency": null,
        "verificationTag": null,
        "expirationDate": null,
        "createdAt": "2026-03-11T20:43:09.915Z",
        "updatedAt": "2026-04-03T22:10:54.667Z"
      }
    },
    {
      "type": "Feature",
      "id": 366,
      "geometry": {
        "type": "Point",
        "coordinates": [
          51.1933,
          32.3372
        ]
      },
      "properties": {
        "id": "MTY6MTAyMjY",
        "city": "چرمهین",
        "count": 1,
        "people": [
          {
            "date": "1767889800",
            "image": "photos/photo_698@23-01-2026_00-51-50.jpg",
            "rtn_id": "704",
            "name:fa": "مهدی قدیمی",
            "sources": "https://t.me/RememberTheirNames/754"
          }
        ],
        "province": "استان اصفهان",
        "publicId": "MTY6MTAyMjY",
        "sourceId": "10226",
        "layerId": 16,
        "type": "location",
        "status": "active",
        "urgency": null,
        "verificationTag": null,
        "expirationDate": null,
        "createdAt": "2026-03-11T20:43:09.915Z",
        "updatedAt": "2026-04-03T22:10:54.668Z"
      }
    },
    {
      "type": "Feature",
      "id": 367,
      "geometry": {
        "type": "Point",
        "coordinates": [
          52.0599369,
          36.517614
        ]
      },
      "properties": {
        "id": "MTY6MTAyMjc",
        "city": "چمستان",
        "count": 5,
        "people": [
          {
            "date": "1767976200",
            "image": "photos/photo_1033@24-01-2026_20-56-28.jpg",
            "rtn_id": "1042",
            "name:fa": "احمدرضا نائیجی",
            "sources": "https://t.me/RememberTheirNames/1101"
          },
          {
            "date": "1767976200",
            "image": "photos/photo_1080@25-01-2026_01-47-54.jpg",
            "rtn_id": "1090",
            "name:fa": "ابوالفضل کیا",
            "sources": "https://t.me/RememberTheirNames/1151"
          },
          {
            "date": "1767976200",
            "image": "photos/photo_1178@25-01-2026_21-49-33.jpg",
            "rtn_id": "1188",
            "name:fa": "یداالله حیدری",
            "sources": "https://t.me/RememberTheirNames/1254"
          },
          {
            "date": "1767889845-1768161645",
            "image": "photos/photo_1249@26-01-2026_15-41-13.jpg",
            "rtn_id": "1261",
            "name:fa": "محمدرضا نائیجی",
            "sources": "https://t.me/RememberTheirNames/1328"
          },
          {
            "date": "1767976200",
            "image": "photos/photo_1669@30-01-2026_14-29-39.jpg",
            "rtn_id": "1680",
            "name:fa": "سامان علایی",
            "sources": "https://t.me/RememberTheirNames/1768"
          }
        ],
        "province": "Mazandaran Province",
        "publicId": "MTY6MTAyMjc",
        "sourceId": "10227",
        "layerId": 16,
        "type": "location",
        "status": "active",
        "urgency": null,
        "verificationTag": null,
        "expirationDate": null,
        "createdAt": "2026-03-11T20:43:09.916Z",
        "updatedAt": "2026-04-03T22:10:54.669Z"
      }
    },
    {
      "type": "Feature",
      "id": 368,
      "geometry": {
        "type": "Point",
        "coordinates": [
          59.1365156,
          36.6607875
        ]
      },
      "properties": {
        "id": "MTY6MTAyMjg",
        "city": "چناران",
        "count": 5,
        "people": [
          {
            "date": "1767803400",
            "image": "photos/photo_35@18-01-2026_20-23-21.jpg",
            "rtn_id": "35",
            "name:fa": "روح‌الله ستاره مشتری",
            "sources": "https://t.me/RememberTheirNames/64"
          },
          {
            "date": "1767803400",
            "image": "photos/photo_36@18-01-2026_20-23-44.jpg",
            "rtn_id": "36",
            "name:fa": "مرتضی جهانبخش ورانلو",
            "sources": "https://t.me/RememberTheirNames/65"
          },
          {
            "date": "1767803400",
            "image": "photos/photo_37@18-01-2026_20-25-19.jpg",
            "rtn_id": "37",
            "name:fa": "مهدی قربان‌دوست ورانلو",
            "sources": "https://t.me/RememberTheirNames/66"
          },
          {
            "date": "1767803400",
            "image": "photos/photo_38@18-01-2026_20-26-13.jpg",
            "rtn_id": "38",
            "name:fa": "مهدی ولی‌دوست",
            "sources": "https://t.me/RememberTheirNames/67"
          },
          {
            "date": "1767803400",
            "image": "photos/photo_39@18-01-2026_20-27-13.jpg",
            "rtn_id": "39",
            "name:fa": "محمدرضا گروهی",
            "sources": "https://t.me/RememberTheirNames/68"
          }
        ],
        "province": "استان خراسان رضوی",
        "publicId": "MTY6MTAyMjg",
        "sourceId": "10228",
        "layerId": 16,
        "type": "location",
        "status": "active",
        "urgency": null,
        "verificationTag": null,
        "expirationDate": null,
        "createdAt": "2026-03-11T20:43:09.916Z",
        "updatedAt": "2026-04-03T22:10:54.670Z"
      }
    },
    {
      "type": "Feature",
      "id": 369,
      "geometry": {
        "type": "Point",
        "coordinates": [
          48.3558,
          33.4878
        ]
      },
      "properties": {
        "id": "MTY6MTAyMjk",
        "city": "خرم آباد",
        "count": 26,
        "people": [
          {
            "date": "1767889845-1768161645",
            "image": "photos/photo_295@20-01-2026_00-41-14.jpg",
            "rtn_id": "300",
            "name:fa": "محمدرضا عوض‌پور",
            "sources": "https://t.me/RememberTheirNames/333"
          },
          {
            "date": "1767976200",
            "image": "photos/photo_430@21-01-2026_11-45-28.jpg",
            "rtn_id": "435",
            "name:fa": "عبدالرئوف شهبازی",
            "sources": "https://t.me/RememberTheirNames/470"
          },
          {
            "date": "1767889800",
            "image": "photos/photo_568@22-01-2026_12-26-36.jpg",
            "rtn_id": "573",
            "name:fa": "سعید جودکی رشنو",
            "sources": "https://t.me/RememberTheirNames/616"
          },
          {
            "date": "1767976200",
            "image": "photos/photo_650@22-01-2026_18-55-49.jpg",
            "rtn_id": "656",
            "name:fa": "محمد (میلاد) بیرانوند",
            "sources": "https://t.me/RememberTheirNames/703"
          },
          {
            "date": "1767889845-1768161645",
            "image": "photos/photo_711@23-01-2026_02-06-45.jpg",
            "rtn_id": "717",
            "name:fa": "حسین یغمایی",
            "sources": "https://t.me/RememberTheirNames/767"
          },
          {
            "date": "1767976200",
            "image": "photos/photo_813@23-01-2026_17-48-48.jpg",
            "rtn_id": "820",
            "name:fa": "سجاد صحراگرد",
            "sources": "https://t.me/RememberTheirNames/871"
          },
          {
            "date": "1767889845-1768161645",
            "image": "photos/photo_918@24-01-2026_11-51-37.jpg",
            "rtn_id": "927",
            "name:fa": "علی گودرزی",
            "sources": "https://t.me/RememberTheirNames/979"
          },
          {
            "date": "1767889800",
            "image": "photos/photo_920@24-01-2026_11-59-28.jpg",
            "rtn_id": "929",
            "name:fa": "محسن حسینیان مقدم",
            "sources": "https://t.me/RememberTheirNames/981"
          },
          {
            "date": "1767889800",
            "image": "photos/photo_946@24-01-2026_14-06-37.jpg",
            "rtn_id": "955",
            "name:fa": "ابراهیم حیدری",
            "sources": "https://t.me/RememberTheirNames/1008"
          },
          {
            "date": "1767976200",
            "image": "photos/photo_992@24-01-2026_17-42-02.jpg",
            "rtn_id": "1001",
            "name:fa": "حسین صادقی",
            "sources": "https://t.me/RememberTheirNames/1056"
          },
          {
            "date": "1767889800",
            "image": "photos/photo_1002@24-01-2026_18-15-34.jpg",
            "rtn_id": "1011",
            "name:fa": "امین طولابی",
            "sources": "https://t.me/RememberTheirNames/1068"
          },
          {
            "date": "1767889800",
            "image": "photos/photo_1017@24-01-2026_19-21-06.jpg",
            "rtn_id": "1026",
            "name:fa": "ملک‌ نیاز کردعلیوند",
            "sources": "https://t.me/RememberTheirNames/1083"
          },
          {
            "date": "1767889800",
            "image": "photos/photo_1084@25-01-2026_02-08-24.jpg",
            "rtn_id": "1094",
            "name:fa": "محمدحسین پرنون ۱۵ ساله",
            "sources": "https://t.me/RememberTheirNames/1155"
          },
          {
            "date": "1768149000",
            "image": "photos/photo_1241@26-01-2026_14-36-46.jpg",
            "rtn_id": "1253",
            "name:fa": "محمد چگنی",
            "sources": "https://t.me/RememberTheirNames/1319"
          },
          {
            "date": "1767976200",
            "image": "photos/photo_1641@29-01-2026_23-57-06.jpg",
            "rtn_id": "1652",
            "name:fa": "محمدطاها سپهوند ۱۶ ساله",
            "sources": "https://t.me/RememberTheirNames/1738"
          },
          {
            "date": "1767889800",
            "image": "photos/photo_1788@31-01-2026_16-14-32.jpg",
            "rtn_id": "1799",
            "name:fa": "امیرمحمد سگوند",
            "sources": "https://t.me/RememberTheirNames/1898"
          },
          {
            "date": "1767889800",
            "image": "photos/photo_1848@01-02-2026_08-20-37.jpg",
            "rtn_id": "1861",
            "name:fa": "حسن محمدی‌فر",
            "sources": "https://t.me/RememberTheirNames/1961"
          },
          {
            "date": "1767889800",
            "image": "photos/photo_2178@05-02-2026_08-15-45.jpg",
            "rtn_id": "2192",
            "name:fa": "سعیده نوریان",
            "sources": "https://t.me/RememberTheirNames/2310"
          },
          {
            "date": "1767889800",
            "image": "photos/photo_2380@08-02-2026_04-31-55.jpg",
            "rtn_id": "2395",
            "name:fa": "رسول طهماسبی",
            "sources": "https://t.me/RememberTheirNames/2521"
          },
          {
            "date": "1767976200",
            "image": "photos/photo_2832@18-02-2026_11-58-51.jpg",
            "rtn_id": "2844",
            "name:fa": "علی احمدی دولتشاه",
            "sources": "https://t.me/RememberTheirNames/3012"
          },
          {
            "date": "1767889800",
            "image": "photos/photo_2837@18-02-2026_14-27-07.jpg",
            "rtn_id": "2849",
            "name:fa": "محمدکاظم آریان",
            "sources": "https://t.me/RememberTheirNames/3017"
          },
          {
            "date": "1767889845-1768161645",
            "image": "photos/photo_2841@19-02-2026_03-37-00.jpg",
            "rtn_id": "2853",
            "name:fa": "غلامحسین اندیش (اندیشی بیرانوند)",
            "sources": "https://t.me/RememberTheirNames/3021"
          },
          {
            "date": "1767889800",
            "image": "photos/photo_1732@30-01-2026_21-49-26.jpg",
            "rtn_id": "1743",
            "name:fa": "امیررضا حسنوند",
            "sources": "https://t.me/RememberTheirNames/1840"
          },
          {
            "date": "1767889800",
            "image": "photos/photo_1802@31-01-2026_12-32-47.jpg",
            "rtn_id": "1813",
            "name:fa": "پارسا لرستانی ۱۵ ساله",
            "sources": "https://t.me/RememberTheirNames/1914"
          },
          {
            "date": "1767976200",
            "image": "photos/photo_2970@24-02-2026_07-14-01.jpg",
            "rtn_id": "2982",
            "name:fa": "مهدی (فرشید) بهرامی",
            "sources": "https://t.me/RememberTheirNames/3157"
          },
          {
            "date": "1772296200",
            "image": "photos/photo_3050@09-03-2026_07-01-51.jpg",
            "rtn_id": "3062",
            "name:fa": "نهال آهوقلندری",
            "sources": "https://t.me/RememberTheirNames/3263"
          }
        ],
        "province": "استان لرستان",
        "publicId": "MTY6MTAyMjk",
        "sourceId": "10229",
        "layerId": 16,
        "type": "location",
        "status": "active",
        "urgency": null,
        "verificationTag": null,
        "expirationDate": null,
        "createdAt": "2026-03-11T20:43:09.917Z",
        "updatedAt": "2026-04-03T22:10:54.671Z"
      }
    },
    {
      "type": "Feature",
      "id": 370,
      "geometry": {
        "type": "Point",
        "coordinates": [
          49.7560994,
          37.3688716
        ]
      },
      "properties": {
        "id": "MTY6MTAyMzA",
        "city": "خشکبیجار",
        "count": 5,
        "people": [
          {
            "date": "1767803400",
            "image": "photos/photo_33@18-01-2026_20-22-31.jpg",
            "rtn_id": "33",
            "name:fa": "مبین یعقوب‌زاده",
            "sources": "https://t.me/RememberTheirNames/62"
          },
          {
            "date": "1767803400",
            "image": "photos/photo_34@18-01-2026_20-22-59.jpg",
            "rtn_id": "34",
            "name:fa": "میلاد غلامزاده",
            "sources": "https://t.me/RememberTheirNames/63"
          },
          {
            "date": "1767976200",
            "image": "photos/photo_227@19-01-2026_19-29-46.jpg",
            "rtn_id": "232",
            "name:fa": "اسحاق قنبرنیا",
            "sources": "https://t.me/RememberTheirNames/262"
          },
          {
            "date": "1768062600",
            "image": "photos/photo_2770@16-02-2026_17-05-04.jpg",
            "rtn_id": "2786",
            "name:fa": "مرتضی شادپور لاله‌دشتی",
            "sources": "https://t.me/RememberTheirNames/2935"
          },
          {
            "date": "1768062600",
            "image": "photos/photo_2771@16-02-2026_17-06-28.jpg",
            "rtn_id": "2787",
            "name:fa": "علی زمانی",
            "sources": "https://t.me/RememberTheirNames/2936"
          }
        ],
        "province": "استان گیلان",
        "publicId": "MTY6MTAyMzA",
        "sourceId": "10230",
        "layerId": 16,
        "type": "location",
        "status": "active",
        "urgency": null,
        "verificationTag": null,
        "expirationDate": null,
        "createdAt": "2026-03-11T20:43:09.917Z",
        "updatedAt": "2026-04-03T22:10:54.673Z"
      }
    },
    {
      "type": "Feature",
      "id": 371,
      "geometry": {
        "type": "Point",
        "coordinates": [
          50.0762033,
          33.6542135
        ]
      },
      "properties": {
        "id": "MTY6MTAyMzE",
        "city": "خمین",
        "count": 2,
        "people": [
          {
            "date": "1767889800",
            "image": "photos/photo_1234@26-01-2026_13-01-47.jpg",
            "rtn_id": "1246",
            "name:fa": "سجاد کمانکش",
            "sources": "https://t.me/RememberTheirNames/1312"
          },
          {
            "date": "1767803400",
            "image": "photos/photo_1683@30-01-2026_15-54-55.jpg",
            "rtn_id": "1694",
            "name:fa": "احمد صالحی",
            "sources": "https://t.me/RememberTheirNames/1784"
          }
        ],
        "province": "استان مرکزی",
        "publicId": "MTY6MTAyMzE",
        "sourceId": "10231",
        "layerId": 16,
        "type": "location",
        "status": "active",
        "urgency": null,
        "verificationTag": null,
        "expirationDate": null,
        "createdAt": "2026-03-11T20:43:09.918Z",
        "updatedAt": "2026-04-03T22:10:54.675Z"
      }
    },
    {
      "type": "Feature",
      "id": 372,
      "geometry": {
        "type": "Point",
        "coordinates": [
          51.5206821,
          32.6956687
        ]
      },
      "properties": {
        "id": "MTY6MTAyMzI",
        "city": "خمینی‌شهر",
        "count": 3,
        "people": [
          {
            "date": "1767976200",
            "image": "photos/photo_292@20-01-2026_00-30-45.jpg",
            "rtn_id": "297",
            "name:fa": "میلاد کوچکی",
            "sources": "https://t.me/RememberTheirNames/330"
          },
          {
            "date": "1767976200",
            "image": "photos/photo_484@21-01-2026_17-23-56.jpg",
            "rtn_id": "489",
            "name:fa": "حمیدرضا شاهین",
            "sources": "https://t.me/RememberTheirNames/527"
          },
          {
            "date": "1767976200",
            "image": "photos/photo_973@24-01-2026_15-49-19.jpg",
            "rtn_id": "982",
            "name:fa": "مهران جهانبخشی",
            "sources": "https://t.me/RememberTheirNames/1036"
          }
        ],
        "province": "استان اصفهان",
        "publicId": "MTY6MTAyMzI",
        "sourceId": "10232",
        "layerId": 16,
        "type": "location",
        "status": "active",
        "urgency": null,
        "verificationTag": null,
        "expirationDate": null,
        "createdAt": "2026-03-11T20:43:09.918Z",
        "updatedAt": "2026-04-03T22:10:54.676Z"
      }
    },
    {
      "type": "Feature",
      "id": 373,
      "geometry": {
        "type": "Point",
        "coordinates": [
          54.5533,
          28.7553
        ]
      },
      "properties": {
        "id": "MTY6MTAyMzM",
        "city": "داراب فارس",
        "count": 2,
        "people": [
          {
            "date": "1767889800",
            "image": "photos/photo_1173@25-01-2026_21-28-35.jpg",
            "rtn_id": "1183",
            "name:fa": "مهران مظفری",
            "sources": "https://t.me/RememberTheirNames/1249"
          },
          {
            "date": "1767889800",
            "image": "photos/photo_2187@05-02-2026_10-10-06.jpg",
            "rtn_id": "2201",
            "name:fa": "امیرحسین نجات",
            "sources": "https://t.me/RememberTheirNames/2319"
          }
        ],
        "province": "استان فارس",
        "publicId": "MTY6MTAyMzM",
        "sourceId": "10233",
        "layerId": 16,
        "type": "location",
        "status": "active",
        "urgency": null,
        "verificationTag": null,
        "expirationDate": null,
        "createdAt": "2026-03-11T20:43:09.919Z",
        "updatedAt": "2026-04-03T22:10:54.677Z"
      }
    },
    {
      "type": "Feature",
      "id": 374,
      "geometry": {
        "type": "Point",
        "coordinates": [
          48.4254,
          32.3712
        ]
      },
      "properties": {
        "id": "MTY6MTAyMzQ",
        "city": "دزفول",
        "count": 25,
        "people": [
          {
            "date": "1767457800",
            "image": "photos/photo_545@21-01-2026_23-55-11.jpg",
            "rtn_id": "550",
            "name:fa": "حمید کوچک کوتیانی",
            "sources": "https://t.me/RememberTheirNames/592"
          },
          {
            "date": "1767889845-1768161645",
            "image": "photos/photo_796@23-01-2026_16-41-59.jpg",
            "rtn_id": "802",
            "name:fa": "مهدی رحیمی",
            "sources": "https://t.me/RememberTheirNames/854"
          },
          {
            "date": "1767889845-1768161645",
            "image": "photos/photo_908@24-01-2026_00-55-09.jpg",
            "rtn_id": "917",
            "name:fa": "مسعود ستوده‌مهر",
            "sources": "https://t.me/RememberTheirNames/969"
          },
          {
            "date": "1767976200",
            "image": "photos/photo_1337@27-01-2026_01-18-54.jpg",
            "rtn_id": "1349",
            "name:fa": "مرتضی جهانگیری",
            "sources": "https://t.me/RememberTheirNames/1418"
          },
          {
            "date": "1767889845-1768161645",
            "image": "photos/photo_1358@27-01-2026_13-30-16.jpg",
            "rtn_id": "1370",
            "name:fa": "هادی شه‌ولی",
            "sources": "https://t.me/RememberTheirNames/1440"
          },
          {
            "date": "1767976200",
            "image": "photos/photo_1454@27-01-2026_23-05-34.jpg",
            "rtn_id": "1465",
            "name:fa": "ابراهیم حسینوند",
            "sources": "https://t.me/RememberTheirNames/1544"
          },
          {
            "date": "1767976200",
            "image": "photos/photo_1505@28-01-2026_13-34-21.jpg",
            "rtn_id": "1516",
            "name:fa": "رئوف درخشانی",
            "sources": "https://t.me/RememberTheirNames/1600"
          },
          {
            "date": null,
            "image": "photos/photo_1565@28-01-2026_20-50-26.jpg",
            "rtn_id": "1576",
            "name:fa": "احمد عشیری",
            "sources": "https://t.me/RememberTheirNames/1661"
          },
          {
            "date": "1767976200",
            "image": "photos/photo_1645@30-01-2026_00-09-02.jpg",
            "rtn_id": "1656",
            "name:fa": "منصور پوررکنی",
            "sources": "https://t.me/RememberTheirNames/1742"
          },
          {
            "date": null,
            "image": "photos/photo_1673@30-01-2026_14-46-32.jpg",
            "rtn_id": "1684",
            "name:fa": "علی عشیری",
            "sources": "https://t.me/RememberTheirNames/1772"
          },
          {
            "date": "1767976200",
            "image": "photos/photo_1707@30-01-2026_18-51-19.jpg",
            "rtn_id": "1718",
            "name:fa": "حمید شاکریان",
            "sources": "https://t.me/RememberTheirNames/1812"
          },
          {
            "date": "1767976200",
            "image": "photos/photo_1736@30-01-2026_22-33-44.jpg",
            "rtn_id": "1747",
            "name:fa": "حسین شیرمحمدی",
            "sources": "https://t.me/RememberTheirNames/1844"
          },
          {
            "date": "1767976200",
            "image": "photos/photo_2006@03-02-2026_06-37-30.jpg",
            "rtn_id": "2020",
            "name:fa": "مهرداد افزا",
            "sources": "https://t.me/RememberTheirNames/2130"
          },
          {
            "date": "1767889800",
            "image": "photos/photo_2074@04-02-2026_05-19-50.jpg",
            "rtn_id": "2088",
            "name:fa": "محمد اسماعیلی لیوسی",
            "sources": "https://t.me/RememberTheirNames/2203"
          },
          {
            "date": "1767976200",
            "image": "photos/photo_2119@04-02-2026_15-16-03.jpg",
            "rtn_id": "2133",
            "name:fa": "امیرعلی یحیایی",
            "sources": "https://t.me/RememberTheirNames/2250"
          },
          {
            "date": "1767976200",
            "image": "photos/photo_2339@07-02-2026_07-35-50.jpg",
            "rtn_id": "2354",
            "name:fa": "مهدی پورراستی",
            "sources": "https://t.me/RememberTheirNames/2476"
          },
          {
            "date": "1767889845-1768161645",
            "image": "photos/photo_2407@08-02-2026_07-34-20.jpg",
            "rtn_id": "2422",
            "name:fa": "مسعود عیسوند جهانبخشی",
            "sources": "https://t.me/RememberTheirNames/2548"
          },
          {
            "date": "1767976200",
            "image": "photos/photo_2536@09-02-2026_18-08-57.jpg",
            "rtn_id": "2551",
            "name:fa": "علی حاجیوند رشیدی",
            "sources": "https://t.me/RememberTheirNames/2691"
          },
          {
            "date": "1767976200",
            "image": "photos/photo_2559@10-02-2026_06-50-46.jpg",
            "rtn_id": "2574",
            "name:fa": "عبدالعظیم(عظیم) یوسفعلی زارعی",
            "sources": "https://t.me/RememberTheirNames/2716"
          },
          {
            "date": "1767889800",
            "image": "photos/photo_2560@10-02-2026_06-54-07.jpg",
            "rtn_id": "2575",
            "name:fa": "احمد بنواری",
            "sources": "https://t.me/RememberTheirNames/2717"
          },
          {
            "date": "1767889800",
            "image": "photos/photo_2561@10-02-2026_06-56-54.jpg",
            "rtn_id": "2576",
            "name:fa": "ایمان صادق‌منش",
            "sources": "https://t.me/RememberTheirNames/2718"
          },
          {
            "date": "1767976200",
            "image": "photos/photo_2562@10-02-2026_07-04-03.jpg",
            "rtn_id": "2577",
            "name:fa": "قدرت‌الله (قدرت) کائدخورده",
            "sources": "https://t.me/RememberTheirNames/2719"
          },
          {
            "date": "1767889800",
            "image": "photos/photo_2566@10-02-2026_09-17-15.jpg",
            "rtn_id": "2581",
            "name:fa": "مصطفی عیسوند",
            "sources": "https://t.me/RememberTheirNames/2723"
          },
          {
            "date": "1767976200",
            "image": "photos/photo_2629@12-02-2026_01-34-50.jpg",
            "rtn_id": "2644",
            "name:fa": "عباس حسینوند پیشکول",
            "sources": "https://t.me/RememberTheirNames/2791"
          },
          {
            "date": "1767889845-1768161645",
            "image": "photos/photo_2653@13-02-2026_06-43-56.jpg",
            "rtn_id": "2668",
            "name:fa": "مسلم عبداللهی",
            "sources": "https://t.me/RememberTheirNames/2815"
          }
        ],
        "province": "استان خوزستان",
        "publicId": "MTY6MTAyMzQ",
        "sourceId": "10234",
        "layerId": 16,
        "type": "location",
        "status": "active",
        "urgency": null,
        "verificationTag": null,
        "expirationDate": null,
        "createdAt": "2026-03-11T20:43:09.919Z",
        "updatedAt": "2026-04-03T22:10:54.680Z"
      }
    },
    {
      "type": "Feature",
      "id": 375,
      "geometry": {
        "type": "Point",
        "coordinates": [
          52.0729966,
          35.7143333
        ]
      },
      "properties": {
        "id": "MTY6MTAyMzU",
        "city": "دماوند",
        "count": 2,
        "people": [
          {
            "date": null,
            "image": "photos/photo_1715@30-01-2026_19-43-55.jpg",
            "rtn_id": "1726",
            "name:fa": "سید محمدجواد موسوی",
            "sources": "https://t.me/RememberTheirNames/1821"
          },
          {
            "date": "1767889845-1768161645",
            "image": "photos/photo_2334@07-02-2026_04-37-14.jpg",
            "rtn_id": "2349",
            "name:fa": "مهدی خطیبی",
            "sources": "https://t.me/RememberTheirNames/2471"
          }
        ],
        "province": "استان تهران",
        "publicId": "MTY6MTAyMzU",
        "sourceId": "10235",
        "layerId": 16,
        "type": "location",
        "status": "active",
        "urgency": null,
        "verificationTag": null,
        "expirationDate": null,
        "createdAt": "2026-03-11T20:43:09.920Z",
        "updatedAt": "2026-04-03T22:10:54.681Z"
      }
    },
    {
      "type": "Feature",
      "id": 376,
      "geometry": {
        "type": "Point",
        "coordinates": [
          50.656,
          36.907
        ]
      },
      "properties": {
        "id": "MTY6MTAyMzY",
        "city": "رامسر",
        "count": 8,
        "people": [
          {
            "date": "1767976200",
            "image": "photos/photo_329@20-01-2026_12-09-39.jpg",
            "rtn_id": "334",
            "name:fa": "مهدی ساحلی",
            "sources": "https://t.me/RememberTheirNames/368"
          },
          {
            "date": "1767889800",
            "image": "photos/photo_680@22-01-2026_23-04-42.jpg",
            "rtn_id": "686",
            "name:fa": "امیرمحمد استاددوست",
            "sources": "https://t.me/RememberTheirNames/736"
          },
          {
            "date": "1768149000",
            "image": "photos/photo_1004@24-01-2026_18-20-10.jpg",
            "rtn_id": "1013",
            "name:fa": "وحید جهانگیری",
            "sources": "https://t.me/RememberTheirNames/1070"
          },
          {
            "date": "1767889800",
            "image": "photos/photo_1612@29-01-2026_17-52-03.jpg",
            "rtn_id": "1623",
            "name:fa": "محمد حقیقی اصل",
            "sources": "https://t.me/RememberTheirNames/1709"
          },
          {
            "date": "1767889800",
            "image": "photos/photo_1892@01-02-2026_14-34-36.jpg",
            "rtn_id": "1906",
            "name:fa": "سمیرا خانی",
            "sources": "https://t.me/RememberTheirNames/2008"
          },
          {
            "date": "1767889800",
            "image": "photos/photo_2000@03-02-2026_05-10-26.jpg",
            "rtn_id": "2014",
            "name:fa": "حسن خلج",
            "sources": "https://t.me/RememberTheirNames/2124"
          },
          {
            "date": "1767889800",
            "image": "photos/photo_2340@07-02-2026_07-38-33.jpg",
            "rtn_id": "2355",
            "name:fa": "محمدجواد فردوس‌ خبازی",
            "sources": "https://t.me/RememberTheirNames/2477"
          },
          {
            "date": "1767976200",
            "image": "photos/photo_2998@25-02-2026_10-57-44.jpg",
            "rtn_id": "3010",
            "name:fa": "مهرزاد خلج‌کجی",
            "sources": "https://t.me/RememberTheirNames/3186"
          }
        ],
        "province": "استان مازندران",
        "publicId": "MTY6MTAyMzY",
        "sourceId": "10236",
        "layerId": 16,
        "type": "location",
        "status": "active",
        "urgency": null,
        "verificationTag": null,
        "expirationDate": null,
        "createdAt": "2026-03-11T20:43:09.923Z",
        "updatedAt": "2026-04-03T22:10:54.682Z"
      }
    },
    {
      "type": "Feature",
      "id": 377,
      "geometry": {
        "type": "Point",
        "coordinates": [
          51.1860988,
          35.4486198
        ]
      },
      "properties": {
        "id": "MTY6MTAyMzc",
        "city": "رباط‌کریم",
        "count": 3,
        "people": [
          {
            "date": "1767976200",
            "image": "photos/photo_1332@27-01-2026_00-45-17.jpg",
            "rtn_id": "1344",
            "name:fa": "ابوالفضل جاهدی",
            "sources": "https://t.me/RememberTheirNames/1413"
          },
          {
            "date": "1767976200",
            "image": "photos/photo_2213@05-02-2026_14-52-33.jpg",
            "rtn_id": "2227",
            "name:fa": "سعید سالاری",
            "sources": "https://t.me/RememberTheirNames/2346"
          },
          {
            "date": "1767976200",
            "image": "photos/photo_1914@01-02-2026_16-11-41.jpg",
            "rtn_id": "1928",
            "name:fa": "محمدرضا علیزاده‌نسب ۱۶ساله",
            "sources": "https://t.me/RememberTheirNames/2031"
          }
        ],
        "province": "استان تهران",
        "publicId": "MTY6MTAyMzc",
        "sourceId": "10237",
        "layerId": 16,
        "type": "location",
        "status": "active",
        "urgency": null,
        "verificationTag": null,
        "expirationDate": null,
        "createdAt": "2026-03-11T20:43:09.924Z",
        "updatedAt": "2026-04-03T22:10:54.683Z"
      }
    },
    {
      "type": "Feature",
      "id": 378,
      "geometry": {
        "type": "Point",
        "coordinates": [
          49.4219177,
          36.826779
        ]
      },
      "properties": {
        "id": "MTY6MTAyMzg",
        "city": "رستم‌آباد گیلان",
        "count": 4,
        "people": [
          {
            "date": "1767889800",
            "image": "photos/photo_119@19-01-2026_00-32-32.jpg",
            "rtn_id": "120",
            "name:fa": "عباس خادم",
            "sources": "https://t.me/RememberTheirNames/151"
          },
          {
            "date": "1767889800",
            "image": "photos/photo_1807@31-01-2026_13-30-57.jpg",
            "rtn_id": "1818",
            "name:fa": "مهدی جمشیدی",
            "sources": "https://t.me/RememberTheirNames/1919"
          },
          {
            "date": "1767889800",
            "image": "photos/photo_2036@03-02-2026_12-39-52.jpg",
            "rtn_id": "2050",
            "name:fa": "کلثوم میرزایی توسه",
            "sources": "https://t.me/RememberTheirNames/2164"
          },
          {
            "date": "1767889800",
            "image": "photos/photo_2798@17-02-2026_10-26-12.jpg",
            "rtn_id": "2814",
            "name:fa": "عباس شافوری نیاسر",
            "sources": "https://t.me/RememberTheirNames/2965"
          }
        ],
        "province": "استان گیلان",
        "publicId": "MTY6MTAyMzg",
        "sourceId": "10238",
        "layerId": 16,
        "type": "location",
        "status": "active",
        "urgency": null,
        "verificationTag": null,
        "expirationDate": null,
        "createdAt": "2026-03-11T20:43:09.924Z",
        "updatedAt": "2026-04-03T22:10:54.685Z"
      }
    },
    {
      "type": "Feature",
      "id": 379,
      "geometry": {
        "type": "Point",
        "coordinates": [
          53.885278,
          36.601667
        ]
      },
      "properties": {
        "id": "MTY6MTAyMzk",
        "city": "رستم‌کلا مازندران",
        "count": 4,
        "people": [
          {
            "date": "1767976200",
            "image": "photos/photo_926@24-01-2026_12-46-31.jpg",
            "rtn_id": "935",
            "name:fa": "مجتبی رضوانی",
            "sources": "https://t.me/RememberTheirNames/987"
          },
          {
            "date": "1767976200",
            "image": "photos/photo_927@24-01-2026_12-48-21.jpg",
            "rtn_id": "936",
            "name:fa": "مهدی حسامی",
            "sources": "https://t.me/RememberTheirNames/988"
          },
          {
            "date": "1767976200",
            "image": "photos/photo_928@24-01-2026_12-48-59.jpg",
            "rtn_id": "937",
            "name:fa": "امیر ابراهیم‌نژاد",
            "sources": "https://t.me/RememberTheirNames/989"
          },
          {
            "date": "1767976200",
            "image": "photos/photo_929@24-01-2026_12-49-52.jpg",
            "rtn_id": "938",
            "name:fa": "سینا فرجی",
            "sources": "https://t.me/RememberTheirNames/990"
          }
        ],
        "province": "استان مازندران",
        "publicId": "MTY6MTAyMzk",
        "sourceId": "10239",
        "layerId": 16,
        "type": "location",
        "status": "active",
        "urgency": null,
        "verificationTag": null,
        "expirationDate": null,
        "createdAt": "2026-03-11T20:43:09.925Z",
        "updatedAt": "2026-04-03T22:10:54.686Z"
      }
    },
    {
      "type": "Feature",
      "id": 380,
      "geometry": {
        "type": "Point",
        "coordinates": [
          49.6191,
          37.2831
        ]
      },
      "properties": {
        "id": "MTY6MTAyNDA",
        "city": "رشت",
        "count": 111,
        "people": [
          {
            "date": "1767889800",
            "image": "photos/photo_55@18-01-2026_22-42-47.jpg",
            "rtn_id": "55",
            "name:fa": "مسعود ذات‌پرور",
            "sources": "https://t.me/RememberTheirNames/86"
          },
          {
            "date": "1767889800",
            "image": "photos/photo_59@18-01-2026_22-48-03.jpg",
            "rtn_id": "59",
            "name:fa": "مجتبی قربانی",
            "sources": "https://t.me/RememberTheirNames/90"
          },
          {
            "date": "1767889800",
            "image": "photos/photo_60@18-01-2026_22-48-50.jpg",
            "rtn_id": "60",
            "name:fa": "بهرام زاهدی",
            "sources": "https://t.me/RememberTheirNames/91"
          },
          {
            "date": "1767889800",
            "image": "photos/photo_101@19-01-2026_00-01-17.jpg",
            "rtn_id": "102",
            "name:fa": "مجید شوقی",
            "sources": "https://t.me/RememberTheirNames/133"
          },
          {
            "date": "1767889800",
            "image": "photos/photo_106@19-01-2026_00-11-07.jpg",
            "rtn_id": "107",
            "name:fa": "آیدین دولت‌خواه",
            "sources": "https://t.me/RememberTheirNames/138"
          },
          {
            "date": "1767889800",
            "image": "photos/photo_120@19-01-2026_00-33-29.jpg",
            "rtn_id": "121",
            "name:fa": "پرنیا شاد بجارکناری",
            "sources": "https://t.me/RememberTheirNames/152"
          },
          {
            "date": "1767889800",
            "image": "photos/photo_121@19-01-2026_00-35-13.jpg",
            "rtn_id": "122",
            "name:fa": "ابراهیم قیومی",
            "sources": "https://t.me/RememberTheirNames/153"
          },
          {
            "date": "1767889800",
            "image": "photos/photo_123@19-01-2026_00-37-39.jpg",
            "rtn_id": "124",
            "name:fa": "سعید میرزایی",
            "sources": "https://t.me/RememberTheirNames/155"
          },
          {
            "date": "1767889800",
            "image": "photos/photo_160@19-01-2026_12-09-24.jpg",
            "rtn_id": "161",
            "name:fa": "امید نوروزی",
            "sources": "https://t.me/RememberTheirNames/194"
          },
          {
            "date": "1767889800",
            "image": "photos/photo_196@19-01-2026_16-53-44.jpg",
            "rtn_id": "197",
            "name:fa": "پریسا تقیبی",
            "sources": "https://t.me/RememberTheirNames/231"
          },
          {
            "date": "1767976200",
            "image": "photos/photo_211@19-01-2026_18-36-13.jpg",
            "rtn_id": "214",
            "name:fa": "مهدی دلخوش",
            "sources": "https://t.me/RememberTheirNames/246"
          },
          {
            "date": "1767976200",
            "image": "photos/photo_228@19-01-2026_19-32-53.jpg",
            "rtn_id": "233",
            "name:fa": "عباس آرزو",
            "sources": "https://t.me/RememberTheirNames/263"
          },
          {
            "date": "1767976200",
            "image": "photos/photo_240@19-01-2026_21-52-00.jpg",
            "rtn_id": "245",
            "name:fa": "سارا بهبودی",
            "sources": "https://t.me/RememberTheirNames/276"
          },
          {
            "date": "1767976200",
            "image": "photos/photo_261@19-01-2026_22-34-52.jpg",
            "rtn_id": "266",
            "name:fa": "امیرحسین (شایان) شکاری",
            "sources": "https://t.me/RememberTheirNames/299"
          },
          {
            "date": "1767976200",
            "image": "photos/photo_304@20-01-2026_09-42-23.jpg",
            "rtn_id": "309",
            "name:fa": "میثم زارعی بجارکناری",
            "sources": "https://t.me/RememberTheirNames/342"
          },
          {
            "date": "1767976200",
            "image": "photos/photo_328@20-01-2026_11-20-29.jpg",
            "rtn_id": "333",
            "name:fa": "میکاییل دادرس",
            "sources": "https://t.me/RememberTheirNames/367"
          },
          {
            "date": "1767976200",
            "image": "photos/photo_365@20-01-2026_16-27-02.jpg",
            "rtn_id": "370",
            "name:fa": "سجاد پورحسنی مقدم",
            "sources": "https://t.me/RememberTheirNames/405"
          },
          {
            "date": "1767976200",
            "image": "photos/photo_384@20-01-2026_19-40-21.jpg",
            "rtn_id": "389",
            "name:fa": "عباس کشاورز",
            "sources": "https://t.me/RememberTheirNames/424"
          },
          {
            "date": "1767889800",
            "image": "photos/photo_412@20-01-2026_22-52-40.jpg",
            "rtn_id": "417",
            "name:fa": "محمد علیزاده",
            "sources": "https://t.me/RememberTheirNames/452"
          },
          {
            "date": "1767889845-1768161645",
            "image": "photos/photo_475@21-01-2026_16-30-38.jpg",
            "rtn_id": "480",
            "name:fa": "محمد حاجی‌پور",
            "sources": "https://t.me/RememberTheirNames/518"
          },
          {
            "date": "1767889800",
            "image": "photos/photo_522@21-01-2026_21-39-56.jpg",
            "rtn_id": "527",
            "name:fa": "مهرداد فلاح",
            "sources": "https://t.me/RememberTheirNames/568"
          },
          {
            "date": "1767889800",
            "image": "photos/photo_594@22-01-2026_14-37-17.jpg",
            "rtn_id": "600",
            "name:fa": "حامد بامدادی",
            "sources": "https://t.me/RememberTheirNames/643"
          },
          {
            "date": "1767889800",
            "image": "photos/photo_598@22-01-2026_15-05-40.jpg",
            "rtn_id": "604",
            "name:fa": "یاسین جاویدان",
            "sources": "https://t.me/RememberTheirNames/648"
          },
          {
            "date": "1767889800",
            "image": "photos/photo_603@22-01-2026_15-30-06.jpg",
            "rtn_id": "609",
            "name:fa": "رضا سمیع‌پور",
            "sources": "https://t.me/RememberTheirNames/653"
          },
          {
            "date": "1767889845-1768161645",
            "image": "photos/photo_635@22-01-2026_17-50-08.jpg",
            "rtn_id": "641",
            "name:fa": "افسانه مهدی‌نژاد",
            "sources": "https://t.me/RememberTheirNames/687"
          },
          {
            "date": "1767889845-1768161645",
            "image": "photos/photo_671@22-01-2026_22-14-24.jpg",
            "rtn_id": "677",
            "name:fa": "مازیار سمیعی",
            "sources": "https://t.me/RememberTheirNames/725"
          },
          {
            "date": "1767889845-1768161645",
            "image": "photos/photo_773@23-01-2026_14-23-20.jpg",
            "rtn_id": "779",
            "name:fa": "صمد احمدی",
            "sources": "https://t.me/RememberTheirNames/831"
          },
          {
            "date": "1767889800",
            "image": "photos/photo_774@23-01-2026_14-25-23.jpg",
            "rtn_id": "780",
            "name:fa": "مهدی محمدی",
            "sources": "https://t.me/RememberTheirNames/832"
          },
          {
            "date": "1767889845-1768161645",
            "image": "photos/photo_817@23-01-2026_18-05-13.jpg",
            "rtn_id": "824",
            "name:fa": "حسین گودرزوند چگینی",
            "sources": "https://t.me/RememberTheirNames/875"
          },
          {
            "date": "1767889845-1768161645",
            "image": "photos/photo_818@23-01-2026_18-05-56.jpg",
            "rtn_id": "825",
            "name:fa": "نوید نوری",
            "sources": "https://t.me/RememberTheirNames/876"
          },
          {
            "date": "1767889800",
            "image": "photos/photo_838@23-01-2026_19-34-11.jpg",
            "rtn_id": "845",
            "name:fa": "نادیا خوشفکر",
            "sources": "https://t.me/RememberTheirNames/897"
          },
          {
            "date": "1767889800",
            "image": "photos/photo_914@24-01-2026_01-22-32.jpg",
            "rtn_id": "923",
            "name:fa": "پیمان درویشی",
            "sources": "https://t.me/RememberTheirNames/975"
          },
          {
            "date": "1767976200",
            "image": "photos/photo_1005@24-01-2026_18-21-29.jpg",
            "rtn_id": "1014",
            "name:fa": "مجید رشیدی",
            "sources": "https://t.me/RememberTheirNames/1071"
          },
          {
            "date": "1767889800",
            "image": "photos/photo_1025@24-01-2026_20-27-36.jpg",
            "rtn_id": "1034",
            "name:fa": "مونا اسمی",
            "sources": "https://t.me/RememberTheirNames/1092"
          },
          {
            "date": "1767976200",
            "image": "photos/photo_1069@25-01-2026_00-55-07.jpg",
            "rtn_id": "1079",
            "name:fa": "جواد یوسفی",
            "sources": "https://t.me/RememberTheirNames/1140"
          },
          {
            "date": "1767889800",
            "image": "photos/photo_1078@25-01-2026_01-40-18.jpg",
            "rtn_id": "1088",
            "name:fa": "امیر بشیری",
            "sources": "https://t.me/RememberTheirNames/1149"
          },
          {
            "date": "1767976200",
            "image": "photos/photo_1082@25-01-2026_02-03-20.jpg",
            "rtn_id": "1092",
            "name:fa": "ماهان حقیقی",
            "sources": "https://t.me/RememberTheirNames/1153"
          },
          {
            "date": "1767976200",
            "image": "photos/photo_1113@25-01-2026_13-39-38.jpg",
            "rtn_id": "1123",
            "name:fa": "نازنین جنت‌نژاد رمضان",
            "sources": "https://t.me/RememberTheirNames/1187"
          },
          {
            "date": "1767889800",
            "image": "photos/photo_1194@26-01-2026_00-15-48.jpg",
            "rtn_id": "1205",
            "name:fa": "فاطمه حاتم سنگری",
            "sources": "https://t.me/RememberTheirNames/1272"
          },
          {
            "date": "1767889845-1768161645",
            "image": "photos/photo_1195@26-01-2026_00-16-59.jpg",
            "rtn_id": "1206",
            "name:fa": "میلاد افروخته",
            "sources": "https://t.me/RememberTheirNames/1273"
          },
          {
            "date": "1767889800",
            "image": "photos/photo_1238@26-01-2026_14-13-11.jpg",
            "rtn_id": "1250",
            "name:fa": "محمد رضایی",
            "sources": "https://t.me/RememberTheirNames/1316"
          },
          {
            "date": "1767889800",
            "image": "photos/photo_1312@26-01-2026_22-39-43.jpg",
            "rtn_id": "1324",
            "name:fa": "مهراد فلاح",
            "sources": "https://t.me/RememberTheirNames/1393"
          },
          {
            "date": "1767889800",
            "image": "photos/photo_1344@27-01-2026_12-25-38.jpg",
            "rtn_id": "1356",
            "name:fa": "آذر نصیرپور",
            "sources": "https://t.me/RememberTheirNames/1426"
          },
          {
            "date": "1767889800",
            "image": "photos/photo_1345@27-01-2026_12-25-57.jpg",
            "rtn_id": "1357",
            "name:fa": "لیلا یعقوبی",
            "sources": "https://t.me/RememberTheirNames/1427"
          },
          {
            "date": "1767889800",
            "image": "photos/photo_1367@27-01-2026_14-34-59.jpg",
            "rtn_id": "1379",
            "name:fa": "صادق یوسفی",
            "sources": "https://t.me/RememberTheirNames/1449"
          },
          {
            "date": "1767889845-1768161645",
            "image": "photos/photo_1410@27-01-2026_18-31-39.jpg",
            "rtn_id": "1421",
            "name:fa": "امید زارع",
            "sources": "https://t.me/RememberTheirNames/1499"
          },
          {
            "date": "1767889800",
            "image": "photos/photo_1411@27-01-2026_19-30-17.jpg",
            "rtn_id": "1422",
            "name:fa": "بنیامین علیزاده ۱۴ ساله",
            "sources": "https://t.me/RememberTheirNames/1500"
          },
          {
            "date": "1767976200",
            "image": "photos/photo_1414@27-01-2026_19-47-05.jpg",
            "rtn_id": "1425",
            "name:fa": "حجت جوکار",
            "sources": "https://t.me/RememberTheirNames/1503"
          },
          {
            "date": "1767889845-1768161645",
            "image": "photos/photo_1415@27-01-2026_19-49-24.jpg",
            "rtn_id": "1426",
            "name:fa": "امیر عباسی",
            "sources": "https://t.me/RememberTheirNames/1504"
          },
          {
            "date": "1767976200",
            "image": "photos/photo_1416@27-01-2026_19-51-00.jpg",
            "rtn_id": "1427",
            "name:fa": "آرین روانی",
            "sources": "https://t.me/RememberTheirNames/1505"
          },
          {
            "date": "1767976200",
            "image": "photos/photo_1478@28-01-2026_00-47-45.jpg",
            "rtn_id": "1489",
            "name:fa": "مهرشاد حسینی",
            "sources": "https://t.me/RememberTheirNames/1569"
          },
          {
            "date": "1767976200",
            "image": "photos/photo_1482@28-01-2026_00-55-19.jpg",
            "rtn_id": "1493",
            "name:fa": "داوود خوش‌طلب",
            "sources": "https://t.me/RememberTheirNames/1573"
          },
          {
            "date": "1767976200",
            "image": "photos/photo_1546@28-01-2026_18-33-14.jpg",
            "rtn_id": "1557",
            "name:fa": "نازنین تقوا",
            "sources": "https://t.me/RememberTheirNames/1642"
          },
          {
            "date": null,
            "image": "photos/photo_1549@28-01-2026_18-37-23.jpg",
            "rtn_id": "1560",
            "name:fa": "بهنام ایمانی",
            "sources": "https://t.me/RememberTheirNames/1645"
          },
          {
            "date": "1767976200",
            "image": "photos/photo_1626@29-01-2026_21-26-59.jpg",
            "rtn_id": "1637",
            "name:fa": "امیر موحدی",
            "sources": "https://t.me/RememberTheirNames/1723"
          },
          {
            "date": "1767976200",
            "image": "photos/photo_1639@29-01-2026_23-25-33.jpg",
            "rtn_id": "1650",
            "name:fa": "علی ربانی",
            "sources": "https://t.me/RememberTheirNames/1736"
          },
          {
            "date": "1767889800",
            "image": "photos/photo_1650@30-01-2026_00-51-53.jpg",
            "rtn_id": "1661",
            "name:fa": "زینب (محبوبه) مویدی",
            "sources": "https://t.me/RememberTheirNames/1747"
          },
          {
            "date": "1767889800",
            "image": "photos/photo_1689@30-01-2026_16-36-20.jpg",
            "rtn_id": "1700",
            "name:fa": "یوحنا میرپادیاب",
            "sources": "https://t.me/RememberTheirNames/1790"
          },
          {
            "date": "1767976200",
            "image": "photos/photo_1696@30-01-2026_17-22-57.jpg",
            "rtn_id": "1707",
            "name:fa": "الیاس خجسته‌پور",
            "sources": "https://t.me/RememberTheirNames/1798"
          },
          {
            "date": "1767889800",
            "image": "photos/photo_1697@30-01-2026_17-24-37.jpg",
            "rtn_id": "1708",
            "name:fa": "امین پیرو",
            "sources": "https://t.me/RememberTheirNames/1799"
          },
          {
            "date": null,
            "image": "photos/photo_1701@30-01-2026_17-31-31.jpg",
            "rtn_id": "1712",
            "name:fa": "حسین پوریوسفی",
            "sources": "https://t.me/RememberTheirNames/1803"
          },
          {
            "date": "1767976200",
            "image": "photos/photo_1702@30-01-2026_18-06-43.jpg",
            "rtn_id": "1713",
            "name:fa": "مهدی بیاضی",
            "sources": "https://t.me/RememberTheirNames/1804"
          },
          {
            "date": "1767976200",
            "image": "photos/photo_1761@31-01-2026_12-22-38.jpg",
            "rtn_id": "1772",
            "name:fa": "سجاد حسین‌نیا",
            "sources": "https://t.me/RememberTheirNames/1869"
          },
          {
            "date": null,
            "image": "photos/photo_1773@31-01-2026_13-25-21.jpg",
            "rtn_id": "1784",
            "name:fa": "عارف جعفرزاده",
            "sources": "https://t.me/RememberTheirNames/1881"
          },
          {
            "date": "1767889800",
            "image": "photos/photo_1794@31-01-2026_10-09-02.jpg",
            "rtn_id": "1805",
            "name:fa": "شاهین پورناصرانی",
            "sources": "https://t.me/RememberTheirNames/1905"
          },
          {
            "date": "1767889845-1768161645",
            "image": "photos/photo_1808@31-01-2026_13-33-56.jpg",
            "rtn_id": "1819",
            "name:fa": "زهرا شادمهر",
            "sources": "https://t.me/RememberTheirNames/1920"
          },
          {
            "date": "1767889800",
            "image": "photos/photo_1809@31-01-2026_13-36-09.jpg",
            "rtn_id": "1820",
            "name:fa": "عرفان تقی‌زاده",
            "sources": "https://t.me/RememberTheirNames/1921"
          },
          {
            "date": "1767976200",
            "image": "photos/photo_1811@31-01-2026_13-50-37.jpg",
            "rtn_id": "1822",
            "name:fa": "سامان ابراهیم‌پور",
            "sources": "https://t.me/RememberTheirNames/1923"
          },
          {
            "date": "1767976200",
            "image": "photos/photo_1813@31-01-2026_13-54-28.jpg",
            "rtn_id": "1824",
            "name:fa": "پیمان پورعلیجانی",
            "sources": "https://t.me/RememberTheirNames/1925"
          },
          {
            "date": "1767889800",
            "image": "photos/photo_1828@01-02-2026_02-24-31.jpg",
            "rtn_id": "1841",
            "name:fa": "امیررضا (مهرشاد) یزدانی",
            "sources": "https://t.me/RememberTheirNames/1940"
          },
          {
            "date": "1767976200",
            "image": "photos/photo_1845@01-02-2026_07-53-22.jpg",
            "rtn_id": "1858",
            "name:fa": "امیرمحمد شادرو",
            "sources": "https://t.me/RememberTheirNames/1958"
          },
          {
            "date": "1767889800",
            "image": "photos/photo_1867@01-02-2026_11-35-28.jpg",
            "rtn_id": "1881",
            "name:fa": "اسماعیل شفیعی",
            "sources": "https://t.me/RememberTheirNames/1980"
          },
          {
            "date": "1767889845-1768161645",
            "image": "photos/photo_1908@01-02-2026_15-52-38.jpg",
            "rtn_id": "1922",
            "name:fa": "مسلم فاطمی",
            "sources": "https://t.me/RememberTheirNames/2025"
          },
          {
            "date": "1767976200",
            "image": "photos/photo_1921@01-02-2026_16-28-07.jpg",
            "rtn_id": "1935",
            "name:fa": "شهریار حسن‌زرآبادی",
            "sources": "https://t.me/RememberTheirNames/2038"
          },
          {
            "date": "1767889800",
            "image": "photos/photo_1925@01-02-2026_17-55-02.jpg",
            "rtn_id": "1939",
            "name:fa": "حامد دلدار",
            "sources": "https://t.me/RememberTheirNames/2042"
          },
          {
            "date": "1767889800",
            "image": "photos/photo_1930@02-02-2026_00-30-14.jpg",
            "rtn_id": "1944",
            "name:fa": "محمدتقی نامدار",
            "sources": "https://t.me/RememberTheirNames/2048"
          },
          {
            "date": "1767889845-1768161645",
            "image": "photos/photo_1963@02-02-2026_10-50-27.jpg",
            "rtn_id": "1977",
            "name:fa": "محمدرضا منصوری",
            "sources": "https://t.me/RememberTheirNames/2084"
          },
          {
            "date": "1767976200",
            "image": "photos/photo_1969@02-02-2026_12-23-08.jpg",
            "rtn_id": "1983",
            "name:fa": "مختار شکورپناه",
            "sources": "https://t.me/RememberTheirNames/2091"
          },
          {
            "date": "1767889800",
            "image": "photos/photo_1984@02-02-2026_14-15-46.jpg",
            "rtn_id": "1998",
            "name:fa": "عرفان فلاح بلندطبع",
            "sources": "https://t.me/RememberTheirNames/2106"
          },
          {
            "date": "1767889845-1768161645",
            "image": "photos/photo_1996@03-02-2026_04-42-42.jpg",
            "rtn_id": "2010",
            "name:fa": "طاها هوشیار ۱۲ساله",
            "sources": "https://t.me/RememberTheirNames/2120"
          },
          {
            "date": "1767976200",
            "image": "photos/photo_2004@03-02-2026_06-12-26.jpg",
            "rtn_id": "2018",
            "name:fa": "مجتبی رضوانی میشامندانی",
            "sources": "https://t.me/RememberTheirNames/2128"
          },
          {
            "date": "1767976200",
            "image": "photos/photo_2114@04-02-2026_14-32-44.jpg",
            "rtn_id": "2128",
            "name:fa": "بهزاد حسینی آغوزبنی",
            "sources": "https://t.me/RememberTheirNames/2244"
          },
          {
            "date": "1767976200",
            "image": "photos/photo_2129@04-02-2026_16-04-40.jpg",
            "rtn_id": "2143",
            "name:fa": "فاطمه حاتم‌سنگری",
            "sources": "https://t.me/RememberTheirNames/2260"
          },
          {
            "date": "1767976200",
            "image": "photos/photo_2148@05-02-2026_04-35-00.jpg",
            "rtn_id": "2162",
            "name:fa": "قاسم ولدی شالمائی",
            "sources": "https://t.me/RememberTheirNames/2280"
          },
          {
            "date": "1767889800",
            "image": "photos/photo_2212@05-02-2026_14-45-51.jpg",
            "rtn_id": "2226",
            "name:fa": "علیرضا صافدل",
            "sources": "https://t.me/RememberTheirNames/2345"
          },
          {
            "date": "1767976200",
            "image": "photos/photo_2223@05-02-2026_15-37-27.jpg",
            "rtn_id": "2237",
            "name:fa": "اسماعیل علیمردانی",
            "sources": "https://t.me/RememberTheirNames/2356"
          },
          {
            "date": "1767889845-1768161645",
            "image": "photos/photo_2228@05-02-2026_15-55-40.jpg",
            "rtn_id": "2242",
            "name:fa": "رضا نظام‌پسند",
            "sources": "https://t.me/RememberTheirNames/2361"
          },
          {
            "date": "1767976200",
            "image": "photos/photo_2277@06-02-2026_10-41-08.jpg",
            "rtn_id": "2292",
            "name:fa": "امین امانی‌نژاد",
            "sources": "https://t.me/RememberTheirNames/2411"
          },
          {
            "date": "1767889800",
            "image": "photos/photo_2482@09-02-2026_06-12-17.jpg",
            "rtn_id": "2497",
            "name:fa": "علیرضا دژاکام",
            "sources": "https://t.me/RememberTheirNames/2627"
          },
          {
            "date": "1767889800",
            "image": "photos/photo_2557@10-02-2026_06-21-00.jpg",
            "rtn_id": "2572",
            "name:fa": "امیر محسنی‌پور رودبارکی",
            "sources": "https://t.me/RememberTheirNames/2714"
          },
          {
            "date": "1767976200",
            "image": "photos/photo_2564@10-02-2026_08-45-35.jpg",
            "rtn_id": "2579",
            "name:fa": "سودابه (نرگس) سربندی",
            "sources": "https://t.me/RememberTheirNames/2721"
          },
          {
            "date": "1767889800",
            "image": "photos/photo_2625@11-02-2026_14-47-18.jpg",
            "rtn_id": "2640",
            "name:fa": "بنیامین گلریز مژدهی",
            "sources": "https://t.me/RememberTheirNames/2787"
          },
          {
            "date": "1767976200",
            "image": "photos/photo_2674@13-02-2026_15-23-51.jpg",
            "rtn_id": "2689",
            "name:fa": "آریان روایی اسپلی",
            "sources": "https://t.me/RememberTheirNames/2836"
          },
          {
            "date": "1767976200",
            "image": "photos/photo_2723@15-02-2026_10-18-04.jpg",
            "rtn_id": "2738",
            "name:fa": "آرمان عابدمقامی",
            "sources": "https://t.me/RememberTheirNames/2886"
          },
          {
            "date": "1767889845-1768161645",
            "image": "photos/photo_2737@16-02-2026_07-56-14.jpg",
            "rtn_id": "2752",
            "name:fa": "سید محمد حسینی",
            "sources": "https://t.me/RememberTheirNames/2900"
          },
          {
            "date": "1767976200",
            "image": "photos/photo_2738@16-02-2026_07-57-13.jpg",
            "rtn_id": "2753",
            "name:fa": "مریم رستمی شیرکوهی",
            "sources": "https://t.me/RememberTheirNames/2901"
          },
          {
            "date": "1767976200",
            "image": "photos/photo_2749@16-02-2026_11-15-43.jpg",
            "rtn_id": "2765",
            "name:fa": "حسن ابراهیمیان پیربازاری",
            "sources": "https://t.me/RememberTheirNames/2912"
          },
          {
            "date": "1767976200",
            "image": "photos/photo_2750@16-02-2026_11-21-21.jpg",
            "rtn_id": "2766",
            "name:fa": "یاسر منصور (دایی)",
            "sources": "https://t.me/RememberTheirNames/2913"
          },
          {
            "date": "1767976200",
            "image": "photos/photo_2769@16-02-2026_17-02-25.jpg",
            "rtn_id": "2785",
            "name:fa": "مرتضی حداد شالکوهی",
            "sources": "https://t.me/RememberTheirNames/2934"
          },
          {
            "date": "1767889800",
            "image": "photos/photo_2772@16-02-2026_17-14-10.jpg",
            "rtn_id": "2788",
            "name:fa": "فردین پناهی",
            "sources": "https://t.me/RememberTheirNames/2937"
          },
          {
            "date": "1767976200",
            "image": "photos/photo_2781@17-02-2026_03-33-47.jpg",
            "rtn_id": "2797",
            "name:fa": "معصومه آذرسروش",
            "sources": "https://t.me/RememberTheirNames/2946"
          },
          {
            "date": "1767889800",
            "image": "photos/photo_2815@18-02-2026_03-07-18.jpg",
            "rtn_id": "2827",
            "name:fa": "عبدالرضا (ایمان) وثوق",
            "sources": "https://t.me/RememberTheirNames/2992"
          },
          {
            "date": "1767976200",
            "image": "photos/photo_2817@18-02-2026_03-24-05.jpg",
            "rtn_id": "2829",
            "name:fa": "فردین جعفرنژاد صف‌سری",
            "sources": "https://t.me/RememberTheirNames/2995"
          },
          {
            "date": "1767976200",
            "image": "photos/photo_2826@18-02-2026_08-45-33.jpg",
            "rtn_id": "2838",
            "name:fa": "حامد بهبودی",
            "sources": "https://t.me/RememberTheirNames/3005"
          },
          {
            "date": "1767976200",
            "image": "photos/photo_2845@19-02-2026_05-32-42.jpg",
            "rtn_id": "2857",
            "name:fa": "حسین محمدی‌نیا",
            "sources": "https://t.me/RememberTheirNames/3026"
          },
          {
            "date": "1767976200",
            "image": "photos/photo_2940@23-02-2026_04-14-05.jpg",
            "rtn_id": "2952",
            "name:fa": "فرید نوروزپور",
            "sources": "https://t.me/RememberTheirNames/3125"
          },
          {
            "date": "1767889800",
            "image": "photos/photo_2982@24-02-2026_15-21-00.jpg",
            "rtn_id": "2994",
            "name:fa": "بهادر رسولی",
            "sources": "https://t.me/RememberTheirNames/3169"
          },
          {
            "date": "1767889800",
            "image": "photos/photo_3009@26-02-2026_06-50-53.jpg",
            "rtn_id": "3021",
            "name:fa": "مهدی عابدی شاخالی",
            "sources": "https://t.me/RememberTheirNames/3200"
          },
          {
            "date": "1767889800",
            "image": "photos/photo_3030@06-03-2026_13-19-42.jpg",
            "rtn_id": "3042",
            "name:fa": "سعید سیاوشی",
            "sources": "https://t.me/RememberTheirNames/3238"
          },
          {
            "date": "1767976200",
            "image": "photos/photo_3031@07-03-2026_04-38-56.jpg",
            "rtn_id": "3043",
            "name:fa": "محمدرضا عالمی",
            "sources": "https://t.me/RememberTheirNames/3240"
          },
          {
            "date": "1767889845-1768161645",
            "image": "photos/photo_3038@09-03-2026_04-49-16.jpg",
            "rtn_id": "3050",
            "name:fa": "محسن مقدم گورابی",
            "sources": "https://t.me/RememberTheirNames/3251"
          }
        ],
        "province": "استان گیلان",
        "publicId": "MTY6MTAyNDA",
        "sourceId": "10240",
        "layerId": 16,
        "type": "location",
        "status": "active",
        "urgency": null,
        "verificationTag": null,
        "expirationDate": null,
        "createdAt": "2026-03-11T20:43:09.925Z",
        "updatedAt": "2026-04-03T22:10:54.687Z"
      }
    },
    {
      "type": "Feature",
      "id": 381,
      "geometry": {
        "type": "Point",
        "coordinates": [
          49.4119277,
          36.7983418
        ]
      },
      "properties": {
        "id": "MTY6MTAyNDE",
        "city": "رودبار",
        "count": 6,
        "people": [
          {
            "date": "1767889845-1768161645",
            "image": "photos/photo_885@23-01-2026_23-39-19.jpg",
            "rtn_id": "893",
            "name:fa": "فاطمه پورصادقی",
            "sources": "https://t.me/RememberTheirNames/945"
          },
          {
            "date": "1767889800",
            "image": "photos/photo_1243@26-01-2026_14-59-34.jpg",
            "rtn_id": "1255",
            "name:fa": "مصطفی خرسندیان",
            "sources": "https://t.me/RememberTheirNames/1321"
          },
          {
            "date": "1767976200",
            "image": "photos/photo_1517@28-01-2026_15-29-42.jpg",
            "rtn_id": "1528",
            "name:fa": "سهیل فتوحی ۱۷ ساله",
            "sources": "https://t.me/RememberTheirNames/1612"
          },
          {
            "date": null,
            "image": "photos/photo_1748@31-01-2026_11-11-44.jpg",
            "rtn_id": "1759",
            "name:fa": "سیدمحمد میرآقارضایی",
            "sources": "https://t.me/RememberTheirNames/1856"
          },
          {
            "date": "1768149000",
            "image": "photos/photo_2025@03-02-2026_10-55-52.jpg",
            "rtn_id": "2039",
            "name:fa": "سهیل فتوتی",
            "sources": "https://t.me/RememberTheirNames/2152"
          },
          {
            "date": "1767976200",
            "image": "photos/photo_2915@21-02-2026_11-44-06.jpg",
            "rtn_id": "2927",
            "name:fa": "حمید سهرابیان",
            "sources": "https://t.me/RememberTheirNames/3098"
          }
        ],
        "province": "استان گیلان",
        "publicId": "MTY6MTAyNDE",
        "sourceId": "10241",
        "layerId": 16,
        "type": "location",
        "status": "active",
        "urgency": null,
        "verificationTag": null,
        "expirationDate": null,
        "createdAt": "2026-03-11T20:43:09.926Z",
        "updatedAt": "2026-04-03T22:10:54.690Z"
      }
    },
    {
      "type": "Feature",
      "id": 382,
      "geometry": {
        "type": "Point",
        "coordinates": [
          46.1840475,
          33.9276792
        ]
      },
      "properties": {
        "id": "MTY6MTAyNDI",
        "city": "زرنه ایلام",
        "count": 1,
        "people": [
          {
            "date": "1767889800",
            "image": "photos/photo_77@18-01-2026_23-12-57.jpg",
            "rtn_id": "77",
            "name:fa": "مبین فیلی",
            "sources": "https://t.me/RememberTheirNames/108"
          }
        ],
        "province": "استان ایلام",
        "publicId": "MTY6MTAyNDI",
        "sourceId": "10242",
        "layerId": 16,
        "type": "location",
        "status": "active",
        "urgency": null,
        "verificationTag": null,
        "expirationDate": null,
        "createdAt": "2026-03-11T20:43:09.927Z",
        "updatedAt": "2026-04-03T22:10:54.691Z"
      }
    },
    {
      "type": "Feature",
      "id": 383,
      "geometry": {
        "type": "Point",
        "coordinates": [
          51.4193231,
          32.3981886
        ]
      },
      "properties": {
        "id": "MTY6MTAyNDM",
        "city": "زرین‌شهر",
        "count": 6,
        "people": [
          {
            "date": "1767889845-1768161645",
            "image": "photos/photo_592@22-01-2026_14-30-37.jpg",
            "rtn_id": "598",
            "name:fa": "محمدرضا رحیمی",
            "sources": "https://t.me/RememberTheirNames/641"
          },
          {
            "date": "1767889800",
            "image": "photos/photo_725@23-01-2026_10-45-46.jpg",
            "rtn_id": "731",
            "name:fa": "عارفه بیگی",
            "sources": "https://t.me/RememberTheirNames/781"
          },
          {
            "date": "1767976200",
            "image": "photos/photo_1086@25-01-2026_02-15-52.jpg",
            "rtn_id": "1096",
            "name:fa": "علی مهری ۱۶ ساله",
            "sources": "https://t.me/RememberTheirNames/1157"
          },
          {
            "date": "1767889800",
            "image": "photos/photo_1295@26-01-2026_20-47-11.jpg",
            "rtn_id": "1307",
            "name:fa": "الهام طغیانی",
            "sources": "https://t.me/RememberTheirNames/1375"
          },
          {
            "date": "1767889800",
            "image": "photos/photo_1296@26-01-2026_20-50-31.jpg",
            "rtn_id": "1308",
            "name:fa": "اسماعیل آهنگری",
            "sources": "https://t.me/RememberTheirNames/1376"
          },
          {
            "date": "1767889800",
            "image": "photos/photo_2651@13-02-2026_01-21-20.jpg",
            "rtn_id": "2666",
            "name:fa": "یاور دهقانی",
            "sources": "https://t.me/RememberTheirNames/2813"
          }
        ],
        "province": "استان اصفهان",
        "publicId": "MTY6MTAyNDM",
        "sourceId": "10243",
        "layerId": 16,
        "type": "location",
        "status": "active",
        "urgency": null,
        "verificationTag": null,
        "expirationDate": null,
        "createdAt": "2026-03-11T20:43:09.928Z",
        "updatedAt": "2026-04-03T22:10:54.692Z"
      }
    },
    {
      "type": "Feature",
      "id": 384,
      "geometry": {
        "type": "Point",
        "coordinates": [
          48.4721,
          36.6912
        ]
      },
      "properties": {
        "id": "MTY6MTAyNDQ",
        "city": "زنجان",
        "count": 14,
        "people": [
          {
            "date": "1767889800",
            "image": "photos/photo_631@22-01-2026_17-28-57.jpg",
            "rtn_id": "637",
            "name:fa": "عرشیا براری",
            "sources": "https://t.me/RememberTheirNames/683"
          },
          {
            "date": "1767889845-1768161645",
            "image": "photos/photo_787@23-01-2026_14-59-54.jpg",
            "rtn_id": "793",
            "name:fa": "ایلیا اجاقلو ۱۸ ساله",
            "sources": "https://t.me/RememberTheirNames/845"
          },
          {
            "date": "1767889800",
            "image": "photos/photo_995@24-01-2026_17-48-20.jpg",
            "rtn_id": "1004",
            "name:fa": "مهدی گنج‌دانش",
            "sources": "https://t.me/RememberTheirNames/1059"
          },
          {
            "date": "1767889800",
            "image": "photos/photo_1167@25-01-2026_20-43-53.jpg",
            "rtn_id": "1177",
            "name:fa": "جاوید رضایی ۱۷ ساله",
            "sources": "https://t.me/RememberTheirNames/1243"
          },
          {
            "date": "1767889800",
            "image": "photos/photo_1778@31-01-2026_14-41-42.jpg",
            "rtn_id": "1789",
            "name:fa": "متین پرویزی",
            "sources": "https://t.me/RememberTheirNames/1886"
          },
          {
            "date": "1767889800",
            "image": "photos/photo_2028@03-02-2026_11-17-59.jpg",
            "rtn_id": "2042",
            "name:fa": "محمدامین امیری",
            "sources": "https://t.me/RememberTheirNames/2155"
          },
          {
            "date": "1767889800",
            "image": "photos/photo_2173@05-02-2026_07-55-02.jpg",
            "rtn_id": "2187",
            "name:fa": "ابوالفضل مظفری",
            "sources": "https://t.me/RememberTheirNames/2305"
          },
          {
            "date": "1767889800",
            "image": "photos/photo_2194@05-02-2026_12-30-47.jpg",
            "rtn_id": "2208",
            "name:fa": "زهرا فولادی",
            "sources": "https://t.me/RememberTheirNames/2327"
          },
          {
            "date": "1767889800",
            "image": "photos/photo_2224@05-02-2026_15-42-42.jpg",
            "rtn_id": "2238",
            "name:fa": "رضا به‌گزین",
            "sources": "https://t.me/RememberTheirNames/2357"
          },
          {
            "date": "1767889800",
            "image": "photos/photo_2286@06-02-2026_11-31-25.jpg",
            "rtn_id": "2301",
            "name:fa": "بهروز آقاجانلو",
            "sources": "https://t.me/RememberTheirNames/2421"
          },
          {
            "date": "1767889800",
            "image": "photos/photo_2393@08-02-2026_06-43-15.jpg",
            "rtn_id": "2408",
            "name:fa": "سمیر احمدی",
            "sources": "https://t.me/RememberTheirNames/2534"
          },
          {
            "date": "1767889800",
            "image": "photos/photo_2731@15-02-2026_16-07-46.jpg",
            "rtn_id": "2746",
            "name:fa": "یزدان (ایمان) عزیزی",
            "sources": "https://t.me/RememberTheirNames/2894"
          },
          {
            "date": "1767889845-1768161645",
            "image": "photos/photo_2827@18-02-2026_08-49-04.jpg",
            "rtn_id": "2839",
            "name:fa": "بیژن حبیبی",
            "sources": "https://t.me/RememberTheirNames/3006"
          },
          {
            "date": "1767889800",
            "image": "photos/photo_2862@19-02-2026_12-00-15.jpg",
            "rtn_id": "2874",
            "name:fa": "مرتضی حیدری قلاعی",
            "sources": "https://t.me/RememberTheirNames/3043"
          }
        ],
        "province": "استان زنجان",
        "publicId": "MTY6MTAyNDQ",
        "sourceId": "10244",
        "layerId": 16,
        "type": "location",
        "status": "active",
        "urgency": null,
        "verificationTag": null,
        "expirationDate": null,
        "createdAt": "2026-03-11T20:43:09.928Z",
        "updatedAt": "2026-04-03T22:10:54.693Z"
      }
    },
    {
      "type": "Feature",
      "id": 385,
      "geometry": {
        "type": "Point",
        "coordinates": [
          52.9698733,
          36.1909297
        ]
      },
      "properties": {
        "id": "MTY6MTAyNDU",
        "city": "زیرآب سوادکوه",
        "count": 4,
        "people": [
          {
            "date": "1767976200",
            "image": "photos/photo_939@24-01-2026_13-53-41.jpg",
            "rtn_id": "948",
            "name:fa": "جعفر امیری",
            "sources": "https://t.me/RememberTheirNames/1001"
          },
          {
            "date": "1767976200",
            "image": "photos/photo_2146@05-02-2026_04-29-05.jpg",
            "rtn_id": "2160",
            "name:fa": "رضا رمضانی شلیمکی",
            "sources": "https://t.me/RememberTheirNames/2278"
          },
          {
            "date": "1767976200",
            "image": "photos/photo_2147@05-02-2026_04-31-46.jpg",
            "rtn_id": "2161",
            "name:fa": "میثم رضایی",
            "sources": "https://t.me/RememberTheirNames/2279"
          },
          {
            "date": "1767976200",
            "image": "photos/photo_2150@05-02-2026_04-38-25.jpg",
            "rtn_id": "2164",
            "name:fa": "جواد ابراهیمی",
            "sources": "https://t.me/RememberTheirNames/2282"
          }
        ],
        "province": "استان مازندران",
        "publicId": "MTY6MTAyNDU",
        "sourceId": "10245",
        "layerId": 16,
        "type": "location",
        "status": "active",
        "urgency": null,
        "verificationTag": null,
        "expirationDate": null,
        "createdAt": "2026-03-11T20:43:09.929Z",
        "updatedAt": "2026-04-03T22:10:54.694Z"
      }
    },
    {
      "type": "Feature",
      "id": 386,
      "geometry": {
        "type": "Point",
        "coordinates": [
          53.0721,
          36.5684
        ]
      },
      "properties": {
        "id": "MTY6MTAyNDY",
        "city": "ساری",
        "count": 10,
        "people": [
          {
            "date": "1767889800",
            "image": "photos/photo_140@19-01-2026_01-13-24.jpg",
            "rtn_id": "141",
            "name:fa": "محمد ابراهیمی",
            "sources": "https://t.me/RememberTheirNames/174"
          },
          {
            "date": "1767889800",
            "image": "photos/photo_270@19-01-2026_22-55-45.jpg",
            "rtn_id": "275",
            "name:fa": "مسلم جعفرزاده",
            "sources": "https://t.me/RememberTheirNames/308"
          },
          {
            "date": "1767889800",
            "image": "photos/photo_697@23-01-2026_00-44-24.jpg",
            "rtn_id": "703",
            "name:fa": "محمد میرزایی نوش‌آبادی",
            "sources": "https://t.me/RememberTheirNames/753"
          },
          {
            "date": "1767889800",
            "image": "photos/photo_1044@24-01-2026_22-17-34.jpg",
            "rtn_id": "1053",
            "name:fa": "علی‌عباس زورقچیان",
            "sources": "https://t.me/RememberTheirNames/1112"
          },
          {
            "date": "1767889800",
            "image": "photos/photo_1171@25-01-2026_21-04-09.jpg",
            "rtn_id": "1181",
            "name:fa": "محمدجواد درسنه",
            "sources": "https://t.me/RememberTheirNames/1247"
          },
          {
            "date": "1767889800",
            "image": "photos/photo_1184@25-01-2026_22-43-45.jpg",
            "rtn_id": "1194",
            "name:fa": "ابوالفضل عزیزی",
            "sources": "https://t.me/RememberTheirNames/1262"
          },
          {
            "date": "1767889800",
            "image": "photos/photo_1291@26-01-2026_20-19-27.jpg",
            "rtn_id": "1303",
            "name:fa": "ابوالفضل روشن",
            "sources": "https://t.me/RememberTheirNames/1371"
          },
          {
            "date": "1767889800",
            "image": "photos/photo_1343@27-01-2026_12-16-51.jpg",
            "rtn_id": "1355",
            "name:fa": "علی صالحی",
            "sources": "https://t.me/RememberTheirNames/1425"
          },
          {
            "date": "1767889800",
            "image": "photos/photo_1387@27-01-2026_16-09-42.jpg",
            "rtn_id": "1399",
            "name:fa": "فردین قنبری",
            "sources": "https://t.me/RememberTheirNames/1471"
          },
          {
            "date": "1767889800",
            "image": "photos/photo_3070@30-03-2026_12-11-30.jpg",
            "rtn_id": "3083",
            "name:fa": "معصومه (فائزه) علی‌آبادی",
            "sources": "https://t.me/RememberTheirNames/3290"
          }
        ],
        "province": "استان مازندران",
        "publicId": "MTY6MTAyNDY",
        "sourceId": "10246",
        "layerId": 16,
        "type": "location",
        "status": "active",
        "urgency": null,
        "verificationTag": null,
        "expirationDate": null,
        "createdAt": "2026-03-11T20:43:09.930Z",
        "updatedAt": "2026-04-03T22:10:54.695Z"
      }
    },
    {
      "type": "Feature",
      "id": 387,
      "geometry": {
        "type": "Point",
        "coordinates": [
          50.3567,
          35.0213
        ]
      },
      "properties": {
        "id": "MTY6MTAyNDc",
        "city": "ساوه",
        "count": 24,
        "people": [
          {
            "date": "1767976200",
            "image": "photos/photo_722@23-01-2026_10-33-38.jpg",
            "rtn_id": "728",
            "name:fa": "حسین دیبا",
            "sources": "https://t.me/RememberTheirNames/778"
          },
          {
            "date": "1767889800",
            "image": "photos/photo_183@19-01-2026_13-48-56.jpg",
            "rtn_id": "184",
            "name:fa": "اردشیر زارعی",
            "sources": "https://t.me/RememberTheirNames/217"
          },
          {
            "date": "1767976200",
            "image": "photos/photo_480@21-01-2026_16-47-37.jpg",
            "rtn_id": "485",
            "name:fa": "محسن ابراهیم‌زاده",
            "sources": "https://t.me/RememberTheirNames/523"
          },
          {
            "date": "1767889845-1768161645",
            "image": "photos/photo_748@23-01-2026_12-49-56.jpg",
            "rtn_id": "754",
            "name:fa": "مهرشاد شفائی",
            "sources": "https://t.me/RememberTheirNames/804"
          },
          {
            "date": "1767889800",
            "image": "photos/photo_804@23-01-2026_17-10-37.jpg",
            "rtn_id": "810",
            "name:fa": "سعید کلوندی",
            "sources": "https://t.me/RememberTheirNames/862"
          },
          {
            "date": "1767889845-1768161645",
            "image": "photos/photo_859@23-01-2026_21-40-43.jpg",
            "rtn_id": "866",
            "name:fa": "محمدجواد امینی (پدر)",
            "sources": "https://t.me/RememberTheirNames/918"
          },
          {
            "date": "1767889845-1768161645",
            "image": "photos/photo_860@23-01-2026_21-40-47.jpg",
            "rtn_id": "867",
            "name:fa": "امیرعباس امینی (پسر)",
            "sources": "https://t.me/RememberTheirNames/919"
          },
          {
            "date": "1767889845-1768161645",
            "image": "photos/photo_861@23-01-2026_21-43-40.jpg",
            "rtn_id": "868",
            "name:fa": "امیرعلی کاشی",
            "sources": "https://t.me/RememberTheirNames/920"
          },
          {
            "date": "1767889845-1768161645",
            "image": "photos/photo_862@23-01-2026_21-46-32.jpg",
            "rtn_id": "869",
            "name:fa": "مهدی اکرمی قدیرلی",
            "sources": "https://t.me/RememberTheirNames/921"
          },
          {
            "date": "1767889845-1768161645",
            "image": "photos/photo_863@23-01-2026_21-47-50.jpg",
            "rtn_id": "870",
            "name:fa": "مهدی ذبیحی",
            "sources": "https://t.me/RememberTheirNames/922"
          },
          {
            "date": "1767889845-1768161645",
            "image": "photos/photo_864@23-01-2026_21-47-53.jpg",
            "rtn_id": "871",
            "name:fa": "بشیر کریمی",
            "sources": "https://t.me/RememberTheirNames/923"
          },
          {
            "date": "1767889845-1768161645",
            "image": "photos/photo_865@23-01-2026_21-50-00.jpg",
            "rtn_id": "872",
            "name:fa": "محمدحسن بهادری",
            "sources": "https://t.me/RememberTheirNames/924"
          },
          {
            "date": "1767889845-1768161645",
            "image": "photos/photo_866@23-01-2026_21-52-07.jpg",
            "rtn_id": "873",
            "name:fa": "محسن برجی",
            "sources": "https://t.me/RememberTheirNames/925"
          },
          {
            "date": "1767889845-1768161645",
            "image": "photos/photo_866@23-01-2026_21-52-07.jpg",
            "rtn_id": "874",
            "name:fa": "امیرعلی برجی",
            "sources": "https://t.me/RememberTheirNames/925"
          },
          {
            "date": "1767889800",
            "image": "photos/photo_922@24-01-2026_12-28-16.jpg",
            "rtn_id": "931",
            "name:fa": "مهدی اصغری",
            "sources": "https://t.me/RememberTheirNames/983"
          },
          {
            "date": "1767889845-1768161645",
            "image": "photos/photo_1155@25-01-2026_19-32-26.jpg",
            "rtn_id": "1165",
            "name:fa": "نوید ناظمی‌ملکی",
            "sources": "https://t.me/RememberTheirNames/1230"
          },
          {
            "date": "1767889800",
            "image": "photos/photo_1513@28-01-2026_15-07-34.jpg",
            "rtn_id": "1524",
            "name:fa": "حسین بدرخانی",
            "sources": "https://t.me/RememberTheirNames/1608"
          },
          {
            "date": "1767976200",
            "image": "photos/photo_1578@28-01-2026_22-38-50.jpg",
            "rtn_id": "1589",
            "name:fa": "سعید عزیزی",
            "sources": "https://t.me/RememberTheirNames/1674"
          },
          {
            "date": "1767976200",
            "image": "photos/photo_2320@06-02-2026_16-47-10.jpg",
            "rtn_id": "2335",
            "name:fa": "علی‌اصغر اسماعیلی",
            "sources": "https://t.me/RememberTheirNames/2457"
          },
          {
            "date": "1767889800",
            "image": "photos/photo_2523@09-02-2026_13-39-23.jpg",
            "rtn_id": "2538",
            "name:fa": "محمدجواد عربعلی",
            "sources": "https://t.me/RememberTheirNames/2669"
          },
          {
            "date": "1767889800",
            "image": "photos/photo_2635@12-02-2026_11-44-26.jpg",
            "rtn_id": "2650",
            "name:fa": "محمدرضا رحمتی",
            "sources": "https://t.me/RememberTheirNames/2797"
          },
          {
            "date": "1767889800",
            "image": "photos/photo_2740@16-02-2026_09-17-37.jpg",
            "rtn_id": "2755",
            "name:fa": "مهدی رخشان فدایی",
            "sources": "https://t.me/RememberTheirNames/2903"
          },
          {
            "date": "1767889800",
            "image": "photos/photo_2762@16-02-2026_13-54-40.jpg",
            "rtn_id": "2778",
            "name:fa": "محمدحسین اصغری",
            "sources": "https://t.me/RememberTheirNames/2926"
          },
          {
            "date": "1767889800",
            "image": "photos/photo_2843@19-02-2026_04-21-21.jpg",
            "rtn_id": "2855",
            "name:fa": "وحید خانعلی",
            "sources": "https://t.me/RememberTheirNames/3024"
          }
        ],
        "province": "استان مرکزی",
        "publicId": "MTY6MTAyNDc",
        "sourceId": "10247",
        "layerId": 16,
        "type": "location",
        "status": "active",
        "urgency": null,
        "verificationTag": null,
        "expirationDate": null,
        "createdAt": "2026-03-11T20:43:09.931Z",
        "updatedAt": "2026-04-03T22:10:54.696Z"
      }
    },
    {
      "type": "Feature",
      "id": 388,
      "geometry": {
        "type": "Point",
        "coordinates": [
          57.6819,
          36.2126
        ]
      },
      "properties": {
        "id": "MTY6MTAyNDg",
        "city": "سبزوار",
        "count": 15,
        "people": [
          {
            "date": "1768062600",
            "image": "photos/photo_338@20-01-2026_13-16-13.jpg",
            "rtn_id": "343",
            "name:fa": "مرتضی شانه‌ای",
            "sources": "https://t.me/RememberTheirNames/377"
          },
          {
            "date": "1767889800",
            "image": "photos/photo_343@20-01-2026_13-28-33.jpg",
            "rtn_id": "348",
            "name:fa": "ابوالفضل پایدار",
            "sources": "https://t.me/RememberTheirNames/382"
          },
          {
            "date": "1767889845-1768161645",
            "image": "photos/photo_345@20-01-2026_13-30-51.jpg",
            "rtn_id": "350",
            "name:fa": "موسی‌الرضا اکبری",
            "sources": "https://t.me/RememberTheirNames/384"
          },
          {
            "date": "1767889845-1768161645",
            "image": "photos/photo_346@20-01-2026_13-32-04.jpg",
            "rtn_id": "351",
            "name:fa": "سجاد اردونی کبیر",
            "sources": "https://t.me/RememberTheirNames/385"
          },
          {
            "date": "1767976200",
            "image": "photos/photo_394@20-01-2026_20-20-47.jpg",
            "rtn_id": "399",
            "name:fa": "بهنام برآبادی",
            "sources": "https://t.me/RememberTheirNames/434"
          },
          {
            "date": "1767889845-1768161645",
            "image": "photos/photo_519@21-01-2026_21-27-29.jpg",
            "rtn_id": "524",
            "name:fa": "حسین باشتنی",
            "sources": "https://t.me/RememberTheirNames/562"
          },
          {
            "date": "1767889800",
            "image": "photos/photo_830@23-01-2026_19-00-24.jpg",
            "rtn_id": "837",
            "name:fa": "یوسف جلمبادانی",
            "sources": "https://t.me/RememberTheirNames/889"
          },
          {
            "date": "1767889800",
            "image": "photos/photo_887@23-01-2026_23-44-09.jpg",
            "rtn_id": "895",
            "name:fa": "امیرمهدی بیدخوری",
            "sources": "https://t.me/RememberTheirNames/947"
          },
          {
            "date": "1767889800",
            "image": "photos/photo_888@23-01-2026_23-45-49.jpg",
            "rtn_id": "896",
            "name:fa": "مژگان عرفانی‌فر",
            "sources": "https://t.me/RememberTheirNames/948"
          },
          {
            "date": "1767889800",
            "image": "photos/photo_956@24-01-2026_14-51-02.jpg",
            "rtn_id": "965",
            "name:fa": "فائزه ایزی",
            "sources": "https://t.me/RememberTheirNames/1018"
          },
          {
            "date": "1767889800",
            "image": "photos/photo_1041@24-01-2026_22-07-31.jpg",
            "rtn_id": "1050",
            "name:fa": "امیررضا خسروتاج",
            "sources": "https://t.me/RememberTheirNames/1109"
          },
          {
            "date": "1767889800",
            "image": "photos/photo_1558@28-01-2026_20-29-30.jpg",
            "rtn_id": "1569",
            "name:fa": "ابوالفضل قادری",
            "sources": "https://t.me/RememberTheirNames/1654"
          },
          {
            "date": "1768062600",
            "image": "photos/photo_1893@01-02-2026_14-45-10.jpg",
            "rtn_id": "1907",
            "name:fa": "عذرا بهادری‌نژاد",
            "sources": "https://t.me/RememberTheirNames/2009"
          },
          {
            "date": "1767889800",
            "image": "photos/photo_1959@02-02-2026_07-38-20.jpg",
            "rtn_id": "1973",
            "name:fa": "اعظم باقری‌پور",
            "sources": "https://t.me/RememberTheirNames/2080"
          },
          {
            "date": "1767976200",
            "image": "photos/photo_2167@05-02-2026_07-13-28.jpg",
            "rtn_id": "2181",
            "name:fa": "محمد لنگری",
            "sources": "https://t.me/RememberTheirNames/2299"
          }
        ],
        "province": "استان خراسان رضوی",
        "publicId": "MTY6MTAyNDg",
        "sourceId": "10248",
        "layerId": 16,
        "type": "location",
        "status": "active",
        "urgency": null,
        "verificationTag": null,
        "expirationDate": null,
        "createdAt": "2026-03-11T20:43:09.931Z",
        "updatedAt": "2026-04-03T22:10:54.697Z"
      }
    },
    {
      "type": "Feature",
      "id": 389,
      "geometry": {
        "type": "Point",
        "coordinates": [
          51.1674275,
          35.6461078
        ]
      },
      "properties": {
        "id": "MTY6MTAyNDk",
        "city": "سعیدآباد شهریار",
        "count": 1,
        "people": [
          {
            "date": "1767976200",
            "image": "photos/photo_428@21-01-2026_11-28-33.jpg",
            "rtn_id": "433",
            "name:fa": "محمد تقوی",
            "sources": "https://t.me/RememberTheirNames/468"
          }
        ],
        "province": "استان تهران",
        "publicId": "MTY6MTAyNDk",
        "sourceId": "10249",
        "layerId": 16,
        "type": "location",
        "status": "active",
        "urgency": null,
        "verificationTag": null,
        "expirationDate": null,
        "createdAt": "2026-03-11T20:43:09.932Z",
        "updatedAt": "2026-04-03T22:10:54.698Z"
      }
    },
    {
      "type": "Feature",
      "id": 390,
      "geometry": {
        "type": "Point",
        "coordinates": [
          52.7601182,
          36.0577721
        ]
      },
      "properties": {
        "id": "MTY6MTAyNTA",
        "city": "سوادکوه",
        "count": 2,
        "people": [
          {
            "date": "1767976200",
            "image": "photos/photo_1019@24-01-2026_19-41-12.jpg",
            "rtn_id": "1028",
            "name:fa": "رضا فولادی",
            "sources": "https://t.me/RememberTheirNames/1085"
          },
          {
            "date": "1767889845-1768161645",
            "image": "photos/photo_2172@05-02-2026_07-53-10.jpg",
            "rtn_id": "2186",
            "name:fa": "ابوذر زارعی",
            "sources": "https://t.me/RememberTheirNames/2304"
          }
        ],
        "province": "استان مازندران",
        "publicId": "MTY6MTAyNTA",
        "sourceId": "10250",
        "layerId": 16,
        "type": "location",
        "status": "active",
        "urgency": null,
        "verificationTag": null,
        "expirationDate": null,
        "createdAt": "2026-03-11T20:43:09.933Z",
        "updatedAt": "2026-04-03T22:10:54.699Z"
      }
    },
    {
      "type": "Feature",
      "id": 391,
      "geometry": {
        "type": "Point",
        "coordinates": [
          49.4037158,
          33.9251609
        ]
      },
      "properties": {
        "id": "MTY6MTAyNTE",
        "city": "شازند",
        "count": 2,
        "people": [
          {
            "date": "1768062600",
            "image": "photos/photo_682@22-01-2026_23-10-52.jpg",
            "rtn_id": "688",
            "name:fa": "جابر صالحی",
            "sources": "https://t.me/RememberTheirNames/738"
          },
          {
            "date": "1767889800",
            "image": "photos/photo_1087@25-01-2026_02-35-00.jpg",
            "rtn_id": "1097",
            "name:fa": "ابوالفضل اسکندری",
            "sources": "https://t.me/RememberTheirNames/1158"
          }
        ],
        "province": "استان مرکزی",
        "publicId": "MTY6MTAyNTE",
        "sourceId": "10251",
        "layerId": 16,
        "type": "location",
        "status": "active",
        "urgency": null,
        "verificationTag": null,
        "expirationDate": null,
        "createdAt": "2026-03-11T20:43:09.936Z",
        "updatedAt": "2026-04-03T22:10:54.701Z"
      }
    },
    {
      "type": "Feature",
      "id": 392,
      "geometry": {
        "type": "Point",
        "coordinates": [
          51.0910732,
          35.5697244
        ]
      },
      "properties": {
        "id": "MTY6MTAyNTI",
        "city": "شاهدشهر شهریار",
        "count": 1,
        "people": [
          {
            "date": "1767889800",
            "image": "photos/photo_1780@31-01-2026_14-57-17.jpg",
            "rtn_id": "1791",
            "name:fa": "سهیل تربالی",
            "sources": "https://t.me/RememberTheirNames/1888"
          }
        ],
        "province": "استان تهران",
        "publicId": "MTY6MTAyNTI",
        "sourceId": "10252",
        "layerId": 16,
        "type": "location",
        "status": "active",
        "urgency": null,
        "verificationTag": null,
        "expirationDate": null,
        "createdAt": "2026-03-11T20:43:09.937Z",
        "updatedAt": "2026-04-03T22:10:54.702Z"
      }
    },
    {
      "type": "Feature",
      "id": 393,
      "geometry": {
        "type": "Point",
        "coordinates": [
          54.9781,
          36.4133
        ]
      },
      "properties": {
        "id": "MTY6MTAyNTM",
        "city": "شاهرود",
        "count": 11,
        "people": [
          {
            "date": "1767889800",
            "image": "photos/photo_137@19-01-2026_01-08-46.jpg",
            "rtn_id": "138",
            "name:fa": "متین منتظرظهور",
            "sources": "https://t.me/RememberTheirNames/171"
          },
          {
            "date": "1768235400",
            "image": "photos/photo_325@20-01-2026_11-09-14.jpg",
            "rtn_id": "330",
            "name:fa": "سعید گلسرخی",
            "sources": "https://t.me/RememberTheirNames/364"
          },
          {
            "date": "1767976200",
            "image": "photos/photo_1310@26-01-2026_22-29-42.jpg",
            "rtn_id": "1322",
            "name:fa": "رضا عسکری",
            "sources": "https://t.me/RememberTheirNames/1391"
          },
          {
            "date": "1767976200",
            "image": "photos/photo_1661@30-01-2026_12-17-27.jpg",
            "rtn_id": "1672",
            "name:fa": "امیرحسین شادابی",
            "sources": "https://t.me/RememberTheirNames/1760"
          },
          {
            "date": "1767976200",
            "image": "photos/photo_1756@31-01-2026_11-56-11.jpg",
            "rtn_id": "1767",
            "name:fa": "محمود بیژنی",
            "sources": "https://t.me/RememberTheirNames/1864"
          },
          {
            "date": "1767976200",
            "image": "photos/photo_1917@01-02-2026_16-18-34.jpg",
            "rtn_id": "1931",
            "name:fa": "مهرداد ابراهیمی",
            "sources": "https://t.me/RememberTheirNames/2034"
          },
          {
            "date": "1767976200",
            "image": "photos/photo_2014@03-02-2026_07-45-33.jpg",
            "rtn_id": "2028",
            "name:fa": "علیرضا غلامی",
            "sources": "https://t.me/RememberTheirNames/2140"
          },
          {
            "date": "1767976200",
            "image": "photos/photo_2100@04-02-2026_12-53-12.jpg",
            "rtn_id": "2114",
            "name:fa": "سلیمان نوروزی",
            "sources": "https://t.me/RememberTheirNames/2230"
          },
          {
            "date": "1767976200",
            "image": "photos/photo_2626@11-02-2026_15-18-17.jpg",
            "rtn_id": "2641",
            "name:fa": "مصطفی لطفی",
            "sources": "https://t.me/RememberTheirNames/2788"
          },
          {
            "date": "1767889800",
            "image": "photos/photo_2649@13-02-2026_00-59-47.jpg",
            "rtn_id": "2664",
            "name:fa": "سعید علیمردانی",
            "sources": "https://t.me/RememberTheirNames/2811"
          },
          {
            "date": "1767976200",
            "image": "photos/photo_2825@18-02-2026_07-01-02.jpg",
            "rtn_id": "2837",
            "name:fa": "حسین غریب",
            "sources": "https://t.me/RememberTheirNames/3004"
          }
        ],
        "province": "استان سمنان",
        "publicId": "MTY6MTAyNTM",
        "sourceId": "10253",
        "layerId": 16,
        "type": "location",
        "status": "active",
        "urgency": null,
        "verificationTag": null,
        "expirationDate": null,
        "createdAt": "2026-03-11T20:43:09.938Z",
        "updatedAt": "2026-04-03T22:10:54.703Z"
      }
    },
    {
      "type": "Feature",
      "id": 394,
      "geometry": {
        "type": "Point",
        "coordinates": [
          51.55306,
          32.86056
        ]
      },
      "properties": {
        "id": "MTY6MTAyNTQ",
        "city": "شاهین‌شهر",
        "count": 10,
        "people": [
          {
            "date": "1767976200",
            "image": "photos/photo_260@19-01-2026_22-32-11.jpg",
            "rtn_id": "265",
            "name:fa": "داوود جلیلی",
            "sources": "https://t.me/RememberTheirNames/298"
          },
          {
            "date": "1768062600",
            "image": "photos/photo_1064@25-01-2026_00-24-38.jpg",
            "rtn_id": "1074",
            "name:fa": "سجاد اکرم‌خان",
            "sources": "https://t.me/RememberTheirNames/1134"
          },
          {
            "date": "1767889800",
            "image": "photos/photo_1245@26-01-2026_15-12-51.jpg",
            "rtn_id": "1257",
            "name:fa": "اصغر ناصری کریموند",
            "sources": "https://t.me/RememberTheirNames/1323"
          },
          {
            "date": "1768062600",
            "image": "photos/photo_1674@30-01-2026_14-57-52.jpg",
            "rtn_id": "1685",
            "name:fa": "فروزان میریان",
            "sources": "https://t.me/RememberTheirNames/1773"
          },
          {
            "date": "1767976200",
            "image": "photos/photo_1694@30-01-2026_17-17-32.jpg",
            "rtn_id": "1705",
            "name:fa": "محمدرضا امیری",
            "sources": "https://t.me/RememberTheirNames/1796"
          },
          {
            "date": "1767889800",
            "image": "photos/photo_2059@04-02-2026_02-50-45.jpg",
            "rtn_id": "2073",
            "name:fa": "حسام خسروی",
            "sources": "https://t.me/RememberTheirNames/2187"
          },
          {
            "date": "1767889800",
            "image": "photos/photo_2097@04-02-2026_12-13-22.jpg",
            "rtn_id": "2111",
            "name:fa": "رضا بهمنی علیجانوند",
            "sources": "https://t.me/RememberTheirNames/2227"
          },
          {
            "date": "1767976200",
            "image": "photos/photo_2141@05-02-2026_04-06-25.jpg",
            "rtn_id": "2155",
            "name:fa": "علی آرام",
            "sources": "https://t.me/RememberTheirNames/2273"
          },
          {
            "date": "1767976200",
            "image": "photos/photo_2579@10-02-2026_16-09-26.jpg",
            "rtn_id": "2594",
            "name:fa": "صادق علیجانی",
            "sources": "https://t.me/RememberTheirNames/2736"
          },
          {
            "date": "1767889800",
            "image": "photos/photo_3006@26-02-2026_04-27-36.jpg",
            "rtn_id": "3018",
            "name:fa": "قدیرعلی رمضانی مبارکه",
            "sources": "https://t.me/RememberTheirNames/3197"
          }
        ],
        "province": "استان اصفهان",
        "publicId": "MTY6MTAyNTQ",
        "sourceId": "10254",
        "layerId": 16,
        "type": "location",
        "status": "active",
        "urgency": null,
        "verificationTag": null,
        "expirationDate": null,
        "createdAt": "2026-03-11T20:43:09.938Z",
        "updatedAt": "2026-04-03T22:10:54.704Z"
      }
    },
    {
      "type": "Feature",
      "id": 395,
      "geometry": {
        "type": "Point",
        "coordinates": [
          48.8571,
          32.045
        ]
      },
      "properties": {
        "id": "MTY6MTAyNTU",
        "city": "شوشتر",
        "count": 9,
        "people": [
          {
            "date": "1767889845-1768161645",
            "image": "photos/photo_812@23-01-2026_17-42-57.jpg",
            "rtn_id": "819",
            "name:fa": "محمدعلی آراد",
            "sources": "https://t.me/RememberTheirNames/870"
          },
          {
            "date": "1767976200",
            "image": "photos/photo_968@24-01-2026_15-24-48.jpg",
            "rtn_id": "977",
            "name:fa": "مهدی مهمدی کرتلایی",
            "sources": "https://t.me/RememberTheirNames/1031"
          },
          {
            "date": "1767976200",
            "image": "photos/photo_977@24-01-2026_16-16-46.jpg",
            "rtn_id": "986",
            "name:fa": "اشکان محمدی",
            "sources": "https://t.me/RememberTheirNames/1040"
          },
          {
            "date": "1767889800",
            "image": "photos/photo_1079@25-01-2026_01-45-51.jpg",
            "rtn_id": "1089",
            "name:fa": "قاسم کتان",
            "sources": "https://t.me/RememberTheirNames/1150"
          },
          {
            "date": "1767889845-1768161645",
            "image": "photos/photo_1323@27-01-2026_00-01-20.jpg",
            "rtn_id": "1335",
            "name:fa": "عبدالله فتحی",
            "sources": "https://t.me/RememberTheirNames/1404"
          },
          {
            "date": "1767976200",
            "image": "photos/photo_1826@31-01-2026_15-49-26.jpg",
            "rtn_id": "1839",
            "name:fa": "رضا امیری ۱۷ساله",
            "sources": "https://t.me/RememberTheirNames/1938"
          },
          {
            "date": "1767976200",
            "image": "photos/photo_1863@01-02-2026_11-09-55.jpg",
            "rtn_id": "1877",
            "name:fa": "مهرداد منجزی‌نیا",
            "sources": "https://t.me/RememberTheirNames/1976"
          },
          {
            "date": "1767976200",
            "image": "photos/photo_2266@06-02-2026_06-45-53.jpg",
            "rtn_id": "2281",
            "name:fa": "محمدعلی عرار",
            "sources": "https://t.me/RememberTheirNames/2400"
          },
          {
            "date": "1767889800",
            "image": "photos/photo_2567@10-02-2026_09-19-51.jpg",
            "rtn_id": "2582",
            "name:fa": "مجتبی عتابی",
            "sources": "https://t.me/RememberTheirNames/2724"
          }
        ],
        "province": "استان خوزستان",
        "publicId": "MTY6MTAyNTU",
        "sourceId": "10255",
        "layerId": 16,
        "type": "location",
        "status": "active",
        "urgency": null,
        "verificationTag": null,
        "expirationDate": null,
        "createdAt": "2026-03-11T20:43:09.939Z",
        "updatedAt": "2026-04-03T22:10:54.706Z"
      }
    },
    {
      "type": "Feature",
      "id": 396,
      "geometry": {
        "type": "Point",
        "coordinates": [
          53.1777932,
          30.2002013
        ]
      },
      "properties": {
        "id": "MTY6MTAyNTY",
        "city": "شهر پاسارگارد فارس",
        "count": 2,
        "people": [
          {
            "date": "1767889800",
            "image": "photos/photo_1682@30-01-2026_15-44-46.jpg",
            "rtn_id": "1693",
            "name:fa": "علی قربانی",
            "sources": "https://t.me/RememberTheirNames/1782"
          },
          {
            "date": "1767976200",
            "image": "photos/photo_2127@04-02-2026_15-57-54.jpg",
            "rtn_id": "2141",
            "name:fa": "یاسر هوشیار",
            "sources": "https://t.me/RememberTheirNames/2258"
          }
        ],
        "province": "استان فارس",
        "publicId": "MTY6MTAyNTY",
        "sourceId": "10256",
        "layerId": 16,
        "type": "location",
        "status": "active",
        "urgency": null,
        "verificationTag": null,
        "expirationDate": null,
        "createdAt": "2026-03-11T20:43:09.939Z",
        "updatedAt": "2026-04-03T22:10:54.707Z"
      }
    },
    {
      "type": "Feature",
      "id": 397,
      "geometry": {
        "type": "Point",
        "coordinates": [
          51.4328,
          35.6008
        ]
      },
      "properties": {
        "id": "MTY6MTAyNTc",
        "city": "شهر ری",
        "count": 8,
        "people": [
          {
            "date": "1767803400",
            "image": "photos/photo_80@18-01-2026_23-19-40.jpg",
            "rtn_id": "80",
            "name:fa": "عرفان فرجی",
            "sources": "https://t.me/RememberTheirNames/112"
          },
          {
            "date": "1767976200",
            "image": "photos/photo_208@19-01-2026_18-30-36.jpg",
            "rtn_id": "211",
            "name:fa": "علی دهقان جوقان",
            "sources": "https://t.me/RememberTheirNames/243"
          },
          {
            "date": "1767889800",
            "image": "photos/photo_700@23-01-2026_01-00-10.jpg",
            "rtn_id": "706",
            "name:fa": "مهدی جراحی",
            "sources": "https://t.me/RememberTheirNames/756"
          },
          {
            "date": "1767976200",
            "image": "photos/photo_713@23-01-2026_02-20-09.jpg",
            "rtn_id": "719",
            "name:fa": "سینا لواسانی ۱۷ ساله",
            "sources": "https://t.me/RememberTheirNames/769"
          },
          {
            "date": "1767889800",
            "image": "photos/photo_1667@30-01-2026_14-06-41.jpg",
            "rtn_id": "1678",
            "name:fa": "امیر کیادربندسری",
            "sources": "https://t.me/RememberTheirNames/1766"
          },
          {
            "date": "1767976200",
            "image": "photos/photo_1929@02-02-2026_00-27-23.jpg",
            "rtn_id": "1943",
            "name:fa": "امیرعباس بهمنی",
            "sources": "https://t.me/RememberTheirNames/2047"
          },
          {
            "date": "1767976200",
            "image": "photos/photo_2048@03-02-2026_15-19-06.jpg",
            "rtn_id": "2062",
            "name:fa": "مصطفی حوضچی",
            "sources": "https://t.me/RememberTheirNames/2176"
          },
          {
            "date": "1767889800",
            "image": "photos/photo_2203@05-02-2026_14-08-25.jpg",
            "rtn_id": "2217",
            "name:fa": "نادر مولوی",
            "sources": "https://t.me/RememberTheirNames/2336"
          }
        ],
        "province": "استان تهران",
        "publicId": "MTY6MTAyNTc",
        "sourceId": "10257",
        "layerId": 16,
        "type": "location",
        "status": "active",
        "urgency": null,
        "verificationTag": null,
        "expirationDate": null,
        "createdAt": "2026-03-11T20:43:09.940Z",
        "updatedAt": "2026-04-03T22:10:54.708Z"
      }
    },
    {
      "type": "Feature",
      "id": 398,
      "geometry": {
        "type": "Point",
        "coordinates": [
          51.1129664,
          35.714163
        ]
      },
      "properties": {
        "id": "MTY6MTAyNTg",
        "city": "شهر قدس",
        "count": 3,
        "people": [
          {
            "date": "1767889845-1768161645",
            "image": "photos/photo_643@22-01-2026_18-40-18.jpg",
            "rtn_id": "649",
            "name:fa": "محمد بخت",
            "sources": "https://t.me/RememberTheirNames/696"
          },
          {
            "date": "1767889845-1768161645",
            "image": "photos/photo_877@23-01-2026_22-37-53.jpg",
            "rtn_id": "885",
            "name:fa": "عرفان یوسفی",
            "sources": "https://t.me/RememberTheirNames/937"
          },
          {
            "date": "1767889800",
            "image": "photos/photo_1999@03-02-2026_05-04-11.jpg",
            "rtn_id": "2013",
            "name:fa": "امیرصالح برجی عنبران",
            "sources": "https://t.me/RememberTheirNames/2123"
          }
        ],
        "province": "استان تهران",
        "publicId": "MTY6MTAyNTg",
        "sourceId": "10258",
        "layerId": 16,
        "type": "location",
        "status": "active",
        "urgency": null,
        "verificationTag": null,
        "expirationDate": null,
        "createdAt": "2026-03-11T20:43:09.940Z",
        "updatedAt": "2026-04-03T22:10:54.709Z"
      }
    },
    {
      "type": "Feature",
      "id": 399,
      "geometry": {
        "type": "Point",
        "coordinates": [
          50.8954974,
          32.3818565
        ]
      },
      "properties": {
        "id": "MTY6MTAyNTk",
        "city": "شهر کرد",
        "count": 11,
        "people": [
          {
            "date": "1767889800",
            "image": "photos/photo_487@21-01-2026_17-51-09.jpg",
            "rtn_id": "492",
            "name:fa": "علیرضا احمدی بابادی",
            "sources": "https://t.me/RememberTheirNames/530"
          },
          {
            "date": "1767889800",
            "image": "photos/photo_679@22-01-2026_23-03-11.jpg",
            "rtn_id": "685",
            "name:fa": "محمدرضا علیخانی",
            "sources": "https://t.me/RememberTheirNames/734"
          },
          {
            "date": "1767457800",
            "image": "photos/photo_25@18-01-2026_20-19-20.jpg",
            "rtn_id": "25",
            "name:fa": "سروش سلیمانی",
            "sources": "https://t.me/RememberTheirNames/54"
          },
          {
            "date": "1767889845-1768161645",
            "image": "photos/photo_544@21-01-2026_23-54-14.jpg",
            "rtn_id": "549",
            "name:fa": "محسن آرمک",
            "sources": "https://t.me/RememberTheirNames/591"
          },
          {
            "date": "1767889845-1768161645",
            "image": "photos/photo_660@22-01-2026_21-09-56.jpg",
            "rtn_id": "666",
            "name:fa": "رضا خاکسار",
            "sources": "https://t.me/RememberTheirNames/713"
          },
          {
            "date": "1767976200",
            "image": "photos/photo_1515@28-01-2026_15-22-45.jpg",
            "rtn_id": "1526",
            "name:fa": "سعید مسعودی مرغملکی",
            "sources": "https://t.me/RememberTheirNames/1610"
          },
          {
            "date": "1767889800",
            "image": "photos/photo_2276@06-02-2026_10-39-15.jpg",
            "rtn_id": "2291",
            "name:fa": "علیرضا احمدی بابادی",
            "sources": "https://t.me/RememberTheirNames/2410"
          },
          {
            "date": "1767889800",
            "image": "photos/photo_2450@08-02-2026_14-10-22.jpg",
            "rtn_id": "2465",
            "name:fa": "محمد اسکندری",
            "sources": "https://t.me/RememberTheirNames/2595"
          },
          {
            "date": "1767976200",
            "image": "photos/photo_1356@27-01-2026_13-24-40.jpg",
            "rtn_id": "1368",
            "name:fa": "مهدی سنایی سامانی",
            "sources": "https://t.me/RememberTheirNames/1438"
          },
          {
            "date": "1767889800",
            "image": "photos/photo_2732@15-02-2026_16-45-33.jpg",
            "rtn_id": "2747",
            "name:fa": "احسان آقاجری سامانی",
            "sources": "https://t.me/RememberTheirNames/2895"
          },
          {
            "date": "1767889845-1768161645",
            "image": "photos/photo_2589@11-02-2026_04-32-31.jpg",
            "rtn_id": "2604",
            "name:fa": "ایمان مصطفوی",
            "sources": "https://t.me/RememberTheirNames/2747"
          }
        ],
        "province": "استان چهارمحال و بختیاری",
        "publicId": "MTY6MTAyNTk",
        "sourceId": "10259",
        "layerId": 16,
        "type": "location",
        "status": "active",
        "urgency": null,
        "verificationTag": null,
        "expirationDate": null,
        "createdAt": "2026-03-11T20:43:09.941Z",
        "updatedAt": "2026-04-03T22:10:54.710Z"
      }
    },
    {
      "type": "Feature",
      "id": 400,
      "geometry": {
        "type": "Point",
        "coordinates": [
          51.8642,
          31.9969
        ]
      },
      "properties": {
        "id": "MTY6MTAyNjA",
        "city": "شهرضا",
        "count": 12,
        "people": [
          {
            "date": "1767976200",
            "image": "photos/photo_507@21-01-2026_20-40-55.jpg",
            "rtn_id": "512",
            "name:fa": "عباس گودرزی قشقایی",
            "sources": "https://t.me/RememberTheirNames/550"
          },
          {
            "date": "1767889800",
            "image": "photos/photo_989@24-01-2026_17-12-07.jpg",
            "rtn_id": "998",
            "name:fa": "محمدرضا قربانی",
            "sources": "https://t.me/RememberTheirNames/1053"
          },
          {
            "date": "1767889800",
            "image": "photos/photo_1093@25-01-2026_03-26-28.jpg",
            "rtn_id": "1103",
            "name:fa": "مهرداد ریحانی",
            "sources": "https://t.me/RememberTheirNames/1164"
          },
          {
            "date": "1767889800",
            "image": "photos/photo_1165@25-01-2026_20-37-04.jpg",
            "rtn_id": "1175",
            "name:fa": "محسن عابدی",
            "sources": "https://t.me/RememberTheirNames/1241"
          },
          {
            "date": "1767976200",
            "image": "photos/photo_1201@26-01-2026_00-48-58.jpg",
            "rtn_id": "1212",
            "name:fa": "امیرعباس باغستانی",
            "sources": "https://t.me/RememberTheirNames/1279"
          },
          {
            "date": "1767976200",
            "image": "photos/photo_1203@26-01-2026_00-51-49.jpg",
            "rtn_id": "1214",
            "name:fa": "مبین عاشوری",
            "sources": "https://t.me/RememberTheirNames/1281"
          },
          {
            "date": "1767976200",
            "image": "photos/photo_1204@26-01-2026_00-52-37.jpg",
            "rtn_id": "1215",
            "name:fa": "مهدی چوقادری",
            "sources": "https://t.me/RememberTheirNames/1282"
          },
          {
            "date": "1767976200",
            "image": "photos/photo_1377@27-01-2026_15-03-40.jpg",
            "rtn_id": "1389",
            "name:fa": "محمود شیخیان",
            "sources": "https://t.me/RememberTheirNames/1460"
          },
          {
            "date": "1767889845-1768161645",
            "image": "photos/photo_1040@24-01-2026_22-06-01.jpg",
            "rtn_id": "1049",
            "name:fa": "طاها نادری",
            "sources": "https://t.me/RememberTheirNames/1108"
          },
          {
            "date": "1767889800",
            "image": "photos/photo_2289@06-02-2026_11-40-25.jpg",
            "rtn_id": "2304",
            "name:fa": "پوریا جهانگیری",
            "sources": "https://t.me/RememberTheirNames/2424"
          },
          {
            "date": "1767889800",
            "image": "photos/photo_2290@06-02-2026_11-41-55.jpg",
            "rtn_id": "2305",
            "name:fa": "علیرضا بخشی‌زاده",
            "sources": "https://t.me/RememberTheirNames/2425"
          },
          {
            "date": "1767889800",
            "image": "photos/photo_2623@11-02-2026_13-58-57.jpg",
            "rtn_id": "2638",
            "name:fa": "احمدرضا بیطرف‌پور",
            "sources": "https://t.me/RememberTheirNames/2785"
          }
        ],
        "province": "استان اصفهان",
        "publicId": "MTY6MTAyNjA",
        "sourceId": "10260",
        "layerId": 16,
        "type": "location",
        "status": "active",
        "urgency": null,
        "verificationTag": null,
        "expirationDate": null,
        "createdAt": "2026-03-11T20:43:09.941Z",
        "updatedAt": "2026-04-03T22:10:54.711Z"
      }
    },
    {
      "type": "Feature",
      "id": 401,
      "geometry": {
        "type": "Point",
        "coordinates": [
          51.0577,
          35.6589
        ]
      },
      "properties": {
        "id": "MTY6MTAyNjE",
        "city": "شهریار",
        "count": 44,
        "people": [
          {
            "date": "1767889800",
            "image": "photos/photo_1299@26-01-2026_21-08-30.jpg",
            "rtn_id": "1311",
            "name:fa": "امیرحسین قراگزلی",
            "sources": "https://t.me/RememberTheirNames/1379"
          },
          {
            "date": "1767889800",
            "image": "photos/photo_1998@03-02-2026_04-53-41.jpg",
            "rtn_id": "2012",
            "name:fa": "علی غلاملو ۱۸ ساله",
            "sources": "https://t.me/RememberTheirNames/2122"
          },
          {
            "date": "1767889845-1768161645",
            "image": "photos/photo_608@22-01-2026_15-44-20.jpg",
            "rtn_id": "614",
            "name:fa": "امیرمحمد سلیمانی",
            "sources": "https://t.me/RememberTheirNames/658"
          },
          {
            "date": "1767889800",
            "image": "photos/photo_743@23-01-2026_11-36-59.jpg",
            "rtn_id": "749",
            "name:fa": "قاسم شمش",
            "sources": "https://t.me/RememberTheirNames/799"
          },
          {
            "date": "1767889845-1768161645",
            "image": "photos/photo_760@23-01-2026_13-16-50.jpg",
            "rtn_id": "766",
            "name:fa": "مجتبی روتیوند (غیاثوند)",
            "sources": "https://t.me/RememberTheirNames/816"
          },
          {
            "date": "1767889800",
            "image": "photos/photo_763@23-01-2026_13-42-03.jpg",
            "rtn_id": "769",
            "name:fa": "حمیدرضا شیرازی",
            "sources": "https://t.me/RememberTheirNames/819"
          },
          {
            "date": "1767889800",
            "image": "photos/photo_872@23-01-2026_22-16-53.jpg",
            "rtn_id": "880",
            "name:fa": "سعید عبدالملکی",
            "sources": "https://t.me/RememberTheirNames/932"
          },
          {
            "date": "1767889800",
            "image": "photos/photo_934@24-01-2026_13-26-58.jpg",
            "rtn_id": "943",
            "name:fa": "وحید بیگدلی",
            "sources": "https://t.me/RememberTheirNames/996"
          },
          {
            "date": "1767976200",
            "image": "photos/photo_960@24-01-2026_14-59-42.jpg",
            "rtn_id": "969",
            "name:fa": "مهران زند",
            "sources": "https://t.me/RememberTheirNames/1022"
          },
          {
            "date": "1767976200",
            "image": "photos/photo_1021@24-01-2026_19-55-05.jpg",
            "rtn_id": "1030",
            "name:fa": "نسترن عبداللهی",
            "sources": "https://t.me/RememberTheirNames/1088"
          },
          {
            "date": "1767976200",
            "image": "photos/photo_1107@25-01-2026_12-05-04.jpg",
            "rtn_id": "1117",
            "name:fa": "محمد (شاهو) شیرازی",
            "sources": "https://t.me/RememberTheirNames/1181"
          },
          {
            "date": "1767889800",
            "image": "photos/photo_1134@25-01-2026_15-27-56.jpg",
            "rtn_id": "1144",
            "name:fa": "پروین عزیزی",
            "sources": "https://t.me/RememberTheirNames/1208"
          },
          {
            "date": "1767889800",
            "image": "photos/photo_1135@25-01-2026_15-29-27.jpg",
            "rtn_id": "1145",
            "name:fa": "علیرضا رضایی",
            "sources": "https://t.me/RememberTheirNames/1209"
          },
          {
            "date": "1767889800",
            "image": "photos/photo_1153@25-01-2026_19-19-55.jpg",
            "rtn_id": "1163",
            "name:fa": "معین بصیری",
            "sources": "https://t.me/RememberTheirNames/1227"
          },
          {
            "date": "1767889800",
            "image": "photos/photo_1156@25-01-2026_19-34-50.jpg",
            "rtn_id": "1166",
            "name:fa": "مهدی باقری",
            "sources": "https://t.me/RememberTheirNames/1231"
          },
          {
            "date": "1767976200",
            "image": "photos/photo_1166@25-01-2026_20-39-26.jpg",
            "rtn_id": "1176",
            "name:fa": "پوریا باقری",
            "sources": "https://t.me/RememberTheirNames/1242"
          },
          {
            "date": "1767976200",
            "image": "photos/photo_1181@25-01-2026_22-36-06.jpg",
            "rtn_id": "1191",
            "name:fa": "سعید شهگُلی",
            "sources": "https://t.me/RememberTheirNames/1257"
          },
          {
            "date": "1767976200",
            "image": "photos/photo_1197@26-01-2026_00-29-49.jpg",
            "rtn_id": "1208",
            "name:fa": "میثم رحمتی",
            "sources": "https://t.me/RememberTheirNames/1275"
          },
          {
            "date": "1767889800",
            "image": "photos/photo_1305@26-01-2026_21-58-48.jpg",
            "rtn_id": "1317",
            "name:fa": "مسعود بهمنی",
            "sources": "https://t.me/RememberTheirNames/1385"
          },
          {
            "date": "1767889800",
            "image": "photos/photo_1470@27-01-2026_23-48-45.jpg",
            "rtn_id": "1481",
            "name:fa": "سجاد حسین‌پور",
            "sources": "https://t.me/RememberTheirNames/1560"
          },
          {
            "date": "1767889800",
            "image": "photos/photo_1579@28-01-2026_23-11-55.jpg",
            "rtn_id": "1590",
            "name:fa": "محمدرضا زارع",
            "sources": "https://t.me/RememberTheirNames/1675"
          },
          {
            "date": null,
            "image": "photos/photo_1594@29-01-2026_15-00-04.jpg",
            "rtn_id": "1605",
            "name:fa": "غلامرضا دارخال",
            "sources": "https://t.me/RememberTheirNames/1691"
          },
          {
            "date": "1767976200",
            "image": "photos/photo_1606@29-01-2026_17-18-12.jpg",
            "rtn_id": "1617",
            "name:fa": "محمدجواد سارانی",
            "sources": "https://t.me/RememberTheirNames/1703"
          },
          {
            "date": "1767889800",
            "image": "photos/photo_1745@31-01-2026_10-29-33.jpg",
            "rtn_id": "1756",
            "name:fa": "احمد خزائی",
            "sources": "https://t.me/RememberTheirNames/1853"
          },
          {
            "date": "1767889845-1768161645",
            "image": "photos/photo_2179@05-02-2026_08-28-06.jpg",
            "rtn_id": "2193",
            "name:fa": "میلاد نوروزیان",
            "sources": "https://t.me/RememberTheirNames/2311"
          },
          {
            "date": "1767889800",
            "image": "photos/photo_2182@05-02-2026_08-40-10.jpg",
            "rtn_id": "2196",
            "name:fa": "آروین مرادی ۱۵ ساله",
            "sources": "https://t.me/RememberTheirNames/2314"
          },
          {
            "date": "1767889800",
            "image": "photos/photo_2183@05-02-2026_08-45-05.jpg",
            "rtn_id": "2197",
            "name:fa": "علیرضا طاهر",
            "sources": "https://t.me/RememberTheirNames/2315"
          },
          {
            "date": "1767889800",
            "image": "photos/photo_2386@08-02-2026_04-49-34.jpg",
            "rtn_id": "2401",
            "name:fa": "روح‌الله ندیری",
            "sources": "https://t.me/RememberTheirNames/2527"
          },
          {
            "date": "1767889845-1768161645",
            "image": "photos/photo_2406@08-02-2026_07-31-05.jpg",
            "rtn_id": "2421",
            "name:fa": "حسن جوزیان",
            "sources": "https://t.me/RememberTheirNames/2547"
          },
          {
            "date": "1767976200",
            "image": "photos/photo_2426@08-02-2026_09-29-36.jpg",
            "rtn_id": "2441",
            "name:fa": "محمدرضا زارعی",
            "sources": "https://t.me/RememberTheirNames/2569"
          },
          {
            "date": "1767889800",
            "image": "photos/photo_2551@10-02-2026_05-04-47.jpg",
            "rtn_id": "2566",
            "name:fa": "قاسم شمس",
            "sources": "https://t.me/RememberTheirNames/2707"
          },
          {
            "date": "1767976200",
            "image": "photos/photo_2577@10-02-2026_15-41-09.jpg",
            "rtn_id": "2592",
            "name:fa": "سینا علیزادگان",
            "sources": "https://t.me/RememberTheirNames/2734"
          },
          {
            "date": "1767889800",
            "image": "photos/photo_2611@11-02-2026_10-34-44.jpg",
            "rtn_id": "2626",
            "name:fa": "حسین حسینی",
            "sources": "https://t.me/RememberTheirNames/2772"
          },
          {
            "date": "1767976200",
            "image": "photos/photo_2634@12-02-2026_08-43-46.jpg",
            "rtn_id": "2649",
            "name:fa": "پیمان مغانی",
            "sources": "https://t.me/RememberTheirNames/2796"
          },
          {
            "date": "1767976200",
            "image": "photos/photo_2663@13-02-2026_10-43-27.jpg",
            "rtn_id": "2678",
            "name:fa": "حمیدرضا یاری",
            "sources": "https://t.me/RememberTheirNames/2825"
          },
          {
            "date": "1767976200",
            "image": "photos/photo_2728@15-02-2026_13-05-07.jpg",
            "rtn_id": "2743",
            "name:fa": "میثم بیژنی زارعی ۱۷ساله",
            "sources": "https://t.me/RememberTheirNames/2891"
          },
          {
            "date": "1767889800",
            "image": "photos/photo_2746@16-02-2026_10-57-19.jpg",
            "rtn_id": "2762",
            "name:fa": "مانی جمالپور",
            "sources": "https://t.me/RememberTheirNames/2909"
          },
          {
            "date": "1767889800",
            "image": "photos/photo_2863@19-02-2026_12-24-32.jpg",
            "rtn_id": "2875",
            "name:fa": "امید خندان",
            "sources": "https://t.me/RememberTheirNames/3044"
          },
          {
            "date": "1767889800",
            "image": "photos/photo_2887@20-02-2026_09-16-01.jpg",
            "rtn_id": "2899",
            "name:fa": "محمود (هومن) داماد",
            "sources": "https://t.me/RememberTheirNames/3068"
          },
          {
            "date": "1767889800",
            "image": "photos/photo_2916@21-02-2026_12-07-05.jpg",
            "rtn_id": "2928",
            "name:fa": "سجاد حسین‌پور",
            "sources": "https://t.me/RememberTheirNames/3100"
          },
          {
            "date": "1767889800",
            "image": "photos/photo_2675@13-02-2026_15-28-12.jpg",
            "rtn_id": "2690",
            "name:fa": "محمد رضایی‌نوید",
            "sources": "https://t.me/RememberTheirNames/2837"
          },
          {
            "date": "1767976200",
            "image": "photos/photo_2920@21-02-2026_15-39-44.jpg",
            "rtn_id": "2932",
            "name:fa": "رقیه (نسترن) سلطانی شریف‌زاده",
            "sources": "https://t.me/RememberTheirNames/3105"
          },
          {
            "date": "1767889800",
            "image": "photos/photo_3001@25-02-2026_14-56-42.jpg",
            "rtn_id": "3013",
            "name:fa": "بهمن ولی‌بیاتی",
            "sources": "https://t.me/RememberTheirNames/3192"
          },
          {
            "date": "1767976200",
            "image": "photos/photo_3072@31-03-2026_04-08-17.jpg",
            "rtn_id": "3085",
            "name:fa": "مهیار عباسی ۱۷ساله",
            "sources": "https://t.me/RememberTheirNames/3292"
          }
        ],
        "province": "استان تهران",
        "publicId": "MTY6MTAyNjE",
        "sourceId": "10261",
        "layerId": 16,
        "type": "location",
        "status": "active",
        "urgency": null,
        "verificationTag": null,
        "expirationDate": null,
        "createdAt": "2026-03-11T20:43:09.942Z",
        "updatedAt": "2026-04-03T22:10:54.713Z"
      }
    },
    {
      "type": "Feature",
      "id": 402,
      "geometry": {
        "type": "Point",
        "coordinates": [
          50.8759,
          36.8163
        ]
      },
      "properties": {
        "id": "MTY6MTAyNjI",
        "city": "شهسوار",
        "count": 6,
        "people": [
          {
            "date": "1767889800",
            "image": "photos/photo_84@18-01-2026_23-29-13.jpg",
            "rtn_id": "85",
            "name:fa": "سورنا گلگون",
            "sources": "https://t.me/RememberTheirNames/116"
          },
          {
            "date": "1767976200",
            "image": "photos/photo_235@19-01-2026_21-10-17.jpg",
            "rtn_id": "240",
            "name:fa": "پیمان لطفی",
            "sources": "https://t.me/RememberTheirNames/270"
          },
          {
            "date": "1768062600",
            "image": "photos/photo_310@20-01-2026_10-19-59.jpg",
            "rtn_id": "315",
            "name:fa": "نگین قدیمی",
            "sources": "https://t.me/RememberTheirNames/348"
          },
          {
            "date": "1767889845-1768161645",
            "image": "photos/photo_410@20-01-2026_22-38-04.jpg",
            "rtn_id": "415",
            "name:fa": "پژمان نوروز رجبی",
            "sources": "https://t.me/RememberTheirNames/450"
          },
          {
            "date": "1767889845-1768161645",
            "image": "photos/photo_778@23-01-2026_14-34-12.jpg",
            "rtn_id": "784",
            "name:fa": "سامان دوست کافی",
            "sources": "https://t.me/RememberTheirNames/836"
          },
          {
            "date": "1767976200",
            "image": "photos/photo_2472@09-02-2026_02-12-07.jpg",
            "rtn_id": "2487",
            "name:fa": "سید حسین میرکریمی",
            "sources": "https://t.me/RememberTheirNames/2617"
          }
        ],
        "province": "استان مازندران",
        "publicId": "MTY6MTAyNjI",
        "sourceId": "10262",
        "layerId": 16,
        "type": "location",
        "status": "active",
        "urgency": null,
        "verificationTag": null,
        "expirationDate": null,
        "createdAt": "2026-03-11T20:43:09.942Z",
        "updatedAt": "2026-04-03T22:10:54.715Z"
      }
    },
    {
      "type": "Feature",
      "id": 403,
      "geometry": {
        "type": "Point",
        "coordinates": [
          52.5539,
          29.5841
        ]
      },
      "properties": {
        "id": "MTY6MTAyNjM",
        "city": "شیراز",
        "count": 30,
        "people": [
          {
            "date": "1767889800",
            "image": "photos/photo_145@19-01-2026_01-21-51.jpg",
            "rtn_id": "146",
            "name:fa": "سونیا صالحی راد",
            "sources": "https://t.me/RememberTheirNames/179"
          },
          {
            "date": "1767889800",
            "image": "photos/photo_180@19-01-2026_12-50-51.jpg",
            "rtn_id": "181",
            "name:fa": "سامان افسری",
            "sources": "https://t.me/RememberTheirNames/214"
          },
          {
            "date": "1767803400",
            "image": "photos/photo_264@19-01-2026_22-44-06.jpg",
            "rtn_id": "269",
            "name:fa": "سعید توکلیان",
            "sources": "https://t.me/RememberTheirNames/302"
          },
          {
            "date": "1767889800",
            "image": "photos/photo_358@20-01-2026_14-38-56.jpg",
            "rtn_id": "363",
            "name:fa": "پیام رخ‌بخش",
            "sources": "https://t.me/RememberTheirNames/398"
          },
          {
            "date": "1767889800",
            "image": "photos/photo_398@20-01-2026_20-43-36.jpg",
            "rtn_id": "403",
            "name:fa": "رضا حبیبی",
            "sources": "https://t.me/RememberTheirNames/438"
          },
          {
            "date": "1767889845-1768161645",
            "image": "photos/photo_491@21-01-2026_18-46-12.jpg",
            "rtn_id": "496",
            "name:fa": "شمشاد اخلاصی",
            "sources": "https://t.me/RememberTheirNames/534"
          },
          {
            "date": "1767889800",
            "image": "photos/photo_564@22-01-2026_12-01-18.jpg",
            "rtn_id": "569",
            "name:fa": "سام رضایی",
            "sources": "https://t.me/RememberTheirNames/611"
          },
          {
            "date": "1767889800",
            "image": "photos/photo_630@22-01-2026_17-27-41.jpg",
            "rtn_id": "636",
            "name:fa": "غلامرضا زارع",
            "sources": "https://t.me/RememberTheirNames/682"
          },
          {
            "date": "1767889845-1768161645",
            "image": "photos/photo_835@23-01-2026_19-21-15.jpg",
            "rtn_id": "842",
            "name:fa": "عارف براتی",
            "sources": "https://t.me/RememberTheirNames/894"
          },
          {
            "date": "1767889800",
            "image": "photos/photo_845@23-01-2026_20-04-46.jpg",
            "rtn_id": "852",
            "name:fa": "سما اسماعیلی‌زاده",
            "sources": "https://t.me/RememberTheirNames/904"
          },
          {
            "date": "1767889845-1768161645",
            "image": "photos/photo_1066@25-01-2026_00-38-51.jpg",
            "rtn_id": "1076",
            "name:fa": "گلسا شریفی",
            "sources": "https://t.me/RememberTheirNames/1136"
          },
          {
            "date": "1767889800",
            "image": "photos/photo_1384@27-01-2026_15-40-47.jpg",
            "rtn_id": "1396",
            "name:fa": "محمدرضا سمیعی",
            "sources": "https://t.me/RememberTheirNames/1467"
          },
          {
            "date": "1767889800",
            "image": "photos/photo_1403@27-01-2026_18-01-27.jpg",
            "rtn_id": "1414",
            "name:fa": "محمدمهدی روستا",
            "sources": "https://t.me/RememberTheirNames/1492"
          },
          {
            "date": "1767889800",
            "image": "photos/photo_1431@27-01-2026_20-56-46.jpg",
            "rtn_id": "1442",
            "name:fa": "احسان ابوالحسن‌بیگی",
            "sources": "https://t.me/RememberTheirNames/1521"
          },
          {
            "date": null,
            "image": "photos/photo_1545@28-01-2026_18-20-20.jpg",
            "rtn_id": "1556",
            "name:fa": "مهدی آقارضایی",
            "sources": "https://t.me/RememberTheirNames/1641"
          },
          {
            "date": null,
            "image": "photos/photo_1627@29-01-2026_21-28-49.jpg",
            "rtn_id": "1638",
            "name:fa": "حمیدرضا حسینی‌پور",
            "sources": "https://t.me/RememberTheirNames/1724"
          },
          {
            "date": "1767976200",
            "image": "photos/photo_1691@30-01-2026_16-41-52.jpg",
            "rtn_id": "1702",
            "name:fa": "عباس قنبری",
            "sources": "https://t.me/RememberTheirNames/1793"
          },
          {
            "date": "1767889800",
            "image": "photos/photo_1760@31-01-2026_12-20-33.jpg",
            "rtn_id": "1771",
            "name:fa": "سارا برومند",
            "sources": "https://t.me/RememberTheirNames/1868"
          },
          {
            "date": "1767976200",
            "image": "photos/photo_1792@31-01-2026_17-46-29.jpg",
            "rtn_id": "1802",
            "name:fa": "جهان حصارفیروزه",
            "sources": "https://t.me/RememberTheirNames/1902"
          },
          {
            "date": "1767976200",
            "image": "photos/photo_2096@04-02-2026_12-08-18.jpg",
            "rtn_id": "2110",
            "name:fa": "عبدالعلی رادمنش",
            "sources": "https://t.me/RememberTheirNames/2226"
          },
          {
            "date": "1767889800",
            "image": "photos/photo_2247@06-02-2026_02-47-01.jpg",
            "rtn_id": "2261",
            "name:fa": "علیرضا منصورآبادی",
            "sources": "https://t.me/RememberTheirNames/2381"
          },
          {
            "date": "1767889800",
            "image": "photos/photo_2409@08-02-2026_07-37-45.jpg",
            "rtn_id": "2424",
            "name:fa": "اکبر حیدری",
            "sources": "https://t.me/RememberTheirNames/2550"
          },
          {
            "date": "1767976200",
            "image": "photos/photo_2487@09-02-2026_06-30-23.jpg",
            "rtn_id": "2502",
            "name:fa": "سعید دهقانی",
            "sources": "https://t.me/RememberTheirNames/2632"
          },
          {
            "date": "1767976200",
            "image": "photos/photo_2578@10-02-2026_15-55-54.jpg",
            "rtn_id": "2593",
            "name:fa": "مسلم معلاییان",
            "sources": "https://t.me/RememberTheirNames/2735"
          },
          {
            "date": "1767976200",
            "image": "photos/photo_2652@13-02-2026_06-20-23.jpg",
            "rtn_id": "2667",
            "name:fa": "حسن شمائلی",
            "sources": "https://t.me/RememberTheirNames/2814"
          },
          {
            "date": "1767889800",
            "image": "photos/photo_2683@13-02-2026_16-24-24.jpg",
            "rtn_id": "2698",
            "name:fa": "ابراهیم قاسمی‌نژاد",
            "sources": "https://t.me/RememberTheirNames/2845"
          },
          {
            "date": "1767889845-1768161645",
            "image": "photos/photo_2779@17-02-2026_03-30-18.jpg",
            "rtn_id": "2795",
            "name:fa": "محمد خوشبین",
            "sources": "https://t.me/RememberTheirNames/2944"
          },
          {
            "date": "1767889800",
            "image": "photos/photo_2866@19-02-2026_13-45-42.jpg",
            "rtn_id": "2878",
            "name:fa": "حجت‌الله مرادی جیحونی",
            "sources": "https://t.me/RememberTheirNames/3047"
          },
          {
            "date": "1768062600",
            "image": "photos/photo_2962@23-02-2026_15-52-45.jpg",
            "rtn_id": "2974",
            "name:fa": "محمد روستا",
            "sources": "https://t.me/RememberTheirNames/3148"
          },
          {
            "date": "1767889800",
            "image": "photos/photo_2994@25-02-2026_06-41-38.jpg",
            "rtn_id": "3006",
            "name:fa": "نعمت حسینی",
            "sources": "https://t.me/RememberTheirNames/3181"
          }
        ],
        "province": "استان فارس",
        "publicId": "MTY6MTAyNjM",
        "sourceId": "10263",
        "layerId": 16,
        "type": "location",
        "status": "active",
        "urgency": null,
        "verificationTag": null,
        "expirationDate": null,
        "createdAt": "2026-03-11T20:43:09.943Z",
        "updatedAt": "2026-04-03T22:10:54.716Z"
      }
    },
    {
      "type": "Feature",
      "id": 404,
      "geometry": {
        "type": "Point",
        "coordinates": [
          57.8853264,
          37.4367028
        ]
      },
      "properties": {
        "id": "MTY6MTAyNjQ",
        "city": "شیروان خراسان شمالی",
        "count": 1,
        "people": [
          {
            "date": "1767889800",
            "image": "photos/photo_979@24-01-2026_16-31-00.jpg",
            "rtn_id": "988",
            "name:fa": "ایوب شاکر",
            "sources": "https://t.me/RememberTheirNames/1043"
          }
        ],
        "province": "استان خراسان شمالی",
        "publicId": "MTY6MTAyNjQ",
        "sourceId": "10264",
        "layerId": 16,
        "type": "location",
        "status": "active",
        "urgency": null,
        "verificationTag": null,
        "expirationDate": null,
        "createdAt": "2026-03-11T20:43:09.943Z",
        "updatedAt": "2026-04-03T22:10:54.717Z"
      }
    },
    {
      "type": "Feature",
      "id": 405,
      "geometry": {
        "type": "Point",
        "coordinates": [
          51.1663003,
          35.6025144
        ]
      },
      "properties": {
        "id": "MTY6MTAyNjU",
        "city": "صباشهر شهریار",
        "count": 2,
        "people": [
          {
            "date": "1767976200",
            "image": "photos/photo_1355@27-01-2026_13-22-58.jpg",
            "rtn_id": "1367",
            "name:fa": "علی‌اصغر شیری",
            "sources": "https://t.me/RememberTheirNames/1437"
          },
          {
            "date": "1767976200",
            "image": "photos/photo_1424@27-01-2026_20-29-04.jpg",
            "rtn_id": "1435",
            "name:fa": "متین عباسی",
            "sources": "https://t.me/RememberTheirNames/1513"
          }
        ],
        "province": "استان تهران",
        "publicId": "MTY6MTAyNjU",
        "sourceId": "10265",
        "layerId": 16,
        "type": "location",
        "status": "active",
        "urgency": null,
        "verificationTag": null,
        "expirationDate": null,
        "createdAt": "2026-03-11T20:43:09.944Z",
        "updatedAt": "2026-04-03T22:10:54.719Z"
      }
    },
    {
      "type": "Feature",
      "id": 406,
      "geometry": {
        "type": "Point",
        "coordinates": [
          48.9402167,
          36.9382519
        ]
      },
      "properties": {
        "id": "MTY6MTAyNjY",
        "city": "طارم",
        "count": 2,
        "people": [
          {
            "date": null,
            "image": "photos/photo_1660@30-01-2026_11-46-44.jpg",
            "rtn_id": "1671",
            "name:fa": "احمدعلی محمدی",
            "sources": "https://t.me/RememberTheirNames/1758"
          },
          {
            "date": "1767889800",
            "image": "photos/photo_2273@06-02-2026_10-12-23.jpg",
            "rtn_id": "2288",
            "name:fa": "رضا موسوی",
            "sources": "https://t.me/RememberTheirNames/2407"
          }
        ],
        "province": "استان زنجان",
        "publicId": "MTY6MTAyNjY",
        "sourceId": "10266",
        "layerId": 16,
        "type": "location",
        "status": "active",
        "urgency": null,
        "verificationTag": null,
        "expirationDate": null,
        "createdAt": "2026-03-11T20:43:09.944Z",
        "updatedAt": "2026-04-03T22:10:54.720Z"
      }
    },
    {
      "type": "Feature",
      "id": 407,
      "geometry": {
        "type": "Point",
        "coordinates": [
          50.9775,
          32.2714
        ]
      },
      "properties": {
        "id": "MTY6MTAyNjc",
        "city": "فرخ‌شهر",
        "count": 4,
        "people": [
          {
            "date": "1767889800",
            "image": "photos/photo_580@22-01-2026_13-42-56.jpg",
            "rtn_id": "585",
            "name:fa": "حسین جوانبخت (پدر)",
            "sources": "https://t.me/RememberTheirNames/628"
          },
          {
            "date": "1767889800",
            "image": "photos/photo_580@22-01-2026_13-42-56.jpg",
            "rtn_id": "586",
            "name:fa": "علی جوانبخت (پسر)",
            "sources": "https://t.me/RememberTheirNames/628"
          },
          {
            "date": "1767889800",
            "image": "photos/photo_581@22-01-2026_13-46-55.jpg",
            "rtn_id": "587",
            "name:fa": "علیرضا سدیان",
            "sources": "https://t.me/RememberTheirNames/629"
          },
          {
            "date": "1767889800",
            "image": "photos/photo_715@23-01-2026_02-26-43.jpg",
            "rtn_id": "721",
            "name:fa": "بهاره بابایی",
            "sources": "https://t.me/RememberTheirNames/771"
          }
        ],
        "province": "استان چهارمحال و بختیاری",
        "publicId": "MTY6MTAyNjc",
        "sourceId": "10267",
        "layerId": 16,
        "type": "location",
        "status": "active",
        "urgency": null,
        "verificationTag": null,
        "expirationDate": null,
        "createdAt": "2026-03-11T20:43:09.945Z",
        "updatedAt": "2026-04-03T22:10:54.722Z"
      }
    },
    {
      "type": "Feature",
      "id": 408,
      "geometry": {
        "type": "Point",
        "coordinates": [
          50.9822,
          35.73
        ]
      },
      "properties": {
        "id": "MTY6MTAyNjg",
        "city": "فردیس",
        "count": 86,
        "people": [
          {
            "date": "1767889800",
            "image": "photos/photo_405@20-01-2026_21-57-11.jpg",
            "rtn_id": "410",
            "name:fa": "اشکان علی‌پور",
            "sources": "https://t.me/RememberTheirNames/445"
          },
          {
            "date": "1767976200",
            "image": "photos/photo_423@21-01-2026_11-15-46.jpg",
            "rtn_id": "428",
            "name:fa": "رحمان خورسندی",
            "sources": "https://t.me/RememberTheirNames/463"
          },
          {
            "date": "1767976200",
            "image": "photos/photo_426@21-01-2026_11-24-02.jpg",
            "rtn_id": "431",
            "name:fa": "محمدرضا مرادعلی",
            "sources": "https://t.me/RememberTheirNames/466"
          },
          {
            "date": "1767976200",
            "image": "photos/photo_450@21-01-2026_13-56-07.jpg",
            "rtn_id": "455",
            "name:fa": "امیرمحسن اللهیاری",
            "sources": "https://t.me/RememberTheirNames/490"
          },
          {
            "date": "1767976200",
            "image": "photos/photo_714@23-01-2026_02-22-43.jpg",
            "rtn_id": "720",
            "name:fa": "شادان مرادی لیندی",
            "sources": "https://t.me/RememberTheirNames/770"
          },
          {
            "date": "1767976200",
            "image": "photos/photo_776@23-01-2026_14-28-34.jpg",
            "rtn_id": "782",
            "name:fa": "محمد جهاندیده پاشاکی",
            "sources": "https://t.me/RememberTheirNames/834"
          },
          {
            "date": "1767976200",
            "image": "photos/photo_781@23-01-2026_14-39-22.jpg",
            "rtn_id": "787",
            "name:fa": "عرشیا رضایی",
            "sources": "https://t.me/RememberTheirNames/839"
          },
          {
            "date": "1767976200",
            "image": "photos/photo_879@23-01-2026_22-55-41.jpg",
            "rtn_id": "887",
            "name:fa": "بهروز نیکخواه",
            "sources": "https://t.me/RememberTheirNames/939"
          },
          {
            "date": "1767889800",
            "image": "photos/photo_897@24-01-2026_00-07-59.jpg",
            "rtn_id": "905",
            "name:fa": "لقمان علیزاده",
            "sources": "https://t.me/RememberTheirNames/957"
          },
          {
            "date": "1767976200",
            "image": "photos/photo_940@24-01-2026_13-55-28.jpg",
            "rtn_id": "949",
            "name:fa": "سعید زمانی",
            "sources": "https://t.me/RememberTheirNames/1002"
          },
          {
            "date": "1767889800",
            "image": "photos/photo_962@24-01-2026_15-06-30.jpg",
            "rtn_id": "971",
            "name:fa": "مهدی الله‌وردی",
            "sources": "https://t.me/RememberTheirNames/1025"
          },
          {
            "date": "1767976200",
            "image": "photos/photo_984@24-01-2026_16-49-14.jpg",
            "rtn_id": "993",
            "name:fa": "مسعود صیفوری",
            "sources": "https://t.me/RememberTheirNames/1048"
          },
          {
            "date": "1767976200",
            "image": "photos/photo_1056@24-01-2026_23-35-55.jpg",
            "rtn_id": "1066",
            "name:fa": "محمدحسین حسین‌زاده",
            "sources": "https://t.me/RememberTheirNames/1125"
          },
          {
            "date": "1767889800",
            "image": "photos/photo_1116@25-01-2026_13-51-38.jpg",
            "rtn_id": "1126",
            "name:fa": "علی باغبان",
            "sources": "https://t.me/RememberTheirNames/1190"
          },
          {
            "date": "1767889800",
            "image": "photos/photo_1199@26-01-2026_00-41-29.jpg",
            "rtn_id": "1210",
            "name:fa": "علیرضا احمدی ترکمانی",
            "sources": "https://t.me/RememberTheirNames/1277"
          },
          {
            "date": "1767976200",
            "image": "photos/photo_1239@26-01-2026_14-26-37.jpg",
            "rtn_id": "1251",
            "name:fa": "یلدا محمدخانی ۱۶ ساله",
            "sources": "https://t.me/RememberTheirNames/1317"
          },
          {
            "date": "1767889800",
            "image": "photos/photo_1315@26-01-2026_22-51-38.jpg",
            "rtn_id": "1327",
            "name:fa": "منصور باقری",
            "sources": "https://t.me/RememberTheirNames/1396"
          },
          {
            "date": "1767889800",
            "image": "photos/photo_1329@27-01-2026_00-40-01.jpg",
            "rtn_id": "1341",
            "name:fa": "خداداد الفتی",
            "sources": "https://t.me/RememberTheirNames/1410"
          },
          {
            "date": "1767976200",
            "image": "photos/photo_1334@27-01-2026_00-49-07.jpg",
            "rtn_id": "1346",
            "name:fa": "اشکان بستار",
            "sources": "https://t.me/RememberTheirNames/1415"
          },
          {
            "date": "1767889800",
            "image": "photos/photo_1353@27-01-2026_13-18-26.jpg",
            "rtn_id": "1365",
            "name:fa": "کمیل جمشیدی",
            "sources": "https://t.me/RememberTheirNames/1435"
          },
          {
            "date": "1767889800",
            "image": "photos/photo_1417@27-01-2026_19-55-52.jpg",
            "rtn_id": "1428",
            "name:fa": "کیانوش شیرین‌بیان",
            "sources": "https://t.me/RememberTheirNames/1506"
          },
          {
            "date": "1767976200",
            "image": "photos/photo_1425@27-01-2026_20-33-51.jpg",
            "rtn_id": "1436",
            "name:fa": "حامد مغانی",
            "sources": "https://t.me/RememberTheirNames/1514"
          },
          {
            "date": "1767976200",
            "image": "photos/photo_1484@28-01-2026_01-04-54.jpg",
            "rtn_id": "1495",
            "name:fa": "مهدی اسکندریان",
            "sources": "https://t.me/RememberTheirNames/1577"
          },
          {
            "date": "1767889800",
            "image": "photos/photo_1492@28-01-2026_11-06-18.jpg",
            "rtn_id": "1503",
            "name:fa": "رضا جعفری",
            "sources": "https://t.me/RememberTheirNames/1587"
          },
          {
            "date": "1767889800",
            "image": "photos/photo_1493@28-01-2026_11-24-45.jpg",
            "rtn_id": "1504",
            "name:fa": "فرهاد ربیعی",
            "sources": "https://t.me/RememberTheirNames/1588"
          },
          {
            "date": "1767889800",
            "image": "photos/photo_1498@28-01-2026_12-42-44.jpg",
            "rtn_id": "1509",
            "name:fa": "علی پالیزبان",
            "sources": "https://t.me/RememberTheirNames/1593"
          },
          {
            "date": "1767889800",
            "image": "photos/photo_1504@28-01-2026_13-31-28.jpg",
            "rtn_id": "1515",
            "name:fa": "جواد جلیلوند",
            "sources": "https://t.me/RememberTheirNames/1599"
          },
          {
            "date": "1767889800",
            "image": "photos/photo_1553@28-01-2026_19-36-21.jpg",
            "rtn_id": "1564",
            "name:fa": "امیررضا کرماجانی",
            "sources": "https://t.me/RememberTheirNames/1649"
          },
          {
            "date": "1767889800",
            "image": "photos/photo_1666@30-01-2026_14-00-56.jpg",
            "rtn_id": "1677",
            "name:fa": "محمد گودرزی",
            "sources": "https://t.me/RememberTheirNames/1765"
          },
          {
            "date": "1767976200",
            "image": "photos/photo_1680@30-01-2026_15-37-50.jpg",
            "rtn_id": "1691",
            "name:fa": "حسن کلهر",
            "sources": "https://t.me/RememberTheirNames/1779"
          },
          {
            "date": "1767889800",
            "image": "photos/photo_1703@30-01-2026_18-28-34.jpg",
            "rtn_id": "1714",
            "name:fa": "سید امیر موسوی",
            "sources": "https://t.me/RememberTheirNames/1807"
          },
          {
            "date": "1767976200",
            "image": "photos/photo_1710@30-01-2026_19-11-23.jpg",
            "rtn_id": "1721",
            "name:fa": "بیوک پاشایی",
            "sources": "https://t.me/RememberTheirNames/1815"
          },
          {
            "date": "1767976200",
            "image": "photos/photo_1725@30-01-2026_21-13-35.jpg",
            "rtn_id": "1736",
            "name:fa": "سعید ملک‌درویش",
            "sources": "https://t.me/RememberTheirNames/1832"
          },
          {
            "date": "1767976200",
            "image": "photos/photo_1735@30-01-2026_22-25-25.jpg",
            "rtn_id": "1746",
            "name:fa": "مصطفی سلامی",
            "sources": "https://t.me/RememberTheirNames/1843"
          },
          {
            "date": "1767889800",
            "image": "photos/photo_1747@31-01-2026_10-47-37.jpg",
            "rtn_id": "1758",
            "name:fa": "احمد طراقیان",
            "sources": "https://t.me/RememberTheirNames/1855"
          },
          {
            "date": "1767889800",
            "image": "photos/photo_1775@31-01-2026_14-08-32.jpg",
            "rtn_id": "1786",
            "name:fa": "حدیث اکبرزاده ۱۳ ساله",
            "sources": "https://t.me/RememberTheirNames/1883"
          },
          {
            "date": "1767976200",
            "image": "photos/photo_1781@31-01-2026_15-07-20.jpg",
            "rtn_id": "1792",
            "name:fa": "شیما کوهی",
            "sources": "https://t.me/RememberTheirNames/1889"
          },
          {
            "date": "1767889800",
            "image": "photos/photo_1786@31-01-2026_15-50-42.jpg",
            "rtn_id": "1797",
            "name:fa": "خدیجه علی‌پور",
            "sources": "https://t.me/RememberTheirNames/1896"
          },
          {
            "date": "1767976200",
            "image": "photos/photo_1816@31-01-2026_14-26-12.jpg",
            "rtn_id": "1827",
            "name:fa": "بهزاد علیزاده (پدر)",
            "sources": "https://t.me/RememberTheirNames/1928"
          },
          {
            "date": "1767889800",
            "image": "photos/photo_1829@01-02-2026_02-31-03.jpg",
            "rtn_id": "1842",
            "name:fa": "دانیال چراغیان",
            "sources": "https://t.me/RememberTheirNames/1941"
          },
          {
            "date": "1767976200",
            "image": "photos/photo_1862@01-02-2026_11-08-34.jpg",
            "rtn_id": "1876",
            "name:fa": "کسری وفاپرور ۱۷ساله",
            "sources": "https://t.me/RememberTheirNames/1975"
          },
          {
            "date": "1767976200",
            "image": "photos/photo_1889@01-02-2026_13-57-42.jpg",
            "rtn_id": "1903",
            "name:fa": "مرتضی محمدی",
            "sources": "https://t.me/RememberTheirNames/2005"
          },
          {
            "date": "1767889800",
            "image": "photos/photo_1891@01-02-2026_14-16-18.jpg",
            "rtn_id": "1905",
            "name:fa": "امیرعلی فلاح‌پور",
            "sources": "https://t.me/RememberTheirNames/2007"
          },
          {
            "date": "1767889800",
            "image": "photos/photo_1968@02-02-2026_12-13-18.jpg",
            "rtn_id": "1982",
            "name:fa": "رامین پویافرد",
            "sources": "https://t.me/RememberTheirNames/2090"
          },
          {
            "date": "1767889800",
            "image": "photos/photo_1989@03-02-2026_03-36-56.jpg",
            "rtn_id": "2003",
            "name:fa": "آراد قاسمی",
            "sources": "https://t.me/RememberTheirNames/2112"
          },
          {
            "date": "1767889800",
            "image": "photos/photo_2007@03-02-2026_06-45-45.jpg",
            "rtn_id": "2021",
            "name:fa": "آیدین نجفی",
            "sources": "https://t.me/RememberTheirNames/2131"
          },
          {
            "date": "1767889800",
            "image": "photos/photo_2008@03-02-2026_06-49-34.jpg",
            "rtn_id": "2022",
            "name:fa": "میلاد بهادری",
            "sources": "https://t.me/RememberTheirNames/2132"
          },
          {
            "date": "1767976200",
            "image": "photos/photo_2125@04-02-2026_15-52-29.jpg",
            "rtn_id": "2139",
            "name:fa": "زهرا کاظمی‌فر",
            "sources": "https://t.me/RememberTheirNames/2256"
          },
          {
            "date": "1767889800",
            "image": "photos/photo_2195@05-02-2026_12-35-08.jpg",
            "rtn_id": "2209",
            "name:fa": "سینا هوشمندی",
            "sources": "https://t.me/RememberTheirNames/2328"
          },
          {
            "date": "1767976200",
            "image": "photos/photo_2227@05-02-2026_15-52-18.jpg",
            "rtn_id": "2241",
            "name:fa": "محمدرضا نعمتی",
            "sources": "https://t.me/RememberTheirNames/2360"
          },
          {
            "date": "1767889800",
            "image": "photos/photo_2251@06-02-2026_02-55-30.jpg",
            "rtn_id": "2265",
            "name:fa": "امیر رستمیان",
            "sources": "https://t.me/RememberTheirNames/2385"
          },
          {
            "date": "1767976200",
            "image": "photos/photo_2325@07-02-2026_02-49-38.jpg",
            "rtn_id": "2340",
            "name:fa": "حسن فرهمندفر",
            "sources": "https://t.me/RememberTheirNames/2462"
          },
          {
            "date": "1767889800",
            "image": "photos/photo_2337@07-02-2026_07-23-49.jpg",
            "rtn_id": "2352",
            "name:fa": "محمدامین ضیایی",
            "sources": "https://t.me/RememberTheirNames/2474"
          },
          {
            "date": "1767889800",
            "image": "photos/photo_2353@07-02-2026_13-36-09.jpg",
            "rtn_id": "2368",
            "name:fa": "وحید رحیمی ابلی",
            "sources": "https://t.me/RememberTheirNames/2491"
          },
          {
            "date": "1767889800",
            "image": "photos/photo_2376@08-02-2026_04-22-44.jpg",
            "rtn_id": "2391",
            "name:fa": "داوود کولیوند",
            "sources": "https://t.me/RememberTheirNames/2517"
          },
          {
            "date": "1767889800",
            "image": "photos/photo_2398@08-02-2026_06-58-28.jpg",
            "rtn_id": "2413",
            "name:fa": "امیرحسین وقری",
            "sources": "https://t.me/RememberTheirNames/2539"
          },
          {
            "date": "1767889800",
            "image": "photos/photo_2411@08-02-2026_07-42-31.jpg",
            "rtn_id": "2426",
            "name:fa": "زهرا سلطانیان",
            "sources": "https://t.me/RememberTheirNames/2552"
          },
          {
            "date": "1767976200",
            "image": "photos/photo_2469@08-02-2026_17-40-55.jpg",
            "rtn_id": "2484",
            "name:fa": "محمدعلی ادریسی",
            "sources": "https://t.me/RememberTheirNames/2614"
          },
          {
            "date": "1767976200",
            "image": "photos/photo_2484@09-02-2026_06-20-01.jpg",
            "rtn_id": "2499",
            "name:fa": "علیرضا قلی‌زاده",
            "sources": "https://t.me/RememberTheirNames/2629"
          },
          {
            "date": "1767889800",
            "image": "photos/photo_2511@09-02-2026_12-06-55.jpg",
            "rtn_id": "2526",
            "name:fa": "محمدرضا فیضی",
            "sources": "https://t.me/RememberTheirNames/2657"
          },
          {
            "date": "1767976200",
            "image": "photos/photo_2524@09-02-2026_14-07-17.jpg",
            "rtn_id": "2539",
            "name:fa": "علیرضا حبیبی",
            "sources": "https://t.me/RememberTheirNames/2670"
          },
          {
            "date": "1767889800",
            "image": "photos/photo_2534@09-02-2026_17-51-28.jpg",
            "rtn_id": "2549",
            "name:fa": "عبدالرضا فدایی",
            "sources": "https://t.me/RememberTheirNames/2689"
          },
          {
            "date": "1767976200",
            "image": "photos/photo_2585@10-02-2026_16-51-51.jpg",
            "rtn_id": "2600",
            "name:fa": "فائزه محمدی",
            "sources": "https://t.me/RememberTheirNames/2742"
          },
          {
            "date": "1767889800",
            "image": "photos/photo_2586@11-02-2026_03-58-31.jpg",
            "rtn_id": "2601",
            "name:fa": "سمیه رضایی‌منش",
            "sources": "https://t.me/RememberTheirNames/2744"
          },
          {
            "date": "1767976200",
            "image": "photos/photo_2603@11-02-2026_07-46-18.jpg",
            "rtn_id": "2618",
            "name:fa": "میثم کمالی دهقان",
            "sources": "https://t.me/RememberTheirNames/2762"
          },
          {
            "date": "1767889800",
            "image": "photos/photo_2643@12-02-2026_14-23-05.jpg",
            "rtn_id": "2658",
            "name:fa": "آریا شوقی تکمه‌داش ۱۷ساله",
            "sources": "https://t.me/RememberTheirNames/2805"
          },
          {
            "date": "1767976200",
            "image": "photos/photo_2654@13-02-2026_07-43-45.jpg",
            "rtn_id": "2669",
            "name:fa": "امیر مسلمی",
            "sources": "https://t.me/RememberTheirNames/2816"
          },
          {
            "date": "1767976200",
            "image": "photos/photo_2717@15-02-2026_04-41-15.jpg",
            "rtn_id": "2732",
            "name:fa": "محسن جلیلی",
            "sources": "https://t.me/RememberTheirNames/2880"
          },
          {
            "date": "1767976200",
            "image": "photos/photo_2734@16-02-2026_06-54-05.jpg",
            "rtn_id": "2749",
            "name:fa": "زینب احمدی",
            "sources": "https://t.me/RememberTheirNames/2897"
          },
          {
            "date": "1767976200",
            "image": "photos/photo_2735@16-02-2026_07-31-08.jpg",
            "rtn_id": "2750",
            "name:fa": "احمد قاسم‌پور پیله‌رودی",
            "sources": "https://t.me/RememberTheirNames/2898"
          },
          {
            "date": "1767889800",
            "image": "photos/photo_2788@17-02-2026_05-53-53.jpg",
            "rtn_id": "2804",
            "name:fa": "محمدامین خلاصه‌شعار",
            "sources": "https://t.me/RememberTheirNames/2954"
          },
          {
            "date": "1767889800",
            "image": "photos/photo_2789@17-02-2026_05-56-53.jpg",
            "rtn_id": "2805",
            "name:fa": "فرحناز رستمی",
            "sources": "https://t.me/RememberTheirNames/2955"
          },
          {
            "date": "1767976200",
            "image": "photos/photo_2819@18-02-2026_05-34-13.jpg",
            "rtn_id": "2831",
            "name:fa": "مهری فرج‌زاده",
            "sources": "https://t.me/RememberTheirNames/2998"
          },
          {
            "date": "1767976200",
            "image": "photos/photo_2849@19-02-2026_06-47-34.jpg",
            "rtn_id": "2861",
            "name:fa": "محمد ایمان‌پور",
            "sources": "https://t.me/RememberTheirNames/3030"
          },
          {
            "date": "1767889800",
            "image": "photos/photo_2877@20-02-2026_05-02-30.jpg",
            "rtn_id": "2889",
            "name:fa": "سجاد اصغری",
            "sources": "https://t.me/RememberTheirNames/3058"
          },
          {
            "date": "1767976200",
            "image": "photos/photo_2881@20-02-2026_07-02-35.jpg",
            "rtn_id": "2893",
            "name:fa": "امیررضا (امید) بیک‌محمدی",
            "sources": "https://t.me/RememberTheirNames/3062"
          },
          {
            "date": "1767889800",
            "image": "photos/photo_2888@20-02-2026_09-23-44.jpg",
            "rtn_id": "2900",
            "name:fa": "عفت سیداشرفی",
            "sources": "https://t.me/RememberTheirNames/3069"
          },
          {
            "date": "1767889800",
            "image": "photos/photo_2914@21-02-2026_11-38-50.jpg",
            "rtn_id": "2926",
            "name:fa": "مهرداد حیدری باشسیز",
            "sources": "https://t.me/RememberTheirNames/3097"
          },
          {
            "date": "1767889800",
            "image": "photos/photo_2951@23-02-2026_12-33-02.jpg",
            "rtn_id": "2963",
            "name:fa": "علیرضا سلطانی ۱۵ساله",
            "sources": "https://t.me/RememberTheirNames/3136"
          },
          {
            "date": "1767976200",
            "image": "photos/photo_2964@23-02-2026_18-04-43.jpg",
            "rtn_id": "2976",
            "name:fa": "حسن قیداری",
            "sources": "https://t.me/RememberTheirNames/3151"
          },
          {
            "date": "1767976200",
            "image": "photos/photo_2981@24-02-2026_14-37-19.jpg",
            "rtn_id": "2993",
            "name:fa": "مریم براتی",
            "sources": "https://t.me/RememberTheirNames/3168"
          },
          {
            "date": "1767976200",
            "image": "photos/photo_3019@27-02-2026_04-06-04.jpg",
            "rtn_id": "3031",
            "name:fa": "کاظم لاهوتی",
            "sources": "https://t.me/RememberTheirNames/3211"
          },
          {
            "date": "1767889800",
            "image": "photos/photo_3045@09-03-2026_05-26-35.jpg",
            "rtn_id": "3057",
            "name:fa": "یعقوب عبدی جمایران",
            "sources": "https://t.me/RememberTheirNames/3258"
          },
          {
            "date": "1772296200",
            "image": "photos/photo_3051@09-03-2026_07-03-15.jpg",
            "rtn_id": "3063",
            "name:fa": "امیرحسین فیضی",
            "sources": "https://t.me/RememberTheirNames/3264"
          },
          {
            "date": "1767889800",
            "image": "photos/photo_3069@29-03-2026_14-44-21.jpg",
            "rtn_id": "3082",
            "name:fa": "اشکان محقق",
            "sources": "https://t.me/RememberTheirNames/3289"
          },
          {
            "date": "1767976200",
            "image": "photos/photo_3074@31-03-2026_11-57-54.jpg",
            "rtn_id": "3087",
            "name:fa": "علی اللهیاربیکی",
            "sources": "https://t.me/RememberTheirNames/3294"
          }
        ],
        "province": "استان البرز",
        "publicId": "MTY6MTAyNjg",
        "sourceId": "10268",
        "layerId": 16,
        "type": "location",
        "status": "active",
        "urgency": null,
        "verificationTag": null,
        "expirationDate": null,
        "createdAt": "2026-03-11T20:43:09.945Z",
        "updatedAt": "2026-04-03T22:10:54.723Z"
      }
    },
    {
      "type": "Feature",
      "id": 409,
      "geometry": {
        "type": "Point",
        "coordinates": [
          59.8528639,
          35.718933
        ]
      },
      "properties": {
        "id": "MTY6MTAyNjk",
        "city": "فریمان",
        "count": 1,
        "people": [
          {
            "date": null,
            "image": "photos/photo_1618@29-01-2026_20-14-51.jpg",
            "rtn_id": "1629",
            "name:fa": "مهدی استادزاده",
            "sources": "https://t.me/RememberTheirNames/1715"
          }
        ],
        "province": "استان خراسان رضوی",
        "publicId": "MTY6MTAyNjk",
        "sourceId": "10269",
        "layerId": 16,
        "type": "location",
        "status": "active",
        "urgency": null,
        "verificationTag": null,
        "expirationDate": null,
        "createdAt": "2026-03-11T20:43:09.946Z",
        "updatedAt": "2026-04-03T22:10:54.724Z"
      }
    },
    {
      "type": "Feature",
      "id": 410,
      "geometry": {
        "type": "Point",
        "coordinates": [
          51.5167,
          32.55
        ]
      },
      "properties": {
        "id": "MTY6MTAyNzA",
        "city": "فلاورجان",
        "count": 4,
        "people": [
          {
            "date": "1767889800",
            "image": "photos/photo_720@23-01-2026_02-43-27.jpg",
            "rtn_id": "726",
            "name:fa": "علیرضا یزدانی ۱۸ ساله",
            "sources": "https://t.me/RememberTheirNames/776"
          },
          {
            "date": "1767889845-1768161645",
            "image": "photos/photo_982@24-01-2026_16-45-01.jpg",
            "rtn_id": "991",
            "name:fa": "ابوالفضل رجایی",
            "sources": "https://t.me/RememberTheirNames/1046"
          },
          {
            "date": "1767889800",
            "image": "photos/photo_1218@26-01-2026_01-58-37.jpg",
            "rtn_id": "1229",
            "name:fa": "محمدرضا احمدی",
            "sources": "https://t.me/RememberTheirNames/1296"
          },
          {
            "date": "1767889800",
            "image": "photos/photo_1960@02-02-2026_08-01-26.jpg",
            "rtn_id": "1974",
            "name:fa": "فاطمه شیخ قهدریجانی",
            "sources": "https://t.me/RememberTheirNames/2081"
          }
        ],
        "province": "استان اصفهان",
        "publicId": "MTY6MTAyNzA",
        "sourceId": "10270",
        "layerId": 16,
        "type": "location",
        "status": "active",
        "urgency": null,
        "verificationTag": null,
        "expirationDate": null,
        "createdAt": "2026-03-11T20:43:09.947Z",
        "updatedAt": "2026-04-03T22:10:54.725Z"
      }
    },
    {
      "type": "Feature",
      "id": 411,
      "geometry": {
        "type": "Point",
        "coordinates": [
          51.3997,
          32.4869
        ]
      },
      "properties": {
        "id": "MTY6MTAyNzE",
        "city": "فولادشهر",
        "count": 20,
        "people": [
          {
            "date": "1767198600",
            "image": "photos/photo_1@18-01-2026_18-38-12.jpg",
            "rtn_id": "1",
            "name:fa": "داریوش انصاری",
            "sources": "https://t.me/RememberTheirNames/2"
          },
          {
            "date": "1767889800",
            "image": "photos/photo_85@18-01-2026_23-30-14.jpg",
            "rtn_id": "86",
            "name:fa": "محمدامین قبادی",
            "sources": "https://t.me/RememberTheirNames/117"
          },
          {
            "date": "1767976200",
            "image": "photos/photo_266@19-01-2026_22-47-26.jpg",
            "rtn_id": "271",
            "name:fa": "سپهر موسوی‌فر",
            "sources": "https://t.me/RememberTheirNames/304"
          },
          {
            "date": "1767889800",
            "image": "photos/photo_443@21-01-2026_13-05-29.jpg",
            "rtn_id": "448",
            "name:fa": "شهرام سرلک",
            "sources": "https://t.me/RememberTheirNames/483"
          },
          {
            "date": "1767976200",
            "image": "photos/photo_500@21-01-2026_19-21-41.jpg",
            "rtn_id": "505",
            "name:fa": "سهیل کیخایی",
            "sources": "https://t.me/RememberTheirNames/543"
          },
          {
            "date": "1767889800",
            "image": "photos/photo_583@22-01-2026_13-51-19.jpg",
            "rtn_id": "589",
            "name:fa": "رسول ضیایی",
            "sources": "https://t.me/RememberTheirNames/631"
          },
          {
            "date": "1767976200",
            "image": "photos/photo_428@21-01-2026_11-28-33.jpg",
            "rtn_id": "671",
            "name:fa": "رضا طاهری",
            "sources": "https://t.me/RememberTheirNames/718"
          },
          {
            "date": "1768149000",
            "image": "photos/photo_744@23-01-2026_11-39-02.jpg",
            "rtn_id": "750",
            "name:fa": "سید علیرضا موسوی",
            "sources": "https://t.me/RememberTheirNames/800"
          },
          {
            "date": "1767889800",
            "image": "photos/photo_768@23-01-2026_13-55-26.jpg",
            "rtn_id": "774",
            "name:fa": "محمدامین عقیلی‌زاده",
            "sources": "https://t.me/RememberTheirNames/826"
          },
          {
            "date": "1767976200",
            "image": "photos/photo_1159@25-01-2026_20-23-50.jpg",
            "rtn_id": "1169",
            "name:fa": "رضا کاووسی حیدری",
            "sources": "https://t.me/RememberTheirNames/1234"
          },
          {
            "date": "1767889800",
            "image": "photos/photo_1160@25-01-2026_20-25-09.jpg",
            "rtn_id": "1170",
            "name:fa": "مصطفی امیری",
            "sources": "https://t.me/RememberTheirNames/1236"
          },
          {
            "date": "1767889800",
            "image": "photos/photo_326@20-01-2026_11-11-42.jpg",
            "rtn_id": "331",
            "name:fa": "فرشید مرادی",
            "sources": "https://t.me/RememberTheirNames/365"
          },
          {
            "date": "1767889800",
            "image": "photos/photo_1468@27-01-2026_23-39-15.jpg",
            "rtn_id": "1479",
            "name:fa": "یونس چراغی",
            "sources": "https://t.me/RememberTheirNames/1558"
          },
          {
            "date": "1767976200",
            "image": "photos/photo_1838@01-02-2026_05-42-06.jpg",
            "rtn_id": "1851",
            "name:fa": "آرمین دهقان",
            "sources": "https://t.me/RememberTheirNames/1950"
          },
          {
            "date": "1767976200",
            "image": "photos/photo_1957@02-02-2026_07-11-53.jpg",
            "rtn_id": "1971",
            "name:fa": "رضا طهماسبیان",
            "sources": "https://t.me/RememberTheirNames/2077"
          },
          {
            "date": "1767889800",
            "image": "photos/photo_2002@03-02-2026_05-46-29.jpg",
            "rtn_id": "2016",
            "name:fa": "علیرضا طاهری باجگیرانی",
            "sources": "https://t.me/RememberTheirNames/2126"
          },
          {
            "date": "1767889800",
            "image": "photos/photo_2403@08-02-2026_07-19-51.jpg",
            "rtn_id": "2418",
            "name:fa": "مجید جمشیدی گهروئی",
            "sources": "https://t.me/RememberTheirNames/2544"
          },
          {
            "date": "1767889800",
            "image": "photos/photo_2768@16-02-2026_16-31-23.jpg",
            "rtn_id": "2784",
            "name:fa": "محمدحسن فرجی",
            "sources": "https://t.me/RememberTheirNames/2933"
          },
          {
            "date": "1767889800",
            "image": "photos/photo_2842@19-02-2026_03-55-45.jpg",
            "rtn_id": "2854",
            "name:fa": "محمدرضا صادقی هاردنگی",
            "sources": "https://t.me/RememberTheirNames/3022"
          },
          {
            "date": "1767976200",
            "image": "photos/photo_2859@19-02-2026_11-14-40.jpg",
            "rtn_id": "2871",
            "name:fa": "مصطفی جمالی امیری",
            "sources": "https://t.me/RememberTheirNames/3040"
          }
        ],
        "province": "استان اصفهان",
        "publicId": "MTY6MTAyNzE",
        "sourceId": "10271",
        "layerId": 16,
        "type": "location",
        "status": "active",
        "urgency": null,
        "verificationTag": null,
        "expirationDate": null,
        "createdAt": "2026-03-11T20:43:09.947Z",
        "updatedAt": "2026-04-03T22:10:54.726Z"
      }
    },
    {
      "type": "Feature",
      "id": 412,
      "geometry": {
        "type": "Point",
        "coordinates": [
          61.398,
          26.235
        ]
      },
      "properties": {
        "id": "MTY6MTAyNzI",
        "city": "فیروزآباد راسک بلوچستان",
        "count": 1,
        "people": [
          {
            "date": "1767976200",
            "image": "photos/photo_533@21-01-2026_22-32-10.jpg",
            "rtn_id": "538",
            "name:fa": "ایوب رسانه",
            "sources": "https://t.me/RememberTheirNames/579"
          }
        ],
        "province": "استان سیستان و بلوچستان",
        "publicId": "MTY6MTAyNzI",
        "sourceId": "10272",
        "layerId": 16,
        "type": "location",
        "status": "active",
        "urgency": null,
        "verificationTag": null,
        "expirationDate": null,
        "createdAt": "2026-03-11T20:43:09.947Z",
        "updatedAt": "2026-04-03T22:10:54.727Z"
      }
    },
    {
      "type": "Feature",
      "id": 413,
      "geometry": {
        "type": "Point",
        "coordinates": [
          52.8492,
          36.4631
        ]
      },
      "properties": {
        "id": "MTY6MTAyNzM",
        "city": "قائمشهر",
        "count": 2,
        "people": [
          {
            "date": "1767889845-1768161645",
            "image": "photos/photo_792@23-01-2026_15-18-23.jpg",
            "rtn_id": "798",
            "name:fa": "سینا یاسری",
            "sources": "https://t.me/RememberTheirNames/850"
          },
          {
            "date": "1767889845-1768161645",
            "image": "photos/photo_1257@26-01-2026_16-43-40.jpg",
            "rtn_id": "1269",
            "name:fa": "حسین صلاحی",
            "sources": "https://t.me/RememberTheirNames/1336"
          }
        ],
        "province": "استان مازندران",
        "publicId": "MTY6MTAyNzM",
        "sourceId": "10273",
        "layerId": 16,
        "type": "location",
        "status": "active",
        "urgency": null,
        "verificationTag": null,
        "expirationDate": null,
        "createdAt": "2026-03-11T20:43:09.948Z",
        "updatedAt": "2026-04-03T22:10:54.728Z"
      }
    },
    {
      "type": "Feature",
      "id": 414,
      "geometry": {
        "type": "Point",
        "coordinates": [
          51.683,
          29.733
        ]
      },
      "properties": {
        "id": "MTY6MTAyNzQ",
        "city": "قائمیه کوه‌چنار فارس",
        "count": 8,
        "people": [
          {
            "date": "1767889800",
            "image": "photos/photo_156@19-01-2026_11-54-14.jpg",
            "rtn_id": "157",
            "name:fa": "جبار پناهی آزاد",
            "sources": "https://t.me/RememberTheirNames/190"
          },
          {
            "date": "1767889800",
            "image": "photos/photo_447@21-01-2026_13-49-47.jpg",
            "rtn_id": "452",
            "name:fa": "رضا شهریور",
            "sources": "https://t.me/RememberTheirNames/487"
          },
          {
            "date": "1767889845-1768161645",
            "image": "photos/photo_1220@26-01-2026_02-36-37.jpg",
            "rtn_id": "1231",
            "name:fa": "ایمان میرشکاری",
            "sources": "https://t.me/RememberTheirNames/1298"
          },
          {
            "date": "1767889800",
            "image": "photos/photo_1252@26-01-2026_16-16-49.jpg",
            "rtn_id": "1264",
            "name:fa": "آنیسا هوشنگی",
            "sources": "https://t.me/RememberTheirNames/1331"
          },
          {
            "date": "1767889800",
            "image": "photos/photo_1516@28-01-2026_15-25-08.jpg",
            "rtn_id": "1527",
            "name:fa": "علیرضا نادری",
            "sources": "https://t.me/RememberTheirNames/1611"
          },
          {
            "date": "1767889800",
            "image": "photos/photo_1656@30-01-2026_10-04-03.jpg",
            "rtn_id": "1667",
            "name:fa": "بهبود حسن‌زاده",
            "sources": "https://t.me/RememberTheirNames/1753"
          },
          {
            "date": "1767976200",
            "image": "photos/photo_1836@01-02-2026_05-36-52.jpg",
            "rtn_id": "1849",
            "name:fa": "آرین کشکولی",
            "sources": "https://t.me/RememberTheirNames/1948"
          },
          {
            "date": "1767976200",
            "image": "photos/photo_2476@09-02-2026_05-27-20.jpg",
            "rtn_id": "2491",
            "name:fa": "فرزانه ساسانی‌پور",
            "sources": "https://t.me/RememberTheirNames/2621"
          }
        ],
        "province": "استان فارس",
        "publicId": "MTY6MTAyNzQ",
        "sourceId": "10274",
        "layerId": 16,
        "type": "location",
        "status": "active",
        "urgency": null,
        "verificationTag": null,
        "expirationDate": null,
        "createdAt": "2026-03-11T20:43:09.948Z",
        "updatedAt": "2026-04-03T22:10:54.729Z"
      }
    },
    {
      "type": "Feature",
      "id": 415,
      "geometry": {
        "type": "Point",
        "coordinates": [
          51.5040648,
          35.3938902
        ]
      },
      "properties": {
        "id": "MTY6MTAyNzU",
        "city": "قرچک",
        "count": 36,
        "people": [
          {
            "date": "1767889800",
            "image": "photos/photo_1131@25-01-2026_15-23-58.jpg",
            "rtn_id": "1141",
            "name:fa": "رسول فعله‌گری",
            "sources": "https://t.me/RememberTheirNames/1205"
          },
          {
            "date": "1767889845-1768161645",
            "image": "photos/photo_1147@25-01-2026_18-37-22.jpg",
            "rtn_id": "1157",
            "name:fa": "فرزانه جهانبخشی",
            "sources": "https://t.me/RememberTheirNames/1221"
          },
          {
            "date": "1767976200",
            "image": "photos/photo_1246@26-01-2026_15-14-37.jpg",
            "rtn_id": "1258",
            "name:fa": "لیلا شکری",
            "sources": "https://t.me/RememberTheirNames/1324"
          },
          {
            "date": "1767889800",
            "image": "photos/photo_1013@24-01-2026_18-58-19.jpg",
            "rtn_id": "1022",
            "name:fa": "حمید نیک",
            "sources": "https://t.me/RememberTheirNames/1079"
          },
          {
            "date": "1767889800",
            "image": "photos/photo_1014@24-01-2026_18-58-37.jpg",
            "rtn_id": "1023",
            "name:fa": "حسن باهو",
            "sources": "https://t.me/RememberTheirNames/1080"
          },
          {
            "date": "1767889800",
            "image": "photos/photo_1015@24-01-2026_19-00-46.jpg",
            "rtn_id": "1024",
            "name:fa": "علا قشقایی",
            "sources": "https://t.me/RememberTheirNames/1081"
          },
          {
            "date": "1767976200",
            "image": "photos/photo_1047@24-01-2026_22-41-27.jpg",
            "rtn_id": "1056",
            "name:fa": "امیر قربانی",
            "sources": "https://t.me/RememberTheirNames/1115"
          },
          {
            "date": "1767889800",
            "image": "photos/photo_1494@28-01-2026_11-34-07.jpg",
            "rtn_id": "1505",
            "name:fa": "خلیل صبری",
            "sources": "https://t.me/RememberTheirNames/1589"
          },
          {
            "date": "1767889800",
            "image": "photos/photo_1597@29-01-2026_15-21-08.jpg",
            "rtn_id": "1608",
            "name:fa": "ابوالفضل فرجی",
            "sources": "https://t.me/RememberTheirNames/1694"
          },
          {
            "date": "1767889800",
            "image": "photos/photo_1655@30-01-2026_10-01-25.jpg",
            "rtn_id": "1666",
            "name:fa": "امیرعلی ذاکری ۱۸ ساله",
            "sources": "https://t.me/RememberTheirNames/1752"
          },
          {
            "date": "1767889800",
            "image": "photos/photo_1758@31-01-2026_12-17-13.jpg",
            "rtn_id": "1769",
            "name:fa": "مجید پوررستمی",
            "sources": "https://t.me/RememberTheirNames/1866"
          },
          {
            "date": "1767889800",
            "image": "photos/photo_1776@31-01-2026_14-30-12.jpg",
            "rtn_id": "1787",
            "name:fa": "منصور ضیایی",
            "sources": "https://t.me/RememberTheirNames/1884"
          },
          {
            "date": "1767976200",
            "image": "photos/photo_1805@31-01-2026_12-54-22.jpg",
            "rtn_id": "1816",
            "name:fa": "حمید صالحی",
            "sources": "https://t.me/RememberTheirNames/1917"
          },
          {
            "date": "1767889800",
            "image": "photos/photo_1864@01-02-2026_11-12-47.jpg",
            "rtn_id": "1878",
            "name:fa": "سیاوش اسماعیلی",
            "sources": "https://t.me/RememberTheirNames/1977"
          },
          {
            "date": "1767889800",
            "image": "photos/photo_1915@01-02-2026_16-14-50.jpg",
            "rtn_id": "1929",
            "name:fa": "علیرضا پناهی",
            "sources": "https://t.me/RememberTheirNames/2032"
          },
          {
            "date": "1767889800",
            "image": "photos/photo_2063@04-02-2026_04-28-33.jpg",
            "rtn_id": "2077",
            "name:fa": "آروین قاسمی‌مبین",
            "sources": "https://t.me/RememberTheirNames/2191"
          },
          {
            "date": "1767889800",
            "image": "photos/photo_2064@04-02-2026_04-30-03.jpg",
            "rtn_id": "2078",
            "name:fa": "جواد شایگان",
            "sources": "https://t.me/RememberTheirNames/2192"
          },
          {
            "date": "1767889800",
            "image": "photos/photo_2065@04-02-2026_04-31-33.jpg",
            "rtn_id": "2079",
            "name:fa": "محمد موسایی",
            "sources": "https://t.me/RememberTheirNames/2193"
          },
          {
            "date": "1767889800",
            "image": "photos/photo_2066@04-02-2026_04-34-07.jpg",
            "rtn_id": "2080",
            "name:fa": "قاسم کاظمیان طرهان",
            "sources": "https://t.me/RememberTheirNames/2194"
          },
          {
            "date": "1767976200",
            "image": "photos/photo_2067@04-02-2026_04-36-13.jpg",
            "rtn_id": "2081",
            "name:fa": "سعید قاضیانی",
            "sources": "https://t.me/RememberTheirNames/2195"
          },
          {
            "date": "1767889800",
            "image": "photos/photo_2068@04-02-2026_04-45-06.jpg",
            "rtn_id": "2082",
            "name:fa": "امیرعلی پهلوان‌‌زاده",
            "sources": "https://t.me/RememberTheirNames/2196"
          },
          {
            "date": "1767889800",
            "image": "photos/photo_2069@04-02-2026_04-46-10.jpg",
            "rtn_id": "2083",
            "name:fa": "اسماعیل شهبازی",
            "sources": "https://t.me/RememberTheirNames/2197"
          },
          {
            "date": "1767976200",
            "image": "photos/photo_2070@04-02-2026_04-47-04.jpg",
            "rtn_id": "2084",
            "name:fa": "داریوش پیرهادی",
            "sources": "https://t.me/RememberTheirNames/2198"
          },
          {
            "date": "1767889800",
            "image": "photos/photo_2071@04-02-2026_04-48-33.jpg",
            "rtn_id": "2085",
            "name:fa": "رسول خسروی",
            "sources": "https://t.me/RememberTheirNames/2199"
          },
          {
            "date": "1767889800",
            "image": "photos/photo_2091@04-02-2026_11-18-49.jpg",
            "rtn_id": "2105",
            "name:fa": "امیر یکتایی یگانه",
            "sources": "https://t.me/RememberTheirNames/2220"
          },
          {
            "date": "1767889800",
            "image": "photos/photo_2103@04-02-2026_13-39-55.jpg",
            "rtn_id": "2117",
            "name:fa": "محمد صادقی",
            "sources": "https://t.me/RememberTheirNames/2233"
          },
          {
            "date": "1767889800",
            "image": "photos/photo_2105@04-02-2026_13-45-07.jpg",
            "rtn_id": "2119",
            "name:fa": "علیرضا ابوالقاسمی صحت",
            "sources": "https://t.me/RememberTheirNames/2235"
          },
          {
            "date": "1767889800",
            "image": "photos/photo_2158@05-02-2026_05-46-53.jpg",
            "rtn_id": "2172",
            "name:fa": "علی محمدی",
            "sources": "https://t.me/RememberTheirNames/2290"
          },
          {
            "date": "1767889800",
            "image": "photos/photo_2159@05-02-2026_05-48-55.jpg",
            "rtn_id": "2173",
            "name:fa": "علی صادقی",
            "sources": "https://t.me/RememberTheirNames/2291"
          },
          {
            "date": "1767889845-1768161645",
            "image": "photos/photo_2222@05-02-2026_15-34-17.jpg",
            "rtn_id": "2236",
            "name:fa": "علیرضا سهرابی راد",
            "sources": "https://t.me/RememberTheirNames/2355"
          },
          {
            "date": "1767889800",
            "image": "photos/photo_2254@06-02-2026_03-26-38.jpg",
            "rtn_id": "2269",
            "name:fa": "داوود سعادت کرکشه",
            "sources": "https://t.me/RememberTheirNames/2388"
          },
          {
            "date": "1767889800",
            "image": "photos/photo_2257@06-02-2026_05-42-25.jpg",
            "rtn_id": "2272",
            "name:fa": "امیر محبوبی",
            "sources": "https://t.me/RememberTheirNames/2391"
          },
          {
            "date": "1767889845-1768161645",
            "image": "photos/photo_2326@07-02-2026_02-52-51.jpg",
            "rtn_id": "2341",
            "name:fa": "حسین بخشی",
            "sources": "https://t.me/RememberTheirNames/2463"
          },
          {
            "date": "1767889800",
            "image": "photos/photo_2748@16-02-2026_11-03-16.jpg",
            "rtn_id": "2764",
            "name:fa": "مهدی نجفی",
            "sources": "https://t.me/RememberTheirNames/2911"
          },
          {
            "date": "1767976200",
            "image": "photos/photo_2968@24-02-2026_04-14-47.jpg",
            "rtn_id": "2980",
            "name:fa": "علی عیسوند",
            "sources": "https://t.me/RememberTheirNames/3155"
          },
          {
            "date": "1767889800",
            "image": "photos/photo_3048@09-03-2026_06-04-35.jpg",
            "rtn_id": "3060",
            "name:fa": "سید محمد موسوی",
            "sources": "https://t.me/RememberTheirNames/3261"
          }
        ],
        "province": "استان تهران",
        "publicId": "MTY6MTAyNzU",
        "sourceId": "10275",
        "layerId": 16,
        "type": "location",
        "status": "active",
        "urgency": null,
        "verificationTag": null,
        "expirationDate": null,
        "createdAt": "2026-03-11T20:43:09.949Z",
        "updatedAt": "2026-04-03T22:10:54.730Z"
      }
    },
    {
      "type": "Feature",
      "id": 416,
      "geometry": {
        "type": "Point",
        "coordinates": [
          49.9982,
          36.2514
        ]
      },
      "properties": {
        "id": "MTY6MTAyNzY",
        "city": "قزوین",
        "count": 56,
        "people": [
          {
            "date": "1767889800",
            "image": "photos/photo_102@19-01-2026_00-02-42.jpg",
            "rtn_id": "103",
            "name:fa": "دانیال سبزیکار",
            "sources": "https://t.me/RememberTheirNames/134"
          },
          {
            "date": "1767889800",
            "image": "photos/photo_142@19-01-2026_01-16-25.jpg",
            "rtn_id": "143",
            "name:fa": "قاسم وکیلی",
            "sources": "https://t.me/RememberTheirNames/176"
          },
          {
            "date": "1767889845-1768161645",
            "image": "photos/photo_400@20-01-2026_21-32-04.jpg",
            "rtn_id": "405",
            "name:fa": "محمدحسین خلج",
            "sources": "https://t.me/RememberTheirNames/440"
          },
          {
            "date": "1767889845-1768161645",
            "image": "photos/photo_575@22-01-2026_12-42-31.jpg",
            "rtn_id": "580",
            "name:fa": "رضا انصاری رامندی",
            "sources": "https://t.me/RememberTheirNames/623"
          },
          {
            "date": "1767889845-1768161645",
            "image": "photos/photo_578@22-01-2026_13-29-30.jpg",
            "rtn_id": "583",
            "name:fa": "علی جعفری",
            "sources": "https://t.me/RememberTheirNames/626"
          },
          {
            "date": "1767889845-1768161645",
            "image": "photos/photo_727@23-01-2026_10-54-21.jpg",
            "rtn_id": "733",
            "name:fa": "حمزه زینلی",
            "sources": "https://t.me/RememberTheirNames/783"
          },
          {
            "date": "1767889845-1768161645",
            "image": "photos/photo_766@23-01-2026_13-45-29.jpg",
            "rtn_id": "772",
            "name:fa": "محسن آراستی",
            "sources": "https://t.me/RememberTheirNames/822"
          },
          {
            "date": "1767889845-1768161645",
            "image": "photos/photo_910@24-01-2026_00-58-20.jpg",
            "rtn_id": "919",
            "name:fa": "سید علی‌اکبر طیبی‌ جاوید",
            "sources": "https://t.me/RememberTheirNames/971"
          },
          {
            "date": "1767889845-1768161645",
            "image": "photos/photo_1018@24-01-2026_19-30-50.jpg",
            "rtn_id": "1027",
            "name:fa": "حسین فرضعلی",
            "sources": "https://t.me/RememberTheirNames/1084"
          },
          {
            "date": "1767976200",
            "image": "photos/photo_1020@24-01-2026_19-48-01.jpg",
            "rtn_id": "1029",
            "name:fa": "محسن مقیمی",
            "sources": "https://t.me/RememberTheirNames/1087"
          },
          {
            "date": "1768062600",
            "image": "photos/photo_1026@24-01-2026_20-33-52.jpg",
            "rtn_id": "1035",
            "name:fa": "معصومه حافظی",
            "sources": "https://t.me/RememberTheirNames/1093"
          },
          {
            "date": "1767889845-1768161645",
            "image": "photos/photo_1034@24-01-2026_20-59-35.jpg",
            "rtn_id": "1043",
            "name:fa": "امیرمهدی کشاورز",
            "sources": "https://t.me/RememberTheirNames/1102"
          },
          {
            "date": "1767889800",
            "image": "photos/photo_1092@25-01-2026_02-58-53.jpg",
            "rtn_id": "1102",
            "name:fa": "علی ورکباری",
            "sources": "https://t.me/RememberTheirNames/1163"
          },
          {
            "date": "1767976200",
            "image": "photos/photo_1225@26-01-2026_11-37-28.jpg",
            "rtn_id": "1236",
            "name:fa": "علیرضا نوری",
            "sources": "https://t.me/RememberTheirNames/1303"
          },
          {
            "date": "1767889845-1768161645",
            "image": "photos/photo_1341@27-01-2026_12-02-41.jpg",
            "rtn_id": "1353",
            "name:fa": "نیما عباس‌یزدی",
            "sources": "https://t.me/RememberTheirNames/1423"
          },
          {
            "date": "1767976200",
            "image": "photos/photo_728@23-01-2026_10-57-46.jpg",
            "rtn_id": "734",
            "name:fa": "نازنین‌زهرا اسمی‌خانی ۱۸ ساله",
            "sources": "https://t.me/RememberTheirNames/784"
          },
          {
            "date": "1767889800",
            "image": "photos/photo_941@24-01-2026_13-57-42.jpg",
            "rtn_id": "950",
            "name:fa": "پیمان میانه‌ساز",
            "sources": "https://t.me/RememberTheirNames/1003"
          },
          {
            "date": "1767976200",
            "image": "photos/photo_942@24-01-2026_13-59-33.jpg",
            "rtn_id": "951",
            "name:fa": "صفورا جعفری",
            "sources": "https://t.me/RememberTheirNames/1004"
          },
          {
            "date": "1767976200",
            "image": "photos/photo_1228@26-01-2026_12-13-33.jpg",
            "rtn_id": "1239",
            "name:fa": "یوسف شیخها",
            "sources": "https://t.me/RememberTheirNames/1306"
          },
          {
            "date": "1767889800",
            "image": "photos/photo_1262@26-01-2026_17-05-56.jpg",
            "rtn_id": "1274",
            "name:fa": "محمد رفیعی",
            "sources": "https://t.me/RememberTheirNames/1341"
          },
          {
            "date": "1767889800",
            "image": "photos/photo_1263@26-01-2026_17-06-00.jpg",
            "rtn_id": "1275",
            "name:fa": "مهدی اللهیاری",
            "sources": "https://t.me/RememberTheirNames/1342"
          },
          {
            "date": "1767889800",
            "image": "photos/photo_1433@27-01-2026_21-25-59.jpg",
            "rtn_id": "1444",
            "name:fa": "محمد فاتح",
            "sources": "https://t.me/RememberTheirNames/1523"
          },
          {
            "date": "1767889800",
            "image": "photos/photo_1469@27-01-2026_23-43-43.jpg",
            "rtn_id": "1480",
            "name:fa": "محمدحسین ساریخانی",
            "sources": "https://t.me/RememberTheirNames/1559"
          },
          {
            "date": "1767889800",
            "image": "photos/photo_1514@28-01-2026_15-21-19.jpg",
            "rtn_id": "1525",
            "name:fa": "ریحانه قدسی",
            "sources": "https://t.me/RememberTheirNames/1609"
          },
          {
            "date": null,
            "image": "photos/photo_1647@30-01-2026_00-29-08.jpg",
            "rtn_id": "1658",
            "name:fa": "جعفر درزی",
            "sources": "https://t.me/RememberTheirNames/1744"
          },
          {
            "date": "1767889800",
            "image": "photos/photo_1714@30-01-2026_19-40-13.jpg",
            "rtn_id": "1725",
            "name:fa": "امید شهسواری",
            "sources": "https://t.me/RememberTheirNames/1820"
          },
          {
            "date": "1767889800",
            "image": "photos/photo_1452@27-01-2026_22-45-27.jpg",
            "rtn_id": "1463",
            "name:fa": "محسن باقری",
            "sources": "https://t.me/RememberTheirNames/1542"
          },
          {
            "date": "1767889800",
            "image": "photos/photo_1523@28-01-2026_15-51-51.jpg",
            "rtn_id": "1534",
            "name:fa": "ادریس درویشوند",
            "sources": "https://t.me/RememberTheirNames/1618"
          },
          {
            "date": "1767889800",
            "image": "photos/photo_1532@28-01-2026_17-34-15.jpg",
            "rtn_id": "1543",
            "name:fa": "محمد درویشوند",
            "sources": "https://t.me/RememberTheirNames/1628"
          },
          {
            "date": "1767889800",
            "image": "photos/photo_1670@30-01-2026_14-39-37.jpg",
            "rtn_id": "1681",
            "name:fa": "سجاد شاقلانی",
            "sources": "https://t.me/RememberTheirNames/1769"
          },
          {
            "date": "1767976200",
            "image": "photos/photo_1447@27-01-2026_22-32-01.jpg",
            "rtn_id": "1458",
            "name:fa": "ناهید واعظ",
            "sources": "https://t.me/RememberTheirNames/1537"
          },
          {
            "date": "1767889800",
            "image": "photos/photo_1796@31-01-2026_10-24-59.jpg",
            "rtn_id": "1807",
            "name:fa": "رسول بادپران",
            "sources": "https://t.me/RememberTheirNames/1907"
          },
          {
            "date": "1767889800",
            "image": "photos/photo_1825@31-01-2026_15-33-49.jpg",
            "rtn_id": "1838",
            "name:fa": "امیرمحمد وحیدی",
            "sources": "https://t.me/RememberTheirNames/1937"
          },
          {
            "date": "1767889800",
            "image": "photos/photo_1958@02-02-2026_07-25-30.jpg",
            "rtn_id": "1972",
            "name:fa": "حمید کثیرلو",
            "sources": "https://t.me/RememberTheirNames/2078"
          },
          {
            "date": "1767889800",
            "image": "photos/photo_1945@02-02-2026_05-36-27.jpg",
            "rtn_id": "1959",
            "name:fa": "سلیم شکوری آذر",
            "sources": "https://t.me/RememberTheirNames/2064"
          },
          {
            "date": "1767889800",
            "image": "photos/photo_2282@06-02-2026_11-20-25.jpg",
            "rtn_id": "2297",
            "name:fa": "علیرضا کوچکی",
            "sources": "https://t.me/RememberTheirNames/2417"
          },
          {
            "date": "1767889845-1768161645",
            "image": "photos/photo_2012@03-02-2026_07-34-39.jpg",
            "rtn_id": "2026",
            "name:fa": "صادق خانی شادهی",
            "sources": "https://t.me/RememberTheirNames/2138"
          },
          {
            "date": "1767889800",
            "image": "photos/photo_2111@04-02-2026_13-59-07.jpg",
            "rtn_id": "2125",
            "name:fa": "محمود کاظمی",
            "sources": "https://t.me/RememberTheirNames/2241"
          },
          {
            "date": "1767889845-1768161645",
            "image": "photos/photo_2164@05-02-2026_06-55-48.jpg",
            "rtn_id": "2178",
            "name:fa": "حسن (آریا) کمالو",
            "sources": "https://t.me/RememberTheirNames/2296"
          },
          {
            "date": "1767889845-1768161645",
            "image": "photos/photo_2235@05-02-2026_16-53-10.jpg",
            "rtn_id": "2249",
            "name:fa": "پریسا اسمعیل‌نژاد",
            "sources": "https://t.me/RememberTheirNames/2368"
          },
          {
            "date": "1767889800",
            "image": "photos/photo_2246@06-02-2026_02-43-02.jpg",
            "rtn_id": "2260",
            "name:fa": "امیرحسین افشار",
            "sources": "https://t.me/RememberTheirNames/2380"
          },
          {
            "date": "1767889800",
            "image": "photos/photo_2333@07-02-2026_04-17-11.jpg",
            "rtn_id": "2348",
            "name:fa": "سینا آجرلو",
            "sources": "https://t.me/RememberTheirNames/2470"
          },
          {
            "date": "1767976200",
            "image": "photos/photo_2346@07-02-2026_08-25-32.jpg",
            "rtn_id": "2361",
            "name:fa": "ابوالفضل سلیمانی",
            "sources": "https://t.me/RememberTheirNames/2483"
          },
          {
            "date": "1767889800",
            "image": "photos/photo_2354@07-02-2026_13-50-36.jpg",
            "rtn_id": "2369",
            "name:fa": "علیرضا حسن‌بیگی",
            "sources": "https://t.me/RememberTheirNames/2492"
          },
          {
            "date": "1767889800",
            "image": "photos/photo_2506@09-02-2026_10-46-39.jpg",
            "rtn_id": "2521",
            "name:fa": "محمدحسن روشن‌قیاسی",
            "sources": "https://t.me/RememberTheirNames/2652"
          },
          {
            "date": "1767889845-1768161645",
            "image": "photos/photo_2713@15-02-2026_03-03-33.jpg",
            "rtn_id": "2728",
            "name:fa": "دانیال حاجی‌پور کلیشمی",
            "sources": "https://t.me/RememberTheirNames/2876"
          },
          {
            "date": "1767976200",
            "image": "photos/photo_2765@16-02-2026_16-04-26.jpg",
            "rtn_id": "2781",
            "name:fa": "حامد جمالی",
            "sources": "https://t.me/RememberTheirNames/2929"
          },
          {
            "date": "1767889800",
            "image": "photos/photo_2812@18-02-2026_02-41-52.jpg",
            "rtn_id": "2824",
            "name:fa": "محمود پنجی",
            "sources": "https://t.me/RememberTheirNames/2989"
          },
          {
            "date": "1767976200",
            "image": "photos/photo_2813@18-02-2026_02-43-52.jpg",
            "rtn_id": "2825",
            "name:fa": "مجید تاجیک",
            "sources": "https://t.me/RememberTheirNames/2990"
          },
          {
            "date": "1767976200",
            "image": "photos/photo_2836@18-02-2026_14-00-53.jpg",
            "rtn_id": "2848",
            "name:fa": "محمد مالک",
            "sources": "https://t.me/RememberTheirNames/3016"
          },
          {
            "date": "1767976200",
            "image": "photos/photo_2729@15-02-2026_13-08-20.jpg",
            "rtn_id": "2744",
            "name:fa": "حمیدرضا روحانی",
            "sources": "https://t.me/RememberTheirNames/2892"
          },
          {
            "date": "1767889800",
            "image": "photos/photo_2934@22-02-2026_13-42-57.jpg",
            "rtn_id": "2946",
            "name:fa": "سهیلا شهسواری",
            "sources": "https://t.me/RememberTheirNames/3119"
          },
          {
            "date": "1767889800",
            "image": "photos/photo_2965@24-02-2026_03-52-48.jpg",
            "rtn_id": "2977",
            "name:fa": "محمدامین اولادی سلحشوری",
            "sources": "https://t.me/RememberTheirNames/3152"
          },
          {
            "date": "1767889800",
            "image": "photos/photo_2973@24-02-2026_09-26-44.jpg",
            "rtn_id": "2985",
            "name:fa": "حبیب‌الله (حبیب) رسولی‌نژاد",
            "sources": "https://t.me/RememberTheirNames/3160"
          },
          {
            "date": "1767976200",
            "image": "photos/photo_3005@26-02-2026_03-16-07.jpg",
            "rtn_id": "3017",
            "name:fa": "بهزاد نیکیار (کیماسی سلخوری)",
            "sources": "https://t.me/RememberTheirNames/3196"
          },
          {
            "date": "1767889800",
            "image": "photos/photo_3011@26-02-2026_12-23-46.jpg",
            "rtn_id": "3023",
            "name:fa": "مهدی زرعجوی",
            "sources": "https://t.me/RememberTheirNames/3202"
          }
        ],
        "province": "استان قزوین",
        "publicId": "MTY6MTAyNzY",
        "sourceId": "10276",
        "layerId": 16,
        "type": "location",
        "status": "active",
        "urgency": null,
        "verificationTag": null,
        "expirationDate": null,
        "createdAt": "2026-03-11T20:43:09.950Z",
        "updatedAt": "2026-04-03T22:10:54.731Z"
      }
    },
    {
      "type": "Feature",
      "id": 417,
      "geometry": {
        "type": "Point",
        "coordinates": [
          55.6183,
          26.6953
        ]
      },
      "properties": {
        "id": "MTY6MTAyNzc",
        "city": "قشم",
        "count": 10,
        "people": [
          {
            "date": "1767889800",
            "image": "photos/photo_62@18-01-2026_22-52-09.jpg",
            "rtn_id": "62",
            "name:fa": "دیاکو محمدی",
            "sources": "https://t.me/RememberTheirNames/93"
          },
          {
            "date": "1767889845-1768161645",
            "image": "photos/photo_308@20-01-2026_10-14-08.jpg",
            "rtn_id": "313",
            "name:fa": "محمود موسوی",
            "sources": "https://t.me/RememberTheirNames/346"
          },
          {
            "date": "1767889845-1768161645",
            "image": "photos/photo_391@20-01-2026_20-13-15.jpg",
            "rtn_id": "396",
            "name:fa": "فیصل یوسفی",
            "sources": "https://t.me/RememberTheirNames/431"
          },
          {
            "date": "1767803400",
            "image": "photos/photo_571@22-01-2026_12-35-28.jpg",
            "rtn_id": "576",
            "name:fa": "عارف نظرپور",
            "sources": "https://t.me/RememberTheirNames/619"
          },
          {
            "date": "1767976200",
            "image": "photos/photo_869@23-01-2026_22-02-26.jpg",
            "rtn_id": "877",
            "name:fa": "ماندانا گلستانی‌نژاد",
            "sources": "https://t.me/RememberTheirNames/928"
          },
          {
            "date": "1767889800",
            "image": "photos/photo_1922@01-02-2026_16-32-46.jpg",
            "rtn_id": "1936",
            "name:fa": "زهرا ارجمندی",
            "sources": "https://t.me/RememberTheirNames/2039"
          },
          {
            "date": "1767889800",
            "image": "photos/photo_2081@04-02-2026_07-02-35.jpg",
            "rtn_id": "2095",
            "name:fa": "امیرعلی ملایی",
            "sources": "https://t.me/RememberTheirNames/2210"
          },
          {
            "date": "1767889800",
            "image": "photos/photo_2937@23-02-2026_03-57-49.jpg",
            "rtn_id": "2949",
            "name:fa": "میثم تناصری",
            "sources": "https://t.me/RememberTheirNames/3122"
          },
          {
            "date": "1767976200",
            "image": "photos/photo_2995@25-02-2026_07-12-24.jpg",
            "rtn_id": "3007",
            "name:fa": "محمد ملامحمدی اردکانی",
            "sources": "https://t.me/RememberTheirNames/3182"
          },
          {
            "date": "1767976200",
            "image": "photos/photo_3037@09-03-2026_04-43-27.jpg",
            "rtn_id": "3049",
            "name:fa": "نجیب نورالدینی",
            "sources": "https://t.me/RememberTheirNames/3250"
          }
        ],
        "province": "استان هرمزگان",
        "publicId": "MTY6MTAyNzc",
        "sourceId": "10277",
        "layerId": 16,
        "type": "location",
        "status": "active",
        "urgency": null,
        "verificationTag": null,
        "expirationDate": null,
        "createdAt": "2026-03-11T20:43:09.950Z",
        "updatedAt": "2026-04-03T22:10:54.732Z"
      }
    },
    {
      "type": "Feature",
      "id": 418,
      "geometry": {
        "type": "Point",
        "coordinates": [
          45.5691658,
          34.5081419
        ]
      },
      "properties": {
        "id": "MTY6MTAyNzg",
        "city": "قصر شیرین",
        "count": 1,
        "people": [
          {
            "date": "1767889800",
            "image": "photos/photo_566@22-01-2026_12-11-12.jpg",
            "rtn_id": "571",
            "name:fa": "بهزاد عباسی",
            "sources": "https://t.me/RememberTheirNames/613"
          }
        ],
        "province": "استان کرمانشاه",
        "publicId": "MTY6MTAyNzg",
        "sourceId": "10278",
        "layerId": 16,
        "type": "location",
        "status": "active",
        "urgency": null,
        "verificationTag": null,
        "expirationDate": null,
        "createdAt": "2026-03-11T20:43:09.951Z",
        "updatedAt": "2026-04-03T22:10:54.733Z"
      }
    },
    {
      "type": "Feature",
      "id": 419,
      "geometry": {
        "type": "Point",
        "coordinates": [
          50.8812,
          34.7214
        ]
      },
      "properties": {
        "id": "MTY6MTAyNzk",
        "city": "قم",
        "count": 7,
        "people": [
          {
            "date": "1767371400",
            "image": "photos/photo_17@18-01-2026_19-37-53.jpg",
            "rtn_id": "17",
            "name:fa": "محمد نوری",
            "sources": "https://t.me/RememberTheirNames/29"
          },
          {
            "date": "1767889845-1768161645",
            "image": "photos/photo_19@18-01-2026_19-58-48.jpg",
            "rtn_id": "19",
            "name:fa": "حسین ربیعی",
            "sources": "https://t.me/RememberTheirNames/41"
          },
          {
            "date": "1767976200",
            "image": "photos/photo_1753@31-01-2026_11-40-44.jpg",
            "rtn_id": "1764",
            "name:fa": "علی خانی",
            "sources": "https://t.me/RememberTheirNames/1861"
          },
          {
            "date": "1767889845-1768161645",
            "image": "photos/photo_2787@17-02-2026_05-50-35.jpg",
            "rtn_id": "2803",
            "name:fa": "ولی‌الله افشارطوس",
            "sources": "https://t.me/RememberTheirNames/2953"
          },
          {
            "date": "1773937800",
            "image": "photos/photo_3062@19-03-2026_01-43-54.jpg",
            "rtn_id": "3075",
            "name:fa": "صالح محمدی",
            "sources": "https://t.me/RememberTheirNames/3278"
          },
          {
            "date": "1773937800",
            "image": "photos/photo_3063@19-03-2026_01-55-51.jpg",
            "rtn_id": "3076",
            "name:fa": "مهدی قاسمی",
            "sources": "https://t.me/RememberTheirNames/3279"
          },
          {
            "date": "1773937800",
            "image": "photos/photo_3064@19-03-2026_02-01-04.jpg",
            "rtn_id": "3077",
            "name:fa": "سعید داوودی",
            "sources": "https://t.me/RememberTheirNames/3280"
          }
        ],
        "province": "استان قم",
        "publicId": "MTY6MTAyNzk",
        "sourceId": "10279",
        "layerId": 16,
        "type": "location",
        "status": "active",
        "urgency": null,
        "verificationTag": null,
        "expirationDate": null,
        "createdAt": "2026-03-11T20:43:09.951Z",
        "updatedAt": "2026-04-03T22:10:54.734Z"
      }
    },
    {
      "type": "Feature",
      "id": 420,
      "geometry": {
        "type": "Point",
        "coordinates": [
          53.0346,
          28.4825
        ]
      },
      "properties": {
        "id": "MTY6MTAyODA",
        "city": "قیر فارس",
        "count": 2,
        "people": [
          {
            "date": "1767889800",
            "image": "photos/photo_175@19-01-2026_12-41-49.jpg",
            "rtn_id": "176",
            "name:fa": "ابوالفضل حیدری موصلو",
            "sources": "https://t.me/RememberTheirNames/209"
          },
          {
            "date": "1767889800",
            "image": "photos/photo_305@20-01-2026_09-52-16.jpg",
            "rtn_id": "310",
            "name:fa": "سعید ابراهیمی (آزادی)",
            "sources": "https://t.me/RememberTheirNames/343"
          }
        ],
        "province": "استان فارس",
        "publicId": "MTY6MTAyODA",
        "sourceId": "10280",
        "layerId": 16,
        "type": "location",
        "status": "active",
        "urgency": null,
        "verificationTag": null,
        "expirationDate": null,
        "createdAt": "2026-03-11T20:43:09.952Z",
        "updatedAt": "2026-04-03T22:10:54.736Z"
      }
    },
    {
      "type": "Feature",
      "id": 421,
      "geometry": {
        "type": "Point",
        "coordinates": [
          51.6508,
          29.6192
        ]
      },
      "properties": {
        "id": "MTY6MTAyODE",
        "city": "کازرون",
        "count": 4,
        "people": [
          {
            "date": "1767976200",
            "image": "photos/photo_1221@26-01-2026_03-15-00.jpg",
            "rtn_id": "1232",
            "name:fa": "ایوب شریفی",
            "sources": "https://t.me/RememberTheirNames/1299"
          },
          {
            "date": "1767889845-1768161645",
            "image": "photos/photo_2132@04-02-2026_16-27-34.jpg",
            "rtn_id": "2146",
            "name:fa": "هاشم ستونی‌زاده",
            "sources": "https://t.me/RememberTheirNames/2263"
          },
          {
            "date": "1767889800",
            "image": "photos/photo_2284@06-02-2026_11-25-28.jpg",
            "rtn_id": "2299",
            "name:fa": "ایوب صفرعلی",
            "sources": "https://t.me/RememberTheirNames/2419"
          },
          {
            "date": "1767889800",
            "image": "photos/photo_2685@13-02-2026_16-40-49.jpg",
            "rtn_id": "2700",
            "name:fa": "بهنام عنایت",
            "sources": "https://t.me/RememberTheirNames/2847"
          }
        ],
        "province": "استان فارس",
        "publicId": "MTY6MTAyODE",
        "sourceId": "10281",
        "layerId": 16,
        "type": "location",
        "status": "active",
        "urgency": null,
        "verificationTag": null,
        "expirationDate": null,
        "createdAt": "2026-03-11T20:43:09.952Z",
        "updatedAt": "2026-04-03T22:10:54.737Z"
      }
    },
    {
      "type": "Feature",
      "id": 422,
      "geometry": {
        "type": "Point",
        "coordinates": [
          58.4656,
          35.2382
        ]
      },
      "properties": {
        "id": "MTY6MTAyODI",
        "city": "کاشمر",
        "count": 1,
        "people": [
          {
            "date": "1767976200",
            "image": "photos/photo_1376@27-01-2026_14-59-55.jpg",
            "rtn_id": "1388",
            "name:fa": "احمد علیجانی",
            "sources": "https://t.me/RememberTheirNames/1459"
          }
        ],
        "province": "استان خراسان رضوی",
        "publicId": "MTY6MTAyODI",
        "sourceId": "10282",
        "layerId": 16,
        "type": "location",
        "status": "active",
        "urgency": null,
        "verificationTag": null,
        "expirationDate": null,
        "createdAt": "2026-03-11T20:43:09.953Z",
        "updatedAt": "2026-04-03T22:10:54.739Z"
      }
    },
    {
      "type": "Feature",
      "id": 423,
      "geometry": {
        "type": "Point",
        "coordinates": [
          50.8825,
          35.8931
        ]
      },
      "properties": {
        "id": "MTY6MTAyODM",
        "city": "کرج",
        "count": 247,
        "people": [
          {
            "date": "1767889845-1768161645",
            "image": "photos/photo_10@18-01-2026_19-02-34.jpg",
            "rtn_id": "10",
            "name:fa": "محمدجواد ملاوردی",
            "sources": "https://t.me/RememberTheirNames/12"
          },
          {
            "date": "1767889800",
            "image": "photos/photo_89@18-01-2026_23-37-56.jpg",
            "rtn_id": "90",
            "name:fa": "سام افشاری",
            "sources": "https://t.me/RememberTheirNames/121"
          },
          {
            "date": "1767889800",
            "image": "photos/photo_114@19-01-2026_00-26-27.jpg",
            "rtn_id": "115",
            "name:fa": "رضا حاجی‌مرادیان",
            "sources": "https://t.me/RememberTheirNames/146"
          },
          {
            "date": "1767889800",
            "image": "photos/photo_125@19-01-2026_00-42-39.jpg",
            "rtn_id": "126",
            "name:fa": "محمد صیدی",
            "sources": "https://t.me/RememberTheirNames/157"
          },
          {
            "date": "1767889800",
            "image": "photos/photo_131@19-01-2026_00-56-29.jpg",
            "rtn_id": "132",
            "name:fa": "ثمین رستمی",
            "sources": "https://t.me/RememberTheirNames/164"
          },
          {
            "date": "1767889800",
            "image": "photos/photo_148@19-01-2026_01-25-55.jpg",
            "rtn_id": "149",
            "name:fa": "رضا بارانی",
            "sources": "https://t.me/RememberTheirNames/182"
          },
          {
            "date": "1767889800",
            "image": "photos/photo_163@19-01-2026_12-16-15.jpg",
            "rtn_id": "164",
            "name:fa": "معین غلامی",
            "sources": "https://t.me/RememberTheirNames/197"
          },
          {
            "date": "1767889800",
            "image": "photos/photo_169@19-01-2026_12-31-49.jpg",
            "rtn_id": "170",
            "name:fa": "مانی یوسفی",
            "sources": "https://t.me/RememberTheirNames/203"
          },
          {
            "date": "1767889800",
            "image": "photos/photo_174@19-01-2026_12-40-08.jpg",
            "rtn_id": "175",
            "name:fa": "اکبر داوری",
            "sources": "https://t.me/RememberTheirNames/208"
          },
          {
            "date": "1767889800",
            "image": "photos/photo_195@19-01-2026_16-50-00.jpg",
            "rtn_id": "196",
            "name:fa": "احمد عسگری",
            "sources": "https://t.me/RememberTheirNames/230"
          },
          {
            "date": "1767889800",
            "image": "photos/photo_204@19-01-2026_18-18-37.jpg",
            "rtn_id": "205",
            "name:fa": "امیر تیموری راد",
            "sources": "https://t.me/RememberTheirNames/239"
          },
          {
            "date": "1767889800",
            "image": "photos/photo_204@19-01-2026_18-18-37.jpg",
            "rtn_id": "206",
            "name:fa": "امید تیموری راد",
            "sources": "https://t.me/RememberTheirNames/239"
          },
          {
            "date": "1767889800",
            "image": "photos/photo_204@19-01-2026_18-18-37.jpg",
            "rtn_id": "207",
            "name:fa": "آرمین تیموری راد",
            "sources": "https://t.me/RememberTheirNames/239"
          },
          {
            "date": "1767976200",
            "image": "photos/photo_222@19-01-2026_19-15-57.jpg",
            "rtn_id": "225",
            "name:fa": "بیژن مصطفوی",
            "sources": "https://t.me/RememberTheirNames/257"
          },
          {
            "date": "1767976200",
            "image": "photos/photo_222@19-01-2026_19-15-57.jpg",
            "rtn_id": "226",
            "name:fa": "زهرا بنی‌عامریان",
            "sources": "https://t.me/RememberTheirNames/257"
          },
          {
            "date": "1767976200",
            "image": "photos/photo_222@19-01-2026_19-15-57.jpg",
            "rtn_id": "227",
            "name:fa": "دانیال مصطفوی",
            "sources": "https://t.me/RememberTheirNames/257"
          },
          {
            "date": "1767889845-1768161645",
            "image": "photos/photo_233@19-01-2026_21-05-31.jpg",
            "rtn_id": "238",
            "name:fa": "بنیامین اقدامی",
            "sources": "https://t.me/RememberTheirNames/268"
          },
          {
            "date": "1767976200",
            "image": "photos/photo_241@19-01-2026_21-53-13.jpg",
            "rtn_id": "246",
            "name:fa": "حامد بصیری",
            "sources": "https://t.me/RememberTheirNames/277"
          },
          {
            "date": "1767889800",
            "image": "photos/photo_275@19-01-2026_23-18-04.jpg",
            "rtn_id": "280",
            "name:fa": "شایان آزادی",
            "sources": "https://t.me/RememberTheirNames/313"
          },
          {
            "date": "1767976200",
            "image": "photos/photo_276@19-01-2026_23-25-22.jpg",
            "rtn_id": "281",
            "name:fa": "ابوالفضل یغموری",
            "sources": "https://t.me/RememberTheirNames/314"
          },
          {
            "date": "1767976200",
            "image": "photos/photo_277@19-01-2026_23-27-20.jpg",
            "rtn_id": "282",
            "name:fa": "نازنین سیدی",
            "sources": "https://t.me/RememberTheirNames/315"
          },
          {
            "date": "1767889800",
            "image": "photos/photo_281@19-01-2026_23-42-46.jpg",
            "rtn_id": "286",
            "name:fa": "علی مرادی",
            "sources": "https://t.me/RememberTheirNames/319"
          },
          {
            "date": "1767976200",
            "image": "photos/photo_288@20-01-2026_00-13-48.jpg",
            "rtn_id": "293",
            "name:fa": "عرشیا کیخایی",
            "sources": "https://t.me/RememberTheirNames/326"
          },
          {
            "date": "1767889800",
            "image": "photos/photo_298@20-01-2026_09-17-40.jpg",
            "rtn_id": "303",
            "name:fa": "افشین اسفندیاری",
            "sources": "https://t.me/RememberTheirNames/336"
          },
          {
            "date": "1767889800",
            "image": "photos/photo_299@20-01-2026_09-20-02.jpg",
            "rtn_id": "304",
            "name:fa": "امین حیدری",
            "sources": "https://t.me/RememberTheirNames/337"
          },
          {
            "date": "1767889800",
            "image": "photos/photo_306@20-01-2026_09-58-40.jpg",
            "rtn_id": "311",
            "name:fa": "میلاد حسینی",
            "sources": "https://t.me/RememberTheirNames/344"
          },
          {
            "date": "1767889800",
            "image": "photos/photo_330@20-01-2026_12-11-53.jpg",
            "rtn_id": "335",
            "name:fa": "عابدین خزایی",
            "sources": "https://t.me/RememberTheirNames/369"
          },
          {
            "date": "1767976200",
            "image": "photos/photo_332@20-01-2026_12-47-47.jpg",
            "rtn_id": "337",
            "name:fa": "محمدپارسا امینی",
            "sources": "https://t.me/RememberTheirNames/371"
          },
          {
            "date": "1767889845-1768161645",
            "image": "photos/photo_344@20-01-2026_13-29-54.jpg",
            "rtn_id": "349",
            "name:fa": "ابوالفضل آروین طلب",
            "sources": "https://t.me/RememberTheirNames/383"
          },
          {
            "date": "1767889845-1768161645",
            "image": "photos/photo_350@20-01-2026_13-49-58.jpg",
            "rtn_id": "355",
            "name:fa": "نیما پالیزگری",
            "sources": "https://t.me/RememberTheirNames/389"
          },
          {
            "date": "1767889800",
            "image": "photos/photo_359@20-01-2026_14-40-05.jpg",
            "rtn_id": "364",
            "name:fa": "حمید کوشنده",
            "sources": "https://t.me/RememberTheirNames/399"
          },
          {
            "date": "1767889845-1768161645",
            "image": "photos/photo_370@20-01-2026_16-53-55.jpg",
            "rtn_id": "375",
            "name:fa": "محمدمهدی مهرتاش‌فر",
            "sources": "https://t.me/RememberTheirNames/410"
          },
          {
            "date": "1767889800",
            "image": "photos/photo_381@20-01-2026_18-53-39.jpg",
            "rtn_id": "386",
            "name:fa": "محسن اربابی",
            "sources": "https://t.me/RememberTheirNames/421"
          },
          {
            "date": "1767889845-1768161645",
            "image": "photos/photo_386@20-01-2026_19-52-14.jpg",
            "rtn_id": "391",
            "name:fa": "حمیدرضا محسنی",
            "sources": "https://t.me/RememberTheirNames/426"
          },
          {
            "date": "1767889845-1768161645",
            "image": "photos/photo_388@20-01-2026_20-01-35.jpg",
            "rtn_id": "393",
            "name:fa": "احمد ترقیان",
            "sources": "https://t.me/RememberTheirNames/428"
          },
          {
            "date": "1767889800",
            "image": "photos/photo_418@21-01-2026_00-27-24.jpg",
            "rtn_id": "423",
            "name:fa": "آرمان پوردلجو",
            "sources": "https://t.me/RememberTheirNames/458"
          },
          {
            "date": "1767889845-1768161645",
            "image": "photos/photo_422@21-01-2026_11-12-43.jpg",
            "rtn_id": "427",
            "name:fa": "محمد فراهانی",
            "sources": "https://t.me/RememberTheirNames/462"
          },
          {
            "date": "1767889845-1768161645",
            "image": "photos/photo_424@21-01-2026_11-19-45.jpg",
            "rtn_id": "429",
            "name:fa": "مهدی بازرگانی‌پور",
            "sources": "https://t.me/RememberTheirNames/464"
          },
          {
            "date": "1767889845-1768161645",
            "image": "photos/photo_427@21-01-2026_11-27-08.jpg",
            "rtn_id": "432",
            "name:fa": "امیرحسین صادقی",
            "sources": "https://t.me/RememberTheirNames/467"
          },
          {
            "date": "1767976200",
            "image": "photos/photo_436@21-01-2026_12-10-27.jpg",
            "rtn_id": "441",
            "name:fa": "محمد مصطفایی",
            "sources": "https://t.me/RememberTheirNames/476"
          },
          {
            "date": "1767889800",
            "image": "photos/photo_437@21-01-2026_12-14-22.jpg",
            "rtn_id": "442",
            "name:fa": "سعید اردشیر",
            "sources": "https://t.me/RememberTheirNames/477"
          },
          {
            "date": "1767889800",
            "image": "photos/photo_499@21-01-2026_19-20-32.jpg",
            "rtn_id": "504",
            "name:fa": "محمد سجاد رنجبر",
            "sources": "https://t.me/RememberTheirNames/542"
          },
          {
            "date": "1767976200",
            "image": "photos/photo_543@21-01-2026_23-48-06.jpg",
            "rtn_id": "548",
            "name:fa": "محمدمهدی جارچی",
            "sources": "https://t.me/RememberTheirNames/590"
          },
          {
            "date": "1767889845-1768161645",
            "image": "photos/photo_558@22-01-2026_11-26-17.jpg",
            "rtn_id": "563",
            "name:fa": "میرمحمدرضا مدنی",
            "sources": "https://t.me/RememberTheirNames/605"
          },
          {
            "date": "1767976200",
            "image": "photos/photo_565@22-01-2026_12-08-57.jpg",
            "rtn_id": "570",
            "name:fa": "رسول چقاکبودی",
            "sources": "https://t.me/RememberTheirNames/612"
          },
          {
            "date": "1767889845-1768161645",
            "image": "photos/photo_579@22-01-2026_13-32-26.jpg",
            "rtn_id": "584",
            "name:fa": "مهرداد کرماجانی",
            "sources": "https://t.me/RememberTheirNames/627"
          },
          {
            "date": "1767976200",
            "image": "photos/photo_604@22-01-2026_15-31-07.jpg",
            "rtn_id": "610",
            "name:fa": "سیما موسوی",
            "sources": "https://t.me/RememberTheirNames/654"
          },
          {
            "date": "1767889800",
            "image": "photos/photo_625@22-01-2026_17-09-46.jpg",
            "rtn_id": "631",
            "name:fa": "فائزه مستعان",
            "sources": "https://t.me/RememberTheirNames/677"
          },
          {
            "date": "1767889845-1768161645",
            "image": "photos/photo_642@22-01-2026_18-38-57.jpg",
            "rtn_id": "648",
            "name:fa": "محمود گودرزی",
            "sources": "https://t.me/RememberTheirNames/695"
          },
          {
            "date": "1767889845-1768161645",
            "image": "photos/photo_658@22-01-2026_21-06-01.jpg",
            "rtn_id": "664",
            "name:fa": "جعفر ویسی",
            "sources": "https://t.me/RememberTheirNames/711"
          },
          {
            "date": "1767889845-1768161645",
            "image": "photos/photo_676@22-01-2026_22-50-00.jpg",
            "rtn_id": "682",
            "name:fa": "امیر عباس‌پور",
            "sources": "https://t.me/RememberTheirNames/731"
          },
          {
            "date": "1767976200",
            "image": "photos/photo_696@23-01-2026_00-40-04.jpg",
            "rtn_id": "702",
            "name:fa": "زهرا آزادپور",
            "sources": "https://t.me/RememberTheirNames/752"
          },
          {
            "date": "1767889845-1768161645",
            "image": "photos/photo_717@23-01-2026_02-36-40.jpg",
            "rtn_id": "723",
            "name:fa": "رسول زارعی",
            "sources": "https://t.me/RememberTheirNames/773"
          },
          {
            "date": "1767976200",
            "image": "photos/photo_724@23-01-2026_10-39-58.jpg",
            "rtn_id": "730",
            "name:fa": "غزل دمرچلی",
            "sources": "https://t.me/RememberTheirNames/780"
          },
          {
            "date": "1767889845-1768161645",
            "image": "photos/photo_765@23-01-2026_13-44-38.jpg",
            "rtn_id": "771",
            "name:fa": "مژگان زینالی",
            "sources": "https://t.me/RememberTheirNames/821"
          },
          {
            "date": "1767889845-1768161645",
            "image": "photos/photo_779@23-01-2026_14-35-52.jpg",
            "rtn_id": "785",
            "name:fa": "میلاد رئوف فوشازاده",
            "sources": "https://t.me/RememberTheirNames/837"
          },
          {
            "date": "1767889845-1768161645",
            "image": "photos/photo_783@23-01-2026_14-44-41.jpg",
            "rtn_id": "789",
            "name:fa": "حسنعلی عمورضایی",
            "sources": "https://t.me/RememberTheirNames/841"
          },
          {
            "date": "1767889800",
            "image": "photos/photo_815@23-01-2026_17-55-31.jpg",
            "rtn_id": "822",
            "name:fa": "امیرحسین شاکرمی",
            "sources": "https://t.me/RememberTheirNames/873"
          },
          {
            "date": "1767889845-1768161645",
            "image": "photos/photo_839@23-01-2026_19-36-04.jpg",
            "rtn_id": "846",
            "name:fa": "سجاد بیات",
            "sources": "https://t.me/RememberTheirNames/898"
          },
          {
            "date": "1767889800",
            "image": "photos/photo_870@23-01-2026_22-05-05.jpg",
            "rtn_id": "878",
            "name:fa": "دیاکو قادرمرزی",
            "sources": "https://t.me/RememberTheirNames/930"
          },
          {
            "date": "1767889845-1768161645",
            "image": "photos/photo_935@24-01-2026_13-30-47.jpg",
            "rtn_id": "944",
            "name:fa": "محسن شریف کاظمی",
            "sources": "https://t.me/RememberTheirNames/997"
          },
          {
            "date": "1767889845-1768161645",
            "image": "photos/photo_945@24-01-2026_14-05-02.jpg",
            "rtn_id": "954",
            "name:fa": "محمد جباری",
            "sources": "https://t.me/RememberTheirNames/1007"
          },
          {
            "date": "1767889845-1768161645",
            "image": "photos/photo_948@24-01-2026_14-12-57.jpg",
            "rtn_id": "957",
            "name:fa": "یاسر مدیرروستا",
            "sources": "https://t.me/RememberTheirNames/1010"
          },
          {
            "date": "1767889800",
            "image": "photos/photo_957@24-01-2026_14-52-39.jpg",
            "rtn_id": "966",
            "name:fa": "حمیدرضا عاشوری",
            "sources": "https://t.me/RememberTheirNames/1019"
          },
          {
            "date": "1767889800",
            "image": "photos/photo_967@24-01-2026_15-22-06.jpg",
            "rtn_id": "976",
            "name:fa": "صادق علی‌نژاد",
            "sources": "https://t.me/RememberTheirNames/1030"
          },
          {
            "date": "1767976200",
            "image": "photos/photo_969@24-01-2026_15-27-02.jpg",
            "rtn_id": "978",
            "name:fa": "معین تقی‌پور ۱۷ ساله",
            "sources": "https://t.me/RememberTheirNames/1032"
          },
          {
            "date": "1767976200",
            "image": "photos/photo_975@24-01-2026_16-09-53.jpg",
            "rtn_id": "984",
            "name:fa": "امیرحسین احمدی شریف",
            "sources": "https://t.me/RememberTheirNames/1038"
          },
          {
            "date": "1767976200",
            "image": "photos/photo_988@24-01-2026_17-03-38.jpg",
            "rtn_id": "997",
            "name:fa": "امیر زمردی",
            "sources": "https://t.me/RememberTheirNames/1052"
          },
          {
            "date": "1767976200",
            "image": "photos/photo_999@24-01-2026_18-10-04.jpg",
            "rtn_id": "1008",
            "name:fa": "رضا زحمتکش",
            "sources": "https://t.me/RememberTheirNames/1065"
          },
          {
            "date": "1767889800",
            "image": "photos/photo_1053@24-01-2026_23-20-48.jpg",
            "rtn_id": "1063",
            "name:fa": "ابوالفضل مهری",
            "sources": "https://t.me/RememberTheirNames/1122"
          },
          {
            "date": "1767889800",
            "image": "photos/photo_1059@25-01-2026_00-00-51.jpg",
            "rtn_id": "1069",
            "name:fa": "رهام سعادتی ۱۷ ساله",
            "sources": "https://t.me/RememberTheirNames/1128"
          },
          {
            "date": "1767889845-1768161645",
            "image": "photos/photo_1100@25-01-2026_11-37-27.jpg",
            "rtn_id": "1110",
            "name:fa": "امیر وهاب‌زاده",
            "sources": "https://t.me/RememberTheirNames/1173"
          },
          {
            "date": "1767889845-1768161645",
            "image": "photos/photo_1108@25-01-2026_12-11-04.jpg",
            "rtn_id": "1118",
            "name:fa": "متین قربانی",
            "sources": "https://t.me/RememberTheirNames/1182"
          },
          {
            "date": "1767889845-1768161645",
            "image": "photos/photo_1118@25-01-2026_13-56-39.jpg",
            "rtn_id": "1128",
            "name:fa": "پارسا عباسپور",
            "sources": "https://t.me/RememberTheirNames/1192"
          },
          {
            "date": "1767976200",
            "image": "photos/photo_1127@25-01-2026_15-19-30.jpg",
            "rtn_id": "1137",
            "name:fa": "نوید الهی بلوردی",
            "sources": "https://t.me/RememberTheirNames/1201"
          },
          {
            "date": "1767889800",
            "image": "photos/photo_1130@25-01-2026_15-22-42.jpg",
            "rtn_id": "1140",
            "name:fa": "امیرحسین فتحی",
            "sources": "https://t.me/RememberTheirNames/1204"
          },
          {
            "date": "1767889800",
            "image": "photos/photo_1132@25-01-2026_15-25-25.jpg",
            "rtn_id": "1142",
            "name:fa": "محسن باوندپور",
            "sources": "https://t.me/RememberTheirNames/1206"
          },
          {
            "date": "1767889800",
            "image": "photos/photo_1140@25-01-2026_15-39-23.jpg",
            "rtn_id": "1150",
            "name:fa": "حسن فلاح",
            "sources": "https://t.me/RememberTheirNames/1214"
          },
          {
            "date": "1767976200",
            "image": "photos/photo_1142@25-01-2026_17-47-42.jpg",
            "rtn_id": "1152",
            "name:fa": "کامیار نثاری",
            "sources": "https://t.me/RememberTheirNames/1216"
          },
          {
            "date": "1767976200",
            "image": "photos/photo_1143@25-01-2026_17-48-16.jpg",
            "rtn_id": "1153",
            "name:fa": "محمدحسین جمشیدی",
            "sources": "https://t.me/RememberTheirNames/1217"
          },
          {
            "date": "1767976200",
            "image": "photos/photo_1144@25-01-2026_17-50-05.jpg",
            "rtn_id": "1154",
            "name:fa": "علی فرجی",
            "sources": "https://t.me/RememberTheirNames/1218"
          },
          {
            "date": "1767976200",
            "image": "photos/photo_1145@25-01-2026_17-51-21.jpg",
            "rtn_id": "1155",
            "name:fa": "علی (شاهرخ)رحمانی",
            "sources": "https://t.me/RememberTheirNames/1219"
          },
          {
            "date": "1767889845-1768161645",
            "image": "photos/photo_1149@25-01-2026_18-46-01.jpg",
            "rtn_id": "1159",
            "name:fa": "امیرمحمد رهنما",
            "sources": "https://t.me/RememberTheirNames/1223"
          },
          {
            "date": "1767889800",
            "image": "photos/photo_1154@25-01-2026_19-22-32.jpg",
            "rtn_id": "1164",
            "name:fa": "امیر اصفهانی",
            "sources": "https://t.me/RememberTheirNames/1229"
          },
          {
            "date": "1767889800",
            "image": "photos/photo_1170@25-01-2026_20-58-22.jpg",
            "rtn_id": "1180",
            "name:fa": "مهدی عبدلی",
            "sources": "https://t.me/RememberTheirNames/1246"
          },
          {
            "date": "1767889800",
            "image": "photos/photo_1179@25-01-2026_21-56-19.jpg",
            "rtn_id": "1189",
            "name:fa": "سمانه عبدی",
            "sources": "https://t.me/RememberTheirNames/1255"
          },
          {
            "date": "1767889845-1768161645",
            "image": "photos/photo_1187@25-01-2026_23-14-58.jpg",
            "rtn_id": "1197",
            "name:fa": "علیرضا موسی‌نیا",
            "sources": "https://t.me/RememberTheirNames/1265"
          },
          {
            "date": "1767889800",
            "image": "photos/photo_1190@26-01-2026_00-03-00.jpg",
            "rtn_id": "1201",
            "name:fa": "رضا حاجی‌مرادی",
            "sources": "https://t.me/RememberTheirNames/1268"
          },
          {
            "date": "1767889845-1768161645",
            "image": "photos/photo_1205@26-01-2026_00-56-06.jpg",
            "rtn_id": "1216",
            "name:fa": "علیرضا سوری",
            "sources": "https://t.me/RememberTheirNames/1283"
          },
          {
            "date": "1767976200",
            "image": "photos/photo_1229@26-01-2026_12-23-34.jpg",
            "rtn_id": "1240",
            "name:fa": "صغری حاتمی",
            "sources": "https://t.me/RememberTheirNames/1307"
          },
          {
            "date": "1767976200",
            "image": "photos/photo_1274@26-01-2026_18-26-23.jpg",
            "rtn_id": "1286",
            "name:fa": "راهب زاهدی",
            "sources": "https://t.me/RememberTheirNames/1354"
          },
          {
            "date": "1767889800",
            "image": "photos/photo_1308@26-01-2026_22-20-40.jpg",
            "rtn_id": "1320",
            "name:fa": "عباس کلهر",
            "sources": "https://t.me/RememberTheirNames/1388"
          },
          {
            "date": "1767889800",
            "image": "photos/photo_1313@26-01-2026_22-42-13.jpg",
            "rtn_id": "1325",
            "name:fa": "علی علوی",
            "sources": "https://t.me/RememberTheirNames/1394"
          },
          {
            "date": "1767889845-1768161645",
            "image": "photos/photo_1314@26-01-2026_22-43-26.jpg",
            "rtn_id": "1326",
            "name:fa": "مهدی کاووسی",
            "sources": "https://t.me/RememberTheirNames/1395"
          },
          {
            "date": "1767889800",
            "image": "photos/photo_1320@26-01-2026_23-28-07.jpg",
            "rtn_id": "1332",
            "name:fa": "مسعود رضایی‌ نو",
            "sources": "https://t.me/RememberTheirNames/1401"
          },
          {
            "date": "1767889800",
            "image": "photos/photo_1390@27-01-2026_16-47-50.jpg",
            "rtn_id": "1401",
            "name:fa": "احمد اصغری",
            "sources": "https://t.me/RememberTheirNames/1477"
          },
          {
            "date": "1767889800",
            "image": "photos/photo_1395@27-01-2026_17-23-21.jpg",
            "rtn_id": "1406",
            "name:fa": "زهرا (زری) محمدی",
            "sources": "https://t.me/RememberTheirNames/1482"
          },
          {
            "date": "1767889800",
            "image": "photos/photo_1399@27-01-2026_17-48-35.jpg",
            "rtn_id": "1410",
            "name:fa": "اکبر تیموری",
            "sources": "https://t.me/RememberTheirNames/1487"
          },
          {
            "date": "1767889800",
            "image": "photos/photo_1401@27-01-2026_17-53-31.jpg",
            "rtn_id": "1412",
            "name:fa": "حمیدرضا گودرزی",
            "sources": "https://t.me/RememberTheirNames/1489"
          },
          {
            "date": "1767976200",
            "image": "photos/photo_1423@27-01-2026_20-27-37.jpg",
            "rtn_id": "1434",
            "name:fa": "میثم اسدی",
            "sources": "https://t.me/RememberTheirNames/1512"
          },
          {
            "date": "1767889800",
            "image": "photos/photo_199@19-01-2026_17-00-32.jpg",
            "rtn_id": "200",
            "name:fa": "عباس ملکی",
            "sources": "https://t.me/RememberTheirNames/234"
          },
          {
            "date": "1767889800",
            "image": "photos/photo_232@19-01-2026_21-03-16.jpg",
            "rtn_id": "237",
            "name:fa": "ایلیا ولی‌پور",
            "sources": "https://t.me/RememberTheirNames/267"
          },
          {
            "date": "1767976200",
            "image": "photos/photo_425@21-01-2026_11-21-10.jpg",
            "rtn_id": "430",
            "name:fa": "کاوه افتخاری",
            "sources": "https://t.me/RememberTheirNames/465"
          },
          {
            "date": "1767889800",
            "image": "photos/photo_844@23-01-2026_20-02-11.jpg",
            "rtn_id": "851",
            "name:fa": "سعید پناهی",
            "sources": "https://t.me/RememberTheirNames/903"
          },
          {
            "date": "1767889800",
            "image": "photos/photo_1091@25-01-2026_02-45-21.jpg",
            "rtn_id": "1101",
            "name:fa": "کاوه چگینی",
            "sources": "https://t.me/RememberTheirNames/1162"
          },
          {
            "date": "1767976200",
            "image": "photos/photo_278@19-01-2026_23-29-02.jpg",
            "rtn_id": "283",
            "name:fa": "محمدرضا زمینی",
            "sources": "https://t.me/RememberTheirNames/316"
          },
          {
            "date": "1767976200",
            "image": "photos/photo_855@23-01-2026_21-03-06.jpg",
            "rtn_id": "862",
            "name:fa": "علی حاتمی",
            "sources": "https://t.me/RememberTheirNames/914"
          },
          {
            "date": "1767976200",
            "image": "photos/photo_286@20-01-2026_00-07-17.jpg",
            "rtn_id": "291",
            "name:fa": "حسین خبیری",
            "sources": "https://t.me/RememberTheirNames/324"
          },
          {
            "date": "1767976200",
            "image": "photos/photo_755@23-01-2026_13-08-36.jpg",
            "rtn_id": "761",
            "name:fa": "محمدرضا خانی ۱۷ ساله",
            "sources": "https://t.me/RememberTheirNames/811"
          },
          {
            "date": "1767889800",
            "image": "photos/photo_820@23-01-2026_18-11-51.jpg",
            "rtn_id": "827",
            "name:fa": "علی محمدی",
            "sources": "https://t.me/RememberTheirNames/878"
          },
          {
            "date": "1767889800",
            "image": "photos/photo_442@21-01-2026_13-01-10.jpg",
            "rtn_id": "447",
            "name:fa": "رسول یزدانی",
            "sources": "https://t.me/RememberTheirNames/482"
          },
          {
            "date": "1767976200",
            "image": "photos/photo_699@23-01-2026_00-58-08.jpg",
            "rtn_id": "705",
            "name:fa": "داوود آبی",
            "sources": "https://t.me/RememberTheirNames/755"
          },
          {
            "date": "1768062600",
            "image": "photos/photo_1027@24-01-2026_20-38-30.jpg",
            "rtn_id": "1036",
            "name:fa": "مهدی کریم‌پور",
            "sources": "https://t.me/RememberTheirNames/1094"
          },
          {
            "date": "1767976200",
            "image": "photos/photo_1090@25-01-2026_02-42-40.jpg",
            "rtn_id": "1100",
            "name:fa": "بابک پورمظاهری",
            "sources": "https://t.me/RememberTheirNames/1161"
          },
          {
            "date": "1767889800",
            "image": "photos/photo_1105@25-01-2026_11-56-55.jpg",
            "rtn_id": "1115",
            "name:fa": "احسان رجبی",
            "sources": "https://t.me/RememberTheirNames/1179"
          },
          {
            "date": "1767976200",
            "image": "photos/photo_1207@26-01-2026_01-41-26.jpg",
            "rtn_id": "1218",
            "name:fa": "روح‌الله شیرازی",
            "sources": "https://t.me/RememberTheirNames/1285"
          },
          {
            "date": "1767889800",
            "image": "photos/photo_1276@26-01-2026_18-37-27.jpg",
            "rtn_id": "1288",
            "name:fa": "امیرمحمد کاظمی",
            "sources": "https://t.me/RememberTheirNames/1356"
          },
          {
            "date": "1767889800",
            "image": "photos/photo_1427@27-01-2026_20-45-12.jpg",
            "rtn_id": "1438",
            "name:fa": "میثم آیبد",
            "sources": "https://t.me/RememberTheirNames/1516"
          },
          {
            "date": "1767889800",
            "image": "photos/photo_1441@27-01-2026_22-04-37.jpg",
            "rtn_id": "1452",
            "name:fa": "کیانوش عبادسیچانی",
            "sources": "https://t.me/RememberTheirNames/1531"
          },
          {
            "date": null,
            "image": "photos/photo_1485@28-01-2026_01-13-11.jpg",
            "rtn_id": "1496",
            "name:fa": "رسول قلیانی",
            "sources": "https://t.me/RememberTheirNames/1578"
          },
          {
            "date": null,
            "image": "photos/photo_1491@28-01-2026_11-05-14.jpg",
            "rtn_id": "1502",
            "name:fa": "نیما جعفری",
            "sources": "https://t.me/RememberTheirNames/1586"
          },
          {
            "date": "1767889800",
            "image": "photos/photo_1502@28-01-2026_13-19-32.jpg",
            "rtn_id": "1513",
            "name:fa": "سعید شهبازی",
            "sources": "https://t.me/RememberTheirNames/1597"
          },
          {
            "date": "1767976200",
            "image": "photos/photo_1508@28-01-2026_14-42-10.jpg",
            "rtn_id": "1519",
            "name:fa": "امیر ستاری راد",
            "sources": "https://t.me/RememberTheirNames/1603"
          },
          {
            "date": "1767976200",
            "image": "photos/photo_1539@28-01-2026_17-57-44.jpg",
            "rtn_id": "1550",
            "name:fa": "عارف گلمحمدی",
            "sources": "https://t.me/RememberTheirNames/1635"
          },
          {
            "date": "1767889800",
            "image": "photos/photo_1557@28-01-2026_20-27-46.jpg",
            "rtn_id": "1568",
            "name:fa": "عادل طهماسبی",
            "sources": "https://t.me/RememberTheirNames/1653"
          },
          {
            "date": "1767889800",
            "image": "photos/photo_1619@29-01-2026_20-17-08.jpg",
            "rtn_id": "1630",
            "name:fa": "امیرحسین قزلباش",
            "sources": "https://t.me/RememberTheirNames/1716"
          },
          {
            "date": "1767976200",
            "image": "photos/photo_1624@29-01-2026_21-03-49.jpg",
            "rtn_id": "1635",
            "name:fa": "مصطفی پوررمضان",
            "sources": "https://t.me/RememberTheirNames/1721"
          },
          {
            "date": "1767889800",
            "image": "photos/photo_1654@30-01-2026_09-50-18.jpg",
            "rtn_id": "1665",
            "name:fa": "سهند ناصری ۱۵ ساله",
            "sources": "https://t.me/RememberTheirNames/1751"
          },
          {
            "date": null,
            "image": "photos/photo_1663@30-01-2026_12-26-55.jpg",
            "rtn_id": "1674",
            "name:fa": "امیرمحمد نجفی",
            "sources": "https://t.me/RememberTheirNames/1762"
          },
          {
            "date": "1767976200",
            "image": "photos/photo_1698@30-01-2026_17-25-56.jpg",
            "name:fa": "(نامشخص)",
            "sources": "https://t.me/RememberTheirNames/1800"
          },
          {
            "date": null,
            "image": "photos/photo_1738@30-01-2026_22-45-30.jpg",
            "rtn_id": "1749",
            "name:fa": "میلاد باغ‌فلکی",
            "sources": "https://t.me/RememberTheirNames/1846"
          },
          {
            "date": null,
            "image": "photos/photo_1750@31-01-2026_11-22-54.jpg",
            "rtn_id": "1761",
            "name:fa": "جواد مولاوردیخانی",
            "sources": "https://t.me/RememberTheirNames/1858"
          },
          {
            "date": "1767976200",
            "image": "photos/photo_1765@31-01-2026_12-34-37.jpg",
            "rtn_id": "1776",
            "name:fa": "سجاد قلعه‌قوند",
            "sources": "https://t.me/RememberTheirNames/1873"
          },
          {
            "date": "1767976200",
            "image": "photos/photo_1766@31-01-2026_12-38-11.jpg",
            "rtn_id": "1777",
            "name:fa": "رضا کاووسی ۱۶ساله",
            "sources": "https://t.me/RememberTheirNames/1874"
          },
          {
            "date": "1767889800",
            "image": "photos/photo_1779@31-01-2026_14-54-07.jpg",
            "rtn_id": "1790",
            "name:fa": "امیررضا خانعلی‌پور",
            "sources": "https://t.me/RememberTheirNames/1887"
          },
          {
            "date": "1767889800",
            "image": "photos/photo_1783@31-01-2026_15-38-03.jpg",
            "rtn_id": "1794",
            "name:fa": "علی کاظمی",
            "sources": "https://t.me/RememberTheirNames/1893"
          },
          {
            "date": "1767889800",
            "image": "photos/photo_1785@31-01-2026_15-45-16.jpg",
            "rtn_id": "1796",
            "name:fa": "محمد پناهی",
            "sources": "https://t.me/RememberTheirNames/1895"
          },
          {
            "date": null,
            "image": "photos/photo_1787@31-01-2026_16-02-33.jpg",
            "rtn_id": "1798",
            "name:fa": "فرهاد محدودی",
            "sources": "https://t.me/RememberTheirNames/1897"
          },
          {
            "date": "1767889800",
            "image": "photos/photo_1574@28-01-2026_22-09-16.jpg",
            "rtn_id": "1585",
            "name:fa": "معین عباسپور",
            "sources": "https://t.me/RememberTheirNames/1670"
          },
          {
            "date": "1767889800",
            "image": "photos/photo_1721@30-01-2026_20-28-46.jpg",
            "rtn_id": "1732",
            "name:fa": "مجید بیانی",
            "sources": "https://t.me/RememberTheirNames/1828"
          },
          {
            "date": "1767889800",
            "image": "photos/photo_1749@31-01-2026_11-14-43.jpg",
            "rtn_id": "1760",
            "name:fa": "محمد صالح‌پور (نیما صالحی)",
            "sources": "https://t.me/RememberTheirNames/1857"
          },
          {
            "date": "1767976200",
            "image": "photos/photo_1501@28-01-2026_13-13-31.jpg",
            "rtn_id": "1512",
            "name:fa": "احسان صادقی",
            "sources": "https://t.me/RememberTheirNames/1596"
          },
          {
            "date": "1767976200",
            "image": "photos/photo_1591@29-01-2026_13-34-12.jpg",
            "rtn_id": "1602",
            "name:fa": "مصطفی عفتی",
            "sources": "https://t.me/RememberTheirNames/1688"
          },
          {
            "date": "1767976200",
            "image": "photos/photo_1692@30-01-2026_16-43-26.jpg",
            "rtn_id": "1703",
            "name:fa": "حسام علمی",
            "sources": "https://t.me/RememberTheirNames/1794"
          },
          {
            "date": "1767976200",
            "image": "photos/photo_1763@31-01-2026_12-30-55.jpg",
            "rtn_id": "1774",
            "name:fa": "رضا رضایی",
            "sources": "https://t.me/RememberTheirNames/1871"
          },
          {
            "date": "1767889800",
            "image": "photos/photo_2049@03-02-2026_15-24-51.jpg",
            "rtn_id": "2063",
            "name:fa": "حمیدرضا هنرور",
            "sources": "https://t.me/RememberTheirNames/2177"
          },
          {
            "date": "1767976200",
            "image": "photos/photo_2243@06-02-2026_02-31-54.jpg",
            "rtn_id": "2257",
            "name:fa": "ارشیا رشیدیان",
            "sources": "https://t.me/RememberTheirNames/2377"
          },
          {
            "date": "1767889845-1768161645",
            "image": "photos/photo_1798@31-01-2026_10-43-29.jpg",
            "rtn_id": "1809",
            "name:fa": "اکبر مزلقانی",
            "sources": "https://t.me/RememberTheirNames/1909"
          },
          {
            "date": "1767889800",
            "image": "photos/photo_1800@31-01-2026_12-21-50.jpg",
            "rtn_id": "1811",
            "name:fa": "مهدی صبری",
            "sources": "https://t.me/RememberTheirNames/1912"
          },
          {
            "date": "1767889845-1768161645",
            "image": "photos/photo_1806@31-01-2026_13-22-59.jpg",
            "rtn_id": "1817",
            "name:fa": "فرامرز گلستانی",
            "sources": "https://t.me/RememberTheirNames/1918"
          },
          {
            "date": "1767889845-1768161645",
            "image": "photos/photo_1815@31-01-2026_14-01-06.jpg",
            "rtn_id": "1826",
            "name:fa": "امیر بیاتی",
            "sources": "https://t.me/RememberTheirNames/1927"
          },
          {
            "date": "1767976200",
            "image": "photos/photo_1839@01-02-2026_05-44-05.jpg",
            "rtn_id": "1852",
            "name:fa": "شاهین عبدلی",
            "sources": "https://t.me/RememberTheirNames/1951"
          },
          {
            "date": "1767889800",
            "image": "photos/photo_1856@01-02-2026_10-27-07.jpg",
            "rtn_id": "1870",
            "name:fa": "رامین اسدی‌فرد",
            "sources": "https://t.me/RememberTheirNames/1969"
          },
          {
            "date": "1767889845-1768161645",
            "image": "photos/photo_1857@01-02-2026_10-49-06.jpg",
            "rtn_id": "1871",
            "name:fa": "حمزه آریان‌راد (خانکی)",
            "sources": "https://t.me/RememberTheirNames/1970"
          },
          {
            "date": "1767889845-1768161645",
            "image": "photos/photo_1927@01-02-2026_22-51-44.jpg",
            "rtn_id": "1941",
            "name:fa": "وزیر عبدالهی",
            "sources": "https://t.me/RememberTheirNames/2044"
          },
          {
            "date": "1767889845-1768161645",
            "image": "photos/photo_1928@01-02-2026_23-00-02.jpg",
            "rtn_id": "1942",
            "name:fa": "ساینا نظام‌دوست",
            "sources": "https://t.me/RememberTheirNames/2046"
          },
          {
            "date": "1767889800",
            "image": "photos/photo_1935@02-02-2026_02-43-04.jpg",
            "rtn_id": "1949",
            "name:fa": "فاطمه انوری",
            "sources": "https://t.me/RememberTheirNames/2054"
          },
          {
            "date": "1767889845-1768161645",
            "image": "photos/photo_1936@02-02-2026_03-03-47.jpg",
            "rtn_id": "1950",
            "name:fa": "پیمان پالیزدار",
            "sources": "https://t.me/RememberTheirNames/2055"
          },
          {
            "date": "1767889845-1768161645",
            "image": "photos/photo_1977@02-02-2026_13-11-55.jpg",
            "rtn_id": "1991",
            "name:fa": "زهرا احمدوند",
            "sources": "https://t.me/RememberTheirNames/2099"
          },
          {
            "date": "1767889845-1768161645",
            "image": "photos/photo_2019@03-02-2026_09-48-43.jpg",
            "rtn_id": "2033",
            "name:fa": "زهرا معبودی زرنق ۱۷ساله",
            "sources": "https://t.me/RememberTheirNames/2145"
          },
          {
            "date": "1767976200",
            "image": "photos/photo_2038@03-02-2026_13-40-14.jpg",
            "rtn_id": "2052",
            "name:fa": "محمد عزیزی",
            "sources": "https://t.me/RememberTheirNames/2166"
          },
          {
            "date": "1767889845-1768161645",
            "image": "photos/photo_2078@04-02-2026_06-51-30.jpg",
            "rtn_id": "2092",
            "name:fa": "رویا نوری زیارانی",
            "sources": "https://t.me/RememberTheirNames/2207"
          },
          {
            "date": "1767889800",
            "image": "photos/photo_2080@04-02-2026_06-57-18.jpg",
            "rtn_id": "2094",
            "name:fa": "افشین گلیارانی",
            "sources": "https://t.me/RememberTheirNames/2209"
          },
          {
            "date": "1767889845-1768161645",
            "image": "photos/photo_2094@04-02-2026_11-57-24.jpg",
            "rtn_id": "2108",
            "name:fa": "محمدرضا سیفی",
            "sources": "https://t.me/RememberTheirNames/2223"
          },
          {
            "date": "1767976200",
            "image": "photos/photo_2112@04-02-2026_14-12-11.jpg",
            "rtn_id": "2126",
            "name:fa": "ابوالفضل طوماری",
            "sources": "https://t.me/RememberTheirNames/2242"
          },
          {
            "date": "1767889845-1768161645",
            "image": "photos/photo_2118@04-02-2026_15-05-38.jpg",
            "rtn_id": "2132",
            "name:fa": "امیر یاراحمدی",
            "sources": "https://t.me/RememberTheirNames/2249"
          },
          {
            "date": "1767889800",
            "image": "photos/photo_2134@04-02-2026_16-30-42.jpg",
            "rtn_id": "2148",
            "name:fa": "احمد هلالات",
            "sources": "https://t.me/RememberTheirNames/2266"
          },
          {
            "date": "1767889845-1768161645",
            "image": "photos/photo_2160@05-02-2026_06-08-12.jpg",
            "rtn_id": "2174",
            "name:fa": "محمدصالح کنشلو ۱۷ساله",
            "sources": "https://t.me/RememberTheirNames/2292"
          },
          {
            "date": "1767889845-1768161645",
            "image": "photos/photo_2206@05-02-2026_14-19-48.jpg",
            "rtn_id": "2220",
            "name:fa": "رضا کرمی",
            "sources": "https://t.me/RememberTheirNames/2339"
          },
          {
            "date": "1767889800",
            "image": "photos/photo_2209@05-02-2026_14-36-46.jpg",
            "rtn_id": "2223",
            "name:fa": "یوسف موسویان",
            "sources": "https://t.me/RememberTheirNames/2342"
          },
          {
            "date": "1767889800",
            "image": "photos/photo_2221@05-02-2026_15-30-40.jpg",
            "rtn_id": "2235",
            "name:fa": "محمدرضا نورمحمدی",
            "sources": "https://t.me/RememberTheirNames/2354"
          },
          {
            "date": "1767976200",
            "image": "photos/photo_2230@05-02-2026_16-13-07.jpg",
            "rtn_id": "2244",
            "name:fa": "محمد مظفری",
            "sources": "https://t.me/RememberTheirNames/2363"
          },
          {
            "date": "1767889800",
            "image": "photos/photo_2263@06-02-2026_06-15-14.jpg",
            "rtn_id": "2278",
            "name:fa": "امیرمهدی سلگی",
            "sources": "https://t.me/RememberTheirNames/2397"
          },
          {
            "date": "1767889800",
            "image": "photos/photo_2267@06-02-2026_06-50-50.jpg",
            "rtn_id": "2282",
            "name:fa": "میلاد رحمت‌نژاد",
            "sources": "https://t.me/RememberTheirNames/2401"
          },
          {
            "date": "1767889800",
            "image": "photos/photo_1868@01-02-2026_11-41-06.jpg",
            "rtn_id": "1882",
            "name:fa": "ایمان بهرامی",
            "sources": "https://t.me/RememberTheirNames/1981"
          },
          {
            "date": "1767976200",
            "image": "photos/photo_1874@01-02-2026_12-18-00.jpg",
            "rtn_id": "1888",
            "name:fa": "مسعود حافظی",
            "sources": "https://t.me/RememberTheirNames/1988"
          },
          {
            "date": "1767976200",
            "image": "photos/photo_1834@01-02-2026_04-45-29.jpg",
            "rtn_id": "1847",
            "name:fa": "رقیه صالحی",
            "sources": "https://t.me/RememberTheirNames/1946"
          },
          {
            "date": "1767976200",
            "image": "photos/photo_1844@01-02-2026_06-47-58.jpg",
            "rtn_id": "1857",
            "name:fa": "مهدی جعفری",
            "sources": "https://t.me/RememberTheirNames/1957"
          },
          {
            "date": "1767976200",
            "image": "photos/photo_1846@01-02-2026_07-57-51.jpg",
            "rtn_id": "1859",
            "name:fa": "جعفر کاووسی روزبهانی",
            "sources": "https://t.me/RememberTheirNames/1959"
          },
          {
            "date": "1767889800",
            "image": "photos/photo_2123@04-02-2026_15-43-47.jpg",
            "rtn_id": "2137",
            "name:fa": "محمد رضاقلی‌وند ۱۷ساله",
            "sources": "https://t.me/RememberTheirNames/2254"
          },
          {
            "date": "1767976200",
            "image": "photos/photo_1854@01-02-2026_10-17-30.jpg",
            "rtn_id": "1868",
            "name:fa": "فرشته کشاورزی",
            "sources": "https://t.me/RememberTheirNames/1967"
          },
          {
            "date": "1767889800",
            "image": "photos/photo_1878@01-02-2026_12-46-49.jpg",
            "rtn_id": "1892",
            "name:fa": "علیرضا مهدوی",
            "sources": "https://t.me/RememberTheirNames/1992"
          },
          {
            "date": "1767889800",
            "image": "photos/photo_1880@01-02-2026_12-55-25.jpg",
            "rtn_id": "1894",
            "name:fa": "میثم قادری",
            "sources": "https://t.me/RememberTheirNames/1994"
          },
          {
            "date": "1767976200",
            "image": "photos/photo_2037@03-02-2026_13-35-16.jpg",
            "rtn_id": "2051",
            "name:fa": "مازیار مودت",
            "sources": "https://t.me/RememberTheirNames/2165"
          },
          {
            "date": "1767976200",
            "image": "photos/photo_2034@03-02-2026_12-26-30.jpg",
            "rtn_id": "2048",
            "name:fa": "محمدحسن (داوود) چای‌فروش",
            "sources": "https://t.me/RememberTheirNames/2162"
          },
          {
            "date": "1767976200",
            "image": "photos/photo_2052@03-02-2026_15-45-23.jpg",
            "rtn_id": "2066",
            "name:fa": "قاسم (امید) عیوض‌زاده",
            "sources": "https://t.me/RememberTheirNames/2180"
          },
          {
            "date": "1767889800",
            "image": "photos/photo_2126@04-02-2026_15-56-22.jpg",
            "rtn_id": "2140",
            "name:fa": "میلاد گچلو",
            "sources": "https://t.me/RememberTheirNames/2257"
          },
          {
            "date": "1767889800",
            "image": "photos/photo_2189@05-02-2026_10-14-21.jpg",
            "rtn_id": "2203",
            "name:fa": "الهام احدی",
            "sources": "https://t.me/RememberTheirNames/2321"
          },
          {
            "date": "1767976200",
            "image": "photos/photo_2309@06-02-2026_13-11-49.jpg",
            "rtn_id": "2324",
            "name:fa": "یاسر باغانی",
            "sources": "https://t.me/RememberTheirNames/2445"
          },
          {
            "date": "1767889800",
            "image": "photos/photo_2587@11-02-2026_04-02-03.jpg",
            "rtn_id": "2602",
            "name:fa": "حمید ابراهیمی",
            "sources": "https://t.me/RememberTheirNames/2745"
          },
          {
            "date": "1767889845-1768161645",
            "image": "photos/photo_2329@07-02-2026_03-10-57.jpg",
            "rtn_id": "2344",
            "name:fa": "حمید شفیعی",
            "sources": "https://t.me/RememberTheirNames/2466"
          },
          {
            "date": "1767889800",
            "image": "photos/photo_2379@08-02-2026_04-29-28.jpg",
            "rtn_id": "2394",
            "name:fa": "رحیم فدایی",
            "sources": "https://t.me/RememberTheirNames/2520"
          },
          {
            "date": "1767889800",
            "image": "photos/photo_2389@08-02-2026_06-17-47.jpg",
            "rtn_id": "2404",
            "name:fa": "محمدمهدی خان‌محمدی",
            "sources": "https://t.me/RememberTheirNames/2530"
          },
          {
            "date": "1767889800",
            "image": "photos/photo_2434@08-02-2026_09-57-46.jpg",
            "rtn_id": "2449",
            "name:fa": "سعید اصغرزاده عجمی",
            "sources": "https://t.me/RememberTheirNames/2577"
          },
          {
            "date": "1767889800",
            "image": "photos/photo_2456@08-02-2026_16-33-52.jpg",
            "rtn_id": "2471",
            "name:fa": "محمد امیری پریان",
            "sources": "https://t.me/RememberTheirNames/2601"
          },
          {
            "date": "1767889800",
            "image": "photos/photo_2468@08-02-2026_17-34-55.jpg",
            "rtn_id": "2483",
            "name:fa": "اکبر احمدی",
            "sources": "https://t.me/RememberTheirNames/2613"
          },
          {
            "date": "1767889845-1768161645",
            "image": "photos/photo_2479@09-02-2026_05-45-56.jpg",
            "rtn_id": "2494",
            "name:fa": "سعید باخرد",
            "sources": "https://t.me/RememberTheirNames/2624"
          },
          {
            "date": "1767976200",
            "image": "photos/photo_2508@09-02-2026_11-56-29.jpg",
            "rtn_id": "2523",
            "name:fa": "سحر قادری",
            "sources": "https://t.me/RememberTheirNames/2654"
          },
          {
            "date": "1767889800",
            "image": "photos/photo_2527@09-02-2026_14-40-22.jpg",
            "rtn_id": "2542",
            "name:fa": "اکبر پاشاپور",
            "sources": "https://t.me/RememberTheirNames/2673"
          },
          {
            "date": "1767889800",
            "image": "photos/photo_2576@10-02-2026_15-38-59.jpg",
            "rtn_id": "2591",
            "name:fa": "علی مرادی",
            "sources": "https://t.me/RememberTheirNames/2733"
          },
          {
            "date": "1767889845-1768161645",
            "image": "photos/photo_2633@12-02-2026_08-35-47.jpg",
            "rtn_id": "2648",
            "name:fa": "مهدی قنبری",
            "sources": "https://t.me/RememberTheirNames/2795"
          },
          {
            "date": "1767976200",
            "image": "photos/photo_2356@07-02-2026_14-04-10.jpg",
            "rtn_id": "2371",
            "name:fa": "امیر حشمتی",
            "sources": "https://t.me/RememberTheirNames/2494"
          },
          {
            "date": "1767889800",
            "image": "photos/photo_2429@08-02-2026_09-37-54.jpg",
            "rtn_id": "2444",
            "name:fa": "محمدرضا قاسم‌زاده",
            "sources": "https://t.me/RememberTheirNames/2572"
          },
          {
            "date": "1767889800",
            "image": "photos/photo_2537@09-02-2026_18-15-41.jpg",
            "rtn_id": "2552",
            "name:fa": "ایمان توکلی طوسی",
            "sources": "https://t.me/RememberTheirNames/2692"
          },
          {
            "date": "1767889800",
            "image": "photos/photo_2415@08-02-2026_08-00-46.jpg",
            "rtn_id": "2430",
            "name:fa": "مرتضی بیات",
            "sources": "https://t.me/RememberTheirNames/2556"
          },
          {
            "date": "1767976200",
            "image": "photos/photo_2423@08-02-2026_09-15-39.jpg",
            "rtn_id": "2438",
            "name:fa": "سینا علیشیری",
            "sources": "https://t.me/RememberTheirNames/2565"
          },
          {
            "date": "1767889800",
            "image": "photos/photo_2480@09-02-2026_05-56-11.jpg",
            "rtn_id": "2495",
            "name:fa": "قهرمان رجبی",
            "sources": "https://t.me/RememberTheirNames/2625"
          },
          {
            "date": "1767976200",
            "image": "photos/photo_2502@09-02-2026_07-56-13.jpg",
            "rtn_id": "2517",
            "name:fa": "سعید یوسفی",
            "sources": "https://t.me/RememberTheirNames/2648"
          },
          {
            "date": "1767889800",
            "image": "photos/photo_2535@09-02-2026_18-00-52.jpg",
            "rtn_id": "2550",
            "name:fa": "حمید فیضی",
            "sources": "https://t.me/RememberTheirNames/2690"
          },
          {
            "date": "1767976200",
            "image": "photos/photo_2548@10-02-2026_04-53-02.jpg",
            "rtn_id": "2563",
            "name:fa": "یاسر دولتی",
            "sources": "https://t.me/RememberTheirNames/2704"
          },
          {
            "date": "1767889800",
            "image": "photos/photo_2584@10-02-2026_16-49-17.jpg",
            "rtn_id": "2599",
            "name:fa": "ساناز قره‌داغی",
            "sources": "https://t.me/RememberTheirNames/2741"
          },
          {
            "date": "1767976200",
            "image": "photos/photo_2605@11-02-2026_07-55-31.jpg",
            "rtn_id": "2620",
            "name:fa": "نرگس بیگدلی",
            "sources": "https://t.me/RememberTheirNames/2765"
          },
          {
            "date": "1767889800",
            "image": "photos/photo_2613@11-02-2026_11-02-22.jpg",
            "rtn_id": "2628",
            "name:fa": "مهدی جوزی",
            "sources": "https://t.me/RememberTheirNames/2774"
          },
          {
            "date": "1767976200",
            "image": "photos/photo_2621@11-02-2026_13-13-33.jpg",
            "rtn_id": "2636",
            "name:fa": "حسین گنجه",
            "sources": "https://t.me/RememberTheirNames/2783"
          },
          {
            "date": "1767976200",
            "image": "photos/photo_2670@13-02-2026_14-02-07.jpg",
            "rtn_id": "2685",
            "name:fa": "محمد مهرعلیزاده",
            "sources": "https://t.me/RememberTheirNames/2832"
          },
          {
            "date": "1767976200",
            "image": "photos/photo_2673@13-02-2026_15-20-38.jpg",
            "rtn_id": "2688",
            "name:fa": "یزدان احسان‌بخش",
            "sources": "https://t.me/RememberTheirNames/2835"
          },
          {
            "date": "1767889800",
            "image": "photos/photo_2676@13-02-2026_15-31-07.jpg",
            "rtn_id": "2691",
            "name:fa": "نادر پروری نصرآبادی",
            "sources": "https://t.me/RememberTheirNames/2838"
          },
          {
            "date": "1767889800",
            "image": "photos/photo_2709@14-02-2026_10-42-57.jpg",
            "rtn_id": "2724",
            "name:fa": "علی نوروزی",
            "sources": "https://t.me/RememberTheirNames/2872"
          },
          {
            "date": "1767976200",
            "image": "photos/photo_2882@20-02-2026_07-18-53.jpg",
            "rtn_id": "2894",
            "name:fa": "علی عبدالله‌زاده",
            "sources": "https://t.me/RememberTheirNames/3063"
          },
          {
            "date": "1767889800",
            "image": "photos/photo_2719@15-02-2026_08-05-40.jpg",
            "rtn_id": "2734",
            "name:fa": "علیرضا مهدوی",
            "sources": "https://t.me/RememberTheirNames/2882"
          },
          {
            "date": "1767889800",
            "image": "photos/photo_2752@16-02-2026_11-27-57.jpg",
            "rtn_id": "2768",
            "name:fa": "امیرحسین کاویکلو",
            "sources": "https://t.me/RememberTheirNames/2915"
          },
          {
            "date": "1768062600",
            "image": "photos/photo_2820@18-02-2026_05-58-16.jpg",
            "rtn_id": "2832",
            "name:fa": "اکبر فخری",
            "sources": "https://t.me/RememberTheirNames/2999"
          },
          {
            "date": "1767889845-1768161645",
            "image": "photos/photo_2775@17-02-2026_03-14-16.jpg",
            "rtn_id": "2791",
            "name:fa": "محمد مهدلو",
            "sources": "https://t.me/RememberTheirNames/2940"
          },
          {
            "date": "1767889800",
            "image": "photos/photo_2791@17-02-2026_06-50-25.jpg",
            "rtn_id": "2807",
            "name:fa": "متین مقیمی ورزنی",
            "sources": "https://t.me/RememberTheirNames/2957"
          },
          {
            "date": "1767976200",
            "image": "photos/photo_2794@17-02-2026_07-16-49.jpg",
            "rtn_id": "2810",
            "name:fa": "محمود خدایار",
            "sources": "https://t.me/RememberTheirNames/2960"
          },
          {
            "date": "1767889800",
            "image": "photos/photo_2795@17-02-2026_07-19-03.jpg",
            "rtn_id": "2811",
            "name:fa": "رحیم عباسی",
            "sources": "https://t.me/RememberTheirNames/2961"
          },
          {
            "date": "1767976200",
            "image": "photos/photo_2796@17-02-2026_09-02-16.jpg",
            "rtn_id": "2812",
            "name:fa": "خدیجه عباس‌زاده",
            "sources": "https://t.me/RememberTheirNames/2963"
          },
          {
            "date": "1767889800",
            "image": "photos/photo_2797@17-02-2026_09-05-59.jpg",
            "rtn_id": "2813",
            "name:fa": "میثم نادری سنبل‌آبادی",
            "sources": "https://t.me/RememberTheirNames/2964"
          },
          {
            "date": "1767889800",
            "image": "photos/photo_2805@17-02-2026_15-24-13.jpg",
            "rtn_id": "2821",
            "name:fa": "رضا محمدپور خلیلی",
            "sources": "https://t.me/RememberTheirNames/2973"
          },
          {
            "date": "1767889800",
            "image": "photos/photo_2811@18-02-2026_02-38-02.jpg",
            "rtn_id": "2823",
            "name:fa": "عباس پروینی",
            "sources": "https://t.me/RememberTheirNames/2988"
          },
          {
            "date": "1767889800",
            "image": "photos/photo_2830@18-02-2026_09-39-15.jpg",
            "rtn_id": "2842",
            "name:fa": "سجاد (مهدی) صفری‌نژاد",
            "sources": "https://t.me/RememberTheirNames/3009"
          },
          {
            "date": "1767889800",
            "image": "photos/photo_2839@18-02-2026_15-16-58.jpg",
            "rtn_id": "2851",
            "name:fa": "جهانگیر جمشیدی میعاد",
            "sources": "https://t.me/RememberTheirNames/3019"
          },
          {
            "date": "1767889845-1768161645",
            "image": "photos/photo_2856@19-02-2026_09-57-37.jpg",
            "rtn_id": "2868",
            "name:fa": "حمیدرضا زنگنه",
            "sources": "https://t.me/RememberTheirNames/3037"
          },
          {
            "date": "1767976200",
            "image": "photos/photo_2879@20-02-2026_05-24-27.jpg",
            "rtn_id": "2891",
            "name:fa": "نیما حکیمی خسادان",
            "sources": "https://t.me/RememberTheirNames/3060"
          },
          {
            "date": "1767889800",
            "image": "photos/photo_2883@20-02-2026_07-21-35.jpg",
            "rtn_id": "2895",
            "name:fa": "علی علیخانی",
            "sources": "https://t.me/RememberTheirNames/3064"
          },
          {
            "date": "1767976200",
            "image": "photos/photo_2895@21-02-2026_01-53-52.jpg",
            "rtn_id": "2907",
            "name:fa": "اکبر حسن‌پور",
            "sources": "https://t.me/RememberTheirNames/3076"
          },
          {
            "date": "1767976200",
            "image": "photos/photo_2897@21-02-2026_02-09-42.jpg",
            "rtn_id": "2909",
            "name:fa": "سجاد معصومی",
            "sources": "https://t.me/RememberTheirNames/3078"
          },
          {
            "date": "1767889800",
            "image": "photos/photo_2912@21-02-2026_08-44-56.jpg",
            "rtn_id": "2924",
            "name:fa": "سعید هاشم‌ورزی",
            "sources": "https://t.me/RememberTheirNames/3095"
          },
          {
            "date": "1767889800",
            "image": "photos/photo_2838@18-02-2026_15-03-21.jpg",
            "rtn_id": "2850",
            "name:fa": "مهدی محمدی دوتپه‌ سفلی",
            "sources": "https://t.me/RememberTheirNames/3018"
          },
          {
            "date": "1767976200",
            "image": "photos/photo_2910@21-02-2026_06-26-27.jpg",
            "rtn_id": "2922",
            "name:fa": "فرهاد هنرمند",
            "sources": "https://t.me/RememberTheirNames/3093"
          },
          {
            "date": "1767889845-1768161645",
            "image": "photos/photo_2971@24-02-2026_07-16-45.jpg",
            "rtn_id": "2983",
            "name:fa": "اکبر بروجردی",
            "sources": "https://t.me/RememberTheirNames/3158"
          },
          {
            "date": "1767976200",
            "image": "photos/photo_3014@26-02-2026_13-27-13.jpg",
            "rtn_id": "3026",
            "name:fa": "محمدامین بزرگی",
            "sources": "https://t.me/RememberTheirNames/3205"
          },
          {
            "date": "1767889800",
            "image": "photos/photo_3017@27-02-2026_03-02-40.jpg",
            "rtn_id": "3029",
            "name:fa": "محمد درویشی",
            "sources": "https://t.me/RememberTheirNames/3209"
          },
          {
            "date": "1767889800",
            "image": "photos/photo_3056@11-03-2026_07-18-21.jpg",
            "rtn_id": "3069",
            "name:fa": "هادی حسینی",
            "sources": "https://t.me/RememberTheirNames/3272"
          },
          {
            "date": "1767976200",
            "image": "photos/photo_3066@27-03-2026_08-37-04.jpg",
            "rtn_id": "3079",
            "name:fa": "بهرام بزازشبستری",
            "sources": "https://t.me/RememberTheirNames/3285"
          },
          {
            "date": "1767889800",
            "image": "photos/photo_2985@24-02-2026_15-49-29.jpg",
            "rtn_id": "2997",
            "name:fa": "بهزاد وحیدی",
            "sources": "https://t.me/RememberTheirNames/3172"
          },
          {
            "date": "1767889800",
            "image": "photos/photo_3046@09-03-2026_05-36-44.jpg",
            "rtn_id": "3058",
            "name:fa": "سامان شفتی",
            "sources": "https://t.me/RememberTheirNames/3259"
          }
        ],
        "province": "استان البرز",
        "publicId": "MTY6MTAyODM",
        "sourceId": "10283",
        "layerId": 16,
        "type": "location",
        "status": "active",
        "urgency": null,
        "verificationTag": null,
        "expirationDate": null,
        "createdAt": "2026-03-11T20:43:09.953Z",
        "updatedAt": "2026-04-03T22:10:54.741Z"
      }
    },
    {
      "type": "Feature",
      "id": 424,
      "geometry": {
        "type": "Point",
        "coordinates": [
          47.0053,
          35.3144
        ]
      },
      "properties": {
        "id": "MTY6MTAyODQ",
        "city": "کردستان",
        "count": 1,
        "people": [
          {
            "date": "1767889845-1768161645",
            "image": "photos/photo_547@22-01-2026_00-09-15.jpg",
            "rtn_id": "552",
            "name:fa": "ابوالفضل دهقانی",
            "sources": "https://t.me/RememberTheirNames/594"
          }
        ],
        "province": "استان کردستان",
        "publicId": "MTY6MTAyODQ",
        "sourceId": "10284",
        "layerId": 16,
        "type": "location",
        "status": "active",
        "urgency": null,
        "verificationTag": null,
        "expirationDate": null,
        "createdAt": "2026-03-11T20:43:09.954Z",
        "updatedAt": "2026-04-03T22:10:54.743Z"
      }
    },
    {
      "type": "Feature",
      "id": 425,
      "geometry": {
        "type": "Point",
        "coordinates": [
          57.1421,
          30.2523
        ]
      },
      "properties": {
        "id": "MTY6MTAyODU",
        "city": "کرمان",
        "count": 24,
        "people": [
          {
            "date": "1767889800",
            "image": "photos/photo_155@19-01-2026_01-51-00.jpg",
            "rtn_id": "156",
            "name:fa": "مهدی ایرانپور",
            "sources": "https://t.me/RememberTheirNames/189"
          },
          {
            "date": "1767889800",
            "image": "photos/photo_463@21-01-2026_15-26-08.jpg",
            "rtn_id": "468",
            "name:fa": "دانیال دیانی",
            "sources": "https://t.me/RememberTheirNames/504"
          },
          {
            "date": "1767889800",
            "image": "photos/photo_590@22-01-2026_14-25-34.jpg",
            "rtn_id": "596",
            "name:fa": "امین رضایی",
            "sources": "https://t.me/RememberTheirNames/639"
          },
          {
            "date": "1767889800",
            "image": "photos/photo_1250@26-01-2026_16-13-27.jpg",
            "rtn_id": "1262",
            "name:fa": "وحید خسروی",
            "sources": "https://t.me/RememberTheirNames/1329"
          },
          {
            "date": "1767889800",
            "image": "photos/photo_1375@27-01-2026_14-58-33.jpg",
            "rtn_id": "1387",
            "name:fa": "مرضیه کمالی",
            "sources": "https://t.me/RememberTheirNames/1457"
          },
          {
            "date": "1767976200",
            "image": "photos/photo_1426@27-01-2026_20-36-35.jpg",
            "rtn_id": "1437",
            "name:fa": "مسلم ضیغمی‌نژاد",
            "sources": "https://t.me/RememberTheirNames/1515"
          },
          {
            "date": "1767889800",
            "image": "photos/photo_1711@30-01-2026_19-13-06.jpg",
            "rtn_id": "1722",
            "name:fa": "مهدی خسروی",
            "sources": "https://t.me/RememberTheirNames/1816"
          },
          {
            "date": "1768062600",
            "image": "photos/photo_1784@31-01-2026_15-40-51.jpg",
            "rtn_id": "1795",
            "name:fa": "علی مرادی مقدم",
            "sources": "https://t.me/RememberTheirNames/1894"
          },
          {
            "date": "1767889800",
            "image": "photos/photo_2003@03-02-2026_06-05-47.jpg",
            "rtn_id": "2017",
            "name:fa": "علی‌اصغر حسینی ۱۸ ساله",
            "sources": "https://t.me/RememberTheirNames/2127"
          },
          {
            "date": "1767889800",
            "image": "photos/photo_2236@05-02-2026_16-56-35.jpg",
            "rtn_id": "2250",
            "name:fa": "علیرضا جلیل‌بیگی",
            "sources": "https://t.me/RememberTheirNames/2369"
          },
          {
            "date": "1767889800",
            "image": "photos/photo_2253@06-02-2026_03-05-06.jpg",
            "rtn_id": "2267",
            "name:fa": "روح‌الله احمدی کوهبنانی (پدر)",
            "sources": "https://t.me/RememberTheirNames/2387"
          },
          {
            "date": "1767803400",
            "image": "photos/photo_2348@07-02-2026_08-44-04.jpg",
            "rtn_id": "2363",
            "name:fa": "ابوذر سالاری",
            "sources": "https://t.me/RememberTheirNames/2486"
          },
          {
            "date": "1767889800",
            "image": "photos/photo_2399@08-02-2026_07-03-47.jpg",
            "rtn_id": "2414",
            "name:fa": "محمدمهدی مظفرزاده",
            "sources": "https://t.me/RememberTheirNames/2540"
          },
          {
            "date": "1767889800",
            "image": "photos/photo_2402@08-02-2026_07-14-04.jpg",
            "rtn_id": "2417",
            "name:fa": "علی رمضانی",
            "sources": "https://t.me/RememberTheirNames/2543"
          },
          {
            "date": "1767889800",
            "image": "photos/photo_2437@08-02-2026_10-40-11.jpg",
            "rtn_id": "2452",
            "name:fa": "محمد موحدی",
            "sources": "https://t.me/RememberTheirNames/2580"
          },
          {
            "date": "1767976200",
            "image": "photos/photo_2465@08-02-2026_17-23-41.jpg",
            "rtn_id": "2480",
            "name:fa": "صالح رشیدمحمد ۱۷ساله",
            "sources": "https://t.me/RememberTheirNames/2610"
          },
          {
            "date": "1767889800",
            "image": "photos/photo_2485@09-02-2026_06-24-31.jpg",
            "rtn_id": "2500",
            "name:fa": "علیرضا پورنخعی",
            "sources": "https://t.me/RememberTheirNames/2630"
          },
          {
            "date": "1767889845-1768161645",
            "image": "photos/photo_2497@09-02-2026_07-25-48.jpg",
            "rtn_id": "2512",
            "name:fa": "محمدحسین پورنخعی خیرآبادی",
            "sources": "https://t.me/RememberTheirNames/2643"
          },
          {
            "date": "1767889800",
            "image": "photos/photo_2857@19-02-2026_10-55-10.jpg",
            "rtn_id": "2869",
            "name:fa": "میلاد معظمی گودرزی",
            "sources": "https://t.me/RememberTheirNames/3038"
          },
          {
            "date": "1767889845-1768161645",
            "image": "photos/photo_2157@05-02-2026_05-36-33.jpg",
            "rtn_id": "2171",
            "name:fa": "مهرپویا عبداللهی پیدنی بختیاری",
            "sources": "https://t.me/RememberTheirNames/2289"
          },
          {
            "date": "1767889800",
            "image": "photos/photo_2974@24-02-2026_09-29-01.jpg",
            "rtn_id": "2986",
            "name:fa": "علی آزادفر",
            "sources": "https://t.me/RememberTheirNames/3161"
          },
          {
            "date": "1767889800",
            "image": "photos/photo_2975@24-02-2026_09-34-45.jpg",
            "rtn_id": "2987",
            "name:fa": "احسان جعفری",
            "sources": "https://t.me/RememberTheirNames/3162"
          },
          {
            "date": "1767889845-1768161645",
            "image": "photos/photo_2993@25-02-2026_04-02-41.jpg",
            "rtn_id": "3005",
            "name:fa": "محمدمهدی حسنی‌زاده دهنوی",
            "sources": "https://t.me/RememberTheirNames/3180"
          },
          {
            "date": "1767889800",
            "image": "photos/photo_3016@27-02-2026_03-01-52.jpg",
            "rtn_id": "3028",
            "name:fa": "محمدرضا افضلی",
            "sources": "https://t.me/RememberTheirNames/3208"
          }
        ],
        "province": "استان کرمان",
        "publicId": "MTY6MTAyODU",
        "sourceId": "10285",
        "layerId": 16,
        "type": "location",
        "status": "active",
        "urgency": null,
        "verificationTag": null,
        "expirationDate": null,
        "createdAt": "2026-03-11T20:43:09.955Z",
        "updatedAt": "2026-04-03T22:10:54.744Z"
      }
    },
    {
      "type": "Feature",
      "id": 426,
      "geometry": {
        "type": "Point",
        "coordinates": [
          47.1123,
          34.3051
        ]
      },
      "properties": {
        "id": "MTY6MTAyODY",
        "city": "کرمانشاه",
        "count": 72,
        "people": [
          {
            "date": "1767457800",
            "image": "photos/photo_21@18-01-2026_20-17-53.jpg",
            "rtn_id": "21",
            "name:fa": "رضا کدیوریان",
            "sources": "https://t.me/RememberTheirNames/50"
          },
          {
            "date": "1767457800",
            "image": "photos/photo_22@18-01-2026_20-17-57.jpg",
            "rtn_id": "22",
            "name:fa": "رسول کدیوریان",
            "sources": "https://t.me/RememberTheirNames/51"
          },
          {
            "date": "1767457800",
            "image": "photos/photo_23@18-01-2026_20-18-39.jpg",
            "rtn_id": "23",
            "name:fa": "رضا قنبری",
            "sources": "https://t.me/RememberTheirNames/52"
          },
          {
            "date": "1767889800",
            "image": "photos/photo_57@18-01-2026_22-45-06.jpg",
            "rtn_id": "57",
            "name:fa": "ابراهیم یوسفی",
            "sources": "https://t.me/RememberTheirNames/88"
          },
          {
            "date": "1767889800",
            "image": "photos/photo_63@18-01-2026_22-53-57.jpg",
            "rtn_id": "63",
            "name:fa": "عرفان جامه‌شورانی",
            "sources": "https://t.me/RememberTheirNames/94"
          },
          {
            "date": "1767889800",
            "image": "photos/photo_64@18-01-2026_22-55-00.jpg",
            "rtn_id": "64",
            "name:fa": "سجاد فیضی",
            "sources": "https://t.me/RememberTheirNames/95"
          },
          {
            "date": "1767889800",
            "image": "photos/photo_65@18-01-2026_22-55-45.jpg",
            "rtn_id": "65",
            "name:fa": "محمد جعفری",
            "sources": "https://t.me/RememberTheirNames/96"
          },
          {
            "date": "1767889800",
            "image": "photos/photo_68@18-01-2026_23-00-02.jpg",
            "rtn_id": "68",
            "name:fa": "هلاکو ایوانی",
            "sources": "https://t.me/RememberTheirNames/99"
          },
          {
            "date": "1767889800",
            "image": "photos/photo_71@18-01-2026_23-04-20.jpg",
            "rtn_id": "71",
            "name:fa": "بیات سبحانی",
            "sources": "https://t.me/RememberTheirNames/102"
          },
          {
            "date": "1767889800",
            "image": "photos/photo_72@18-01-2026_23-05-39.jpg",
            "rtn_id": "72",
            "name:fa": "نوید صالحی",
            "sources": "https://t.me/RememberTheirNames/103"
          },
          {
            "date": "1767889800",
            "image": "photos/photo_76@18-01-2026_23-10-59.jpg",
            "rtn_id": "76",
            "name:fa": "امیرعلی حیدری",
            "sources": "https://t.me/RememberTheirNames/107"
          },
          {
            "date": "1767889800",
            "image": "photos/photo_93@18-01-2026_23-48-07.jpg",
            "rtn_id": "94",
            "name:fa": "کامران اکبری",
            "sources": "https://t.me/RememberTheirNames/125"
          },
          {
            "date": "1767889800",
            "image": "photos/photo_135@19-01-2026_01-03-15.jpg",
            "rtn_id": "136",
            "name:fa": "امیرمحمد ارباب‌پوری ۱۵ ساله",
            "sources": "https://t.me/RememberTheirNames/168"
          },
          {
            "date": "1767889800",
            "image": "photos/photo_141@19-01-2026_01-15-15.jpg",
            "rtn_id": "142",
            "name:fa": "ملینا اسدی ۳ ساله",
            "sources": "https://t.me/RememberTheirNames/175"
          },
          {
            "date": "1767889800",
            "image": "photos/photo_154@19-01-2026_01-35-59.jpg",
            "rtn_id": "155",
            "name:fa": "سامان فتاحی",
            "sources": "https://t.me/RememberTheirNames/188"
          },
          {
            "date": "1767889800",
            "image": "photos/photo_188@19-01-2026_14-44-03.jpg",
            "rtn_id": "189",
            "name:fa": "محمدرضا (تیام) کیانی‌منش",
            "sources": "https://t.me/RememberTheirNames/222"
          },
          {
            "date": "1767976200",
            "image": "photos/photo_319@20-01-2026_10-43-07.jpg",
            "rtn_id": "324",
            "name:fa": "میثم نظری",
            "sources": "https://t.me/RememberTheirNames/358"
          },
          {
            "date": "1767889800",
            "image": "photos/photo_363@20-01-2026_16-08-51.jpg",
            "rtn_id": "368",
            "name:fa": "محمدمهدی بدری",
            "sources": "https://t.me/RememberTheirNames/403"
          },
          {
            "date": "1767889800",
            "image": "photos/photo_389@20-01-2026_20-07-04.jpg",
            "rtn_id": "394",
            "name:fa": "الهام زینلی",
            "sources": "https://t.me/RememberTheirNames/429"
          },
          {
            "date": "1767976200",
            "image": "photos/photo_390@20-01-2026_20-09-11.jpg",
            "rtn_id": "395",
            "name:fa": "حسن فلاحی سرائیلانی",
            "sources": "https://t.me/RememberTheirNames/430"
          },
          {
            "date": "1767889800",
            "image": "photos/photo_482@21-01-2026_17-11-19.jpg",
            "rtn_id": "487",
            "name:fa": "میثم کُرانیان",
            "sources": "https://t.me/RememberTheirNames/525"
          },
          {
            "date": "1767976200",
            "image": "photos/photo_485@21-01-2026_17-32-59.jpg",
            "rtn_id": "490",
            "name:fa": "امید شجاعیان",
            "sources": "https://t.me/RememberTheirNames/528"
          },
          {
            "date": "1767889800",
            "image": "photos/photo_486@21-01-2026_17-34-39.jpg",
            "rtn_id": "491",
            "name:fa": "محمدامین سلامی",
            "sources": "https://t.me/RememberTheirNames/529"
          },
          {
            "date": "1767889800",
            "image": "photos/photo_496@21-01-2026_19-09-32.jpg",
            "rtn_id": "501",
            "name:fa": "آرمان موسوی",
            "sources": "https://t.me/RememberTheirNames/539"
          },
          {
            "date": "1767889800",
            "image": "photos/photo_525@21-01-2026_21-54-40.jpg",
            "rtn_id": "530",
            "name:fa": "فرزاد خیردار",
            "sources": "https://t.me/RememberTheirNames/571"
          },
          {
            "date": "1767889800",
            "image": "photos/photo_526@21-01-2026_21-58-04.jpg",
            "rtn_id": "531",
            "name:fa": "مهنا دوکوشکانی",
            "sources": "https://t.me/RememberTheirNames/572"
          },
          {
            "date": "1767889800",
            "image": "photos/photo_756@23-01-2026_13-09-46.jpg",
            "rtn_id": "762",
            "name:fa": "فرهاد چراغی‌زاده",
            "sources": "https://t.me/RememberTheirNames/812"
          },
          {
            "date": "1767889800",
            "image": "photos/photo_759@23-01-2026_13-15-29.jpg",
            "rtn_id": "765",
            "name:fa": "پدرام ارغا",
            "sources": "https://t.me/RememberTheirNames/815"
          },
          {
            "date": "1767889800",
            "image": "photos/photo_761@23-01-2026_13-18-24.jpg",
            "rtn_id": "767",
            "name:fa": "حمیدرضا یوسفی",
            "sources": "https://t.me/RememberTheirNames/817"
          },
          {
            "date": "1767889800",
            "image": "photos/photo_782@23-01-2026_14-40-45.jpg",
            "rtn_id": "788",
            "name:fa": "زهیر امیرخانی",
            "sources": "https://t.me/RememberTheirNames/840"
          },
          {
            "date": "1767889845-1768161645",
            "image": "photos/photo_784@23-01-2026_14-49-49.jpg",
            "rtn_id": "790",
            "name:fa": "عرفان عزتی ۱۵ ساله",
            "sources": "https://t.me/RememberTheirNames/842"
          },
          {
            "date": "1767889800",
            "image": "photos/photo_816@23-01-2026_18-02-56.jpg",
            "rtn_id": "823",
            "name:fa": "محمدمهدی باقری ۱۶ ساله",
            "sources": "https://t.me/RememberTheirNames/874"
          },
          {
            "date": "1767889845-1768161645",
            "image": "photos/photo_840@23-01-2026_19-40-28.jpg",
            "rtn_id": "847",
            "name:fa": "نازنین‌زهرا صالحی ۱۳ ساله",
            "sources": "https://t.me/RememberTheirNames/899"
          },
          {
            "date": "1767976200",
            "image": "photos/photo_899@24-01-2026_00-13-42.jpg",
            "rtn_id": "907",
            "name:fa": "مجید رشیدی",
            "sources": "https://t.me/RememberTheirNames/960"
          },
          {
            "date": "1767889800",
            "image": "photos/photo_909@24-01-2026_00-56-40.jpg",
            "rtn_id": "918",
            "name:fa": "امیرحسین صفری گلدسته",
            "sources": "https://t.me/RememberTheirNames/970"
          },
          {
            "date": "1767889800",
            "image": "photos/photo_1001@24-01-2026_18-13-10.jpg",
            "rtn_id": "1010",
            "name:fa": "فرهاد بالش‌زر",
            "sources": "https://t.me/RememberTheirNames/1067"
          },
          {
            "date": "1767889800",
            "image": "photos/photo_1068@25-01-2026_00-42-59.jpg",
            "rtn_id": "1078",
            "name:fa": "امیرعلی دوکانه‌ای (عباسی‌فر)",
            "sources": "https://t.me/RememberTheirNames/1138"
          },
          {
            "date": "1767889800",
            "image": "photos/photo_1124@25-01-2026_15-12-12.jpg",
            "rtn_id": "1134",
            "name:fa": "بهروز نریمانی‌مهر",
            "sources": "https://t.me/RememberTheirNames/1198"
          },
          {
            "date": "1767889800",
            "image": "photos/photo_1126@25-01-2026_15-18-16.jpg",
            "rtn_id": "1136",
            "name:fa": "آزاد الهی بلوردی",
            "sources": "https://t.me/RememberTheirNames/1200"
          },
          {
            "date": "1767889800",
            "image": "photos/photo_1128@25-01-2026_15-20-29.jpg",
            "rtn_id": "1138",
            "name:fa": "پژمان فخری",
            "sources": "https://t.me/RememberTheirNames/1202"
          },
          {
            "date": "1767889800",
            "image": "photos/photo_1133@25-01-2026_15-26-53.jpg",
            "rtn_id": "1143",
            "name:fa": "میلاد محبی",
            "sources": "https://t.me/RememberTheirNames/1207"
          },
          {
            "date": "1767889800",
            "image": "photos/photo_1141@25-01-2026_15-40-33.jpg",
            "rtn_id": "1151",
            "name:fa": "ماهان رستمی",
            "sources": "https://t.me/RememberTheirNames/1215"
          },
          {
            "date": "1767976200",
            "image": "photos/photo_1227@26-01-2026_12-06-26.jpg",
            "rtn_id": "1238",
            "name:fa": "میلاد خدمتی",
            "sources": "https://t.me/RememberTheirNames/1305"
          },
          {
            "date": "1767889800",
            "image": "photos/photo_1247@26-01-2026_15-23-53.jpg",
            "rtn_id": "1259",
            "name:fa": "شهلا کاکایی",
            "sources": "https://t.me/RememberTheirNames/1326"
          },
          {
            "date": "1767889800",
            "image": "photos/photo_1300@26-01-2026_21-30-38.jpg",
            "rtn_id": "1312",
            "name:fa": "سهیل خزایی",
            "sources": "https://t.me/RememberTheirNames/1380"
          },
          {
            "date": "1767889800",
            "image": "photos/photo_1309@26-01-2026_22-27-18.jpg",
            "rtn_id": "1321",
            "name:fa": "ابوالفضل قلعه‌گری ۱۶ ساله",
            "sources": "https://t.me/RememberTheirNames/1390"
          },
          {
            "date": "1767889800",
            "image": "photos/photo_1316@26-01-2026_22-56-47.jpg",
            "rtn_id": "1328",
            "name:fa": "فرهاد نظری گوراجویی",
            "sources": "https://t.me/RememberTheirNames/1397"
          },
          {
            "date": "1767889800",
            "image": "photos/photo_1330@27-01-2026_00-41-22.jpg",
            "rtn_id": "1342",
            "name:fa": "امیرحسین حصاری",
            "sources": "https://t.me/RememberTheirNames/1411"
          },
          {
            "date": "1767976200",
            "image": "photos/photo_1331@27-01-2026_00-42-47.jpg",
            "rtn_id": "1343",
            "name:fa": "مجتبی بیگی",
            "sources": "https://t.me/RememberTheirNames/1412"
          },
          {
            "date": "1767889800",
            "image": "photos/photo_1380@27-01-2026_15-10-44.jpg",
            "rtn_id": "1392",
            "name:fa": "سینا ملکی ۱۷ ساله",
            "sources": "https://t.me/RememberTheirNames/1463"
          },
          {
            "date": "1767889800",
            "image": "photos/photo_50@18-01-2026_22-37-05.jpg",
            "rtn_id": "50",
            "name:fa": "سامان نظری",
            "sources": "https://t.me/RememberTheirNames/81"
          },
          {
            "date": "1767889800",
            "image": "photos/photo_51@18-01-2026_22-38-13.jpg",
            "rtn_id": "51",
            "name:fa": "یاسین میرزایی قلعه‌زنجیری",
            "sources": "https://t.me/RememberTheirNames/82"
          },
          {
            "date": "1767889800",
            "image": "photos/photo_52@18-01-2026_22-39-17.jpg",
            "rtn_id": "52",
            "name:fa": "کیوان رضایی",
            "sources": "https://t.me/RememberTheirNames/83"
          },
          {
            "date": "1767889800",
            "image": "photos/photo_53@18-01-2026_22-40-48.jpg",
            "rtn_id": "53",
            "name:fa": "بهروز صفایی",
            "sources": "https://t.me/RememberTheirNames/84"
          },
          {
            "date": "1767889800",
            "image": "photos/photo_53@18-01-2026_22-40-48.jpg",
            "rtn_id": "54",
            "name:fa": "صیاد فرامرزی",
            "sources": "https://t.me/RememberTheirNames/85"
          },
          {
            "date": "1767889800",
            "image": "photos/photo_1129@25-01-2026_15-21-46.jpg",
            "rtn_id": "1139",
            "name:fa": "رضا نادری",
            "sources": "https://t.me/RememberTheirNames/1203"
          },
          {
            "date": "1767889800",
            "image": "photos/photo_1137@25-01-2026_15-31-52.jpg",
            "rtn_id": "1147",
            "name:fa": "حسن نوری",
            "sources": "https://t.me/RememberTheirNames/1211"
          },
          {
            "date": "1767803400",
            "image": "photos/photo_1333@27-01-2026_00-47-18.jpg",
            "rtn_id": "1345",
            "name:fa": "اسماعیل عباسی پاامامی",
            "sources": "https://t.me/RememberTheirNames/1414"
          },
          {
            "date": null,
            "image": "photos/photo_1436@27-01-2026_21-36-18.jpg",
            "rtn_id": "1447",
            "name:fa": "اسرا طاووسی‌نیا",
            "sources": "https://t.me/RememberTheirNames/1526"
          },
          {
            "date": "1767889800",
            "image": "photos/photo_1486@28-01-2026_01-16-57.jpg",
            "rtn_id": "1497",
            "name:fa": "میلاد فیضی نامیوندی",
            "sources": "https://t.me/RememberTheirNames/1579"
          },
          {
            "date": "1767976200",
            "image": "photos/photo_1576@28-01-2026_22-25-28.jpg",
            "rtn_id": "1587",
            "name:fa": "سعید کهراری",
            "sources": "https://t.me/RememberTheirNames/1672"
          },
          {
            "date": "1767889800",
            "image": "photos/photo_1730@30-01-2026_21-35-53.jpg",
            "rtn_id": "1741",
            "name:fa": "سیروس حربگین",
            "sources": "https://t.me/RememberTheirNames/1838"
          },
          {
            "date": "1767889800",
            "image": "photos/photo_1739@30-01-2026_22-47-24.jpg",
            "rtn_id": "1750",
            "name:fa": "عبدالرضا (مهدی) قلخانی",
            "sources": "https://t.me/RememberTheirNames/1847"
          },
          {
            "date": "1767976200",
            "image": "photos/photo_1742@30-01-2026_23-36-55.jpg",
            "rtn_id": "1753",
            "name:fa": "آرمان مرادی",
            "sources": "https://t.me/RememberTheirNames/1850"
          },
          {
            "date": "1767976200",
            "image": "photos/photo_1764@31-01-2026_12-32-48.jpg",
            "rtn_id": "1775",
            "name:fa": "دیاکو سخایی",
            "sources": "https://t.me/RememberTheirNames/1872"
          },
          {
            "date": "1767889800",
            "image": "photos/photo_2185@05-02-2026_08-52-43.jpg",
            "rtn_id": "2199",
            "name:fa": "کامران نادری",
            "sources": "https://t.me/RememberTheirNames/2317"
          },
          {
            "date": "1767889800",
            "image": "photos/photo_2281@06-02-2026_11-04-41.jpg",
            "rtn_id": "2296",
            "name:fa": "غلامحسین احدی",
            "sources": "https://t.me/RememberTheirNames/2415"
          },
          {
            "date": "1767889800",
            "image": "photos/photo_2316@06-02-2026_14-51-41.jpg",
            "rtn_id": "2331",
            "name:fa": "امیرحسین مرادی‌وفا",
            "sources": "https://t.me/RememberTheirNames/2453"
          },
          {
            "date": "1767976200",
            "image": "photos/photo_2317@06-02-2026_14-58-01.jpg",
            "rtn_id": "2332",
            "name:fa": "محسن رضایی",
            "sources": "https://t.me/RememberTheirNames/2454"
          },
          {
            "date": "1767889845-1768161645",
            "image": "photos/photo_2328@07-02-2026_03-03-19.jpg",
            "rtn_id": "2343",
            "name:fa": "حسین فضلی",
            "sources": "https://t.me/RememberTheirNames/2465"
          },
          {
            "date": "1767976200",
            "image": "photos/photo_2803@17-02-2026_13-22-55.jpg",
            "rtn_id": "2819",
            "name:fa": "مصطفی جلیلوند",
            "sources": "https://t.me/RememberTheirNames/2971"
          },
          {
            "date": "1767889800",
            "image": "photos/photo_3023@27-02-2026_07-39-16.jpg",
            "rtn_id": "3035",
            "name:fa": "حجت ناصری",
            "sources": "https://t.me/RememberTheirNames/3215"
          }
        ],
        "province": "استان کرمانشاه",
        "publicId": "MTY6MTAyODY",
        "sourceId": "10286",
        "layerId": 16,
        "type": "location",
        "status": "active",
        "urgency": null,
        "verificationTag": null,
        "expirationDate": null,
        "createdAt": "2026-03-11T20:43:09.955Z",
        "updatedAt": "2026-04-03T22:10:54.745Z"
      }
    },
    {
      "type": "Feature",
      "id": 427,
      "geometry": {
        "type": "Point",
        "coordinates": [
          46.2375,
          34.2767
        ]
      },
      "properties": {
        "id": "MTY6MTAyODc",
        "city": "کرند غرب",
        "count": 1,
        "people": [
          {
            "date": "1767889800",
            "image": "photos/photo_367@20-01-2026_16-36-46.jpg",
            "rtn_id": "372",
            "name:fa": "ملیکا شاهمرادی (دستیاب)",
            "sources": "https://t.me/RememberTheirNames/407"
          }
        ],
        "province": "استان کرمانشاه",
        "publicId": "MTY6MTAyODc",
        "sourceId": "10287",
        "layerId": 16,
        "type": "location",
        "status": "active",
        "urgency": null,
        "verificationTag": null,
        "expirationDate": null,
        "createdAt": "2026-03-11T20:43:09.956Z",
        "updatedAt": "2026-04-03T22:10:54.746Z"
      }
    },
    {
      "type": "Feature",
      "id": 428,
      "geometry": {
        "type": "Point",
        "coordinates": [
          50.3953,
          37.0778
        ]
      },
      "properties": {
        "id": "MTY6MTAyODg",
        "city": "کلاچای قاسم‌آباد",
        "count": 2,
        "people": [
          {
            "date": "1767889800",
            "image": "photos/photo_1628@29-01-2026_21-53-31.jpg",
            "rtn_id": "1639",
            "name:fa": "رامتین کشاورز",
            "sources": "https://t.me/RememberTheirNames/1725"
          },
          {
            "date": "1767889800",
            "image": "photos/photo_420@21-01-2026_11-07-00.jpg",
            "rtn_id": "425",
            "name:fa": "ابراهیم مردانپور",
            "sources": "https://t.me/RememberTheirNames/460"
          }
        ],
        "province": "استان گیلان",
        "publicId": "MTY6MTAyODg",
        "sourceId": "10288",
        "layerId": 16,
        "type": "location",
        "status": "active",
        "urgency": null,
        "verificationTag": null,
        "expirationDate": null,
        "createdAt": "2026-03-11T20:43:09.956Z",
        "updatedAt": "2026-04-03T22:10:54.747Z"
      }
    },
    {
      "type": "Feature",
      "id": 429,
      "geometry": {
        "type": "Point",
        "coordinates": [
          47.9485175,
          34.4980675
        ]
      },
      "properties": {
        "id": "MTY6MTAyODk",
        "city": "کنگاور",
        "count": 2,
        "people": [
          {
            "date": "1767976200",
            "image": "photos/photo_892@23-01-2026_23-52-58.jpg",
            "rtn_id": "900",
            "name:fa": "آرین قاسمی‌فر ۱۷ ساله",
            "sources": "https://t.me/RememberTheirNames/952"
          },
          {
            "date": "1767889800",
            "image": "photos/photo_990@24-01-2026_17-18-18.jpg",
            "rtn_id": "999",
            "name:fa": "علی گردکانه",
            "sources": "https://t.me/RememberTheirNames/1054"
          }
        ],
        "province": "استان کرمانشاه",
        "publicId": "MTY6MTAyODk",
        "sourceId": "10289",
        "layerId": 16,
        "type": "location",
        "status": "active",
        "urgency": null,
        "verificationTag": null,
        "expirationDate": null,
        "createdAt": "2026-03-11T20:43:09.957Z",
        "updatedAt": "2026-04-03T22:10:54.748Z"
      }
    },
    {
      "type": "Feature",
      "id": 430,
      "geometry": {
        "type": "Point",
        "coordinates": [
          49.7761,
          37.2783
        ]
      },
      "properties": {
        "id": "MTY6MTAyOTA",
        "city": "کوچصفهان",
        "count": 3,
        "people": [
          {
            "date": "1767889800",
            "image": "photos/photo_1008@24-01-2026_18-26-10.jpg",
            "rtn_id": "1017",
            "name:fa": "امیر خداپرست",
            "sources": "https://t.me/RememberTheirNames/1074"
          },
          {
            "date": "1767889800",
            "image": "photos/photo_1528@28-01-2026_16-18-11.jpg",
            "rtn_id": "1539",
            "name:fa": "سید حسین (آرین) حسینی",
            "sources": "https://t.me/RememberTheirNames/1623"
          },
          {
            "date": "1767889800",
            "image": "photos/photo_1699@30-01-2026_17-28-05.jpg",
            "rtn_id": "1710",
            "name:fa": "پیمان لفوطی",
            "sources": "https://t.me/RememberTheirNames/1801"
          }
        ],
        "province": "استان گیلان",
        "publicId": "MTY6MTAyOTA",
        "sourceId": "10290",
        "layerId": 16,
        "type": "location",
        "status": "active",
        "urgency": null,
        "verificationTag": null,
        "expirationDate": null,
        "createdAt": "2026-03-11T20:43:09.957Z",
        "updatedAt": "2026-04-03T22:10:54.749Z"
      }
    },
    {
      "type": "Feature",
      "id": 431,
      "geometry": {
        "type": "Point",
        "coordinates": [
          47.583314,
          33.5240434
        ]
      },
      "properties": {
        "id": "MTY6MTAyOTE",
        "city": "کوهدشت",
        "count": 1,
        "people": [
          {
            "date": "1767198600",
            "image": "photos/photo_2@18-01-2026_18-43-28.jpg",
            "rtn_id": "2",
            "name:fa": "امیرحسام خدایاری",
            "sources": "https://t.me/RememberTheirNames/3"
          }
        ],
        "province": "استان لرستان",
        "publicId": "MTY6MTAyOTE",
        "sourceId": "10291",
        "layerId": 16,
        "type": "location",
        "status": "active",
        "urgency": null,
        "verificationTag": null,
        "expirationDate": null,
        "createdAt": "2026-03-11T20:43:09.958Z",
        "updatedAt": "2026-04-03T22:10:54.750Z"
      }
    },
    {
      "type": "Feature",
      "id": 432,
      "geometry": {
        "type": "Point",
        "coordinates": [
          49.9495,
          37.422
        ]
      },
      "properties": {
        "id": "MTY6MTAyOTI",
        "city": "کیاشهر",
        "count": 1,
        "people": [
          {
            "date": "1767889800",
            "image": "photos/photo_528@21-01-2026_22-18-51.jpg",
            "rtn_id": "533",
            "name:fa": "میثاق علیدوست",
            "sources": "https://t.me/RememberTheirNames/574"
          }
        ],
        "province": "استان گیلان",
        "publicId": "MTY6MTAyOTI",
        "sourceId": "10292",
        "layerId": 16,
        "type": "location",
        "status": "active",
        "urgency": null,
        "verificationTag": null,
        "expirationDate": null,
        "createdAt": "2026-03-11T20:43:09.958Z",
        "updatedAt": "2026-04-03T22:10:54.751Z"
      }
    },
    {
      "type": "Feature",
      "id": 433,
      "geometry": {
        "type": "Point",
        "coordinates": [
          53.9804,
          26.542
        ]
      },
      "properties": {
        "id": "MTY6MTAyOTM",
        "city": "کیش",
        "count": 5,
        "people": [
          {
            "date": "1767889800",
            "image": "photos/photo_429@21-01-2026_11-38-48.jpg",
            "rtn_id": "434",
            "name:fa": "آرینا مرادی",
            "sources": "https://t.me/RememberTheirNames/469"
          },
          {
            "date": "1767976200",
            "image": "photos/photo_842@23-01-2026_19-50-40.jpg",
            "rtn_id": "849",
            "name:fa": "سوگند امانی",
            "sources": "https://t.me/RememberTheirNames/901"
          },
          {
            "date": "1767889800",
            "image": "photos/photo_1503@28-01-2026_13-22-39.jpg",
            "rtn_id": "1514",
            "name:fa": "سپهر اسماعیلی",
            "sources": "https://t.me/RememberTheirNames/1598"
          },
          {
            "date": "1767889800",
            "image": "photos/photo_1564@28-01-2026_20-47-35.jpg",
            "rtn_id": "1575",
            "name:fa": "محمدرضا احمدپرست",
            "sources": "https://t.me/RememberTheirNames/1660"
          },
          {
            "date": "1767889800",
            "image": "photos/photo_2474@09-02-2026_03-15-39.jpg",
            "rtn_id": "2489",
            "name:fa": "رضا فرهادی",
            "sources": "https://t.me/RememberTheirNames/2619"
          }
        ],
        "province": "استان هرمزگان",
        "publicId": "MTY6MTAyOTM",
        "sourceId": "10293",
        "layerId": 16,
        "type": "location",
        "status": "active",
        "urgency": null,
        "verificationTag": null,
        "expirationDate": null,
        "createdAt": "2026-03-11T20:43:09.958Z",
        "updatedAt": "2026-04-03T22:10:54.752Z"
      }
    },
    {
      "type": "Feature",
      "id": 434,
      "geometry": {
        "type": "Point",
        "coordinates": [
          48.8176,
          32.2514
        ]
      },
      "properties": {
        "id": "MTY6MTAyOTQ",
        "city": "گتوند",
        "count": 1,
        "people": [
          {
            "date": "1767889845-1768161645",
            "image": "photos/photo_1096@25-01-2026_11-16-01.jpg",
            "rtn_id": "1106",
            "name:fa": "مهدی کریمی",
            "sources": "https://t.me/RememberTheirNames/1168"
          }
        ],
        "province": "استان خوزستان",
        "publicId": "MTY6MTAyOTQ",
        "sourceId": "10294",
        "layerId": 16,
        "type": "location",
        "status": "active",
        "urgency": null,
        "verificationTag": null,
        "expirationDate": null,
        "createdAt": "2026-03-11T20:43:09.959Z",
        "updatedAt": "2026-04-03T22:10:54.754Z"
      }
    },
    {
      "type": "Feature",
      "id": 435,
      "geometry": {
        "type": "Point",
        "coordinates": [
          54.4323,
          36.8481
        ]
      },
      "properties": {
        "id": "MTY6MTAyOTU",
        "city": "گرگان",
        "count": 34,
        "people": [
          {
            "date": "1767889800",
            "image": "photos/photo_129@19-01-2026_00-52-15.jpg",
            "rtn_id": "130",
            "name:fa": "مبینا بهشتی",
            "sources": "https://t.me/RememberTheirNames/162"
          },
          {
            "date": "1767889800",
            "image": "photos/photo_138@19-01-2026_01-09-29.jpg",
            "rtn_id": "139",
            "name:fa": "سینا حق‌شناس",
            "sources": "https://t.me/RememberTheirNames/172"
          },
          {
            "date": "1767889800",
            "image": "photos/photo_182@19-01-2026_13-45-34.jpg",
            "rtn_id": "183",
            "name:fa": "مازیار نوروزی",
            "sources": "https://t.me/RememberTheirNames/216"
          },
          {
            "date": "1767976200",
            "image": "photos/photo_280@19-01-2026_23-38-32.jpg",
            "rtn_id": "285",
            "name:fa": "آرنیکا دباغ ۱۵ ساله",
            "sources": "https://t.me/RememberTheirNames/318"
          },
          {
            "date": "1767976200",
            "image": "photos/photo_303@20-01-2026_09-38-28.jpg",
            "rtn_id": "308",
            "name:fa": "میثم خزینی",
            "sources": "https://t.me/RememberTheirNames/341"
          },
          {
            "date": "1767889800",
            "image": "photos/photo_349@20-01-2026_13-44-06.jpg",
            "rtn_id": "354",
            "name:fa": "محسن مقصودلو کمالی",
            "sources": "https://t.me/RememberTheirNames/388"
          },
          {
            "date": "1767976200",
            "image": "photos/photo_476@21-01-2026_16-32-38.jpg",
            "rtn_id": "481",
            "name:fa": "کیاوش میرقاسمی ۱۸ ساله",
            "sources": "https://t.me/RememberTheirNames/519"
          },
          {
            "date": "1767976200",
            "image": "photos/photo_508@21-01-2026_20-43-46.jpg",
            "rtn_id": "513",
            "name:fa": "رضا اسدی",
            "sources": "https://t.me/RememberTheirNames/551"
          },
          {
            "date": "1767976200",
            "image": "photos/photo_535@21-01-2026_22-35-50.jpg",
            "rtn_id": "540",
            "name:fa": "فاطمه (رها) تاجیان",
            "sources": "https://t.me/RememberTheirNames/581"
          },
          {
            "date": "1767889800",
            "image": "photos/photo_733@23-01-2026_11-13-51.jpg",
            "rtn_id": "739",
            "name:fa": "آرش ملکشاهی",
            "sources": "https://t.me/RememberTheirNames/789"
          },
          {
            "date": "1767889800",
            "image": "photos/photo_777@23-01-2026_14-29-57.jpg",
            "rtn_id": "783",
            "name:fa": "نهایت رحیمی دشتی",
            "sources": "https://t.me/RememberTheirNames/835"
          },
          {
            "date": "1767889800",
            "image": "photos/photo_795@23-01-2026_15-29-34.jpg",
            "rtn_id": "801",
            "name:fa": "ابوالفضل (مسیح) میرائیز",
            "sources": "https://t.me/RememberTheirNames/853"
          },
          {
            "date": "1767889800",
            "image": "photos/photo_797@23-01-2026_16-45-04.jpg",
            "rtn_id": "803",
            "name:fa": "رامتین پایدار",
            "sources": "https://t.me/RememberTheirNames/855"
          },
          {
            "date": "1767976200",
            "image": "photos/photo_943@24-01-2026_14-01-03.jpg",
            "rtn_id": "952",
            "name:fa": "یلدا جعفری",
            "sources": "https://t.me/RememberTheirNames/1005"
          },
          {
            "date": "1767889800",
            "image": "photos/photo_1049@24-01-2026_22-53-04.jpg",
            "rtn_id": "1059",
            "name:fa": "امیرحسین خاندوزی",
            "sources": "https://t.me/RememberTheirNames/1118"
          },
          {
            "date": "1767889845-1768161645",
            "image": "photos/photo_1098@25-01-2026_11-24-50.jpg",
            "rtn_id": "1108",
            "name:fa": "علی قزلقی",
            "sources": "https://t.me/RememberTheirNames/1171"
          },
          {
            "date": "1767889800",
            "image": "photos/photo_1193@26-01-2026_00-11-35.jpg",
            "rtn_id": "1204",
            "name:fa": "هادی فغانی",
            "sources": "https://t.me/RememberTheirNames/1271"
          },
          {
            "date": "1767889800",
            "image": "photos/photo_1196@26-01-2026_00-22-41.jpg",
            "rtn_id": "1207",
            "name:fa": "مجتبی کری",
            "sources": "https://t.me/RememberTheirNames/1274"
          },
          {
            "date": "1767976200",
            "image": "photos/photo_1413@27-01-2026_19-36-46.jpg",
            "rtn_id": "1424",
            "name:fa": "حبیب سوخته‌سرایی",
            "sources": "https://t.me/RememberTheirNames/1502"
          },
          {
            "date": "1767889800",
            "image": "photos/photo_1480@28-01-2026_00-50-57.jpg",
            "rtn_id": "1491",
            "name:fa": "میکاییل نوروزی",
            "sources": "https://t.me/RememberTheirNames/1571"
          },
          {
            "date": "1767889800",
            "image": "photos/photo_1875@01-02-2026_12-21-00.jpg",
            "rtn_id": "1889",
            "name:fa": "سجاد قنبری",
            "sources": "https://t.me/RememberTheirNames/1989"
          },
          {
            "date": "1767889800",
            "image": "photos/photo_1902@01-02-2026_15-17-31.jpg",
            "rtn_id": "1916",
            "name:fa": "علی پوراصغر",
            "sources": "https://t.me/RememberTheirNames/2019"
          },
          {
            "date": "1767889800",
            "image": "photos/photo_1916@01-02-2026_16-17-04.jpg",
            "rtn_id": "1930",
            "name:fa": "آتنا حسینیان",
            "sources": "https://t.me/RememberTheirNames/2033"
          },
          {
            "date": "1767889800",
            "image": "photos/photo_1920@01-02-2026_16-25-09.jpg",
            "rtn_id": "1934",
            "name:fa": "مصطفی قربانی",
            "sources": "https://t.me/RememberTheirNames/2037"
          },
          {
            "date": "1767889845-1768161645",
            "image": "photos/photo_2010@03-02-2026_07-01-35.jpg",
            "rtn_id": "2024",
            "name:fa": "مهدی ساوری",
            "sources": "https://t.me/RememberTheirNames/2134"
          },
          {
            "date": "1767889800",
            "image": "photos/photo_2046@03-02-2026_14-40-00.jpg",
            "rtn_id": "2060",
            "name:fa": "امیرحسین میرزایی",
            "sources": "https://t.me/RememberTheirNames/2174"
          },
          {
            "date": "1767889800",
            "image": "photos/photo_2240@05-02-2026_17-20-36.jpg",
            "rtn_id": "2254",
            "name:fa": "شهرام باغیان",
            "sources": "https://t.me/RememberTheirNames/2373"
          },
          {
            "date": "1767889845-1768161645",
            "image": "photos/photo_2492@09-02-2026_06-56-04.jpg",
            "rtn_id": "2507",
            "name:fa": "شهرام شهیدی",
            "sources": "https://t.me/RememberTheirNames/2637"
          },
          {
            "date": "1767889845-1768161645",
            "image": "photos/photo_2601@11-02-2026_07-22-26.jpg",
            "rtn_id": "2616",
            "name:fa": "مهران خوش‌نیت",
            "sources": "https://t.me/RememberTheirNames/2759"
          },
          {
            "date": "1767889845-1768161645",
            "image": "photos/photo_2902@21-02-2026_04-46-55.jpg",
            "rtn_id": "2914",
            "name:fa": "محمد غراوی",
            "sources": "https://t.me/RememberTheirNames/3084"
          },
          {
            "date": "1767889845-1768161645",
            "image": "photos/photo_2903@21-02-2026_04-56-10.jpg",
            "rtn_id": "2915",
            "name:fa": "حجت تیموری",
            "sources": "https://t.me/RememberTheirNames/3085"
          },
          {
            "date": "1767976200",
            "image": "photos/photo_2905@21-02-2026_05-30-45.jpg",
            "rtn_id": "2917",
            "name:fa": "روح‌الله منصوری",
            "sources": "https://t.me/RememberTheirNames/3087"
          },
          {
            "date": "1767889800",
            "image": "photos/photo_2907@21-02-2026_05-52-47.jpg",
            "rtn_id": "2919",
            "name:fa": "حسین اکبری",
            "sources": "https://t.me/RememberTheirNames/3089"
          },
          {
            "date": "1767889800",
            "image": "photos/photo_2908@21-02-2026_06-06-52.jpg",
            "rtn_id": "2920",
            "name:fa": "حسین سلیمانی",
            "sources": "https://t.me/RememberTheirNames/3090"
          }
        ],
        "province": "استان گلستان",
        "publicId": "MTY6MTAyOTU",
        "sourceId": "10295",
        "layerId": 16,
        "type": "location",
        "status": "active",
        "urgency": null,
        "verificationTag": null,
        "expirationDate": null,
        "createdAt": "2026-03-11T20:43:09.959Z",
        "updatedAt": "2026-04-03T22:10:54.756Z"
      }
    },
    {
      "type": "Feature",
      "id": 436,
      "geometry": {
        "type": "Point",
        "coordinates": [
          50.2887,
          33.4477
        ]
      },
      "properties": {
        "id": "MTY6MTAyOTY",
        "city": "گلپایگان",
        "count": 4,
        "people": [
          {
            "date": "1767889845-1768161645",
            "image": "photos/photo_719@23-01-2026_02-40-55.jpg",
            "rtn_id": "725",
            "name:fa": "مهدی صالح‌خان",
            "sources": "https://t.me/RememberTheirNames/775"
          },
          {
            "date": "1767889800",
            "image": "photos/photo_1600@29-01-2026_15-40-28.jpg",
            "rtn_id": "1611",
            "name:fa": "علیرضا حضوری",
            "sources": "https://t.me/RememberTheirNames/1697"
          },
          {
            "date": null,
            "image": "photos/photo_1664@30-01-2026_13-35-07.jpg",
            "rtn_id": "1675",
            "name:fa": "سروش دانشمندی",
            "sources": "https://t.me/RememberTheirNames/1763"
          },
          {
            "date": "1767889800",
            "image": "photos/photo_2783@17-02-2026_03-44-57.jpg",
            "rtn_id": "2799",
            "name:fa": "سعید استکی",
            "sources": "https://t.me/RememberTheirNames/2948"
          }
        ],
        "province": "استان اصفهان",
        "publicId": "MTY6MTAyOTY",
        "sourceId": "10296",
        "layerId": 16,
        "type": "location",
        "status": "active",
        "urgency": null,
        "verificationTag": null,
        "expirationDate": null,
        "createdAt": "2026-03-11T20:43:09.960Z",
        "updatedAt": "2026-04-03T22:10:54.757Z"
      }
    },
    {
      "type": "Feature",
      "id": 437,
      "geometry": {
        "type": "Point",
        "coordinates": [
          58.683611,
          34.352777
        ]
      },
      "properties": {
        "id": "MTY6MTAyOTc",
        "city": "گناباد",
        "count": 4,
        "people": [
          {
            "date": "1767889845-1768161645",
            "image": "photos/photo_826@23-01-2026_18-52-59.jpg",
            "rtn_id": "833",
            "name:fa": "سجاد صمدی",
            "sources": "https://t.me/RememberTheirNames/885"
          },
          {
            "date": "1767889800",
            "image": "photos/photo_831@23-01-2026_19-02-38.jpg",
            "rtn_id": "838",
            "name:fa": "مهدی نجفی",
            "sources": "https://t.me/RememberTheirNames/890"
          },
          {
            "date": "1767889800",
            "image": "photos/photo_1392@27-01-2026_16-55-17.jpg",
            "rtn_id": "1403",
            "name:fa": "حسین عجم زیبد",
            "sources": "https://t.me/RememberTheirNames/1479"
          },
          {
            "date": "1767889800",
            "image": "photos/photo_1580@28-01-2026_23-23-20.jpg",
            "rtn_id": "1591",
            "name:fa": "نگار عجم",
            "sources": "https://t.me/RememberTheirNames/1676"
          }
        ],
        "province": "استان خراسان رضوی",
        "publicId": "MTY6MTAyOTc",
        "sourceId": "10297",
        "layerId": 16,
        "type": "location",
        "status": "active",
        "urgency": null,
        "verificationTag": null,
        "expirationDate": null,
        "createdAt": "2026-03-11T20:43:09.960Z",
        "updatedAt": "2026-04-03T22:10:54.759Z"
      }
    },
    {
      "type": "Feature",
      "id": 438,
      "geometry": {
        "type": "Point",
        "coordinates": [
          55.1360132,
          37.2297913
        ]
      },
      "properties": {
        "id": "MTY6MTAyOTg",
        "city": "گنبد کاووس",
        "count": 3,
        "people": [
          {
            "date": "1767976200",
            "image": "photos/photo_2201@05-02-2026_14-03-20.jpg",
            "rtn_id": "2215",
            "name:fa": "احمد شاه‌علی",
            "sources": "https://t.me/RememberTheirNames/2334"
          },
          {
            "date": "1767889845-1768161645",
            "image": "photos/photo_2225@05-02-2026_15-50-23.jpg",
            "rtn_id": "2239",
            "name:fa": "جواد نقی‌زاده",
            "sources": "https://t.me/RememberTheirNames/2358"
          },
          {
            "date": "1767976200",
            "image": "photos/photo_1412@27-01-2026_19-34-06.jpg",
            "rtn_id": "1423",
            "name:fa": "علیرضا جعفری چوگان",
            "sources": "https://t.me/RememberTheirNames/1501"
          }
        ],
        "province": "استان گلستان",
        "publicId": "MTY6MTAyOTg",
        "sourceId": "10298",
        "layerId": 16,
        "type": "location",
        "status": "active",
        "urgency": null,
        "verificationTag": null,
        "expirationDate": null,
        "createdAt": "2026-03-11T20:43:09.961Z",
        "updatedAt": "2026-04-03T22:10:54.760Z"
      }
    },
    {
      "type": "Feature",
      "id": 439,
      "geometry": {
        "type": "Point",
        "coordinates": [
          50.0021,
          37.2092
        ]
      },
      "properties": {
        "id": "MTY6MTAyOTk",
        "city": "لاهیجان",
        "count": 17,
        "people": [
          {
            "date": "1767889800",
            "image": "photos/photo_91@18-01-2026_23-44-05.jpg",
            "rtn_id": "92",
            "name:fa": "عماد شوش",
            "sources": "https://t.me/RememberTheirNames/123"
          },
          {
            "date": "1767889800",
            "image": "photos/photo_100@18-01-2026_23-59-56.jpg",
            "rtn_id": "101",
            "name:fa": "هومن صباغ",
            "sources": "https://t.me/RememberTheirNames/132"
          },
          {
            "date": "1767889800",
            "image": "photos/photo_107@19-01-2026_00-11-56.jpg",
            "rtn_id": "108",
            "name:fa": "امیر شکوری",
            "sources": "https://t.me/RememberTheirNames/139"
          },
          {
            "date": "1767889800",
            "image": "photos/photo_108@19-01-2026_00-12-54.jpg",
            "rtn_id": "109",
            "name:fa": "علی صدیقی",
            "sources": "https://t.me/RememberTheirNames/140"
          },
          {
            "date": "1767889800",
            "image": "photos/photo_109@19-01-2026_00-13-35.jpg",
            "rtn_id": "110",
            "name:fa": "تابان رهروان",
            "sources": "https://t.me/RememberTheirNames/141"
          },
          {
            "date": "1767889800",
            "image": "photos/photo_134@19-01-2026_01-01-01.jpg",
            "rtn_id": "135",
            "name:fa": "آریا علیدوست راد",
            "sources": "https://t.me/RememberTheirNames/167"
          },
          {
            "date": "1767889800",
            "image": "photos/photo_143@19-01-2026_01-17-45.jpg",
            "rtn_id": "144",
            "name:fa": "مهران رفیعی",
            "sources": "https://t.me/RememberTheirNames/177"
          },
          {
            "date": "1767889800",
            "image": "photos/photo_150@19-01-2026_01-29-28.jpg",
            "rtn_id": "151",
            "name:fa": "صنم پوربابایی",
            "sources": "https://t.me/RememberTheirNames/184"
          },
          {
            "date": "1767889800",
            "image": "photos/photo_300@20-01-2026_09-22-26.jpg",
            "rtn_id": "305",
            "name:fa": "ارشاد شهبازی",
            "sources": "https://t.me/RememberTheirNames/338"
          },
          {
            "date": "1767889800",
            "image": "photos/photo_314@20-01-2026_10-31-11.jpg",
            "rtn_id": "319",
            "name:fa": "میثم فرحمند یعقوبی پور",
            "sources": "https://t.me/RememberTheirNames/353"
          },
          {
            "date": "1767889800",
            "image": "photos/photo_364@20-01-2026_16-18-20.jpg",
            "rtn_id": "369",
            "name:fa": "پروانه خجندی راد",
            "sources": "https://t.me/RememberTheirNames/404"
          },
          {
            "date": "1767889800",
            "image": "photos/photo_539@21-01-2026_23-01-57.jpg",
            "rtn_id": "544",
            "name:fa": "پویا خیرخواه",
            "sources": "https://t.me/RememberTheirNames/586"
          },
          {
            "date": "1767889800",
            "image": "photos/photo_612@22-01-2026_16-02-11.jpg",
            "rtn_id": "618",
            "name:fa": "منوچهر نیک‌پور",
            "sources": "https://t.me/RememberTheirNames/662"
          },
          {
            "date": "1767889800",
            "image": "photos/photo_874@23-01-2026_22-23-55.jpg",
            "rtn_id": "882",
            "name:fa": "علیرضا توکلی",
            "sources": "https://t.me/RememberTheirNames/934"
          },
          {
            "date": "1767889800",
            "image": "photos/photo_1006@24-01-2026_18-22-40.jpg",
            "rtn_id": "1015",
            "name:fa": "صابر رمضانی",
            "sources": "https://t.me/RememberTheirNames/1072"
          },
          {
            "date": "1767889800",
            "image": "photos/photo_1490@28-01-2026_10-56-55.jpg",
            "rtn_id": "1501",
            "name:fa": "سمانه عسکری",
            "sources": "https://t.me/RememberTheirNames/1585"
          },
          {
            "date": "1767889800",
            "image": "photos/photo_1897@01-02-2026_14-59-50.jpg",
            "rtn_id": "1911",
            "name:fa": "محمدرضا صارمی",
            "sources": "https://t.me/RememberTheirNames/2013"
          }
        ],
        "province": "استان گیلان",
        "publicId": "MTY6MTAyOTk",
        "sourceId": "10299",
        "layerId": 16,
        "type": "location",
        "status": "active",
        "urgency": null,
        "verificationTag": null,
        "expirationDate": null,
        "createdAt": "2026-03-11T20:43:09.961Z",
        "updatedAt": "2026-04-03T22:10:54.761Z"
      }
    },
    {
      "type": "Feature",
      "id": 440,
      "geometry": {
        "type": "Point",
        "coordinates": [
          52.6517,
          29.7989
        ]
      },
      "properties": {
        "id": "MTY6MTAzMDA",
        "city": "لپویی فارس",
        "count": 1,
        "people": [
          {
            "date": "1767976200",
            "image": "photos/photo_1074@25-01-2026_01-20-25.jpg",
            "rtn_id": "1084",
            "name:fa": "پویا جعفری",
            "sources": "https://t.me/RememberTheirNames/1145"
          }
        ],
        "province": "استان فارس",
        "publicId": "MTY6MTAzMDA",
        "sourceId": "10300",
        "layerId": 16,
        "type": "location",
        "status": "active",
        "urgency": null,
        "verificationTag": null,
        "expirationDate": null,
        "createdAt": "2026-03-11T20:43:09.962Z",
        "updatedAt": "2026-04-03T22:10:54.763Z"
      }
    },
    {
      "type": "Feature",
      "id": 441,
      "geometry": {
        "type": "Point",
        "coordinates": [
          50.8319908,
          31.5025247
        ]
      },
      "properties": {
        "id": "MTY6MTAzMDE",
        "city": "لردگان",
        "count": 12,
        "people": [
          {
            "date": "1767285000",
            "image": "photos/photo_3@18-01-2026_18-46-07.jpg",
            "rtn_id": "3",
            "name:fa": "احمد جلیل",
            "sources": "https://t.me/RememberTheirNames/5"
          },
          {
            "date": "1767285000",
            "image": "photos/photo_4@18-01-2026_18-49-01.jpg",
            "rtn_id": "4",
            "name:fa": "سجاد زیلایی",
            "sources": "https://t.me/RememberTheirNames/6"
          },
          {
            "date": "1767803400",
            "image": "photos/photo_40@18-01-2026_20-28-04.jpg",
            "rtn_id": "40",
            "name:fa": "مهدی موسوی",
            "sources": "https://t.me/RememberTheirNames/69"
          },
          {
            "date": "1767803400",
            "image": "photos/photo_41@18-01-2026_20-29-10.jpg",
            "rtn_id": "41",
            "name:fa": "محمد موسوی",
            "sources": "https://t.me/RememberTheirNames/70"
          },
          {
            "date": "1767803400",
            "image": "photos/photo_42@18-01-2026_20-29-40.jpg",
            "rtn_id": "42",
            "name:fa": "ابوالفضل خالدی",
            "sources": "https://t.me/RememberTheirNames/71"
          },
          {
            "date": "1767803400",
            "image": "photos/photo_43@18-01-2026_20-30-22.jpg",
            "rtn_id": "43",
            "name:fa": "بهمن فتاحی",
            "sources": "https://t.me/RememberTheirNames/72"
          },
          {
            "date": "1767803400",
            "image": "photos/photo_44@18-01-2026_20-31-11.jpg",
            "rtn_id": "44",
            "name:fa": "فرهاد عیوضی",
            "sources": "https://t.me/RememberTheirNames/73"
          },
          {
            "date": "1767803400",
            "image": "photos/photo_45@18-01-2026_20-32-00.jpg",
            "rtn_id": "45",
            "name:fa": "مسیح جلیل",
            "sources": "https://t.me/RememberTheirNames/74"
          },
          {
            "date": "1767803400",
            "image": "photos/photo_46@18-01-2026_20-32-56.jpg",
            "rtn_id": "46",
            "name:fa": "حسین مونسی",
            "sources": "https://t.me/RememberTheirNames/75"
          },
          {
            "date": "1767803400",
            "image": "photos/photo_1293@26-01-2026_20-23-45.jpg",
            "rtn_id": "1305",
            "name:fa": "سعید محمودیان",
            "sources": "https://t.me/RememberTheirNames/1373"
          },
          {
            "date": "1767803400",
            "image": "photos/photo_1393@27-01-2026_16-58-45.jpg",
            "rtn_id": "1404",
            "name:fa": "علی خالدی",
            "sources": "https://t.me/RememberTheirNames/1480"
          },
          {
            "date": "1767889800",
            "image": "photos/photo_2467@08-02-2026_17-32-45.jpg",
            "rtn_id": "2482",
            "name:fa": "سعید محمودی",
            "sources": "https://t.me/RememberTheirNames/2612"
          }
        ],
        "province": "استان چهارمحال و بختیاری",
        "publicId": "MTY6MTAzMDE",
        "sourceId": "10301",
        "layerId": 16,
        "type": "location",
        "status": "active",
        "urgency": null,
        "verificationTag": null,
        "expirationDate": null,
        "createdAt": "2026-03-11T20:43:09.962Z",
        "updatedAt": "2026-04-03T22:10:54.764Z"
      }
    },
    {
      "type": "Feature",
      "id": 442,
      "geometry": {
        "type": "Point",
        "coordinates": [
          50.9855,
          35.7052
        ]
      },
      "properties": {
        "id": "MTY6MTAzMDI",
        "city": "مارلیک",
        "count": 1,
        "people": [
          {
            "date": "1767889800",
            "image": "photos/photo_687@22-01-2026_23-28-32.jpg",
            "rtn_id": "693",
            "name:fa": "داوود احمدزاده",
            "sources": "https://t.me/RememberTheirNames/743"
          }
        ],
        "province": "استان البرز",
        "publicId": "MTY6MTAzMDI",
        "sourceId": "10302",
        "layerId": 16,
        "type": "location",
        "status": "active",
        "urgency": null,
        "verificationTag": null,
        "expirationDate": null,
        "createdAt": "2026-03-11T20:43:09.963Z",
        "updatedAt": "2026-04-03T22:10:54.769Z"
      }
    },
    {
      "type": "Feature",
      "id": 443,
      "geometry": {
        "type": "Point",
        "coordinates": [
          49.2236725,
          30.5534267
        ]
      },
      "properties": {
        "id": "MTY6MTAzMDM",
        "city": "ماهشهر",
        "count": 3,
        "people": [
          {
            "date": "1767976200",
            "image": "photos/photo_262@19-01-2026_22-37-55.jpg",
            "rtn_id": "267",
            "name:fa": "حسین آمان",
            "sources": "https://t.me/RememberTheirNames/300"
          },
          {
            "date": "1767976200",
            "image": "photos/photo_605@22-01-2026_15-33-17.jpg",
            "rtn_id": "611",
            "name:fa": "آرمین جشنی‌نژاد",
            "sources": "https://t.me/RememberTheirNames/655"
          },
          {
            "date": "1767889800",
            "image": "photos/photo_749@23-01-2026_12-56-29.jpg",
            "rtn_id": "755",
            "name:fa": "حسین صلیحاوی",
            "sources": "https://t.me/RememberTheirNames/805"
          }
        ],
        "province": "استان خوزستان",
        "publicId": "MTY6MTAzMDM",
        "sourceId": "10303",
        "layerId": 16,
        "type": "location",
        "status": "active",
        "urgency": null,
        "verificationTag": null,
        "expirationDate": null,
        "createdAt": "2026-03-11T20:43:09.963Z",
        "updatedAt": "2026-04-03T22:10:54.770Z"
      }
    },
    {
      "type": "Feature",
      "id": 444,
      "geometry": {
        "type": "Point",
        "coordinates": [
          51.503,
          32.3553
        ]
      },
      "properties": {
        "id": "MTY6MTAzMDQ",
        "city": "مبارکه",
        "count": 6,
        "people": [
          {
            "date": "1767889845-1768161645",
            "image": "photos/photo_529@21-01-2026_22-27-03.jpg",
            "rtn_id": "534",
            "name:fa": "علیرضا خارپو",
            "sources": "https://t.me/RememberTheirNames/575"
          },
          {
            "date": "1767889845-1768161645",
            "image": "photos/photo_530@21-01-2026_22-27-40.jpg",
            "rtn_id": "535",
            "name:fa": "حجت ملکی",
            "sources": "https://t.me/RememberTheirNames/576"
          },
          {
            "date": "1767889845-1768161645",
            "image": "photos/photo_531@21-01-2026_22-29-47.jpg",
            "rtn_id": "536",
            "name:fa": "مهدی نوری",
            "sources": "https://t.me/RememberTheirNames/577"
          },
          {
            "date": "1768062600",
            "image": "photos/photo_1202@26-01-2026_00-50-25.jpg",
            "rtn_id": "1213",
            "name:fa": "مجید هاشمی",
            "sources": "https://t.me/RememberTheirNames/1280"
          },
          {
            "date": "1767976200",
            "image": "photos/photo_1527@28-01-2026_16-09-16.jpg",
            "rtn_id": "1538",
            "name:fa": "فرزاد طالبی",
            "sources": "https://t.me/RememberTheirNames/1622"
          },
          {
            "date": "1767889800",
            "image": "photos/photo_1754@31-01-2026_11-42-45.jpg",
            "rtn_id": "1765",
            "name:fa": "حسن ایرانپور",
            "sources": "https://t.me/RememberTheirNames/1862"
          }
        ],
        "province": "استان اصفهان",
        "publicId": "MTY6MTAzMDQ",
        "sourceId": "10304",
        "layerId": 16,
        "type": "location",
        "status": "active",
        "urgency": null,
        "verificationTag": null,
        "expirationDate": null,
        "createdAt": "2026-03-11T20:43:09.964Z",
        "updatedAt": "2026-04-03T22:10:54.771Z"
      }
    },
    {
      "type": "Feature",
      "id": 445,
      "geometry": {
        "type": "Point",
        "coordinates": [
          50.4542,
          33.9103
        ]
      },
      "properties": {
        "id": "MTY6MTAzMDU",
        "city": "محلات",
        "count": 3,
        "people": [
          {
            "date": "1767889800",
            "image": "photos/photo_740@23-01-2026_11-32-38.jpg",
            "rtn_id": "746",
            "name:fa": "بهنام کاشانی",
            "sources": "https://t.me/RememberTheirNames/796"
          },
          {
            "date": "1767889845-1768161645",
            "image": "photos/photo_752@23-01-2026_13-03-21.jpg",
            "rtn_id": "758",
            "name:fa": "احمد هاشمی",
            "sources": "https://t.me/RememberTheirNames/808"
          },
          {
            "date": "1767889845-1768161645",
            "image": "photos/photo_753@23-01-2026_13-04-38.jpg",
            "rtn_id": "759",
            "name:fa": "محمد سلطانی‌فر",
            "sources": "https://t.me/RememberTheirNames/809"
          }
        ],
        "province": "استان مرکزی",
        "publicId": "MTY6MTAzMDU",
        "sourceId": "10305",
        "layerId": 16,
        "type": "location",
        "status": "active",
        "urgency": null,
        "verificationTag": null,
        "expirationDate": null,
        "createdAt": "2026-03-11T20:43:09.965Z",
        "updatedAt": "2026-04-03T22:10:54.771Z"
      }
    },
    {
      "type": "Feature",
      "id": 446,
      "geometry": {
        "type": "Point",
        "coordinates": [
          52.8007,
          29.8743
        ]
      },
      "properties": {
        "id": "MTY6MTAzMDY",
        "city": "مرودشت",
        "count": 23,
        "people": [
          {
            "date": "1767285000",
            "image": "photos/photo_9@18-01-2026_18-56-27.jpg",
            "rtn_id": "9",
            "name:fa": "خداداد شیروانی منفرد",
            "sources": "https://t.me/RememberTheirNames/11"
          },
          {
            "date": "1767371400",
            "image": "photos/photo_12@18-01-2026_19-10-40.jpg",
            "rtn_id": "12",
            "name:fa": "منصور مختاری",
            "sources": "https://t.me/RememberTheirNames/15"
          },
          {
            "date": "1767371400",
            "image": "photos/photo_14@18-01-2026_19-22-25.jpg",
            "rtn_id": "14",
            "name:fa": "عرفان بزرگی",
            "sources": "https://t.me/RememberTheirNames/20"
          },
          {
            "date": "1767457800",
            "image": "photos/photo_26@18-01-2026_20-19-54.jpg",
            "rtn_id": "26",
            "name:fa": "محمدقاسم روستا",
            "sources": "https://t.me/RememberTheirNames/55"
          },
          {
            "date": "1767889800",
            "image": "photos/photo_186@19-01-2026_14-14-03.jpg",
            "rtn_id": "187",
            "name:fa": "سامان گرامی",
            "sources": "https://t.me/RememberTheirNames/220"
          },
          {
            "date": "1767976200",
            "image": "photos/photo_229@19-01-2026_19-36-03.jpg",
            "rtn_id": "234",
            "name:fa": "سجاد رحیمی",
            "sources": "https://t.me/RememberTheirNames/264"
          },
          {
            "date": "1767976200",
            "image": "photos/photo_263@19-01-2026_22-40-22.jpg",
            "rtn_id": "268",
            "name:fa": "امیرمحمد کرمی",
            "sources": "https://t.me/RememberTheirNames/301"
          },
          {
            "date": "1767976200",
            "image": "photos/photo_734@23-01-2026_11-17-05.jpg",
            "rtn_id": "740",
            "name:fa": "یاسین (سهیل) الماسی ۱۷ساله",
            "sources": "https://t.me/RememberTheirNames/790"
          },
          {
            "date": "1767976200",
            "image": "photos/photo_736@23-01-2026_11-20-37.jpg",
            "rtn_id": "742",
            "name:fa": "اصغر زارع",
            "sources": "https://t.me/RememberTheirNames/792"
          },
          {
            "date": "1767976200",
            "image": "photos/photo_801@23-01-2026_17-04-43.jpg",
            "rtn_id": "807",
            "name:fa": "حسن سی‌سختی",
            "sources": "https://t.me/RememberTheirNames/859"
          },
          {
            "date": "1767976200",
            "image": "photos/photo_802@23-01-2026_17-06-05.jpg",
            "rtn_id": "808",
            "name:fa": "ابوالفضل (مهدی) نجات",
            "sources": "https://t.me/RememberTheirNames/860"
          },
          {
            "date": "1767976200",
            "image": "photos/photo_803@23-01-2026_17-07-13.jpg",
            "rtn_id": "809",
            "name:fa": "اسماعیل اورنگ",
            "sources": "https://t.me/RememberTheirNames/861"
          },
          {
            "date": "1767889800",
            "image": "photos/photo_1070@25-01-2026_00-58-50.jpg",
            "rtn_id": "1080",
            "name:fa": "علی زارعی",
            "sources": "https://t.me/RememberTheirNames/1141"
          },
          {
            "date": "1767976200",
            "image": "photos/photo_1071@25-01-2026_01-00-04.jpg",
            "rtn_id": "1081",
            "name:fa": "میلاد خاکسار",
            "sources": "https://t.me/RememberTheirNames/1142"
          },
          {
            "date": "1767889800",
            "image": "photos/photo_1161@25-01-2026_20-28-33.jpg",
            "rtn_id": "1171",
            "name:fa": "حمیدرضا زارع",
            "sources": "https://t.me/RememberTheirNames/1237"
          },
          {
            "date": "1768062600",
            "image": "photos/photo_316@20-01-2026_10-33-48.jpg",
            "rtn_id": "321",
            "name:fa": "علیرضا بهارلویی",
            "sources": "https://t.me/RememberTheirNames/355"
          },
          {
            "date": "1767976200",
            "image": "photos/photo_404@20-01-2026_21-47-08.jpg",
            "rtn_id": "409",
            "name:fa": "علیرضا سعیدی فرد",
            "sources": "https://t.me/RememberTheirNames/444"
          },
          {
            "date": "1767976200",
            "image": "photos/photo_1724@30-01-2026_20-53-03.jpg",
            "rtn_id": "1735",
            "name:fa": "ابوالفضل میرزایی",
            "sources": "https://t.me/RememberTheirNames/1831"
          },
          {
            "date": "1767889800",
            "image": "photos/photo_1827@31-01-2026_15-53-53.jpg",
            "rtn_id": "1840",
            "name:fa": "جواد زارعی",
            "sources": "https://t.me/RememberTheirNames/1939"
          },
          {
            "date": "1767976200",
            "image": "photos/photo_2226@05-02-2026_15-51-18.jpg",
            "rtn_id": "2240",
            "name:fa": "مهدی نفری",
            "sources": "https://t.me/RememberTheirNames/2359"
          },
          {
            "date": "1767976200",
            "image": "photos/photo_2802@17-02-2026_11-50-10.jpg",
            "rtn_id": "2818",
            "name:fa": "بهادر قدم‌پورکوتاهی",
            "sources": "https://t.me/RememberTheirNames/2970"
          },
          {
            "date": "1767889800",
            "image": "photos/photo_2835@18-02-2026_13-51-31.jpg",
            "rtn_id": "2847",
            "name:fa": "محمدمهدی زارع",
            "sources": "https://t.me/RememberTheirNames/3015"
          },
          {
            "date": "1767976200",
            "image": "photos/photo_3028@27-02-2026_16-28-02.jpg",
            "rtn_id": "3040",
            "name:fa": "اسماعیل (مجید) گردانی",
            "sources": "https://t.me/RememberTheirNames/3221"
          }
        ],
        "province": "استان فارس",
        "publicId": "MTY6MTAzMDY",
        "sourceId": "10306",
        "layerId": 16,
        "type": "location",
        "status": "active",
        "urgency": null,
        "verificationTag": null,
        "expirationDate": null,
        "createdAt": "2026-03-11T20:43:09.965Z",
        "updatedAt": "2026-04-03T22:10:54.772Z"
      }
    },
    {
      "type": "Feature",
      "id": 447,
      "geometry": {
        "type": "Point",
        "coordinates": [
          46.1729,
          35.5218
        ]
      },
      "properties": {
        "id": "MTY6MTAzMDc",
        "city": "مریوان",
        "count": 1,
        "people": [
          {
            "date": "1767803400",
            "image": "photos/photo_457@21-01-2026_14-38-51.jpg",
            "rtn_id": "462",
            "name:fa": "محمدرسول مردوخی",
            "sources": "https://t.me/RememberTheirNames/498"
          }
        ],
        "province": "استان کردستان",
        "publicId": "MTY6MTAzMDc",
        "sourceId": "10307",
        "layerId": 16,
        "type": "location",
        "status": "active",
        "urgency": null,
        "verificationTag": null,
        "expirationDate": null,
        "createdAt": "2026-03-11T20:43:09.966Z",
        "updatedAt": "2026-04-03T22:10:54.774Z"
      }
    },
    {
      "type": "Feature",
      "id": 448,
      "geometry": {
        "type": "Point",
        "coordinates": [
          49.306,
          31.936
        ]
      },
      "properties": {
        "id": "MTY6MTAzMDg",
        "city": "مسجدسلیمان",
        "count": 2,
        "people": [
          {
            "date": "1767976200",
            "image": "photos/photo_873@23-01-2026_22-19-11.jpg",
            "rtn_id": "881",
            "name:fa": "محمدجواد حیدری",
            "sources": "https://t.me/RememberTheirNames/933"
          },
          {
            "date": "1767889800",
            "image": "photos/photo_2087@04-02-2026_09-22-55.jpg",
            "rtn_id": "2101",
            "name:fa": "سعید صادقی حسنوند",
            "sources": "https://t.me/RememberTheirNames/2216"
          }
        ],
        "province": "استان خوزستان",
        "publicId": "MTY6MTAzMDg",
        "sourceId": "10308",
        "layerId": 16,
        "type": "location",
        "status": "active",
        "urgency": null,
        "verificationTag": null,
        "expirationDate": null,
        "createdAt": "2026-03-11T20:43:09.966Z",
        "updatedAt": "2026-04-03T22:10:54.774Z"
      }
    },
    {
      "type": "Feature",
      "id": 449,
      "geometry": {
        "type": "Point",
        "coordinates": [
          59.7042,
          36.1764
        ]
      },
      "properties": {
        "id": "MTY6MTAzMDk",
        "city": "مشهد",
        "count": 253,
        "people": [
          {
            "date": "1767889800",
            "image": "photos/photo_75@18-01-2026_23-10-02.jpg",
            "rtn_id": "75",
            "name:fa": "مهدی سلحشور",
            "sources": "https://t.me/RememberTheirNames/106"
          },
          {
            "date": "1767889800",
            "image": "photos/photo_151@19-01-2026_01-31-28.jpg",
            "rtn_id": "152",
            "name:fa": "حمید مهدوی",
            "sources": "https://t.me/RememberTheirNames/185"
          },
          {
            "date": "1767976200",
            "image": "photos/photo_223@19-01-2026_19-18-55.jpg",
            "rtn_id": "228",
            "name:fa": "محمدامین حسینی",
            "sources": "https://t.me/RememberTheirNames/258"
          },
          {
            "date": "1767976200",
            "image": "photos/photo_244@19-01-2026_21-58-47.jpg",
            "rtn_id": "249",
            "name:fa": "اشکان تراب‌زاده",
            "sources": "https://t.me/RememberTheirNames/280"
          },
          {
            "date": "1767889845-1768161645",
            "image": "photos/photo_287@20-01-2026_00-12-23.jpg",
            "rtn_id": "292",
            "name:fa": "محمدرضا گلمکانی",
            "sources": "https://t.me/RememberTheirNames/325"
          },
          {
            "date": "1768062600",
            "image": "photos/photo_311@20-01-2026_10-21-31.jpg",
            "rtn_id": "316",
            "name:fa": "پارسا صفار",
            "sources": "https://t.me/RememberTheirNames/349"
          },
          {
            "date": "1767889845-1768161645",
            "image": "photos/photo_337@20-01-2026_13-13-30.jpg",
            "rtn_id": "342",
            "name:fa": "عباسعلی رمضانی",
            "sources": "https://t.me/RememberTheirNames/376"
          },
          {
            "date": "1767889800",
            "image": "photos/photo_392@20-01-2026_20-17-46.jpg",
            "rtn_id": "397",
            "name:fa": "علی زنگنه",
            "sources": "https://t.me/RememberTheirNames/432"
          },
          {
            "date": "1767889800",
            "image": "photos/photo_409@20-01-2026_22-34-55.jpg",
            "rtn_id": "414",
            "name:fa": "امیرحسین شیخ‌بو",
            "sources": "https://t.me/RememberTheirNames/449"
          },
          {
            "date": "1767889800",
            "image": "photos/photo_416@21-01-2026_00-18-57.jpg",
            "rtn_id": "421",
            "name:fa": "حامد شوشتری",
            "sources": "https://t.me/RememberTheirNames/456"
          },
          {
            "date": "1767889800",
            "image": "photos/photo_421@21-01-2026_11-08-47.jpg",
            "rtn_id": "426",
            "name:fa": "پرهام محرابی",
            "sources": "https://t.me/RememberTheirNames/461"
          },
          {
            "date": "1767976200",
            "image": "photos/photo_428@21-01-2026_11-28-33.jpg",
            "rtn_id": "445",
            "name:fa": "بهروز بابایی",
            "sources": "https://t.me/RememberTheirNames/480"
          },
          {
            "date": "1768062600",
            "image": "photos/photo_452@21-01-2026_14-06-08.jpg",
            "rtn_id": "457",
            "name:fa": "یونس مومنی",
            "sources": "https://t.me/RememberTheirNames/492"
          },
          {
            "date": "1767889845-1768161645",
            "image": "photos/photo_456@21-01-2026_14-29-52.jpg",
            "rtn_id": "461",
            "name:fa": "پوریا میربهروزیان",
            "sources": "https://t.me/RememberTheirNames/497"
          },
          {
            "date": "1767889800",
            "image": "photos/photo_462@21-01-2026_15-21-48.jpg",
            "rtn_id": "467",
            "name:fa": "امیررضا شبانی شاندیز ۱۷ ساله",
            "sources": "https://t.me/RememberTheirNames/503"
          },
          {
            "date": "1767976200",
            "image": "photos/photo_492@21-01-2026_18-48-12.jpg",
            "rtn_id": "497",
            "name:fa": "مرتضی رهنما",
            "sources": "https://t.me/RememberTheirNames/535"
          },
          {
            "date": "1767889845-1768161645",
            "image": "photos/photo_540@21-01-2026_23-08-17.jpg",
            "rtn_id": "545",
            "name:fa": "مرتضی محمودی",
            "sources": "https://t.me/RememberTheirNames/587"
          },
          {
            "date": "1767976200",
            "image": "photos/photo_550@22-01-2026_00-33-07.jpg",
            "rtn_id": "555",
            "name:fa": "احمد رمضان‌زاده",
            "sources": "https://t.me/RememberTheirNames/597"
          },
          {
            "date": "1767889845-1768161645",
            "image": "photos/photo_559@22-01-2026_11-29-57.jpg",
            "rtn_id": "564",
            "name:fa": "محمدحسین کیمیایی",
            "sources": "https://t.me/RememberTheirNames/606"
          },
          {
            "date": "1767889845-1768161645",
            "image": "photos/photo_563@22-01-2026_11-53-39.jpg",
            "rtn_id": "568",
            "name:fa": "محمد متین مصلح",
            "sources": "https://t.me/RememberTheirNames/610"
          },
          {
            "date": "1767889845-1768161645",
            "image": "photos/photo_567@22-01-2026_12-14-14.jpg",
            "rtn_id": "572",
            "name:fa": "حسنعلی نوروزی",
            "sources": "https://t.me/RememberTheirNames/614"
          },
          {
            "date": "1767889845-1768161645",
            "image": "photos/photo_640@22-01-2026_18-16-23.jpg",
            "rtn_id": "646",
            "name:fa": "علی رهبر",
            "sources": "https://t.me/RememberTheirNames/692"
          },
          {
            "date": "1767889845-1768161645",
            "image": "photos/photo_674@22-01-2026_22-35-08.jpg",
            "rtn_id": "680",
            "name:fa": "سعید رستم‌آبادی",
            "sources": "https://t.me/RememberTheirNames/729"
          },
          {
            "date": "1767889800",
            "image": "photos/photo_695@23-01-2026_00-36-42.jpg",
            "rtn_id": "701",
            "name:fa": "حسام ناطقی",
            "sources": "https://t.me/RememberTheirNames/751"
          },
          {
            "date": "1767889800",
            "image": "photos/photo_710@23-01-2026_02-03-53.jpg",
            "rtn_id": "716",
            "name:fa": "امیرعلی باستانی",
            "sources": "https://t.me/RememberTheirNames/766"
          },
          {
            "date": "1767889800",
            "image": "photos/photo_723@23-01-2026_10-36-32.jpg",
            "rtn_id": "729",
            "name:fa": "محمدصادق عزمی",
            "sources": "https://t.me/RememberTheirNames/779"
          },
          {
            "date": "1767889845-1768161645",
            "image": "photos/photo_726@23-01-2026_10-52-08.jpg",
            "rtn_id": "732",
            "name:fa": "مجید دانش‌خواه",
            "sources": "https://t.me/RememberTheirNames/782"
          },
          {
            "date": "1767889800",
            "image": "photos/photo_791@23-01-2026_15-13-09.jpg",
            "rtn_id": "797",
            "name:fa": "محمدمهدی سالاری",
            "sources": "https://t.me/RememberTheirNames/849"
          },
          {
            "date": "1767889800",
            "image": "photos/photo_798@23-01-2026_16-50-34.jpg",
            "rtn_id": "804",
            "name:fa": "فرشید حسین‌زاده",
            "sources": "https://t.me/RememberTheirNames/856"
          },
          {
            "date": "1767889845-1768161645",
            "image": "photos/photo_808@23-01-2026_17-25-07.jpg",
            "rtn_id": "815",
            "name:fa": "حسن حسینی",
            "sources": "https://t.me/RememberTheirNames/866"
          },
          {
            "date": "1767889845-1768161645",
            "image": "photos/photo_810@23-01-2026_17-34-04.jpg",
            "rtn_id": "817",
            "name:fa": "ملیحه انجگانی",
            "sources": "https://t.me/RememberTheirNames/868"
          },
          {
            "date": "1767976200",
            "image": "photos/photo_822@23-01-2026_18-42-51.jpg",
            "rtn_id": "829",
            "name:fa": "دستگیر گرگیج",
            "sources": "https://t.me/RememberTheirNames/880"
          },
          {
            "date": "1767889845-1768161645",
            "image": "photos/photo_824@23-01-2026_18-47-39.jpg",
            "rtn_id": "831",
            "name:fa": "احسان نصرآبادی",
            "sources": "https://t.me/RememberTheirNames/883"
          },
          {
            "date": "1767889845-1768161645",
            "image": "photos/photo_825@23-01-2026_18-48-43.jpg",
            "rtn_id": "832",
            "name:fa": "نیما احمدی",
            "sources": "https://t.me/RememberTheirNames/884"
          },
          {
            "date": "1767889800",
            "image": "photos/photo_827@23-01-2026_18-54-30.jpg",
            "rtn_id": "834",
            "name:fa": "مهران بهاری",
            "sources": "https://t.me/RememberTheirNames/886"
          },
          {
            "date": "1767889800",
            "image": "photos/photo_832@23-01-2026_19-04-12.jpg",
            "rtn_id": "839",
            "name:fa": "جواد حیدرنژاد",
            "sources": "https://t.me/RememberTheirNames/891"
          },
          {
            "date": "1767889800",
            "image": "photos/photo_837@23-01-2026_19-32-09.jpg",
            "rtn_id": "844",
            "name:fa": "حمیدرضا همتی",
            "sources": "https://t.me/RememberTheirNames/896"
          },
          {
            "date": "1767889845-1768161645",
            "image": "photos/photo_846@23-01-2026_20-14-01.jpg",
            "rtn_id": "853",
            "name:fa": "حجت عباسی",
            "sources": "https://t.me/RememberTheirNames/905"
          },
          {
            "date": "1767889800",
            "image": "photos/photo_850@23-01-2026_20-31-58.jpg",
            "rtn_id": "857",
            "name:fa": "محمد غلامی",
            "sources": "https://t.me/RememberTheirNames/909"
          },
          {
            "date": "1767889800",
            "image": "photos/photo_881@23-01-2026_23-01-35.jpg",
            "rtn_id": "889",
            "name:fa": "مجید زنگنه",
            "sources": "https://t.me/RememberTheirNames/941"
          },
          {
            "date": "1767889800",
            "image": "photos/photo_886@23-01-2026_23-42-55.jpg",
            "rtn_id": "894",
            "name:fa": "زهرا عیدی‌نژاد",
            "sources": "https://t.me/RememberTheirNames/946"
          },
          {
            "date": "1767889800",
            "image": "photos/photo_889@23-01-2026_23-47-34.jpg",
            "rtn_id": "897",
            "name:fa": "سارا عرب",
            "sources": "https://t.me/RememberTheirNames/949"
          },
          {
            "date": "1767889845-1768161645",
            "image": "photos/photo_890@23-01-2026_23-48-41.jpg",
            "rtn_id": "898",
            "name:fa": "مرتضی شیخی",
            "sources": "https://t.me/RememberTheirNames/950"
          },
          {
            "date": "1767889800",
            "image": "photos/photo_891@23-01-2026_23-50-00.jpg",
            "rtn_id": "899",
            "name:fa": "مرتضی تاجری",
            "sources": "https://t.me/RememberTheirNames/951"
          },
          {
            "date": "1767889800",
            "image": "photos/photo_925@24-01-2026_12-41-29.jpg",
            "rtn_id": "934",
            "name:fa": "جعفر جاویدی",
            "sources": "https://t.me/RememberTheirNames/986"
          },
          {
            "date": "1767889800",
            "image": "photos/photo_930@24-01-2026_12-56-47.jpg",
            "rtn_id": "939",
            "name:fa": "مهدی بنائیان",
            "sources": "https://t.me/RememberTheirNames/992"
          },
          {
            "date": "1767976200",
            "image": "photos/photo_931@24-01-2026_12-59-16.jpg",
            "rtn_id": "940",
            "name:fa": "مهدی ارشدی",
            "sources": "https://t.me/RememberTheirNames/993"
          },
          {
            "date": "1767976200",
            "image": "photos/photo_949@24-01-2026_14-23-37.jpg",
            "rtn_id": "958",
            "name:fa": "سجاد بهادری مقدم",
            "sources": "https://t.me/RememberTheirNames/1011"
          },
          {
            "date": "1767889800",
            "image": "photos/photo_959@24-01-2026_14-54-51.jpg",
            "rtn_id": "968",
            "name:fa": "مصطفی فرجی",
            "sources": "https://t.me/RememberTheirNames/1021"
          },
          {
            "date": "1767889845-1768161645",
            "image": "photos/photo_964@24-01-2026_15-10-46.jpg",
            "rtn_id": "973",
            "name:fa": "هانیه کاشانی",
            "sources": "https://t.me/RememberTheirNames/1027"
          },
          {
            "date": "1767976200",
            "image": "photos/photo_974@24-01-2026_16-08-01.jpg",
            "rtn_id": "983",
            "name:fa": "محمد مرادی",
            "sources": "https://t.me/RememberTheirNames/1037"
          },
          {
            "date": "1767976200",
            "image": "photos/photo_985@24-01-2026_16-53-06.jpg",
            "rtn_id": "994",
            "name:fa": "محمدامین عبدی",
            "sources": "https://t.me/RememberTheirNames/1049"
          },
          {
            "date": "1767889845-1768161645",
            "image": "photos/photo_1042@24-01-2026_22-09-55.jpg",
            "rtn_id": "1051",
            "name:fa": "ابوالفضل حیرانی",
            "sources": "https://t.me/RememberTheirNames/1110"
          },
          {
            "date": "1767976200",
            "image": "photos/photo_1043@24-01-2026_22-11-25.jpg",
            "rtn_id": "1052",
            "name:fa": "رضا بارانی",
            "sources": "https://t.me/RememberTheirNames/1111"
          },
          {
            "date": "1767889845-1768161645",
            "image": "photos/photo_1157@25-01-2026_19-51-39.jpg",
            "rtn_id": "1167",
            "name:fa": "حذیفه اوستاخ (زرگر)",
            "sources": "https://t.me/RememberTheirNames/1232"
          },
          {
            "date": "1767976200",
            "image": "photos/photo_1242@26-01-2026_14-45-00.jpg",
            "rtn_id": "1254",
            "name:fa": "یزدان تمنا (اتباع افغانستان)",
            "sources": "https://t.me/RememberTheirNames/1320"
          },
          {
            "date": "1767889800",
            "image": "photos/photo_1275@26-01-2026_18-32-31.jpg",
            "rtn_id": "1287",
            "name:fa": "عارف تبرائی",
            "sources": "https://t.me/RememberTheirNames/1355"
          },
          {
            "date": "1767889845-1768161645",
            "image": "photos/photo_1278@26-01-2026_18-49-53.jpg",
            "rtn_id": "1290",
            "name:fa": "شایان بداغ‌آبادی",
            "sources": "https://t.me/RememberTheirNames/1358"
          },
          {
            "date": "1767889800",
            "image": "photos/photo_1292@26-01-2026_20-21-53.jpg",
            "rtn_id": "1304",
            "name:fa": "معین سغوری",
            "sources": "https://t.me/RememberTheirNames/1372"
          },
          {
            "date": "1767889800",
            "image": "photos/photo_1311@26-01-2026_22-37-30.jpg",
            "rtn_id": "1323",
            "name:fa": "مهدی مختاری بایگی ۱۶ ساله",
            "sources": "https://t.me/RememberTheirNames/1392"
          },
          {
            "date": "1767976200",
            "image": "photos/photo_1326@27-01-2026_00-30-40.jpg",
            "rtn_id": "1338",
            "name:fa": "ابوالفضل شیخ‌ویسی",
            "sources": "https://t.me/RememberTheirNames/1407"
          },
          {
            "date": "1767976200",
            "image": "photos/photo_1388@27-01-2026_16-24-10.jpg",
            "rtn_id": "1400",
            "name:fa": "مونس صوفی",
            "sources": "https://t.me/RememberTheirNames/1472"
          },
          {
            "date": "1767889800",
            "image": "photos/photo_1421@27-01-2026_20-13-56.jpg",
            "rtn_id": "1432",
            "name:fa": "رضا غیاثی",
            "sources": "https://t.me/RememberTheirNames/1510"
          },
          {
            "date": "1767889800",
            "image": "photos/photo_1428@27-01-2026_20-47-26.jpg",
            "rtn_id": "1439",
            "name:fa": "هادی خوش‌اندام",
            "sources": "https://t.me/RememberTheirNames/1517"
          },
          {
            "date": "1767889800",
            "image": "photos/photo_1429@27-01-2026_20-48-33.jpg",
            "rtn_id": "1440",
            "name:fa": "کامران علیزاده",
            "sources": "https://t.me/RememberTheirNames/1518"
          },
          {
            "date": "1767889800",
            "image": "photos/photo_1434@27-01-2026_21-31-56.jpg",
            "rtn_id": "1445",
            "name:fa": "امیرحسین مرادی ۱۶ ساله",
            "sources": "https://t.me/RememberTheirNames/1524"
          },
          {
            "date": "1767976200",
            "image": "photos/photo_1439@27-01-2026_21-47-56.jpg",
            "rtn_id": "1450",
            "name:fa": "مرتضی قربانی",
            "sources": "https://t.me/RememberTheirNames/1529"
          },
          {
            "date": "1767889800",
            "image": "photos/photo_1446@27-01-2026_22-26-44.jpg",
            "rtn_id": "1457",
            "name:fa": "حسین نیک‌سرشت",
            "sources": "https://t.me/RememberTheirNames/1536"
          },
          {
            "date": "1767889800",
            "image": "photos/photo_1500@28-01-2026_13-02-41.jpg",
            "rtn_id": "1511",
            "name:fa": "مهدی درزی",
            "sources": "https://t.me/RememberTheirNames/1595"
          },
          {
            "date": "1767976200",
            "image": "photos/photo_1534@28-01-2026_17-45-57.jpg",
            "rtn_id": "1545",
            "name:fa": "مصطفی صابر",
            "sources": "https://t.me/RememberTheirNames/1630"
          },
          {
            "date": "1767976200",
            "image": "photos/photo_1556@28-01-2026_20-26-45.jpg",
            "rtn_id": "1567",
            "name:fa": "ابوالفضل رضایی",
            "sources": "https://t.me/RememberTheirNames/1652"
          },
          {
            "date": "1767889800",
            "image": "photos/photo_1559@28-01-2026_20-30-42.jpg",
            "rtn_id": "1570",
            "name:fa": "حمید برومند",
            "sources": "https://t.me/RememberTheirNames/1655"
          },
          {
            "date": "1767889800",
            "image": "photos/photo_1562@28-01-2026_20-35-18.jpg",
            "rtn_id": "1573",
            "name:fa": "زهرا نجفی (باردار بود)",
            "sources": "https://t.me/RememberTheirNames/1658"
          },
          {
            "date": "1767889800",
            "image": "photos/photo_1583@29-01-2026_12-00-19.jpg",
            "rtn_id": "1594",
            "name:fa": "مریم لقمانی",
            "sources": "https://t.me/RememberTheirNames/1679"
          },
          {
            "date": "1767889800",
            "image": "photos/photo_1592@29-01-2026_14-46-47.jpg",
            "rtn_id": "1603",
            "name:fa": "علیرضا قسیمی",
            "sources": "https://t.me/RememberTheirNames/1689"
          },
          {
            "date": null,
            "image": "photos/photo_1616@29-01-2026_18-58-15.jpg",
            "rtn_id": "1627",
            "name:fa": "ارشیا عسکری ۱۷ ساله",
            "sources": "https://t.me/RememberTheirNames/1713"
          },
          {
            "date": "1767889800",
            "image": "photos/photo_1635@29-01-2026_22-53-10.jpg",
            "rtn_id": "1646",
            "name:fa": "امیر فرهادی",
            "sources": "https://t.me/RememberTheirNames/1732"
          },
          {
            "date": "1767889800",
            "image": "photos/photo_1642@30-01-2026_00-00-14.jpg",
            "rtn_id": "1653",
            "name:fa": "امیرحسین امیری وفا",
            "sources": "https://t.me/RememberTheirNames/1739"
          },
          {
            "date": "1767976200",
            "image": "photos/photo_1658@30-01-2026_10-49-03.jpg",
            "rtn_id": "1669",
            "name:fa": "ایمان اسدی",
            "sources": "https://t.me/RememberTheirNames/1756"
          },
          {
            "date": "1767976200",
            "image": "photos/photo_1662@30-01-2026_12-23-48.jpg",
            "rtn_id": "1673",
            "name:fa": "ابوالفضل نوروزی ۱۴ ساله",
            "sources": "https://t.me/RememberTheirNames/1761"
          },
          {
            "date": "1767976200",
            "image": "photos/photo_1671@30-01-2026_14-41-52.jpg",
            "rtn_id": "1682",
            "name:fa": "امیر صیامی خضری",
            "sources": "https://t.me/RememberTheirNames/1770"
          },
          {
            "date": "1768062600",
            "image": "photos/photo_1672@30-01-2026_14-44-15.jpg",
            "rtn_id": "1683",
            "name:fa": "علی نجف‌زاده",
            "sources": "https://t.me/RememberTheirNames/1771"
          },
          {
            "date": "1767976200",
            "image": "photos/photo_1706@30-01-2026_18-49-06.jpg",
            "rtn_id": "1717",
            "name:fa": "حسین دلدار",
            "sources": "https://t.me/RememberTheirNames/1811"
          },
          {
            "date": null,
            "image": "photos/photo_1719@30-01-2026_20-19-12.jpg",
            "rtn_id": "1730",
            "name:fa": "عرفان حسن‌نژاد ۱۷ساله",
            "sources": "https://t.me/RememberTheirNames/1825"
          },
          {
            "date": "1767976200",
            "image": "photos/photo_1720@30-01-2026_20-26-15.jpg",
            "rtn_id": "1731",
            "name:fa": "محمد شریفی",
            "sources": "https://t.me/RememberTheirNames/1827"
          },
          {
            "date": "1767976200",
            "image": "photos/photo_1728@30-01-2026_21-29-16.jpg",
            "rtn_id": "1739",
            "name:fa": "افسانه محمدعلیزاده",
            "sources": "https://t.me/RememberTheirNames/1836"
          },
          {
            "date": "1767889800",
            "image": "photos/photo_1737@30-01-2026_22-36-06.jpg",
            "rtn_id": "1748",
            "name:fa": "امیرعباس رعنایی ۱۷ ساله",
            "sources": "https://t.me/RememberTheirNames/1845"
          },
          {
            "date": "1767976200",
            "image": "photos/photo_1767@31-01-2026_12-39-25.jpg",
            "rtn_id": "1778",
            "name:fa": "دانیال ریوندی",
            "sources": "https://t.me/RememberTheirNames/1875"
          },
          {
            "date": "1767889800",
            "image": "photos/photo_1768@31-01-2026_12-42-33.jpg",
            "rtn_id": "1779",
            "name:fa": "محمدرضا صاعدی",
            "sources": "https://t.me/RememberTheirNames/1876"
          },
          {
            "date": "1767976200",
            "image": "photos/photo_1771@31-01-2026_12-58-15.jpg",
            "rtn_id": "1782",
            "name:fa": "ناصر دادخدایی",
            "sources": "https://t.me/RememberTheirNames/1879"
          },
          {
            "date": "1767976200",
            "image": "photos/photo_1608@29-01-2026_17-27-58.jpg",
            "rtn_id": "1619",
            "name:fa": "داوود صفایی",
            "sources": "https://t.me/RememberTheirNames/1705"
          },
          {
            "date": "1767976200",
            "image": "photos/photo_1722@30-01-2026_20-32-56.jpg",
            "rtn_id": "1733",
            "name:fa": "سجاد قادری",
            "sources": "https://t.me/RememberTheirNames/1829"
          },
          {
            "date": "1767889800",
            "image": "photos/photo_1430@27-01-2026_20-50-33.jpg",
            "rtn_id": "1441",
            "name:fa": "حمیدرضا حدادی شاندیز",
            "sources": "https://t.me/RememberTheirNames/1520"
          },
          {
            "date": "1767889800",
            "image": "photos/photo_1520@28-01-2026_15-37-12.jpg",
            "rtn_id": "1531",
            "name:fa": "فاطمه (لونا) کرمانی‌نژاد",
            "sources": "https://t.me/RememberTheirNames/1615"
          },
          {
            "date": "1767889800",
            "image": "photos/photo_1551@28-01-2026_19-08-23.jpg",
            "rtn_id": "1562",
            "name:fa": "حسین رضایی",
            "sources": "https://t.me/RememberTheirNames/1647"
          },
          {
            "date": "1767889800",
            "image": "photos/photo_1820@31-01-2026_14-51-29.jpg",
            "rtn_id": "1832",
            "name:fa": "جواد ضابط لقایی",
            "sources": "https://t.me/RememberTheirNames/1932"
          },
          {
            "date": "1767976200",
            "image": "photos/photo_1821@31-01-2026_14-54-19.jpg",
            "rtn_id": "1833",
            "name:fa": "امیرحسین کاوه",
            "sources": "https://t.me/RememberTheirNames/1933"
          },
          {
            "date": "1767889800",
            "image": "photos/photo_1830@01-02-2026_02-36-37.jpg",
            "rtn_id": "1843",
            "name:fa": "ساناز موسوی",
            "sources": "https://t.me/RememberTheirNames/1942"
          },
          {
            "date": "1767976200",
            "image": "photos/photo_1841@01-02-2026_06-08-46.jpg",
            "rtn_id": "1854",
            "name:fa": "محمدحسین غلامی",
            "sources": "https://t.me/RememberTheirNames/1953"
          },
          {
            "date": "1767889800",
            "image": "photos/photo_1842@01-02-2026_06-13-47.jpg",
            "rtn_id": "1855",
            "name:fa": "احمد نیازی",
            "sources": "https://t.me/RememberTheirNames/1955"
          },
          {
            "date": "1767889800",
            "image": "photos/photo_1849@01-02-2026_09-19-24.jpg",
            "rtn_id": "1862",
            "name:fa": "علی جاوید (پدر)",
            "sources": "https://t.me/RememberTheirNames/1962"
          },
          {
            "date": "1767889800",
            "image": "photos/photo_1852@01-02-2026_09-51-52.jpg",
            "rtn_id": "1866",
            "name:fa": "محمد عبدی",
            "sources": "https://t.me/RememberTheirNames/1965"
          },
          {
            "date": "1767889845-1768161645",
            "image": "photos/photo_1853@01-02-2026_10-00-00.jpg",
            "rtn_id": "1867",
            "name:fa": "فائزه حسین‌نژاد",
            "sources": "https://t.me/RememberTheirNames/1966"
          },
          {
            "date": "1767889800",
            "image": "photos/photo_1870@01-02-2026_11-52-46.jpg",
            "rtn_id": "1884",
            "name:fa": "ابوالفضل حبیب‌زاده ویرانی",
            "sources": "https://t.me/RememberTheirNames/1983"
          },
          {
            "date": "1767889845-1768161645",
            "image": "photos/photo_1876@01-02-2026_12-24-42.jpg",
            "rtn_id": "1890",
            "name:fa": "علیرضا علی‌نیاکاریزکی",
            "sources": "https://t.me/RememberTheirNames/1990"
          },
          {
            "date": "1767889800",
            "image": "photos/photo_1901@01-02-2026_15-15-29.jpg",
            "rtn_id": "1915",
            "name:fa": "امیرمسعود احمدی",
            "sources": "https://t.me/RememberTheirNames/2018"
          },
          {
            "date": "1767889845-1768161645",
            "image": "photos/photo_1918@01-02-2026_16-22-26.jpg",
            "rtn_id": "1932",
            "name:fa": "ابوالفضل خان‌قیطاقی",
            "sources": "https://t.me/RememberTheirNames/2035"
          },
          {
            "date": "1767976200",
            "image": "photos/photo_1942@02-02-2026_04-11-42.jpg",
            "rtn_id": "1956",
            "name:fa": "سارا سعیدی احمدآباد",
            "sources": "https://t.me/RememberTheirNames/2061"
          },
          {
            "date": "1767976200",
            "image": "photos/photo_1974@02-02-2026_12-59-00.jpg",
            "rtn_id": "1988",
            "name:fa": "محمدصدرا زارعین",
            "sources": "https://t.me/RememberTheirNames/2096"
          },
          {
            "date": "1767976200",
            "image": "photos/photo_2017@03-02-2026_09-22-42.jpg",
            "rtn_id": "2031",
            "name:fa": "مهدی محمدزاده",
            "sources": "https://t.me/RememberTheirNames/2143"
          },
          {
            "date": "1767889845-1768161645",
            "image": "photos/photo_2021@03-02-2026_10-07-40.jpg",
            "rtn_id": "2035",
            "name:fa": "علیرضا سالارحسینی",
            "sources": "https://t.me/RememberTheirNames/2147"
          },
          {
            "date": "1767889800",
            "image": "photos/photo_2023@03-02-2026_10-51-38.jpg",
            "rtn_id": "2037",
            "name:fa": "آرین کریمیان خاکستر",
            "sources": "https://t.me/RememberTheirNames/2150"
          },
          {
            "date": "1767976200",
            "image": "photos/photo_2031@03-02-2026_12-01-51.jpg",
            "rtn_id": "2045",
            "name:fa": "رضا قاسمی",
            "sources": "https://t.me/RememberTheirNames/2158"
          },
          {
            "date": "1767976200",
            "image": "photos/photo_2050@03-02-2026_15-27-01.jpg",
            "rtn_id": "2064",
            "name:fa": "عارف آگاه قلندرآباد",
            "sources": "https://t.me/RememberTheirNames/2178"
          },
          {
            "date": "1767889800",
            "image": "photos/photo_2053@03-02-2026_15-55-12.jpg",
            "rtn_id": "2067",
            "name:fa": "امیراردلان امیری",
            "sources": "https://t.me/RememberTheirNames/2181"
          },
          {
            "date": "1767889800",
            "image": "photos/photo_2061@04-02-2026_03-10-27.jpg",
            "rtn_id": "2075",
            "name:fa": "حمیدرضا برومندی رادکانی",
            "sources": "https://t.me/RememberTheirNames/2189"
          },
          {
            "date": "1767889800",
            "image": "photos/photo_2072@04-02-2026_05-05-55.jpg",
            "rtn_id": "2086",
            "name:fa": "محدثه مالکی",
            "sources": "https://t.me/RememberTheirNames/2201"
          },
          {
            "date": "1767976200",
            "image": "photos/photo_2075@04-02-2026_05-30-36.jpg",
            "rtn_id": "2089",
            "name:fa": "الهه بازیار",
            "sources": "https://t.me/RememberTheirNames/2204"
          },
          {
            "date": "1767889800",
            "image": "photos/photo_2083@04-02-2026_07-10-46.jpg",
            "rtn_id": "2097",
            "name:fa": "علی حسن‌زاده ۱۷ ساله",
            "sources": "https://t.me/RememberTheirNames/2212"
          },
          {
            "date": "1767889800",
            "image": "photos/photo_2086@04-02-2026_07-25-25.jpg",
            "rtn_id": "2100",
            "name:fa": "بهروز (شاهرخ) ارشی",
            "sources": "https://t.me/RememberTheirNames/2215"
          },
          {
            "date": "1767889800",
            "image": "photos/photo_2102@04-02-2026_13-38-18.jpg",
            "rtn_id": "2116",
            "name:fa": "امیر غلامی",
            "sources": "https://t.me/RememberTheirNames/2232"
          },
          {
            "date": "1767889800",
            "image": "photos/photo_2113@04-02-2026_14-13-46.jpg",
            "rtn_id": "2127",
            "name:fa": "امید احمدی",
            "sources": "https://t.me/RememberTheirNames/2243"
          },
          {
            "date": "1767889800",
            "image": "photos/photo_2116@04-02-2026_14-41-13.jpg",
            "rtn_id": "2130",
            "name:fa": "عماد قاسمی",
            "sources": "https://t.me/RememberTheirNames/2246"
          },
          {
            "date": "1767976200",
            "image": "photos/photo_2120@04-02-2026_15-19-29.jpg",
            "rtn_id": "2134",
            "name:fa": "امیرعلی صیامی ۱۷ ساله",
            "sources": "https://t.me/RememberTheirNames/2251"
          },
          {
            "date": "1767889800",
            "image": "photos/photo_2122@04-02-2026_15-34-28.jpg",
            "rtn_id": "2136",
            "name:fa": "عیسی یعقوبی بنی‌تاک",
            "sources": "https://t.me/RememberTheirNames/2253"
          },
          {
            "date": "1767976200",
            "image": "photos/photo_2138@04-02-2026_16-59-10.jpg",
            "rtn_id": "2152",
            "name:fa": "عاطفه عابد",
            "sources": "https://t.me/RememberTheirNames/2270"
          },
          {
            "date": "1767889800",
            "image": "photos/photo_2142@05-02-2026_04-16-42.jpg",
            "rtn_id": "2156",
            "name:fa": "ابوالفضل هاشمی مقدم",
            "sources": "https://t.me/RememberTheirNames/2274"
          },
          {
            "date": "1767889800",
            "image": "photos/photo_2153@05-02-2026_05-12-08.jpg",
            "rtn_id": "2167",
            "name:fa": "محمد ملکشاهیان",
            "sources": "https://t.me/RememberTheirNames/2285"
          },
          {
            "date": "1767889800",
            "image": "photos/photo_2166@05-02-2026_07-08-42.jpg",
            "rtn_id": "2180",
            "name:fa": "روح‌الله مهدیان",
            "sources": "https://t.me/RememberTheirNames/2298"
          },
          {
            "date": "1767976200",
            "image": "photos/photo_2175@05-02-2026_07-57-52.jpg",
            "rtn_id": "2189",
            "name:fa": "احسان رسولی",
            "sources": "https://t.me/RememberTheirNames/2307"
          },
          {
            "date": "1767976200",
            "image": "photos/photo_2180@05-02-2026_08-36-09.jpg",
            "rtn_id": "2194",
            "name:fa": "مجتبی محمدزاده",
            "sources": "https://t.me/RememberTheirNames/2312"
          },
          {
            "date": "1767976200",
            "image": "photos/photo_2184@05-02-2026_08-50-20.jpg",
            "rtn_id": "2198",
            "name:fa": "یونس (سامان) درمیان",
            "sources": "https://t.me/RememberTheirNames/2316"
          },
          {
            "date": "1767976200",
            "image": "photos/photo_2196@05-02-2026_12-37-36.jpg",
            "rtn_id": "2210",
            "name:fa": "مهدی شمس‌آبادی",
            "sources": "https://t.me/RememberTheirNames/2329"
          },
          {
            "date": "1767889845-1768161645",
            "image": "photos/photo_2210@05-02-2026_14-40-00.jpg",
            "rtn_id": "2224",
            "name:fa": "طاهره عرب‌نژاد",
            "sources": "https://t.me/RememberTheirNames/2343"
          },
          {
            "date": "1767889800",
            "image": "photos/photo_2211@05-02-2026_14-44-47.jpg",
            "rtn_id": "2225",
            "name:fa": "سجاد موسوی",
            "sources": "https://t.me/RememberTheirNames/2344"
          },
          {
            "date": "1767889800",
            "image": "photos/photo_2217@05-02-2026_15-12-08.jpg",
            "rtn_id": "2231",
            "name:fa": "علی امیردادی ۱۴ساله",
            "sources": "https://t.me/RememberTheirNames/2350"
          },
          {
            "date": "1767976200",
            "image": "photos/photo_2219@05-02-2026_15-25-25.jpg",
            "rtn_id": "2233",
            "name:fa": "مهدی صبوری",
            "sources": "https://t.me/RememberTheirNames/2352"
          },
          {
            "date": "1767889845-1768161645",
            "image": "photos/photo_2241@06-02-2026_02-25-59.jpg",
            "rtn_id": "2255",
            "name:fa": "احمد آهنچیان",
            "sources": "https://t.me/RememberTheirNames/2375"
          },
          {
            "date": "1767889800",
            "image": "photos/photo_2242@06-02-2026_02-28-33.jpg",
            "rtn_id": "2256",
            "name:fa": "اسماعیل پیشرو ۱۷ ساله",
            "sources": "https://t.me/RememberTheirNames/2376"
          },
          {
            "date": "1767889800",
            "image": "photos/photo_2244@06-02-2026_02-36-53.jpg",
            "rtn_id": "2258",
            "name:fa": "امید رمضان‌نیا",
            "sources": "https://t.me/RememberTheirNames/2378"
          },
          {
            "date": "1767889800",
            "image": "photos/photo_2256@06-02-2026_05-38-24.jpg",
            "rtn_id": "2271",
            "name:fa": "جواد قصابی‌فرد",
            "sources": "https://t.me/RememberTheirNames/2390"
          },
          {
            "date": "1767889800",
            "image": "photos/photo_2260@06-02-2026_05-57-52.jpg",
            "rtn_id": "2275",
            "name:fa": "امیررضا اخلاقی",
            "sources": "https://t.me/RememberTheirNames/2394"
          },
          {
            "date": "1767889800",
            "image": "photos/photo_2271@06-02-2026_08-47-27.jpg",
            "rtn_id": "2286",
            "name:fa": "پریسا جهانی",
            "sources": "https://t.me/RememberTheirNames/2405"
          },
          {
            "date": "1767889800",
            "image": "photos/photo_2287@06-02-2026_11-34-08.jpg",
            "rtn_id": "2302",
            "name:fa": "بهروز گنگ",
            "sources": "https://t.me/RememberTheirNames/2422"
          },
          {
            "date": "1767976200",
            "image": "photos/photo_1886@01-02-2026_13-22-42.jpg",
            "rtn_id": "1900",
            "name:fa": "احسان گلمکانی",
            "sources": "https://t.me/RememberTheirNames/2002"
          },
          {
            "date": "1767976200",
            "image": "photos/photo_1887@01-02-2026_13-37-51.jpg",
            "rtn_id": "1901",
            "name:fa": "جعفر موحدپور",
            "sources": "https://t.me/RememberTheirNames/2003"
          },
          {
            "date": "1767889800",
            "image": "photos/photo_2095@04-02-2026_12-05-18.jpg",
            "rtn_id": "2109",
            "name:fa": "جواد روشندل",
            "sources": "https://t.me/RememberTheirNames/2224"
          },
          {
            "date": "1767889800",
            "image": "photos/photo_2300@06-02-2026_12-29-57.jpg",
            "rtn_id": "2315",
            "name:fa": "جواد جاهدی",
            "sources": "https://t.me/RememberTheirNames/2436"
          },
          {
            "date": "1767889800",
            "image": "photos/photo_2302@06-02-2026_12-32-48.jpg",
            "rtn_id": "2317",
            "name:fa": "جواد جعفری راد",
            "sources": "https://t.me/RememberTheirNames/2438"
          },
          {
            "date": "1767889845-1768161645",
            "image": "photos/photo_2303@06-02-2026_12-36-21.jpg",
            "rtn_id": "2318",
            "name:fa": "جواد سپاهیان",
            "sources": "https://t.me/RememberTheirNames/2439"
          },
          {
            "date": "1767976200",
            "image": "photos/photo_2331@07-02-2026_03-46-28.jpg",
            "rtn_id": "2346",
            "name:fa": "رستم ساکت",
            "sources": "https://t.me/RememberTheirNames/2468"
          },
          {
            "date": "1767976200",
            "image": "photos/photo_2350@07-02-2026_12-07-46.jpg",
            "rtn_id": "2365",
            "name:fa": "محمد احسانی قهرمانلو",
            "sources": "https://t.me/RememberTheirNames/2488"
          },
          {
            "date": "1767889800",
            "image": "photos/photo_2351@07-02-2026_12-19-38.jpg",
            "rtn_id": "2366",
            "name:fa": "حمیدرضا رفیعی",
            "sources": "https://t.me/RememberTheirNames/2489"
          },
          {
            "date": "1767976200",
            "image": "photos/photo_2366@08-02-2026_03-07-27.jpg",
            "rtn_id": "2381",
            "name:fa": "ابوالفضل کلالی",
            "sources": "https://t.me/RememberTheirNames/2504"
          },
          {
            "date": "1767976200",
            "image": "photos/photo_2369@08-02-2026_03-32-02.jpg",
            "rtn_id": "2384",
            "name:fa": "فرهاد مینا",
            "sources": "https://t.me/RememberTheirNames/2508"
          },
          {
            "date": "1767889800",
            "image": "photos/photo_2372@08-02-2026_03-52-08.jpg",
            "rtn_id": "2387",
            "name:fa": "رضا قلی‌‌پور",
            "sources": "https://t.me/RememberTheirNames/2512"
          },
          {
            "date": "1767889800",
            "image": "photos/photo_2381@08-02-2026_04-33-26.jpg",
            "rtn_id": "2396",
            "name:fa": "رضا اسماعیل‌زاده",
            "sources": "https://t.me/RememberTheirNames/2522"
          },
          {
            "date": "1767976200",
            "image": "photos/photo_2390@08-02-2026_06-30-03.jpg",
            "rtn_id": "2405",
            "name:fa": "ابراهیم میراسماعیلی",
            "sources": "https://t.me/RememberTheirNames/2531"
          },
          {
            "date": "1767889800",
            "image": "photos/photo_2392@08-02-2026_06-37-20.jpg",
            "rtn_id": "2407",
            "name:fa": "حسین غلامی",
            "sources": "https://t.me/RememberTheirNames/2533"
          },
          {
            "date": "1767976200",
            "image": "photos/photo_2395@08-02-2026_06-51-22.jpg",
            "rtn_id": "2410",
            "name:fa": "علی سرایی",
            "sources": "https://t.me/RememberTheirNames/2536"
          },
          {
            "date": "1767889800",
            "image": "photos/photo_2445@08-02-2026_13-26-08.jpg",
            "rtn_id": "2460",
            "name:fa": "امیر قنایی",
            "sources": "https://t.me/RememberTheirNames/2590"
          },
          {
            "date": "1767889800",
            "image": "photos/photo_2448@08-02-2026_14-06-07.jpg",
            "rtn_id": "2463",
            "name:fa": "احمد حیدریان",
            "sources": "https://t.me/RememberTheirNames/2593"
          },
          {
            "date": "1767976200",
            "image": "photos/photo_2454@08-02-2026_15-39-45.jpg",
            "rtn_id": "2469",
            "name:fa": "فاطمه امام‌دوست",
            "sources": "https://t.me/RememberTheirNames/2599"
          },
          {
            "date": "1767976200",
            "image": "photos/photo_2458@08-02-2026_16-42-48.jpg",
            "rtn_id": "2473",
            "name:fa": "الیاس رافعی",
            "sources": "https://t.me/RememberTheirNames/2603"
          },
          {
            "date": "1767976200",
            "image": "photos/photo_2461@08-02-2026_17-00-38.jpg",
            "rtn_id": "2476",
            "name:fa": "مصطفی یارسرخ‌آبادی",
            "sources": "https://t.me/RememberTheirNames/2606"
          },
          {
            "date": "1767889800",
            "image": "photos/photo_2464@08-02-2026_17-19-13.jpg",
            "rtn_id": "2479",
            "name:fa": "جواد وطن‌خواه",
            "sources": "https://t.me/RememberTheirNames/2609"
          },
          {
            "date": "1767976200",
            "image": "photos/photo_2470@08-02-2026_17-42-44.jpg",
            "rtn_id": "2485",
            "name:fa": "وحید ترابزاده",
            "sources": "https://t.me/RememberTheirNames/2615"
          },
          {
            "date": "1767889845-1768161645",
            "image": "photos/photo_2475@09-02-2026_03-20-13.jpg",
            "rtn_id": "2490",
            "name:fa": "حمید زنده",
            "sources": "https://t.me/RememberTheirNames/2620"
          },
          {
            "date": "1767889800",
            "image": "photos/photo_2481@09-02-2026_06-08-20.jpg",
            "rtn_id": "2496",
            "name:fa": "علیرضا شهسوار",
            "sources": "https://t.me/RememberTheirNames/2626"
          },
          {
            "date": "1767976200",
            "image": "photos/photo_2493@09-02-2026_06-59-19.jpg",
            "rtn_id": "2508",
            "name:fa": "سعیده الهام",
            "sources": "https://t.me/RememberTheirNames/2639"
          },
          {
            "date": "1767976200",
            "image": "photos/photo_2501@09-02-2026_07-54-21.jpg",
            "rtn_id": "2516",
            "name:fa": "مهدی فولادی",
            "sources": "https://t.me/RememberTheirNames/2647"
          },
          {
            "date": "1767889800",
            "image": "photos/photo_2505@09-02-2026_10-37-59.jpg",
            "rtn_id": "2520",
            "name:fa": "علی حیدری",
            "sources": "https://t.me/RememberTheirNames/2651"
          },
          {
            "date": "1767889800",
            "image": "photos/photo_2519@09-02-2026_13-18-21.jpg",
            "rtn_id": "2534",
            "name:fa": "محراب تحققی",
            "sources": "https://t.me/RememberTheirNames/2665"
          },
          {
            "date": "1767889800",
            "image": "photos/photo_2520@09-02-2026_13-26-16.jpg",
            "rtn_id": "2535",
            "name:fa": "مجید خردمند",
            "sources": "https://t.me/RememberTheirNames/2666"
          },
          {
            "date": "1767889800",
            "image": "photos/photo_2529@09-02-2026_15-51-39.jpg",
            "rtn_id": "2544",
            "name:fa": "یوسف الهامی",
            "sources": "https://t.me/RememberTheirNames/2684"
          },
          {
            "date": "1767976200",
            "image": "photos/photo_2554@10-02-2026_05-14-45.jpg",
            "rtn_id": "2569",
            "name:fa": "محمدجواد ترابیان",
            "sources": "https://t.me/RememberTheirNames/2711"
          },
          {
            "date": "1767976200",
            "image": "photos/photo_2563@10-02-2026_07-29-11.jpg",
            "rtn_id": "2578",
            "name:fa": "محمدمهدی جنگجو",
            "sources": "https://t.me/RememberTheirNames/2720"
          },
          {
            "date": "1767889845-1768161645",
            "image": "photos/photo_2572@10-02-2026_14-07-31.jpg",
            "rtn_id": "2587",
            "name:fa": "هادی مروت",
            "sources": "https://t.me/RememberTheirNames/2729"
          },
          {
            "date": "1767889800",
            "image": "photos/photo_2573@10-02-2026_14-49-58.jpg",
            "rtn_id": "2588",
            "name:fa": "مهدی مردان‌‌نیک",
            "sources": "https://t.me/RememberTheirNames/2730"
          },
          {
            "date": "1767889845-1768161645",
            "image": "photos/photo_2591@11-02-2026_05-23-20.jpg",
            "rtn_id": "2606",
            "name:fa": "حامد میرزاده",
            "sources": "https://t.me/RememberTheirNames/2749"
          },
          {
            "date": "1767889845-1768161645",
            "image": "photos/photo_2593@11-02-2026_05-47-38.jpg",
            "rtn_id": "2608",
            "name:fa": "مرتضی دلنواز",
            "sources": "https://t.me/RememberTheirNames/2751"
          },
          {
            "date": "1767889845-1768161645",
            "image": "photos/photo_2594@11-02-2026_06-32-09.jpg",
            "rtn_id": "2609",
            "name:fa": "مرتضی رادمهر",
            "sources": "https://t.me/RememberTheirNames/2752"
          },
          {
            "date": "1767976200",
            "image": "photos/photo_2595@11-02-2026_06-43-59.jpg",
            "rtn_id": "2610",
            "name:fa": "مهدی شبانی",
            "sources": "https://t.me/RememberTheirNames/2753"
          },
          {
            "date": "1767976200",
            "image": "photos/photo_2596@11-02-2026_06-50-09.jpg",
            "rtn_id": "2611",
            "name:fa": "عقیل عباسی خروی",
            "sources": "https://t.me/RememberTheirNames/2754"
          },
          {
            "date": "1767889800",
            "image": "photos/photo_2599@11-02-2026_07-08-53.jpg",
            "rtn_id": "2614",
            "name:fa": "مهدی قاسم‌پور",
            "sources": "https://t.me/RememberTheirNames/2757"
          },
          {
            "date": "1767889800",
            "image": "photos/photo_2607@11-02-2026_08-42-27.jpg",
            "rtn_id": "2622",
            "name:fa": "یوسف ساقی",
            "sources": "https://t.me/RememberTheirNames/2767"
          },
          {
            "date": "1767889800",
            "image": "photos/photo_2608@11-02-2026_08-48-51.jpg",
            "rtn_id": "2623",
            "name:fa": "مجتبی اکبری",
            "sources": "https://t.me/RememberTheirNames/2768"
          },
          {
            "date": "1767976200",
            "image": "photos/photo_2610@11-02-2026_09-41-45.jpg",
            "rtn_id": "2625",
            "name:fa": "امیرحسین قارداشی",
            "sources": "https://t.me/RememberTheirNames/2771"
          },
          {
            "date": "1767889800",
            "image": "photos/photo_2637@12-02-2026_12-18-55.jpg",
            "rtn_id": "2652",
            "name:fa": "محمد پاکباز",
            "sources": "https://t.me/RememberTheirNames/2799"
          },
          {
            "date": "1767889800",
            "image": "photos/photo_2644@12-02-2026_15-09-24.jpg",
            "rtn_id": "2659",
            "name:fa": "محمد کربلایی",
            "sources": "https://t.me/RememberTheirNames/2806"
          },
          {
            "date": "1767976200",
            "image": "photos/photo_2355@07-02-2026_13-55-54.jpg",
            "rtn_id": "2370",
            "name:fa": "هادی مهرآمیز",
            "sources": "https://t.me/RememberTheirNames/2493"
          },
          {
            "date": "1767889800",
            "image": "photos/photo_2442@08-02-2026_12-28-13.jpg",
            "rtn_id": "2457",
            "name:fa": "حسین غلامی",
            "sources": "https://t.me/RememberTheirNames/2587"
          },
          {
            "date": "1767889800",
            "image": "photos/photo_2592@11-02-2026_05-39-49.jpg",
            "rtn_id": "2607",
            "name:fa": "علیرضا علی‌نیا کاریزکی",
            "sources": "https://t.me/RememberTheirNames/2750"
          },
          {
            "date": "1767889800",
            "image": "photos/photo_2498@09-02-2026_07-32-30.jpg",
            "rtn_id": "2513",
            "name:fa": "حمیده سالارزاده",
            "sources": "https://t.me/RememberTheirNames/2644"
          },
          {
            "date": "1767976200",
            "image": "photos/photo_2650@13-02-2026_01-19-05.jpg",
            "rtn_id": "2665",
            "name:fa": "حسام قنبری",
            "sources": "https://t.me/RememberTheirNames/2812"
          },
          {
            "date": "1767889800",
            "image": "photos/photo_2665@13-02-2026_12-47-24.jpg",
            "rtn_id": "2680",
            "name:fa": "مهدی قربانیان",
            "sources": "https://t.me/RememberTheirNames/2827"
          },
          {
            "date": "1767889800",
            "image": "photos/photo_2669@13-02-2026_13-27-35.jpg",
            "rtn_id": "2684",
            "name:fa": "طاهره (شبنم) سلمانیان",
            "sources": "https://t.me/RememberTheirNames/2831"
          },
          {
            "date": "1767976200",
            "image": "photos/photo_2677@13-02-2026_15-50-54.jpg",
            "rtn_id": "2692",
            "name:fa": "ناصر ضیایی‌پور",
            "sources": "https://t.me/RememberTheirNames/2839"
          },
          {
            "date": "1767889800",
            "image": "photos/photo_2679@13-02-2026_16-01-58.jpg",
            "rtn_id": "2694",
            "name:fa": "امیرعباس همایی‌فرد",
            "sources": "https://t.me/RememberTheirNames/2841"
          },
          {
            "date": "1767889800",
            "image": "photos/photo_2680@13-02-2026_16-06-03.jpg",
            "rtn_id": "2695",
            "name:fa": "مصطفی (شاهین) قاسمی",
            "sources": "https://t.me/RememberTheirNames/2842"
          },
          {
            "date": "1767889800",
            "image": "photos/photo_2681@13-02-2026_16-09-42.jpg",
            "rtn_id": "2696",
            "name:fa": "مهدی سهرابی",
            "sources": "https://t.me/RememberTheirNames/2843"
          },
          {
            "date": "1767889800",
            "image": "photos/photo_2684@13-02-2026_16-33-01.jpg",
            "rtn_id": "2699",
            "name:fa": "مسعود عدالتیان",
            "sources": "https://t.me/RememberTheirNames/2846"
          },
          {
            "date": "1767889845-1768161645",
            "image": "photos/photo_2690@14-02-2026_03-30-37.jpg",
            "rtn_id": "2705",
            "name:fa": "علی نادری",
            "sources": "https://t.me/RememberTheirNames/2852"
          },
          {
            "date": "1767976200",
            "image": "photos/photo_2691@14-02-2026_03-36-16.jpg",
            "rtn_id": "2706",
            "name:fa": "رضا بلندین",
            "sources": "https://t.me/RememberTheirNames/2853"
          },
          {
            "date": "1767889800",
            "image": "photos/photo_2692@14-02-2026_03-44-30.jpg",
            "rtn_id": "2707",
            "name:fa": "علی طبسی فیض‌آبادی",
            "sources": "https://t.me/RememberTheirNames/2854"
          },
          {
            "date": "1767889800",
            "image": "photos/photo_2694@14-02-2026_03-51-30.jpg",
            "rtn_id": "2709",
            "name:fa": "حسن صداقتکار",
            "sources": "https://t.me/RememberTheirNames/2856"
          },
          {
            "date": "1767889800",
            "image": "photos/photo_2695@14-02-2026_03-55-01.jpg",
            "rtn_id": "2710",
            "name:fa": "حمید باقری‌تبار",
            "sources": "https://t.me/RememberTheirNames/2857"
          },
          {
            "date": "1767889800",
            "image": "photos/photo_2696@14-02-2026_03-59-10.jpg",
            "rtn_id": "2711",
            "name:fa": "محمدمهدی یزدانی",
            "sources": "https://t.me/RememberTheirNames/2858"
          },
          {
            "date": "1767976200",
            "image": "photos/photo_2697@14-02-2026_04-01-17.jpg",
            "rtn_id": "2712",
            "name:fa": "جواد صفریان",
            "sources": "https://t.me/RememberTheirNames/2859"
          },
          {
            "date": "1767889800",
            "image": "photos/photo_2698@14-02-2026_04-05-01.jpg",
            "rtn_id": "2713",
            "name:fa": "علی عباسی",
            "sources": "https://t.me/RememberTheirNames/2860"
          },
          {
            "date": "1767889800",
            "image": "photos/photo_2699@14-02-2026_04-12-09.jpg",
            "rtn_id": "2714",
            "name:fa": "مهدی ساقی",
            "sources": "https://t.me/RememberTheirNames/2861"
          },
          {
            "date": "1767889845-1768161645",
            "image": "photos/photo_2700@14-02-2026_04-15-52.jpg",
            "rtn_id": "2715",
            "name:fa": "ابوالفضل طالبی",
            "sources": "https://t.me/RememberTheirNames/2862"
          },
          {
            "date": "1767889845-1768161645",
            "image": "photos/photo_2701@14-02-2026_04-17-56.jpg",
            "rtn_id": "2716",
            "name:fa": "رضا قاضی",
            "sources": "https://t.me/RememberTheirNames/2863"
          },
          {
            "date": "1767889845-1768161645",
            "image": "photos/photo_2705@14-02-2026_07-35-10.jpg",
            "rtn_id": "2720",
            "name:fa": "محمد انصاری",
            "sources": "https://t.me/RememberTheirNames/2867"
          },
          {
            "date": "1767976200",
            "image": "photos/photo_2707@14-02-2026_08-24-30.jpg",
            "rtn_id": "2722",
            "name:fa": "امیرحسین نصرتی ۱۶ساله",
            "sources": "https://t.me/RememberTheirNames/2870"
          },
          {
            "date": "1767976200",
            "image": "photos/photo_2711@14-02-2026_11-10-47.jpg",
            "rtn_id": "2726",
            "name:fa": "مرتضی پردل",
            "sources": "https://t.me/RememberTheirNames/2874"
          },
          {
            "date": "1767889845-1768161645",
            "image": "photos/photo_2712@14-02-2026_12-09-17.jpg",
            "rtn_id": "2727",
            "name:fa": "علی طرفی",
            "sources": "https://t.me/RememberTheirNames/2875"
          },
          {
            "date": "1767889800",
            "image": "photos/photo_2764@16-02-2026_14-44-19.jpg",
            "rtn_id": "2780",
            "name:fa": "مهدیار خسروی",
            "sources": "https://t.me/RememberTheirNames/2928"
          },
          {
            "date": "1767976200",
            "image": "photos/photo_2773@17-02-2026_02-48-14.jpg",
            "rtn_id": "2789",
            "name:fa": "مصیب سعیدی",
            "sources": "https://t.me/RememberTheirNames/2938"
          },
          {
            "date": "1767889800",
            "image": "photos/photo_2786@17-02-2026_04-25-22.jpg",
            "rtn_id": "2802",
            "name:fa": "ایلیا جعفری ثانی ۱۵ساله",
            "sources": "https://t.me/RememberTheirNames/2952"
          },
          {
            "date": "1767889800",
            "image": "photos/photo_2790@17-02-2026_06-12-41.jpg",
            "rtn_id": "2806",
            "name:fa": "علیرضا قدیری",
            "sources": "https://t.me/RememberTheirNames/2956"
          },
          {
            "date": "1767889800",
            "image": "photos/photo_2792@17-02-2026_06-58-06.jpg",
            "rtn_id": "2808",
            "name:fa": "خلیل شیخ‌سعدآبادی",
            "sources": "https://t.me/RememberTheirNames/2958"
          },
          {
            "date": "1767976200",
            "image": "photos/photo_2814@18-02-2026_02-51-09.jpg",
            "rtn_id": "2826",
            "name:fa": "آذرنوش خراسانی ۸ساله",
            "sources": "https://t.me/RememberTheirNames/2991"
          },
          {
            "date": "1767976200",
            "image": "photos/photo_2821@18-02-2026_06-44-15.jpg",
            "rtn_id": "2833",
            "name:fa": "مرتضی دهقانی",
            "sources": "https://t.me/RememberTheirNames/3000"
          },
          {
            "date": "1767976200",
            "image": "photos/photo_2828@18-02-2026_09-12-21.jpg",
            "rtn_id": "2840",
            "name:fa": "محمدرضا غلامزاده",
            "sources": "https://t.me/RememberTheirNames/3007"
          },
          {
            "date": "1767976200",
            "image": "photos/photo_2860@19-02-2026_11-19-52.jpg",
            "rtn_id": "2872",
            "name:fa": "مهدی چابک قوچانی",
            "sources": "https://t.me/RememberTheirNames/3041"
          },
          {
            "date": "1767976200",
            "image": "photos/photo_2875@20-02-2026_04-40-56.jpg",
            "rtn_id": "2887",
            "name:fa": "رضا شریفان",
            "sources": "https://t.me/RememberTheirNames/3056"
          },
          {
            "date": "1767976200",
            "image": "photos/photo_2890@20-02-2026_10-21-41.jpg",
            "rtn_id": "2902",
            "name:fa": "محمد حامد",
            "sources": "https://t.me/RememberTheirNames/3071"
          },
          {
            "date": "1767889845-1768161645",
            "image": "photos/photo_2900@21-02-2026_04-09-23.jpg",
            "rtn_id": "2912",
            "name:fa": "محمدجواد مددی",
            "sources": "https://t.me/RememberTheirNames/3082"
          },
          {
            "date": "1767889800",
            "image": "photos/photo_2917@21-02-2026_12-14-55.jpg",
            "rtn_id": "2929",
            "name:fa": "محمدامین ثابت",
            "sources": "https://t.me/RememberTheirNames/3101"
          },
          {
            "date": "1767889800",
            "image": "photos/photo_2682@13-02-2026_16-14-30.jpg",
            "rtn_id": "2697",
            "name:fa": "مریم سنجری",
            "sources": "https://t.me/RememberTheirNames/2844"
          },
          {
            "date": "1767976200",
            "image": "photos/photo_2693@14-02-2026_03-48-25.jpg",
            "rtn_id": "2708",
            "name:fa": "رضا نوروزی تخم‌مرز",
            "sources": "https://t.me/RememberTheirNames/2855"
          },
          {
            "date": "1767889800",
            "image": "photos/photo_2702@14-02-2026_04-29-24.jpg",
            "rtn_id": "2717",
            "name:fa": "محمود کاظمی",
            "sources": "https://t.me/RememberTheirNames/2864"
          },
          {
            "date": "1767889800",
            "image": "photos/photo_2718@15-02-2026_08-01-30.jpg",
            "rtn_id": "2733",
            "name:fa": "محمدامین مهماندار",
            "sources": "https://t.me/RememberTheirNames/2881"
          },
          {
            "date": "1767889800",
            "image": "photos/photo_2834@18-02-2026_13-29-56.jpg",
            "rtn_id": "2846",
            "name:fa": "حسن واعظی",
            "sources": "https://t.me/RememberTheirNames/3014"
          },
          {
            "date": "1771345800",
            "image": "photos/photo_2921@22-02-2026_03-12-27.jpg",
            "rtn_id": "2933",
            "name:fa": "آرین نباتی ۱۸ساله",
            "sources": "https://t.me/RememberTheirNames/3106"
          },
          {
            "date": "1767889800",
            "image": "photos/photo_2923@22-02-2026_03-32-36.jpg",
            "rtn_id": "2935",
            "name:fa": "امیرحسین صمدی",
            "sources": "https://t.me/RememberTheirNames/3108"
          },
          {
            "date": "1767976200",
            "image": "photos/photo_2924@22-02-2026_03-45-16.jpg",
            "rtn_id": "2936",
            "name:fa": "راهله (راحله) شرافتی مقدم",
            "sources": "https://t.me/RememberTheirNames/3109"
          },
          {
            "date": "1767889845-1768161645",
            "image": "photos/photo_2929@22-02-2026_08-36-53.jpg",
            "rtn_id": "2941",
            "name:fa": "آرش طلوع شیخ‌زاده",
            "sources": "https://t.me/RememberTheirNames/3114"
          },
          {
            "date": "1767976200",
            "image": "photos/photo_2953@23-02-2026_12-59-10.jpg",
            "rtn_id": "2965",
            "name:fa": "مجتبی امیری",
            "sources": "https://t.me/RememberTheirNames/3138"
          },
          {
            "date": "1767889800",
            "image": "photos/photo_2967@24-02-2026_04-04-18.jpg",
            "rtn_id": "2979",
            "name:fa": "محمدرضا الوندی",
            "sources": "https://t.me/RememberTheirNames/3154"
          },
          {
            "date": "1767976200",
            "image": "photos/photo_2972@24-02-2026_07-48-19.jpg",
            "rtn_id": "2984",
            "name:fa": "علی امیری",
            "sources": "https://t.me/RememberTheirNames/3159"
          },
          {
            "date": "1767889845-1768161645",
            "image": "photos/photo_2984@24-02-2026_15-45-27.jpg",
            "rtn_id": "2996",
            "name:fa": "مجید روحی محمدآبادی",
            "sources": "https://t.me/RememberTheirNames/3171"
          },
          {
            "date": "1767976200",
            "image": "photos/photo_2991@25-02-2026_03-36-48.jpg",
            "rtn_id": "3003",
            "name:fa": "امیر برومند",
            "sources": "https://t.me/RememberTheirNames/3178"
          },
          {
            "date": "1767976200",
            "image": "photos/photo_3003@26-02-2026_02-29-57.jpg",
            "rtn_id": "3015",
            "name:fa": "رامین رستمی ۱۸ساله",
            "sources": "https://t.me/RememberTheirNames/3194"
          },
          {
            "date": "1767889800",
            "image": "photos/photo_3013@26-02-2026_12-43-49.jpg",
            "rtn_id": "3025",
            "name:fa": "ستاره قنبری",
            "sources": "https://t.me/RememberTheirNames/3204"
          },
          {
            "date": "1767889800",
            "image": "photos/photo_3026@27-02-2026_15-30-06.jpg",
            "rtn_id": "3038",
            "name:fa": "حسین کوهستانی",
            "sources": "https://t.me/RememberTheirNames/3219"
          },
          {
            "date": "1767889800",
            "image": "photos/photo_3027@27-02-2026_15-39-00.jpg",
            "rtn_id": "3039",
            "name:fa": "سینا کبودانی",
            "sources": "https://t.me/RememberTheirNames/3220"
          },
          {
            "date": "1767889800",
            "image": "photos/photo_3042@09-03-2026_05-08-45.jpg",
            "rtn_id": "3054",
            "name:fa": "علیرضا بهبودی (از اتباع افغانستان)",
            "sources": "https://t.me/RememberTheirNames/3255"
          },
          {
            "date": "1767889800",
            "image": "photos/photo_3043@09-03-2026_05-10-43.jpg",
            "rtn_id": "3055",
            "name:fa": "کیاوش کریمدادی",
            "sources": "https://t.me/RememberTheirNames/3256"
          },
          {
            "date": "1767889800",
            "image": "photos/photo_2983@24-02-2026_15-25-54.jpg",
            "rtn_id": "2995",
            "name:fa": "ستایش صمدی ۱۶ساله",
            "sources": "https://t.me/RememberTheirNames/3170"
          },
          {
            "date": "1767976200",
            "image": "photos/photo_3020@27-02-2026_05-56-52.jpg",
            "rtn_id": "3032",
            "name:fa": "محمدرضا حکیمی (از اتباع افغانستان)",
            "sources": "https://t.me/RememberTheirNames/3212"
          },
          {
            "date": "1767889845-1768161645",
            "image": "photos/photo_3065@20-03-2026_08-51-43.jpg",
            "rtn_id": "3078",
            "name:fa": "نوید سلطان‌پور",
            "sources": "https://t.me/RememberTheirNames/3283"
          }
        ],
        "province": "استان خراسان رضوی",
        "publicId": "MTY6MTAzMDk",
        "sourceId": "10309",
        "layerId": 16,
        "type": "location",
        "status": "active",
        "urgency": null,
        "verificationTag": null,
        "expirationDate": null,
        "createdAt": "2026-03-11T20:43:09.967Z",
        "updatedAt": "2026-04-03T22:10:54.776Z"
      }
    },
    {
      "type": "Feature",
      "id": 450,
      "geometry": {
        "type": "Point",
        "coordinates": [
          50.9783,
          35.6806
        ]
      },
      "properties": {
        "id": "MTY6MTAzMTA",
        "city": "ملارد",
        "count": 9,
        "people": [
          {
            "date": "1767803400",
            "image": "photos/photo_47@18-01-2026_20-33-38.jpg",
            "rtn_id": "47",
            "name:fa": "رضا رحمتی",
            "sources": "https://t.me/RememberTheirNames/76"
          },
          {
            "date": "1767889800",
            "image": "photos/photo_1681@30-01-2026_15-41-05.jpg",
            "rtn_id": "1692",
            "name:fa": "احمد شراره جاوید",
            "sources": "https://t.me/RememberTheirNames/1780"
          },
          {
            "date": "1767976200",
            "image": "photos/photo_1684@30-01-2026_15-56-46.jpg",
            "rtn_id": "1695",
            "name:fa": "محمدامین دهنوی",
            "sources": "https://t.me/RememberTheirNames/1785"
          },
          {
            "date": "1767976200",
            "image": "photos/photo_1818@31-01-2026_14-34-10.jpg",
            "rtn_id": "1830",
            "name:fa": "جواد طاهری‌کمال",
            "sources": "https://t.me/RememberTheirNames/1930"
          },
          {
            "date": "1767889845-1768161645",
            "image": "photos/photo_1983@02-02-2026_14-12-29.jpg",
            "rtn_id": "1997",
            "name:fa": "محمد ربیعی",
            "sources": "https://t.me/RememberTheirNames/2105"
          },
          {
            "date": "1767889800",
            "image": "photos/photo_1859@01-02-2026_10-56-21.jpg",
            "rtn_id": "1873",
            "name:fa": "علیرضا امجدیان",
            "sources": "https://t.me/RememberTheirNames/1972"
          },
          {
            "date": "1767889800",
            "image": "photos/photo_2018@03-02-2026_09-27-26.jpg",
            "rtn_id": "2032",
            "name:fa": "امیرعباس جعفری‌زاده",
            "sources": "https://t.me/RememberTheirNames/2144"
          },
          {
            "date": "1767889800",
            "image": "photos/photo_1978@02-02-2026_13-32-49.jpg",
            "rtn_id": "1992",
            "name:fa": "نورالدین عبدلی پورقبادی",
            "sources": "https://t.me/RememberTheirNames/2100"
          },
          {
            "date": "1767889800",
            "image": "photos/photo_2308@06-02-2026_12-51-56.jpg",
            "rtn_id": "2323",
            "name:fa": "نیما خمیس‌آبادی",
            "sources": "https://t.me/RememberTheirNames/2444"
          }
        ],
        "province": "استان تهران",
        "publicId": "MTY6MTAzMTA",
        "sourceId": "10310",
        "layerId": 16,
        "type": "location",
        "status": "active",
        "urgency": null,
        "verificationTag": null,
        "expirationDate": null,
        "createdAt": "2026-03-11T20:43:09.968Z",
        "updatedAt": "2026-04-03T22:10:54.778Z"
      }
    },
    {
      "type": "Feature",
      "id": 451,
      "geometry": {
        "type": "Point",
        "coordinates": [
          48.8547616,
          34.2561098
        ]
      },
      "properties": {
        "id": "MTY6MTAzMTE",
        "city": "ملایر",
        "count": 9,
        "people": [
          {
            "date": "1767889800",
            "image": "photos/photo_916@24-01-2026_01-53-34.jpg",
            "rtn_id": "925",
            "name:fa": "علیرضا صادقی",
            "sources": "https://t.me/RememberTheirNames/977"
          },
          {
            "date": "1767976200",
            "image": "photos/photo_1036@24-01-2026_21-05-34.jpg",
            "rtn_id": "1045",
            "name:fa": "احسان سوری",
            "sources": "https://t.me/RememberTheirNames/1104"
          },
          {
            "date": "1767889845-1768161645",
            "image": "photos/photo_1061@25-01-2026_00-14-12.jpg",
            "rtn_id": "1071",
            "name:fa": "علی زندیه پری",
            "sources": "https://t.me/RememberTheirNames/1131"
          },
          {
            "date": "1767976200",
            "image": "photos/photo_1226@26-01-2026_11-53-27.jpg",
            "rtn_id": "1237",
            "name:fa": "مجتبی زیادی",
            "sources": "https://t.me/RememberTheirNames/1304"
          },
          {
            "date": "1767976200",
            "image": "photos/photo_1791@31-01-2026_17-34-48.jpg",
            "rtn_id": "1801",
            "name:fa": "عذرا (مهناز) معصومی گودرزی",
            "sources": "https://t.me/RememberTheirNames/1901"
          },
          {
            "date": "1767889845-1768161645",
            "image": "photos/photo_2245@06-02-2026_02-39-23.jpg",
            "rtn_id": "2259",
            "name:fa": "امید کولیوند",
            "sources": "https://t.me/RememberTheirNames/2379"
          },
          {
            "date": "1767889800",
            "image": "photos/photo_2347@07-02-2026_08-30-48.jpg",
            "rtn_id": "2362",
            "name:fa": "محسن قهرمان‌پور",
            "sources": "https://t.me/RememberTheirNames/2484"
          },
          {
            "date": "1767889800",
            "image": "photos/photo_2383@08-02-2026_04-36-50.jpg",
            "rtn_id": "2398",
            "name:fa": "رضا علی‌المومنی",
            "sources": "https://t.me/RememberTheirNames/2524"
          },
          {
            "date": "1767889800",
            "image": "photos/photo_2854@19-02-2026_09-00-33.jpg",
            "rtn_id": "2866",
            "name:fa": "سید مصطفی موسوی",
            "sources": "https://t.me/RememberTheirNames/3035"
          }
        ],
        "province": "استان همدان",
        "publicId": "MTY6MTAzMTE",
        "sourceId": "10311",
        "layerId": 16,
        "type": "location",
        "status": "active",
        "urgency": null,
        "verificationTag": null,
        "expirationDate": null,
        "createdAt": "2026-03-11T20:43:09.968Z",
        "updatedAt": "2026-04-03T22:10:54.779Z"
      }
    },
    {
      "type": "Feature",
      "id": 452,
      "geometry": {
        "type": "Point",
        "coordinates": [
          46.5997,
          33.3847
        ]
      },
      "properties": {
        "id": "MTY6MTAzMTI",
        "city": "ملکشاهی ایلام",
        "count": 6,
        "people": [
          {
            "date": "1767371400",
            "image": "photos/photo_20@18-01-2026_19-59-40.jpg",
            "rtn_id": "20",
            "name:fa": "علی کریمی باولکی",
            "sources": "https://t.me/RememberTheirNames/42"
          },
          {
            "date": "1767457800",
            "image": "photos/photo_27@18-01-2026_20-20-15.jpg",
            "rtn_id": "27",
            "name:fa": "مهدی امامی‌پور",
            "sources": "https://t.me/RememberTheirNames/56"
          },
          {
            "date": "1767457800",
            "image": "photos/photo_28@18-01-2026_20-20-32.jpg",
            "rtn_id": "28",
            "name:fa": "فارز آقامحمدی",
            "sources": "https://t.me/RememberTheirNames/57"
          },
          {
            "date": "1767457800",
            "image": "photos/photo_29@18-01-2026_20-20-52.jpg",
            "rtn_id": "29",
            "name:fa": "رضا عظیم‌زاده",
            "sources": "https://t.me/RememberTheirNames/58"
          },
          {
            "date": "1767457800",
            "image": "photos/photo_30@18-01-2026_20-21-15.jpg",
            "rtn_id": "30",
            "name:fa": "لطیف کریمی",
            "sources": "https://t.me/RememberTheirNames/59"
          },
          {
            "date": "1767717000",
            "image": "photos/photo_32@18-01-2026_20-22-13.jpg",
            "rtn_id": "32",
            "name:fa": "محمدرضا کرمی",
            "sources": "https://t.me/RememberTheirNames/61"
          }
        ],
        "province": "استان ایلام",
        "publicId": "MTY6MTAzMTI",
        "sourceId": "10312",
        "layerId": 16,
        "type": "location",
        "status": "active",
        "urgency": null,
        "verificationTag": null,
        "expirationDate": null,
        "createdAt": "2026-03-11T20:43:09.969Z",
        "updatedAt": "2026-04-03T22:10:54.780Z"
      }
    },
    {
      "type": "Feature",
      "id": 453,
      "geometry": {
        "type": "Point",
        "coordinates": [
          51.5236,
          29.8677
        ]
      },
      "properties": {
        "id": "MTY6MTAzMTM",
        "city": "ممسنی",
        "count": 2,
        "people": [
          {
            "date": "1767889845-1768161645",
            "image": "photos/photo_706@23-01-2026_01-39-45.jpg",
            "rtn_id": "712",
            "name:fa": "پوریا نوروزی",
            "sources": "https://t.me/RememberTheirNames/762"
          },
          {
            "date": "1767889845-1768161645",
            "image": "photos/photo_1903@01-02-2026_15-26-52.jpg",
            "rtn_id": "1917",
            "name:fa": "عبدالسادات شمس‌الدینی",
            "sources": "https://t.me/RememberTheirNames/2020"
          }
        ],
        "province": "استان فارس",
        "publicId": "MTY6MTAzMTM",
        "sourceId": "10313",
        "layerId": 16,
        "type": "location",
        "status": "active",
        "urgency": null,
        "verificationTag": null,
        "expirationDate": null,
        "createdAt": "2026-03-11T20:43:09.969Z",
        "updatedAt": "2026-04-03T22:10:54.781Z"
      }
    },
    {
      "type": "Feature",
      "id": 454,
      "geometry": {
        "type": "Point",
        "coordinates": [
          49.401553,
          36.7390852
        ]
      },
      "properties": {
        "id": "MTY6MTAzMTQ",
        "city": "منجیل",
        "count": 4,
        "people": [
          {
            "date": "1767889845-1768161645",
            "image": "photos/photo_374@20-01-2026_17-07-03.jpg",
            "rtn_id": "379",
            "name:fa": "امیر حیدردوست",
            "sources": "https://t.me/RememberTheirNames/414"
          },
          {
            "date": "1767889845-1768161645",
            "image": "photos/photo_883@23-01-2026_23-34-33.jpg",
            "rtn_id": "891",
            "name:fa": "مهدی خاکپور",
            "sources": "https://t.me/RememberTheirNames/943"
          },
          {
            "date": "1767889845-1768161645",
            "image": "photos/photo_884@23-01-2026_23-36-36.jpg",
            "rtn_id": "892",
            "name:fa": "علیرضا باقری",
            "sources": "https://t.me/RememberTheirNames/944"
          },
          {
            "date": "1767889800",
            "image": "photos/photo_1812@31-01-2026_13-52-11.jpg",
            "rtn_id": "1823",
            "name:fa": "جعفر شکوری",
            "sources": "https://t.me/RememberTheirNames/1924"
          }
        ],
        "province": "استان گیلان",
        "publicId": "MTY6MTAzMTQ",
        "sourceId": "10314",
        "layerId": 16,
        "type": "location",
        "status": "active",
        "urgency": null,
        "verificationTag": null,
        "expirationDate": null,
        "createdAt": "2026-03-11T20:43:09.970Z",
        "updatedAt": "2026-04-03T22:10:54.782Z"
      }
    },
    {
      "type": "Feature",
      "id": 455,
      "geometry": {
        "type": "Point",
        "coordinates": [
          54.0211038,
          32.2498514
        ]
      },
      "properties": {
        "id": "MTY6MTAzMTU",
        "city": "میبد",
        "count": 2,
        "people": [
          {
            "date": "1767889845-1768161645",
            "image": "photos/photo_572@22-01-2026_12-36-57.jpg",
            "rtn_id": "577",
            "name:fa": "سید داوود امامی میبدی",
            "sources": "https://t.me/RememberTheirNames/620"
          },
          {
            "date": "1767889845-1768161645",
            "image": "photos/photo_573@22-01-2026_12-37-02.jpg",
            "rtn_id": "578",
            "name:fa": "ابوالفضل بامدادی",
            "sources": "https://t.me/RememberTheirNames/621"
          }
        ],
        "province": "استان یزد",
        "publicId": "MTY6MTAzMTU",
        "sourceId": "10315",
        "layerId": 16,
        "type": "location",
        "status": "active",
        "urgency": null,
        "verificationTag": null,
        "expirationDate": null,
        "createdAt": "2026-03-11T20:43:09.970Z",
        "updatedAt": "2026-04-03T22:10:54.783Z"
      }
    },
    {
      "type": "Feature",
      "id": 456,
      "geometry": {
        "type": "Point",
        "coordinates": [
          52.7557855,
          28.8604915
        ]
      },
      "properties": {
        "id": "MTY6MTAzMTY",
        "city": "میمند فارس",
        "count": 4,
        "people": [
          {
            "date": "1767889800",
            "image": "photos/photo_1570@28-01-2026_21-40-44.jpg",
            "rtn_id": "1581",
            "name:fa": "میلاد قائدی",
            "sources": "https://t.me/RememberTheirNames/1666"
          },
          {
            "date": "1767889800",
            "image": "photos/photo_1571@28-01-2026_21-42-50.jpg",
            "rtn_id": "1582",
            "name:fa": "محمدمهدی صفری ۱۴ساله",
            "sources": "https://t.me/RememberTheirNames/1667"
          },
          {
            "date": "1767889800",
            "image": "photos/photo_1572@28-01-2026_21-45-47.jpg",
            "rtn_id": "1583",
            "name:fa": "رحیم زالی‌پور",
            "sources": "https://t.me/RememberTheirNames/1668"
          },
          {
            "date": "1767889800",
            "image": "photos/photo_1573@28-01-2026_21-46-34.jpg",
            "rtn_id": "1584",
            "name:fa": "علیرضا مهدی‌پور",
            "sources": "https://t.me/RememberTheirNames/1669"
          }
        ],
        "province": "استان فارس",
        "publicId": "MTY6MTAzMTY",
        "sourceId": "10316",
        "layerId": 16,
        "type": "location",
        "status": "active",
        "urgency": null,
        "verificationTag": null,
        "expirationDate": null,
        "createdAt": "2026-03-11T20:43:09.971Z",
        "updatedAt": "2026-04-03T22:10:54.784Z"
      }
    },
    {
      "type": "Feature",
      "id": 457,
      "geometry": {
        "type": "Point",
        "coordinates": [
          51.3918851,
          32.6153589
        ]
      },
      "properties": {
        "id": "MTY6MTAzMTc",
        "city": "نجف آباد",
        "count": 1,
        "people": [
          {
            "date": "1767889800",
            "image": "photos/photo_1487@28-01-2026_01-18-53.jpg",
            "rtn_id": "1498",
            "name:fa": "محمود ملکی",
            "sources": "https://t.me/RememberTheirNames/1580"
          }
        ],
        "province": "استان اصفهان",
        "publicId": "MTY6MTAzMTc",
        "sourceId": "10317",
        "layerId": 16,
        "type": "location",
        "status": "active",
        "urgency": null,
        "verificationTag": null,
        "expirationDate": null,
        "createdAt": "2026-03-11T20:43:09.971Z",
        "updatedAt": "2026-04-03T22:10:54.785Z"
      }
    },
    {
      "type": "Feature",
      "id": 458,
      "geometry": {
        "type": "Point",
        "coordinates": [
          50.6061,
          35.9541
        ]
      },
      "properties": {
        "id": "MTY6MTAzMTg",
        "city": "نظرآباد",
        "count": 2,
        "people": [
          {
            "date": "1767889845-1768161645",
            "image": "photos/photo_747@23-01-2026_12-24-32.jpg",
            "rtn_id": "753",
            "name:fa": "علیرضا رباط‌جزیی",
            "sources": "https://t.me/RememberTheirNames/803"
          },
          {
            "date": "1767976200",
            "image": "photos/photo_2441@08-02-2026_12-08-09.jpg",
            "rtn_id": "2456",
            "name:fa": "علی بیرامی",
            "sources": "https://t.me/RememberTheirNames/2586"
          }
        ],
        "province": "استان البرز",
        "publicId": "MTY6MTAzMTg",
        "sourceId": "10318",
        "layerId": 16,
        "type": "location",
        "status": "active",
        "urgency": null,
        "verificationTag": null,
        "expirationDate": null,
        "createdAt": "2026-03-11T20:43:09.971Z",
        "updatedAt": "2026-04-03T22:10:54.787Z"
      }
    },
    {
      "type": "Feature",
      "id": 459,
      "geometry": {
        "type": "Point",
        "coordinates": [
          47.9754,
          34.0702
        ]
      },
      "properties": {
        "id": "MTY6MTAzMTk",
        "city": "نورآباد لرستان",
        "count": 2,
        "people": [
          {
            "date": "1767285000",
            "image": "photos/photo_8@18-01-2026_18-54-24.jpg",
            "rtn_id": "8",
            "name:fa": "احد ابراهیم‌پور عبدلی",
            "sources": "https://t.me/RememberTheirNames/10"
          },
          {
            "date": "1767976200",
            "image": "photos/photo_3054@11-03-2026_03-27-04.jpg",
            "rtn_id": "3067",
            "name:fa": "ایلیا قنبرنژاد محمدآباد ۱۶ساله",
            "sources": "https://t.me/RememberTheirNames/3269"
          }
        ],
        "province": "استان لرستان",
        "publicId": "MTY6MTAzMTk",
        "sourceId": "10319",
        "layerId": 16,
        "type": "location",
        "status": "active",
        "urgency": null,
        "verificationTag": null,
        "expirationDate": null,
        "createdAt": "2026-03-11T20:43:09.972Z",
        "updatedAt": "2026-04-03T22:10:54.787Z"
      }
    },
    {
      "type": "Feature",
      "id": 460,
      "geometry": {
        "type": "Point",
        "coordinates": [
          51.5217,
          30.1139
        ]
      },
      "properties": {
        "id": "MTY6MTAzMjA",
        "city": "نورآباد ممسنی",
        "count": 11,
        "people": [
          {
            "date": "1767889800",
            "image": "photos/photo_701@23-01-2026_01-33-18.jpg",
            "rtn_id": "707",
            "name:fa": "مهراب منصوری",
            "sources": "https://t.me/RememberTheirNames/757"
          },
          {
            "date": "1767889800",
            "image": "photos/photo_702@23-01-2026_01-34-38.jpg",
            "rtn_id": "708",
            "name:fa": "شاهرخ زارع",
            "sources": "https://t.me/RememberTheirNames/758"
          },
          {
            "date": "1767976200",
            "image": "photos/photo_703@23-01-2026_01-36-18.jpg",
            "rtn_id": "709",
            "name:fa": "مهرزاد نظری",
            "sources": "https://t.me/RememberTheirNames/759"
          },
          {
            "date": "1767889800",
            "image": "photos/photo_704@23-01-2026_01-37-19.jpg",
            "rtn_id": "710",
            "name:fa": "بهنام ایزدی",
            "sources": "https://t.me/RememberTheirNames/760"
          },
          {
            "date": "1768062600",
            "image": "photos/photo_705@23-01-2026_01-38-44.jpg",
            "rtn_id": "711",
            "name:fa": "پریسا لشکری",
            "sources": "https://t.me/RememberTheirNames/761"
          },
          {
            "date": "1767976200",
            "image": "photos/photo_1094@25-01-2026_03-32-44.jpg",
            "rtn_id": "1104",
            "name:fa": "مهرشاد قائدی",
            "sources": "https://t.me/RememberTheirNames/1166"
          },
          {
            "date": "1767889800",
            "image": "photos/photo_1408@27-01-2026_18-15-43.jpg",
            "rtn_id": "1419",
            "name:fa": "کامیاب احمدی",
            "sources": "https://t.me/RememberTheirNames/1497"
          },
          {
            "date": "1767889800",
            "image": "photos/photo_1644@30-01-2026_00-05-41.jpg",
            "rtn_id": "1655",
            "name:fa": "محمد احمدی",
            "sources": "https://t.me/RememberTheirNames/1741"
          },
          {
            "date": "1768062600",
            "image": "photos/photo_2550@10-02-2026_05-01-35.jpg",
            "rtn_id": "2565",
            "name:fa": "سعید زارعی",
            "sources": "https://t.me/RememberTheirNames/2706"
          },
          {
            "date": "1767976200",
            "image": "photos/photo_2687@14-02-2026_03-10-22.jpg",
            "rtn_id": "2702",
            "name:fa": "عبدالمجید اسدی (عمو)",
            "sources": "https://t.me/RememberTheirNames/2849"
          },
          {
            "date": "1767976200",
            "image": "photos/photo_2688@14-02-2026_03-11-18.jpg",
            "rtn_id": "2703",
            "name:fa": "رضا اسدی (برادرزاده)",
            "sources": "https://t.me/RememberTheirNames/2850"
          }
        ],
        "province": "استان فارس",
        "publicId": "MTY6MTAzMjA",
        "sourceId": "10320",
        "layerId": 16,
        "type": "location",
        "status": "active",
        "urgency": null,
        "verificationTag": null,
        "expirationDate": null,
        "createdAt": "2026-03-11T20:43:09.972Z",
        "updatedAt": "2026-04-03T22:10:54.788Z"
      }
    },
    {
      "type": "Feature",
      "id": 461,
      "geometry": {
        "type": "Point",
        "coordinates": [
          51.4977,
          36.6482
        ]
      },
      "properties": {
        "id": "MTY6MTAzMjE",
        "city": "نوشهر",
        "count": 2,
        "people": [
          {
            "date": "1767976200",
            "image": "photos/photo_1253@26-01-2026_16-19-35.jpg",
            "rtn_id": "1265",
            "name:fa": "مصطفی نوری شیرازی",
            "sources": "https://t.me/RememberTheirNames/1332"
          },
          {
            "date": "1767889845-1768161645",
            "image": "photos/photo_1982@02-02-2026_14-06-22.jpg",
            "rtn_id": "1996",
            "name:fa": "مسلم حسن‌زهی",
            "sources": "https://t.me/RememberTheirNames/2104"
          }
        ],
        "province": "استان مازندران",
        "publicId": "MTY6MTAzMjE",
        "sourceId": "10321",
        "layerId": 16,
        "type": "location",
        "status": "active",
        "urgency": null,
        "verificationTag": null,
        "expirationDate": null,
        "createdAt": "2026-03-11T20:43:09.973Z",
        "updatedAt": "2026-04-03T22:10:54.790Z"
      }
    },
    {
      "type": "Feature",
      "id": 462,
      "geometry": {
        "type": "Point",
        "coordinates": [
          48.3551692,
          34.2201565
        ]
      },
      "properties": {
        "id": "MTY6MTAzMjI",
        "city": "نهاوند",
        "count": 2,
        "people": [
          {
            "date": "1767803400",
            "image": "photos/photo_933@24-01-2026_13-18-31.jpg",
            "rtn_id": "942",
            "name:fa": "امیرعلی گودرزی ۱۳ ساله",
            "sources": "https://t.me/RememberTheirNames/995"
          },
          {
            "date": "1767889800",
            "image": "photos/photo_2011@03-02-2026_07-24-56.jpg",
            "rtn_id": "2025",
            "name:fa": "پویا وکیلی",
            "sources": "https://t.me/RememberTheirNames/2137"
          }
        ],
        "province": "استان همدان",
        "publicId": "MTY6MTAzMjI",
        "sourceId": "10322",
        "layerId": 16,
        "type": "location",
        "status": "active",
        "urgency": null,
        "verificationTag": null,
        "expirationDate": null,
        "createdAt": "2026-03-11T20:43:09.973Z",
        "updatedAt": "2026-04-03T22:10:54.792Z"
      }
    },
    {
      "type": "Feature",
      "id": 463,
      "geometry": {
        "type": "Point",
        "coordinates": [
          54.3277,
          29.1989
        ]
      },
      "properties": {
        "id": "MTY6MTAzMjM",
        "city": "نی‌ریز",
        "count": 2,
        "people": [
          {
            "date": "1767457800",
            "image": "photos/photo_24@18-01-2026_20-18-59.jpg",
            "rtn_id": "24",
            "name:fa": "امیرمحمد کوهکن",
            "sources": "https://t.me/RememberTheirNames/53"
          },
          {
            "date": "1767889800",
            "image": "photos/photo_144@19-01-2026_01-18-50.jpg",
            "rtn_id": "145",
            "name:fa": "ابراهیم هاشم‌بیگی",
            "sources": "https://t.me/RememberTheirNames/178"
          }
        ],
        "province": "استان فارس",
        "publicId": "MTY6MTAzMjM",
        "sourceId": "10323",
        "layerId": 16,
        "type": "location",
        "status": "active",
        "urgency": null,
        "verificationTag": null,
        "expirationDate": null,
        "createdAt": "2026-03-11T20:43:09.974Z",
        "updatedAt": "2026-04-03T22:10:54.793Z"
      }
    },
    {
      "type": "Feature",
      "id": 464,
      "geometry": {
        "type": "Point",
        "coordinates": [
          58.7956,
          36.2132
        ]
      },
      "properties": {
        "id": "MTY6MTAzMjQ",
        "city": "نیشابور",
        "count": 25,
        "people": [
          {
            "date": "1767803400",
            "image": "photos/photo_48@18-01-2026_20-34-39.jpg",
            "rtn_id": "48",
            "name:fa": "اکرم پیرگزی",
            "sources": "https://t.me/RememberTheirNames/77"
          },
          {
            "date": "1767976200",
            "image": "photos/photo_249@19-01-2026_22-08-26.jpg",
            "rtn_id": "254",
            "name:fa": "زیبا دستجردی",
            "sources": "https://t.me/RememberTheirNames/286"
          },
          {
            "date": "1767976200",
            "image": "photos/photo_327@20-01-2026_11-18-09.jpg",
            "rtn_id": "332",
            "name:fa": "بهار شاهمهری",
            "sources": "https://t.me/RememberTheirNames/366"
          },
          {
            "date": "1767976200",
            "image": "photos/photo_340@20-01-2026_13-22-13.jpg",
            "rtn_id": "345",
            "name:fa": "مهدی محمدی",
            "sources": "https://t.me/RememberTheirNames/379"
          },
          {
            "date": "1767976200",
            "image": "photos/photo_341@20-01-2026_13-23-52.jpg",
            "rtn_id": "346",
            "name:fa": "حیدر کریمی",
            "sources": "https://t.me/RememberTheirNames/380"
          },
          {
            "date": "1767889845-1768161645",
            "image": "photos/photo_395@20-01-2026_20-22-08.jpg",
            "rtn_id": "400",
            "name:fa": "بنیامین بلوچی",
            "sources": "https://t.me/RememberTheirNames/435"
          },
          {
            "date": "1767976200",
            "image": "photos/photo_396@20-01-2026_20-23-37.jpg",
            "rtn_id": "401",
            "name:fa": "مجید سرچاهی",
            "sources": "https://t.me/RememberTheirNames/436"
          },
          {
            "date": "1767889800",
            "image": "photos/photo_397@20-01-2026_20-24-49.jpg",
            "rtn_id": "402",
            "name:fa": "امیرمحمد خیاط",
            "sources": "https://t.me/RememberTheirNames/437"
          },
          {
            "date": "1767889845-1768161645",
            "image": "photos/photo_448@21-01-2026_13-52-19.jpg",
            "rtn_id": "453",
            "name:fa": "بهار حسینی ۳ ساله",
            "sources": "https://t.me/RememberTheirNames/488"
          },
          {
            "date": "1767889845-1768161645",
            "image": "photos/photo_451@21-01-2026_14-03-41.jpg",
            "rtn_id": "456",
            "name:fa": "سید محمد حسینی",
            "sources": "https://t.me/RememberTheirNames/491"
          },
          {
            "date": "1767889800",
            "image": "photos/photo_453@21-01-2026_14-07-08.jpg",
            "rtn_id": "458",
            "name:fa": "عزیزالله منفرد",
            "sources": "https://t.me/RememberTheirNames/493"
          },
          {
            "date": "1767889800",
            "image": "photos/photo_483@21-01-2026_17-19-11.jpg",
            "rtn_id": "488",
            "name:fa": "علی حاتمی",
            "sources": "https://t.me/RememberTheirNames/526"
          },
          {
            "date": "1767889800",
            "image": "photos/photo_517@21-01-2026_21-24-00.jpg",
            "rtn_id": "522",
            "name:fa": "امیررضا رجایی",
            "sources": "https://t.me/RememberTheirNames/560"
          },
          {
            "date": "1767976200",
            "image": "photos/photo_518@21-01-2026_21-26-01.jpg",
            "rtn_id": "523",
            "name:fa": "یاسین لطفی",
            "sources": "https://t.me/RememberTheirNames/561"
          },
          {
            "date": "1767976200",
            "image": "photos/photo_524@21-01-2026_21-49-49.jpg",
            "rtn_id": "529",
            "name:fa": "مجتبی گرمابی",
            "sources": "https://t.me/RememberTheirNames/570"
          },
          {
            "date": "1767976200",
            "image": "photos/photo_821@23-01-2026_18-19-13.jpg",
            "rtn_id": "828",
            "name:fa": "کتایون دولابی",
            "sources": "https://t.me/RememberTheirNames/879"
          },
          {
            "date": "1767976200",
            "image": "photos/photo_1185@25-01-2026_22-48-34.jpg",
            "rtn_id": "1195",
            "name:fa": "علی دیزبادی",
            "sources": "https://t.me/RememberTheirNames/1263"
          },
          {
            "date": "1767889800",
            "image": "photos/photo_1561@28-01-2026_20-33-24.jpg",
            "rtn_id": "1572",
            "name:fa": "محمدمهدی کاظمی",
            "sources": "https://t.me/RememberTheirNames/1657"
          },
          {
            "date": "1767976200",
            "image": "photos/photo_1633@29-01-2026_22-48-50.jpg",
            "rtn_id": "1644",
            "name:fa": "مجتبی چگینی",
            "sources": "https://t.me/RememberTheirNames/1730"
          },
          {
            "date": "1767889845-1768161645",
            "image": "photos/photo_1847@01-02-2026_08-18-35.jpg",
            "rtn_id": "1860",
            "name:fa": "حسین مژدکانلو",
            "sources": "https://t.me/RememberTheirNames/1960"
          },
          {
            "date": "1767976200",
            "image": "photos/photo_1967@02-02-2026_12-06-15.jpg",
            "rtn_id": "1981",
            "name:fa": "مهدی جلال‌آبادی",
            "sources": "https://t.me/RememberTheirNames/2089"
          },
          {
            "date": "1767976200",
            "image": "photos/photo_2314@06-02-2026_14-34-58.jpg",
            "rtn_id": "2329",
            "name:fa": "عباس زحمتکش",
            "sources": "https://t.me/RememberTheirNames/2451"
          },
          {
            "date": "1767976200",
            "image": "photos/photo_2628@12-02-2026_01-25-28.jpg",
            "rtn_id": "2643",
            "name:fa": "جواد مملکت‌پرست",
            "sources": "https://t.me/RememberTheirNames/2790"
          },
          {
            "date": "1767889845-1768161645",
            "image": "photos/photo_2774@17-02-2026_02-57-43.jpg",
            "rtn_id": "2790",
            "name:fa": "رهام برجسته ۱۱ساله",
            "sources": "https://t.me/RememberTheirNames/2939"
          },
          {
            "date": "1767976200",
            "image": "photos/photo_3024@27-02-2026_08-02-23.jpg",
            "rtn_id": "3036",
            "name:fa": "محمد خرمبکی",
            "sources": "https://t.me/RememberTheirNames/3216"
          }
        ],
        "province": "استان خراسان رضوی",
        "publicId": "MTY6MTAzMjQ",
        "sourceId": "10324",
        "layerId": 16,
        "type": "location",
        "status": "active",
        "urgency": null,
        "verificationTag": null,
        "expirationDate": null,
        "createdAt": "2026-03-11T20:43:09.974Z",
        "updatedAt": "2026-04-03T22:10:54.794Z"
      }
    },
    {
      "type": "Feature",
      "id": 465,
      "geometry": {
        "type": "Point",
        "coordinates": [
          51.6456,
          35.325
        ]
      },
      "properties": {
        "id": "MTY6MTAzMjU",
        "city": "ورامین",
        "count": 5,
        "people": [
          {
            "date": "1767889800",
            "image": "photos/photo_112@19-01-2026_00-24-22.jpg",
            "rtn_id": "113",
            "name:fa": "عرفان علیزاده",
            "sources": "https://t.me/RememberTheirNames/144"
          },
          {
            "date": "1767889800",
            "image": "photos/photo_168@19-01-2026_12-30-11.jpg",
            "rtn_id": "169",
            "name:fa": "زینب (سحر) فرد",
            "sources": "https://t.me/RememberTheirNames/202"
          },
          {
            "date": "1767889845-1768161645",
            "image": "photos/photo_868@23-01-2026_21-57-00.jpg",
            "rtn_id": "876",
            "name:fa": "محمد تاجیک",
            "sources": "https://t.me/RememberTheirNames/927"
          },
          {
            "date": "1767889800",
            "image": "photos/photo_1060@25-01-2026_00-08-07.jpg",
            "rtn_id": "1070",
            "name:fa": "حسین اکبری",
            "sources": "https://t.me/RememberTheirNames/1130"
          },
          {
            "date": "1767976200",
            "image": "photos/photo_2001@03-02-2026_05-35-44.jpg",
            "rtn_id": "2015",
            "name:fa": "امیرحسین رفیعی",
            "sources": "https://t.me/RememberTheirNames/2125"
          }
        ],
        "province": "استان تهران",
        "publicId": "MTY6MTAzMjU",
        "sourceId": "10325",
        "layerId": 16,
        "type": "location",
        "status": "active",
        "urgency": null,
        "verificationTag": null,
        "expirationDate": null,
        "createdAt": "2026-03-11T20:43:09.975Z",
        "updatedAt": "2026-04-03T22:10:54.795Z"
      }
    },
    {
      "type": "Feature",
      "id": 466,
      "geometry": {
        "type": "Point",
        "coordinates": [
          51.38,
          32.635
        ]
      },
      "properties": {
        "id": "MTY6MTAzMjY",
        "city": "ویلاشهر نجف‌آباد",
        "count": 1,
        "people": [
          {
            "date": "1767976200",
            "image": "photos/photo_378@20-01-2026_17-26-43.jpg",
            "rtn_id": "383",
            "name:fa": "ابوالفضل باجول",
            "sources": "https://t.me/RememberTheirNames/418"
          }
        ],
        "province": "استان اصفهان",
        "publicId": "MTY6MTAzMjY",
        "sourceId": "10326",
        "layerId": 16,
        "type": "location",
        "status": "active",
        "urgency": null,
        "verificationTag": null,
        "expirationDate": null,
        "createdAt": "2026-03-11T20:43:09.975Z",
        "updatedAt": "2026-04-03T22:10:54.796Z"
      }
    },
    {
      "type": "Feature",
      "id": 467,
      "geometry": {
        "type": "Point",
        "coordinates": [
          47.5951153,
          34.2825673
        ]
      },
      "properties": {
        "id": "MTY6MTAzMjc",
        "city": "هرسین",
        "count": 1,
        "people": [
          {
            "date": "1767371400",
            "image": "photos/photo_13@18-01-2026_19-12-13.jpg",
            "rtn_id": "13",
            "name:fa": "علی عزیزی",
            "sources": "https://t.me/RememberTheirNames/16"
          }
        ],
        "province": "استان کرمانشاه",
        "publicId": "MTY6MTAzMjc",
        "sourceId": "10327",
        "layerId": 16,
        "type": "location",
        "status": "active",
        "urgency": null,
        "verificationTag": null,
        "expirationDate": null,
        "createdAt": "2026-03-11T20:43:09.975Z",
        "updatedAt": "2026-04-03T22:10:54.797Z"
      }
    },
    {
      "type": "Feature",
      "id": 468,
      "geometry": {
        "type": "Point",
        "coordinates": [
          50.7286,
          35.9641
        ]
      },
      "properties": {
        "id": "MTY6MTAzMjg",
        "city": "هشتگرد",
        "count": 14,
        "people": [
          {
            "date": "1767976200",
            "image": "photos/photo_1182@25-01-2026_22-38-05.jpg",
            "rtn_id": "1192",
            "name:fa": "بهرام اخلاقی",
            "sources": "https://t.me/RememberTheirNames/1258"
          },
          {
            "date": "1767889800",
            "image": "photos/photo_794@23-01-2026_15-25-13.jpg",
            "rtn_id": "800",
            "name:fa": "مهران سلیمی",
            "sources": "https://t.me/RememberTheirNames/852"
          },
          {
            "date": "1767976200",
            "image": "photos/photo_1575@28-01-2026_22-21-29.jpg",
            "rtn_id": "1586",
            "name:fa": "ثنا توسنگی ۱۲ ساله",
            "sources": "https://t.me/RememberTheirNames/1671"
          },
          {
            "date": "1767889800",
            "image": "photos/photo_1668@30-01-2026_14-11-12.jpg",
            "rtn_id": "1679",
            "name:fa": "میلاد نجف‌پور",
            "sources": "https://t.me/RememberTheirNames/1767"
          },
          {
            "date": "1767976200",
            "image": "photos/photo_1831@01-02-2026_02-42-39.jpg",
            "rtn_id": "1844",
            "name:fa": "اسفندیار نادری",
            "sources": "https://t.me/RememberTheirNames/1943"
          },
          {
            "date": "1767976200",
            "image": "photos/photo_1832@01-02-2026_02-44-28.jpg",
            "rtn_id": "1845",
            "name:fa": "عبدالعلی سلیمی",
            "sources": "https://t.me/RememberTheirNames/1944"
          },
          {
            "date": "1767889800",
            "image": "photos/photo_1843@01-02-2026_06-16-14.jpg",
            "rtn_id": "1856",
            "name:fa": "مهران حیدری بابانظر",
            "sources": "https://t.me/RememberTheirNames/1956"
          },
          {
            "date": "1767889800",
            "image": "photos/photo_1932@02-02-2026_01-08-41.jpg",
            "rtn_id": "1946",
            "name:fa": "فاطمه علیمحمدی",
            "sources": "https://t.me/RememberTheirNames/2050"
          },
          {
            "date": "1767889800",
            "image": "photos/photo_1994@03-02-2026_04-28-44.jpg",
            "rtn_id": "2008",
            "name:fa": "سجاد باباافشاری",
            "sources": "https://t.me/RememberTheirNames/2118"
          },
          {
            "date": "1767889845-1768161645",
            "image": "photos/photo_2162@05-02-2026_06-20-45.jpg",
            "rtn_id": "2176",
            "name:fa": "حسین شعبانی یکنمی",
            "sources": "https://t.me/RememberTheirNames/2294"
          },
          {
            "date": "1767889800",
            "image": "photos/photo_2193@05-02-2026_12-25-00.jpg",
            "rtn_id": "2207",
            "name:fa": "مهدی صالحی",
            "sources": "https://t.me/RememberTheirNames/2326"
          },
          {
            "date": "1767976200",
            "image": "photos/photo_2583@10-02-2026_16-35-53.jpg",
            "rtn_id": "2598",
            "name:fa": "داوود مهدی‌نشان",
            "sources": "https://t.me/RememberTheirNames/2740"
          },
          {
            "date": "1767889800",
            "image": "photos/photo_2726@15-02-2026_10-45-40.jpg",
            "rtn_id": "2741",
            "name:fa": "مصطفی علیمرادی زیارانی",
            "sources": "https://t.me/RememberTheirNames/2889"
          },
          {
            "date": "1767889800",
            "image": "photos/photo_2763@16-02-2026_14-34-52.jpg",
            "rtn_id": "2779",
            "name:fa": "غلامعلی اکبری",
            "sources": "https://t.me/RememberTheirNames/2927"
          }
        ],
        "province": "استان البرز",
        "publicId": "MTY6MTAzMjg",
        "sourceId": "10328",
        "layerId": 16,
        "type": "location",
        "status": "active",
        "urgency": null,
        "verificationTag": null,
        "expirationDate": null,
        "createdAt": "2026-03-11T20:43:09.976Z",
        "updatedAt": "2026-04-03T22:10:54.798Z"
      }
    },
    {
      "type": "Feature",
      "id": 469,
      "geometry": {
        "type": "Point",
        "coordinates": [
          48.5441,
          34.8192
        ]
      },
      "properties": {
        "id": "MTY6MTAzMjk",
        "city": "همدان",
        "count": 11,
        "people": [
          {
            "date": "1767371400",
            "image": "photos/photo_16@18-01-2026_19-27-13.jpg",
            "rtn_id": "16",
            "name:fa": "امیرحسین بیاتی",
            "sources": "https://t.me/RememberTheirNames/25"
          },
          {
            "date": "1767889800",
            "image": "photos/photo_806@23-01-2026_17-16-52.jpg",
            "rtn_id": "812",
            "name:fa": "مرتضی ذوم‌پوش",
            "sources": "https://t.me/RememberTheirNames/864"
          },
          {
            "date": "1767889800",
            "image": "photos/photo_806@23-01-2026_17-16-52.jpg",
            "rtn_id": "813",
            "name:fa": "سمیه رضایی",
            "sources": "https://t.me/RememberTheirNames/864"
          },
          {
            "date": "1767889800",
            "image": "photos/photo_1294@26-01-2026_20-25-40.jpg",
            "rtn_id": "1306",
            "name:fa": "امیرحسین بیرامی",
            "sources": "https://t.me/RememberTheirNames/1374"
          },
          {
            "date": "1767889800",
            "image": "photos/photo_167@19-01-2026_12-25-02.jpg",
            "rtn_id": "168",
            "name:fa": "هادی فروغ",
            "sources": "https://t.me/RememberTheirNames/201"
          },
          {
            "date": null,
            "image": "photos/photo_1589@29-01-2026_13-14-56.jpg",
            "rtn_id": "1600",
            "name:fa": "عرفان خضریان",
            "sources": "https://t.me/RememberTheirNames/1686"
          },
          {
            "date": null,
            "image": "photos/photo_1731@30-01-2026_21-40-03.jpg",
            "rtn_id": "1742",
            "name:fa": "رضا روزبهانی",
            "sources": "https://t.me/RememberTheirNames/1839"
          },
          {
            "date": "1767976200",
            "image": "photos/photo_2214@05-02-2026_14-54-34.jpg",
            "rtn_id": "2228",
            "name:fa": "مختار (امیرحسین) بدلی",
            "sources": "https://t.me/RememberTheirNames/2347"
          },
          {
            "date": "1767889800",
            "image": "photos/photo_2408@08-02-2026_07-36-12.jpg",
            "rtn_id": "2423",
            "name:fa": "فرهاد امین",
            "sources": "https://t.me/RememberTheirNames/2549"
          },
          {
            "date": "1767889800",
            "image": "photos/photo_2443@08-02-2026_13-11-55.jpg",
            "rtn_id": "2458",
            "name:fa": "مصطفی رابطی",
            "sources": "https://t.me/RememberTheirNames/2588"
          },
          {
            "date": "1767889800",
            "image": "photos/photo_2758@16-02-2026_12-01-09.jpg",
            "rtn_id": "2774",
            "name:fa": "احسان شکری",
            "sources": "https://t.me/RememberTheirNames/2921"
          }
        ],
        "province": "استان همدان",
        "publicId": "MTY6MTAzMjk",
        "sourceId": "10329",
        "layerId": 16,
        "type": "location",
        "status": "active",
        "urgency": null,
        "verificationTag": null,
        "expirationDate": null,
        "createdAt": "2026-03-11T20:43:09.976Z",
        "updatedAt": "2026-04-03T22:10:54.799Z"
      }
    },
    {
      "type": "Feature",
      "id": 470,
      "geometry": {
        "type": "Point",
        "coordinates": [
          54.2981,
          31.8542
        ]
      },
      "properties": {
        "id": "MTY6MTAzMzA",
        "city": "یزد",
        "count": 5,
        "people": [
          {
            "date": "1767976200",
            "image": "photos/photo_224@19-01-2026_19-21-05.jpg",
            "rtn_id": "229",
            "name:fa": "جلیل دوستیار براهویی",
            "sources": "https://t.me/RememberTheirNames/259"
          },
          {
            "date": "1767889845-1768161645",
            "image": "photos/photo_504@21-01-2026_20-18-10.jpg",
            "rtn_id": "509",
            "name:fa": "مصطفی سرافراز اردکانی",
            "sources": "https://t.me/RememberTheirNames/547"
          },
          {
            "date": "1767889800",
            "image": "photos/photo_732@23-01-2026_11-11-16.jpg",
            "rtn_id": "738",
            "name:fa": "سید پوریا حسینی",
            "sources": "https://t.me/RememberTheirNames/788"
          },
          {
            "date": "1767976200",
            "image": "photos/photo_917@24-01-2026_11-44-09.jpg",
            "rtn_id": "926",
            "name:fa": "دانیال کارشناس",
            "sources": "https://t.me/RememberTheirNames/978"
          },
          {
            "date": "1767889800",
            "image": "photos/photo_1941@02-02-2026_03-53-31.jpg",
            "rtn_id": "1955",
            "name:fa": "محمدصالح کارگر شورکی",
            "sources": "https://t.me/RememberTheirNames/2060"
          }
        ],
        "province": "استان یزد",
        "publicId": "MTY6MTAzMzA",
        "sourceId": "10330",
        "layerId": 16,
        "type": "location",
        "status": "active",
        "urgency": null,
        "verificationTag": null,
        "expirationDate": null,
        "createdAt": "2026-03-11T20:43:09.977Z",
        "updatedAt": "2026-04-03T22:10:54.801Z"
      }
    },
    {
      "type": "Feature",
      "id": 471,
      "geometry": {
        "type": "Point",
        "coordinates": [
          45.0764,
          37.5527
        ]
      },
      "properties": {
        "id": "MTY6MTAzMzE",
        "city": "ارومیه",
        "count": 2,
        "people": [
          {
            "date": "1767976200",
            "image": "photos/photo_1824@31-01-2026_15-23-39.jpg",
            "rtn_id": "1836",
            "name:fa": "شهاب علیمردانی (خواهرزاده)",
            "sources": "https://t.me/RememberTheirNames/1936"
          },
          {
            "date": "1767976200",
            "image": "photos/photo_1824@31-01-2026_15-23-39.jpg",
            "rtn_id": "1837",
            "name:fa": "نوید موسوی (دایی)",
            "sources": "https://t.me/RememberTheirNames/1936"
          }
        ],
        "province": "استان آذربایجان غربی",
        "publicId": "MTY6MTAzMzE",
        "sourceId": "10331",
        "layerId": 16,
        "type": "location",
        "status": "active",
        "urgency": null,
        "verificationTag": null,
        "expirationDate": null,
        "createdAt": "2026-03-11T20:43:09.977Z",
        "updatedAt": "2026-04-03T22:10:54.606Z"
      }
    },
    {
      "type": "Feature",
      "id": 472,
      "geometry": {
        "type": "Point",
        "coordinates": [
          60.62457780493641,
          35.222510799280435
        ]
      },
      "properties": {
        "id": "MTY6MTAzMzI",
        "city": "جام",
        "count": 4,
        "people": [
          {
            "date": "1767889845-1768161645",
            "image": "photos/photo_2278@06-02-2026_10-44-28.jpg",
            "rtn_id": "2293",
            "name:fa": "اویس صاحب سمیع‌آبادی",
            "sources": "https://t.me/RememberTheirNames/2412"
          },
          {
            "date": "1767889845-1768161645",
            "image": "photos/photo_2323@07-02-2026_02-34-51.jpg",
            "rtn_id": "2338",
            "name:fa": "میلاد تیموری حیانو ۱۲ساله",
            "sources": "https://t.me/RememberTheirNames/2460"
          },
          {
            "date": "1767889845-1768161645",
            "image": "photos/photo_2483@09-02-2026_06-14-08.jpg",
            "rtn_id": "2498",
            "name:fa": "سعید بوستانی",
            "sources": "https://t.me/RememberTheirNames/2628"
          },
          {
            "date": "1767889845-1768161645",
            "image": "photos/photo_2516@09-02-2026_13-08-36.jpg",
            "rtn_id": "2531",
            "name:fa": "مجتبی موذنی",
            "sources": "https://t.me/RememberTheirNames/2662"
          }
        ],
        "province": "استان خراسان رضوی",
        "publicId": "MTY6MTAzMzI",
        "sourceId": "10332",
        "layerId": 16,
        "type": "location",
        "status": "active",
        "urgency": null,
        "verificationTag": null,
        "expirationDate": null,
        "createdAt": "2026-03-11T20:43:09.978Z",
        "updatedAt": "2026-04-03T22:10:54.662Z"
      }
    },
    {
      "type": "Feature",
      "id": 473,
      "geometry": {
        "type": "Point",
        "coordinates": [
          55.977,
          30.3576
        ]
      },
      "properties": {
        "id": "MTY6MTAzMzM",
        "city": "رفسنجان",
        "count": 8,
        "people": [
          {
            "date": "1767976200",
            "image": "photos/photo_1819@31-01-2026_14-37-42.jpg",
            "rtn_id": "1831",
            "name:fa": "محمدعلی عرفانی",
            "sources": "https://t.me/RememberTheirNames/1931"
          },
          {
            "date": "1767976200",
            "image": "photos/photo_2057@04-02-2026_02-39-25.jpg",
            "rtn_id": "2071",
            "name:fa": "محمدحسین عسکری",
            "sources": "https://t.me/RememberTheirNames/2185"
          },
          {
            "date": "1767976200",
            "image": "photos/photo_2202@05-02-2026_14-05-20.jpg",
            "rtn_id": "2216",
            "name:fa": "امین اکرمی مهاجری",
            "sources": "https://t.me/RememberTheirNames/2335"
          },
          {
            "date": "1767889800",
            "image": "photos/photo_2544@10-02-2026_04-27-42.jpg",
            "rtn_id": "2559",
            "name:fa": "محمدرضا زین‌الدینی ریسه",
            "sources": "https://t.me/RememberTheirNames/2700"
          },
          {
            "date": "1767976200",
            "image": "photos/photo_2545@10-02-2026_04-29-54.jpg",
            "rtn_id": "2560",
            "name:fa": "امیر باقرزاده",
            "sources": "https://t.me/RememberTheirNames/2701"
          },
          {
            "date": "1767976200",
            "image": "photos/photo_2609@11-02-2026_09-03-48.jpg",
            "rtn_id": "2624",
            "name:fa": "یاسین محمودی جلال‌آبادی",
            "sources": "https://t.me/RememberTheirNames/2769"
          },
          {
            "date": "1767889800",
            "image": "photos/photo_2659@13-02-2026_08-17-02.jpg",
            "rtn_id": "2674",
            "name:fa": "سعید علی‌نژاد",
            "sources": "https://t.me/RememberTheirNames/2821"
          },
          {
            "date": "1767976200",
            "image": "photos/photo_2689@14-02-2026_03-18-18.jpg",
            "rtn_id": "2704",
            "name:fa": "محمدامین رنجیر کبوترخانی",
            "sources": "https://t.me/RememberTheirNames/2851"
          }
        ],
        "province": "استان کرمان",
        "publicId": "MTY6MTAzMzM",
        "sourceId": "10333",
        "layerId": 16,
        "type": "location",
        "status": "active",
        "urgency": null,
        "verificationTag": null,
        "expirationDate": null,
        "createdAt": "2026-03-11T20:43:09.978Z",
        "updatedAt": "2026-04-03T22:10:54.689Z"
      }
    },
    {
      "type": "Feature",
      "id": 474,
      "geometry": {
        "type": "Point",
        "coordinates": [
          55.698,
          29.439
        ]
      },
      "properties": {
        "id": "MTY6MTAzMzQ",
        "city": "سیرجان",
        "count": 4,
        "people": [
          {
            "date": "1767889845-1768161645",
            "image": "photos/photo_1970@02-02-2026_12-35-29.jpg",
            "rtn_id": "1984",
            "name:fa": "سپیده پاریزی",
            "sources": "https://t.me/RememberTheirNames/2092"
          },
          {
            "date": "1767889845-1768161645",
            "image": "photos/photo_2305@06-02-2026_12-40-44.jpg",
            "rtn_id": "2320",
            "name:fa": "محمدجواد مقنی",
            "sources": "https://t.me/RememberTheirNames/2441"
          },
          {
            "date": "1767976200",
            "image": "photos/photo_2032@03-02-2026_12-18-36.jpg",
            "rtn_id": "2046",
            "name:fa": "علیرضا ولی‌پور",
            "sources": "https://t.me/RememberTheirNames/2159"
          },
          {
            "date": "1767889800",
            "image": "photos/photo_2304@06-02-2026_12-39-44.jpg",
            "rtn_id": "2319",
            "name:fa": "رضا شول",
            "sources": "https://t.me/RememberTheirNames/2440"
          }
        ],
        "province": "استان کرمان",
        "publicId": "MTY6MTAzMzQ",
        "sourceId": "10334",
        "layerId": 16,
        "type": "location",
        "status": "active",
        "urgency": null,
        "verificationTag": null,
        "expirationDate": null,
        "createdAt": "2026-03-11T20:43:09.978Z",
        "updatedAt": "2026-04-03T22:10:54.700Z"
      }
    },
    {
      "type": "Feature",
      "id": 475,
      "geometry": {
        "type": "Point",
        "coordinates": [
          48.307,
          32.198
        ]
      },
      "properties": {
        "id": "MTY6MTAzMzU",
        "city": "شوش دانیال خوزستان",
        "count": 1,
        "people": [
          {
            "date": "1767976200",
            "image": "photos/photo_1801@31-01-2026_12-24-40.jpg",
            "rtn_id": "1812",
            "name:fa": "امین پویان‌سرشت",
            "sources": "https://t.me/RememberTheirNames/1913"
          }
        ],
        "province": "استان خوزستان",
        "publicId": "MTY6MTAzMzU",
        "sourceId": "10335",
        "layerId": 16,
        "type": "location",
        "status": "active",
        "urgency": null,
        "verificationTag": null,
        "expirationDate": null,
        "createdAt": "2026-03-11T20:43:09.979Z",
        "updatedAt": "2026-04-03T22:10:54.705Z"
      }
    },
    {
      "type": "Feature",
      "id": 476,
      "geometry": {
        "type": "Point",
        "coordinates": [
          51.649,
          35.523
        ]
      },
      "properties": {
        "id": "MTY6MTAzMzY",
        "city": "قیامدشت",
        "count": 2,
        "people": [
          {
            "date": "1767889845-1768161645",
            "image": "photos/photo_1865@01-02-2026_11-32-30.jpg",
            "rtn_id": "1879",
            "name:fa": "محمدرضا حسنی",
            "sources": "https://t.me/RememberTheirNames/1978"
          },
          {
            "date": "1767889845-1768161645",
            "image": "photos/photo_1866@01-02-2026_11-33-36.jpg",
            "rtn_id": "1880",
            "name:fa": "رضا اسماعیلی",
            "sources": "https://t.me/RememberTheirNames/1979"
          }
        ],
        "province": "استان تهران",
        "publicId": "MTY6MTAzMzY",
        "sourceId": "10336",
        "layerId": 16,
        "type": "location",
        "status": "active",
        "urgency": null,
        "verificationTag": null,
        "expirationDate": null,
        "createdAt": "2026-03-11T20:43:09.979Z",
        "updatedAt": "2026-04-03T22:10:54.735Z"
      }
    },
    {
      "type": "Feature",
      "id": 477,
      "geometry": {
        "type": "Point",
        "coordinates": [
          51.573,
          30.64
        ]
      },
      "properties": {
        "id": "MTY6MTAzMzc",
        "city": "یاسوج",
        "count": 2,
        "people": [
          {
            "date": "1767976200",
            "image": "photos/photo_1837@01-02-2026_05-38-09.jpg",
            "rtn_id": "1850",
            "name:fa": "رضا حسین‌زاده",
            "sources": "https://t.me/RememberTheirNames/1949"
          },
          {
            "date": "1767889800",
            "image": "photos/photo_2192@05-02-2026_12-12-41.jpg",
            "rtn_id": "2206",
            "name:fa": "ثارالله فرخی",
            "sources": "https://t.me/RememberTheirNames/2324"
          }
        ],
        "province": "استان کهگیلویه و بویراحمد",
        "publicId": "MTY6MTAzMzc",
        "sourceId": "10337",
        "layerId": 16,
        "type": "location",
        "status": "active",
        "urgency": null,
        "verificationTag": null,
        "expirationDate": null,
        "createdAt": "2026-03-11T20:43:09.980Z",
        "updatedAt": "2026-04-03T22:10:54.800Z"
      }
    },
    {
      "type": "Feature",
      "id": 478,
      "geometry": {
        "type": "Point",
        "coordinates": [
          50.36135,
          35.72628
        ]
      },
      "properties": {
        "id": "MTY6MTAzMzg",
        "city": "اشتهارد",
        "count": 2,
        "people": [
          {
            "date": "1767889800",
            "image": "photos/photo_2570@10-02-2026_13-27-28.jpg",
            "rtn_id": "2585",
            "name:fa": "علی کریمی",
            "sources": "https://t.me/RememberTheirNames/2727"
          },
          {
            "date": "1767889800",
            "image": "photos/photo_2571@10-02-2026_13-28-53.jpg",
            "rtn_id": "2586",
            "name:fa": "کاظم امیدی",
            "sources": "https://t.me/RememberTheirNames/2728"
          }
        ],
        "province": "استان البرز",
        "publicId": "MTY6MTAzMzg",
        "sourceId": "10338",
        "layerId": 16,
        "type": "location",
        "status": "active",
        "urgency": null,
        "verificationTag": null,
        "expirationDate": null,
        "createdAt": "2026-03-11T20:43:09.980Z",
        "updatedAt": "2026-04-03T22:10:54.613Z"
      }
    },
    {
      "type": "Feature",
      "id": 479,
      "geometry": {
        "type": "Point",
        "coordinates": [
          51.30858,
          31.99876
        ]
      },
      "properties": {
        "id": "MTY6MTAzMzk",
        "city": "بروجن",
        "count": 1,
        "people": [
          {
            "date": "1767889845-1768161645",
            "image": "photos/photo_2553@10-02-2026_05-11-24.jpg",
            "rtn_id": "2568",
            "name:fa": "دیاکو گنجور ۱۷ساله",
            "sources": "https://t.me/RememberTheirNames/2709"
          }
        ],
        "province": "استان چهارمحال و بختیاری",
        "publicId": "MTY6MTAzMzk",
        "sourceId": "10339",
        "layerId": 16,
        "type": "location",
        "status": "active",
        "urgency": null,
        "verificationTag": null,
        "expirationDate": null,
        "createdAt": "2026-03-11T20:43:09.981Z",
        "updatedAt": "2026-04-03T22:10:54.637Z"
      }
    },
    {
      "type": "Feature",
      "id": 480,
      "geometry": {
        "type": "Point",
        "coordinates": [
          49.07505,
          36.29238
        ]
      },
      "properties": {
        "id": "MTY6MTAzNDA",
        "city": "صائین‌قلعه",
        "count": 1,
        "people": [
          {
            "date": "1767976200",
            "image": "photos/photo_2338@07-02-2026_07-29-44.jpg",
            "rtn_id": "2353",
            "name:fa": "علی جعفری",
            "sources": "https://t.me/RememberTheirNames/2475"
          }
        ],
        "province": "استان زنجان",
        "publicId": "MTY6MTAzNDA",
        "sourceId": "10340",
        "layerId": 16,
        "type": "location",
        "status": "active",
        "urgency": null,
        "verificationTag": null,
        "expirationDate": null,
        "createdAt": "2026-03-11T20:43:09.981Z",
        "updatedAt": "2026-04-03T22:10:54.718Z"
      }
    },
    {
      "type": "Feature",
      "id": 481,
      "geometry": {
        "type": "Point",
        "coordinates": [
          51.17059,
          35.60335
        ]
      },
      "properties": {
        "id": "MTY6MTAzNDE",
        "city": "نصیرآباد شهریار",
        "count": 1,
        "people": [
          {
            "date": "1767976200",
            "image": "photos/photo_2598@11-02-2026_07-00-22.jpg",
            "rtn_id": "2613",
            "name:fa": "علی‌اکبر محمدآقایی",
            "sources": "https://t.me/RememberTheirNames/2756"
          }
        ],
        "province": "استان تهران",
        "publicId": "MTY6MTAzNDE",
        "sourceId": "10341",
        "layerId": 16,
        "type": "location",
        "status": "active",
        "urgency": null,
        "verificationTag": null,
        "expirationDate": null,
        "createdAt": "2026-03-11T20:43:09.982Z",
        "updatedAt": "2026-04-03T22:10:54.786Z"
      }
    },
    {
      "type": "Feature",
      "id": 482,
      "geometry": {
        "type": "Point",
        "coordinates": [
          59.6946071,
          36.1640729
        ]
      },
      "properties": {
        "id": "MTY6MTAzNDI",
        "city": "جاجرم خراسان",
        "count": 3,
        "people": [
          {
            "date": "1767889800",
            "image": "photos/photo_2721@15-02-2026_08-28-20.jpg",
            "rtn_id": "2736",
            "name:fa": "محمد قلعه‌نویی (دایی)",
            "sources": "https://t.me/RememberTheirNames/2884"
          },
          {
            "date": "1767889800",
            "image": "photos/photo_2722@15-02-2026_08-28-49.jpg",
            "rtn_id": "2737",
            "name:fa": "ابوالفضل پالیزی (خواهرزاده)",
            "sources": "https://t.me/RememberTheirNames/2885"
          },
          {
            "date": "1767889845-1768161645",
            "image": "photos/photo_1966@02-02-2026_12-03-24.jpg",
            "rtn_id": "1980",
            "name:fa": "حسن ایشانی",
            "sources": "https://t.me/RememberTheirNames/2087"
          }
        ],
        "province": "استان خراسان رضوی",
        "publicId": "MTY6MTAzNDI",
        "sourceId": "10342",
        "layerId": 16,
        "type": "location",
        "status": "active",
        "urgency": null,
        "verificationTag": null,
        "expirationDate": null,
        "createdAt": "2026-03-11T20:43:09.982Z",
        "updatedAt": "2026-04-03T22:10:54.661Z"
      }
    },
    {
      "type": "Feature",
      "id": 483,
      "geometry": {
        "type": "Point",
        "coordinates": [
          49.5921,
          37.2808
        ]
      },
      "properties": {
        "id": "MTY6MTAzNDM",
        "city": "رحیم‌آباد گیلان",
        "count": 2,
        "people": [
          {
            "date": "1767889800",
            "image": "photos/photo_2880@20-02-2026_05-29-47.jpg",
            "rtn_id": "2892",
            "name:fa": "ابوالفضل زمانی",
            "sources": "https://t.me/RememberTheirNames/3061"
          },
          {
            "date": "1767889800",
            "image": "photos/photo_2664@13-02-2026_12-04-19.jpg",
            "rtn_id": "2679",
            "name:fa": "محمود فرج‌نیا",
            "sources": "https://t.me/RememberTheirNames/2826"
          }
        ],
        "province": "استان گیلان",
        "publicId": "MTY6MTAzNDM",
        "sourceId": "10343",
        "layerId": 16,
        "type": "location",
        "status": "active",
        "urgency": null,
        "verificationTag": null,
        "expirationDate": null,
        "createdAt": "2026-03-11T20:43:09.983Z",
        "updatedAt": "2026-04-03T22:10:54.684Z"
      }
    },
    {
      "type": "Feature",
      "id": 484,
      "geometry": {
        "type": "Point",
        "coordinates": [
          50.149,
          37.193
        ]
      },
      "properties": {
        "id": "MTY6MTAzNDQ",
        "city": "لنگرود",
        "count": 1,
        "people": [
          {
            "date": "1767976200",
            "image": "photos/photo_2918@21-02-2026_12-36-57.jpg",
            "rtn_id": "2930",
            "name:fa": "مجید رضوانی‌فر",
            "sources": "https://t.me/RememberTheirNames/3102"
          }
        ],
        "province": "استان گیلان",
        "publicId": "MTY6MTAzNDQ",
        "sourceId": "10344",
        "layerId": 16,
        "type": "location",
        "status": "active",
        "urgency": null,
        "verificationTag": null,
        "expirationDate": null,
        "createdAt": "2026-03-11T20:43:09.983Z",
        "updatedAt": "2026-04-03T22:10:54.767Z"
      }
    },
    {
      "type": "Feature",
      "id": 485,
      "geometry": {
        "type": "Point",
        "coordinates": [
          46.43,
          33.637
        ]
      },
      "properties": {
        "id": "MTY6MTAzNDU",
        "city": "لوشان",
        "count": 1,
        "people": [
          {
            "date": "1767889800",
            "image": "photos/photo_2767@16-02-2026_16-12-46.jpg",
            "rtn_id": "2783",
            "name:fa": "محمدباقر صابر",
            "sources": "https://t.me/RememberTheirNames/2931"
          }
        ],
        "province": "استان ایلام",
        "publicId": "MTY6MTAzNDU",
        "sourceId": "10345",
        "layerId": 16,
        "type": "location",
        "status": "active",
        "urgency": null,
        "verificationTag": null,
        "expirationDate": null,
        "createdAt": "2026-03-11T20:43:09.984Z",
        "updatedAt": "2026-04-03T22:10:54.768Z"
      }
    },
    {
      "type": "Feature",
      "id": 486,
      "geometry": {
        "type": "Point",
        "coordinates": [
          50.682,
          32.158
        ]
      },
      "properties": {
        "id": "MTY6MTAzNDY",
        "city": "جونقان",
        "count": 3,
        "people": [
          {
            "date": "1767976200",
            "image": "photos/photo_2831@18-02-2026_11-35-16.jpg",
            "rtn_id": "2843",
            "name:fa": "فیروز حیدری",
            "sources": "https://t.me/RememberTheirNames/3011"
          },
          {
            "date": "1768321800",
            "image": "photos/photo_2784@17-02-2026_03-48-44.jpg",
            "rtn_id": "2800",
            "name:fa": "علیقلی مختاری جونقانی",
            "sources": "https://t.me/RememberTheirNames/2949"
          },
          {
            "date": "1768321800",
            "image": "photos/photo_2785@17-02-2026_03-51-42.jpg",
            "rtn_id": "2801",
            "name:fa": "هادی قنبرپور جونقانی",
            "sources": "https://t.me/RememberTheirNames/2950"
          }
        ],
        "province": "استان چهارمحال و بختیاری",
        "publicId": "MTY6MTAzNDY",
        "sourceId": "10346",
        "layerId": 16,
        "type": "location",
        "status": "active",
        "urgency": null,
        "verificationTag": null,
        "expirationDate": null,
        "createdAt": "2026-03-11T20:43:09.984Z",
        "updatedAt": "2026-04-03T22:10:54.663Z"
      }
    },
    {
      "type": "Feature",
      "id": 92210,
      "geometry": {
        "type": "Point",
        "coordinates": [
          51.39156927257986,
          32.61480937028044
        ]
      },
      "properties": {
        "city": "نجف‌ آباد",
        "date": 1767817800,
        "count": "",
        "people": "",
        "name:fa": "آرامگاه محمد گلی",
        "province": "استان اصفهان",
        "description": "آرامگاه محمد گلی، جاوید نامی که در شب 18 دی جلوی کلانتری 12 با استفاده از ماشین آتش نشانی که آب می‌پاشید، جلوی تفنگ ها قرار گرفت. خودش رو فدا کرد و 11 تیر جنگی بهش اصابت کرد تا جان مردم رو نجات بده.",
        "id": "MTY6ZWQ0OWJiMGE0ZTZk",
        "publicId": "MTY6ZWQ0OWJiMGE0ZTZk",
        "sourceId": "ed49bb0a4e6d",
        "layerId": 16,
        "type": "location",
        "status": "active",
        "urgency": null,
        "verificationTag": "verified",
        "expirationDate": null,
        "createdAt": "2026-03-27T15:41:18.448Z",
        "updatedAt": "2026-04-08T19:39:30.358Z"
      }
    },
    {
      "type": "Feature",
      "id": 92811,
      "geometry": {
        "type": "Point",
        "coordinates": [
          52.63188880450343,
          32.15333286839693
        ]
      },
      "properties": {
        "city": "شهرستان اصفهان",
        "count": "",
        "people": "علیرضا علیزاده",
        "description": "",
        "date": 1772281800,
        "province": "استان اصفهان",
        "id": "MTY6NjExZGZmMDMxN2Q3",
        "publicId": "MTY6NjExZGZmMDMxN2Q3",
        "sourceId": "611dff0317d7",
        "layerId": 16,
        "type": "location",
        "status": "active",
        "urgency": null,
        "verificationTag": "verified",
        "expirationDate": null,
        "createdAt": "2026-04-02T11:11:02.237Z",
        "updatedAt": "2026-04-02T11:11:02.237Z"
      }
    },
    {
      "type": "Feature",
      "id": 92893,
      "geometry": {
        "type": "Point",
        "coordinates": [
          49.5921,
          37.2808
        ]
      },
      "properties": {
        "city": "املش گیلان",
        "count": 1,
        "people": [
          {
            "rtn_id": "3045",
            "name:fa": "شاهرخ همایونی ۱۳ساله",
            "date": "1767976200",
            "image": "photos/photo_3033@08-03-2026_10-04-19.jpg",
            "sources": "https://t.me/RememberTheirNames/3246"
          }
        ],
        "id": 92893,
        "sourceId": null,
        "layerId": 16,
        "type": "location",
        "status": "active",
        "urgency": null,
        "verificationTag": null,
        "expirationDate": null,
        "createdAt": "2026-04-03T22:10:54.621Z",
        "updatedAt": "2026-04-03T22:10:54.621Z"
      }
    },
    {
      "type": "Feature",
      "id": 92894,
      "geometry": {
        "type": "Point",
        "coordinates": [
          51.2308,
          35.5528
        ]
      },
      "properties": {
        "city": "در اسلامشهر",
        "count": 1,
        "people": [
          {
            "rtn_id": "3051",
            "name:fa": "امیرحسین نوراللهی خوشنامه",
            "date": "1767889800",
            "image": "photos/photo_3039@09-03-2026_04-54-55.jpg",
            "sources": "https://t.me/RememberTheirNames/3252"
          }
        ],
        "id": 92894,
        "sourceId": null,
        "layerId": 16,
        "type": "location",
        "status": "active",
        "urgency": null,
        "verificationTag": null,
        "expirationDate": null,
        "createdAt": "2026-04-03T22:10:54.678Z",
        "updatedAt": "2026-04-03T22:10:54.678Z"
      }
    },
    {
      "type": "Feature",
      "id": 92895,
      "geometry": {
        "type": "Point",
        "coordinates": [
          49.5921,
          37.2808
        ]
      },
      "properties": {
        "city": "در املش گیلان",
        "count": 1,
        "people": [
          {
            "rtn_id": "2998",
            "name:fa": "میلاد ملک‌محمدی",
            "date": "1769185800",
            "image": "photos/photo_2986@24-02-2026_16-13-51.jpg",
            "sources": "https://t.me/RememberTheirNames/3173"
          }
        ],
        "id": 92895,
        "sourceId": null,
        "layerId": 16,
        "type": "location",
        "status": "active",
        "urgency": null,
        "verificationTag": null,
        "expirationDate": null,
        "createdAt": "2026-04-03T22:10:54.678Z",
        "updatedAt": "2026-04-03T22:10:54.678Z"
      }
    },
    {
      "type": "Feature",
      "id": 92896,
      "geometry": {
        "type": "Point",
        "coordinates": [
          48.685,
          33.911
        ]
      },
      "properties": {
        "city": "گلوله",
        "count": 1,
        "people": [
          {
            "rtn_id": "3066",
            "name:fa": "امیررضا عطایی خرمی ۱۸ساله",
            "date": "1772728200",
            "image": "photos/photo_3053@10-03-2026_14-33-10.jpg",
            "sources": "https://t.me/RememberTheirNames/3267"
          }
        ],
        "id": 92896,
        "sourceId": null,
        "layerId": 16,
        "type": "location",
        "status": "active",
        "urgency": null,
        "verificationTag": null,
        "expirationDate": null,
        "createdAt": "2026-04-03T22:10:54.758Z",
        "updatedAt": "2026-04-03T22:10:54.758Z"
      }
    },
    {
      "type": "Feature",
      "id": 92897,
      "geometry": {
        "type": "Point",
        "coordinates": [
          51.5217,
          30.1139
        ]
      },
      "properties": {
        "city": "نورآباد ممسنی فارس",
        "count": 1,
        "people": [
          {
            "rtn_id": "2975",
            "name:fa": "علی کرمی",
            "date": "1767976200",
            "image": "photos/photo_2963@23-02-2026_17-24-02.jpg",
            "sources": "https://t.me/RememberTheirNames/3150"
          }
        ],
        "id": 92897,
        "sourceId": null,
        "layerId": 16,
        "type": "location",
        "status": "active",
        "urgency": null,
        "verificationTag": null,
        "expirationDate": null,
        "createdAt": "2026-04-03T22:10:54.789Z",
        "updatedAt": "2026-04-03T22:10:54.789Z"
      }
    }
  ],
  "metadata": {
    "total": 174,
    "layerId": 16,
    "clustered": false,
    "simplified": false
  }
}