{
  "type": "FeatureCollection",
  "features": [
    {
      "type": "Feature",
      "id": 59465,
      "geometry": {
        "type": "Point",
        "coordinates": [
          51.0339818,
          28.8700241
        ]
      },
      "properties": {
        "id": "Mjg6MzQ1OTY",
        "city": "شهرستان تنگستان",
        "name:fa": "112پایگاه هلال احمر گرگور تنگستان",
        "province": "استان بوشهر",
        "name:en": "Gurgur Tangestan Red Crescent Station 112",
        "city:en": "Tangestan County",
        "province:en": "Bushehr",
        "publicId": "Mjg6MzQ1OTY",
        "sourceId": "34596",
        "layerId": 28,
        "type": "location",
        "status": "active",
        "urgency": null,
        "verificationTag": null,
        "expirationDate": null,
        "createdAt": "2026-03-11T20:58:31.965Z",
        "updatedAt": "2026-03-11T20:58:31.965Z"
      }
    },
    {
      "type": "Feature",
      "id": 59466,
      "geometry": {
        "type": "Point",
        "coordinates": [
          51.5654275,
          32.2750781
        ]
      },
      "properties": {
        "id": "Mjg6NDA4NzY",
        "city": "شهرستان مبارکه",
        "name:fa": "Iranian Red Crescent",
        "province": "استان اصفهان",
        "name:en": "Iranian Red Crescent",
        "city:en": "Mobarakeh County",
        "province:en": "Isfahan",
        "publicId": "Mjg6NDA4NzY",
        "sourceId": "40876",
        "layerId": 28,
        "type": "location",
        "status": "active",
        "urgency": null,
        "verificationTag": null,
        "expirationDate": null,
        "createdAt": "2026-03-11T20:58:31.965Z",
        "updatedAt": "2026-03-11T20:58:31.965Z"
      }
    },
    {
      "type": "Feature",
      "id": 59467,
      "geometry": {
        "type": "Point",
        "coordinates": [
          57.6650008,
          25.834914
        ]
      },
      "properties": {
        "id": "Mjg6NDA4Nzc",
        "city": "شهرستان جاسک",
        "name:fa": "Iranian Red Crescent",
        "province": "استان هرمزگان",
        "name:en": "Iranian Red Crescent",
        "city:en": "Jask County",
        "province:en": "Hormozgan",
        "publicId": "Mjg6NDA4Nzc",
        "sourceId": "40877",
        "layerId": 28,
        "type": "location",
        "status": "active",
        "urgency": null,
        "verificationTag": null,
        "expirationDate": null,
        "createdAt": "2026-03-11T20:58:31.966Z",
        "updatedAt": "2026-03-11T20:58:31.966Z"
      }
    },
    {
      "type": "Feature",
      "id": 59468,
      "geometry": {
        "type": "Point",
        "coordinates": [
          49.0220311,
          34.6256387
        ]
      },
      "properties": {
        "id": "Mjg6NDA4Nzg",
        "city": "عبدالرحیم",
        "name:fa": "Iranian Red Crescent Society IRCS",
        "province": "استان همدان",
        "name:en": "Iranian Red Crescent Society IRCS",
        "city:en": "Abdolrahim",
        "province:en": "Hamadan",
        "publicId": "Mjg6NDA4Nzg",
        "sourceId": "40878",
        "layerId": 28,
        "type": "location",
        "status": "active",
        "urgency": null,
        "verificationTag": null,
        "expirationDate": null,
        "createdAt": "2026-03-11T20:58:31.966Z",
        "updatedAt": "2026-03-11T20:58:31.966Z"
      }
    },
    {
      "type": "Feature",
      "id": 59469,
      "geometry": {
        "type": "Point",
        "coordinates": [
          46.8823891,
          36.5188038
        ]
      },
      "properties": {
        "id": "Mjg6NDA4Nzk",
        "city": "مائین بلاغ",
        "name:fa": "Iranian Red Crescent Society IRCS",
        "province": "استان آذربایجان غربی",
        "name:en": "Iranian Red Crescent Society IRCS",
        "city:en": "Ma'in Bulaq",
        "province:en": "West Azerbaijan",
        "publicId": "Mjg6NDA4Nzk",
        "sourceId": "40879",
        "layerId": 28,
        "type": "location",
        "status": "active",
        "urgency": null,
        "verificationTag": null,
        "expirationDate": null,
        "createdAt": "2026-03-11T20:58:31.967Z",
        "updatedAt": "2026-03-11T20:58:31.967Z"
      }
    },
    {
      "type": "Feature",
      "id": 59470,
      "geometry": {
        "type": "Point",
        "coordinates": [
          51.5707704,
          32.4408798
        ]
      },
      "properties": {
        "id": "Mjg6NDA4ODA",
        "city": "شهرستان فلاورجان",
        "name:fa": "امداد جاده ای هلال احمر",
        "province": "استان اصفهان",
        "name:en": "Red Crescent Road Rescue",
        "city:en": "Falavarjan County",
        "province:en": "Isfahan",
        "publicId": "Mjg6NDA4ODA",
        "sourceId": "40880",
        "layerId": 28,
        "type": "location",
        "status": "active",
        "urgency": null,
        "verificationTag": null,
        "expirationDate": null,
        "createdAt": "2026-03-11T20:58:31.967Z",
        "updatedAt": "2026-03-11T20:58:31.967Z"
      }
    },
    {
      "type": "Feature",
      "id": 59471,
      "geometry": {
        "type": "Point",
        "coordinates": [
          51.8813849,
          29.553136
        ]
      },
      "properties": {
        "id": "Mjg6NDA4ODE",
        "city": "شهرستان کازرون",
        "name:fa": "امداد جاده ای هلال احمر دشت برم",
        "province": "استان فارس",
        "name:en": "Dasht-e Barm Red Crescent Road Rescue",
        "city:en": "Kazerun County",
        "province:en": "Fars",
        "publicId": "Mjg6NDA4ODE",
        "sourceId": "40881",
        "layerId": 28,
        "type": "location",
        "status": "active",
        "urgency": null,
        "verificationTag": null,
        "expirationDate": null,
        "createdAt": "2026-03-11T20:58:31.967Z",
        "updatedAt": "2026-03-11T20:58:31.967Z"
      }
    },
    {
      "type": "Feature",
      "id": 59472,
      "geometry": {
        "type": "Point",
        "coordinates": [
          47.6802328,
          39.5659961
        ]
      },
      "properties": {
        "id": "Mjg6NDA4ODI",
        "city": "شهرستان پارس‌آباد",
        "name:fa": "امداد هلال احمر",
        "province": "استان اردبیل",
        "name:en": "Red Crescent Relief",
        "city:en": "Parsabad County",
        "province:en": "Ardabil",
        "publicId": "Mjg6NDA4ODI",
        "sourceId": "40882",
        "layerId": 28,
        "type": "location",
        "status": "active",
        "urgency": null,
        "verificationTag": null,
        "expirationDate": null,
        "createdAt": "2026-03-11T20:58:31.968Z",
        "updatedAt": "2026-03-11T20:58:31.968Z"
      }
    },
    {
      "type": "Feature",
      "id": 59473,
      "geometry": {
        "type": "Point",
        "coordinates": [
          55.6309368,
          36.4157969
        ]
      },
      "properties": {
        "id": "Mjg6MTgwMTA",
        "city": "شهرستان میامی",
        "name:fa": "امداد و نجات جاده ای جمعیت هلال احمر ۱۱۲",
        "province": "استان سمنان",
        "name:en": "Red Crescent Society Road Rescue 112",
        "city:en": "Mayamey County",
        "province:en": "Semnan",
        "publicId": "Mjg6MTgwMTA",
        "sourceId": "18010",
        "layerId": 28,
        "type": "location",
        "status": "active",
        "urgency": null,
        "verificationTag": null,
        "expirationDate": null,
        "createdAt": "2026-03-11T20:58:31.968Z",
        "updatedAt": "2026-03-11T20:58:31.968Z"
      }
    },
    {
      "type": "Feature",
      "id": 59474,
      "geometry": {
        "type": "Point",
        "coordinates": [
          46.1692058,
          35.521315
        ]
      },
      "properties": {
        "id": "Mjg6MjQxMTg",
        "city": "مریوان",
        "name:fa": "امداد و نجات هلال احمر",
        "province": "استان کردستان",
        "name:en": "Red Crescent Rescue Station",
        "city:en": "Marivan",
        "province:en": "Kurdistan",
        "publicId": "Mjg6MjQxMTg",
        "sourceId": "24118",
        "layerId": 28,
        "type": "location",
        "status": "active",
        "urgency": null,
        "verificationTag": null,
        "expirationDate": null,
        "createdAt": "2026-03-11T20:58:31.969Z",
        "updatedAt": "2026-03-11T20:58:31.969Z"
      }
    },
    {
      "type": "Feature",
      "id": 59475,
      "geometry": {
        "type": "Point",
        "coordinates": [
          50.5315679,
          33.5471355
        ]
      },
      "properties": {
        "id": "Mjg6MjY5NzI",
        "city": "شهرستان گلپایگان",
        "name:fa": "امداد و نجات هلال احمر",
        "province": "استان اصفهان",
        "name:en": "Red Crescent Rescue Station",
        "city:en": "Golpayegan County",
        "province:en": "Isfahan",
        "publicId": "Mjg6MjY5NzI",
        "sourceId": "26972",
        "layerId": 28,
        "type": "location",
        "status": "active",
        "urgency": null,
        "verificationTag": null,
        "expirationDate": null,
        "createdAt": "2026-03-11T20:58:31.969Z",
        "updatedAt": "2026-03-11T20:58:31.969Z"
      }
    },
    {
      "type": "Feature",
      "id": 59476,
      "geometry": {
        "type": "Point",
        "coordinates": [
          56.0568045,
          29.8090439
        ]
      },
      "properties": {
        "id": "Mjg6MzEyMTQ",
        "city": "شهرستان سیرجان",
        "name:fa": "امداد و نجات هلال احمر گدار خانه سرخ",
        "province": "استان کرمان",
        "name:en": "Godar-e Khaneh Sorkh Red Crescent Rescue Station",
        "city:en": "Sirjan County",
        "province:en": "Kerman",
        "publicId": "Mjg6MzEyMTQ",
        "sourceId": "31214",
        "layerId": 28,
        "type": "location",
        "status": "active",
        "urgency": null,
        "verificationTag": null,
        "expirationDate": null,
        "createdAt": "2026-03-11T20:58:31.970Z",
        "updatedAt": "2026-03-11T20:58:31.970Z"
      }
    },
    {
      "type": "Feature",
      "id": 59477,
      "geometry": {
        "type": "Point",
        "coordinates": [
          51.3884744,
          29.4675867
        ]
      },
      "properties": {
        "id": "Mjg6MzU3MDY",
        "city": "شهرستان کازرون",
        "name:fa": "امداد ونجات هلال احمر",
        "province": "استان فارس",
        "name:en": "Red Crescent Rescue Service",
        "city:en": "Kazerun County",
        "province:en": "Fars",
        "publicId": "Mjg6MzU3MDY",
        "sourceId": "35706",
        "layerId": 28,
        "type": "location",
        "status": "active",
        "urgency": null,
        "verificationTag": null,
        "expirationDate": null,
        "createdAt": "2026-03-11T20:58:31.970Z",
        "updatedAt": "2026-03-11T20:58:31.970Z"
      }
    },
    {
      "type": "Feature",
      "id": 59478,
      "geometry": {
        "type": "Point",
        "coordinates": [
          60.3956793,
          35.3808275
        ]
      },
      "properties": {
        "id": "Mjg6Mzc4MTI",
        "city": "روستاي خرم آباد",
        "name:fa": "امدادرسانی هلال احمر",
        "province": "استان خراسان رضوی",
        "name:en": "Red Crescent Relief Operations",
        "city:en": "Khorramabad Village",
        "province:en": "Razavi Khorasan",
        "publicId": "Mjg6Mzc4MTI",
        "sourceId": "37812",
        "layerId": 28,
        "type": "location",
        "status": "active",
        "urgency": null,
        "verificationTag": null,
        "expirationDate": null,
        "createdAt": "2026-03-11T20:58:31.971Z",
        "updatedAt": "2026-03-11T20:58:31.971Z"
      }
    },
    {
      "type": "Feature",
      "id": 59479,
      "geometry": {
        "type": "Point",
        "coordinates": [
          56.2941465,
          27.1884885
        ]
      },
      "properties": {
        "id": "Mjg6MzMyNjU",
        "city": "بندر عباس",
        "name:fa": "امدادسرا هلال احمر بندرعباس",
        "province": "استان هرمزگان",
        "name:en": "Bandar Abbas Red Crescent Relief Center",
        "city:en": "Bandar Abbas",
        "province:en": "Hormozgan",
        "publicId": "Mjg6MzMyNjU",
        "sourceId": "33265",
        "layerId": 28,
        "type": "location",
        "status": "active",
        "urgency": null,
        "verificationTag": null,
        "expirationDate": null,
        "createdAt": "2026-03-11T20:58:31.971Z",
        "updatedAt": "2026-03-11T20:58:31.971Z"
      }
    },
    {
      "type": "Feature",
      "id": 59480,
      "geometry": {
        "type": "Point",
        "coordinates": [
          59.0255901,
          32.5798388
        ]
      },
      "properties": {
        "id": "Mjg6MjgyNTI",
        "city": "شهرستان خوسف",
        "name:fa": "ایستگاه امداد و نجات هلال احمر",
        "province": "استان خراسان جنوبی",
        "name:en": "Red Crescent Rescue Station",
        "city:en": "Khusf County",
        "province:en": "South Khorasan",
        "publicId": "Mjg6MjgyNTI",
        "sourceId": "28252",
        "layerId": 28,
        "type": "location",
        "status": "active",
        "urgency": null,
        "verificationTag": null,
        "expirationDate": null,
        "createdAt": "2026-03-11T20:58:31.972Z",
        "updatedAt": "2026-03-11T20:58:31.972Z"
      }
    },
    {
      "type": "Feature",
      "id": 59481,
      "geometry": {
        "type": "Point",
        "coordinates": [
          48.4959,
          35.7712348
        ]
      },
      "properties": {
        "id": "Mjg6MjA0NjI",
        "city": "شهرستان خدابنده",
        "name:fa": "ایستگاه هلال احمر",
        "province": "استان زنجان",
        "name:en": "Red Crescent Station",
        "city:en": "Khodabandeh County",
        "province:en": "Zanjan",
        "publicId": "Mjg6MjA0NjI",
        "sourceId": "20462",
        "layerId": 28,
        "type": "location",
        "status": "active",
        "urgency": null,
        "verificationTag": null,
        "expirationDate": null,
        "createdAt": "2026-03-11T20:58:31.972Z",
        "updatedAt": "2026-03-11T20:58:31.972Z"
      }
    },
    {
      "type": "Feature",
      "id": 59482,
      "geometry": {
        "type": "Point",
        "coordinates": [
          59.097759,
          36.6527066
        ]
      },
      "properties": {
        "id": "Mjg6MTcxOTA",
        "city": "شهرستان چناران",
        "name:fa": "ایستگاه هلال احمر",
        "province": "استان خراسان رضوی",
        "name:en": "Red Crescent Station",
        "city:en": "Chenaran County",
        "province:en": "Razavi Khorasan",
        "publicId": "Mjg6MTcxOTA",
        "sourceId": "17190",
        "layerId": 28,
        "type": "location",
        "status": "active",
        "urgency": null,
        "verificationTag": null,
        "expirationDate": null,
        "createdAt": "2026-03-11T20:58:31.973Z",
        "updatedAt": "2026-03-11T20:58:31.973Z"
      }
    },
    {
      "type": "Feature",
      "id": 59483,
      "geometry": {
        "type": "Point",
        "coordinates": [
          46.6542417,
          34.1502576
        ]
      },
      "properties": {
        "id": "Mjg6MjYxODg",
        "city": "شهرستان اسلام آبادغرب",
        "name:fa": "ایستگاه هلال احمر",
        "province": "استان کرمانشاه",
        "name:en": "Red Crescent Station",
        "city:en": "Islamabad-e Gharb County",
        "province:en": "Kermanshah",
        "publicId": "Mjg6MjYxODg",
        "sourceId": "26188",
        "layerId": 28,
        "type": "location",
        "status": "active",
        "urgency": null,
        "verificationTag": null,
        "expirationDate": null,
        "createdAt": "2026-03-11T20:58:31.973Z",
        "updatedAt": "2026-03-11T20:58:31.973Z"
      }
    },
    {
      "type": "Feature",
      "id": 59484,
      "geometry": {
        "type": "Point",
        "coordinates": [
          49.4898731,
          37.4643897
        ]
      },
      "properties": {
        "id": "Mjg6MTUzNTY",
        "city": "بندر انزلی",
        "name:fa": "ایستگاه هلال احمر",
        "province": "استان گیلان",
        "name:en": "Red Crescent Station",
        "city:en": "Bandar Anzali",
        "province:en": "Gilan",
        "publicId": "Mjg6MTUzNTY",
        "sourceId": "15356",
        "layerId": 28,
        "type": "location",
        "status": "active",
        "urgency": null,
        "verificationTag": null,
        "expirationDate": null,
        "createdAt": "2026-03-11T20:58:31.975Z",
        "updatedAt": "2026-03-11T20:58:31.975Z"
      }
    },
    {
      "type": "Feature",
      "id": 59485,
      "geometry": {
        "type": "Point",
        "coordinates": [
          47.9357743,
          33.4706754
        ]
      },
      "properties": {
        "id": "Mjg6MjcwODE",
        "city": "شهرستان چگنی",
        "name:fa": "ایستگاه هلال احمر",
        "province": "استان لرستان",
        "name:en": "Red Crescent Station",
        "city:en": "Chegeni County",
        "province:en": "Lorestan",
        "publicId": "Mjg6MjcwODE",
        "sourceId": "27081",
        "layerId": 28,
        "type": "location",
        "status": "active",
        "urgency": null,
        "verificationTag": null,
        "expirationDate": null,
        "createdAt": "2026-03-11T20:58:31.975Z",
        "updatedAt": "2026-03-11T20:58:31.975Z"
      }
    },
    {
      "type": "Feature",
      "id": 59486,
      "geometry": {
        "type": "Point",
        "coordinates": [
          49.2136136,
          34.0188653
        ]
      },
      "properties": {
        "id": "Mjg6MjY0Mzk",
        "city": "شهرستان شازند",
        "name:fa": "ایستگاه هلال احمر خان بزرگ",
        "province": "استان مرکزی",
        "name:en": "Khan-e Bozorg Red Crescent Station",
        "city:en": "Shazand County",
        "province:en": "Markazi",
        "publicId": "Mjg6MjY0Mzk",
        "sourceId": "26439",
        "layerId": 28,
        "type": "location",
        "status": "active",
        "urgency": null,
        "verificationTag": null,
        "expirationDate": null,
        "createdAt": "2026-03-11T20:58:31.976Z",
        "updatedAt": "2026-03-11T20:58:31.976Z"
      }
    },
    {
      "type": "Feature",
      "id": 59487,
      "geometry": {
        "type": "Point",
        "coordinates": [
          56.8205297,
          37.4858975
        ]
      },
      "properties": {
        "id": "Mjg6Mzg0MDA",
        "city": "شهرستان مانه وسملقان",
        "name:fa": "ایستگاه هلال احمر روستای کشانک",
        "province": "استان خراسان شمالی",
        "name:en": "Keshanak Village Red Crescent Station",
        "city:en": "Maneh and Samalqan County",
        "province:en": "North Khorasan",
        "publicId": "Mjg6Mzg0MDA",
        "sourceId": "38400",
        "layerId": 28,
        "type": "location",
        "status": "active",
        "urgency": null,
        "verificationTag": null,
        "expirationDate": null,
        "createdAt": "2026-03-11T20:58:31.976Z",
        "updatedAt": "2026-03-11T20:58:31.976Z"
      }
    },
    {
      "type": "Feature",
      "id": 59488,
      "geometry": {
        "type": "Point",
        "coordinates": [
          51.2050116,
          29.263344
        ]
      },
      "properties": {
        "id": "Mjg6MzIwNzI",
        "city": "برازجان",
        "name:fa": "جعمیت هلال احمر شهرستان دشتستان",
        "province": "استان بوشهر",
        "name:en": "Red Crescent Society of Dashtestan County",
        "city:en": "Borazjan",
        "province:en": "Bushehr",
        "publicId": "Mjg6MzIwNzI",
        "sourceId": "32072",
        "layerId": 28,
        "type": "location",
        "status": "active",
        "urgency": null,
        "verificationTag": null,
        "expirationDate": null,
        "createdAt": "2026-03-11T20:58:31.976Z",
        "updatedAt": "2026-03-11T20:58:31.976Z"
      }
    },
    {
      "type": "Feature",
      "id": 59489,
      "geometry": {
        "type": "Point",
        "coordinates": [
          54.2204355,
          31.7534104
        ]
      },
      "properties": {
        "id": "Mjg6MjkzOTY",
        "city": "تفت",
        "name:fa": "جمعیت هلال احمر",
        "province": "استان یزد",
        "name:en": "Red Crescent Society",
        "city:en": "Taft",
        "province:en": "Yazd",
        "publicId": "Mjg6MjkzOTY",
        "sourceId": "29396",
        "layerId": 28,
        "type": "location",
        "status": "active",
        "urgency": null,
        "verificationTag": null,
        "expirationDate": null,
        "createdAt": "2026-03-11T20:58:31.977Z",
        "updatedAt": "2026-03-11T20:58:31.977Z"
      }
    },
    {
      "type": "Feature",
      "id": 59490,
      "geometry": {
        "type": "Point",
        "coordinates": [
          56.2627445,
          26.9638982
        ]
      },
      "properties": {
        "id": "Mjg6MzM0MTk",
        "city": "قشم",
        "name:fa": "جمعیت هلال احمر",
        "province": "استان هرمزگان",
        "name:en": "Red Crescent Society",
        "city:en": "Qeshm",
        "province:en": "Hormozgan",
        "publicId": "Mjg6MzM0MTk",
        "sourceId": "33419",
        "layerId": 28,
        "type": "location",
        "status": "active",
        "urgency": null,
        "verificationTag": null,
        "expirationDate": null,
        "createdAt": "2026-03-11T20:58:31.977Z",
        "updatedAt": "2026-03-11T20:58:31.977Z"
      }
    },
    {
      "type": "Feature",
      "id": 59491,
      "geometry": {
        "type": "Point",
        "coordinates": [
          48.3047672,
          38.2729044
        ]
      },
      "properties": {
        "id": "Mjg6MTQwNzY",
        "city": "اردبیل",
        "name:fa": "جمعیت هلال احمر",
        "province": "استان اردبیل",
        "name:en": "Red Crescent Society",
        "city:en": "Ardabil",
        "province:en": "Ardabil",
        "publicId": "Mjg6MTQwNzY",
        "sourceId": "14076",
        "layerId": 28,
        "type": "location",
        "status": "active",
        "urgency": null,
        "verificationTag": null,
        "expirationDate": null,
        "createdAt": "2026-03-11T20:58:31.978Z",
        "updatedAt": "2026-03-11T20:58:31.978Z"
      }
    },
    {
      "type": "Feature",
      "id": 59492,
      "geometry": {
        "type": "Point",
        "coordinates": [
          58.2119299,
          37.2284234
        ]
      },
      "properties": {
        "id": "Mjg6MTYwMzk",
        "city": "فاروج",
        "name:fa": "جمعیت هلال احمر",
        "province": "استان خراسان شمالی",
        "name:en": "Red Crescent Society",
        "city:en": "Faruj",
        "province:en": "North Khorasan",
        "publicId": "Mjg6MTYwMzk",
        "sourceId": "16039",
        "layerId": 28,
        "type": "location",
        "status": "active",
        "urgency": null,
        "verificationTag": null,
        "expirationDate": null,
        "createdAt": "2026-03-11T20:58:31.978Z",
        "updatedAt": "2026-03-11T20:58:31.978Z"
      }
    },
    {
      "type": "Feature",
      "id": 59493,
      "geometry": {
        "type": "Point",
        "coordinates": [
          52.3521321,
          36.4662517
        ]
      },
      "properties": {
        "id": "Mjg6MTc4MjI",
        "city": "آمل",
        "name:fa": "جمعیت هلال احمر",
        "province": "استان مازندران",
        "name:en": "Red Crescent Society",
        "city:en": "Amol",
        "province:en": "Mazandaran",
        "publicId": "Mjg6MTc4MjI",
        "sourceId": "17822",
        "layerId": 28,
        "type": "location",
        "status": "active",
        "urgency": null,
        "verificationTag": null,
        "expirationDate": null,
        "createdAt": "2026-03-11T20:58:31.979Z",
        "updatedAt": "2026-03-11T20:58:31.979Z"
      }
    },
    {
      "type": "Feature",
      "id": 59494,
      "geometry": {
        "type": "Point",
        "coordinates": [
          47.1139978,
          36.40778
        ]
      },
      "properties": {
        "id": "Mjg6MTc5NzU",
        "city": "تكاب",
        "name:fa": "جمعیت هلال احمر",
        "province": "استان آذربایجان غربی",
        "name:en": "Red Crescent Society",
        "city:en": "Takab",
        "province:en": "West Azerbaijan",
        "publicId": "Mjg6MTc5NzU",
        "sourceId": "17975",
        "layerId": 28,
        "type": "location",
        "status": "active",
        "urgency": null,
        "verificationTag": null,
        "expirationDate": null,
        "createdAt": "2026-03-11T20:58:31.979Z",
        "updatedAt": "2026-03-11T20:58:31.979Z"
      }
    },
    {
      "type": "Feature",
      "id": 59495,
      "geometry": {
        "type": "Point",
        "coordinates": [
          53.3450308,
          35.6985264
        ]
      },
      "properties": {
        "id": "Mjg6MjI4NTc",
        "city": "مهدی شهر",
        "name:fa": "جمعیت هلال احمر",
        "province": "استان سمنان",
        "name:en": "Red Crescent Society",
        "city:en": "Mehdishahr",
        "province:en": "Semnan",
        "publicId": "Mjg6MjI4NTc",
        "sourceId": "22857",
        "layerId": 28,
        "type": "location",
        "status": "active",
        "urgency": null,
        "verificationTag": null,
        "expirationDate": null,
        "createdAt": "2026-03-11T20:58:31.980Z",
        "updatedAt": "2026-03-11T20:58:31.980Z"
      }
    },
    {
      "type": "Feature",
      "id": 59496,
      "geometry": {
        "type": "Point",
        "coordinates": [
          48.712239,
          35.1923248
        ]
      },
      "properties": {
        "id": "Mjg6MjQ4Mzg",
        "city": "شهرستان کبودرآهنگ",
        "name:fa": "جمعیت هلال احمر",
        "province": "استان همدان",
        "name:en": "Red Crescent Society",
        "city:en": "Kabudarahang County",
        "province:en": "Hamadan",
        "publicId": "Mjg6MjQ4Mzg",
        "sourceId": "24838",
        "layerId": 28,
        "type": "location",
        "status": "active",
        "urgency": null,
        "verificationTag": null,
        "expirationDate": null,
        "createdAt": "2026-03-11T20:58:31.980Z",
        "updatedAt": "2026-03-11T20:58:31.980Z"
      }
    },
    {
      "type": "Feature",
      "id": 59497,
      "geometry": {
        "type": "Point",
        "coordinates": [
          59.620441,
          34.9759554
        ]
      },
      "properties": {
        "id": "Mjg6MjUwNTY",
        "city": "رشتخوار",
        "name:fa": "جمعیت هلال احمر",
        "province": "استان خراسان رضوی",
        "name:en": "Red Crescent Society",
        "city:en": "Rashtkhar",
        "province:en": "Razavi Khorasan",
        "publicId": "Mjg6MjUwNTY",
        "sourceId": "25056",
        "layerId": 28,
        "type": "location",
        "status": "active",
        "urgency": null,
        "verificationTag": null,
        "expirationDate": null,
        "createdAt": "2026-03-11T20:58:31.980Z",
        "updatedAt": "2026-03-11T20:58:31.980Z"
      }
    },
    {
      "type": "Feature",
      "id": 59498,
      "geometry": {
        "type": "Point",
        "coordinates": [
          48.5277754,
          34.8512662
        ]
      },
      "properties": {
        "id": "Mjg6MjUwOTk",
        "city": "همدان",
        "name:fa": "جمعیت هلال احمر",
        "province": "استان همدان",
        "name:en": "Red Crescent Society",
        "city:en": "Hamadan",
        "province:en": "Hamadan",
        "publicId": "Mjg6MjUwOTk",
        "sourceId": "25099",
        "layerId": 28,
        "type": "location",
        "status": "active",
        "urgency": null,
        "verificationTag": null,
        "expirationDate": null,
        "createdAt": "2026-03-11T20:58:31.981Z",
        "updatedAt": "2026-03-11T20:58:31.981Z"
      }
    },
    {
      "type": "Feature",
      "id": 59499,
      "geometry": {
        "type": "Point",
        "coordinates": [
          45.8688641,
          34.4541438
        ]
      },
      "properties": {
        "id": "Mjg6MjU3NDg",
        "city": "سرپل ذهاب",
        "name:fa": "جمعیت هلال احمر",
        "province": "استان کرمانشاه",
        "name:en": "Red Crescent Society",
        "city:en": "Sarpol-e Zahab",
        "province:en": "Kermanshah",
        "publicId": "Mjg6MjU3NDg",
        "sourceId": "25748",
        "layerId": 28,
        "type": "location",
        "status": "active",
        "urgency": null,
        "verificationTag": null,
        "expirationDate": null,
        "createdAt": "2026-03-11T20:58:31.981Z",
        "updatedAt": "2026-03-11T20:58:31.981Z"
      }
    },
    {
      "type": "Feature",
      "id": 59500,
      "geometry": {
        "type": "Point",
        "coordinates": [
          50.6887802,
          33.9859417
        ]
      },
      "properties": {
        "id": "Mjg6MjY1MDU",
        "city": "دلیجان",
        "name:fa": "جمعیت هلال احمر",
        "province": "استان مرکزی",
        "name:en": "Red Crescent Society",
        "city:en": "Delijan",
        "province:en": "Markazi",
        "publicId": "Mjg6MjY1MDU",
        "sourceId": "26505",
        "layerId": 28,
        "type": "location",
        "status": "active",
        "urgency": null,
        "verificationTag": null,
        "expirationDate": null,
        "createdAt": "2026-03-11T20:58:31.982Z",
        "updatedAt": "2026-03-11T20:58:31.982Z"
      }
    },
    {
      "type": "Feature",
      "id": 59501,
      "geometry": {
        "type": "Point",
        "coordinates": [
          46.1727919,
          33.1194198
        ]
      },
      "properties": {
        "id": "Mjg6MjczMjM",
        "city": "مهران",
        "name:fa": "جمعیت هلال احمر",
        "province": "استان ایلام",
        "name:en": "Red Crescent Society",
        "city:en": "Mehran",
        "province:en": "Ilam",
        "publicId": "Mjg6MjczMjM",
        "sourceId": "27323",
        "layerId": 28,
        "type": "location",
        "status": "active",
        "urgency": null,
        "verificationTag": null,
        "expirationDate": null,
        "createdAt": "2026-03-11T20:58:31.982Z",
        "updatedAt": "2026-03-11T20:58:31.982Z"
      }
    },
    {
      "type": "Feature",
      "id": 59502,
      "geometry": {
        "type": "Point",
        "coordinates": [
          50.8382879,
          32.3462438
        ]
      },
      "properties": {
        "id": "Mjg6Mjg1ODM",
        "city": "شهركرد",
        "name:fa": "جمعیت هلال احمر",
        "province": "استان چهارمحال و بختیاری",
        "name:en": "Red Crescent Society",
        "city:en": "Shahrekord",
        "province:en": "Chaharmahal and Bakhtiari",
        "publicId": "Mjg6Mjg1ODM",
        "sourceId": "28583",
        "layerId": 28,
        "type": "location",
        "status": "active",
        "urgency": null,
        "verificationTag": null,
        "expirationDate": null,
        "createdAt": "2026-03-11T20:58:31.983Z",
        "updatedAt": "2026-03-11T20:58:31.983Z"
      }
    },
    {
      "type": "Feature",
      "id": 59503,
      "geometry": {
        "type": "Point",
        "coordinates": [
          50.8329557,
          31.5135286
        ]
      },
      "properties": {
        "id": "Mjg6Mjk1NTI",
        "city": "لردگان",
        "name:fa": "جمعیت هلال احمر",
        "province": "استان چهارمحال و بختیاری",
        "name:en": "Red Crescent Society",
        "city:en": "Lordegan",
        "province:en": "Chaharmahal and Bakhtiari",
        "publicId": "Mjg6Mjk1NTI",
        "sourceId": "29552",
        "layerId": 28,
        "type": "location",
        "status": "active",
        "urgency": null,
        "verificationTag": null,
        "expirationDate": null,
        "createdAt": "2026-03-11T20:58:31.983Z",
        "updatedAt": "2026-03-11T20:58:31.983Z"
      }
    },
    {
      "type": "Feature",
      "id": 59504,
      "geometry": {
        "type": "Point",
        "coordinates": [
          52.7266932,
          29.7647115
        ]
      },
      "properties": {
        "id": "Mjg6MzEyNDE",
        "city": "شهرستان شیراز",
        "name:fa": "جمعیت هلال احمر",
        "province": "استان فارس",
        "name:en": "Red Crescent Society",
        "city:en": "Shiraz County",
        "province:en": "Fars",
        "publicId": "Mjg6MzEyNDE",
        "sourceId": "31241",
        "layerId": 28,
        "type": "location",
        "status": "active",
        "urgency": null,
        "verificationTag": null,
        "expirationDate": null,
        "createdAt": "2026-03-11T20:58:31.984Z",
        "updatedAt": "2026-03-11T20:58:31.984Z"
      }
    },
    {
      "type": "Feature",
      "id": 59505,
      "geometry": {
        "type": "Point",
        "coordinates": [
          62.3332246,
          27.3708443
        ]
      },
      "properties": {
        "id": "Mjg6MzMwMzI",
        "city": "سراوان",
        "name:fa": "جمعیت هلال احمر",
        "province": "استان سیستان و بلوچستان",
        "name:en": "Red Crescent Society",
        "city:en": "Saravan",
        "province:en": "Sistan and Baluchestan",
        "publicId": "Mjg6MzMwMzI",
        "sourceId": "33032",
        "layerId": 28,
        "type": "location",
        "status": "active",
        "urgency": null,
        "verificationTag": null,
        "expirationDate": null,
        "createdAt": "2026-03-11T20:58:31.984Z",
        "updatedAt": "2026-03-11T20:58:31.984Z"
      }
    },
    {
      "type": "Feature",
      "id": 59506,
      "geometry": {
        "type": "Point",
        "coordinates": [
          54.3702382,
          27.1953464
        ]
      },
      "properties": {
        "id": "Mjg6MzMyMzA",
        "city": "بستک",
        "name:fa": "جمعیت هلال احمر",
        "province": "استان هرمزگان",
        "name:en": "Red Crescent Society",
        "city:en": "Bastak",
        "province:en": "Hormozgan",
        "publicId": "Mjg6MzMyMzA",
        "sourceId": "33230",
        "layerId": 28,
        "type": "location",
        "status": "active",
        "urgency": null,
        "verificationTag": null,
        "expirationDate": null,
        "createdAt": "2026-03-11T20:58:31.984Z",
        "updatedAt": "2026-03-11T20:58:31.984Z"
      }
    },
    {
      "type": "Feature",
      "id": 59507,
      "geometry": {
        "type": "Point",
        "coordinates": [
          57.8907837,
          26.6077211
        ]
      },
      "properties": {
        "id": "Mjg6MzM1MTg",
        "city": "شهرستان بشاگرد",
        "name:fa": "جمعیت هلال احمر",
        "province": "استان هرمزگان",
        "name:en": "Red Crescent Society",
        "city:en": "Bashagard County",
        "province:en": "Hormozgan",
        "publicId": "Mjg6MzM1MTg",
        "sourceId": "33518",
        "layerId": 28,
        "type": "location",
        "status": "active",
        "urgency": null,
        "verificationTag": null,
        "expirationDate": null,
        "createdAt": "2026-03-11T20:58:31.985Z",
        "updatedAt": "2026-03-11T20:58:31.985Z"
      }
    },
    {
      "type": "Feature",
      "id": 59508,
      "geometry": {
        "type": "Point",
        "coordinates": [
          53.0585202,
          27.2100651
        ]
      },
      "properties": {
        "id": "Mjg6MzM4MzE",
        "city": "پارسیان",
        "name:fa": "جمعیت هلال احمر",
        "province": "استان هرمزگان",
        "name:en": "Red Crescent Society",
        "city:en": "Parsian",
        "province:en": "Hormozgan",
        "publicId": "Mjg6MzM4MzE",
        "sourceId": "33831",
        "layerId": 28,
        "type": "location",
        "status": "active",
        "urgency": null,
        "verificationTag": null,
        "expirationDate": null,
        "createdAt": "2026-03-11T20:58:31.985Z",
        "updatedAt": "2026-03-11T20:58:31.985Z"
      }
    },
    {
      "type": "Feature",
      "id": 59509,
      "geometry": {
        "type": "Point",
        "coordinates": [
          55.5729819,
          26.9455773
        ]
      },
      "properties": {
        "id": "Mjg6MzQzNTY",
        "city": "بندر خمیر",
        "name:fa": "جمعیت هلال احمر",
        "province": "استان هرمزگان",
        "name:en": "Red Crescent Society",
        "city:en": "Bandar Khamir",
        "province:en": "Hormozgan",
        "publicId": "Mjg6MzQzNTY",
        "sourceId": "34356",
        "layerId": 28,
        "type": "location",
        "status": "active",
        "urgency": null,
        "verificationTag": null,
        "expirationDate": null,
        "createdAt": "2026-03-11T20:58:31.986Z",
        "updatedAt": "2026-03-11T20:58:31.986Z"
      }
    },
    {
      "type": "Feature",
      "id": 59510,
      "geometry": {
        "type": "Point",
        "coordinates": [
          57.8311599,
          28.4843063
        ]
      },
      "properties": {
        "id": "Mjg6MzQ5MjA",
        "city": "عنبرآباد",
        "name:fa": "جمعیت هلال احمر",
        "province": "استان کرمان",
        "name:en": "Red Crescent Society",
        "city:en": "Anbarabad",
        "province:en": "Kerman",
        "publicId": "Mjg6MzQ5MjA",
        "sourceId": "34920",
        "layerId": 28,
        "type": "location",
        "status": "active",
        "urgency": null,
        "verificationTag": null,
        "expirationDate": null,
        "createdAt": "2026-03-11T20:58:31.986Z",
        "updatedAt": "2026-03-11T20:58:31.986Z"
      }
    },
    {
      "type": "Feature",
      "id": 59511,
      "geometry": {
        "type": "Point",
        "coordinates": [
          51.6805961,
          32.634583
        ]
      },
      "properties": {
        "id": "Mjg6MzUxNDY",
        "city": "اصفهان",
        "name:fa": "جمعیت هلال احمر",
        "province": "استان اصفهان",
        "name:en": "Red Crescent Society",
        "city:en": "Isfahan",
        "province:en": "Isfahan",
        "publicId": "Mjg6MzUxNDY",
        "sourceId": "35146",
        "layerId": 28,
        "type": "location",
        "status": "active",
        "urgency": null,
        "verificationTag": null,
        "expirationDate": null,
        "createdAt": "2026-03-11T20:58:31.987Z",
        "updatedAt": "2026-03-11T20:58:31.987Z"
      }
    },
    {
      "type": "Feature",
      "id": 59512,
      "geometry": {
        "type": "Point",
        "coordinates": [
          51.652733,
          32.6618094
        ]
      },
      "properties": {
        "id": "Mjg6MzU2MTk",
        "city": "اصفهان",
        "name:fa": "جمعیت هلال احمر",
        "province": "استان اصفهان",
        "name:en": "Red Crescent Society",
        "city:en": "Isfahan",
        "province:en": "Isfahan",
        "publicId": "Mjg6MzU2MTk",
        "sourceId": "35619",
        "layerId": 28,
        "type": "location",
        "status": "active",
        "urgency": null,
        "verificationTag": null,
        "expirationDate": null,
        "createdAt": "2026-03-11T20:58:31.987Z",
        "updatedAt": "2026-03-11T20:58:31.987Z"
      }
    },
    {
      "type": "Feature",
      "id": 59513,
      "geometry": {
        "type": "Point",
        "coordinates": [
          49.4218815,
          30.9016039
        ]
      },
      "properties": {
        "id": "Mjg6MzYyNDU",
        "city": "رامشیر",
        "name:fa": "جمعیت هلال احمر",
        "province": "استان خوزستان",
        "name:en": "Red Crescent Society",
        "city:en": "Ramshir",
        "province:en": "Khuzestan",
        "publicId": "Mjg6MzYyNDU",
        "sourceId": "36245",
        "layerId": 28,
        "type": "location",
        "status": "active",
        "urgency": null,
        "verificationTag": null,
        "expirationDate": null,
        "createdAt": "2026-03-11T20:58:31.987Z",
        "updatedAt": "2026-03-11T20:58:31.987Z"
      }
    },
    {
      "type": "Feature",
      "id": 59514,
      "geometry": {
        "type": "Point",
        "coordinates": [
          51.5309339,
          30.1261502
        ]
      },
      "properties": {
        "id": "Mjg6MzY0MzM",
        "city": "نورآباد",
        "name:fa": "جمعیت هلال احمر",
        "province": "استان فارس",
        "name:en": "Red Crescent Society",
        "city:en": "Nurabad",
        "province:en": "Fars",
        "publicId": "Mjg6MzY0MzM",
        "sourceId": "36433",
        "layerId": 28,
        "type": "location",
        "status": "active",
        "urgency": null,
        "verificationTag": null,
        "expirationDate": null,
        "createdAt": "2026-03-11T20:58:31.988Z",
        "updatedAt": "2026-03-11T20:58:31.988Z"
      }
    },
    {
      "type": "Feature",
      "id": 59515,
      "geometry": {
        "type": "Point",
        "coordinates": [
          55.4158638,
          31.6073239
        ]
      },
      "properties": {
        "id": "Mjg6MzY1MTM",
        "city": "بافق",
        "name:fa": "جمعیت هلال احمر",
        "province": "استان یزد",
        "name:en": "Red Crescent Society",
        "city:en": "Bafq",
        "province:en": "Yazd",
        "publicId": "Mjg6MzY1MTM",
        "sourceId": "36513",
        "layerId": 28,
        "type": "location",
        "status": "active",
        "urgency": null,
        "verificationTag": null,
        "expirationDate": null,
        "createdAt": "2026-03-11T20:58:31.988Z",
        "updatedAt": "2026-03-11T20:58:31.988Z"
      }
    },
    {
      "type": "Feature",
      "id": 59516,
      "geometry": {
        "type": "Point",
        "coordinates": [
          45.8841572,
          35.9948285
        ]
      },
      "properties": {
        "id": "Mjg6NDA4ODM",
        "city": "بانه",
        "name:fa": "جمعیت هلال احمر",
        "province": "استان کردستان",
        "name:en": "Red Crescent Society",
        "city:en": "Baneh",
        "province:en": "Kurdistan",
        "publicId": "Mjg6NDA4ODM",
        "sourceId": "40883",
        "layerId": 28,
        "type": "location",
        "status": "active",
        "urgency": null,
        "verificationTag": null,
        "expirationDate": null,
        "createdAt": "2026-03-11T20:58:31.989Z",
        "updatedAt": "2026-03-11T20:58:31.989Z"
      }
    },
    {
      "type": "Feature",
      "id": 59517,
      "geometry": {
        "type": "Point",
        "coordinates": [
          45.9795105,
          37.7527545
        ]
      },
      "properties": {
        "id": "Mjg6MTQ5Njk",
        "city": "آذرشهر",
        "name:fa": "جمعیت هلال احمر آذرشهر",
        "province": "استان آذربایجان شرقی",
        "name:en": "Azarshahr Red Crescent Society",
        "city:en": "Azarshahr",
        "province:en": "East Azerbaijan",
        "publicId": "Mjg6MTQ5Njk",
        "sourceId": "14969",
        "layerId": 28,
        "type": "location",
        "status": "active",
        "urgency": null,
        "verificationTag": null,
        "expirationDate": null,
        "createdAt": "2026-03-11T20:58:31.989Z",
        "updatedAt": "2026-03-11T20:58:31.989Z"
      }
    },
    {
      "type": "Feature",
      "id": 59518,
      "geometry": {
        "type": "Point",
        "coordinates": [
          49.9463019,
          37.255472
        ]
      },
      "properties": {
        "id": "Mjg6MTU5MzE",
        "city": "آستانه اشرفیه",
        "name:fa": "جمعیت هلال احمر آستانه اشرفیه",
        "province": "استان گیلان",
        "name:en": "Astaneh-ye Ashrafiyeh Red Crescent Society",
        "city:en": "Astaneh-ye Ashrafiyeh",
        "province:en": "Gilan",
        "publicId": "Mjg6MTU5MzE",
        "sourceId": "15931",
        "layerId": 28,
        "type": "location",
        "status": "active",
        "urgency": null,
        "verificationTag": null,
        "expirationDate": null,
        "createdAt": "2026-03-11T20:58:31.990Z",
        "updatedAt": "2026-03-11T20:58:31.990Z"
      }
    },
    {
      "type": "Feature",
      "id": 59519,
      "geometry": {
        "type": "Point",
        "coordinates": [
          48.2858267,
          38.2362135
        ]
      },
      "properties": {
        "id": "Mjg6MTQxODQ",
        "city": "اردبیل",
        "name:fa": "جمعیت هلال احمر اردبیل",
        "province": "استان اردبیل",
        "name:en": "Ardabil Red Crescent Society",
        "city:en": "Ardabil",
        "province:en": "Ardabil",
        "publicId": "Mjg6MTQxODQ",
        "sourceId": "14184",
        "layerId": 28,
        "type": "location",
        "status": "active",
        "urgency": null,
        "verificationTag": null,
        "expirationDate": null,
        "createdAt": "2026-03-11T20:58:31.990Z",
        "updatedAt": "2026-03-11T20:58:31.990Z"
      }
    },
    {
      "type": "Feature",
      "id": 59520,
      "geometry": {
        "type": "Point",
        "coordinates": [
          52.367768,
          33.3597743
        ]
      },
      "properties": {
        "id": "Mjg6MjcyMTg",
        "city": "اردستان",
        "name:fa": "جمعیت هلال احمر اردستان",
        "province": "استان اصفهان",
        "name:en": "Ardestan Red Crescent Society",
        "city:en": "Ardestan",
        "province:en": "Isfahan",
        "publicId": "Mjg6MjcyMTg",
        "sourceId": "27218",
        "layerId": 28,
        "type": "location",
        "status": "active",
        "urgency": null,
        "verificationTag": null,
        "expirationDate": null,
        "createdAt": "2026-03-11T20:58:31.991Z",
        "updatedAt": "2026-03-11T20:58:31.991Z"
      }
    },
    {
      "type": "Feature",
      "id": 59521,
      "geometry": {
        "type": "Point",
        "coordinates": [
          56.3616882,
          28.4528423
        ]
      },
      "properties": {
        "id": "Mjg6MzUzOTM",
        "city": "ارزوئیه",
        "name:fa": "جمعیت هلال احمر ارزوییه",
        "province": "استان کرمان",
        "name:en": "Arzuiyeh Red Crescent Society",
        "city:en": "Arzuiyeh",
        "province:en": "Kerman",
        "publicId": "Mjg6MzUzOTM",
        "sourceId": "35393",
        "layerId": 28,
        "type": "location",
        "status": "active",
        "urgency": null,
        "verificationTag": null,
        "expirationDate": null,
        "createdAt": "2026-03-11T20:58:31.991Z",
        "updatedAt": "2026-03-11T20:58:31.991Z"
      }
    },
    {
      "type": "Feature",
      "id": 59522,
      "geometry": {
        "type": "Point",
        "coordinates": [
          45.0306979,
          37.5231087
        ]
      },
      "properties": {
        "id": "Mjg6MTUyMzk",
        "city": "ارومیه",
        "name:fa": "جمعیت هلال احمر استان آذربایجان غربی",
        "province": "استان آذربایجان غربی",
        "name:en": "West Azerbaijan Province Red Crescent Society",
        "city:en": "Urmia",
        "province:en": "West Azerbaijan",
        "publicId": "Mjg6MTUyMzk",
        "sourceId": "15239",
        "layerId": 28,
        "type": "location",
        "status": "active",
        "urgency": null,
        "verificationTag": null,
        "expirationDate": null,
        "createdAt": "2026-03-11T20:58:31.992Z",
        "updatedAt": "2026-03-11T20:58:31.992Z"
      }
    },
    {
      "type": "Feature",
      "id": 59523,
      "geometry": {
        "type": "Point",
        "coordinates": [
          45.030698,
          37.5268418
        ]
      },
      "properties": {
        "id": "Mjg6MzQxNzU",
        "city": "ارومیه",
        "name:fa": "جمعیت هلال احمر استان آذربایجان غربی",
        "province": "استان آذربایجان غربی",
        "name:en": "West Azerbaijan Province Red Crescent Society",
        "city:en": "Urmia",
        "province:en": "West Azerbaijan",
        "publicId": "Mjg6MzQxNzU",
        "sourceId": "34175",
        "layerId": 28,
        "type": "location",
        "status": "active",
        "urgency": null,
        "verificationTag": null,
        "expirationDate": null,
        "createdAt": "2026-03-11T20:58:31.992Z",
        "updatedAt": "2026-03-11T20:58:31.992Z"
      }
    },
    {
      "type": "Feature",
      "id": 59524,
      "geometry": {
        "type": "Point",
        "coordinates": [
          46.3947071,
          33.6406457
        ]
      },
      "properties": {
        "id": "Mjg6MjY4NDk",
        "city": "ایلام",
        "name:fa": "جمعیت هلال احمر استان ایلام",
        "province": "استان ایلام",
        "name:en": "Ilam Province Red Crescent Society",
        "city:en": "Ilam",
        "province:en": "Ilam",
        "publicId": "Mjg6MjY4NDk",
        "sourceId": "26849",
        "layerId": 28,
        "type": "location",
        "status": "active",
        "urgency": null,
        "verificationTag": null,
        "expirationDate": null,
        "createdAt": "2026-03-11T20:58:31.992Z",
        "updatedAt": "2026-03-11T20:58:31.992Z"
      }
    },
    {
      "type": "Feature",
      "id": 59525,
      "geometry": {
        "type": "Point",
        "coordinates": [
          50.8320625,
          28.980199
        ]
      },
      "properties": {
        "id": "Mjg6MzIyMTE",
        "city": "بوشهر",
        "name:fa": "جمعیت هلال احمر استان بوشهر",
        "province": "استان بوشهر",
        "name:en": "Bushehr Province Red Crescent Society",
        "city:en": "Bushehr",
        "province:en": "Bushehr",
        "publicId": "Mjg6MzIyMTE",
        "sourceId": "32211",
        "layerId": 28,
        "type": "location",
        "status": "active",
        "urgency": null,
        "verificationTag": null,
        "expirationDate": null,
        "createdAt": "2026-03-11T20:58:31.993Z",
        "updatedAt": "2026-03-11T20:58:31.993Z"
      }
    },
    {
      "type": "Feature",
      "id": 59526,
      "geometry": {
        "type": "Point",
        "coordinates": [
          51.4156897,
          35.7098654
        ]
      },
      "properties": {
        "id": "Mjg6MjI3MjE",
        "city": "تهران",
        "name:fa": "جمعیت هلال احمر استان تهران",
        "province": "استان تهران",
        "name:en": "Tehran Province Red Crescent Society",
        "city:en": "Tehran",
        "province:en": "Tehran",
        "publicId": "Mjg6MjI3MjE",
        "sourceId": "22721",
        "layerId": 28,
        "type": "location",
        "status": "active",
        "urgency": null,
        "verificationTag": null,
        "expirationDate": null,
        "createdAt": "2026-03-11T20:58:31.993Z",
        "updatedAt": "2026-03-11T20:58:31.993Z"
      }
    },
    {
      "type": "Feature",
      "id": 59527,
      "geometry": {
        "type": "Point",
        "coordinates": [
          48.4961414,
          36.6673432
        ]
      },
      "properties": {
        "id": "Mjg6MTcxMzY",
        "city": "زنجان",
        "name:fa": "جمعیت هلال احمر استان زنجان",
        "province": "استان زنجان",
        "name:en": "Zanjan Province Red Crescent Society",
        "city:en": "Zanjan",
        "province:en": "Zanjan",
        "publicId": "Mjg6MTcxMzY",
        "sourceId": "17136",
        "layerId": 28,
        "type": "location",
        "status": "active",
        "urgency": null,
        "verificationTag": null,
        "expirationDate": null,
        "createdAt": "2026-03-11T20:58:31.995Z",
        "updatedAt": "2026-03-11T20:58:31.995Z"
      }
    },
    {
      "type": "Feature",
      "id": 59528,
      "geometry": {
        "type": "Point",
        "coordinates": [
          53.3998686,
          35.5890929
        ]
      },
      "properties": {
        "id": "Mjg6MjM5MjE",
        "city": "سمنان",
        "name:fa": "جمعیت هلال احمر استان سمنان",
        "province": "استان سمنان",
        "name:en": "Semnan Province Red Crescent Society",
        "city:en": "Semnan",
        "province:en": "Semnan",
        "publicId": "Mjg6MjM5MjE",
        "sourceId": "23921",
        "layerId": 28,
        "type": "location",
        "status": "active",
        "urgency": null,
        "verificationTag": null,
        "expirationDate": null,
        "createdAt": "2026-03-11T20:58:31.995Z",
        "updatedAt": "2026-03-11T20:58:31.995Z"
      }
    },
    {
      "type": "Feature",
      "id": 59529,
      "geometry": {
        "type": "Point",
        "coordinates": [
          52.5491604,
          29.6008041
        ]
      },
      "properties": {
        "id": "Mjg6MzE2NDQ",
        "city": "شیراز",
        "name:fa": "جمعیت هلال احمر استان فارس_مجموعه شماره ۱",
        "province": "استان فارس",
        "name:en": "Fars Province Red Crescent Society - Complex No. 1",
        "city:en": "Shiraz",
        "province:en": "Fars",
        "publicId": "Mjg6MzE2NDQ",
        "sourceId": "31644",
        "layerId": 28,
        "type": "location",
        "status": "active",
        "urgency": null,
        "verificationTag": null,
        "expirationDate": null,
        "createdAt": "2026-03-11T20:58:31.996Z",
        "updatedAt": "2026-03-11T20:58:31.996Z"
      }
    },
    {
      "type": "Feature",
      "id": 59530,
      "geometry": {
        "type": "Point",
        "coordinates": [
          50.8923291,
          34.6540101
        ]
      },
      "properties": {
        "id": "Mjg6MjU0NTI",
        "city": "قم",
        "name:fa": "جمعیت هلال احمر استان قم",
        "province": "استان قم",
        "name:en": "Qom Province Red Crescent Society",
        "city:en": "Qom",
        "province:en": "Qom",
        "publicId": "Mjg6MjU0NTI",
        "sourceId": "25452",
        "layerId": 28,
        "type": "location",
        "status": "active",
        "urgency": null,
        "verificationTag": null,
        "expirationDate": null,
        "createdAt": "2026-03-11T20:58:31.996Z",
        "updatedAt": "2026-03-11T20:58:31.996Z"
      }
    },
    {
      "type": "Feature",
      "id": 59531,
      "geometry": {
        "type": "Point",
        "coordinates": [
          48.4088771,
          33.4586832
        ]
      },
      "properties": {
        "id": "Mjg6MjcxMzI",
        "city": "خرم آباد",
        "name:fa": "جمعیت هلال احمر استان لرستان",
        "province": "استان لرستان",
        "name:en": "Lorestan Province Red Crescent Society",
        "city:en": "Khorramabad",
        "province:en": "Lorestan",
        "publicId": "Mjg6MjcxMzI",
        "sourceId": "27132",
        "layerId": 28,
        "type": "location",
        "status": "active",
        "urgency": null,
        "verificationTag": null,
        "expirationDate": null,
        "createdAt": "2026-03-11T20:58:31.996Z",
        "updatedAt": "2026-03-11T20:58:31.996Z"
      }
    },
    {
      "type": "Feature",
      "id": 59532,
      "geometry": {
        "type": "Point",
        "coordinates": [
          56.3118598,
          27.2100115
        ]
      },
      "properties": {
        "id": "Mjg6MzMxNjI",
        "city": "بندر عباس",
        "name:fa": "جمعیت هلال احمر استان هرمزگان",
        "province": "استان هرمزگان",
        "name:en": "Hormozgan Province Red Crescent Society",
        "city:en": "Bandar Abbas",
        "province:en": "Hormozgan",
        "publicId": "Mjg6MzMxNjI",
        "sourceId": "33162",
        "layerId": 28,
        "type": "location",
        "status": "active",
        "urgency": null,
        "verificationTag": null,
        "expirationDate": null,
        "createdAt": "2026-03-11T20:58:31.997Z",
        "updatedAt": "2026-03-11T20:58:31.997Z"
      }
    },
    {
      "type": "Feature",
      "id": 59533,
      "geometry": {
        "type": "Point",
        "coordinates": [
          56.3539946,
          27.2129109
        ]
      },
      "properties": {
        "id": "Mjg6MzMxOTM",
        "city": "بندر عباس",
        "name:fa": "جمعیت هلال احمر استان هرمزگان",
        "province": "استان هرمزگان",
        "name:en": "Hormozgan Province Red Crescent Society",
        "city:en": "Bandar Abbas",
        "province:en": "Hormozgan",
        "publicId": "Mjg6MzMxOTM",
        "sourceId": "33193",
        "layerId": 28,
        "type": "location",
        "status": "active",
        "urgency": null,
        "verificationTag": null,
        "expirationDate": null,
        "createdAt": "2026-03-11T20:58:31.998Z",
        "updatedAt": "2026-03-11T20:58:31.998Z"
      }
    },
    {
      "type": "Feature",
      "id": 59534,
      "geometry": {
        "type": "Point",
        "coordinates": [
          56.3118846,
          27.2064638
        ]
      },
      "properties": {
        "id": "Mjg6MzM5MzI",
        "city": "بندر عباس",
        "name:fa": "جمعیت هلال احمر استان هرمزگان",
        "province": "استان هرمزگان",
        "name:en": "Hormozgan Province Red Crescent Society",
        "city:en": "Bandar Abbas",
        "province:en": "Hormozgan",
        "publicId": "Mjg6MzM5MzI",
        "sourceId": "33932",
        "layerId": 28,
        "type": "location",
        "status": "active",
        "urgency": null,
        "verificationTag": null,
        "expirationDate": null,
        "createdAt": "2026-03-11T20:58:31.998Z",
        "updatedAt": "2026-03-11T20:58:31.998Z"
      }
    },
    {
      "type": "Feature",
      "id": 59535,
      "geometry": {
        "type": "Point",
        "coordinates": [
          48.5125968,
          34.7821007
        ]
      },
      "properties": {
        "id": "Mjg6MzQxNzQ",
        "city": "همدان",
        "name:fa": "جمعیت هلال احمر استان همدان",
        "province": "استان همدان",
        "name:en": "Hamadan Province Red Crescent Society",
        "city:en": "Hamadan",
        "province:en": "Hamadan",
        "publicId": "Mjg6MzQxNzQ",
        "sourceId": "34174",
        "layerId": 28,
        "type": "location",
        "status": "active",
        "urgency": null,
        "verificationTag": null,
        "expirationDate": null,
        "createdAt": "2026-03-11T20:58:31.999Z",
        "updatedAt": "2026-03-11T20:58:31.999Z"
      }
    },
    {
      "type": "Feature",
      "id": 59536,
      "geometry": {
        "type": "Point",
        "coordinates": [
          48.5125968,
          34.7868647
        ]
      },
      "properties": {
        "id": "Mjg6MjUyNzI",
        "city": "همدان",
        "name:fa": "جمعیت هلال احمر استان همدان",
        "province": "استان همدان",
        "name:en": "Hamadan Province Red Crescent Society",
        "city:en": "Hamadan",
        "province:en": "Hamadan",
        "publicId": "Mjg6MjUyNzI",
        "sourceId": "25272",
        "layerId": 28,
        "type": "location",
        "status": "active",
        "urgency": null,
        "verificationTag": null,
        "expirationDate": null,
        "createdAt": "2026-03-11T20:58:32.000Z",
        "updatedAt": "2026-03-11T20:58:32.000Z"
      }
    },
    {
      "type": "Feature",
      "id": 59537,
      "geometry": {
        "type": "Point",
        "coordinates": [
          47.0039575,
          35.3263861
        ]
      },
      "properties": {
        "id": "Mjg6MjQ1MTg",
        "city": "سنندج",
        "name:fa": "جمعیت هلال احمر استان کردستان",
        "province": "استان کردستان",
        "name:en": "Kurdistan Province Red Crescent Society",
        "city:en": "Sanandaj",
        "province:en": "Kurdistan",
        "publicId": "Mjg6MjQ1MTg",
        "sourceId": "24518",
        "layerId": 28,
        "type": "location",
        "status": "active",
        "urgency": null,
        "verificationTag": null,
        "expirationDate": null,
        "createdAt": "2026-03-11T20:58:32.000Z",
        "updatedAt": "2026-03-11T20:58:32.000Z"
      }
    },
    {
      "type": "Feature",
      "id": 59538,
      "geometry": {
        "type": "Point",
        "coordinates": [
          47.0417793,
          34.2903979
        ]
      },
      "properties": {
        "id": "Mjg6MjYwNDM",
        "city": "کرمانشاه",
        "name:fa": "جمعیت هلال احمر استان کرمانشاه",
        "province": "استان کرمانشاه",
        "name:en": "Kermanshah Province Red Crescent Society",
        "city:en": "Kermanshah",
        "province:en": "Kermanshah",
        "publicId": "Mjg6MjYwNDM",
        "sourceId": "26043",
        "layerId": 28,
        "type": "location",
        "status": "active",
        "urgency": null,
        "verificationTag": null,
        "expirationDate": null,
        "createdAt": "2026-03-11T20:58:32.000Z",
        "updatedAt": "2026-03-11T20:58:32.000Z"
      }
    },
    {
      "type": "Feature",
      "id": 59539,
      "geometry": {
        "type": "Point",
        "coordinates": [
          54.3499835,
          31.8511738
        ]
      },
      "properties": {
        "id": "Mjg6MjkyNzU",
        "city": "یزد",
        "name:fa": "جمعیت هلال احمر استان یزد",
        "province": "استان یزد",
        "name:en": "Yazd Province Red Crescent Society",
        "city:en": "Yazd",
        "province:en": "Yazd",
        "publicId": "Mjg6MjkyNzU",
        "sourceId": "29275",
        "layerId": 28,
        "type": "location",
        "status": "active",
        "urgency": null,
        "verificationTag": null,
        "expirationDate": null,
        "createdAt": "2026-03-11T20:58:32.001Z",
        "updatedAt": "2026-03-11T20:58:32.001Z"
      }
    },
    {
      "type": "Feature",
      "id": 59540,
      "geometry": {
        "type": "Point",
        "coordinates": [
          54.0674225,
          29.1263114
        ]
      },
      "properties": {
        "id": "Mjg6MzUyMTE",
        "city": "استهبان",
        "name:fa": "جمعیت هلال احمر استهبان",
        "province": "استان فارس",
        "name:en": "Estahban Red Crescent Society",
        "city:en": "Estahban",
        "province:en": "Fars",
        "publicId": "Mjg6MzUyMTE",
        "sourceId": "35211",
        "layerId": 28,
        "type": "location",
        "status": "active",
        "urgency": null,
        "verificationTag": null,
        "expirationDate": null,
        "createdAt": "2026-03-11T20:58:32.001Z",
        "updatedAt": "2026-03-11T20:58:32.001Z"
      }
    },
    {
      "type": "Feature",
      "id": 59541,
      "geometry": {
        "type": "Point",
        "coordinates": [
          45.1017335,
          37.0450142
        ]
      },
      "properties": {
        "id": "Mjg6MTYzMzg",
        "city": "اشنویه",
        "name:fa": "جمعیت هلال احمر اشنویه",
        "province": "استان آذربایجان غربی",
        "name:en": "Oshnavieh Red Crescent Society",
        "city:en": "Oshnavieh",
        "province:en": "West Azerbaijan",
        "publicId": "Mjg6MTYzMzg",
        "sourceId": "16338",
        "layerId": 28,
        "type": "location",
        "status": "active",
        "urgency": null,
        "verificationTag": null,
        "expirationDate": null,
        "createdAt": "2026-03-11T20:58:32.002Z",
        "updatedAt": "2026-03-11T20:58:32.002Z"
      }
    },
    {
      "type": "Feature",
      "id": 59542,
      "geometry": {
        "type": "Point",
        "coordinates": [
          54.2251159,
          32.0043822
        ]
      },
      "properties": {
        "id": "Mjg6MjkwMDg",
        "city": "زارچ",
        "name:fa": "جمعیت هلال احمر اشکذر",
        "province": "استان یزد",
        "name:en": "Ashkezar Red Crescent Society",
        "city:en": "Zarch",
        "province:en": "Yazd",
        "publicId": "Mjg6MjkwMDg",
        "sourceId": "29008",
        "layerId": 28,
        "type": "location",
        "status": "active",
        "urgency": null,
        "verificationTag": null,
        "expirationDate": null,
        "createdAt": "2026-03-11T20:58:32.002Z",
        "updatedAt": "2026-03-11T20:58:32.002Z"
      }
    },
    {
      "type": "Feature",
      "id": 59543,
      "geometry": {
        "type": "Point",
        "coordinates": [
          52.7027732,
          30.9027771
        ]
      },
      "properties": {
        "id": "Mjg6MzAxNjk",
        "city": "اقلید",
        "name:fa": "جمعیت هلال احمر اقلید",
        "province": "استان فارس",
        "name:en": "Eqlid Red Crescent Society",
        "city:en": "Eqlid",
        "province:en": "Fars",
        "publicId": "Mjg6MzAxNjk",
        "sourceId": "30169",
        "layerId": 28,
        "type": "location",
        "status": "active",
        "urgency": null,
        "verificationTag": null,
        "expirationDate": null,
        "createdAt": "2026-03-11T20:58:32.003Z",
        "updatedAt": "2026-03-11T20:58:32.003Z"
      }
    },
    {
      "type": "Feature",
      "id": 59544,
      "geometry": {
        "type": "Point",
        "coordinates": [
          52.7026526,
          30.9062271
        ]
      },
      "properties": {
        "id": "Mjg6MzUxNDc",
        "city": "اقلید",
        "name:fa": "جمعیت هلال احمر اقلید",
        "province": "استان فارس",
        "name:en": "Eqlid Red Crescent Society",
        "city:en": "Eqlid",
        "province:en": "Fars",
        "publicId": "Mjg6MzUxNDc",
        "sourceId": "35147",
        "layerId": 28,
        "type": "location",
        "status": "active",
        "urgency": null,
        "verificationTag": null,
        "expirationDate": null,
        "createdAt": "2026-03-11T20:58:32.003Z",
        "updatedAt": "2026-03-11T20:58:32.003Z"
      }
    },
    {
      "type": "Feature",
      "id": 59545,
      "geometry": {
        "type": "Point",
        "coordinates": [
          47.0594014,
          38.4920465
        ]
      },
      "properties": {
        "id": "Mjg6MTM5NTI",
        "city": "اهر",
        "name:fa": "جمعیت هلال احمر اهر",
        "province": "استان آذربایجان شرقی",
        "name:en": "Ahar Red Crescent Society",
        "city:en": "Ahar",
        "province:en": "East Azerbaijan",
        "publicId": "Mjg6MTM5NTI",
        "sourceId": "13952",
        "layerId": 28,
        "type": "location",
        "status": "active",
        "urgency": null,
        "verificationTag": null,
        "expirationDate": null,
        "createdAt": "2026-03-11T20:58:32.003Z",
        "updatedAt": "2026-03-11T20:58:32.003Z"
      }
    },
    {
      "type": "Feature",
      "id": 59546,
      "geometry": {
        "type": "Point",
        "coordinates": [
          60.6973386,
          27.2082857
        ]
      },
      "properties": {
        "id": "Mjg6MzMyMjE",
        "city": "ايرانشهر",
        "name:fa": "جمعیت هلال احمر ایرانشهر",
        "province": "استان سیستان و بلوچستان",
        "name:en": "Iranshahr Red Crescent Society",
        "city:en": "Iranshahr",
        "province:en": "Sistan and Baluchestan",
        "publicId": "Mjg6MzMyMjE",
        "sourceId": "33221",
        "layerId": 28,
        "type": "location",
        "status": "active",
        "urgency": null,
        "verificationTag": null,
        "expirationDate": null,
        "createdAt": "2026-03-11T20:58:32.004Z",
        "updatedAt": "2026-03-11T20:58:32.004Z"
      }
    },
    {
      "type": "Feature",
      "id": 59547,
      "geometry": {
        "type": "Point",
        "coordinates": [
          52.6234147,
          36.7061132
        ]
      },
      "properties": {
        "id": "Mjg6MTY5MTc",
        "city": "بابلسر",
        "name:fa": "جمعیت هلال احمر بابلسر",
        "province": "استان مازندران",
        "name:en": "Babolsar Red Crescent Society",
        "city:en": "Babolsar",
        "province:en": "Mazandaran",
        "publicId": "Mjg6MTY5MTc",
        "sourceId": "16917",
        "layerId": 28,
        "type": "location",
        "status": "active",
        "urgency": null,
        "verificationTag": null,
        "expirationDate": null,
        "createdAt": "2026-03-11T20:58:32.004Z",
        "updatedAt": "2026-03-11T20:58:32.004Z"
      }
    },
    {
      "type": "Feature",
      "id": 59548,
      "geometry": {
        "type": "Point",
        "coordinates": [
          50.867756,
          34.3947774
        ]
      },
      "properties": {
        "id": "Mjg6MjU4MjI",
        "city": "کهک",
        "name:fa": "جمعیت هلال احمر بخش کهک",
        "province": "استان قم",
        "name:en": "Kahak District Red Crescent Society",
        "city:en": "Kahak",
        "province:en": "Qom",
        "publicId": "Mjg6MjU4MjI",
        "sourceId": "25822",
        "layerId": 28,
        "type": "location",
        "status": "active",
        "urgency": null,
        "verificationTag": null,
        "expirationDate": null,
        "createdAt": "2026-03-11T20:58:32.005Z",
        "updatedAt": "2026-03-11T20:58:32.005Z"
      }
    },
    {
      "type": "Feature",
      "id": 59549,
      "geometry": {
        "type": "Point",
        "coordinates": [
          46.8386757,
          37.8411503
        ]
      },
      "properties": {
        "id": "Mjg6MTQ5MTg",
        "city": "بستان آباد",
        "name:fa": "جمعیت هلال احمر بستان اباد",
        "province": "استان آذربایجان شرقی",
        "name:en": "Bostanabad Red Crescent Society",
        "city:en": "Bostanabad",
        "province:en": "East Azerbaijan",
        "publicId": "Mjg6MTQ5MTg",
        "sourceId": "14918",
        "layerId": 28,
        "type": "location",
        "status": "active",
        "urgency": null,
        "verificationTag": null,
        "expirationDate": null,
        "createdAt": "2026-03-11T20:58:32.005Z",
        "updatedAt": "2026-03-11T20:58:32.005Z"
      }
    },
    {
      "type": "Feature",
      "id": 59550,
      "geometry": {
        "type": "Point",
        "coordinates": [
          54.8654504,
          26.5416187
        ]
      },
      "properties": {
        "id": "Mjg6MzM1NDc",
        "city": "شهرستان بندر لنگه",
        "name:fa": "جمعیت هلال احمر بندرلنگه",
        "province": "استان هرمزگان",
        "name:en": "Bandar Lengeh Red Crescent Society",
        "city:en": "Bandar Lengeh County",
        "province:en": "Hormozgan",
        "publicId": "Mjg6MzM1NDc",
        "sourceId": "33547",
        "layerId": 28,
        "type": "location",
        "status": "active",
        "urgency": null,
        "verificationTag": null,
        "expirationDate": null,
        "createdAt": "2026-03-11T20:58:32.006Z",
        "updatedAt": "2026-03-11T20:58:32.006Z"
      }
    },
    {
      "type": "Feature",
      "id": 59551,
      "geometry": {
        "type": "Point",
        "coordinates": [
          50.8321235,
          28.9833404
        ]
      },
      "properties": {
        "id": "Mjg6MzQ1OTE",
        "city": "بوشهر",
        "name:fa": "جمعیت هلال احمر بوشهر",
        "province": "استان بوشهر",
        "name:en": "Bushehr Red Crescent Society",
        "city:en": "Bushehr",
        "province:en": "Bushehr",
        "publicId": "Mjg6MzQ1OTE",
        "sourceId": "34591",
        "layerId": 28,
        "type": "location",
        "status": "active",
        "urgency": null,
        "verificationTag": null,
        "expirationDate": null,
        "createdAt": "2026-03-11T20:58:32.006Z",
        "updatedAt": "2026-03-11T20:58:32.006Z"
      }
    },
    {
      "type": "Feature",
      "id": 59552,
      "geometry": {
        "type": "Point",
        "coordinates": [
          47.3908854,
          34.3633041
        ]
      },
      "properties": {
        "id": "Mjg6NDA4ODQ",
        "city": "شهرک بیستون",
        "name:fa": "جمعیت هلال احمر بیستون",
        "province": "استان کرمانشاه",
        "name:en": "Bisotun Red Crescent Society",
        "city:en": "Bisotun Town",
        "province:en": "Kermanshah",
        "publicId": "Mjg6NDA4ODQ",
        "sourceId": "40884",
        "layerId": 28,
        "type": "location",
        "status": "active",
        "urgency": null,
        "verificationTag": null,
        "expirationDate": null,
        "createdAt": "2026-03-11T20:58:32.006Z",
        "updatedAt": "2026-03-11T20:58:32.006Z"
      }
    },
    {
      "type": "Feature",
      "id": 59553,
      "geometry": {
        "type": "Point",
        "coordinates": [
          50.875981,
          36.8151095
        ]
      },
      "properties": {
        "id": "Mjg6MTY3MzM",
        "city": "تنكابن",
        "name:fa": "جمعیت هلال احمر تنکابن",
        "province": "استان مازندران",
        "name:en": "Tonekabon Red Crescent Society",
        "city:en": "Tonekabon",
        "province:en": "Mazandaran",
        "publicId": "Mjg6MTY3MzM",
        "sourceId": "16733",
        "layerId": 28,
        "type": "location",
        "status": "active",
        "urgency": null,
        "verificationTag": null,
        "expirationDate": null,
        "createdAt": "2026-03-11T20:58:32.007Z",
        "updatedAt": "2026-03-11T20:58:32.007Z"
      }
    },
    {
      "type": "Feature",
      "id": 59554,
      "geometry": {
        "type": "Point",
        "coordinates": [
          51.410796,
          35.7730737
        ]
      },
      "properties": {
        "id": "Mjg6MjA3MTA",
        "city": "تهران",
        "name:fa": "جمعیت هلال احمر جمهوری اسلامی ایران",
        "province": "استان تهران",
        "name:en": "Red Crescent Society of the Islamic Republic of Iran",
        "city:en": "Tehran",
        "province:en": "Tehran",
        "publicId": "Mjg6MjA3MTA",
        "sourceId": "20710",
        "layerId": 28,
        "type": "location",
        "status": "active",
        "urgency": null,
        "verificationTag": null,
        "expirationDate": null,
        "createdAt": "2026-03-11T20:58:32.007Z",
        "updatedAt": "2026-03-11T20:58:32.007Z"
      }
    },
    {
      "type": "Feature",
      "id": 59555,
      "geometry": {
        "type": "Point",
        "coordinates": [
          46.4895661,
          34.8126384
        ]
      },
      "properties": {
        "id": "Mjg6MjUxNTE",
        "city": "جوانرود",
        "name:fa": "جمعیت هلال احمر جوانرود",
        "province": "استان کرمانشاه",
        "name:en": "Javanrud Red Crescent Society",
        "city:en": "Javanrud",
        "province:en": "Kermanshah",
        "publicId": "Mjg6MjUxNTE",
        "sourceId": "25151",
        "layerId": 28,
        "type": "location",
        "status": "active",
        "urgency": null,
        "verificationTag": null,
        "expirationDate": null,
        "createdAt": "2026-03-11T20:58:32.008Z",
        "updatedAt": "2026-03-11T20:58:32.008Z"
      }
    },
    {
      "type": "Feature",
      "id": 59556,
      "geometry": {
        "type": "Point",
        "coordinates": [
          57.745479,
          28.6858794
        ]
      },
      "properties": {
        "id": "Mjg6MzI0NzI",
        "city": "جيرفت",
        "name:fa": "جمعیت هلال احمر جیرفت",
        "province": "استان کرمان",
        "name:en": "Jiroft Red Crescent Society",
        "city:en": "Jiroft",
        "province:en": "Kerman",
        "publicId": "Mjg6MzI0NzI",
        "sourceId": "32472",
        "layerId": 28,
        "type": "location",
        "status": "active",
        "urgency": null,
        "verificationTag": null,
        "expirationDate": null,
        "createdAt": "2026-03-11T20:58:32.008Z",
        "updatedAt": "2026-03-11T20:58:32.008Z"
      }
    },
    {
      "type": "Feature",
      "id": 59557,
      "geometry": {
        "type": "Point",
        "coordinates": [
          45.6341386,
          38.1978536
        ]
      },
      "properties": {
        "id": "Mjg6MTQyMjg",
        "city": "خامنه",
        "name:fa": "جمعیت هلال احمر خامنه",
        "province": "استان آذربایجان شرقی",
        "name:en": "Khamaneh Red Crescent Society",
        "city:en": "Khamaneh",
        "province:en": "East Azerbaijan",
        "publicId": "Mjg6MTQyMjg",
        "sourceId": "14228",
        "layerId": 28,
        "type": "location",
        "status": "active",
        "urgency": null,
        "verificationTag": null,
        "expirationDate": null,
        "createdAt": "2026-03-11T20:58:32.008Z",
        "updatedAt": "2026-03-11T20:58:32.008Z"
      }
    },
    {
      "type": "Feature",
      "id": 59558,
      "geometry": {
        "type": "Point",
        "coordinates": [
          53.190256,
          30.6036443
        ]
      },
      "properties": {
        "id": "Mjg6MzY0NDE",
        "city": "صفاشهر",
        "name:fa": "جمعیت هلال احمر خرم بید",
        "province": "استان فارس",
        "name:en": "Khorrambid Red Crescent Society",
        "city:en": "Safashahr",
        "province:en": "Fars",
        "publicId": "Mjg6MzY0NDE",
        "sourceId": "36441",
        "layerId": 28,
        "type": "location",
        "status": "active",
        "urgency": null,
        "verificationTag": null,
        "expirationDate": null,
        "createdAt": "2026-03-11T20:58:32.009Z",
        "updatedAt": "2026-03-11T20:58:32.009Z"
      }
    },
    {
      "type": "Feature",
      "id": 59559,
      "geometry": {
        "type": "Point",
        "coordinates": [
          48.1637058,
          30.4416828
        ]
      },
      "properties": {
        "id": "Mjg6MzUwODE",
        "city": "خرمشهر",
        "name:fa": "جمعیت هلال احمر خرمشهر",
        "province": "استان خوزستان",
        "name:en": "Khorramshahr Red Crescent Society",
        "city:en": "Khorramshahr",
        "province:en": "Khuzestan",
        "publicId": "Mjg6MzUwODE",
        "sourceId": "35081",
        "layerId": 28,
        "type": "location",
        "status": "active",
        "urgency": null,
        "verificationTag": null,
        "expirationDate": null,
        "createdAt": "2026-03-11T20:58:32.009Z",
        "updatedAt": "2026-03-11T20:58:32.009Z"
      }
    },
    {
      "type": "Feature",
      "id": 59560,
      "geometry": {
        "type": "Point",
        "coordinates": [
          55.0837407,
          33.7728891
        ]
      },
      "properties": {
        "id": "Mjg6MjY3NjU",
        "city": "خور",
        "name:fa": "جمعیت هلال احمر خور",
        "province": "استان اصفهان",
        "name:en": "Khor Red Crescent Society",
        "city:en": "Khor",
        "province:en": "Isfahan",
        "publicId": "Mjg6MjY3NjU",
        "sourceId": "26765",
        "layerId": 28,
        "type": "location",
        "status": "active",
        "urgency": null,
        "verificationTag": null,
        "expirationDate": null,
        "createdAt": "2026-03-11T20:58:32.010Z",
        "updatedAt": "2026-03-11T20:58:32.010Z"
      }
    },
    {
      "type": "Feature",
      "id": 59561,
      "geometry": {
        "type": "Point",
        "coordinates": [
          48.6882878,
          31.3498105
        ]
      },
      "properties": {
        "id": "Mjg6MzUxNDU",
        "city": "اهواز",
        "name:fa": "جمعیت هلال احمر خوزستان",
        "province": "استان خوزستان",
        "name:en": "Khuzestan Red Crescent Society",
        "city:en": "Ahvaz",
        "province:en": "Khuzestan",
        "publicId": "Mjg6MzUxNDU",
        "sourceId": "35145",
        "layerId": 28,
        "type": "location",
        "status": "active",
        "urgency": null,
        "verificationTag": null,
        "expirationDate": null,
        "createdAt": "2026-03-11T20:58:32.010Z",
        "updatedAt": "2026-03-11T20:58:32.010Z"
      }
    },
    {
      "type": "Feature",
      "id": 59562,
      "geometry": {
        "type": "Point",
        "coordinates": [
          48.188653,
          31.5579153
        ]
      },
      "properties": {
        "id": "Mjg6Mjk1MDQ",
        "city": "سوسنگرد",
        "name:fa": "جمعیت هلال احمر دشت آزادگان",
        "province": "استان خوزستان",
        "name:en": "Dasht-e Azadegan Red Crescent Society",
        "city:en": "Susangerd",
        "province:en": "Khuzestan",
        "publicId": "Mjg6Mjk1MDQ",
        "sourceId": "29504",
        "layerId": 28,
        "type": "location",
        "status": "active",
        "urgency": null,
        "verificationTag": null,
        "expirationDate": null,
        "createdAt": "2026-03-11T20:58:32.011Z",
        "updatedAt": "2026-03-11T20:58:32.011Z"
      }
    },
    {
      "type": "Feature",
      "id": 59563,
      "geometry": {
        "type": "Point",
        "coordinates": [
          47.0216386,
          35.9241254
        ]
      },
      "properties": {
        "id": "Mjg6MTk2Mzg",
        "city": "دیواندره",
        "name:fa": "جمعیت هلال احمر دیواندره",
        "province": "استان کردستان",
        "name:en": "Red Crescent Society of Divandarreh",
        "city:en": "Divandarreh",
        "province:en": "Kurdistan",
        "publicId": "Mjg6MTk2Mzg",
        "sourceId": "19638",
        "layerId": 28,
        "type": "location",
        "status": "active",
        "urgency": null,
        "verificationTag": null,
        "expirationDate": null,
        "createdAt": "2026-03-11T20:58:32.012Z",
        "updatedAt": "2026-03-11T20:58:32.012Z"
      }
    },
    {
      "type": "Feature",
      "id": 59564,
      "geometry": {
        "type": "Point",
        "coordinates": [
          55.9829385,
          30.419863
        ]
      },
      "properties": {
        "id": "Mjg6MzUzNDc",
        "city": "رفسنجان",
        "name:fa": "جمعیت هلال احمر رفسنجان",
        "province": "استان کرمان",
        "name:en": "Red Crescent Society of Rafsanjan",
        "city:en": "Rafsanjan",
        "province:en": "Kerman",
        "publicId": "Mjg6MzUzNDc",
        "sourceId": "35347",
        "layerId": 28,
        "type": "location",
        "status": "active",
        "urgency": null,
        "verificationTag": null,
        "expirationDate": null,
        "createdAt": "2026-03-11T20:58:32.012Z",
        "updatedAt": "2026-03-11T20:58:32.012Z"
      }
    },
    {
      "type": "Feature",
      "id": 59565,
      "geometry": {
        "type": "Point",
        "coordinates": [
          57.1904469,
          27.4502961
        ]
      },
      "properties": {
        "id": "Mjg6MzI5NjY",
        "city": "دهبارز",
        "name:fa": "جمعیت هلال احمر رودان",
        "province": "استان هرمزگان",
        "name:en": "Red Crescent Society of Rudan",
        "city:en": "Dehbarz",
        "province:en": "Hormozgan",
        "publicId": "Mjg6MzI5NjY",
        "sourceId": "32966",
        "layerId": 28,
        "type": "location",
        "status": "active",
        "urgency": null,
        "verificationTag": null,
        "expirationDate": null,
        "createdAt": "2026-03-11T20:58:32.013Z",
        "updatedAt": "2026-03-11T20:58:32.013Z"
      }
    },
    {
      "type": "Feature",
      "id": 59566,
      "geometry": {
        "type": "Point",
        "coordinates": [
          57.1904475,
          27.4541684
        ]
      },
      "properties": {
        "id": "Mjg6MzQzNjc",
        "city": "دهبارز",
        "name:fa": "جمعیت هلال احمر رودان",
        "province": "استان هرمزگان",
        "name:en": "Red Crescent Society of Rudan",
        "city:en": "Dehbarz",
        "province:en": "Hormozgan",
        "publicId": "Mjg6MzQzNjc",
        "sourceId": "34367",
        "layerId": 28,
        "type": "location",
        "status": "active",
        "urgency": null,
        "verificationTag": null,
        "expirationDate": null,
        "createdAt": "2026-03-11T20:58:32.013Z",
        "updatedAt": "2026-03-11T20:58:32.013Z"
      }
    },
    {
      "type": "Feature",
      "id": 59567,
      "geometry": {
        "type": "Point",
        "coordinates": [
          50.3692661,
          35.0249051
        ]
      },
      "properties": {
        "id": "Mjg6MjUwMTU",
        "city": "ساوه",
        "name:fa": "جمعیت هلال احمر ساوه",
        "province": "استان مرکزی",
        "name:en": "Red Crescent Society of Saveh",
        "city:en": "Saveh",
        "province:en": "Markazi",
        "publicId": "Mjg6MjUwMTU",
        "sourceId": "25015",
        "layerId": 28,
        "type": "location",
        "status": "active",
        "urgency": null,
        "verificationTag": null,
        "expirationDate": null,
        "createdAt": "2026-03-11T20:58:32.014Z",
        "updatedAt": "2026-03-11T20:58:32.014Z"
      }
    },
    {
      "type": "Feature",
      "id": 59568,
      "geometry": {
        "type": "Point",
        "coordinates": [
          58.5141277,
          33.8563718
        ]
      },
      "properties": {
        "id": "Mjg6MjY3MTg",
        "city": "سرایان",
        "name:fa": "جمعیت هلال احمر سرایان",
        "province": "استان خراسان رضوی",
        "name:en": "Red Crescent Society of Sarayan",
        "city:en": "Sarayan",
        "province:en": "Razavi Khorasan",
        "publicId": "Mjg6MjY3MTg",
        "sourceId": "26718",
        "layerId": 28,
        "type": "location",
        "status": "active",
        "urgency": null,
        "verificationTag": null,
        "expirationDate": null,
        "createdAt": "2026-03-11T20:58:32.014Z",
        "updatedAt": "2026-03-11T20:58:32.014Z"
      }
    },
    {
      "type": "Feature",
      "id": 59569,
      "geometry": {
        "type": "Point",
        "coordinates": [
          48.0666152,
          38.1462277
        ]
      },
      "properties": {
        "id": "Mjg6MTQyNzQ",
        "city": "سرعين",
        "name:fa": "جمعیت هلال احمر سرعین",
        "province": "استان اردبیل",
        "name:en": "Red Crescent Society of Sareyn",
        "city:en": "Sareyn",
        "province:en": "Ardabil",
        "publicId": "Mjg6MTQyNzQ",
        "sourceId": "14274",
        "layerId": 28,
        "type": "location",
        "status": "active",
        "urgency": null,
        "verificationTag": null,
        "expirationDate": null,
        "createdAt": "2026-03-11T20:58:32.015Z",
        "updatedAt": "2026-03-11T20:58:32.015Z"
      }
    },
    {
      "type": "Feature",
      "id": 59570,
      "geometry": {
        "type": "Point",
        "coordinates": [
          53.2091032,
          29.2811445
        ]
      },
      "properties": {
        "id": "Mjg6MzIwNjE",
        "city": "سروستان",
        "name:fa": "جمعیت هلال احمر سروستان",
        "province": "استان فارس",
        "name:en": "Red Crescent Society of Sarvestan",
        "city:en": "Sarvestan",
        "province:en": "Fars",
        "publicId": "Mjg6MzIwNjE",
        "sourceId": "32061",
        "layerId": 28,
        "type": "location",
        "status": "active",
        "urgency": null,
        "verificationTag": null,
        "expirationDate": null,
        "createdAt": "2026-03-11T20:58:32.015Z",
        "updatedAt": "2026-03-11T20:58:32.015Z"
      }
    },
    {
      "type": "Feature",
      "id": 59571,
      "geometry": {
        "type": "Point",
        "coordinates": [
          51.5924299,
          31.3990701
        ]
      },
      "properties": {
        "id": "Mjg6MzY0MzI",
        "city": "سمیرم",
        "name:fa": "جمعیت هلال احمر سمیرم",
        "province": "استان اصفهان",
        "name:en": "Red Crescent Society of Semirom",
        "city:en": "Semirom",
        "province:en": "Isfahan",
        "publicId": "Mjg6MzY0MzI",
        "sourceId": "36432",
        "layerId": 28,
        "type": "location",
        "status": "active",
        "urgency": null,
        "verificationTag": null,
        "expirationDate": null,
        "createdAt": "2026-03-11T20:58:32.016Z",
        "updatedAt": "2026-03-11T20:58:32.016Z"
      }
    },
    {
      "type": "Feature",
      "id": 59572,
      "geometry": {
        "type": "Point",
        "coordinates": [
          57.1019822,
          26.5278614
        ]
      },
      "properties": {
        "id": "Mjg6MzM1NTM",
        "city": "سیریک",
        "name:fa": "جمعیت هلال احمر سیریک",
        "province": "استان هرمزگان",
        "name:en": "Red Crescent Society of Sirik",
        "city:en": "Sirik",
        "province:en": "Hormozgan",
        "publicId": "Mjg6MzM1NTM",
        "sourceId": "33553",
        "layerId": 28,
        "type": "location",
        "status": "active",
        "urgency": null,
        "verificationTag": null,
        "expirationDate": null,
        "createdAt": "2026-03-11T20:58:32.016Z",
        "updatedAt": "2026-03-11T20:58:32.016Z"
      }
    },
    {
      "type": "Feature",
      "id": 59573,
      "geometry": {
        "type": "Point",
        "coordinates": [
          51.6527005,
          32.6585295
        ]
      },
      "properties": {
        "id": "Mjg6Mjc4MzY",
        "city": "اصفهان",
        "name:fa": "جمعیت هلال احمر شعبه ۲ اصفهان",
        "province": "استان اصفهان",
        "name:en": "Red Crescent Society Branch 2 Isfahan",
        "city:en": "Isfahan",
        "province:en": "Isfahan",
        "publicId": "Mjg6Mjc4MzY",
        "sourceId": "27836",
        "layerId": 28,
        "type": "location",
        "status": "active",
        "urgency": null,
        "verificationTag": null,
        "expirationDate": null,
        "createdAt": "2026-03-11T20:58:32.017Z",
        "updatedAt": "2026-03-11T20:58:32.017Z"
      }
    },
    {
      "type": "Feature",
      "id": 59574,
      "geometry": {
        "type": "Point",
        "coordinates": [
          51.4577025,
          35.8072802
        ]
      },
      "properties": {
        "id": "Mjg6MjAxNDg",
        "city": "تجریش",
        "name:fa": "جمعیت هلال احمر شمیرانات",
        "province": "استان تهران",
        "name:en": "Red Crescent Society of Shemiranat",
        "city:en": "Tajrish",
        "province:en": "Tehran",
        "publicId": "Mjg6MjAxNDg",
        "sourceId": "20148",
        "layerId": 28,
        "type": "location",
        "status": "active",
        "urgency": null,
        "verificationTag": null,
        "expirationDate": null,
        "createdAt": "2026-03-11T20:58:32.018Z",
        "updatedAt": "2026-03-11T20:58:32.018Z"
      }
    },
    {
      "type": "Feature",
      "id": 59575,
      "geometry": {
        "type": "Point",
        "coordinates": [
          51.3903201,
          35.7003332
        ]
      },
      "properties": {
        "id": "Mjg6MjI2NTk",
        "city": "تهران",
        "name:fa": "جمعیت هلال احمر شهر تهران",
        "province": "استان تهران",
        "name:en": "Red Crescent Society of Tehran City",
        "city:en": "Tehran",
        "province:en": "Tehran",
        "publicId": "Mjg6MjI2NTk",
        "sourceId": "22659",
        "layerId": 28,
        "type": "location",
        "status": "active",
        "urgency": null,
        "verificationTag": null,
        "expirationDate": null,
        "createdAt": "2026-03-11T20:58:32.018Z",
        "updatedAt": "2026-03-11T20:58:32.018Z"
      }
    },
    {
      "type": "Feature",
      "id": 59576,
      "geometry": {
        "type": "Point",
        "coordinates": [
          52.2165142,
          35.898992
        ]
      },
      "properties": {
        "id": "Mjg6MTk2NjY",
        "city": "شهرستان آمل",
        "name:fa": "جمعیت هلال احمر شهر گزنک",
        "province": "استان مازندران",
        "name:en": "Red Crescent Society of Gazanak City",
        "city:en": "Amol County",
        "province:en": "Mazandaran",
        "publicId": "Mjg6MTk2NjY",
        "sourceId": "19666",
        "layerId": 28,
        "type": "location",
        "status": "active",
        "urgency": null,
        "verificationTag": null,
        "expirationDate": null,
        "createdAt": "2026-03-11T20:58:32.019Z",
        "updatedAt": "2026-03-11T20:58:32.019Z"
      }
    },
    {
      "type": "Feature",
      "id": 59577,
      "geometry": {
        "type": "Point",
        "coordinates": [
          48.9811908,
          35.1124292
        ]
      },
      "properties": {
        "id": "Mjg6MjQ5MjE",
        "city": "شهرستان فامنین",
        "name:fa": "جمعیت هلال احمر شهرستان",
        "province": "استان همدان",
        "name:en": "County Red Crescent Society",
        "city:en": "Famenin County",
        "province:en": "Hamadan",
        "publicId": "Mjg6MjQ5MjE",
        "sourceId": "24921",
        "layerId": 28,
        "type": "location",
        "status": "active",
        "urgency": null,
        "verificationTag": null,
        "expirationDate": null,
        "createdAt": "2026-03-11T20:58:32.022Z",
        "updatedAt": "2026-03-11T20:58:32.022Z"
      }
    },
    {
      "type": "Feature",
      "id": 59578,
      "geometry": {
        "type": "Point",
        "coordinates": [
          48.2521369,
          30.351728
        ]
      },
      "properties": {
        "id": "Mjg6MzA3MTc",
        "city": "آبادان",
        "name:fa": "جمعیت هلال احمر شهرستان آبادان",
        "province": "استان خوزستان",
        "name:en": "Red Crescent Society of Abadan County",
        "city:en": "Abadan",
        "province:en": "Khuzestan",
        "publicId": "Mjg6MzA3MTc",
        "sourceId": "30717",
        "layerId": 28,
        "type": "location",
        "status": "active",
        "urgency": null,
        "verificationTag": null,
        "expirationDate": null,
        "createdAt": "2026-03-11T20:58:32.023Z",
        "updatedAt": "2026-03-11T20:58:32.023Z"
      }
    },
    {
      "type": "Feature",
      "id": 59579,
      "geometry": {
        "type": "Point",
        "coordinates": [
          45.9799585,
          37.7497799
        ]
      },
      "properties": {
        "id": "Mjg6NDA4ODU",
        "city": "آذرشهر",
        "name:fa": "جمعیت هلال احمر شهرستان آذرشهر",
        "province": "استان آذربایجان شرقی",
        "name:en": "Red Crescent Society of Azarshahr County",
        "city:en": "Azarshahr",
        "province:en": "East Azerbaijan",
        "publicId": "Mjg6NDA4ODU",
        "sourceId": "40885",
        "layerId": 28,
        "type": "location",
        "status": "active",
        "urgency": null,
        "verificationTag": null,
        "expirationDate": null,
        "createdAt": "2026-03-11T20:58:32.024Z",
        "updatedAt": "2026-03-11T20:58:32.024Z"
      }
    },
    {
      "type": "Feature",
      "id": 59580,
      "geometry": {
        "type": "Point",
        "coordinates": [
          49.8293374,
          30.6974726
        ]
      },
      "properties": {
        "id": "Mjg6MzAzMzE",
        "city": "آغاجاری",
        "name:fa": "جمعیت هلال احمر شهرستان آغاجاری",
        "province": "استان خوزستان",
        "name:en": "Red Crescent Society of Aghajari County",
        "city:en": "Aghajari",
        "province:en": "Khuzestan",
        "publicId": "Mjg6MzAzMzE",
        "sourceId": "30331",
        "layerId": 28,
        "type": "location",
        "status": "active",
        "urgency": null,
        "verificationTag": null,
        "expirationDate": null,
        "createdAt": "2026-03-11T20:58:32.024Z",
        "updatedAt": "2026-03-11T20:58:32.024Z"
      }
    },
    {
      "type": "Feature",
      "id": 59581,
      "geometry": {
        "type": "Point",
        "coordinates": [
          53.2523833,
          31.1196693
        ]
      },
      "properties": {
        "id": "Mjg6MzAwNzg",
        "city": "ابرکوه",
        "name:fa": "جمعیت هلال احمر شهرستان ابرکوه",
        "province": "استان یزد",
        "name:en": "Red Crescent Society of Abarkouh County",
        "city:en": "Abarkouh",
        "province:en": "Yazd",
        "publicId": "Mjg6MzAwNzg",
        "sourceId": "30078",
        "layerId": 28,
        "type": "location",
        "status": "active",
        "urgency": null,
        "verificationTag": null,
        "expirationDate": null,
        "createdAt": "2026-03-11T20:58:32.025Z",
        "updatedAt": "2026-03-11T20:58:32.025Z"
      }
    },
    {
      "type": "Feature",
      "id": 59582,
      "geometry": {
        "type": "Point",
        "coordinates": [
          57.5003614,
          37.0561981
        ]
      },
      "properties": {
        "id": "Mjg6MTYzMzA",
        "city": "اسفراین",
        "name:fa": "جمعیت هلال احمر شهرستان اسفراین",
        "province": "استان خراسان شمالی",
        "name:en": "Red Crescent Society of Esfarayen County",
        "city:en": "Esfarayen",
        "province:en": "North Khorasan",
        "publicId": "Mjg6MTYzMzA",
        "sourceId": "16330",
        "layerId": 28,
        "type": "location",
        "status": "active",
        "urgency": null,
        "verificationTag": null,
        "expirationDate": null,
        "createdAt": "2026-03-11T20:58:32.026Z",
        "updatedAt": "2026-03-11T20:58:32.026Z"
      }
    },
    {
      "type": "Feature",
      "id": 59583,
      "geometry": {
        "type": "Point",
        "coordinates": [
          50.3614904,
          35.7227151
        ]
      },
      "properties": {
        "id": "Mjg6MjE4ODc",
        "city": "اشتهارد",
        "name:fa": "جمعیت هلال احمر شهرستان اشتهارد",
        "province": "استان البرز",
        "name:en": "Red Crescent Society of Eshtehard County",
        "city:en": "Eshtehard",
        "province:en": "Alborz",
        "publicId": "Mjg6MjE4ODc",
        "sourceId": "21887",
        "layerId": 28,
        "type": "location",
        "status": "active",
        "urgency": null,
        "verificationTag": null,
        "expirationDate": null,
        "createdAt": "2026-03-11T20:58:32.026Z",
        "updatedAt": "2026-03-11T20:58:32.026Z"
      }
    },
    {
      "type": "Feature",
      "id": 59584,
      "geometry": {
        "type": "Point",
        "coordinates": [
          49.6980353,
          30.7567118
        ]
      },
      "properties": {
        "id": "Mjg6MzAyODk",
        "city": "اميديه",
        "name:fa": "جمعیت هلال احمر شهرستان امیدیه",
        "province": "استان خوزستان",
        "name:en": "Red Crescent Society of Omidiyeh County",
        "city:en": "Omidiyeh",
        "province:en": "Khuzestan",
        "publicId": "Mjg6MzAyODk",
        "sourceId": "30289",
        "layerId": 28,
        "type": "location",
        "status": "active",
        "urgency": null,
        "verificationTag": null,
        "expirationDate": null,
        "createdAt": "2026-03-11T20:58:32.027Z",
        "updatedAt": "2026-03-11T20:58:32.027Z"
      }
    },
    {
      "type": "Feature",
      "id": 59585,
      "geometry": {
        "type": "Point",
        "coordinates": [
          49.8635678,
          31.8268165
        ]
      },
      "properties": {
        "id": "Mjg6MjkzMTA",
        "city": "ايذه",
        "name:fa": "جمعیت هلال احمر شهرستان ایذه",
        "province": "استان خوزستان",
        "name:en": "Red Crescent Society of Izeh County",
        "city:en": "Izeh",
        "province:en": "Khuzestan",
        "publicId": "Mjg6MjkzMTA",
        "sourceId": "29310",
        "layerId": 28,
        "type": "location",
        "status": "active",
        "urgency": null,
        "verificationTag": null,
        "expirationDate": null,
        "createdAt": "2026-03-11T20:58:32.028Z",
        "updatedAt": "2026-03-11T20:58:32.028Z"
      }
    },
    {
      "type": "Feature",
      "id": 59586,
      "geometry": {
        "type": "Point",
        "coordinates": [
          52.6757205,
          36.538045
        ]
      },
      "properties": {
        "id": "Mjg6MTc2MDc",
        "city": "بابل",
        "name:fa": "جمعیت هلال احمر شهرستان بابل",
        "province": "استان مازندران",
        "name:en": "Red Crescent Society of Babol County",
        "city:en": "Babol",
        "province:en": "Mazandaran",
        "publicId": "Mjg6MTc2MDc",
        "sourceId": "17607",
        "layerId": 28,
        "type": "location",
        "status": "active",
        "urgency": null,
        "verificationTag": null,
        "expirationDate": null,
        "createdAt": "2026-03-11T20:58:32.028Z",
        "updatedAt": "2026-03-11T20:58:32.028Z"
      }
    },
    {
      "type": "Feature",
      "id": 59587,
      "geometry": {
        "type": "Point",
        "coordinates": [
          51.169636,
          30.3517604
        ]
      },
      "properties": {
        "id": "Mjg6MzA3NDI",
        "city": "شهرستان باشت",
        "name:fa": "جمعیت هلال احمر شهرستان باشت",
        "province": "استان کهگیلویه و بویراحمد",
        "name:en": "Red Crescent Society of Basht County",
        "city:en": "Basht County",
        "province:en": "Kohgiluyeh and Boyer-Ahmad",
        "publicId": "Mjg6MzA3NDI",
        "sourceId": "30742",
        "layerId": 28,
        "type": "location",
        "status": "active",
        "urgency": null,
        "verificationTag": null,
        "expirationDate": null,
        "createdAt": "2026-03-11T20:58:32.029Z",
        "updatedAt": "2026-03-11T20:58:32.029Z"
      }
    },
    {
      "type": "Feature",
      "id": 59588,
      "geometry": {
        "type": "Point",
        "coordinates": [
          55.4158598,
          31.6102121
        ]
      },
      "properties": {
        "id": "Mjg6Mjk0Njk",
        "city": "بافق",
        "name:fa": "جمعیت هلال احمر شهرستان بافق",
        "province": "استان یزد",
        "name:en": "Red Crescent Society of Bafq County",
        "city:en": "Bafq",
        "province:en": "Yazd",
        "publicId": "Mjg6Mjk0Njk",
        "sourceId": "29469",
        "layerId": 28,
        "type": "location",
        "status": "active",
        "urgency": null,
        "verificationTag": null,
        "expirationDate": null,
        "createdAt": "2026-03-11T20:58:32.029Z",
        "updatedAt": "2026-03-11T20:58:32.029Z"
      }
    },
    {
      "type": "Feature",
      "id": 59589,
      "geometry": {
        "type": "Point",
        "coordinates": [
          58.1857694,
          34.5231679
        ]
      },
      "properties": {
        "id": "Mjg6Mzc0Njc",
        "city": "بجستان",
        "name:fa": "جمعیت هلال احمر شهرستان بجستان",
        "province": "استان خراسان رضوی",
        "name:en": "Red Crescent Society of Bajestan County",
        "city:en": "Bajestan",
        "province:en": "Razavi Khorasan",
        "publicId": "Mjg6Mzc0Njc",
        "sourceId": "37467",
        "layerId": 28,
        "type": "location",
        "status": "active",
        "urgency": null,
        "verificationTag": null,
        "expirationDate": null,
        "createdAt": "2026-03-11T20:58:32.030Z",
        "updatedAt": "2026-03-11T20:58:32.030Z"
      }
    },
    {
      "type": "Feature",
      "id": 59590,
      "geometry": {
        "type": "Point",
        "coordinates": [
          51.6971621,
          32.7936545
        ]
      },
      "properties": {
        "id": "Mjg6Mjc1MzI",
        "city": "دولت آباد",
        "name:fa": "جمعیت هلال احمر شهرستان برخوار",
        "province": "استان اصفهان",
        "name:en": "Red Crescent Society of Borkhar County",
        "city:en": "Dowlatabad",
        "province:en": "Isfahan",
        "publicId": "Mjg6Mjc1MzI",
        "sourceId": "27532",
        "layerId": 28,
        "type": "location",
        "status": "active",
        "urgency": null,
        "verificationTag": null,
        "expirationDate": null,
        "createdAt": "2026-03-11T20:58:32.031Z",
        "updatedAt": "2026-03-11T20:58:32.031Z"
      }
    },
    {
      "type": "Feature",
      "id": 59591,
      "geometry": {
        "type": "Point",
        "coordinates": [
          57.9476318,
          35.2458852
        ]
      },
      "properties": {
        "id": "Mjg6MjQ3MzQ",
        "city": "شهرستان بردسکن",
        "name:fa": "جمعیت هلال احمر شهرستان بردسکن",
        "province": "استان خراسان رضوی",
        "name:en": "Red Crescent Society of Bardaskan County",
        "city:en": "Bardaskan County",
        "province:en": "Razavi Khorasan",
        "publicId": "Mjg6MjQ3MzQ",
        "sourceId": "24734",
        "layerId": 28,
        "type": "location",
        "status": "active",
        "urgency": null,
        "verificationTag": null,
        "expirationDate": null,
        "createdAt": "2026-03-11T20:58:32.032Z",
        "updatedAt": "2026-03-11T20:58:32.032Z"
      }
    },
    {
      "type": "Feature",
      "id": 59592,
      "geometry": {
        "type": "Point",
        "coordinates": [
          57.9473984,
          35.2498982
        ]
      },
      "properties": {
        "id": "Mjg6MzQxOTI",
        "city": "بردسكن",
        "name:fa": "جمعیت هلال احمر شهرستان بردسکن",
        "province": "استان خراسان رضوی",
        "name:en": "Red Crescent Society of Bardaskan County",
        "city:en": "Bardaskan",
        "province:en": "Razavi Khorasan",
        "publicId": "Mjg6MzQxOTI",
        "sourceId": "34192",
        "layerId": 28,
        "type": "location",
        "status": "active",
        "urgency": null,
        "verificationTag": null,
        "expirationDate": null,
        "createdAt": "2026-03-11T20:58:32.033Z",
        "updatedAt": "2026-03-11T20:58:32.033Z"
      }
    },
    {
      "type": "Feature",
      "id": 59593,
      "geometry": {
        "type": "Point",
        "coordinates": [
          51.3020727,
          31.9610245
        ]
      },
      "properties": {
        "id": "Mjg6MzU2NjY",
        "city": "بروجن",
        "name:fa": "جمعیت هلال احمر شهرستان بروجن",
        "province": "استان چهارمحال و بختیاری",
        "name:en": "Red Crescent Society of Borujen County",
        "city:en": "Borujen",
        "province:en": "Chaharmahal and Bakhtiari",
        "publicId": "Mjg6MzU2NjY",
        "sourceId": "35666",
        "layerId": 28,
        "type": "location",
        "status": "active",
        "urgency": null,
        "verificationTag": null,
        "expirationDate": null,
        "createdAt": "2026-03-11T20:58:32.033Z",
        "updatedAt": "2026-03-11T20:58:32.033Z"
      }
    },
    {
      "type": "Feature",
      "id": 59594,
      "geometry": {
        "type": "Point",
        "coordinates": [
          58.3566545,
          29.1005779
        ]
      },
      "properties": {
        "id": "Mjg6MzQ0MDU",
        "city": "بم",
        "name:fa": "جمعیت هلال احمر شهرستان بم",
        "province": "استان کرمان",
        "name:en": "Red Crescent Society of Bam County",
        "city:en": "Bam",
        "province:en": "Kerman",
        "publicId": "Mjg6MzQ0MDU",
        "sourceId": "34405",
        "layerId": 28,
        "type": "location",
        "status": "active",
        "urgency": null,
        "verificationTag": null,
        "expirationDate": null,
        "createdAt": "2026-03-11T20:58:32.034Z",
        "updatedAt": "2026-03-11T20:58:32.034Z"
      }
    },
    {
      "type": "Feature",
      "id": 59595,
      "geometry": {
        "type": "Point",
        "coordinates": [
          51.1656314,
          35.5698699
        ]
      },
      "properties": {
        "id": "Mjg6MjM5NDc",
        "city": "نسیم شهر",
        "name:fa": "جمعیت هلال احمر شهرستان بهارستان",
        "province": "استان تهران",
        "name:en": "Red Crescent Society of Baharestan County",
        "city:en": "Nasim Shahr",
        "province:en": "Tehran",
        "publicId": "Mjg6MjM5NDc",
        "sourceId": "23947",
        "layerId": 28,
        "type": "location",
        "status": "active",
        "urgency": null,
        "verificationTag": null,
        "expirationDate": null,
        "createdAt": "2026-03-11T20:58:32.034Z",
        "updatedAt": "2026-03-11T20:58:32.034Z"
      }
    },
    {
      "type": "Feature",
      "id": 59596,
      "geometry": {
        "type": "Point",
        "coordinates": [
          50.1061398,
          30.8932992
        ]
      },
      "properties": {
        "id": "Mjg6MzYzMjU",
        "city": "لیکک",
        "name:fa": "جمعیت هلال احمر شهرستان بهمئی",
        "province": "استان کهگیلویه و بویراحمد",
        "name:en": "Red Crescent Society of Bahmai County",
        "city:en": "Likak",
        "province:en": "Kohgiluyeh and Boyer-Ahmad",
        "publicId": "Mjg6MzYzMjU",
        "sourceId": "36325",
        "layerId": 28,
        "type": "location",
        "status": "active",
        "urgency": null,
        "verificationTag": null,
        "expirationDate": null,
        "createdAt": "2026-03-11T20:58:32.035Z",
        "updatedAt": "2026-03-11T20:58:32.035Z"
      }
    },
    {
      "type": "Feature",
      "id": 59597,
      "geometry": {
        "type": "Point",
        "coordinates": [
          51.5784347,
          30.6828843
        ]
      },
      "properties": {
        "id": "Mjg6MzY0MjU",
        "city": "ياسوج",
        "name:fa": "جمعیت هلال احمر شهرستان بویراحمد",
        "province": "استان کهگیلویه و بویراحمد",
        "name:en": "Red Crescent Society of Boyerahmad County",
        "city:en": "Yasuj",
        "province:en": "Kohgiluyeh and Boyer-Ahmad",
        "publicId": "Mjg6MzY0MjU",
        "sourceId": "36425",
        "layerId": 28,
        "type": "location",
        "status": "active",
        "urgency": null,
        "verificationTag": null,
        "expirationDate": null,
        "createdAt": "2026-03-11T20:58:32.036Z",
        "updatedAt": "2026-03-11T20:58:32.036Z"
      }
    },
    {
      "type": "Feature",
      "id": 59598,
      "geometry": {
        "type": "Point",
        "coordinates": [
          59.1881387,
          32.8688204
        ]
      },
      "properties": {
        "id": "Mjg6Mjc0NDA",
        "city": "بيرجند",
        "name:fa": "جمعیت هلال احمر شهرستان بیرجند",
        "province": "استان خراسان جنوبی",
        "name:en": "Red Crescent Society of Birjand County",
        "city:en": "Birjand",
        "province:en": "South Khorasan",
        "publicId": "Mjg6Mjc0NDA",
        "sourceId": "27440",
        "layerId": 28,
        "type": "location",
        "status": "active",
        "urgency": null,
        "verificationTag": null,
        "expirationDate": null,
        "createdAt": "2026-03-11T20:58:32.036Z",
        "updatedAt": "2026-03-11T20:58:32.036Z"
      }
    },
    {
      "type": "Feature",
      "id": 59599,
      "geometry": {
        "type": "Point",
        "coordinates": [
          49.6883981,
          36.0595184
        ]
      },
      "properties": {
        "id": "Mjg6MTk0NTI",
        "city": "تاكستان",
        "name:fa": "جمعیت هلال احمر شهرستان تاکستان",
        "province": "استان قزوین",
        "name:en": "Red Crescent Society of Takestan County",
        "city:en": "Takestan",
        "province:en": "Qazvin",
        "publicId": "Mjg6MTk0NTI",
        "sourceId": "19452",
        "layerId": 28,
        "type": "location",
        "status": "active",
        "urgency": null,
        "verificationTag": null,
        "expirationDate": null,
        "createdAt": "2026-03-11T20:58:32.037Z",
        "updatedAt": "2026-03-11T20:58:32.037Z"
      }
    },
    {
      "type": "Feature",
      "id": 59600,
      "geometry": {
        "type": "Point",
        "coordinates": [
          51.5123673,
          35.7224113
        ]
      },
      "properties": {
        "id": "Mjg6MjIzNjM",
        "city": "تهران",
        "name:fa": "جمعیت هلال احمر شهرستان تهران",
        "province": "استان تهران",
        "name:en": "Red Crescent Society of Tehran County",
        "city:en": "Tehran",
        "province:en": "Tehran",
        "publicId": "Mjg6MjIzNjM",
        "sourceId": "22363",
        "layerId": 28,
        "type": "location",
        "status": "active",
        "urgency": null,
        "verificationTag": null,
        "expirationDate": null,
        "createdAt": "2026-03-11T20:58:32.038Z",
        "updatedAt": "2026-03-11T20:58:32.038Z"
      }
    },
    {
      "type": "Feature",
      "id": 59601,
      "geometry": {
        "type": "Point",
        "coordinates": [
          51.359535,
          35.6490688
        ]
      },
      "properties": {
        "id": "Mjg6MjM1MTc",
        "city": "تهران",
        "name:fa": "جمعیت هلال احمر شهرستان تهران",
        "province": "استان تهران",
        "name:en": "Red Crescent Society of Tehran County",
        "city:en": "Tehran",
        "province:en": "Tehran",
        "publicId": "Mjg6MjM1MTc",
        "sourceId": "23517",
        "layerId": 28,
        "type": "location",
        "status": "active",
        "urgency": null,
        "verificationTag": null,
        "expirationDate": null,
        "createdAt": "2026-03-11T20:58:32.038Z",
        "updatedAt": "2026-03-11T20:58:32.038Z"
      }
    },
    {
      "type": "Feature",
      "id": 59602,
      "geometry": {
        "type": "Point",
        "coordinates": [
          48.4523289,
          34.5537487
        ]
      },
      "properties": {
        "id": "Mjg6MjU2NjI",
        "city": "تويسركان",
        "name:fa": "جمعیت هلال احمر شهرستان تویسرکان",
        "province": "استان همدان",
        "name:en": "Red Crescent Society of Tuyserkan County",
        "city:en": "Tuyserkan",
        "province:en": "Hamadan",
        "publicId": "Mjg6MjU2NjI",
        "sourceId": "25662",
        "layerId": 28,
        "type": "location",
        "status": "active",
        "urgency": null,
        "verificationTag": null,
        "expirationDate": null,
        "createdAt": "2026-03-11T20:58:32.039Z",
        "updatedAt": "2026-03-11T20:58:32.039Z"
      }
    },
    {
      "type": "Feature",
      "id": 59603,
      "geometry": {
        "type": "Point",
        "coordinates": [
          53.6202939,
          28.5082713
        ]
      },
      "properties": {
        "id": "Mjg6MzI1Mzk",
        "city": "جهرم",
        "name:fa": "جمعیت هلال احمر شهرستان جهرم",
        "province": "استان فارس",
        "name:en": "Red Crescent Society of Jahrom County",
        "city:en": "Jahrom",
        "province:en": "Fars",
        "publicId": "Mjg6MzI1Mzk",
        "sourceId": "32539",
        "layerId": 28,
        "type": "location",
        "status": "active",
        "urgency": null,
        "verificationTag": null,
        "expirationDate": null,
        "createdAt": "2026-03-11T20:58:32.040Z",
        "updatedAt": "2026-03-11T20:58:32.040Z"
      }
    },
    {
      "type": "Feature",
      "id": 59604,
      "geometry": {
        "type": "Point",
        "coordinates": [
          52.8840369,
          36.6423921
        ]
      },
      "properties": {
        "id": "Mjg6MTcyMjk",
        "city": "جویبار",
        "name:fa": "جمعیت هلال احمر شهرستان جویبار",
        "province": "استان مازندران",
        "name:en": "Red Crescent Society of Juybar County",
        "city:en": "Juybar",
        "province:en": "Mazandaran",
        "publicId": "Mjg6MTcyMjk",
        "sourceId": "17229",
        "layerId": 28,
        "type": "location",
        "status": "active",
        "urgency": null,
        "verificationTag": null,
        "expirationDate": null,
        "createdAt": "2026-03-11T20:58:32.041Z",
        "updatedAt": "2026-03-11T20:58:32.041Z"
      }
    },
    {
      "type": "Feature",
      "id": 59605,
      "geometry": {
        "type": "Point",
        "coordinates": [
          51.062935,
          31.5570159
        ]
      },
      "properties": {
        "id": "Mjg6Mjk1MTY",
        "city": "آلونی",
        "name:fa": "جمعیت هلال احمر شهرستان خانمیرزا",
        "province": "استان چهارمحال و بختیاری",
        "name:en": "Red Crescent Society of Khanmirza County",
        "city:en": "Aluni",
        "province:en": "Chaharmahal and Bakhtiari",
        "publicId": "Mjg6Mjk1MTY",
        "sourceId": "29516",
        "layerId": 28,
        "type": "location",
        "status": "active",
        "urgency": null,
        "verificationTag": null,
        "expirationDate": null,
        "createdAt": "2026-03-11T20:58:32.041Z",
        "updatedAt": "2026-03-11T20:58:32.041Z"
      }
    },
    {
      "type": "Feature",
      "id": 59606,
      "geometry": {
        "type": "Point",
        "coordinates": [
          48.3521698,
          33.4952633
        ]
      },
      "properties": {
        "id": "Mjg6MjcwMzM",
        "city": "خرم آباد",
        "name:fa": "جمعیت هلال احمر شهرستان خرم آباد",
        "province": "استان لرستان",
        "name:en": "Red Crescent Society of Khorramabad County",
        "city:en": "Khorramabad",
        "province:en": "Lorestan",
        "publicId": "Mjg6MjcwMzM",
        "sourceId": "27033",
        "layerId": 28,
        "type": "location",
        "status": "active",
        "urgency": null,
        "verificationTag": null,
        "expirationDate": null,
        "createdAt": "2026-03-11T20:58:32.042Z",
        "updatedAt": "2026-03-11T20:58:32.042Z"
      }
    },
    {
      "type": "Feature",
      "id": 59607,
      "geometry": {
        "type": "Point",
        "coordinates": [
          48.3511774,
          33.4610249
        ]
      },
      "properties": {
        "id": "Mjg6MjcxMjk",
        "city": "خرم آباد",
        "name:fa": "جمعیت هلال احمر شهرستان خرم آباد",
        "province": "استان لرستان",
        "name:en": "Red Crescent Society of Khorramabad County",
        "city:en": "Khorramabad",
        "province:en": "Lorestan",
        "publicId": "Mjg6MjcxMjk",
        "sourceId": "27129",
        "layerId": 28,
        "type": "location",
        "status": "active",
        "urgency": null,
        "verificationTag": null,
        "expirationDate": null,
        "createdAt": "2026-03-11T20:58:32.043Z",
        "updatedAt": "2026-03-11T20:58:32.043Z"
      }
    },
    {
      "type": "Feature",
      "id": 59608,
      "geometry": {
        "type": "Point",
        "coordinates": [
          49.2097002,
          36.1935879
        ]
      },
      "properties": {
        "id": "Mjg6MTkyMDc",
        "city": "خرمدره",
        "name:fa": "جمعیت هلال احمر شهرستان خرم دره",
        "province": "استان زنجان",
        "name:en": "Red Crescent Society of Khorramdarreh County",
        "city:en": "Khorramdarreh",
        "province:en": "Zanjan",
        "publicId": "Mjg6MTkyMDc",
        "sourceId": "19207",
        "layerId": 28,
        "type": "location",
        "status": "active",
        "urgency": null,
        "verificationTag": null,
        "expirationDate": null,
        "createdAt": "2026-03-11T20:58:32.043Z",
        "updatedAt": "2026-03-11T20:58:32.043Z"
      }
    },
    {
      "type": "Feature",
      "id": 59609,
      "geometry": {
        "type": "Point",
        "coordinates": [
          54.5483771,
          28.7544906
        ]
      },
      "properties": {
        "id": "Mjg6MzI0MjU",
        "city": "داراب",
        "name:fa": "جمعیت هلال احمر شهرستان داراب",
        "province": "استان فارس",
        "name:en": "Red Crescent Society of Darab County",
        "city:en": "Darab",
        "province:en": "Fars",
        "publicId": "Mjg6MzI0MjU",
        "sourceId": "32425",
        "layerId": 28,
        "type": "location",
        "status": "active",
        "urgency": null,
        "verificationTag": null,
        "expirationDate": null,
        "createdAt": "2026-03-11T20:58:32.044Z",
        "updatedAt": "2026-03-11T20:58:32.044Z"
      }
    },
    {
      "type": "Feature",
      "id": 59610,
      "geometry": {
        "type": "Point",
        "coordinates": [
          48.3855473,
          32.3864521
        ]
      },
      "properties": {
        "id": "Mjg6Mjg0ODA",
        "city": "دزفول",
        "name:fa": "جمعیت هلال احمر شهرستان دزفول",
        "province": "استان خوزستان",
        "name:en": "Red Crescent Society of Dezful County",
        "city:en": "Dezful",
        "province:en": "Khuzestan",
        "publicId": "Mjg6Mjg0ODA",
        "sourceId": "28480",
        "layerId": 28,
        "type": "location",
        "status": "active",
        "urgency": null,
        "verificationTag": null,
        "expirationDate": null,
        "createdAt": "2026-03-11T20:58:32.050Z",
        "updatedAt": "2026-03-11T20:58:32.050Z"
      }
    },
    {
      "type": "Feature",
      "id": 59611,
      "geometry": {
        "type": "Point",
        "coordinates": [
          49.0473917,
          33.4920077
        ]
      },
      "properties": {
        "id": "Mjg6MjcwNTk",
        "city": "دورود",
        "name:fa": "جمعیت هلال احمر شهرستان دورود",
        "province": "استان لرستان",
        "name:en": "Red Crescent Society of Dorud County",
        "city:en": "Dorud",
        "province:en": "Lorestan",
        "publicId": "Mjg6MjcwNTk",
        "sourceId": "27059",
        "layerId": 28,
        "type": "location",
        "status": "active",
        "urgency": null,
        "verificationTag": null,
        "expirationDate": null,
        "createdAt": "2026-03-11T20:58:32.051Z",
        "updatedAt": "2026-03-11T20:58:32.051Z"
      }
    },
    {
      "type": "Feature",
      "id": 59612,
      "geometry": {
        "type": "Point",
        "coordinates": [
          49.6212932,
          31.2600669
        ]
      },
      "properties": {
        "id": "Mjg6Mjk5ODY",
        "city": "شهرستان رامهرمز",
        "name:fa": "جمعیت هلال احمر شهرستان رامهرمز",
        "province": "استان خوزستان",
        "name:en": "Red Crescent Society of Ramhormoz County",
        "city:en": "Ramhormoz County",
        "province:en": "Khuzestan",
        "publicId": "Mjg6Mjk5ODY",
        "sourceId": "29986",
        "layerId": 28,
        "type": "location",
        "status": "active",
        "urgency": null,
        "verificationTag": null,
        "expirationDate": null,
        "createdAt": "2026-03-11T20:58:32.052Z",
        "updatedAt": "2026-03-11T20:58:32.052Z"
      }
    },
    {
      "type": "Feature",
      "id": 59613,
      "geometry": {
        "type": "Point",
        "coordinates": [
          49.6213437,
          31.2641709
        ]
      },
      "properties": {
        "id": "Mjg6MzM4Mjc",
        "city": "رامهرمز",
        "name:fa": "جمعیت هلال احمر شهرستان رامهرمز",
        "province": "استان خوزستان",
        "name:en": "Red Crescent Society of Ramhormoz County",
        "city:en": "Ramhormoz",
        "province:en": "Khuzestan",
        "publicId": "Mjg6MzM4Mjc",
        "sourceId": "33827",
        "layerId": 28,
        "type": "location",
        "status": "active",
        "urgency": null,
        "verificationTag": null,
        "expirationDate": null,
        "createdAt": "2026-03-11T20:58:32.053Z",
        "updatedAt": "2026-03-11T20:58:32.053Z"
      }
    },
    {
      "type": "Feature",
      "id": 59614,
      "geometry": {
        "type": "Point",
        "coordinates": [
          51.090087,
          35.4875547
        ]
      },
      "properties": {
        "id": "Mjg6MjQyNzU",
        "city": "رباط کریم",
        "name:fa": "جمعیت هلال احمر شهرستان رباط کریم",
        "province": "استان تهران",
        "name:en": "Red Crescent Society of Robat Karim County",
        "city:en": "Robat Karim",
        "province:en": "Tehran",
        "publicId": "Mjg6MjQyNzU",
        "sourceId": "24275",
        "layerId": 28,
        "type": "location",
        "status": "active",
        "urgency": null,
        "verificationTag": null,
        "expirationDate": null,
        "createdAt": "2026-03-11T20:58:32.054Z",
        "updatedAt": "2026-03-11T20:58:32.054Z"
      }
    },
    {
      "type": "Feature",
      "id": 59615,
      "geometry": {
        "type": "Point",
        "coordinates": [
          51.0899757,
          35.4829055
        ]
      },
      "properties": {
        "id": "Mjg6MzM5Mzc",
        "city": "رباط کریم",
        "name:fa": "جمعیت هلال احمر شهرستان رباط کریم",
        "province": "استان تهران",
        "name:en": "Red Crescent Society of Robat Karim County",
        "city:en": "Robat Karim",
        "province:en": "Tehran",
        "publicId": "Mjg6MzM5Mzc",
        "sourceId": "33937",
        "layerId": 28,
        "type": "location",
        "status": "active",
        "urgency": null,
        "verificationTag": null,
        "expirationDate": null,
        "createdAt": "2026-03-11T20:58:32.054Z",
        "updatedAt": "2026-03-11T20:58:32.054Z"
      }
    },
    {
      "type": "Feature",
      "id": 59616,
      "geometry": {
        "type": "Point",
        "coordinates": [
          51.5383911,
          30.2359558
        ]
      },
      "properties": {
        "id": "Mjg6MzU3MDU",
        "city": "شهرستان رستم",
        "name:fa": "جمعیت هلال احمر شهرستان رستم",
        "province": "استان فارس",
        "name:en": "Red Crescent Society of Rustam County",
        "city:en": "Rustam County",
        "province:en": "Fars",
        "publicId": "Mjg6MzU3MDU",
        "sourceId": "35705",
        "layerId": 28,
        "type": "location",
        "status": "active",
        "urgency": null,
        "verificationTag": null,
        "expirationDate": null,
        "createdAt": "2026-03-11T20:58:32.055Z",
        "updatedAt": "2026-03-11T20:58:32.055Z"
      }
    },
    {
      "type": "Feature",
      "id": 59617,
      "geometry": {
        "type": "Point",
        "coordinates": [
          51.5384437,
          30.2396113
        ]
      },
      "properties": {
        "id": "Mjg6MzA5OTc",
        "city": "شهرستان رستم",
        "name:fa": "جمعیت هلال احمر شهرستان رستم",
        "province": "استان فارس",
        "name:en": "Red Crescent Society of Rustam County",
        "city:en": "Rustam County",
        "province:en": "Fars",
        "publicId": "Mjg6MzA5OTc",
        "sourceId": "30997",
        "layerId": 28,
        "type": "location",
        "status": "active",
        "urgency": null,
        "verificationTag": null,
        "expirationDate": null,
        "createdAt": "2026-03-11T20:58:32.056Z",
        "updatedAt": "2026-03-11T20:58:32.056Z"
      }
    },
    {
      "type": "Feature",
      "id": 59618,
      "geometry": {
        "type": "Point",
        "coordinates": [
          49.6128778,
          37.312501
        ]
      },
      "properties": {
        "id": "Mjg6MTU2ODM",
        "city": "رشت",
        "name:fa": "جمعیت هلال احمر شهرستان رشت",
        "province": "استان گیلان",
        "name:en": "Red Crescent Society of Rasht County",
        "city:en": "Rasht",
        "province:en": "Gilan",
        "publicId": "Mjg6MTU2ODM",
        "sourceId": "15683",
        "layerId": 28,
        "type": "location",
        "status": "active",
        "urgency": null,
        "verificationTag": null,
        "expirationDate": null,
        "createdAt": "2026-03-11T20:58:32.056Z",
        "updatedAt": "2026-03-11T20:58:32.056Z"
      }
    },
    {
      "type": "Feature",
      "id": 59619,
      "geometry": {
        "type": "Point",
        "coordinates": [
          50.2864704,
          37.1377029
        ]
      },
      "properties": {
        "id": "Mjg6MTYyMDc",
        "city": "رودسر",
        "name:fa": "جمعیت هلال احمر شهرستان رودسر",
        "province": "استان گیلان",
        "name:en": "Red Crescent Society of Rudsar County",
        "city:en": "Rudsar",
        "province:en": "Gilan",
        "publicId": "Mjg6MTYyMDc",
        "sourceId": "16207",
        "layerId": 28,
        "type": "location",
        "status": "active",
        "urgency": null,
        "verificationTag": null,
        "expirationDate": null,
        "createdAt": "2026-03-11T20:58:32.057Z",
        "updatedAt": "2026-03-11T20:58:32.057Z"
      }
    },
    {
      "type": "Feature",
      "id": 59620,
      "geometry": {
        "type": "Point",
        "coordinates": [
          51.4333078,
          35.581743
        ]
      },
      "properties": {
        "id": "Mjg6MjM5NjI",
        "city": "ری",
        "name:fa": "جمعیت هلال احمر شهرستان ری",
        "province": "استان تهران",
        "name:en": "Red Crescent Society of Ray County",
        "city:en": "Ray",
        "province:en": "Tehran",
        "publicId": "Mjg6MjM5NjI",
        "sourceId": "23962",
        "layerId": 28,
        "type": "location",
        "status": "active",
        "urgency": null,
        "verificationTag": null,
        "expirationDate": null,
        "createdAt": "2026-03-11T20:58:32.057Z",
        "updatedAt": "2026-03-11T20:58:32.057Z"
      }
    },
    {
      "type": "Feature",
      "id": 59621,
      "geometry": {
        "type": "Point",
        "coordinates": [
          51.4333078,
          35.5854922
        ]
      },
      "properties": {
        "id": "Mjg6MzQxNjk",
        "city": "ری",
        "name:fa": "جمعیت هلال احمر شهرستان ری",
        "province": "استان تهران",
        "name:en": "Red Crescent Society of Ray County",
        "city:en": "Ray",
        "province:en": "Tehran",
        "publicId": "Mjg6MzQxNjk",
        "sourceId": "34169",
        "layerId": 28,
        "type": "location",
        "status": "active",
        "urgency": null,
        "verificationTag": null,
        "expirationDate": null,
        "createdAt": "2026-03-11T20:58:32.058Z",
        "updatedAt": "2026-03-11T20:58:32.058Z"
      }
    },
    {
      "type": "Feature",
      "id": 59622,
      "geometry": {
        "type": "Point",
        "coordinates": [
          59.003071,
          28.6596886
        ]
      },
      "properties": {
        "id": "Mjg6MzU0NzA",
        "city": "شهرستان ریگان",
        "name:fa": "جمعیت هلال احمر شهرستان ریگان",
        "province": "استان کرمان",
        "name:en": "Red Crescent Society of Rigan County",
        "city:en": "Rigan County",
        "province:en": "Kerman",
        "publicId": "Mjg6MzU0NzA",
        "sourceId": "35470",
        "layerId": 28,
        "type": "location",
        "status": "active",
        "urgency": null,
        "verificationTag": null,
        "expirationDate": null,
        "createdAt": "2026-03-11T20:58:32.059Z",
        "updatedAt": "2026-03-11T20:58:32.059Z"
      }
    },
    {
      "type": "Feature",
      "id": 59623,
      "geometry": {
        "type": "Point",
        "coordinates": [
          60.8767334,
          29.4806448
        ]
      },
      "properties": {
        "id": "Mjg6MzM5MzM",
        "city": "زاهدان",
        "name:fa": "جمعیت هلال احمر شهرستان زاهدان",
        "province": "استان سیستان و بلوچستان",
        "name:en": "Red Crescent Society of Zahedan County",
        "city:en": "Zahedan",
        "province:en": "Sistan and Baluchestan",
        "publicId": "Mjg6MzM5MzM",
        "sourceId": "33933",
        "layerId": 28,
        "type": "location",
        "status": "active",
        "urgency": null,
        "verificationTag": null,
        "expirationDate": null,
        "createdAt": "2026-03-11T20:58:32.059Z",
        "updatedAt": "2026-03-11T20:58:32.059Z"
      }
    },
    {
      "type": "Feature",
      "id": 59624,
      "geometry": {
        "type": "Point",
        "coordinates": [
          53.0591825,
          36.5649343
        ]
      },
      "properties": {
        "id": "Mjg6MTc0MzM",
        "city": "ساری",
        "name:fa": "جمعیت هلال احمر شهرستان ساری",
        "province": "استان مازندران",
        "name:en": "Red Crescent Society of Sari County",
        "city:en": "Sari",
        "province:en": "Mazandaran",
        "publicId": "Mjg6MTc0MzM",
        "sourceId": "17433",
        "layerId": 28,
        "type": "location",
        "status": "active",
        "urgency": null,
        "verificationTag": null,
        "expirationDate": null,
        "createdAt": "2026-03-11T20:58:32.060Z",
        "updatedAt": "2026-03-11T20:58:32.060Z"
      }
    },
    {
      "type": "Feature",
      "id": 59625,
      "geometry": {
        "type": "Point",
        "coordinates": [
          50.7015958,
          35.9583428
        ]
      },
      "properties": {
        "id": "Mjg6MTk2MDU",
        "city": "هشتگرد",
        "name:fa": "جمعیت هلال احمر شهرستان ساوجبلاغ",
        "province": "استان تهران",
        "name:en": "Red Crescent Society of Savojbolagh County",
        "city:en": "Hashtgerd",
        "province:en": "Tehran",
        "publicId": "Mjg6MTk2MDU",
        "sourceId": "19605",
        "layerId": 28,
        "type": "location",
        "status": "active",
        "urgency": null,
        "verificationTag": null,
        "expirationDate": null,
        "createdAt": "2026-03-11T20:58:32.061Z",
        "updatedAt": "2026-03-11T20:58:32.061Z"
      }
    },
    {
      "type": "Feature",
      "id": 59626,
      "geometry": {
        "type": "Point",
        "coordinates": [
          57.6821736,
          36.2098208
        ]
      },
      "properties": {
        "id": "Mjg6MTkxNTg",
        "city": "سبزوار",
        "name:fa": "جمعیت هلال احمر شهرستان سبزوار",
        "province": "استان خراسان رضوی",
        "name:en": "Red Crescent Society of Sabzevar County",
        "city:en": "Sabzevar",
        "province:en": "Razavi Khorasan",
        "publicId": "Mjg6MTkxNTg",
        "sourceId": "19158",
        "layerId": 28,
        "type": "location",
        "status": "active",
        "urgency": null,
        "verificationTag": null,
        "expirationDate": null,
        "createdAt": "2026-03-11T20:58:32.061Z",
        "updatedAt": "2026-03-11T20:58:32.061Z"
      }
    },
    {
      "type": "Feature",
      "id": 59627,
      "geometry": {
        "type": "Point",
        "coordinates": [
          53.2090834,
          29.2776264
        ]
      },
      "properties": {
        "id": "Mjg6MzU4MzY",
        "city": "سروستان",
        "name:fa": "جمعیت هلال احمر شهرستان سروستان",
        "province": "استان فارس",
        "name:en": "Red Crescent Society of Sarvestan County",
        "city:en": "Sarvestan",
        "province:en": "Fars",
        "publicId": "Mjg6MzU4MzY",
        "sourceId": "35836",
        "layerId": 28,
        "type": "location",
        "status": "active",
        "urgency": null,
        "verificationTag": null,
        "expirationDate": null,
        "createdAt": "2026-03-11T20:58:32.062Z",
        "updatedAt": "2026-03-11T20:58:32.062Z"
      }
    },
    {
      "type": "Feature",
      "id": 59628,
      "geometry": {
        "type": "Point",
        "coordinates": [
          46.2629597,
          36.2385783
        ]
      },
      "properties": {
        "id": "Mjg6MTkwNTI",
        "city": "سقز",
        "name:fa": "جمعیت هلال احمر شهرستان سقز",
        "province": "استان کردستان",
        "name:en": "Red Crescent Society of Saqqez County",
        "city:en": "Saqqez",
        "province:en": "Kurdistan",
        "publicId": "Mjg6MTkwNTI",
        "sourceId": "19052",
        "layerId": 28,
        "type": "location",
        "status": "active",
        "urgency": null,
        "verificationTag": null,
        "expirationDate": null,
        "createdAt": "2026-03-11T20:58:32.062Z",
        "updatedAt": "2026-03-11T20:58:32.062Z"
      }
    },
    {
      "type": "Feature",
      "id": 59629,
      "geometry": {
        "type": "Point",
        "coordinates": [
          52.9621911,
          36.1831288
        ]
      },
      "properties": {
        "id": "Mjg6MTkyODc",
        "city": "زیراب",
        "name:fa": "جمعیت هلال احمر شهرستان سواد کوه",
        "province": "استان مازندران",
        "name:en": "Red Crescent Society of Savadkooh County",
        "city:en": "Zirab",
        "province:en": "Mazandaran",
        "publicId": "Mjg6MTkyODc",
        "sourceId": "19287",
        "layerId": 28,
        "type": "location",
        "status": "active",
        "urgency": null,
        "verificationTag": null,
        "expirationDate": null,
        "createdAt": "2026-03-11T20:58:32.063Z",
        "updatedAt": "2026-03-11T20:58:32.063Z"
      }
    },
    {
      "type": "Feature",
      "id": 59630,
      "geometry": {
        "type": "Point",
        "coordinates": [
          46.5593827,
          36.6735671
        ]
      },
      "properties": {
        "id": "Mjg6MTcwMzY",
        "city": "شاهین دژ",
        "name:fa": "جمعیت هلال احمر شهرستان شاهین دژ",
        "province": "استان آذربایجان غربی",
        "name:en": "Red Crescent Society of Shahin Dezh County",
        "city:en": "Shahin Dezh",
        "province:en": "West Azerbaijan",
        "publicId": "Mjg6MTcwMzY",
        "sourceId": "17036",
        "layerId": 28,
        "type": "location",
        "status": "active",
        "urgency": null,
        "verificationTag": null,
        "expirationDate": null,
        "createdAt": "2026-03-11T20:58:32.063Z",
        "updatedAt": "2026-03-11T20:58:32.063Z"
      }
    },
    {
      "type": "Feature",
      "id": 59631,
      "geometry": {
        "type": "Point",
        "coordinates": [
          51.5607315,
          32.8653183
        ]
      },
      "properties": {
        "id": "Mjg6Mjc0MzA",
        "city": "شاهین شهر",
        "name:fa": "جمعیت هلال احمر شهرستان شاهین شهر",
        "province": "استان اصفهان",
        "name:en": "Red Crescent Society of Shahin Shahr County",
        "city:en": "Shahin Shahr",
        "province:en": "Isfahan",
        "publicId": "Mjg6Mjc0MzA",
        "sourceId": "27430",
        "layerId": 28,
        "type": "location",
        "status": "active",
        "urgency": null,
        "verificationTag": null,
        "expirationDate": null,
        "createdAt": "2026-03-11T20:58:32.064Z",
        "updatedAt": "2026-03-11T20:58:32.064Z"
      }
    },
    {
      "type": "Feature",
      "id": 59632,
      "geometry": {
        "type": "Point",
        "coordinates": [
          51.0638718,
          35.6565743
        ]
      },
      "properties": {
        "id": "Mjg6MzM5NDE",
        "city": "شهریار",
        "name:fa": "جمعیت هلال احمر شهرستان شهریار",
        "province": "استان تهران",
        "name:en": "Red Crescent Society of Shahriar County",
        "city:en": "Shahriar",
        "province:en": "Tehran",
        "publicId": "Mjg6MzM5NDE",
        "sourceId": "33941",
        "layerId": 28,
        "type": "location",
        "status": "active",
        "urgency": null,
        "verificationTag": null,
        "expirationDate": null,
        "createdAt": "2026-03-11T20:58:32.064Z",
        "updatedAt": "2026-03-11T20:58:32.064Z"
      }
    },
    {
      "type": "Feature",
      "id": 59633,
      "geometry": {
        "type": "Point",
        "coordinates": [
          52.6204897,
          27.4790812
        ]
      },
      "properties": {
        "id": "Mjg6MzI5NDY",
        "city": "عسلویه",
        "name:fa": "جمعیت هلال احمر شهرستان عسلویه",
        "province": "استان بوشهر",
        "name:en": "Red Crescent Society of Asaluyeh County",
        "city:en": "Asaluyeh",
        "province:en": "Bushehr",
        "publicId": "Mjg6MzI5NDY",
        "sourceId": "32946",
        "layerId": 28,
        "type": "location",
        "status": "active",
        "urgency": null,
        "verificationTag": null,
        "expirationDate": null,
        "createdAt": "2026-03-11T20:58:32.065Z",
        "updatedAt": "2026-03-11T20:58:32.065Z"
      }
    },
    {
      "type": "Feature",
      "id": 59634,
      "geometry": {
        "type": "Point",
        "coordinates": [
          51.0060266,
          35.7239182
        ]
      },
      "properties": {
        "id": "Mjg6MjE5MzE",
        "city": "شهرستان قدس",
        "name:fa": "جمعیت هلال احمر شهرستان فردیس",
        "province": "استان تهران",
        "name:en": "Red Crescent Society of Fardis County",
        "city:en": "Qods County",
        "province:en": "Tehran",
        "publicId": "Mjg6MjE5MzE",
        "sourceId": "21931",
        "layerId": 28,
        "type": "location",
        "status": "active",
        "urgency": null,
        "verificationTag": null,
        "expirationDate": null,
        "createdAt": "2026-03-11T20:58:32.065Z",
        "updatedAt": "2026-03-11T20:58:32.065Z"
      }
    },
    {
      "type": "Feature",
      "id": 59635,
      "geometry": {
        "type": "Point",
        "coordinates": [
          52.4971497,
          36.6860746
        ]
      },
      "properties": {
        "id": "Mjg6MTcxMTE",
        "city": "فريدونكنار",
        "name:fa": "جمعیت هلال احمر شهرستان فریدون کنار",
        "province": "استان مازندران",
        "name:en": "Red Crescent Society of Fereydunkenar County",
        "city:en": "Fereydunkenar",
        "province:en": "Mazandaran",
        "publicId": "Mjg6MTcxMTE",
        "sourceId": "17111",
        "layerId": 28,
        "type": "location",
        "status": "active",
        "urgency": null,
        "verificationTag": null,
        "expirationDate": null,
        "createdAt": "2026-03-11T20:58:32.066Z",
        "updatedAt": "2026-03-11T20:58:32.066Z"
      }
    },
    {
      "type": "Feature",
      "id": 59636,
      "geometry": {
        "type": "Point",
        "coordinates": [
          53.6372817,
          28.9397445
        ]
      },
      "properties": {
        "id": "Mjg6MzIzMDc",
        "city": "فسا",
        "name:fa": "جمعیت هلال احمر شهرستان فسا",
        "province": "استان فارس",
        "name:en": "Red Crescent Society of Fasa County",
        "city:en": "Fasa",
        "province:en": "Fars",
        "publicId": "Mjg6MzIzMDc",
        "sourceId": "32307",
        "layerId": 28,
        "type": "location",
        "status": "active",
        "urgency": null,
        "verificationTag": null,
        "expirationDate": null,
        "createdAt": "2026-03-11T20:58:32.066Z",
        "updatedAt": "2026-03-11T20:58:32.066Z"
      }
    },
    {
      "type": "Feature",
      "id": 59637,
      "geometry": {
        "type": "Point",
        "coordinates": [
          51.5178618,
          32.5516662
        ]
      },
      "properties": {
        "id": "Mjg6MjgyNzM",
        "city": "فلاورجان",
        "name:fa": "جمعیت هلال احمر شهرستان فلاورجان",
        "province": "استان اصفهان",
        "name:en": "Red Crescent Society of Falavarjan County",
        "city:en": "Falavarjan",
        "province:en": "Isfahan",
        "publicId": "Mjg6MjgyNzM",
        "sourceId": "28273",
        "layerId": 28,
        "type": "location",
        "status": "active",
        "urgency": null,
        "verificationTag": null,
        "expirationDate": null,
        "createdAt": "2026-03-11T20:58:32.067Z",
        "updatedAt": "2026-03-11T20:58:32.067Z"
      }
    },
    {
      "type": "Feature",
      "id": 59638,
      "geometry": {
        "type": "Point",
        "coordinates": [
          51.119535,
          35.7118603
        ]
      },
      "properties": {
        "id": "Mjg6MjE5NjQ",
        "city": "قدس",
        "name:fa": "جمعیت هلال احمر شهرستان قدس",
        "province": "استان تهران",
        "name:en": "Red Crescent Society of Qods County",
        "city:en": "Qods",
        "province:en": "Tehran",
        "publicId": "Mjg6MjE5NjQ",
        "sourceId": "21964",
        "layerId": 28,
        "type": "location",
        "status": "active",
        "urgency": null,
        "verificationTag": null,
        "expirationDate": null,
        "createdAt": "2026-03-11T20:58:32.068Z",
        "updatedAt": "2026-03-11T20:58:32.068Z"
      }
    },
    {
      "type": "Feature",
      "id": 59639,
      "geometry": {
        "type": "Point",
        "coordinates": [
          47.7912006,
          35.1652989
        ]
      },
      "properties": {
        "id": "Mjg6MjQ4NjE",
        "city": "قروه",
        "name:fa": "جمعیت هلال احمر شهرستان قروه",
        "province": "استان کردستان",
        "name:en": "Red Crescent Society of Qorveh County",
        "city:en": "Qorveh",
        "province:en": "Kurdistan",
        "publicId": "Mjg6MjQ4NjE",
        "sourceId": "24861",
        "layerId": 28,
        "type": "location",
        "status": "active",
        "urgency": null,
        "verificationTag": null,
        "expirationDate": null,
        "createdAt": "2026-03-11T20:58:32.068Z",
        "updatedAt": "2026-03-11T20:58:32.068Z"
      }
    },
    {
      "type": "Feature",
      "id": 59640,
      "geometry": {
        "type": "Point",
        "coordinates": [
          49.0877268,
          32.3310444
        ]
      },
      "properties": {
        "id": "Mjg6Mjg2MjI",
        "city": "لالی",
        "name:fa": "جمعیت هلال احمر شهرستان لالی",
        "province": "استان خوزستان",
        "name:en": "Red Crescent Society of Lali County",
        "city:en": "Lali",
        "province:en": "Khuzestan",
        "publicId": "Mjg6Mjg2MjI",
        "sourceId": "28622",
        "layerId": 28,
        "type": "location",
        "status": "active",
        "urgency": null,
        "verificationTag": null,
        "expirationDate": null,
        "createdAt": "2026-03-11T20:58:32.069Z",
        "updatedAt": "2026-03-11T20:58:32.069Z"
      }
    },
    {
      "type": "Feature",
      "id": 59641,
      "geometry": {
        "type": "Point",
        "coordinates": [
          53.1655129,
          27.3392431
        ]
      },
      "properties": {
        "id": "Mjg6MzQyMDk",
        "city": "لامرد",
        "name:fa": "جمعیت هلال احمر شهرستان لامرد",
        "province": "استان فارس",
        "name:en": "Red Crescent Society of Lamerd County",
        "city:en": "Lamerd",
        "province:en": "Fars",
        "publicId": "Mjg6MzQyMDk",
        "sourceId": "34209",
        "layerId": 28,
        "type": "location",
        "status": "active",
        "urgency": null,
        "verificationTag": null,
        "expirationDate": null,
        "createdAt": "2026-03-11T20:58:32.069Z",
        "updatedAt": "2026-03-11T20:58:32.069Z"
      }
    },
    {
      "type": "Feature",
      "id": 59642,
      "geometry": {
        "type": "Point",
        "coordinates": [
          51.4999017,
          32.3359567
        ]
      },
      "properties": {
        "id": "Mjg6Mjg2Njg",
        "city": "مباركه",
        "name:fa": "جمعیت هلال احمر شهرستان مبارکه",
        "province": "استان اصفهان",
        "name:en": "Red Crescent Society of Mobarakeh County",
        "city:en": "Mobarakeh",
        "province:en": "Isfahan",
        "publicId": "Mjg6Mjg2Njg",
        "sourceId": "28668",
        "layerId": 28,
        "type": "location",
        "status": "active",
        "urgency": null,
        "verificationTag": null,
        "expirationDate": null,
        "createdAt": "2026-03-11T20:58:32.070Z",
        "updatedAt": "2026-03-11T20:58:32.070Z"
      }
    },
    {
      "type": "Feature",
      "id": 59643,
      "geometry": {
        "type": "Point",
        "coordinates": [
          52.2525577,
          36.6310538
        ]
      },
      "properties": {
        "id": "Mjg6MTcyNzE",
        "city": "محمودآباد",
        "name:fa": "جمعیت هلال احمر شهرستان محمودآباد",
        "province": "استان مازندران",
        "name:en": "Red Crescent Society of Mahmudabad County",
        "city:en": "Mahmudabad",
        "province:en": "Mazandaran",
        "publicId": "Mjg6MTcyNzE",
        "sourceId": "17271",
        "layerId": 28,
        "type": "location",
        "status": "active",
        "urgency": null,
        "verificationTag": null,
        "expirationDate": null,
        "createdAt": "2026-03-11T20:58:32.070Z",
        "updatedAt": "2026-03-11T20:58:32.070Z"
      }
    },
    {
      "type": "Feature",
      "id": 59644,
      "geometry": {
        "type": "Point",
        "coordinates": [
          59.6124561,
          36.2628789
        ]
      },
      "properties": {
        "id": "Mjg6MTg5Mzg",
        "city": "مشهد",
        "name:fa": "جمعیت هلال احمر شهرستان مشهد",
        "province": "استان خراسان رضوی",
        "name:en": "Red Crescent Society of Mashhad County",
        "city:en": "Mashhad",
        "province:en": "Razavi Khorasan",
        "publicId": "Mjg6MTg5Mzg",
        "sourceId": "18938",
        "layerId": 28,
        "type": "location",
        "status": "active",
        "urgency": null,
        "verificationTag": null,
        "expirationDate": null,
        "createdAt": "2026-03-11T20:58:32.070Z",
        "updatedAt": "2026-03-11T20:58:32.070Z"
      }
    },
    {
      "type": "Feature",
      "id": 59645,
      "geometry": {
        "type": "Point",
        "coordinates": [
          50.9942611,
          35.6949312
        ]
      },
      "properties": {
        "id": "Mjg6MjI0NDg",
        "city": "شهرستان شهریار",
        "name:fa": "جمعیت هلال احمر شهرستان ملارد",
        "province": "استان تهران",
        "name:en": "Red Crescent Society of Malard County",
        "city:en": "Shahriar County",
        "province:en": "Tehran",
        "publicId": "Mjg6MjI0NDg",
        "sourceId": "22448",
        "layerId": 28,
        "type": "location",
        "status": "active",
        "urgency": null,
        "verificationTag": null,
        "expirationDate": null,
        "createdAt": "2026-03-11T20:58:32.071Z",
        "updatedAt": "2026-03-11T20:58:32.071Z"
      }
    },
    {
      "type": "Feature",
      "id": 59646,
      "geometry": {
        "type": "Point",
        "coordinates": [
          45.7254209,
          36.7696526
        ]
      },
      "properties": {
        "id": "Mjg6MTY4Mjk",
        "city": "مهاباد",
        "name:fa": "جمعیت هلال احمر شهرستان مهاباد",
        "province": "استان آذربایجان غربی",
        "name:en": "Red Crescent Society of Mahabad County",
        "city:en": "Mahabad",
        "province:en": "West Azerbaijan",
        "publicId": "Mjg6MTY4Mjk",
        "sourceId": "16829",
        "layerId": 28,
        "type": "location",
        "status": "active",
        "urgency": null,
        "verificationTag": null,
        "expirationDate": null,
        "createdAt": "2026-03-11T20:58:32.071Z",
        "updatedAt": "2026-03-11T20:58:32.071Z"
      }
    },
    {
      "type": "Feature",
      "id": 59647,
      "geometry": {
        "type": "Point",
        "coordinates": [
          52.8444139,
          27.5644101
        ]
      },
      "properties": {
        "id": "Mjg6MzQyMTE",
        "city": "شهرستان مهر",
        "name:fa": "جمعیت هلال احمر شهرستان مهر",
        "province": "استان فارس",
        "name:en": "Red Crescent Society of Mohr County",
        "city:en": "Mohr County",
        "province:en": "Fars",
        "publicId": "Mjg6MzQyMTE",
        "sourceId": "34211",
        "layerId": 28,
        "type": "location",
        "status": "active",
        "urgency": null,
        "verificationTag": null,
        "expirationDate": null,
        "createdAt": "2026-03-11T20:58:32.072Z",
        "updatedAt": "2026-03-11T20:58:32.072Z"
      }
    },
    {
      "type": "Feature",
      "id": 59648,
      "geometry": {
        "type": "Point",
        "coordinates": [
          46.1730748,
          33.1282546
        ]
      },
      "properties": {
        "id": "Mjg6MjczMjI",
        "city": "شهرستان مهران",
        "name:fa": "جمعیت هلال احمر شهرستان مهران",
        "province": "استان ایلام",
        "name:en": "Red Crescent Society of Mehran County",
        "city:en": "Mehran County",
        "province:en": "Ilam",
        "publicId": "Mjg6MjczMjI",
        "sourceId": "27322",
        "layerId": 28,
        "type": "location",
        "status": "active",
        "urgency": null,
        "verificationTag": null,
        "expirationDate": null,
        "createdAt": "2026-03-11T20:58:32.072Z",
        "updatedAt": "2026-03-11T20:58:32.072Z"
      }
    },
    {
      "type": "Feature",
      "id": 59649,
      "geometry": {
        "type": "Point",
        "coordinates": [
          46.1730758,
          33.1238463
        ]
      },
      "properties": {
        "id": "Mjg6MzY2MzA",
        "city": "مهران",
        "name:fa": "جمعیت هلال احمر شهرستان مهران",
        "province": "استان ایلام",
        "name:en": "Red Crescent Society of Mehran County",
        "city:en": "Mehran",
        "province:en": "Ilam",
        "publicId": "Mjg6MzY2MzA",
        "sourceId": "36630",
        "layerId": 28,
        "type": "location",
        "status": "active",
        "urgency": null,
        "verificationTag": null,
        "expirationDate": null,
        "createdAt": "2026-03-11T20:58:32.073Z",
        "updatedAt": "2026-03-11T20:58:32.073Z"
      }
    },
    {
      "type": "Feature",
      "id": 59650,
      "geometry": {
        "type": "Point",
        "coordinates": [
          47.7094629,
          37.4273314
        ]
      },
      "properties": {
        "id": "Mjg6MTU0MzA",
        "city": "میانه",
        "name:fa": "جمعیت هلال احمر شهرستان میانه",
        "province": "استان آذربایجان شرقی",
        "name:en": "Red Crescent Society of Mianeh County",
        "city:en": "Mianeh",
        "province:en": "East Azerbaijan",
        "publicId": "Mjg6MTU0MzA",
        "sourceId": "15430",
        "layerId": 28,
        "type": "location",
        "status": "active",
        "urgency": null,
        "verificationTag": null,
        "expirationDate": null,
        "createdAt": "2026-03-11T20:58:32.073Z",
        "updatedAt": "2026-03-11T20:58:32.073Z"
      }
    },
    {
      "type": "Feature",
      "id": 59651,
      "geometry": {
        "type": "Point",
        "coordinates": [
          55.3613171,
          37.228495
        ]
      },
      "properties": {
        "id": "Mjg6MTYwMzI",
        "city": "مينودشت",
        "name:fa": "جمعیت هلال احمر شهرستان مینودشت",
        "province": "استان گلستان",
        "name:en": "Red Crescent Society of Minudasht County",
        "city:en": "Minudasht",
        "province:en": "Golestan",
        "publicId": "Mjg6MTYwMzI",
        "sourceId": "16032",
        "layerId": 28,
        "type": "location",
        "status": "active",
        "urgency": null,
        "verificationTag": null,
        "expirationDate": null,
        "createdAt": "2026-03-11T20:58:32.074Z",
        "updatedAt": "2026-03-11T20:58:32.074Z"
      }
    },
    {
      "type": "Feature",
      "id": 59652,
      "geometry": {
        "type": "Point",
        "coordinates": [
          58.6644512,
          28.9655998
        ]
      },
      "properties": {
        "id": "Mjg6MzQ4Njg",
        "city": "شهرستان نرماشیر",
        "name:fa": "جمعیت هلال احمر شهرستان نرماشیر",
        "province": "استان کرمان",
        "name:en": "Red Crescent Society of Narmashir County",
        "city:en": "Narmashir County",
        "province:en": "Kerman",
        "publicId": "Mjg6MzQ4Njg",
        "sourceId": "34868",
        "layerId": 28,
        "type": "location",
        "status": "active",
        "urgency": null,
        "verificationTag": null,
        "expirationDate": null,
        "createdAt": "2026-03-11T20:58:32.074Z",
        "updatedAt": "2026-03-11T20:58:32.074Z"
      }
    },
    {
      "type": "Feature",
      "id": 59653,
      "geometry": {
        "type": "Point",
        "coordinates": [
          50.6135657,
          35.9546204
        ]
      },
      "properties": {
        "id": "Mjg6MTk1OTE",
        "city": "نظر آباد",
        "name:fa": "جمعیت هلال احمر شهرستان نظرآباد",
        "province": "استان البرز",
        "name:en": "Red Crescent Society of Nazarabad County",
        "city:en": "Nazarabad",
        "province:en": "Alborz",
        "publicId": "Mjg6MTk1OTE",
        "sourceId": "19591",
        "layerId": 28,
        "type": "location",
        "status": "active",
        "urgency": null,
        "verificationTag": null,
        "expirationDate": null,
        "createdAt": "2026-03-11T20:58:32.074Z",
        "updatedAt": "2026-03-11T20:58:32.074Z"
      }
    },
    {
      "type": "Feature",
      "id": 59654,
      "geometry": {
        "type": "Point",
        "coordinates": [
          45.3928256,
          36.9595434
        ]
      },
      "properties": {
        "id": "Mjg6MTY0Njg",
        "city": "نقده",
        "name:fa": "جمعیت هلال احمر شهرستان نقده",
        "province": "استان آذربایجان غربی",
        "name:en": "Red Crescent Society of Naqadeh County",
        "city:en": "Naqadeh",
        "province:en": "West Azerbaijan",
        "publicId": "Mjg6MTY0Njg",
        "sourceId": "16468",
        "layerId": 28,
        "type": "location",
        "status": "active",
        "urgency": null,
        "verificationTag": null,
        "expirationDate": null,
        "createdAt": "2026-03-11T20:58:32.075Z",
        "updatedAt": "2026-03-11T20:58:32.075Z"
      }
    },
    {
      "type": "Feature",
      "id": 59655,
      "geometry": {
        "type": "Point",
        "coordinates": [
          52.0096394,
          36.5802304
        ]
      },
      "properties": {
        "id": "Mjg6MTczODQ",
        "name:fa": "جمعیت هلال احمر شهرستان نور",
        "name:en": "Red Crescent Society of Nur County",
        "publicId": "Mjg6MTczODQ",
        "sourceId": "17384",
        "layerId": 28,
        "type": "location",
        "status": "active",
        "urgency": null,
        "verificationTag": null,
        "expirationDate": null,
        "createdAt": "2026-03-11T20:58:32.075Z",
        "updatedAt": "2026-03-11T20:58:32.075Z"
      }
    },
    {
      "type": "Feature",
      "id": 59656,
      "geometry": {
        "type": "Point",
        "coordinates": [
          51.5087517,
          36.6548703
        ]
      },
      "properties": {
        "id": "Mjg6MTcxNzU",
        "name:fa": "جمعیت هلال احمر شهرستان نوشهر",
        "name:en": "Red Crescent Society of Nowshahr County",
        "publicId": "Mjg6MTcxNzU",
        "sourceId": "17175",
        "layerId": 28,
        "type": "location",
        "status": "active",
        "urgency": null,
        "verificationTag": null,
        "expirationDate": null,
        "createdAt": "2026-03-11T20:58:32.076Z",
        "updatedAt": "2026-03-11T20:58:32.076Z"
      }
    },
    {
      "type": "Feature",
      "id": 59657,
      "geometry": {
        "type": "Point",
        "coordinates": [
          48.0142947,
          38.037394
        ]
      },
      "properties": {
        "id": "Mjg6MTQ3ODM",
        "city": "نیر",
        "name:fa": "جمعیت هلال احمر شهرستان نیر",
        "province": "استان اردبیل",
        "name:en": "Red Crescent Society of Nir County",
        "city:en": "Nir",
        "province:en": "Ardabil",
        "publicId": "Mjg6MTQ3ODM",
        "sourceId": "14783",
        "layerId": 28,
        "type": "location",
        "status": "active",
        "urgency": null,
        "verificationTag": null,
        "expirationDate": null,
        "createdAt": "2026-03-11T20:58:32.076Z",
        "updatedAt": "2026-03-11T20:58:32.076Z"
      }
    },
    {
      "type": "Feature",
      "id": 59658,
      "geometry": {
        "type": "Point",
        "coordinates": [
          47.060363,
          37.4745537
        ]
      },
      "properties": {
        "id": "Mjg6MTUzMzk",
        "city": "شهرستان هشترود",
        "name:fa": "جمعیت هلال احمر شهرستان هشترود",
        "province": "استان آذربایجان شرقی",
        "name:en": "Red Crescent Society of Hashtrud County",
        "city:en": "Hashtrud County",
        "province:en": "East Azerbaijan",
        "publicId": "Mjg6MTUzMzk",
        "sourceId": "15339",
        "layerId": 28,
        "type": "location",
        "status": "active",
        "urgency": null,
        "verificationTag": null,
        "expirationDate": null,
        "createdAt": "2026-03-11T20:58:32.076Z",
        "updatedAt": "2026-03-11T20:58:32.076Z"
      }
    },
    {
      "type": "Feature",
      "id": 59659,
      "geometry": {
        "type": "Point",
        "coordinates": [
          49.7134539,
          30.2426886
        ]
      },
      "properties": {
        "id": "Mjg6MzYyNDQ",
        "city": "هنديجان",
        "name:fa": "جمعیت هلال احمر شهرستان هندیجان",
        "province": "استان خوزستان",
        "name:en": "Red Crescent Society of Hendijan County",
        "city:en": "Hendijan",
        "province:en": "Khuzestan",
        "publicId": "Mjg6MzYyNDQ",
        "sourceId": "36244",
        "layerId": 28,
        "type": "location",
        "status": "active",
        "urgency": null,
        "verificationTag": null,
        "expirationDate": null,
        "createdAt": "2026-03-11T20:58:32.077Z",
        "updatedAt": "2026-03-11T20:58:32.077Z"
      }
    },
    {
      "type": "Feature",
      "id": 59660,
      "geometry": {
        "type": "Point",
        "coordinates": [
          51.6400887,
          35.3300908
        ]
      },
      "properties": {
        "id": "Mjg6MjQ1NDM",
        "city": "ورامين",
        "name:fa": "جمعیت هلال احمر شهرستان ورامین",
        "province": "استان تهران",
        "name:en": "Red Crescent Society of Varamin County",
        "city:en": "Varamin",
        "province:en": "Tehran",
        "publicId": "Mjg6MjQ1NDM",
        "sourceId": "24543",
        "layerId": 28,
        "type": "location",
        "status": "active",
        "urgency": null,
        "verificationTag": null,
        "expirationDate": null,
        "createdAt": "2026-03-11T20:58:32.077Z",
        "updatedAt": "2026-03-11T20:58:32.077Z"
      }
    },
    {
      "type": "Feature",
      "id": 59661,
      "geometry": {
        "type": "Point",
        "coordinates": [
          51.6933472,
          35.4805955
        ]
      },
      "properties": {
        "id": "Mjg6MzM5Mzg",
        "city": "مامازند",
        "name:fa": "جمعیت هلال احمر شهرستان پاکدشت",
        "province": "استان تهران",
        "name:en": "Red Crescent Society of Pakdasht County",
        "city:en": "Mamazand",
        "province:en": "Tehran",
        "publicId": "Mjg6MzM5Mzg",
        "sourceId": "33938",
        "layerId": 28,
        "type": "location",
        "status": "active",
        "urgency": null,
        "verificationTag": null,
        "expirationDate": null,
        "createdAt": "2026-03-11T20:58:32.077Z",
        "updatedAt": "2026-03-11T20:58:32.077Z"
      }
    },
    {
      "type": "Feature",
      "id": 59662,
      "geometry": {
        "type": "Point",
        "coordinates": [
          51.8025528,
          35.7502477
        ]
      },
      "properties": {
        "id": "Mjg6MjEzMzI",
        "city": "پردیس",
        "name:fa": "جمعیت هلال احمر شهرستان پردیس",
        "province": "استان تهران",
        "name:en": "Red Crescent Society of Pardis County",
        "city:en": "Pardis",
        "province:en": "Tehran",
        "publicId": "Mjg6MjEzMzI",
        "sourceId": "21332",
        "layerId": 28,
        "type": "location",
        "status": "active",
        "urgency": null,
        "verificationTag": null,
        "expirationDate": null,
        "createdAt": "2026-03-11T20:58:32.078Z",
        "updatedAt": "2026-03-11T20:58:32.078Z"
      }
    },
    {
      "type": "Feature",
      "id": 59663,
      "geometry": {
        "type": "Point",
        "coordinates": [
          57.7050379,
          27.9473188
        ]
      },
      "properties": {
        "id": "Mjg6MzQ0Mzc",
        "city": "کهنوج",
        "name:fa": "جمعیت هلال احمر شهرستان کهنوج",
        "province": "استان کرمان",
        "name:en": "Red Crescent Society of Kahnuj County",
        "city:en": "Kahnuj",
        "province:en": "Kerman",
        "publicId": "Mjg6MzQ0Mzc",
        "sourceId": "34437",
        "layerId": 28,
        "type": "location",
        "status": "active",
        "urgency": null,
        "verificationTag": null,
        "expirationDate": null,
        "createdAt": "2026-03-11T20:58:32.078Z",
        "updatedAt": "2026-03-11T20:58:32.078Z"
      }
    },
    {
      "type": "Feature",
      "id": 59664,
      "geometry": {
        "type": "Point",
        "coordinates": [
          54.1302757,
          27.6772349
        ]
      },
      "properties": {
        "id": "Mjg6MzI4MzI",
        "city": "گراش",
        "name:fa": "جمعیت هلال احمر شهرستان گراش",
        "province": "استان فارس",
        "name:en": "Red Crescent Society of Gerash County",
        "city:en": "Gerash",
        "province:en": "Fars",
        "publicId": "Mjg6MzI4MzI",
        "sourceId": "32832",
        "layerId": 28,
        "type": "location",
        "status": "active",
        "urgency": null,
        "verificationTag": null,
        "expirationDate": null,
        "createdAt": "2026-03-11T20:58:32.079Z",
        "updatedAt": "2026-03-11T20:58:32.079Z"
      }
    },
    {
      "type": "Feature",
      "id": 59665,
      "geometry": {
        "type": "Point",
        "coordinates": [
          52.3322341,
          35.2252644
        ]
      },
      "properties": {
        "id": "Mjg6MjQ4MTQ",
        "city": "گرمسار",
        "name:fa": "جمعیت هلال احمر شهرستان گرمسار",
        "province": "استان سمنان",
        "name:en": "Red Crescent Society of Garmsar County",
        "city:en": "Garmsar",
        "province:en": "Semnan",
        "publicId": "Mjg6MjQ4MTQ",
        "sourceId": "24814",
        "layerId": 28,
        "type": "location",
        "status": "active",
        "urgency": null,
        "verificationTag": null,
        "expirationDate": null,
        "createdAt": "2026-03-11T20:58:32.079Z",
        "updatedAt": "2026-03-11T20:58:32.079Z"
      }
    },
    {
      "type": "Feature",
      "id": 59666,
      "geometry": {
        "type": "Point",
        "coordinates": [
          54.3757179,
          31.8749007
        ]
      },
      "properties": {
        "id": "Mjg6MjkyMzU",
        "city": "یزد",
        "name:fa": "جمعیت هلال احمر شهرستان یزد",
        "province": "استان یزد",
        "name:en": "Red Crescent Society of Yazd County",
        "city:en": "Yazd",
        "province:en": "Yazd",
        "publicId": "Mjg6MjkyMzU",
        "sourceId": "29235",
        "layerId": 28,
        "type": "location",
        "status": "active",
        "urgency": null,
        "verificationTag": null,
        "expirationDate": null,
        "createdAt": "2026-03-11T20:58:32.080Z",
        "updatedAt": "2026-03-11T20:58:32.080Z"
      }
    },
    {
      "type": "Feature",
      "id": 59667,
      "geometry": {
        "type": "Point",
        "coordinates": [
          50.9900621,
          32.2766721
        ]
      },
      "properties": {
        "id": "Mjg6Mjg3NDA",
        "city": "شهرستان شهرکرد",
        "name:fa": "جمعیت هلال احمر فرخشهر",
        "province": "استان چهارمحال و بختیاری",
        "name:en": "Red Crescent Society of Farrokhshahr",
        "city:en": "Shahrekord County",
        "province:en": "Chaharmahal and Bakhtiari",
        "publicId": "Mjg6Mjg3NDA",
        "sourceId": "28740",
        "layerId": 28,
        "type": "location",
        "status": "active",
        "urgency": null,
        "verificationTag": null,
        "expirationDate": null,
        "createdAt": "2026-03-11T20:58:32.080Z",
        "updatedAt": "2026-03-11T20:58:32.080Z"
      }
    },
    {
      "type": "Feature",
      "id": 59668,
      "geometry": {
        "type": "Point",
        "coordinates": [
          50.9973228,
          35.7426177
        ]
      },
      "properties": {
        "id": "Mjg6MjEzNjc",
        "city": "شهرستان فردیس",
        "name:fa": "جمعیت هلال احمر فردیس",
        "province": "استان البرز",
        "name:en": "Red Crescent Society of Fardis",
        "city:en": "Fardis County",
        "province:en": "Alborz",
        "publicId": "Mjg6MjEzNjc",
        "sourceId": "21367",
        "layerId": 28,
        "type": "location",
        "status": "active",
        "urgency": null,
        "verificationTag": null,
        "expirationDate": null,
        "createdAt": "2026-03-11T20:58:32.081Z",
        "updatedAt": "2026-03-11T20:58:32.081Z"
      }
    },
    {
      "type": "Feature",
      "id": 59669,
      "geometry": {
        "type": "Point",
        "coordinates": [
          50.1242463,
          32.9484311
        ]
      },
      "properties": {
        "id": "Mjg6MjczNzk",
        "city": "شهرستان فریدون شهر",
        "name:fa": "جمعیت هلال احمر فریدونشهر",
        "province": "استان اصفهان",
        "name:en": "Red Crescent Society of Fereydunshahr",
        "city:en": "Fereydunshahr County",
        "province:en": "Isfahan",
        "publicId": "Mjg6MjczNzk",
        "sourceId": "27379",
        "layerId": 28,
        "type": "location",
        "status": "active",
        "urgency": null,
        "verificationTag": null,
        "expirationDate": null,
        "createdAt": "2026-03-11T20:58:32.081Z",
        "updatedAt": "2026-03-11T20:58:32.081Z"
      }
    },
    {
      "type": "Feature",
      "id": 59670,
      "geometry": {
        "type": "Point",
        "coordinates": [
          50.1204135,
          32.9479078
        ]
      },
      "properties": {
        "id": "Mjg6MjczODA",
        "city": "شهرستان فریدون شهر",
        "name:fa": "جمعیت هلال احمر فریدونشهر",
        "province": "استان اصفهان",
        "name:en": "Red Crescent Society of Fereydunshahr",
        "city:en": "Fereydunshahr County",
        "province:en": "Isfahan",
        "publicId": "Mjg6MjczODA",
        "sourceId": "27380",
        "layerId": 28,
        "type": "location",
        "status": "active",
        "urgency": null,
        "verificationTag": null,
        "expirationDate": null,
        "createdAt": "2026-03-11T20:58:32.082Z",
        "updatedAt": "2026-03-11T20:58:32.082Z"
      }
    },
    {
      "type": "Feature",
      "id": 59671,
      "geometry": {
        "type": "Point",
        "coordinates": [
          59.8453966,
          35.7065473
        ]
      },
      "properties": {
        "id": "Mjg6MjI4NjE",
        "city": "فریمان",
        "name:fa": "جمعیت هلال احمر فریمان",
        "province": "استان خراسان رضوی",
        "name:en": "Red Crescent Society of Fariman",
        "city:en": "Fariman",
        "province:en": "Razavi Khorasan",
        "publicId": "Mjg6MjI4NjE",
        "sourceId": "22861",
        "layerId": 28,
        "type": "location",
        "status": "active",
        "urgency": null,
        "verificationTag": null,
        "expirationDate": null,
        "createdAt": "2026-03-11T20:58:32.083Z",
        "updatedAt": "2026-03-11T20:58:32.083Z"
      }
    },
    {
      "type": "Feature",
      "id": 59672,
      "geometry": {
        "type": "Point",
        "coordinates": [
          53.6372817,
          28.9371712
        ]
      },
      "properties": {
        "id": "Mjg6MzM3ODg",
        "city": "فسا",
        "name:fa": "جمعیت هلال احمر فسا",
        "province": "استان فارس",
        "name:en": "Red Crescent Society of Fasa",
        "city:en": "Fasa",
        "province:en": "Fars",
        "publicId": "Mjg6MzM3ODg",
        "sourceId": "33788",
        "layerId": 28,
        "type": "location",
        "status": "active",
        "urgency": null,
        "verificationTag": null,
        "expirationDate": null,
        "createdAt": "2026-03-11T20:58:32.083Z",
        "updatedAt": "2026-03-11T20:58:32.083Z"
      }
    },
    {
      "type": "Feature",
      "id": 59673,
      "geometry": {
        "type": "Point",
        "coordinates": [
          59.6584594,
          26.5836238
        ]
      },
      "properties": {
        "id": "Mjg6MzM5NTA",
        "city": "فنوج",
        "name:fa": "جمعیت هلال احمر فنوج",
        "province": "استان سیستان و بلوچستان",
        "name:en": "Red Crescent Society of Fanuj",
        "city:en": "Fanuj",
        "province:en": "Sistan and Baluchestan",
        "publicId": "Mjg6MzM5NTA",
        "sourceId": "33950",
        "layerId": 28,
        "type": "location",
        "status": "active",
        "urgency": null,
        "verificationTag": null,
        "expirationDate": null,
        "createdAt": "2026-03-11T20:58:32.084Z",
        "updatedAt": "2026-03-11T20:58:32.084Z"
      }
    },
    {
      "type": "Feature",
      "id": 59674,
      "geometry": {
        "type": "Point",
        "coordinates": [
          52.8737962,
          36.4656962
        ]
      },
      "properties": {
        "id": "Mjg6MTc4ODQ",
        "city": "قائم شهر",
        "name:fa": "جمعیت هلال احمر قائمشهر",
        "province": "استان مازندران",
        "name:en": "Red Crescent Society of Qaem Shahr",
        "city:en": "Qaem Shahr",
        "province:en": "Mazandaran",
        "publicId": "Mjg6MTc4ODQ",
        "sourceId": "17884",
        "layerId": 28,
        "type": "location",
        "status": "active",
        "urgency": null,
        "verificationTag": null,
        "expirationDate": null,
        "createdAt": "2026-03-11T20:58:32.084Z",
        "updatedAt": "2026-03-11T20:58:32.084Z"
      }
    },
    {
      "type": "Feature",
      "id": 59675,
      "geometry": {
        "type": "Point",
        "coordinates": [
          57.8529917,
          27.5124167
        ]
      },
      "properties": {
        "id": "Mjg6MzM5NTQ",
        "city": "شهرستان قلعه گنج",
        "name:fa": "جمعیت هلال احمر قلعه گن",
        "province": "استان کرمان",
        "name:en": "Red Crescent Society of Ghaleh Ganj",
        "city:en": "Ghaleh Ganj County",
        "province:en": "Kerman",
        "publicId": "Mjg6MzM5NTQ",
        "sourceId": "33954",
        "layerId": 28,
        "type": "location",
        "status": "active",
        "urgency": null,
        "verificationTag": null,
        "expirationDate": null,
        "createdAt": "2026-03-11T20:58:32.085Z",
        "updatedAt": "2026-03-11T20:58:32.085Z"
      }
    },
    {
      "type": "Feature",
      "id": 59676,
      "geometry": {
        "type": "Point",
        "coordinates": [
          57.8529914,
          27.508997
        ]
      },
      "properties": {
        "id": "Mjg6MzI5MjQ",
        "city": "شهرستان قلعه گنج",
        "name:fa": "جمعیت هلال احمر قلعه گنج",
        "province": "استان کرمان",
        "name:en": "Red Crescent Society of Ghaleh Ganj",
        "city:en": "Ghaleh Ganj County",
        "province:en": "Kerman",
        "publicId": "Mjg6MzI5MjQ",
        "sourceId": "32924",
        "layerId": 28,
        "type": "location",
        "status": "active",
        "urgency": null,
        "verificationTag": null,
        "expirationDate": null,
        "createdAt": "2026-03-11T20:58:32.085Z",
        "updatedAt": "2026-03-11T20:58:32.085Z"
      }
    },
    {
      "type": "Feature",
      "id": 59677,
      "geometry": {
        "type": "Point",
        "coordinates": [
          49.087881,
          32.331566
        ]
      },
      "properties": {
        "id": "Mjg6MzYyNDc",
        "city": "لالی",
        "name:fa": "جمعیت هلال احمر لالی",
        "province": "استان خوزستان",
        "name:en": "Red Crescent Society of Lali",
        "city:en": "Lali",
        "province:en": "Khuzestan",
        "publicId": "Mjg6MzYyNDc",
        "sourceId": "36247",
        "layerId": 28,
        "type": "location",
        "status": "active",
        "urgency": null,
        "verificationTag": null,
        "expirationDate": null,
        "createdAt": "2026-03-11T20:58:32.085Z",
        "updatedAt": "2026-03-11T20:58:32.085Z"
      }
    },
    {
      "type": "Feature",
      "id": 59678,
      "geometry": {
        "type": "Point",
        "coordinates": [
          53.0918558,
          36.566494
        ]
      },
      "properties": {
        "id": "Mjg6MTc0NTQ",
        "city": "ساری",
        "name:fa": "جمعیت هلال احمر مازندران",
        "province": "استان مازندران",
        "name:en": "Red Crescent Society of Mazandaran",
        "city:en": "Sari",
        "province:en": "Mazandaran",
        "publicId": "Mjg6MTc0NTQ",
        "sourceId": "17454",
        "layerId": 28,
        "type": "location",
        "status": "active",
        "urgency": null,
        "verificationTag": null,
        "expirationDate": null,
        "createdAt": "2026-03-11T20:58:32.086Z",
        "updatedAt": "2026-03-11T20:58:32.086Z"
      }
    },
    {
      "type": "Feature",
      "id": 59679,
      "geometry": {
        "type": "Point",
        "coordinates": [
          49.1787311,
          30.5460535
        ]
      },
      "properties": {
        "id": "Mjg6MzU1OTE",
        "city": "بندر ماهشهر",
        "name:fa": "جمعیت هلال احمر ماهشهر",
        "province": "استان خوزستان",
        "name:en": "Red Crescent Society of Mahshahr",
        "city:en": "Bandar Mahshahr",
        "province:en": "Khuzestan",
        "publicId": "Mjg6MzU1OTE",
        "sourceId": "35591",
        "layerId": 28,
        "type": "location",
        "status": "active",
        "urgency": null,
        "verificationTag": null,
        "expirationDate": null,
        "createdAt": "2026-03-11T20:58:32.086Z",
        "updatedAt": "2026-03-11T20:58:32.086Z"
      }
    },
    {
      "type": "Feature",
      "id": 59680,
      "geometry": {
        "type": "Point",
        "coordinates": [
          52.8120612,
          29.8881856
        ]
      },
      "properties": {
        "id": "Mjg6MzExNDk",
        "city": "مرودشت",
        "name:fa": "جمعیت هلال احمر مرودشت",
        "province": "استان فارس",
        "name:en": "Red Crescent Society of Marvdasht",
        "city:en": "Marvdasht",
        "province:en": "Fars",
        "publicId": "Mjg6MzExNDk",
        "sourceId": "31149",
        "layerId": 28,
        "type": "location",
        "status": "active",
        "urgency": null,
        "verificationTag": null,
        "expirationDate": null,
        "createdAt": "2026-03-11T20:58:32.087Z",
        "updatedAt": "2026-03-11T20:58:32.087Z"
      }
    },
    {
      "type": "Feature",
      "id": 59681,
      "geometry": {
        "type": "Point",
        "coordinates": [
          46.1667234,
          35.5262638
        ]
      },
      "properties": {
        "id": "Mjg6MjQxMTY",
        "city": "مریوان",
        "name:fa": "جمعیت هلال احمر مریوان",
        "province": "استان کردستان",
        "name:en": "Red Crescent Society of Marivan",
        "city:en": "Marivan",
        "province:en": "Kurdistan",
        "publicId": "Mjg6MjQxMTY",
        "sourceId": "24116",
        "layerId": 28,
        "type": "location",
        "status": "active",
        "urgency": null,
        "verificationTag": null,
        "expirationDate": null,
        "createdAt": "2026-03-11T20:58:32.087Z",
        "updatedAt": "2026-03-11T20:58:32.087Z"
      }
    },
    {
      "type": "Feature",
      "id": 59682,
      "geometry": {
        "type": "Point",
        "coordinates": [
          49.3014299,
          31.936702
        ]
      },
      "properties": {
        "id": "Mjg6MzYyNDY",
        "city": "مسجد سليمان",
        "name:fa": "جمعیت هلال احمر مسجدسلیمان",
        "province": "استان خوزستان",
        "name:en": "Red Crescent Society of Masjed Soleyman",
        "city:en": "Masjed Soleyman",
        "province:en": "Khuzestan",
        "publicId": "Mjg6MzYyNDY",
        "sourceId": "36246",
        "layerId": 28,
        "type": "location",
        "status": "active",
        "urgency": null,
        "verificationTag": null,
        "expirationDate": null,
        "createdAt": "2026-03-11T20:58:32.088Z",
        "updatedAt": "2026-03-11T20:58:32.088Z"
      }
    },
    {
      "type": "Feature",
      "id": 59683,
      "geometry": {
        "type": "Point",
        "coordinates": [
          45.9721881,
          37.843996
        ]
      },
      "properties": {
        "id": "Mjg6MTQ5MDk",
        "city": "ممقان",
        "name:fa": "جمعیت هلال احمر ممقان",
        "province": "استان آذربایجان شرقی",
        "name:en": "Red Crescent Society of Mamaqan",
        "city:en": "Mamaqan",
        "province:en": "East Azerbaijan",
        "publicId": "Mjg6MTQ5MDk",
        "sourceId": "14909",
        "layerId": 28,
        "type": "location",
        "status": "active",
        "urgency": null,
        "verificationTag": null,
        "expirationDate": null,
        "createdAt": "2026-03-11T20:58:32.088Z",
        "updatedAt": "2026-03-11T20:58:32.088Z"
      }
    },
    {
      "type": "Feature",
      "id": 59684,
      "geometry": {
        "type": "Point",
        "coordinates": [
          45.9719426,
          37.8406083
        ]
      },
      "properties": {
        "id": "Mjg6NDA4ODY",
        "city": "ممقان",
        "name:fa": "جمعیت هلال احمر ممقان",
        "province": "استان آذربایجان شرقی",
        "name:en": "Red Crescent Society of Mamaqan",
        "city:en": "Mamaqan",
        "province:en": "East Azerbaijan",
        "publicId": "Mjg6NDA4ODY",
        "sourceId": "40886",
        "layerId": 28,
        "type": "location",
        "status": "active",
        "urgency": null,
        "verificationTag": null,
        "expirationDate": null,
        "createdAt": "2026-03-11T20:58:32.089Z",
        "updatedAt": "2026-03-11T20:58:32.089Z"
      }
    },
    {
      "type": "Feature",
      "id": 59685,
      "geometry": {
        "type": "Point",
        "coordinates": [
          51.4632279,
          35.665829
        ]
      },
      "properties": {
        "id": "Mjg6MjM0MjE",
        "city": "تهران",
        "name:fa": "جمعیت هلال احمر منطقه 14",
        "province": "استان تهران",
        "name:en": "Red Crescent Society of District 14",
        "city:en": "Tehran",
        "province:en": "Tehran",
        "publicId": "Mjg6MjM0MjE",
        "sourceId": "23421",
        "layerId": 28,
        "type": "location",
        "status": "active",
        "urgency": null,
        "verificationTag": null,
        "expirationDate": null,
        "createdAt": "2026-03-11T20:58:32.089Z",
        "updatedAt": "2026-03-11T20:58:32.089Z"
      }
    },
    {
      "type": "Feature",
      "id": 59686,
      "geometry": {
        "type": "Point",
        "coordinates": [
          51.4509246,
          35.6787229
        ]
      },
      "properties": {
        "id": "Mjg6MjMwOTg",
        "city": "تهران",
        "name:fa": "جمعیت هلال احمر منطقه ۱۴",
        "province": "استان تهران",
        "name:en": "Red Crescent Society of District 14",
        "city:en": "Tehran",
        "province:en": "Tehran",
        "publicId": "Mjg6MjMwOTg",
        "sourceId": "23098",
        "layerId": 28,
        "type": "location",
        "status": "active",
        "urgency": null,
        "verificationTag": null,
        "expirationDate": null,
        "createdAt": "2026-03-11T20:58:32.089Z",
        "updatedAt": "2026-03-11T20:58:32.089Z"
      }
    },
    {
      "type": "Feature",
      "id": 59687,
      "geometry": {
        "type": "Point",
        "coordinates": [
          51.3494861,
          35.6363075
        ]
      },
      "properties": {
        "id": "Mjg6MjM2NDY",
        "city": "تهران",
        "name:fa": "جمعیت هلال احمر منطقه ۱۸",
        "province": "استان تهران",
        "name:en": "Red Crescent Society of District 18",
        "city:en": "Tehran",
        "province:en": "Tehran",
        "publicId": "Mjg6MjM2NDY",
        "sourceId": "23646",
        "layerId": 28,
        "type": "location",
        "status": "active",
        "urgency": null,
        "verificationTag": null,
        "expirationDate": null,
        "createdAt": "2026-03-11T20:58:32.090Z",
        "updatedAt": "2026-03-11T20:58:32.090Z"
      }
    },
    {
      "type": "Feature",
      "id": 59688,
      "geometry": {
        "type": "Point",
        "coordinates": [
          57.5004499,
          27.4309959
        ]
      },
      "properties": {
        "id": "Mjg6MzQ4Njc",
        "city": "منوجان",
        "name:fa": "جمعیت هلال احمر منوجان",
        "province": "استان کرمان",
        "name:en": "Red Crescent Society of Manujan",
        "city:en": "Manujan",
        "province:en": "Kerman",
        "publicId": "Mjg6MzQ4Njc",
        "sourceId": "34867",
        "layerId": 28,
        "type": "location",
        "status": "active",
        "urgency": null,
        "verificationTag": null,
        "expirationDate": null,
        "createdAt": "2026-03-11T20:58:32.090Z",
        "updatedAt": "2026-03-11T20:58:32.090Z"
      }
    },
    {
      "type": "Feature",
      "id": 59689,
      "geometry": {
        "type": "Point",
        "coordinates": [
          45.717047,
          36.7538396
        ]
      },
      "properties": {
        "id": "Mjg6MTY4NDY",
        "city": "مهاباد",
        "name:fa": "جمعیت هلال احمر مهاباد",
        "province": "استان آذربایجان غربی",
        "name:en": "Red Crescent Society of Mahabad",
        "city:en": "Mahabad",
        "province:en": "West Azerbaijan",
        "publicId": "Mjg6MTY4NDY",
        "sourceId": "16846",
        "layerId": 28,
        "type": "location",
        "status": "active",
        "urgency": null,
        "verificationTag": null,
        "expirationDate": null,
        "createdAt": "2026-03-11T20:58:32.091Z",
        "updatedAt": "2026-03-11T20:58:32.091Z"
      }
    },
    {
      "type": "Feature",
      "id": 59690,
      "geometry": {
        "type": "Point",
        "coordinates": [
          61.671474,
          27.1406897
        ]
      },
      "properties": {
        "id": "Mjg6MzMzMzQ",
        "city": "شهرستان مهرستان",
        "name:fa": "جمعیت هلال احمر مهرستان",
        "province": "استان سیستان و بلوچستان",
        "name:en": "Red Crescent Society of Mehrestan",
        "city:en": "Mehrestan County",
        "province:en": "Sistan and Baluchestan",
        "publicId": "Mjg6MzMzMzQ",
        "sourceId": "33334",
        "layerId": 28,
        "type": "location",
        "status": "active",
        "urgency": null,
        "verificationTag": null,
        "expirationDate": null,
        "createdAt": "2026-03-11T20:58:32.091Z",
        "updatedAt": "2026-03-11T20:58:32.091Z"
      }
    },
    {
      "type": "Feature",
      "id": 59691,
      "geometry": {
        "type": "Point",
        "coordinates": [
          51.1767961,
          33.4487852
        ]
      },
      "properties": {
        "id": "Mjg6MjcxNzE",
        "city": "میمه",
        "name:fa": "جمعیت هلال احمر میمه",
        "province": "استان اصفهان",
        "name:en": "Red Crescent Society of Meymeh",
        "city:en": "Meymeh",
        "province:en": "Isfahan",
        "publicId": "Mjg6MjcxNzE",
        "sourceId": "27171",
        "layerId": 28,
        "type": "location",
        "status": "active",
        "urgency": null,
        "verificationTag": null,
        "expirationDate": null,
        "createdAt": "2026-03-11T20:58:32.092Z",
        "updatedAt": "2026-03-11T20:58:32.092Z"
      }
    },
    {
      "type": "Feature",
      "id": 59692,
      "geometry": {
        "type": "Point",
        "coordinates": [
          57.0945247,
          27.1154532
        ]
      },
      "properties": {
        "id": "Mjg6MzM5NTM",
        "city": "میناب",
        "name:fa": "جمعیت هلال احمر میناب",
        "province": "استان هرمزگان",
        "name:en": "Red Crescent Society of Minab",
        "city:en": "Minab",
        "province:en": "Hormozgan",
        "publicId": "Mjg6MzM5NTM",
        "sourceId": "33953",
        "layerId": 28,
        "type": "location",
        "status": "active",
        "urgency": null,
        "verificationTag": null,
        "expirationDate": null,
        "createdAt": "2026-03-11T20:58:32.092Z",
        "updatedAt": "2026-03-11T20:58:32.092Z"
      }
    },
    {
      "type": "Feature",
      "id": 59693,
      "geometry": {
        "type": "Point",
        "coordinates": [
          53.0831574,
          32.8652181
        ]
      },
      "properties": {
        "id": "Mjg6Mjc0MzM",
        "city": "نائین",
        "name:fa": "جمعیت هلال احمر نایین",
        "province": "استان اصفهان",
        "name:en": "Red Crescent Society of Naein",
        "city:en": "Naein",
        "province:en": "Isfahan",
        "publicId": "Mjg6Mjc0MzM",
        "sourceId": "27433",
        "layerId": 28,
        "type": "location",
        "status": "active",
        "urgency": null,
        "verificationTag": null,
        "expirationDate": null,
        "createdAt": "2026-03-11T20:58:32.093Z",
        "updatedAt": "2026-03-11T20:58:32.093Z"
      }
    },
    {
      "type": "Feature",
      "id": 59694,
      "geometry": {
        "type": "Point",
        "coordinates": [
          51.3610473,
          32.6363229
        ]
      },
      "properties": {
        "id": "Mjg6MzYzMjQ",
        "city": "نجف‌ آباد",
        "name:fa": "جمعیت هلال احمر نجف آباد",
        "province": "استان اصفهان",
        "name:en": "Red Crescent Society of Najafabad",
        "city:en": "Najafabad",
        "province:en": "Isfahan",
        "publicId": "Mjg6MzYzMjQ",
        "sourceId": "36324",
        "layerId": 28,
        "type": "location",
        "status": "active",
        "urgency": null,
        "verificationTag": null,
        "expirationDate": null,
        "createdAt": "2026-03-11T20:58:32.093Z",
        "updatedAt": "2026-03-11T20:58:32.093Z"
      }
    },
    {
      "type": "Feature",
      "id": 59695,
      "geometry": {
        "type": "Point",
        "coordinates": [
          49.5147344,
          31.4513757
        ]
      },
      "properties": {
        "id": "Mjg6Mjk1OTA",
        "city": "شهرستان هفتکل",
        "name:fa": "جمعیت هلال احمر هفتکل",
        "province": "استان خوزستان",
        "name:en": "Red Crescent Society of Haftkel",
        "city:en": "Haftkel County",
        "province:en": "Khuzestan",
        "publicId": "Mjg6Mjk1OTA",
        "sourceId": "29590",
        "layerId": 28,
        "type": "location",
        "status": "active",
        "urgency": null,
        "verificationTag": null,
        "expirationDate": null,
        "createdAt": "2026-03-11T20:58:32.094Z",
        "updatedAt": "2026-03-11T20:58:32.094Z"
      }
    },
    {
      "type": "Feature",
      "id": 59696,
      "geometry": {
        "type": "Point",
        "coordinates": [
          49.5151238,
          31.4483296
        ]
      },
      "properties": {
        "id": "Mjg6MzYyNDg",
        "city": "شهرستان هفتکل",
        "name:fa": "جمعیت هلال احمر هفتکل",
        "province": "استان خوزستان",
        "name:en": "Red Crescent Society of Haftkel",
        "city:en": "Haftkel County",
        "province:en": "Khuzestan",
        "publicId": "Mjg6MzYyNDg",
        "sourceId": "36248",
        "layerId": 28,
        "type": "location",
        "status": "active",
        "urgency": null,
        "verificationTag": null,
        "expirationDate": null,
        "createdAt": "2026-03-11T20:58:32.094Z",
        "updatedAt": "2026-03-11T20:58:32.094Z"
      }
    },
    {
      "type": "Feature",
      "id": 59697,
      "geometry": {
        "type": "Point",
        "coordinates": [
          47.0038891,
          35.3175644
        ]
      },
      "properties": {
        "id": "Mjg6MjQ1MjM",
        "city": "سنندج",
        "name:fa": "جمعیت هلال احمر و صلیب سرخ",
        "province": "استان کردستان",
        "name:en": "Red Crescent and Red Cross Society",
        "city:en": "Sanandaj",
        "province:en": "Kurdistan",
        "publicId": "Mjg6MjQ1MjM",
        "sourceId": "24523",
        "layerId": 28,
        "type": "location",
        "status": "active",
        "urgency": null,
        "verificationTag": null,
        "expirationDate": null,
        "createdAt": "2026-03-11T20:58:32.095Z",
        "updatedAt": "2026-03-11T20:58:32.095Z"
      }
    },
    {
      "type": "Feature",
      "id": 59698,
      "geometry": {
        "type": "Point",
        "coordinates": [
          50.6485324,
          36.9446989
        ]
      },
      "properties": {
        "id": "Mjg6MTY1MDk",
        "name:fa": "جمعیت هلال احمر و پایگاه امدادی رامسر",
        "name:en": "Red Crescent Society and Relief Base of Ramsar",
        "publicId": "Mjg6MTY1MDk",
        "sourceId": "16509",
        "layerId": 28,
        "type": "location",
        "status": "active",
        "urgency": null,
        "verificationTag": null,
        "expirationDate": null,
        "createdAt": "2026-03-11T20:58:32.096Z",
        "updatedAt": "2026-03-11T20:58:32.096Z"
      }
    },
    {
      "type": "Feature",
      "id": 59699,
      "geometry": {
        "type": "Point",
        "coordinates": [
          46.643659,
          38.5064886
        ]
      },
      "properties": {
        "id": "Mjg6MTM5NDA",
        "city": "ورزقان",
        "name:fa": "جمعیت هلال احمر ورزقان",
        "province": "استان آذربایجان شرقی",
        "name:en": "Red Crescent Society of Varzaqan",
        "city:en": "Varzaqan",
        "province:en": "East Azerbaijan",
        "publicId": "Mjg6MTM5NDA",
        "sourceId": "13940",
        "layerId": 28,
        "type": "location",
        "status": "active",
        "urgency": null,
        "verificationTag": null,
        "expirationDate": null,
        "createdAt": "2026-03-11T20:58:32.096Z",
        "updatedAt": "2026-03-11T20:58:32.096Z"
      }
    },
    {
      "type": "Feature",
      "id": 59700,
      "geometry": {
        "type": "Point",
        "coordinates": [
          53.1438474,
          30.0792953
        ]
      },
      "properties": {
        "id": "Mjg6MzY0OTY",
        "city": "سعادت شهر",
        "name:fa": "جمعیت هلال احمر پاسارگاد",
        "province": "استان فارس",
        "name:en": "Red Crescent Society of Pasargad",
        "city:en": "Saadat Shahr",
        "province:en": "Fars",
        "publicId": "Mjg6MzY0OTY",
        "sourceId": "36496",
        "layerId": 28,
        "type": "location",
        "status": "active",
        "urgency": null,
        "verificationTag": null,
        "expirationDate": null,
        "createdAt": "2026-03-11T20:58:32.097Z",
        "updatedAt": "2026-03-11T20:58:32.097Z"
      }
    },
    {
      "type": "Feature",
      "id": 59701,
      "geometry": {
        "type": "Point",
        "coordinates": [
          60.6519489,
          25.2894676
        ]
      },
      "properties": {
        "id": "Mjg6MzM2OTU",
        "city": "چابهار",
        "name:fa": "جمعیت هلال احمر چابهار",
        "province": "استان سیستان و بلوچستان",
        "name:en": "Red Crescent Society of Chabahar",
        "city:en": "Chabahar",
        "province:en": "Sistan and Baluchestan",
        "publicId": "Mjg6MzM2OTU",
        "sourceId": "33695",
        "layerId": 28,
        "type": "location",
        "status": "active",
        "urgency": null,
        "verificationTag": null,
        "expirationDate": null,
        "createdAt": "2026-03-11T20:58:32.098Z",
        "updatedAt": "2026-03-11T20:58:32.098Z"
      }
    },
    {
      "type": "Feature",
      "id": 59702,
      "geometry": {
        "type": "Point",
        "coordinates": [
          51.6555771,
          29.6102523
        ]
      },
      "properties": {
        "id": "Mjg6MzUyMDk",
        "city": "كازرون",
        "name:fa": "جمعیت هلال احمر کازرون",
        "province": "استان فارس",
        "name:en": "Red Crescent Society of Kazeroon",
        "city:en": "Kazeroon",
        "province:en": "Fars",
        "publicId": "Mjg6MzUyMDk",
        "sourceId": "35209",
        "layerId": 28,
        "type": "location",
        "status": "active",
        "urgency": null,
        "verificationTag": null,
        "expirationDate": null,
        "createdAt": "2026-03-11T20:58:32.098Z",
        "updatedAt": "2026-03-11T20:58:32.098Z"
      }
    },
    {
      "type": "Feature",
      "id": 59703,
      "geometry": {
        "type": "Point",
        "coordinates": [
          47.0791492,
          34.3449354
        ]
      },
      "properties": {
        "id": "Mjg6MjU4ODI",
        "city": "کرمانشاه",
        "name:fa": "جمعیت هلال احمر کرمانشاه",
        "province": "استان کرمانشاه",
        "name:en": "Red Crescent Society of Kermanshah",
        "city:en": "Kermanshah",
        "province:en": "Kermanshah",
        "publicId": "Mjg6MjU4ODI",
        "sourceId": "25882",
        "layerId": 28,
        "type": "location",
        "status": "active",
        "urgency": null,
        "verificationTag": null,
        "expirationDate": null,
        "createdAt": "2026-03-11T20:58:32.099Z",
        "updatedAt": "2026-03-11T20:58:32.099Z"
      }
    },
    {
      "type": "Feature",
      "id": 59704,
      "geometry": {
        "type": "Point",
        "coordinates": [
          51.1673453,
          36.5061781
        ]
      },
      "properties": {
        "id": "Mjg6MTc3MTM",
        "city": "کلاردشت",
        "name:fa": "جمعیت هلال احمر کلاردشت",
        "province": "استان مازندران",
        "name:en": "Red Crescent Society of Kelardasht",
        "city:en": "Kelardasht",
        "province:en": "Mazandaran",
        "publicId": "Mjg6MTc3MTM",
        "sourceId": "17713",
        "layerId": 28,
        "type": "location",
        "status": "active",
        "urgency": null,
        "verificationTag": null,
        "expirationDate": null,
        "createdAt": "2026-03-11T20:58:32.099Z",
        "updatedAt": "2026-03-11T20:58:32.099Z"
      }
    },
    {
      "type": "Feature",
      "id": 59705,
      "geometry": {
        "type": "Point",
        "coordinates": [
          50.8041317,
          30.3581114
        ]
      },
      "properties": {
        "id": "Mjg6MzYzMjI",
        "city": "گچساران",
        "name:fa": "جمعیت هلال احمر کچساران",
        "province": "استان کهگیلویه و بویراحمد",
        "name:en": "Red Crescent Society of Gachsaran",
        "city:en": "Gachsaran",
        "province:en": "Kohgiluyeh and Boyer-Ahmad",
        "publicId": "Mjg6MzYzMjI",
        "sourceId": "36322",
        "layerId": 28,
        "type": "location",
        "status": "active",
        "urgency": null,
        "verificationTag": null,
        "expirationDate": null,
        "createdAt": "2026-03-11T20:58:32.099Z",
        "updatedAt": "2026-03-11T20:58:32.099Z"
      }
    },
    {
      "type": "Feature",
      "id": 59706,
      "geometry": {
        "type": "Point",
        "coordinates": [
          54.1301785,
          27.6750624
        ]
      },
      "properties": {
        "id": "Mjg6MzQ3NDA",
        "city": "گراش",
        "name:fa": "جمعیت هلال احمر گراش",
        "province": "استان فارس",
        "name:en": "Red Crescent Society of Gerash",
        "city:en": "Gerash",
        "province:en": "Fars",
        "publicId": "Mjg6MzQ3NDA",
        "sourceId": "34740",
        "layerId": 28,
        "type": "location",
        "status": "active",
        "urgency": null,
        "verificationTag": null,
        "expirationDate": null,
        "createdAt": "2026-03-11T20:58:32.100Z",
        "updatedAt": "2026-03-11T20:58:32.100Z"
      }
    },
    {
      "type": "Feature",
      "id": 59707,
      "geometry": {
        "type": "Point",
        "coordinates": [
          53.8076918,
          36.7250974
        ]
      },
      "properties": {
        "id": "Mjg6MTY4OTg",
        "city": "گلوگاه",
        "name:fa": "جمعیت هلال احمر گلوگاه",
        "province": "استان مازندران",
        "name:en": "Red Crescent Society of Galugah",
        "city:en": "Galugah",
        "province:en": "Mazandaran",
        "publicId": "Mjg6MTY4OTg",
        "sourceId": "16898",
        "layerId": 28,
        "type": "location",
        "status": "active",
        "urgency": null,
        "verificationTag": null,
        "expirationDate": null,
        "createdAt": "2026-03-11T20:58:32.100Z",
        "updatedAt": "2026-03-11T20:58:32.100Z"
      }
    },
    {
      "type": "Feature",
      "id": 59708,
      "geometry": {
        "type": "Point",
        "coordinates": [
          51.5916561,
          30.6698534
        ]
      },
      "properties": {
        "id": "Mjg6MzAzODE",
        "city": "ياسوج",
        "name:fa": "جمعیت هلال احمر یاسوج",
        "province": "استان کهگیلویه و بویراحمد",
        "name:en": "Red Crescent Society of Yasuj",
        "city:en": "Yasuj",
        "province:en": "Kohgiluyeh and Boyer-Ahmad",
        "publicId": "Mjg6MzAzODE",
        "sourceId": "30381",
        "layerId": 28,
        "type": "location",
        "status": "active",
        "urgency": null,
        "verificationTag": null,
        "expirationDate": null,
        "createdAt": "2026-03-11T20:58:32.101Z",
        "updatedAt": "2026-03-11T20:58:32.101Z"
      }
    },
    {
      "type": "Feature",
      "id": 59709,
      "geometry": {
        "type": "Point",
        "coordinates": [
          56.3313621,
          27.206883
        ]
      },
      "properties": {
        "id": "Mjg6MzMxNjc",
        "city": "بندر عباس",
        "name:fa": "جمعیت هلال احمربندرعباس",
        "province": "استان هرمزگان",
        "name:en": "Red Crescent Society of Bandar Abbas",
        "city:en": "Bandar Abbas",
        "province:en": "Hormozgan",
        "publicId": "Mjg6MzMxNjc",
        "sourceId": "33167",
        "layerId": 28,
        "type": "location",
        "status": "active",
        "urgency": null,
        "verificationTag": null,
        "expirationDate": null,
        "createdAt": "2026-03-11T20:58:32.101Z",
        "updatedAt": "2026-03-11T20:58:32.101Z"
      }
    },
    {
      "type": "Feature",
      "id": 59710,
      "geometry": {
        "type": "Point",
        "coordinates": [
          48.3574779,
          32.4596556
        ]
      },
      "properties": {
        "id": "Mjg6MjgzODU",
        "city": "انديمشك",
        "name:fa": "جمعیت هلال احمرشهرستان اندیمشک",
        "province": "استان خوزستان",
        "name:en": "Red Crescent Society of Andimeshk County",
        "city:en": "Andimeshk",
        "province:en": "Khuzestan",
        "publicId": "Mjg6MjgzODU",
        "sourceId": "28385",
        "layerId": 28,
        "type": "location",
        "status": "active",
        "urgency": null,
        "verificationTag": null,
        "expirationDate": null,
        "createdAt": "2026-03-11T20:58:32.102Z",
        "updatedAt": "2026-03-11T20:58:32.102Z"
      }
    },
    {
      "type": "Feature",
      "id": 59711,
      "geometry": {
        "type": "Point",
        "coordinates": [
          51.5927356,
          31.3972168
        ]
      },
      "properties": {
        "id": "Mjg6Mjk2MzA",
        "city": "سمیرم",
        "name:fa": "جمعیت هلال احمرشهرستان سمیرم",
        "province": "استان اصفهان",
        "name:en": "Red Crescent Society of Semirom County",
        "city:en": "Semirom",
        "province:en": "Isfahan",
        "publicId": "Mjg6Mjk2MzA",
        "sourceId": "29630",
        "layerId": 28,
        "type": "location",
        "status": "active",
        "urgency": null,
        "verificationTag": null,
        "expirationDate": null,
        "createdAt": "2026-03-11T20:58:32.102Z",
        "updatedAt": "2026-03-11T20:58:32.102Z"
      }
    },
    {
      "type": "Feature",
      "id": 59712,
      "geometry": {
        "type": "Point",
        "coordinates": [
          51.0639784,
          35.6534191
        ]
      },
      "properties": {
        "id": "Mjg6MjM0NjE",
        "city": "شهریار",
        "name:fa": "جمعیت هلال احمرشهرستان شهریار",
        "province": "استان تهران",
        "name:en": "Red Crescent Society of Shahriar County",
        "city:en": "Shahriar",
        "province:en": "Tehran",
        "publicId": "Mjg6MjM0NjE",
        "sourceId": "23461",
        "layerId": 28,
        "type": "location",
        "status": "active",
        "urgency": null,
        "verificationTag": null,
        "expirationDate": null,
        "createdAt": "2026-03-11T20:58:32.103Z",
        "updatedAt": "2026-03-11T20:58:32.103Z"
      }
    },
    {
      "type": "Feature",
      "id": 59713,
      "geometry": {
        "type": "Point",
        "coordinates": [
          51.5746696,
          35.4323885
        ]
      },
      "properties": {
        "id": "Mjg6MjQzODM",
        "city": "قرچک",
        "name:fa": "جمعیت هلال احمرشهرستان‌ قرچک",
        "province": "استان تهران",
        "name:en": "Red Crescent Society of Qarchak County",
        "city:en": "Qarchak",
        "province:en": "Tehran",
        "publicId": "Mjg6MjQzODM",
        "sourceId": "24383",
        "layerId": 28,
        "type": "location",
        "status": "active",
        "urgency": null,
        "verificationTag": null,
        "expirationDate": null,
        "createdAt": "2026-03-11T20:58:32.104Z",
        "updatedAt": "2026-03-11T20:58:32.104Z"
      }
    },
    {
      "type": "Feature",
      "id": 59714,
      "geometry": {
        "type": "Point",
        "coordinates": [
          50.0249617,
          36.2784088
        ]
      },
      "properties": {
        "id": "Mjg6MTg5MDQ",
        "city": "قزوین",
        "name:fa": "جمعیت هلال احمرقزوین",
        "province": "استان قزوین",
        "name:en": "Red Crescent Society of Qazvin",
        "city:en": "Qazvin",
        "province:en": "Qazvin",
        "publicId": "Mjg6MTg5MDQ",
        "sourceId": "18904",
        "layerId": 28,
        "type": "location",
        "status": "active",
        "urgency": null,
        "verificationTag": null,
        "expirationDate": null,
        "createdAt": "2026-03-11T20:58:32.104Z",
        "updatedAt": "2026-03-11T20:58:32.104Z"
      }
    },
    {
      "type": "Feature",
      "id": 59715,
      "geometry": {
        "type": "Point",
        "coordinates": [
          50.5239096,
          29.5692083
        ]
      },
      "properties": {
        "id": "Mjg6MzU2NjU",
        "city": "شهرستان گناوه",
        "name:fa": "جمعیت هلال احمرگناوه",
        "province": "استان بوشهر",
        "name:en": "Red Crescent Society of Ganaveh",
        "city:en": "Ganaveh County",
        "province:en": "Bushehr",
        "publicId": "Mjg6MzU2NjU",
        "sourceId": "35665",
        "layerId": 28,
        "type": "location",
        "status": "active",
        "urgency": null,
        "verificationTag": null,
        "expirationDate": null,
        "createdAt": "2026-03-11T20:58:32.105Z",
        "updatedAt": "2026-03-11T20:58:32.105Z"
      }
    },
    {
      "type": "Feature",
      "id": 59716,
      "geometry": {
        "type": "Point",
        "coordinates": [
          51.1437003,
          32.7127866
        ]
      },
      "properties": {
        "id": "Mjg6Mjc2MjQ",
        "city": "تیران",
        "name:fa": "جمعیت هلال‌احمر تیران و کرون",
        "province": "استان اصفهان",
        "name:en": "Red Crescent Society of Tiran and Karvan",
        "city:en": "Tiran",
        "province:en": "Isfahan",
        "publicId": "Mjg6Mjc2MjQ",
        "sourceId": "27624",
        "layerId": 28,
        "type": "location",
        "status": "active",
        "urgency": null,
        "verificationTag": null,
        "expirationDate": null,
        "createdAt": "2026-03-11T20:58:32.105Z",
        "updatedAt": "2026-03-11T20:58:32.105Z"
      }
    },
    {
      "type": "Feature",
      "id": 59717,
      "geometry": {
        "type": "Point",
        "coordinates": [
          50.9140268,
          32.4429349
        ]
      },
      "properties": {
        "id": "Mjg6Mjg0MTU",
        "city": "سامان",
        "name:fa": "جمعیت هلال‌احمر شهرستان سامان",
        "province": "استان چهارمحال و بختیاری",
        "name:en": "Red Crescent Society of Saman County",
        "city:en": "Saman",
        "province:en": "Chaharmahal and Bakhtiari",
        "publicId": "Mjg6Mjg0MTU",
        "sourceId": "28415",
        "layerId": 28,
        "type": "location",
        "status": "active",
        "urgency": null,
        "verificationTag": null,
        "expirationDate": null,
        "createdAt": "2026-03-11T20:58:32.106Z",
        "updatedAt": "2026-03-11T20:58:32.106Z"
      }
    },
    {
      "type": "Feature",
      "id": 59718,
      "geometry": {
        "type": "Point",
        "coordinates": [
          58.1667928,
          34.0169867
        ]
      },
      "properties": {
        "id": "Mjg6NDA4ODc",
        "city": "فردوس",
        "name:fa": "جمعیت هلال‌احمر شهرستان فردوس",
        "province": "استان خراسان جنوبی",
        "name:en": "Red Crescent Society of Ferdows County",
        "city:en": "Ferdows",
        "province:en": "South Khorasan",
        "publicId": "Mjg6NDA4ODc",
        "sourceId": "40887",
        "layerId": 28,
        "type": "location",
        "status": "active",
        "urgency": null,
        "verificationTag": null,
        "expirationDate": null,
        "createdAt": "2026-03-11T20:58:32.107Z",
        "updatedAt": "2026-03-11T20:58:32.107Z"
      }
    },
    {
      "type": "Feature",
      "id": 59719,
      "geometry": {
        "type": "Point",
        "coordinates": [
          50.0244279,
          36.2788272
        ]
      },
      "properties": {
        "id": "Mjg6MTg5MDM",
        "city": "قزوین",
        "name:fa": "حوزه معاونت امداد و نجات هلال احمر",
        "province": "استان قزوین",
        "name:en": "Red Crescent Relief and Rescue Department",
        "city:en": "Qazvin",
        "province:en": "Qazvin",
        "publicId": "Mjg6MTg5MDM",
        "sourceId": "18903",
        "layerId": 28,
        "type": "location",
        "status": "active",
        "urgency": null,
        "verificationTag": null,
        "expirationDate": null,
        "createdAt": "2026-03-11T20:58:32.107Z",
        "updatedAt": "2026-03-11T20:58:32.107Z"
      }
    },
    {
      "type": "Feature",
      "id": 59720,
      "geometry": {
        "type": "Point",
        "coordinates": [
          59.3048497,
          25.7897267
        ]
      },
      "properties": {
        "id": "Mjg6MzM2MjY",
        "city": "گوا",
        "name:fa": "خانه هلال احمر",
        "province": "استان سیستان و بلوچستان",
        "name:en": "Red Crescent House",
        "city:en": "Gova",
        "province:en": "Sistan and Baluchestan",
        "publicId": "Mjg6MzM2MjY",
        "sourceId": "33626",
        "layerId": 28,
        "type": "location",
        "status": "active",
        "urgency": null,
        "verificationTag": null,
        "expirationDate": null,
        "createdAt": "2026-03-11T20:58:32.108Z",
        "updatedAt": "2026-03-11T20:58:32.108Z"
      }
    },
    {
      "type": "Feature",
      "id": 59721,
      "geometry": {
        "type": "Point",
        "coordinates": [
          59.30486,
          25.7852914
        ]
      },
      "properties": {
        "id": "Mjg6MzM5NDk",
        "city": "گوا",
        "name:fa": "خانه هلال احمر",
        "province": "استان سیستان و بلوچستان",
        "name:en": "Red Crescent House",
        "city:en": "Gova",
        "province:en": "Sistan and Baluchestan",
        "publicId": "Mjg6MzM5NDk",
        "sourceId": "33949",
        "layerId": 28,
        "type": "location",
        "status": "active",
        "urgency": null,
        "verificationTag": null,
        "expirationDate": null,
        "createdAt": "2026-03-11T20:58:32.108Z",
        "updatedAt": "2026-03-11T20:58:32.108Z"
      }
    },
    {
      "type": "Feature",
      "id": 59722,
      "geometry": {
        "type": "Point",
        "coordinates": [
          57.943009,
          26.8794025
        ]
      },
      "properties": {
        "id": "Mjg6MzQ0MDY",
        "city": "شهرستان بشاگرد",
        "name:fa": "خانه هلال احمر",
        "province": "استان هرمزگان",
        "name:en": "Red Crescent House",
        "city:en": "Bashagard County",
        "province:en": "Hormozgan",
        "publicId": "Mjg6MzQ0MDY",
        "sourceId": "34406",
        "layerId": 28,
        "type": "location",
        "status": "active",
        "urgency": null,
        "verificationTag": null,
        "expirationDate": null,
        "createdAt": "2026-03-11T20:58:32.109Z",
        "updatedAt": "2026-03-11T20:58:32.109Z"
      }
    },
    {
      "type": "Feature",
      "id": 59723,
      "geometry": {
        "type": "Point",
        "coordinates": [
          50.9562421,
          31.907675
        ]
      },
      "properties": {
        "id": "Mjg6MjkxMDE",
        "city": "آورگان",
        "name:fa": "خانه هلال احمر آورگان",
        "province": "استان چهارمحال و بختیاری",
        "name:en": "Avargan Red Crescent House",
        "city:en": "Avargan",
        "province:en": "Chaharmahal and Bakhtiari",
        "publicId": "Mjg6MjkxMDE",
        "sourceId": "29101",
        "layerId": 28,
        "type": "location",
        "status": "active",
        "urgency": null,
        "verificationTag": null,
        "expirationDate": null,
        "createdAt": "2026-03-11T20:58:32.109Z",
        "updatedAt": "2026-03-11T20:58:32.109Z"
      }
    },
    {
      "type": "Feature",
      "id": 59724,
      "geometry": {
        "type": "Point",
        "coordinates": [
          51.4976932,
          28.407437
        ]
      },
      "properties": {
        "id": "Mjg6MzUxOTY",
        "city": "شهرستان دشتی",
        "name:fa": "خانه هلال احمر بادوله دشتی",
        "province": "استان بوشهر",
        "name:en": "Badoleh Dashti Red Crescent House",
        "city:en": "Dashti County",
        "province:en": "Bushehr",
        "publicId": "Mjg6MzUxOTY",
        "sourceId": "35196",
        "layerId": 28,
        "type": "location",
        "status": "active",
        "urgency": null,
        "verificationTag": null,
        "expirationDate": null,
        "createdAt": "2026-03-11T20:58:32.109Z",
        "updatedAt": "2026-03-11T20:58:32.109Z"
      }
    },
    {
      "type": "Feature",
      "id": 59725,
      "geometry": {
        "type": "Point",
        "coordinates": [
          59.3240529,
          36.3140996
        ]
      },
      "properties": {
        "id": "Mjg6MTg1MDI",
        "city": "جاغرق",
        "name:fa": "خانه هلال احمر جاغرق",
        "province": "استان خراسان رضوی",
        "name:en": "Jagharq Red Crescent House",
        "city:en": "Jagharq",
        "province:en": "Razavi Khorasan",
        "publicId": "Mjg6MTg1MDI",
        "sourceId": "18502",
        "layerId": 28,
        "type": "location",
        "status": "active",
        "urgency": null,
        "verificationTag": null,
        "expirationDate": null,
        "createdAt": "2026-03-11T20:58:32.110Z",
        "updatedAt": "2026-03-11T20:58:32.110Z"
      }
    },
    {
      "type": "Feature",
      "id": 59726,
      "geometry": {
        "type": "Point",
        "coordinates": [
          45.8133061,
          38.2019797
        ]
      },
      "properties": {
        "id": "Mjg6MTQyMzA",
        "city": "سیس",
        "name:fa": "خانه هلال احمر سیس",
        "province": "استان آذربایجان شرقی",
        "name:en": "Sis Red Crescent House",
        "city:en": "Sis",
        "province:en": "East Azerbaijan",
        "publicId": "Mjg6MTQyMzA",
        "sourceId": "14230",
        "layerId": 28,
        "type": "location",
        "status": "active",
        "urgency": null,
        "verificationTag": null,
        "expirationDate": null,
        "createdAt": "2026-03-11T20:58:32.110Z",
        "updatedAt": "2026-03-11T20:58:32.110Z"
      }
    },
    {
      "type": "Feature",
      "id": 59727,
      "geometry": {
        "type": "Point",
        "coordinates": [
          51.78389,
          32.4852631
        ]
      },
      "properties": {
        "id": "Mjg6MjgzNjc",
        "city": "بهارستان",
        "name:fa": "خانه هلال احمر شهر بهارستان",
        "province": "استان اصفهان",
        "name:en": "Baharestan City Red Crescent House",
        "city:en": "Baharestan",
        "province:en": "Isfahan",
        "publicId": "Mjg6MjgzNjc",
        "sourceId": "28367",
        "layerId": 28,
        "type": "location",
        "status": "active",
        "urgency": null,
        "verificationTag": null,
        "expirationDate": null,
        "createdAt": "2026-03-11T20:58:32.111Z",
        "updatedAt": "2026-03-11T20:58:32.111Z"
      }
    },
    {
      "type": "Feature",
      "id": 59728,
      "geometry": {
        "type": "Point",
        "coordinates": [
          61.3373609,
          30.7500575
        ]
      },
      "properties": {
        "id": "Mjg6MzYxMzM",
        "city": "ده ورمال",
        "name:fa": "خانه هلال احمر شهیدان عالی",
        "province": "استان سیستان و بلوچستان",
        "name:en": "Shahidan Aali Red Crescent House",
        "city:en": "Deh-e Varmal",
        "province:en": "Sistan and Baluchestan",
        "publicId": "Mjg6MzYxMzM",
        "sourceId": "36133",
        "layerId": 28,
        "type": "location",
        "status": "active",
        "urgency": null,
        "verificationTag": null,
        "expirationDate": null,
        "createdAt": "2026-03-11T20:58:32.111Z",
        "updatedAt": "2026-03-11T20:58:32.111Z"
      }
    },
    {
      "type": "Feature",
      "id": 59729,
      "geometry": {
        "type": "Point",
        "coordinates": [
          54.2181234,
          31.5296937
        ]
      },
      "properties": {
        "id": "Mjg6Mjk1Mzk",
        "city": "منشاد",
        "name:fa": "خانه هلال احمرمنشاد",
        "province": "استان یزد",
        "name:en": "Manshad Red Crescent House",
        "city:en": "Manshad",
        "province:en": "Yazd",
        "publicId": "Mjg6Mjk1Mzk",
        "sourceId": "29539",
        "layerId": 28,
        "type": "location",
        "status": "active",
        "urgency": null,
        "verificationTag": null,
        "expirationDate": null,
        "createdAt": "2026-03-11T20:58:32.111Z",
        "updatedAt": "2026-03-11T20:58:32.111Z"
      }
    },
    {
      "type": "Feature",
      "id": 59730,
      "geometry": {
        "type": "Point",
        "coordinates": [
          55.1652865,
          37.2414274
        ]
      },
      "properties": {
        "id": "Mjg6MTU5OTM",
        "city": "گنبد کاووس",
        "name:fa": "خودرو45 (شعبه هلال احمر)",
        "province": "استان گلستان",
        "name:en": "Khodro45 (Red Crescent Branch)",
        "city:en": "Gonbad-e Kavus",
        "province:en": "Golestan",
        "publicId": "Mjg6MTU5OTM",
        "sourceId": "15993",
        "layerId": 28,
        "type": "location",
        "status": "active",
        "urgency": null,
        "verificationTag": null,
        "expirationDate": null,
        "createdAt": "2026-03-11T20:58:32.112Z",
        "updatedAt": "2026-03-11T20:58:32.112Z"
      }
    },
    {
      "type": "Feature",
      "id": 59731,
      "geometry": {
        "type": "Point",
        "coordinates": [
          51.3869928,
          35.6691292
        ]
      },
      "properties": {
        "id": "Mjg6MjMzMzM",
        "city": "تهران",
        "name:fa": "درب مترو هلال احمر",
        "province": "استان تهران",
        "name:en": "Helal Ahmar Metro Entrance",
        "city:en": "Tehran",
        "province:en": "Tehran",
        "publicId": "Mjg6MjMzMzM",
        "sourceId": "23333",
        "layerId": 28,
        "type": "location",
        "status": "active",
        "urgency": null,
        "verificationTag": null,
        "expirationDate": null,
        "createdAt": "2026-03-11T20:58:32.112Z",
        "updatedAt": "2026-03-11T20:58:32.112Z"
      }
    },
    {
      "type": "Feature",
      "id": 59732,
      "geometry": {
        "type": "Point",
        "coordinates": [
          50.8315623,
          28.9826037
        ]
      },
      "properties": {
        "id": "Mjg6MzQ1OTQ",
        "city": "بوشهر",
        "name:fa": "درمانگاه تخصصی و فوق تخصصی هلال احمر",
        "province": "استان بوشهر",
        "name:en": "Red Crescent Specialized and Subspecialized Clinic",
        "city:en": "Bushehr",
        "province:en": "Bushehr",
        "publicId": "Mjg6MzQ1OTQ",
        "sourceId": "34594",
        "layerId": 28,
        "type": "location",
        "status": "active",
        "urgency": null,
        "verificationTag": null,
        "expirationDate": null,
        "createdAt": "2026-03-11T20:58:32.112Z",
        "updatedAt": "2026-03-11T20:58:32.112Z"
      }
    },
    {
      "type": "Feature",
      "id": 59733,
      "geometry": {
        "type": "Point",
        "coordinates": [
          57.343027,
          37.4702451
        ]
      },
      "properties": {
        "id": "Mjg6MTUzODU",
        "city": "بجنورد",
        "name:fa": "درمانگاه عمومی هلال احمر بجنورد",
        "province": "استان خراسان شمالی",
        "name:en": "Bojnurd Red Crescent General Clinic",
        "city:en": "Bojnurd",
        "province:en": "North Khorasan",
        "publicId": "Mjg6MTUzODU",
        "sourceId": "15385",
        "layerId": 28,
        "type": "location",
        "status": "active",
        "urgency": null,
        "verificationTag": null,
        "expirationDate": null,
        "createdAt": "2026-03-11T20:58:32.113Z",
        "updatedAt": "2026-03-11T20:58:32.113Z"
      }
    },
    {
      "type": "Feature",
      "id": 59734,
      "geometry": {
        "type": "Point",
        "coordinates": [
          57.9305099,
          37.3936132
        ]
      },
      "properties": {
        "id": "Mjg6MTU1MjY",
        "city": "شیروان",
        "name:fa": "درمانگاه عمومی هلال احمر شیروان",
        "province": "استان خراسان شمالی",
        "name:en": "Shirvan Red Crescent General Clinic",
        "city:en": "Shirvan",
        "province:en": "North Khorasan",
        "publicId": "Mjg6MTU1MjY",
        "sourceId": "15526",
        "layerId": 28,
        "type": "location",
        "status": "active",
        "urgency": null,
        "verificationTag": null,
        "expirationDate": null,
        "createdAt": "2026-03-11T20:58:32.113Z",
        "updatedAt": "2026-03-11T20:58:32.113Z"
      }
    },
    {
      "type": "Feature",
      "id": 59735,
      "geometry": {
        "type": "Point",
        "coordinates": [
          57.3434931,
          37.46613
        ]
      },
      "properties": {
        "id": "Mjg6Mzg0NDI",
        "city": "بجنورد",
        "name:fa": "درمانگاه فوق تخصصی و تخصصی و عمومی هلال احمر بجنورد",
        "province": "استان خراسان شمالی",
        "name:en": "Bojnurd Red Crescent General, Specialized and Subspecialized Clinic",
        "city:en": "Bojnurd",
        "province:en": "North Khorasan",
        "publicId": "Mjg6Mzg0NDI",
        "sourceId": "38442",
        "layerId": 28,
        "type": "location",
        "status": "active",
        "urgency": null,
        "verificationTag": null,
        "expirationDate": null,
        "createdAt": "2026-03-11T20:58:32.114Z",
        "updatedAt": "2026-03-11T20:58:32.114Z"
      }
    },
    {
      "type": "Feature",
      "id": 59736,
      "geometry": {
        "type": "Point",
        "coordinates": [
          48.4961984,
          36.6655731
        ]
      },
      "properties": {
        "id": "Mjg6Mzc5MDk",
        "city": "زنجان",
        "name:fa": "درمانگاه هلال احمر",
        "province": "استان زنجان",
        "name:en": "Red Crescent Clinic",
        "city:en": "Zanjan",
        "province:en": "Zanjan",
        "publicId": "Mjg6Mzc5MDk",
        "sourceId": "37909",
        "layerId": 28,
        "type": "location",
        "status": "active",
        "urgency": null,
        "verificationTag": null,
        "expirationDate": null,
        "createdAt": "2026-03-11T20:58:32.114Z",
        "updatedAt": "2026-03-11T20:58:32.114Z"
      }
    },
    {
      "type": "Feature",
      "id": 59737,
      "geometry": {
        "type": "Point",
        "coordinates": [
          50.5625997,
          32.2567466
        ]
      },
      "properties": {
        "id": "Mjg6Mjg3NTU",
        "city": "فارسان",
        "name:fa": "درمانگاه هلال احمر",
        "province": "استان چهارمحال و بختیاری",
        "name:en": "Red Crescent Clinic",
        "city:en": "Farsan",
        "province:en": "Chaharmahal and Bakhtiari",
        "publicId": "Mjg6Mjg3NTU",
        "sourceId": "28755",
        "layerId": 28,
        "type": "location",
        "status": "active",
        "urgency": null,
        "verificationTag": null,
        "expirationDate": null,
        "createdAt": "2026-03-11T20:58:32.114Z",
        "updatedAt": "2026-03-11T20:58:32.114Z"
      }
    },
    {
      "type": "Feature",
      "id": 59738,
      "geometry": {
        "type": "Point",
        "coordinates": [
          55.1214414,
          30.1126886
        ]
      },
      "properties": {
        "id": "Mjg6MzY1MDQ",
        "city": "شهربابک",
        "name:fa": "درمانگاه هلال احمر",
        "province": "استان کرمان",
        "name:en": "Red Crescent Clinic",
        "city:en": "Shahr-e Babak",
        "province:en": "Kerman",
        "publicId": "Mjg6MzY1MDQ",
        "sourceId": "36504",
        "layerId": 28,
        "type": "location",
        "status": "active",
        "urgency": null,
        "verificationTag": null,
        "expirationDate": null,
        "createdAt": "2026-03-11T20:58:32.115Z",
        "updatedAt": "2026-03-11T20:58:32.115Z"
      }
    },
    {
      "type": "Feature",
      "id": 59739,
      "geometry": {
        "type": "Point",
        "coordinates": [
          48.6877397,
          31.352502
        ]
      },
      "properties": {
        "id": "Mjg6Mjk3Mzk",
        "city": "اهواز",
        "name:fa": "درمانگاه هلال احمر اهواز",
        "province": "استان خوزستان",
        "name:en": "Ahvaz Red Crescent Clinic",
        "city:en": "Ahvaz",
        "province:en": "Khuzestan",
        "publicId": "Mjg6Mjk3Mzk",
        "sourceId": "29739",
        "layerId": 28,
        "type": "location",
        "status": "active",
        "urgency": null,
        "verificationTag": null,
        "expirationDate": null,
        "createdAt": "2026-03-11T20:58:32.115Z",
        "updatedAt": "2026-03-11T20:58:32.115Z"
      }
    },
    {
      "type": "Feature",
      "id": 59740,
      "geometry": {
        "type": "Point",
        "coordinates": [
          53.5542753,
          28.5096973
        ]
      },
      "properties": {
        "id": "Mjg6MzI1Mjg",
        "city": "جهرم",
        "name:fa": "درمانگاه هلال احمر جهرم",
        "province": "استان فارس",
        "name:en": "Jahrom Red Crescent Clinic",
        "city:en": "Jahrom",
        "province:en": "Fars",
        "publicId": "Mjg6MzI1Mjg",
        "sourceId": "32528",
        "layerId": 28,
        "type": "location",
        "status": "active",
        "urgency": null,
        "verificationTag": null,
        "expirationDate": null,
        "createdAt": "2026-03-11T20:58:32.115Z",
        "updatedAt": "2026-03-11T20:58:32.115Z"
      }
    },
    {
      "type": "Feature",
      "id": 59741,
      "geometry": {
        "type": "Point",
        "coordinates": [
          50.239124,
          30.5871701
        ]
      },
      "properties": {
        "id": "Mjg6MzA0NzQ",
        "city": "بهبهان",
        "name:fa": "درمانگاه هلال‌احمر",
        "province": "استان خوزستان",
        "name:en": "Red Crescent Clinic",
        "city:en": "Behbahan",
        "province:en": "Khuzestan",
        "publicId": "Mjg6MzA0NzQ",
        "sourceId": "30474",
        "layerId": 28,
        "type": "location",
        "status": "active",
        "urgency": null,
        "verificationTag": null,
        "expirationDate": null,
        "createdAt": "2026-03-11T20:58:32.116Z",
        "updatedAt": "2026-03-11T20:58:32.116Z"
      }
    },
    {
      "type": "Feature",
      "id": 59742,
      "geometry": {
        "type": "Point",
        "coordinates": [
          51.3830969,
          35.6689919
        ]
      },
      "properties": {
        "id": "Mjg6MjMzMjc",
        "city": "تهران",
        "name:fa": "دکتر سهراب سلیمانزاده (مطب ٢هلال احمر)",
        "province": "استان تهران",
        "name:en": "Dr. Sohrab Soleimanzadeh (Red Crescent Clinic 2)",
        "city:en": "Tehran",
        "province:en": "Tehran",
        "publicId": "Mjg6MjMzMjc",
        "sourceId": "23327",
        "layerId": 28,
        "type": "location",
        "status": "active",
        "urgency": null,
        "verificationTag": null,
        "expirationDate": null,
        "createdAt": "2026-03-11T20:58:32.116Z",
        "updatedAt": "2026-03-11T20:58:32.116Z"
      }
    },
    {
      "type": "Feature",
      "id": 59743,
      "geometry": {
        "type": "Point",
        "coordinates": [
          50.0054204,
          36.2707961
        ]
      },
      "properties": {
        "id": "Mjg6MTg4OTM",
        "city": "قزوین",
        "name:fa": "دکتر فرشته عطاران(کلینیک ویژه هلال احمر)",
        "province": "استان قزوین",
        "name:en": "Dr. Fereshteh Attaran (Red Crescent Special Clinic)",
        "city:en": "Qazvin",
        "province:en": "Qazvin",
        "publicId": "Mjg6MTg4OTM",
        "sourceId": "18893",
        "layerId": 28,
        "type": "location",
        "status": "active",
        "urgency": null,
        "verificationTag": null,
        "expirationDate": null,
        "createdAt": "2026-03-11T20:58:32.117Z",
        "updatedAt": "2026-03-11T20:58:32.117Z"
      }
    },
    {
      "type": "Feature",
      "id": 59744,
      "geometry": {
        "type": "Point",
        "coordinates": [
          52.5481358,
          29.6020681
        ]
      },
      "properties": {
        "id": "Mjg6MzE2NDU",
        "city": "شیراز",
        "name:fa": "روابط عمومی جمعیت هلال احمر استان فارس",
        "province": "استان فارس",
        "name:en": "Fars Province Red Crescent Society Public Relations",
        "city:en": "Shiraz",
        "province:en": "Fars",
        "publicId": "Mjg6MzE2NDU",
        "sourceId": "31645",
        "layerId": 28,
        "type": "location",
        "status": "active",
        "urgency": null,
        "verificationTag": null,
        "expirationDate": null,
        "createdAt": "2026-03-11T20:58:32.117Z",
        "updatedAt": "2026-03-11T20:58:32.117Z"
      }
    },
    {
      "type": "Feature",
      "id": 59745,
      "geometry": {
        "type": "Point",
        "coordinates": [
          52.5491779,
          29.5986861
        ]
      },
      "properties": {
        "id": "Mjg6MzM3ODc",
        "city": "شیراز",
        "name:fa": "روابط عمومی جمعیت هلال احمر استان فارس",
        "province": "استان فارس",
        "name:en": "Fars Province Red Crescent Society Public Relations",
        "city:en": "Shiraz",
        "province:en": "Fars",
        "publicId": "Mjg6MzM3ODc",
        "sourceId": "33787",
        "layerId": 28,
        "type": "location",
        "status": "active",
        "urgency": null,
        "verificationTag": null,
        "expirationDate": null,
        "createdAt": "2026-03-11T20:58:32.117Z",
        "updatedAt": "2026-03-11T20:58:32.117Z"
      }
    },
    {
      "type": "Feature",
      "id": 59746,
      "geometry": {
        "type": "Point",
        "coordinates": [
          54.4373927,
          36.8504084
        ]
      },
      "properties": {
        "id": "Mjg6MTY2Mzk",
        "city": "گرگان",
        "name:fa": "زمین فوتبال هلال احمر",
        "province": "استان گلستان",
        "name:en": "Red Crescent Football Pitch",
        "city:en": "Gorgan",
        "province:en": "Golestan",
        "publicId": "Mjg6MTY2Mzk",
        "sourceId": "16639",
        "layerId": 28,
        "type": "location",
        "status": "active",
        "urgency": null,
        "verificationTag": null,
        "expirationDate": null,
        "createdAt": "2026-03-11T20:58:32.118Z",
        "updatedAt": "2026-03-11T20:58:32.118Z"
      }
    },
    {
      "type": "Feature",
      "id": 59747,
      "geometry": {
        "type": "Point",
        "coordinates": [
          54.3035746,
          27.654148
        ]
      },
      "properties": {
        "id": "Mjg6MzI4NjY",
        "city": "لار",
        "name:fa": "زمین فوتبال هلال احمر",
        "province": "استان فارس",
        "name:en": "Red Crescent Football Pitch",
        "city:en": "Lar",
        "province:en": "Fars",
        "publicId": "Mjg6MzI4NjY",
        "sourceId": "32866",
        "layerId": 28,
        "type": "location",
        "status": "active",
        "urgency": null,
        "verificationTag": null,
        "expirationDate": null,
        "createdAt": "2026-03-11T20:58:32.118Z",
        "updatedAt": "2026-03-11T20:58:32.118Z"
      }
    },
    {
      "type": "Feature",
      "id": 59748,
      "geometry": {
        "type": "Point",
        "coordinates": [
          51.0477228,
          35.6924566
        ]
      },
      "properties": {
        "id": "Mjg6MjI5MzA",
        "city": "شهریار",
        "name:fa": "زمین ورزش هلال احمر",
        "province": "استان تهران",
        "name:en": "Red Crescent Sports Ground",
        "city:en": "Shahriar",
        "province:en": "Tehran",
        "publicId": "Mjg6MjI5MzA",
        "sourceId": "22930",
        "layerId": 28,
        "type": "location",
        "status": "active",
        "urgency": null,
        "verificationTag": null,
        "expirationDate": null,
        "createdAt": "2026-03-11T20:58:32.119Z",
        "updatedAt": "2026-03-11T20:58:32.119Z"
      }
    },
    {
      "type": "Feature",
      "id": 59749,
      "geometry": {
        "type": "Point",
        "coordinates": [
          57.009219,
          30.2688177
        ]
      },
      "properties": {
        "id": "Mjg6MzYwMjI",
        "city": "کرمان",
        "name:fa": "ساختمان ستادي جمعيت هلال احمر استان كرمان",
        "province": "استان کرمان",
        "name:en": "Kerman Province Red Crescent Society Headquarters Building",
        "city:en": "Kerman",
        "province:en": "Kerman",
        "publicId": "Mjg6MzYwMjI",
        "sourceId": "36022",
        "layerId": 28,
        "type": "location",
        "status": "active",
        "urgency": null,
        "verificationTag": null,
        "expirationDate": null,
        "createdAt": "2026-03-11T20:58:32.119Z",
        "updatedAt": "2026-03-11T20:58:32.119Z"
      }
    },
    {
      "type": "Feature",
      "id": 59750,
      "geometry": {
        "type": "Point",
        "coordinates": [
          57.0090008,
          30.2729506
        ]
      },
      "properties": {
        "id": "Mjg6MzA5MjE",
        "city": "کرمان",
        "name:fa": "ساختمان ستادی جمعیت هلال احمر استان کرمان",
        "province": "استان کرمان",
        "name:en": "Kerman Province Red Crescent Society Headquarters Building",
        "city:en": "Kerman",
        "province:en": "Kerman",
        "publicId": "Mjg6MzA5MjE",
        "sourceId": "30921",
        "layerId": 28,
        "type": "location",
        "status": "active",
        "urgency": null,
        "verificationTag": null,
        "expirationDate": null,
        "createdAt": "2026-03-11T20:58:32.120Z",
        "updatedAt": "2026-03-11T20:58:32.120Z"
      }
    },
    {
      "type": "Feature",
      "id": 59751,
      "geometry": {
        "type": "Point",
        "coordinates": [
          56.9643648,
          30.2466983
        ]
      },
      "properties": {
        "id": "Mjg6MzA5NzE",
        "city": "کرمان",
        "name:fa": "سازمان امداد و نجات جمعیت هلال احمر استان کرمان",
        "province": "استان کرمان",
        "name:en": "Kerman Province Red Crescent Society Relief and Rescue Organization",
        "city:en": "Kerman",
        "province:en": "Kerman",
        "publicId": "Mjg6MzA5NzE",
        "sourceId": "30971",
        "layerId": 28,
        "type": "location",
        "status": "active",
        "urgency": null,
        "verificationTag": null,
        "expirationDate": null,
        "createdAt": "2026-03-11T20:58:32.120Z",
        "updatedAt": "2026-03-11T20:58:32.120Z"
      }
    },
    {
      "type": "Feature",
      "id": 59752,
      "geometry": {
        "type": "Point",
        "coordinates": [
          51.2604073,
          35.6623293
        ]
      },
      "properties": {
        "id": "Mjg6MjMyNDI",
        "city": "تهران",
        "name:fa": "سازمان امداد و نجات هلال احمر",
        "province": "استان تهران",
        "name:en": "Red Crescent Relief and Rescue Organization",
        "city:en": "Tehran",
        "province:en": "Tehran",
        "publicId": "Mjg6MjMyNDI",
        "sourceId": "23242",
        "layerId": 28,
        "type": "location",
        "status": "active",
        "urgency": null,
        "verificationTag": null,
        "expirationDate": null,
        "createdAt": "2026-03-11T20:58:32.121Z",
        "updatedAt": "2026-03-11T20:58:32.121Z"
      }
    },
    {
      "type": "Feature",
      "id": 59753,
      "geometry": {
        "type": "Point",
        "coordinates": [
          56.9636594,
          30.2466763
        ]
      },
      "properties": {
        "id": "Mjg6MzA5NzA",
        "city": "کرمان",
        "name:fa": "سازمان امداد و نجات، جمعیت هلال احمر استان کرمان",
        "province": "استان کرمان",
        "name:en": "Kerman Province Red Crescent Society Relief and Rescue Organization",
        "city:en": "Kerman",
        "province:en": "Kerman",
        "publicId": "Mjg6MzA5NzA",
        "sourceId": "30970",
        "layerId": 28,
        "type": "location",
        "status": "active",
        "urgency": null,
        "verificationTag": null,
        "expirationDate": null,
        "createdAt": "2026-03-11T20:58:32.121Z",
        "updatedAt": "2026-03-11T20:58:32.121Z"
      }
    },
    {
      "type": "Feature",
      "id": 59754,
      "geometry": {
        "type": "Point",
        "coordinates": [
          51.2639027,
          35.6659368
        ]
      },
      "properties": {
        "id": "Mjg6MzM3ODM",
        "city": "تهران",
        "name:fa": "سازمان امداد ونجات جمعیت هلال احمر",
        "province": "استان تهران",
        "name:en": "Relief and Rescue Organization of Red Crescent Society",
        "city:en": "Tehran",
        "province:en": "Tehran",
        "publicId": "Mjg6MzM3ODM",
        "sourceId": "33783",
        "layerId": 28,
        "type": "location",
        "status": "active",
        "urgency": null,
        "verificationTag": null,
        "expirationDate": null,
        "createdAt": "2026-03-11T20:58:32.121Z",
        "updatedAt": "2026-03-11T20:58:32.121Z"
      }
    },
    {
      "type": "Feature",
      "id": 59755,
      "geometry": {
        "type": "Point",
        "coordinates": [
          49.8291209,
          30.6964342
        ]
      },
      "properties": {
        "id": "Mjg6MzU1OTM",
        "city": "آغاجاری",
        "name:fa": "سازمان جمعیت هلال احمر آغاجاری",
        "province": "استان خوزستان",
        "name:en": "Aghajari Red Crescent Society Organization",
        "city:en": "Aghajari",
        "province:en": "Khuzestan",
        "publicId": "Mjg6MzU1OTM",
        "sourceId": "35593",
        "layerId": 28,
        "type": "location",
        "status": "active",
        "urgency": null,
        "verificationTag": null,
        "expirationDate": null,
        "createdAt": "2026-03-11T20:58:32.122Z",
        "updatedAt": "2026-03-11T20:58:32.122Z"
      }
    },
    {
      "type": "Feature",
      "id": 59756,
      "geometry": {
        "type": "Point",
        "coordinates": [
          51.2050579,
          29.2664546
        ]
      },
      "properties": {
        "id": "Mjg6MzQ1OTU",
        "city": "برازجان",
        "name:fa": "سازمان جمعیت هلال احمر شهرستان دشتستان",
        "province": "استان بوشهر",
        "name:en": "Dashtestan County Red Crescent Society Organization",
        "city:en": "Borazjan",
        "province:en": "Bushehr",
        "publicId": "Mjg6MzQ1OTU",
        "sourceId": "34595",
        "layerId": 28,
        "type": "location",
        "status": "active",
        "urgency": null,
        "verificationTag": null,
        "expirationDate": null,
        "createdAt": "2026-03-11T20:58:32.122Z",
        "updatedAt": "2026-03-11T20:58:32.122Z"
      }
    },
    {
      "type": "Feature",
      "id": 59757,
      "geometry": {
        "type": "Point",
        "coordinates": [
          51.4179723,
          35.7105645
        ]
      },
      "properties": {
        "id": "Mjg6MjI3Mjg",
        "city": "تهران",
        "name:fa": "سازمان داوطلبان جمعیت هلال احمر",
        "province": "استان تهران",
        "name:en": "Volunteers Organization of Red Crescent Society",
        "city:en": "Tehran",
        "province:en": "Tehran",
        "publicId": "Mjg6MjI3Mjg",
        "sourceId": "22728",
        "layerId": 28,
        "type": "location",
        "status": "active",
        "urgency": null,
        "verificationTag": null,
        "expirationDate": null,
        "createdAt": "2026-03-11T20:58:32.122Z",
        "updatedAt": "2026-03-11T20:58:32.122Z"
      }
    },
    {
      "type": "Feature",
      "id": 59758,
      "geometry": {
        "type": "Point",
        "coordinates": [
          57.9103102,
          37.4071905
        ]
      },
      "properties": {
        "id": "Mjg6MTU0NzQ",
        "city": "شیروان",
        "name:fa": "سازمان هلال احمر",
        "province": "استان خراسان شمالی",
        "name:en": "Red Crescent Organization",
        "city:en": "Shirvan",
        "province:en": "North Khorasan",
        "publicId": "Mjg6MTU0NzQ",
        "sourceId": "15474",
        "layerId": 28,
        "type": "location",
        "status": "active",
        "urgency": null,
        "verificationTag": null,
        "expirationDate": null,
        "createdAt": "2026-03-11T20:58:32.123Z",
        "updatedAt": "2026-03-11T20:58:32.123Z"
      }
    },
    {
      "type": "Feature",
      "id": 59759,
      "geometry": {
        "type": "Point",
        "coordinates": [
          46.2303118,
          37.3899425
        ]
      },
      "properties": {
        "id": "Mjg6MTU0ODI",
        "city": "مراغه",
        "name:fa": "سازمان هلال احمر",
        "province": "استان آذربایجان شرقی",
        "name:en": "Red Crescent Organization",
        "city:en": "Maragheh",
        "province:en": "East Azerbaijan",
        "publicId": "Mjg6MTU0ODI",
        "sourceId": "15482",
        "layerId": 28,
        "type": "location",
        "status": "active",
        "urgency": null,
        "verificationTag": null,
        "expirationDate": null,
        "createdAt": "2026-03-11T20:58:32.123Z",
        "updatedAt": "2026-03-11T20:58:32.123Z"
      }
    },
    {
      "type": "Feature",
      "id": 59760,
      "geometry": {
        "type": "Point",
        "coordinates": [
          59.2023531,
          35.2810825
        ]
      },
      "properties": {
        "id": "Mjg6MjQ3MDI",
        "city": "تربت حيدريه",
        "name:fa": "سازمان هلال احمر",
        "province": "استان خراسان رضوی",
        "name:en": "Red Crescent Organization",
        "city:en": "Torbat-e Heydarieh",
        "province:en": "Razavi Khorasan",
        "publicId": "Mjg6MjQ3MDI",
        "sourceId": "24702",
        "layerId": 28,
        "type": "location",
        "status": "active",
        "urgency": null,
        "verificationTag": null,
        "expirationDate": null,
        "createdAt": "2026-03-11T20:58:32.124Z",
        "updatedAt": "2026-03-11T20:58:32.124Z"
      }
    },
    {
      "type": "Feature",
      "id": 59761,
      "geometry": {
        "type": "Point",
        "coordinates": [
          47.0415768,
          34.2898871
        ]
      },
      "properties": {
        "id": "Mjg6MjYwNDQ",
        "city": "کرمانشاه",
        "name:fa": "سازمان هلال احمر",
        "province": "استان کرمانشاه",
        "name:en": "Red Crescent Organization",
        "city:en": "Kermanshah",
        "province:en": "Kermanshah",
        "publicId": "Mjg6MjYwNDQ",
        "sourceId": "26044",
        "layerId": 28,
        "type": "location",
        "status": "active",
        "urgency": null,
        "verificationTag": null,
        "expirationDate": null,
        "createdAt": "2026-03-11T20:58:32.124Z",
        "updatedAt": "2026-03-11T20:58:32.124Z"
      }
    },
    {
      "type": "Feature",
      "id": 59762,
      "geometry": {
        "type": "Point",
        "coordinates": [
          46.5621051,
          33.7656527
        ]
      },
      "properties": {
        "id": "Mjg6MjY3NTk",
        "city": "سرابله",
        "name:fa": "سازمان هلال احمر",
        "province": "استان ایلام",
        "name:en": "Red Crescent Organization",
        "city:en": "Sarableh",
        "province:en": "Ilam",
        "publicId": "Mjg6MjY3NTk",
        "sourceId": "26759",
        "layerId": 28,
        "type": "location",
        "status": "active",
        "urgency": null,
        "verificationTag": null,
        "expirationDate": null,
        "createdAt": "2026-03-11T20:58:32.124Z",
        "updatedAt": "2026-03-11T20:58:32.124Z"
      }
    },
    {
      "type": "Feature",
      "id": 59763,
      "geometry": {
        "type": "Point",
        "coordinates": [
          52.0644759,
          27.8298768
        ]
      },
      "properties": {
        "id": "Mjg6MzI3NzA",
        "city": "بندر کنگان",
        "name:fa": "سازمان هلال احمر",
        "province": "استان بوشهر",
        "name:en": "Red Crescent Organization",
        "city:en": "Bandar Kangan",
        "province:en": "Bushehr",
        "publicId": "Mjg6MzI3NzA",
        "sourceId": "32770",
        "layerId": 28,
        "type": "location",
        "status": "active",
        "urgency": null,
        "verificationTag": null,
        "expirationDate": null,
        "createdAt": "2026-03-11T20:58:32.125Z",
        "updatedAt": "2026-03-11T20:58:32.125Z"
      }
    },
    {
      "type": "Feature",
      "id": 59764,
      "geometry": {
        "type": "Point",
        "coordinates": [
          48.669439,
          31.3324609
        ]
      },
      "properties": {
        "id": "Mjg6Mjk3OTY",
        "city": "اهواز",
        "name:fa": "سازمان هلال احمر استان خوزستان",
        "province": "استان خوزستان",
        "name:en": "Khuzestan Province Red Crescent Organization",
        "city:en": "Ahvaz",
        "province:en": "Khuzestan",
        "publicId": "Mjg6Mjk3OTY",
        "sourceId": "29796",
        "layerId": 28,
        "type": "location",
        "status": "active",
        "urgency": null,
        "verificationTag": null,
        "expirationDate": null,
        "createdAt": "2026-03-11T20:58:32.125Z",
        "updatedAt": "2026-03-11T20:58:32.125Z"
      }
    },
    {
      "type": "Feature",
      "id": 59765,
      "geometry": {
        "type": "Point",
        "coordinates": [
          48.4383667,
          34.8930956
        ]
      },
      "properties": {
        "id": "Mjg6MjUwODI",
        "city": "بهار",
        "name:fa": "سازمان هلال احمر بهار",
        "province": "استان همدان",
        "name:en": "Bahar Red Crescent Organization",
        "city:en": "Bahar",
        "province:en": "Hamadan",
        "publicId": "Mjg6MjUwODI",
        "sourceId": "25082",
        "layerId": 28,
        "type": "location",
        "status": "active",
        "urgency": null,
        "verificationTag": null,
        "expirationDate": null,
        "createdAt": "2026-03-11T20:58:32.126Z",
        "updatedAt": "2026-03-11T20:58:32.126Z"
      }
    },
    {
      "type": "Feature",
      "id": 59766,
      "geometry": {
        "type": "Point",
        "coordinates": [
          48.513093,
          36.661561
        ]
      },
      "properties": {
        "id": "Mjg6MTcxNDE",
        "city": "زنجان",
        "name:fa": "سازمان هلال احمر زنجان",
        "province": "استان زنجان",
        "name:en": "Zanjan Red Crescent Organization",
        "city:en": "Zanjan",
        "province:en": "Zanjan",
        "publicId": "Mjg6MTcxNDE",
        "sourceId": "17141",
        "layerId": 28,
        "type": "location",
        "status": "active",
        "urgency": null,
        "verificationTag": null,
        "expirationDate": null,
        "createdAt": "2026-03-11T20:58:32.126Z",
        "updatedAt": "2026-03-11T20:58:32.126Z"
      }
    },
    {
      "type": "Feature",
      "id": 59767,
      "geometry": {
        "type": "Point",
        "coordinates": [
          51.3757235,
          28.6497439
        ]
      },
      "properties": {
        "id": "Mjg6MzI0ODk",
        "city": "خورموج",
        "name:fa": "سازمان هلال احمر شهرستان دشتی",
        "province": "استان بوشهر",
        "name:en": "Dashti County Red Crescent Organization",
        "city:en": "Khormoj",
        "province:en": "Bushehr",
        "publicId": "Mjg6MzI0ODk",
        "sourceId": "32489",
        "layerId": 28,
        "type": "location",
        "status": "active",
        "urgency": null,
        "verificationTag": null,
        "expirationDate": null,
        "createdAt": "2026-03-11T20:58:32.126Z",
        "updatedAt": "2026-03-11T20:58:32.126Z"
      }
    },
    {
      "type": "Feature",
      "id": 59768,
      "geometry": {
        "type": "Point",
        "coordinates": [
          52.843903,
          36.4395751
        ]
      },
      "properties": {
        "id": "Mjg6MTc5MTI",
        "city": "قائم شهر",
        "name:fa": "سازمان هلال احمر قائمشهر",
        "province": "استان مازندران",
        "name:en": "Qaem Shahr Red Crescent Organization",
        "city:en": "Qaem Shahr",
        "province:en": "Mazandaran",
        "publicId": "Mjg6MTc5MTI",
        "sourceId": "17912",
        "layerId": 28,
        "type": "location",
        "status": "active",
        "urgency": null,
        "verificationTag": null,
        "expirationDate": null,
        "createdAt": "2026-03-11T20:58:32.127Z",
        "updatedAt": "2026-03-11T20:58:32.127Z"
      }
    },
    {
      "type": "Feature",
      "id": 59769,
      "geometry": {
        "type": "Point",
        "coordinates": [
          61.4506584,
          29.019323
        ]
      },
      "properties": {
        "id": "Mjg6MzIxOTk",
        "city": "میرجاوه",
        "name:fa": "سازمان هلال احمر میرجاوه",
        "province": "استان سیستان و بلوچستان",
        "name:en": "Mirjaveh Red Crescent Organization",
        "city:en": "Mirjaveh",
        "province:en": "Sistan and Baluchestan",
        "publicId": "Mjg6MzIxOTk",
        "sourceId": "32199",
        "layerId": 28,
        "type": "location",
        "status": "active",
        "urgency": null,
        "verificationTag": null,
        "expirationDate": null,
        "createdAt": "2026-03-11T20:58:32.127Z",
        "updatedAt": "2026-03-11T20:58:32.127Z"
      }
    },
    {
      "type": "Feature",
      "id": 59770,
      "geometry": {
        "type": "Point",
        "coordinates": [
          53.0585106,
          27.2064811
        ]
      },
      "properties": {
        "id": "Mjg6MzMxMzQ",
        "city": "پارسیان",
        "name:fa": "سازمان هلال احمر پارسیان",
        "province": "استان هرمزگان",
        "name:en": "Parsian Red Crescent Organization",
        "city:en": "Parsian",
        "province:en": "Hormozgan",
        "publicId": "Mjg6MzMxMzQ",
        "sourceId": "33134",
        "layerId": 28,
        "type": "location",
        "status": "active",
        "urgency": null,
        "verificationTag": null,
        "expirationDate": null,
        "createdAt": "2026-03-11T20:58:32.128Z",
        "updatedAt": "2026-03-11T20:58:32.128Z"
      }
    },
    {
      "type": "Feature",
      "id": 59771,
      "geometry": {
        "type": "Point",
        "coordinates": [
          54.2911368,
          31.903316
        ]
      },
      "properties": {
        "id": "Mjg6MzY1MTA",
        "city": "یزد",
        "name:fa": "سالن امداد کوهستان و سنگنوردی هلال احمر یزد",
        "province": "استان یزد",
        "name:en": "Yazd Red Crescent Mountain Rescue and Rock Climbing Hall",
        "city:en": "Yazd",
        "province:en": "Yazd",
        "publicId": "Mjg6MzY1MTA",
        "sourceId": "36510",
        "layerId": 28,
        "type": "location",
        "status": "active",
        "urgency": null,
        "verificationTag": null,
        "expirationDate": null,
        "createdAt": "2026-03-11T20:58:32.128Z",
        "updatedAt": "2026-03-11T20:58:32.128Z"
      }
    },
    {
      "type": "Feature",
      "id": 59772,
      "geometry": {
        "type": "Point",
        "coordinates": [
          50.8914815,
          34.6543896
        ]
      },
      "properties": {
        "id": "Mjg6MjU0NTQ",
        "city": "قم",
        "name:fa": "ستاد بحران هلال احمر استان قم",
        "province": "استان قم",
        "name:en": "Crisis Management Center of Qom Province Red Crescent",
        "city:en": "Qom",
        "province:en": "Qom",
        "publicId": "Mjg6MjU0NTQ",
        "sourceId": "25454",
        "layerId": 28,
        "type": "location",
        "status": "active",
        "urgency": null,
        "verificationTag": null,
        "expirationDate": null,
        "createdAt": "2026-03-11T20:58:32.128Z",
        "updatedAt": "2026-03-11T20:58:32.128Z"
      }
    },
    {
      "type": "Feature",
      "id": 59773,
      "geometry": {
        "type": "Point",
        "coordinates": [
          59.6116997,
          36.2627892
        ]
      },
      "properties": {
        "id": "Mjg6MTg5MzQ",
        "city": "مشهد",
        "name:fa": "سرای امدادگران جمعیت هلال‌احمر",
        "province": "استان خراسان رضوی",
        "name:en": "Rescuers House of Red Crescent Society",
        "city:en": "Mashhad",
        "province:en": "Razavi Khorasan",
        "publicId": "Mjg6MTg5MzQ",
        "sourceId": "18934",
        "layerId": 28,
        "type": "location",
        "status": "active",
        "urgency": null,
        "verificationTag": null,
        "expirationDate": null,
        "createdAt": "2026-03-11T20:58:32.129Z",
        "updatedAt": "2026-03-11T20:58:32.129Z"
      }
    },
    {
      "type": "Feature",
      "id": 59774,
      "geometry": {
        "type": "Point",
        "coordinates": [
          51.3850804,
          35.6679024
        ]
      },
      "properties": {
        "id": "Mjg6MjMzMzA",
        "city": "تهران",
        "name:fa": "سرای محله هلال احمر",
        "province": "استان تهران",
        "name:en": "Helal Ahmar Neighborhood Center",
        "city:en": "Tehran",
        "province:en": "Tehran",
        "publicId": "Mjg6MjMzMzA",
        "sourceId": "23330",
        "layerId": 28,
        "type": "location",
        "status": "active",
        "urgency": null,
        "verificationTag": null,
        "expirationDate": null,
        "createdAt": "2026-03-11T20:58:32.129Z",
        "updatedAt": "2026-03-11T20:58:32.129Z"
      }
    },
    {
      "type": "Feature",
      "id": 59775,
      "geometry": {
        "type": "Point",
        "coordinates": [
          54.8760579,
          26.54851
        ]
      },
      "properties": {
        "id": "Mjg6MzQyOTU",
        "city": "بندرلنگه",
        "name:fa": "شعبه هلال احمر بندر لنگه",
        "province": "استان هرمزگان",
        "name:en": "Bandar Lengeh Red Crescent Branch",
        "city:en": "Bandar Lengeh",
        "province:en": "Hormozgan",
        "publicId": "Mjg6MzQyOTU",
        "sourceId": "34295",
        "layerId": 28,
        "type": "location",
        "status": "active",
        "urgency": null,
        "verificationTag": null,
        "expirationDate": null,
        "createdAt": "2026-03-11T20:58:32.130Z",
        "updatedAt": "2026-03-11T20:58:32.130Z"
      }
    },
    {
      "type": "Feature",
      "id": 59776,
      "geometry": {
        "type": "Point",
        "coordinates": [
          53.053115,
          27.2109218
        ]
      },
      "properties": {
        "id": "Mjg6MzQyMTA",
        "city": "پارسیان",
        "name:fa": "شعبه هلال احمر پارسیان",
        "province": "استان هرمزگان",
        "name:en": "Parsian Red Crescent Branch",
        "city:en": "Parsian",
        "province:en": "Hormozgan",
        "publicId": "Mjg6MzQyMTA",
        "sourceId": "34210",
        "layerId": 28,
        "type": "location",
        "status": "active",
        "urgency": null,
        "verificationTag": null,
        "expirationDate": null,
        "createdAt": "2026-03-11T20:58:32.130Z",
        "updatedAt": "2026-03-11T20:58:32.130Z"
      }
    },
    {
      "type": "Feature",
      "id": 59777,
      "geometry": {
        "type": "Point",
        "coordinates": [
          57.2823393,
          37.4217773
        ]
      },
      "properties": {
        "id": "Mjg6NDA4ODg",
        "city": "شهرستان بجنورد",
        "name:fa": "فرماندهی عملیات امداد و نجات جمعیت هلال احمر خراسان شمالی",
        "province": "استان خراسان شمالی",
        "name:en": "Relief and Rescue Operations Command of North Khorasan Red Crescent Society",
        "city:en": "Bojnord County",
        "province:en": "North Khorasan",
        "publicId": "Mjg6NDA4ODg",
        "sourceId": "40888",
        "layerId": 28,
        "type": "location",
        "status": "active",
        "urgency": null,
        "verificationTag": null,
        "expirationDate": null,
        "createdAt": "2026-03-11T20:58:32.131Z",
        "updatedAt": "2026-03-11T20:58:32.131Z"
      }
    },
    {
      "type": "Feature",
      "id": 59778,
      "geometry": {
        "type": "Point",
        "coordinates": [
          51.8614957,
          32.0021975
        ]
      },
      "properties": {
        "id": "Mjg6MjkwMDU",
        "city": "شهرضا",
        "name:fa": "فیزیوتراپی هلال احمر شهرضا",
        "province": "استان اصفهان",
        "name:en": "Shahreza Red Crescent Physiotherapy",
        "city:en": "Shahreza",
        "province:en": "Isfahan",
        "publicId": "Mjg6MjkwMDU",
        "sourceId": "29005",
        "layerId": 28,
        "type": "location",
        "status": "active",
        "urgency": null,
        "verificationTag": null,
        "expirationDate": null,
        "createdAt": "2026-03-11T20:58:32.131Z",
        "updatedAt": "2026-03-11T20:58:32.131Z"
      }
    },
    {
      "type": "Feature",
      "id": 59779,
      "geometry": {
        "type": "Point",
        "coordinates": [
          59.5517993,
          36.3154861
        ]
      },
      "properties": {
        "id": "Mjg6MTgzODk",
        "city": "مشهد",
        "name:fa": "مجتمع آب درمانی هلال احمر",
        "province": "استان خراسان رضوی",
        "name:en": "Red Crescent Hydrotherapy Complex",
        "city:en": "Mashhad",
        "province:en": "Razavi Khorasan",
        "publicId": "Mjg6MTgzODk",
        "sourceId": "18389",
        "layerId": 28,
        "type": "location",
        "status": "active",
        "urgency": null,
        "verificationTag": null,
        "expirationDate": null,
        "createdAt": "2026-03-11T20:58:32.132Z",
        "updatedAt": "2026-03-11T20:58:32.132Z"
      }
    },
    {
      "type": "Feature",
      "id": 59780,
      "geometry": {
        "type": "Point",
        "coordinates": [
          51.433918,
          35.67267
        ]
      },
      "properties": {
        "id": "Mjg6MjMzODg",
        "city": "تهران",
        "name:fa": "مجتمع آموزشی هلال احمر",
        "province": "استان تهران",
        "name:en": "Red Crescent Educational Complex",
        "city:en": "Tehran",
        "province:en": "Tehran",
        "publicId": "Mjg6MjMzODg",
        "sourceId": "23388",
        "layerId": 28,
        "type": "location",
        "status": "active",
        "urgency": null,
        "verificationTag": null,
        "expirationDate": null,
        "createdAt": "2026-03-11T20:58:32.132Z",
        "updatedAt": "2026-03-11T20:58:32.132Z"
      }
    },
    {
      "type": "Feature",
      "id": 59781,
      "geometry": {
        "type": "Point",
        "coordinates": [
          50.129199,
          32.4626475
        ]
      },
      "properties": {
        "id": "Mjg6MjgzOTM",
        "city": "شهرستان کوهرنگ",
        "name:fa": "مجتمع اقامتی هلال احمر",
        "province": "استان چهارمحال و بختیاری",
        "name:en": "Red Crescent Accommodation Complex",
        "city:en": "Koohrang County",
        "province:en": "Chaharmahal and Bakhtiari",
        "publicId": "Mjg6MjgzOTM",
        "sourceId": "28393",
        "layerId": 28,
        "type": "location",
        "status": "active",
        "urgency": null,
        "verificationTag": null,
        "expirationDate": null,
        "createdAt": "2026-03-11T20:58:32.133Z",
        "updatedAt": "2026-03-11T20:58:32.133Z"
      }
    },
    {
      "type": "Feature",
      "id": 59782,
      "geometry": {
        "type": "Point",
        "coordinates": [
          53.0872263,
          36.8045021
        ]
      },
      "properties": {
        "id": "Mjg6MTY3NzI",
        "city": "شهرستان ساری",
        "name:fa": "مجتمع امداد و نجات بیژن دفتری هلال احمر",
        "province": "استان مازندران",
        "name:en": "Red Crescent Bijan Daftari Relief and Rescue Complex",
        "city:en": "Sari County",
        "province:en": "Mazandaran",
        "publicId": "Mjg6MTY3NzI",
        "sourceId": "16772",
        "layerId": 28,
        "type": "location",
        "status": "active",
        "urgency": null,
        "verificationTag": null,
        "expirationDate": null,
        "createdAt": "2026-03-11T20:58:32.133Z",
        "updatedAt": "2026-03-11T20:58:32.133Z"
      }
    },
    {
      "type": "Feature",
      "id": 59783,
      "geometry": {
        "type": "Point",
        "coordinates": [
          51.4470971,
          35.6444305
        ]
      },
      "properties": {
        "id": "Mjg6MjM1Nzg",
        "city": "تهران",
        "name:fa": "مجتمع امدادی آموزشی هلال احمر",
        "province": "استان تهران",
        "name:en": "Red Crescent Relief and Training Complex",
        "city:en": "Tehran",
        "province:en": "Tehran",
        "publicId": "Mjg6MjM1Nzg",
        "sourceId": "23578",
        "layerId": 28,
        "type": "location",
        "status": "active",
        "urgency": null,
        "verificationTag": null,
        "expirationDate": null,
        "createdAt": "2026-03-11T20:58:32.134Z",
        "updatedAt": "2026-03-11T20:58:32.134Z"
      }
    },
    {
      "type": "Feature",
      "id": 59784,
      "geometry": {
        "type": "Point",
        "coordinates": [
          48.5117358,
          36.6608617
        ]
      },
      "properties": {
        "id": "Mjg6MTcxNDI",
        "city": "زنجان",
        "name:fa": "مجتمع امدادی جمعیت هلال احمر زنجان",
        "province": "استان زنجان",
        "name:en": "Zanjan Red Crescent Society Relief Complex",
        "city:en": "Zanjan",
        "province:en": "Zanjan",
        "publicId": "Mjg6MTcxNDI",
        "sourceId": "17142",
        "layerId": 28,
        "type": "location",
        "status": "active",
        "urgency": null,
        "verificationTag": null,
        "expirationDate": null,
        "createdAt": "2026-03-11T20:58:32.134Z",
        "updatedAt": "2026-03-11T20:58:32.134Z"
      }
    },
    {
      "type": "Feature",
      "id": 59785,
      "geometry": {
        "type": "Point",
        "coordinates": [
          49.6843734,
          34.1136611
        ]
      },
      "properties": {
        "id": "Mjg6MjYyMzA",
        "city": "اراک",
        "name:fa": "مجتمع امدادی هلال احمر استان مرکزی",
        "province": "استان مرکزی",
        "name:en": "Markazi Province Red Crescent Relief Complex",
        "city:en": "Arak",
        "province:en": "Markazi",
        "publicId": "Mjg6MjYyMzA",
        "sourceId": "26230",
        "layerId": 28,
        "type": "location",
        "status": "active",
        "urgency": null,
        "verificationTag": null,
        "expirationDate": null,
        "createdAt": "2026-03-11T20:58:32.135Z",
        "updatedAt": "2026-03-11T20:58:32.135Z"
      }
    },
    {
      "type": "Feature",
      "id": 59786,
      "geometry": {
        "type": "Point",
        "coordinates": [
          48.2857463,
          38.2375449
        ]
      },
      "properties": {
        "id": "Mjg6MTQxODU",
        "city": "اردبیل",
        "name:fa": "مجتمع تجاری اداری هلال احمر",
        "province": "استان اردبیل",
        "name:en": "Red Crescent Commercial and Administrative Complex",
        "city:en": "Ardabil",
        "province:en": "Ardabil",
        "publicId": "Mjg6MTQxODU",
        "sourceId": "14185",
        "layerId": 28,
        "type": "location",
        "status": "active",
        "urgency": null,
        "verificationTag": null,
        "expirationDate": null,
        "createdAt": "2026-03-11T20:58:32.135Z",
        "updatedAt": "2026-03-11T20:58:32.135Z"
      }
    },
    {
      "type": "Feature",
      "id": 59787,
      "geometry": {
        "type": "Point",
        "coordinates": [
          51.5444384,
          35.734838
        ]
      },
      "properties": {
        "id": "Mjg6MzM5MzU",
        "city": "تهران",
        "name:fa": "مجتمع دارویی درمانی هلال احمر ایران",
        "province": "استان تهران",
        "name:en": "Iranian Red Crescent Pharmaceutical and Treatment Complex",
        "city:en": "Tehran",
        "province:en": "Tehran",
        "publicId": "Mjg6MzM5MzU",
        "sourceId": "33935",
        "layerId": 28,
        "type": "location",
        "status": "active",
        "urgency": null,
        "verificationTag": null,
        "expirationDate": null,
        "createdAt": "2026-03-11T20:58:32.135Z",
        "updatedAt": "2026-03-11T20:58:32.135Z"
      }
    },
    {
      "type": "Feature",
      "id": 59788,
      "geometry": {
        "type": "Point",
        "coordinates": [
          51.5444411,
          35.7358719
        ]
      },
      "properties": {
        "id": "Mjg6MjE4MDc",
        "city": "تهران",
        "name:fa": "مجتمع دارویی درمانی هلال احمرایران",
        "province": "استان تهران",
        "name:en": "Iranian Red Crescent Pharmaceutical and Treatment Complex",
        "city:en": "Tehran",
        "province:en": "Tehran",
        "publicId": "Mjg6MjE4MDc",
        "sourceId": "21807",
        "layerId": 28,
        "type": "location",
        "status": "active",
        "urgency": null,
        "verificationTag": null,
        "expirationDate": null,
        "createdAt": "2026-03-11T20:58:32.136Z",
        "updatedAt": "2026-03-11T20:58:32.136Z"
      }
    },
    {
      "type": "Feature",
      "id": 59789,
      "geometry": {
        "type": "Point",
        "coordinates": [
          59.5981036,
          36.287479
        ]
      },
      "properties": {
        "id": "Mjg6MTg4MDQ",
        "city": "مشهد",
        "name:fa": "مجتمع فرهنگی آموزشی شهدای امدادگر هلال احمر",
        "province": "استان خراسان رضوی",
        "name:en": "Red Crescent Rescuer Martyrs Cultural and Educational Complex",
        "city:en": "Mashhad",
        "province:en": "Razavi Khorasan",
        "publicId": "Mjg6MTg4MDQ",
        "sourceId": "18804",
        "layerId": 28,
        "type": "location",
        "status": "active",
        "urgency": null,
        "verificationTag": null,
        "expirationDate": null,
        "createdAt": "2026-03-11T20:58:32.136Z",
        "updatedAt": "2026-03-11T20:58:32.136Z"
      }
    },
    {
      "type": "Feature",
      "id": 59790,
      "geometry": {
        "type": "Point",
        "coordinates": [
          61.9987427,
          27.2865632
        ]
      },
      "properties": {
        "id": "Mjg6MzUwMjE",
        "city": "سوران",
        "name:fa": "مجتمع هلال احمر",
        "province": "استان سیستان و بلوچستان",
        "name:en": "Red Crescent Complex",
        "city:en": "Suran",
        "province:en": "Sistan and Baluchestan",
        "publicId": "Mjg6MzUwMjE",
        "sourceId": "35021",
        "layerId": 28,
        "type": "location",
        "status": "active",
        "urgency": null,
        "verificationTag": null,
        "expirationDate": null,
        "createdAt": "2026-03-11T20:58:32.137Z",
        "updatedAt": "2026-03-11T20:58:32.137Z"
      }
    },
    {
      "type": "Feature",
      "id": 59791,
      "geometry": {
        "type": "Point",
        "coordinates": [
          60.8923902,
          29.4503373
        ]
      },
      "properties": {
        "id": "Mjg6MzE5OTQ",
        "city": "زاهدان",
        "name:fa": "مجتمع هلال احمر",
        "province": "استان سیستان و بلوچستان",
        "name:en": "Red Crescent Complex",
        "city:en": "Zahedan",
        "province:en": "Sistan and Baluchestan",
        "publicId": "Mjg6MzE5OTQ",
        "sourceId": "31994",
        "layerId": 28,
        "type": "location",
        "status": "active",
        "urgency": null,
        "verificationTag": null,
        "expirationDate": null,
        "createdAt": "2026-03-11T20:58:32.137Z",
        "updatedAt": "2026-03-11T20:58:32.137Z"
      }
    },
    {
      "type": "Feature",
      "id": 59792,
      "geometry": {
        "type": "Point",
        "coordinates": [
          46.4243475,
          33.6357858
        ]
      },
      "properties": {
        "id": "Mjg6NDA4ODk",
        "city": "ایلام",
        "name:fa": "مجتمع هلال احمر",
        "province": "استان ایلام",
        "name:en": "Red Crescent Complex",
        "city:en": "Ilam",
        "province:en": "Ilam",
        "publicId": "Mjg6NDA4ODk",
        "sourceId": "40889",
        "layerId": 28,
        "type": "location",
        "status": "active",
        "urgency": null,
        "verificationTag": null,
        "expirationDate": null,
        "createdAt": "2026-03-11T20:58:32.137Z",
        "updatedAt": "2026-03-11T20:58:32.137Z"
      }
    },
    {
      "type": "Feature",
      "id": 59793,
      "geometry": {
        "type": "Point",
        "coordinates": [
          59.5353855,
          36.3656334
        ]
      },
      "properties": {
        "id": "Mjg6MTgxOTE",
        "city": "مشهد",
        "name:fa": "مجتمع پرورشی کودکان شهید هاشمی نژاد جمعیت هلال احمر خراسان",
        "province": "استان خراسان رضوی",
        "name:en": "Shahid Hasheminejad Children Care Complex of Khorasan Red Crescent Society",
        "city:en": "Mashhad",
        "province:en": "Razavi Khorasan",
        "publicId": "Mjg6MTgxOTE",
        "sourceId": "18191",
        "layerId": 28,
        "type": "location",
        "status": "active",
        "urgency": null,
        "verificationTag": null,
        "expirationDate": null,
        "createdAt": "2026-03-11T20:58:32.138Z",
        "updatedAt": "2026-03-11T20:58:32.138Z"
      }
    },
    {
      "type": "Feature",
      "id": 59794,
      "geometry": {
        "type": "Point",
        "coordinates": [
          45.8658788,
          34.4380179
        ]
      },
      "properties": {
        "id": "Mjg6MjU3NjE",
        "city": "شهرستان سرپل ذهاب",
        "name:fa": "مجتمع کشت و صنعت هلال احمر",
        "province": "استان کرمانشاه",
        "name:en": "Red Crescent Agro-Industrial Complex",
        "city:en": "Sarpol-e Zahab County",
        "province:en": "Kermanshah",
        "publicId": "Mjg6MjU3NjE",
        "sourceId": "25761",
        "layerId": 28,
        "type": "location",
        "status": "active",
        "urgency": null,
        "verificationTag": null,
        "expirationDate": null,
        "createdAt": "2026-03-11T20:58:32.138Z",
        "updatedAt": "2026-03-11T20:58:32.138Z"
      }
    },
    {
      "type": "Feature",
      "id": 59795,
      "geometry": {
        "type": "Point",
        "coordinates": [
          55.6907581,
          29.4512902
        ]
      },
      "properties": {
        "id": "Mjg6MzE5Nzc",
        "city": "سيرجان",
        "name:fa": "مجموعه فرهنگی هلال احمر",
        "province": "استان کرمان",
        "name:en": "Red Crescent Cultural Complex",
        "city:en": "Sirjan",
        "province:en": "Kerman",
        "publicId": "Mjg6MzE5Nzc",
        "sourceId": "31977",
        "layerId": 28,
        "type": "location",
        "status": "active",
        "urgency": null,
        "verificationTag": null,
        "expirationDate": null,
        "createdAt": "2026-03-11T20:58:32.139Z",
        "updatedAt": "2026-03-11T20:58:32.139Z"
      }
    },
    {
      "type": "Feature",
      "id": 59796,
      "geometry": {
        "type": "Point",
        "coordinates": [
          51.543721,
          35.7374602
        ]
      },
      "properties": {
        "id": "Mjg6MjE4MTE",
        "city": "تهران",
        "name:fa": "مجموعه هلال احمر ایران",
        "province": "استان تهران",
        "name:en": "Iranian Red Crescent Complex",
        "city:en": "Tehran",
        "province:en": "Tehran",
        "publicId": "Mjg6MjE4MTE",
        "sourceId": "21811",
        "layerId": 28,
        "type": "location",
        "status": "active",
        "urgency": null,
        "verificationTag": null,
        "expirationDate": null,
        "createdAt": "2026-03-11T20:58:32.139Z",
        "updatedAt": "2026-03-11T20:58:32.139Z"
      }
    },
    {
      "type": "Feature",
      "id": 59797,
      "geometry": {
        "type": "Point",
        "coordinates": [
          48.4002263,
          32.3833212
        ]
      },
      "properties": {
        "id": "Mjg6MzY2MzU",
        "city": "دزفول",
        "name:fa": "مرکز آموزش و پیشگیری جمعیت هلال احمر دزفول",
        "province": "استان خوزستان",
        "name:en": "Dezful Red Crescent Society Education and Prevention Center",
        "city:en": "Dezful",
        "province:en": "Khuzestan",
        "publicId": "Mjg6MzY2MzU",
        "sourceId": "36635",
        "layerId": 28,
        "type": "location",
        "status": "active",
        "urgency": null,
        "verificationTag": null,
        "expirationDate": null,
        "createdAt": "2026-03-11T20:58:32.140Z",
        "updatedAt": "2026-03-11T20:58:32.140Z"
      }
    },
    {
      "type": "Feature",
      "id": 59798,
      "geometry": {
        "type": "Point",
        "coordinates": [
          48.5114944,
          36.6617191
        ]
      },
      "properties": {
        "id": "Mjg6MTcxNDQ",
        "city": "زنجان",
        "name:fa": "مرکز ارتوپدی فنی شهید چمران هلال‌احمر",
        "province": "استان زنجان",
        "name:en": "Red Crescent Shahid Chamran Technical Orthopedics Center",
        "city:en": "Zanjan",
        "province:en": "Zanjan",
        "publicId": "Mjg6MTcxNDQ",
        "sourceId": "17144",
        "layerId": 28,
        "type": "location",
        "status": "active",
        "urgency": null,
        "verificationTag": null,
        "expirationDate": null,
        "createdAt": "2026-03-11T20:58:32.140Z",
        "updatedAt": "2026-03-11T20:58:32.140Z"
      }
    },
    {
      "type": "Feature",
      "id": 59799,
      "geometry": {
        "type": "Point",
        "coordinates": [
          51.8814526,
          29.5507974
        ]
      },
      "properties": {
        "id": "Mjg6MzE3NzI",
        "city": "شهرستان کازرون",
        "name:fa": "مرکز امداد جاده ای هلال احمر",
        "province": "استان فارس",
        "name:en": "Red Crescent Road Relief Center",
        "city:en": "Kazerun County",
        "province:en": "Fars",
        "publicId": "Mjg6MzE3NzI",
        "sourceId": "31772",
        "layerId": 28,
        "type": "location",
        "status": "active",
        "urgency": null,
        "verificationTag": null,
        "expirationDate": null,
        "createdAt": "2026-03-11T20:58:32.141Z",
        "updatedAt": "2026-03-11T20:58:32.141Z"
      }
    },
    {
      "type": "Feature",
      "id": 59800,
      "geometry": {
        "type": "Point",
        "coordinates": [
          54.6130881,
          36.2518743
        ]
      },
      "properties": {
        "id": "Mjg6MTkwMTM",
        "city": "شهرستان دامغان",
        "name:fa": "مرکز امداد جاده ای هلال احمر نعیم آباد",
        "province": "استان سمنان",
        "name:en": "Naeimabad Red Crescent Road Relief Center",
        "city:en": "Damghan County",
        "province:en": "Semnan",
        "publicId": "Mjg6MTkwMTM",
        "sourceId": "19013",
        "layerId": 28,
        "type": "location",
        "status": "active",
        "urgency": null,
        "verificationTag": null,
        "expirationDate": null,
        "createdAt": "2026-03-11T20:58:32.141Z",
        "updatedAt": "2026-03-11T20:58:32.141Z"
      }
    },
    {
      "type": "Feature",
      "id": 59801,
      "geometry": {
        "type": "Point",
        "coordinates": [
          48.2146959,
          35.2215844
        ]
      },
      "properties": {
        "id": "Mjg6MjQ3OTk",
        "city": "شهرستان کبودرآهنگ",
        "name:fa": "مرکز امداد هلال احمر گل تپه",
        "province": "استان همدان",
        "name:en": "Gol Tappeh Red Crescent Relief Center",
        "city:en": "Kabudarahang County",
        "province:en": "Hamadan",
        "publicId": "Mjg6MjQ3OTk",
        "sourceId": "24799",
        "layerId": 28,
        "type": "location",
        "status": "active",
        "urgency": null,
        "verificationTag": null,
        "expirationDate": null,
        "createdAt": "2026-03-11T20:58:32.141Z",
        "updatedAt": "2026-03-11T20:58:32.141Z"
      }
    },
    {
      "type": "Feature",
      "id": 59802,
      "geometry": {
        "type": "Point",
        "coordinates": [
          56.331648,
          27.2098721
        ]
      },
      "properties": {
        "id": "Mjg6MzQzNTU",
        "city": "بندر عباس",
        "name:fa": "مرکز بهداشت و درمان جمعیت هلال‌احمر استان هرمزگان",
        "province": "استان هرمزگان",
        "name:en": "Health and Treatment Center of Hormozgan Province Red Crescent Society",
        "city:en": "Bandar Abbas",
        "province:en": "Hormozgan",
        "publicId": "Mjg6MzQzNTU",
        "sourceId": "34355",
        "layerId": 28,
        "type": "location",
        "status": "active",
        "urgency": null,
        "verificationTag": null,
        "expirationDate": null,
        "createdAt": "2026-03-11T20:58:32.142Z",
        "updatedAt": "2026-03-11T20:58:32.142Z"
      }
    },
    {
      "type": "Feature",
      "id": 59803,
      "geometry": {
        "type": "Point",
        "coordinates": [
          51.708377,
          32.504262
        ]
      },
      "properties": {
        "id": "Mjg6NDA4OTA",
        "city": "شهرستان اصفهان",
        "name:fa": "مرکز بین المللی آموزشهای تخصصی جمعیت هلال احمر اصفهان",
        "province": "استان اصفهان",
        "name:en": "International Specialized Training Center of Isfahan Red Crescent Society",
        "city:en": "Isfahan County",
        "province:en": "Isfahan",
        "publicId": "Mjg6NDA4OTA",
        "sourceId": "40890",
        "layerId": 28,
        "type": "location",
        "status": "active",
        "urgency": null,
        "verificationTag": null,
        "expirationDate": null,
        "createdAt": "2026-03-11T20:58:32.142Z",
        "updatedAt": "2026-03-11T20:58:32.142Z"
      }
    },
    {
      "type": "Feature",
      "id": 59804,
      "geometry": {
        "type": "Point",
        "coordinates": [
          51.7065979,
          32.4958287
        ]
      },
      "properties": {
        "id": "Mjg6NDA4OTE",
        "city": "شهرستان اصفهان",
        "name:fa": "مرکز بین المللی آموزشهای تخصصی جمعیت هلال احمر اصفهان",
        "province": "استان اصفهان",
        "name:en": "International Specialized Training Center of Isfahan Red Crescent Society",
        "city:en": "Isfahan County",
        "province:en": "Isfahan",
        "publicId": "Mjg6NDA4OTE",
        "sourceId": "40891",
        "layerId": 28,
        "type": "location",
        "status": "active",
        "urgency": null,
        "verificationTag": null,
        "expirationDate": null,
        "createdAt": "2026-03-11T20:58:32.143Z",
        "updatedAt": "2026-03-11T20:58:32.143Z"
      }
    },
    {
      "type": "Feature",
      "id": 59805,
      "geometry": {
        "type": "Point",
        "coordinates": [
          51.7065968,
          32.5005304
        ]
      },
      "properties": {
        "id": "Mjg6MjgzMjk",
        "city": "شهرستان اصفهان",
        "name:fa": "مرکز بین المللی آموزش‌های تخصصی جمعیت هلال احمر",
        "province": "استان اصفهان",
        "name:en": "International Specialized Training Center of Red Crescent Society",
        "city:en": "Isfahan County",
        "province:en": "Isfahan",
        "publicId": "Mjg6MjgzMjk",
        "sourceId": "28329",
        "layerId": 28,
        "type": "location",
        "status": "active",
        "urgency": null,
        "verificationTag": null,
        "expirationDate": null,
        "createdAt": "2026-03-11T20:58:32.143Z",
        "updatedAt": "2026-03-11T20:58:32.143Z"
      }
    },
    {
      "type": "Feature",
      "id": 59806,
      "geometry": {
        "type": "Point",
        "coordinates": [
          51.3801317,
          35.6688623
        ]
      },
      "properties": {
        "id": "Mjg6MjMzMjQ",
        "city": "تهران",
        "name:fa": "مرکز تخصصی هلال احمر",
        "province": "استان تهران",
        "name:en": "Red Crescent Specialized Center",
        "city:en": "Tehran",
        "province:en": "Tehran",
        "publicId": "Mjg6MjMzMjQ",
        "sourceId": "23324",
        "layerId": 28,
        "type": "location",
        "status": "active",
        "urgency": null,
        "verificationTag": null,
        "expirationDate": null,
        "createdAt": "2026-03-11T20:58:32.144Z",
        "updatedAt": "2026-03-11T20:58:32.144Z"
      }
    },
    {
      "type": "Feature",
      "id": 59807,
      "geometry": {
        "type": "Point",
        "coordinates": [
          52.534547,
          29.606946
        ]
      },
      "properties": {
        "id": "Mjg6MzU3NDE",
        "city": "شیراز",
        "name:fa": "مرکز جامع توانبخشی و درمانگاه هلال احمر",
        "province": "استان فارس",
        "name:en": "Red Crescent Comprehensive Rehabilitation Center and Clinic",
        "city:en": "Shiraz",
        "province:en": "Fars",
        "publicId": "Mjg6MzU3NDE",
        "sourceId": "35741",
        "layerId": 28,
        "type": "location",
        "status": "active",
        "urgency": null,
        "verificationTag": null,
        "expirationDate": null,
        "createdAt": "2026-03-11T20:58:32.144Z",
        "updatedAt": "2026-03-11T20:58:32.144Z"
      }
    },
    {
      "type": "Feature",
      "id": 59808,
      "geometry": {
        "type": "Point",
        "coordinates": [
          45.0741121,
          37.5378206
        ]
      },
      "properties": {
        "id": "Mjg6MTUyMDY",
        "city": "ارومیه",
        "name:fa": "مرکز جوانان جمعیت هلال احمر",
        "province": "استان آذربایجان غربی",
        "name:en": "Red Crescent Society Youth Center",
        "city:en": "Urmia",
        "province:en": "West Azerbaijan",
        "publicId": "Mjg6MTUyMDY",
        "sourceId": "15206",
        "layerId": 28,
        "type": "location",
        "status": "active",
        "urgency": null,
        "verificationTag": null,
        "expirationDate": null,
        "createdAt": "2026-03-11T20:58:32.145Z",
        "updatedAt": "2026-03-11T20:58:32.145Z"
      }
    },
    {
      "type": "Feature",
      "id": 59809,
      "geometry": {
        "type": "Point",
        "coordinates": [
          50.9025764,
          34.6527525
        ]
      },
      "properties": {
        "id": "Mjg6MjU0NjA",
        "city": "قم",
        "name:fa": "مرکز جوانان هلال احمر",
        "province": "استان قم",
        "name:en": "Red Crescent Youth Center",
        "city:en": "Qom",
        "province:en": "Qom",
        "publicId": "Mjg6MjU0NjA",
        "sourceId": "25460",
        "layerId": 28,
        "type": "location",
        "status": "active",
        "urgency": null,
        "verificationTag": null,
        "expirationDate": null,
        "createdAt": "2026-03-11T20:58:32.145Z",
        "updatedAt": "2026-03-11T20:58:32.145Z"
      }
    },
    {
      "type": "Feature",
      "id": 59810,
      "geometry": {
        "type": "Point",
        "coordinates": [
          60.8670714,
          29.4907728
        ]
      },
      "properties": {
        "id": "Mjg6MzE4OTk",
        "city": "زاهدان",
        "name:fa": "مرکز فیزیوتراپی هلال احمر",
        "province": "استان سیستان و بلوچستان",
        "name:en": "Red Crescent Physiotherapy Center",
        "city:en": "Zahedan",
        "province:en": "Sistan and Baluchestan",
        "publicId": "Mjg6MzE4OTk",
        "sourceId": "31899",
        "layerId": 28,
        "type": "location",
        "status": "active",
        "urgency": null,
        "verificationTag": null,
        "expirationDate": null,
        "createdAt": "2026-03-11T20:58:32.146Z",
        "updatedAt": "2026-03-11T20:58:32.146Z"
      }
    },
    {
      "type": "Feature",
      "id": 59811,
      "geometry": {
        "type": "Point",
        "coordinates": [
          54.0757598,
          37.066594
        ]
      },
      "properties": {
        "id": "Mjg6MTYzMjQ",
        "city": "گمیش تپه",
        "name:fa": "مرکز فیزیوتراپی هلال احمر گمیشان",
        "province": "استان گلستان",
        "name:en": "Gomishan Red Crescent Physiotherapy Center",
        "city:en": "Gomish Tappeh",
        "province:en": "Golestan",
        "publicId": "Mjg6MTYzMjQ",
        "sourceId": "16324",
        "layerId": 28,
        "type": "location",
        "status": "active",
        "urgency": null,
        "verificationTag": null,
        "expirationDate": null,
        "createdAt": "2026-03-11T20:58:32.146Z",
        "updatedAt": "2026-03-11T20:58:32.146Z"
      }
    },
    {
      "type": "Feature",
      "id": 59812,
      "geometry": {
        "type": "Point",
        "coordinates": [
          51.5465333,
          35.7356858
        ]
      },
      "properties": {
        "id": "Mjg6MjE4MDg",
        "city": "تهران",
        "name:fa": "مرکز ناباروری رویش هلال احمر",
        "province": "استان تهران",
        "name:en": "Red Crescent Rouyesh Infertility Center",
        "city:en": "Tehran",
        "province:en": "Tehran",
        "publicId": "Mjg6MjE4MDg",
        "sourceId": "21808",
        "layerId": 28,
        "type": "location",
        "status": "active",
        "urgency": null,
        "verificationTag": null,
        "expirationDate": null,
        "createdAt": "2026-03-11T20:58:32.147Z",
        "updatedAt": "2026-03-11T20:58:32.147Z"
      }
    },
    {
      "type": "Feature",
      "id": 59813,
      "geometry": {
        "type": "Point",
        "coordinates": [
          49.9187677,
          36.2342104
        ]
      },
      "properties": {
        "id": "Mjg6MTkwODc",
        "city": "اقبالیه",
        "name:fa": "مرکز هلال احمر",
        "province": "استان قزوین",
        "name:en": "Red Crescent Center",
        "city:en": "Iqbalieh",
        "province:en": "Qazvin",
        "publicId": "Mjg6MTkwODc",
        "sourceId": "19087",
        "layerId": 28,
        "type": "location",
        "status": "active",
        "urgency": null,
        "verificationTag": null,
        "expirationDate": null,
        "createdAt": "2026-03-11T20:58:32.147Z",
        "updatedAt": "2026-03-11T20:58:32.147Z"
      }
    },
    {
      "type": "Feature",
      "id": 59814,
      "geometry": {
        "type": "Point",
        "coordinates": [
          51.4843047,
          34.061778
        ]
      },
      "properties": {
        "id": "Mjg6MjYzOTk",
        "city": "آران وبیدگل",
        "name:fa": "مرکز هلال احمر آران و بیدگل",
        "province": "استان اصفهان",
        "name:en": "Aran va Bidgol Red Crescent Center",
        "city:en": "Aran va Bidgol",
        "province:en": "Isfahan",
        "publicId": "Mjg6MjYzOTk",
        "sourceId": "26399",
        "layerId": 28,
        "type": "location",
        "status": "active",
        "urgency": null,
        "verificationTag": null,
        "expirationDate": null,
        "createdAt": "2026-03-11T20:58:32.147Z",
        "updatedAt": "2026-03-11T20:58:32.147Z"
      }
    },
    {
      "type": "Feature",
      "id": 59815,
      "geometry": {
        "type": "Point",
        "coordinates": [
          49.6982183,
          30.7601698
        ]
      },
      "properties": {
        "id": "Mjg6MzU1OTI",
        "city": "اميديه",
        "name:fa": "مرکز هلال احمر امیدیه",
        "province": "استان خوزستان",
        "name:en": "Omidiyeh Red Crescent Center",
        "city:en": "Omidiyeh",
        "province:en": "Khuzestan",
        "publicId": "Mjg6MzU1OTI",
        "sourceId": "35592",
        "layerId": 28,
        "type": "location",
        "status": "active",
        "urgency": null,
        "verificationTag": null,
        "expirationDate": null,
        "createdAt": "2026-03-11T20:58:32.148Z",
        "updatedAt": "2026-03-11T20:58:32.148Z"
      }
    },
    {
      "type": "Feature",
      "id": 59816,
      "geometry": {
        "type": "Point",
        "coordinates": [
          53.5159586,
          27.4400577
        ]
      },
      "properties": {
        "id": "Mjg6MzQ2OTY",
        "city": "بیرم",
        "name:fa": "مرکز هلال احمر شهرستان بیرم",
        "province": "استان فارس",
        "name:en": "Beyram County Red Crescent Center",
        "city:en": "Beyram",
        "province:en": "Fars",
        "publicId": "Mjg6MzQ2OTY",
        "sourceId": "34696",
        "layerId": 28,
        "type": "location",
        "status": "active",
        "urgency": null,
        "verificationTag": null,
        "expirationDate": null,
        "createdAt": "2026-03-11T20:58:32.148Z",
        "updatedAt": "2026-03-11T20:58:32.148Z"
      }
    },
    {
      "type": "Feature",
      "id": 59817,
      "geometry": {
        "type": "Point",
        "coordinates": [
          48.2147106,
          35.2202519
        ]
      },
      "properties": {
        "id": "Mjg6NDA4OTI",
        "city": "شهرستان کبودرآهنگ",
        "name:fa": "مرکز هلال احمر گل تپه",
        "province": "استان همدان",
        "name:en": "Gol Tappeh Red Crescent Center",
        "city:en": "Kabudarahang County",
        "province:en": "Hamadan",
        "publicId": "Mjg6NDA4OTI",
        "sourceId": "40892",
        "layerId": 28,
        "type": "location",
        "status": "active",
        "urgency": null,
        "verificationTag": null,
        "expirationDate": null,
        "createdAt": "2026-03-11T20:58:32.149Z",
        "updatedAt": "2026-03-11T20:58:32.149Z"
      }
    },
    {
      "type": "Feature",
      "id": 59818,
      "geometry": {
        "type": "Point",
        "coordinates": [
          46.0881762,
          36.9643024
        ]
      },
      "properties": {
        "id": "Mjg6MTY0NzM",
        "city": "مياندوآب",
        "name:fa": "مرکز واکسن کرونا ـ جمعیت هلال احمر",
        "province": "استان آذربایجان غربی",
        "name:en": "Red Crescent Society COVID-19 Vaccination Center",
        "city:en": "Miandoab",
        "province:en": "West Azerbaijan",
        "publicId": "Mjg6MTY0NzM",
        "sourceId": "16473",
        "layerId": 28,
        "type": "location",
        "status": "active",
        "urgency": null,
        "verificationTag": null,
        "expirationDate": null,
        "createdAt": "2026-03-11T20:58:32.149Z",
        "updatedAt": "2026-03-11T20:58:32.149Z"
      }
    },
    {
      "type": "Feature",
      "id": 59819,
      "geometry": {
        "type": "Point",
        "coordinates": [
          57.7454531,
          28.6808125
        ]
      },
      "properties": {
        "id": "Mjg6MzU0MjE",
        "city": "جيرفت",
        "name:fa": "مرکز پاسخگویی اضطراری هلال احمر جیرفت",
        "province": "استان کرمان",
        "name:en": "Red Crescent Emergency Response Center of Jiroft",
        "city:en": "Jiroft",
        "province:en": "Kerman",
        "publicId": "Mjg6MzU0MjE",
        "sourceId": "35421",
        "layerId": 28,
        "type": "location",
        "status": "active",
        "urgency": null,
        "verificationTag": null,
        "expirationDate": null,
        "createdAt": "2026-03-11T20:58:32.149Z",
        "updatedAt": "2026-03-11T20:58:32.149Z"
      }
    },
    {
      "type": "Feature",
      "id": 59820,
      "geometry": {
        "type": "Point",
        "coordinates": [
          46.5870456,
          34.8052818
        ]
      },
      "properties": {
        "id": "Mjg6MjUxNjQ",
        "city": "شهرستان جوانرود",
        "name:fa": "مرکز پزشکی هلال احمر",
        "province": "استان کرمانشاه",
        "name:en": "Red Crescent Medical Center",
        "city:en": "Javanrud County",
        "province:en": "Kermanshah",
        "publicId": "Mjg6MjUxNjQ",
        "sourceId": "25164",
        "layerId": 28,
        "type": "location",
        "status": "active",
        "urgency": null,
        "verificationTag": null,
        "expirationDate": null,
        "createdAt": "2026-03-11T20:58:32.150Z",
        "updatedAt": "2026-03-11T20:58:32.150Z"
      }
    },
    {
      "type": "Feature",
      "id": 59821,
      "geometry": {
        "type": "Point",
        "coordinates": [
          48.7619926,
          31.3084625
        ]
      },
      "properties": {
        "id": "Mjg6Mjk4ODQ",
        "city": "شهرستان اهواز",
        "name:fa": "مرکز کنترل وهماهنگی عملیات هلال احمر",
        "province": "استان خوزستان",
        "name:en": "Red Crescent Operational Control and Coordination Center",
        "city:en": "Ahvaz County",
        "province:en": "Khuzestan",
        "publicId": "Mjg6Mjk4ODQ",
        "sourceId": "29884",
        "layerId": 28,
        "type": "location",
        "status": "active",
        "urgency": null,
        "verificationTag": null,
        "expirationDate": null,
        "createdAt": "2026-03-11T20:58:32.150Z",
        "updatedAt": "2026-03-11T20:58:32.150Z"
      }
    },
    {
      "type": "Feature",
      "id": 59822,
      "geometry": {
        "type": "Point",
        "coordinates": [
          51.6904512,
          32.5460829
        ]
      },
      "properties": {
        "id": "Mjg6MjgzMDE",
        "city": "اصفهان",
        "name:fa": "معاونت امداد و نجات جمعیت هلال احمر استان اصفهان",
        "province": "استان اصفهان",
        "name:en": "Relief and Rescue Directorate of Isfahan Province Red Crescent Society",
        "city:en": "Isfahan",
        "province:en": "Isfahan",
        "publicId": "Mjg6MjgzMDE",
        "sourceId": "28301",
        "layerId": 28,
        "type": "location",
        "status": "active",
        "urgency": null,
        "verificationTag": null,
        "expirationDate": null,
        "createdAt": "2026-03-11T20:58:32.152Z",
        "updatedAt": "2026-03-11T20:58:32.152Z"
      }
    },
    {
      "type": "Feature",
      "id": 59823,
      "geometry": {
        "type": "Point",
        "coordinates": [
          46.4062057,
          33.6359584
        ]
      },
      "properties": {
        "id": "Mjg6MjY4NTU",
        "city": "ایلام",
        "name:fa": "معاونت پژوهش وفناوری هلال احمر",
        "province": "استان ایلام",
        "name:en": "Red Crescent Research and Technology Deputy",
        "city:en": "Ilam",
        "province:en": "Ilam",
        "publicId": "Mjg6MjY4NTU",
        "sourceId": "26855",
        "layerId": 28,
        "type": "location",
        "status": "active",
        "urgency": null,
        "verificationTag": null,
        "expirationDate": null,
        "createdAt": "2026-03-11T20:58:32.152Z",
        "updatedAt": "2026-03-11T20:58:32.152Z"
      }
    },
    {
      "type": "Feature",
      "id": 59824,
      "geometry": {
        "type": "Point",
        "coordinates": [
          51.2851198,
          35.7574777
        ]
      },
      "properties": {
        "id": "Mjg6MjA5ODI",
        "city": "تهران",
        "name:fa": "منطقه هلال احمر",
        "province": "استان تهران",
        "name:en": "Red Crescent District",
        "city:en": "Tehran",
        "province:en": "Tehran",
        "publicId": "Mjg6MjA5ODI",
        "sourceId": "20982",
        "layerId": 28,
        "type": "location",
        "status": "active",
        "urgency": null,
        "verificationTag": null,
        "expirationDate": null,
        "createdAt": "2026-03-11T20:58:32.152Z",
        "updatedAt": "2026-03-11T20:58:32.152Z"
      }
    },
    {
      "type": "Feature",
      "id": 59825,
      "geometry": {
        "type": "Point",
        "coordinates": [
          51.139728,
          35.7320312
        ]
      },
      "properties": {
        "id": "Mjg6MjEzOTM",
        "city": "تهران",
        "name:fa": "نساجی هلال احمر ایران",
        "province": "استان تهران",
        "name:en": "Iranian Red Crescent Textile",
        "city:en": "Tehran",
        "province:en": "Tehran",
        "publicId": "Mjg6MjEzOTM",
        "sourceId": "21393",
        "layerId": 28,
        "type": "location",
        "status": "active",
        "urgency": null,
        "verificationTag": null,
        "expirationDate": null,
        "createdAt": "2026-03-11T20:58:32.153Z",
        "updatedAt": "2026-03-11T20:58:32.153Z"
      }
    },
    {
      "type": "Feature",
      "id": 59826,
      "geometry": {
        "type": "Point",
        "coordinates": [
          45.5056541,
          37.7686072
        ]
      },
      "properties": {
        "id": "Mjg6MTQ5NTY",
        "city": "شهرستان اسکو",
        "name:fa": "هلال احمر",
        "province": "استان آذربایجان شرقی",
        "name:en": "Red Crescent",
        "city:en": "Osku County",
        "province:en": "East Azerbaijan",
        "publicId": "Mjg6MTQ5NTY",
        "sourceId": "14956",
        "layerId": 28,
        "type": "location",
        "status": "active",
        "urgency": null,
        "verificationTag": null,
        "expirationDate": null,
        "createdAt": "2026-03-11T20:58:32.153Z",
        "updatedAt": "2026-03-11T20:58:32.153Z"
      }
    },
    {
      "type": "Feature",
      "id": 59827,
      "geometry": {
        "type": "Point",
        "coordinates": [
          59.106975,
          37.4426425
        ]
      },
      "properties": {
        "id": "Mjg6MTU0MTg",
        "city": "درگز",
        "name:fa": "هلال احمر",
        "province": "استان خراسان رضوی",
        "name:en": "Red Crescent",
        "city:en": "Dargaz",
        "province:en": "Razavi Khorasan",
        "publicId": "Mjg6MTU0MTg",
        "sourceId": "15418",
        "layerId": 28,
        "type": "location",
        "status": "active",
        "urgency": null,
        "verificationTag": null,
        "expirationDate": null,
        "createdAt": "2026-03-11T20:58:32.154Z",
        "updatedAt": "2026-03-11T20:58:32.154Z"
      }
    },
    {
      "type": "Feature",
      "id": 59828,
      "geometry": {
        "type": "Point",
        "coordinates": [
          56.2803411,
          36.9815182
        ]
      },
      "properties": {
        "id": "Mjg6MTY0NTQ",
        "city": "گرمه",
        "name:fa": "هلال احمر",
        "province": "استان خراسان شمالی",
        "name:en": "Red Crescent",
        "city:en": "Garmeh",
        "province:en": "North Khorasan",
        "publicId": "Mjg6MTY0NTQ",
        "sourceId": "16454",
        "layerId": 28,
        "type": "location",
        "status": "active",
        "urgency": null,
        "verificationTag": null,
        "expirationDate": null,
        "createdAt": "2026-03-11T20:58:32.154Z",
        "updatedAt": "2026-03-11T20:58:32.154Z"
      }
    },
    {
      "type": "Feature",
      "id": 59829,
      "geometry": {
        "type": "Point",
        "coordinates": [
          53.950105,
          36.7763816
        ]
      },
      "properties": {
        "id": "Mjg6MTY4MDg",
        "city": "بندر گز",
        "name:fa": "هلال احمر",
        "province": "استان گلستان",
        "name:en": "Red Crescent",
        "city:en": "Bandar Gaz",
        "province:en": "Golestan",
        "publicId": "Mjg6MTY4MDg",
        "sourceId": "16808",
        "layerId": 28,
        "type": "location",
        "status": "active",
        "urgency": null,
        "verificationTag": null,
        "expirationDate": null,
        "createdAt": "2026-03-11T20:58:32.154Z",
        "updatedAt": "2026-03-11T20:58:32.154Z"
      }
    },
    {
      "type": "Feature",
      "id": 59830,
      "geometry": {
        "type": "Point",
        "coordinates": [
          48.8257219,
          36.1318049
        ]
      },
      "properties": {
        "id": "Mjg6MTkzNzI",
        "city": "شهرستان خدابنده",
        "name:fa": "هلال احمر",
        "province": "استان زنجان",
        "name:en": "Red Crescent",
        "city:en": "Khodabandeh County",
        "province:en": "Zanjan",
        "publicId": "Mjg6MTkzNzI",
        "sourceId": "19372",
        "layerId": 28,
        "type": "location",
        "status": "active",
        "urgency": null,
        "verificationTag": null,
        "expirationDate": null,
        "createdAt": "2026-03-11T20:58:32.155Z",
        "updatedAt": "2026-03-11T20:58:32.155Z"
      }
    },
    {
      "type": "Feature",
      "id": 59831,
      "geometry": {
        "type": "Point",
        "coordinates": [
          58.7545851,
          34.3496224
        ]
      },
      "properties": {
        "id": "Mjg6MjU5MTc",
        "city": "بیدخت",
        "name:fa": "هلال احمر",
        "province": "استان خراسان رضوی",
        "name:en": "Red Crescent",
        "city:en": "Beydokht",
        "province:en": "Razavi Khorasan",
        "publicId": "Mjg6MjU5MTc",
        "sourceId": "25917",
        "layerId": 28,
        "type": "location",
        "status": "active",
        "urgency": null,
        "verificationTag": null,
        "expirationDate": null,
        "createdAt": "2026-03-11T20:58:32.155Z",
        "updatedAt": "2026-03-11T20:58:32.155Z"
      }
    },
    {
      "type": "Feature",
      "id": 59832,
      "geometry": {
        "type": "Point",
        "coordinates": [
          50.9035581,
          32.8454657
        ]
      },
      "properties": {
        "id": "Mjg6Mjc0NTg",
        "city": "شهرستان تیران وکرون",
        "name:fa": "هلال احمر",
        "province": "استان اصفهان",
        "name:en": "Red Crescent",
        "city:en": "Tiran and Karvan County",
        "province:en": "Isfahan",
        "publicId": "Mjg6Mjc0NTg",
        "sourceId": "27458",
        "layerId": 28,
        "type": "location",
        "status": "active",
        "urgency": null,
        "verificationTag": null,
        "expirationDate": null,
        "createdAt": "2026-03-11T20:58:32.155Z",
        "updatedAt": "2026-03-11T20:58:32.155Z"
      }
    },
    {
      "type": "Feature",
      "id": 59833,
      "geometry": {
        "type": "Point",
        "coordinates": [
          50.2895187,
          31.7061642
        ]
      },
      "properties": {
        "id": "Mjg6Mjk0MjA",
        "city": "دهدز",
        "name:fa": "هلال احمر",
        "province": "استان خوزستان",
        "name:en": "Red Crescent",
        "city:en": "Dehdez",
        "province:en": "Khuzestan",
        "publicId": "Mjg6Mjk0MjA",
        "sourceId": "29420",
        "layerId": 28,
        "type": "location",
        "status": "active",
        "urgency": null,
        "verificationTag": null,
        "expirationDate": null,
        "createdAt": "2026-03-11T20:58:32.156Z",
        "updatedAt": "2026-03-11T20:58:32.156Z"
      }
    },
    {
      "type": "Feature",
      "id": 59834,
      "geometry": {
        "type": "Point",
        "coordinates": [
          62.333472,
          27.3676471
        ]
      },
      "properties": {
        "id": "Mjg6MzQ1NDA",
        "city": "سراوان",
        "name:fa": "هلال احمر",
        "province": "استان سیستان و بلوچستان",
        "name:en": "Red Crescent",
        "city:en": "Saravan",
        "province:en": "Sistan and Baluchestan",
        "publicId": "Mjg6MzQ1NDA",
        "sourceId": "34540",
        "layerId": 28,
        "type": "location",
        "status": "active",
        "urgency": null,
        "verificationTag": null,
        "expirationDate": null,
        "createdAt": "2026-03-11T20:58:32.156Z",
        "updatedAt": "2026-03-11T20:58:32.156Z"
      }
    },
    {
      "type": "Feature",
      "id": 59835,
      "geometry": {
        "type": "Point",
        "coordinates": [
          61.1596077,
          36.5299193
        ]
      },
      "properties": {
        "id": "Mjg6MzgxOTk",
        "city": "سرخس",
        "name:fa": "هلال احمر",
        "province": "استان خراسان رضوی",
        "name:en": "Red Crescent",
        "city:en": "Sarakhs",
        "province:en": "Razavi Khorasan",
        "publicId": "Mjg6MzgxOTk",
        "sourceId": "38199",
        "layerId": 28,
        "type": "location",
        "status": "active",
        "urgency": null,
        "verificationTag": null,
        "expirationDate": null,
        "createdAt": "2026-03-11T20:58:32.157Z",
        "updatedAt": "2026-03-11T20:58:32.157Z"
      }
    },
    {
      "type": "Feature",
      "id": 59836,
      "geometry": {
        "type": "Point",
        "coordinates": [
          44.5079088,
          39.2959768
        ]
      },
      "properties": {
        "id": "Mjg6Mzg1NzY",
        "city": "ماكو",
        "name:fa": "هلال احمر",
        "province": "استان آذربایجان غربی",
        "name:en": "Red Crescent",
        "city:en": "Maku",
        "province:en": "West Azerbaijan",
        "publicId": "Mjg6Mzg1NzY",
        "sourceId": "38576",
        "layerId": 28,
        "type": "location",
        "status": "active",
        "urgency": null,
        "verificationTag": null,
        "expirationDate": null,
        "createdAt": "2026-03-11T20:58:32.157Z",
        "updatedAt": "2026-03-11T20:58:32.157Z"
      }
    },
    {
      "type": "Feature",
      "id": 59837,
      "geometry": {
        "type": "Point",
        "coordinates": [
          48.2624151,
          32.2019632
        ]
      },
      "properties": {
        "id": "Mjg6Mjg4NDQ",
        "city": "شوش",
        "name:fa": "هلال احمر",
        "province": "استان خوزستان",
        "name:en": "Red Crescent",
        "city:en": "Shush",
        "province:en": "Khuzestan",
        "publicId": "Mjg6Mjg4NDQ",
        "sourceId": "28844",
        "layerId": 28,
        "type": "location",
        "status": "active",
        "urgency": null,
        "verificationTag": null,
        "expirationDate": null,
        "createdAt": "2026-03-11T20:58:32.157Z",
        "updatedAt": "2026-03-11T20:58:32.157Z"
      }
    },
    {
      "type": "Feature",
      "id": 59838,
      "geometry": {
        "type": "Point",
        "coordinates": [
          48.8521256,
          32.0473142
        ]
      },
      "properties": {
        "id": "Mjg6Mjg5NDE",
        "city": "شوشتر",
        "name:fa": "هلال احمر",
        "province": "استان خوزستان",
        "name:en": "Red Crescent",
        "city:en": "Shushtar",
        "province:en": "Khuzestan",
        "publicId": "Mjg6Mjg5NDE",
        "sourceId": "28941",
        "layerId": 28,
        "type": "location",
        "status": "active",
        "urgency": null,
        "verificationTag": null,
        "expirationDate": null,
        "createdAt": "2026-03-11T20:58:32.158Z",
        "updatedAt": "2026-03-11T20:58:32.158Z"
      }
    },
    {
      "type": "Feature",
      "id": 59839,
      "geometry": {
        "type": "Point",
        "coordinates": [
          57.7243231,
          29.8817729
        ]
      },
      "properties": {
        "id": "Mjg6MzExNTk",
        "city": "گلباف",
        "name:fa": "هلال احمر",
        "province": "استان کرمان",
        "name:en": "Red Crescent",
        "city:en": "Golbaf",
        "province:en": "Kerman",
        "publicId": "Mjg6MzExNTk",
        "sourceId": "31159",
        "layerId": 28,
        "type": "location",
        "status": "active",
        "urgency": null,
        "verificationTag": null,
        "expirationDate": null,
        "createdAt": "2026-03-11T20:58:32.158Z",
        "updatedAt": "2026-03-11T20:58:32.158Z"
      }
    },
    {
      "type": "Feature",
      "id": 59840,
      "geometry": {
        "type": "Point",
        "coordinates": [
          50.5082273,
          29.5657294
        ]
      },
      "properties": {
        "id": "Mjg6MzE3MjI",
        "city": "بندر گناوه",
        "name:fa": "هلال احمر",
        "province": "استان بوشهر",
        "name:en": "Red Crescent",
        "city:en": "Bandar Genaveh",
        "province:en": "Bushehr",
        "publicId": "Mjg6MzE3MjI",
        "sourceId": "31722",
        "layerId": 28,
        "type": "location",
        "status": "active",
        "urgency": null,
        "verificationTag": null,
        "expirationDate": null,
        "createdAt": "2026-03-11T20:58:32.159Z",
        "updatedAt": "2026-03-11T20:58:32.159Z"
      }
    },
    {
      "type": "Feature",
      "id": 59841,
      "geometry": {
        "type": "Point",
        "coordinates": [
          52.584127,
          28.8424217
        ]
      },
      "properties": {
        "id": "Mjg6MzIzOTE",
        "city": "فيروزآباد",
        "name:fa": "هلال احمر",
        "province": "استان فارس",
        "name:en": "Red Crescent",
        "city:en": "Firuzabad",
        "province:en": "Fars",
        "publicId": "Mjg6MzIzOTE",
        "sourceId": "32391",
        "layerId": 28,
        "type": "location",
        "status": "active",
        "urgency": null,
        "verificationTag": null,
        "expirationDate": null,
        "createdAt": "2026-03-11T20:58:32.159Z",
        "updatedAt": "2026-03-11T20:58:32.159Z"
      }
    },
    {
      "type": "Feature",
      "id": 59842,
      "geometry": {
        "type": "Point",
        "coordinates": [
          57.9878622,
          28.0299354
        ]
      },
      "properties": {
        "id": "Mjg6MzI2OTU",
        "city": "رودبار",
        "name:fa": "هلال احمر",
        "province": "استان کرمان",
        "name:en": "Red Crescent",
        "city:en": "Rudbar",
        "province:en": "Kerman",
        "publicId": "Mjg6MzI2OTU",
        "sourceId": "32695",
        "layerId": 28,
        "type": "location",
        "status": "active",
        "urgency": null,
        "verificationTag": null,
        "expirationDate": null,
        "createdAt": "2026-03-11T20:58:32.159Z",
        "updatedAt": "2026-03-11T20:58:32.159Z"
      }
    },
    {
      "type": "Feature",
      "id": 59843,
      "geometry": {
        "type": "Point",
        "coordinates": [
          60.2445884,
          26.2413235
        ]
      },
      "properties": {
        "id": "Mjg6MzM1ODg",
        "city": "نیک شهر",
        "name:fa": "هلال احمر",
        "province": "استان سیستان و بلوچستان",
        "name:en": "Red Crescent",
        "city:en": "Nik Shahr",
        "province:en": "Sistan and Baluchestan",
        "publicId": "Mjg6MzM1ODg",
        "sourceId": "33588",
        "layerId": 28,
        "type": "location",
        "status": "active",
        "urgency": null,
        "verificationTag": null,
        "expirationDate": null,
        "createdAt": "2026-03-11T20:58:32.160Z",
        "updatedAt": "2026-03-11T20:58:32.160Z"
      }
    },
    {
      "type": "Feature",
      "id": 59844,
      "geometry": {
        "type": "Point",
        "coordinates": [
          47.116621,
          38.2680347
        ]
      },
      "properties": {
        "id": "Mjg6MTQwODE",
        "city": "برازین",
        "name:fa": "هلال احمر",
        "province": "استان آذربایجان شرقی",
        "name:en": "Red Crescent",
        "city:en": "Barazin",
        "province:en": "East Azerbaijan",
        "publicId": "Mjg6MTQwODE",
        "sourceId": "14081",
        "layerId": 28,
        "type": "location",
        "status": "active",
        "urgency": null,
        "verificationTag": null,
        "expirationDate": null,
        "createdAt": "2026-03-11T20:58:32.160Z",
        "updatedAt": "2026-03-11T20:58:32.160Z"
      }
    },
    {
      "type": "Feature",
      "id": 59845,
      "geometry": {
        "type": "Point",
        "coordinates": [
          46.303335,
          38.0619428
        ]
      },
      "properties": {
        "id": "Mjg6MTQ2MjM",
        "city": "تبریز",
        "name:fa": "هلال احمر",
        "province": "استان آذربایجان شرقی",
        "name:en": "Red Crescent",
        "city:en": "Tabriz",
        "province:en": "East Azerbaijan",
        "publicId": "Mjg6MTQ2MjM",
        "sourceId": "14623",
        "layerId": 28,
        "type": "location",
        "status": "active",
        "urgency": null,
        "verificationTag": null,
        "expirationDate": null,
        "createdAt": "2026-03-11T20:58:32.160Z",
        "updatedAt": "2026-03-11T20:58:32.160Z"
      }
    },
    {
      "type": "Feature",
      "id": 59846,
      "geometry": {
        "type": "Point",
        "coordinates": [
          46.6715339,
          37.9141119
        ]
      },
      "properties": {
        "id": "Mjg6MTQ4OTE",
        "city": "شهرستان بستان آباد",
        "name:fa": "هلال احمر",
        "province": "استان آذربایجان شرقی",
        "name:en": "Red Crescent",
        "city:en": "Bostanabad County",
        "province:en": "East Azerbaijan",
        "publicId": "Mjg6MTQ4OTE",
        "sourceId": "14891",
        "layerId": 28,
        "type": "location",
        "status": "active",
        "urgency": null,
        "verificationTag": null,
        "expirationDate": null,
        "createdAt": "2026-03-11T20:58:32.161Z",
        "updatedAt": "2026-03-11T20:58:32.161Z"
      }
    },
    {
      "type": "Feature",
      "id": 59847,
      "geometry": {
        "type": "Point",
        "coordinates": [
          55.9561868,
          37.897666
        ]
      },
      "properties": {
        "id": "Mjg6MTQ4OTg",
        "city": "شهرستان مراوه‌تپه",
        "name:fa": "هلال احمر",
        "province": "استان گلستان",
        "name:en": "Red Crescent",
        "city:en": "Maraveh Tappeh County",
        "province:en": "Golestan",
        "publicId": "Mjg6MTQ4OTg",
        "sourceId": "14898",
        "layerId": 28,
        "type": "location",
        "status": "active",
        "urgency": null,
        "verificationTag": null,
        "expirationDate": null,
        "createdAt": "2026-03-11T20:58:32.161Z",
        "updatedAt": "2026-03-11T20:58:32.161Z"
      }
    },
    {
      "type": "Feature",
      "id": 59848,
      "geometry": {
        "type": "Point",
        "coordinates": [
          45.8934572,
          37.7807882
        ]
      },
      "properties": {
        "id": "Mjg6MTQ5NDM",
        "city": "شهرستان آذرشهر",
        "name:fa": "هلال احمر",
        "province": "استان آذربایجان شرقی",
        "name:en": "Red Crescent",
        "city:en": "Azarshahr County",
        "province:en": "East Azerbaijan",
        "publicId": "Mjg6MTQ5NDM",
        "sourceId": "14943",
        "layerId": 28,
        "type": "location",
        "status": "active",
        "urgency": null,
        "verificationTag": null,
        "expirationDate": null,
        "createdAt": "2026-03-11T20:58:32.162Z",
        "updatedAt": "2026-03-11T20:58:32.162Z"
      }
    },
    {
      "type": "Feature",
      "id": 59849,
      "geometry": {
        "type": "Point",
        "coordinates": [
          46.8384263,
          37.6625543
        ]
      },
      "properties": {
        "id": "Mjg6MTUwMDk",
        "city": "شهرستان بستان آباد",
        "name:fa": "هلال احمر",
        "province": "استان آذربایجان شرقی",
        "name:en": "Red Crescent",
        "city:en": "Bostanabad County",
        "province:en": "East Azerbaijan",
        "publicId": "Mjg6MTUwMDk",
        "sourceId": "15009",
        "layerId": 28,
        "type": "location",
        "status": "active",
        "urgency": null,
        "verificationTag": null,
        "expirationDate": null,
        "createdAt": "2026-03-11T20:58:32.162Z",
        "updatedAt": "2026-03-11T20:58:32.162Z"
      }
    },
    {
      "type": "Feature",
      "id": 59850,
      "geometry": {
        "type": "Point",
        "coordinates": [
          48.5394229,
          37.6135207
        ]
      },
      "properties": {
        "id": "Mjg6MTUwNDg",
        "city": "خلخال",
        "name:fa": "هلال احمر",
        "province": "استان اردبیل",
        "name:en": "Red Crescent",
        "city:en": "Khalkhal",
        "province:en": "Ardabil",
        "publicId": "Mjg6MTUwNDg",
        "sourceId": "15048",
        "layerId": 28,
        "type": "location",
        "status": "active",
        "urgency": null,
        "verificationTag": null,
        "expirationDate": null,
        "createdAt": "2026-03-11T20:58:32.162Z",
        "updatedAt": "2026-03-11T20:58:32.162Z"
      }
    },
    {
      "type": "Feature",
      "id": 59851,
      "geometry": {
        "type": "Point",
        "coordinates": [
          57.1019956,
          37.5363382
        ]
      },
      "properties": {
        "id": "Mjg6MTUyMzQ",
        "city": "شهرستان بجنورد",
        "name:fa": "هلال احمر",
        "province": "استان خراسان شمالی",
        "name:en": "Red Crescent",
        "city:en": "Bojnourd County",
        "province:en": "North Khorasan",
        "publicId": "Mjg6MTUyMzQ",
        "sourceId": "15234",
        "layerId": 28,
        "type": "location",
        "status": "active",
        "urgency": null,
        "verificationTag": null,
        "expirationDate": null,
        "createdAt": "2026-03-11T20:58:32.163Z",
        "updatedAt": "2026-03-11T20:58:32.163Z"
      }
    },
    {
      "type": "Feature",
      "id": 59852,
      "geometry": {
        "type": "Point",
        "coordinates": [
          45.899853,
          37.4673457
        ]
      },
      "properties": {
        "id": "Mjg6MTUzMzI",
        "city": "عجب شیر",
        "name:fa": "هلال احمر",
        "province": "استان آذربایجان شرقی",
        "name:en": "Red Crescent",
        "city:en": "Ajab Shir",
        "province:en": "East Azerbaijan",
        "publicId": "Mjg6MTUzMzI",
        "sourceId": "15332",
        "layerId": 28,
        "type": "location",
        "status": "active",
        "urgency": null,
        "verificationTag": null,
        "expirationDate": null,
        "createdAt": "2026-03-11T20:58:32.163Z",
        "updatedAt": "2026-03-11T20:58:32.163Z"
      }
    },
    {
      "type": "Feature",
      "id": 59853,
      "geometry": {
        "type": "Point",
        "coordinates": [
          49.9466439,
          37.3907214
        ]
      },
      "properties": {
        "id": "Mjg6MTU1MTg",
        "city": "شهرستان آستانه اشرفیه",
        "name:fa": "هلال احمر",
        "province": "استان گیلان",
        "name:en": "Red Crescent",
        "city:en": "Astaneh-ye Ashrafiyeh County",
        "province:en": "Gilan",
        "publicId": "Mjg6MTU1MTg",
        "sourceId": "15518",
        "layerId": 28,
        "type": "location",
        "status": "active",
        "urgency": null,
        "verificationTag": null,
        "expirationDate": null,
        "createdAt": "2026-03-11T20:58:32.163Z",
        "updatedAt": "2026-03-11T20:58:32.163Z"
      }
    },
    {
      "type": "Feature",
      "id": 59854,
      "geometry": {
        "type": "Point",
        "coordinates": [
          49.5855488,
          37.2836536
        ]
      },
      "properties": {
        "id": "Mjg6MTU3MzY",
        "city": "رشت",
        "name:fa": "هلال احمر",
        "province": "استان گیلان",
        "name:en": "Red Crescent",
        "city:en": "Rasht",
        "province:en": "Gilan",
        "publicId": "Mjg6MTU3MzY",
        "sourceId": "15736",
        "layerId": 28,
        "type": "location",
        "status": "active",
        "urgency": null,
        "verificationTag": null,
        "expirationDate": null,
        "createdAt": "2026-03-11T20:58:32.164Z",
        "updatedAt": "2026-03-11T20:58:32.164Z"
      }
    },
    {
      "type": "Feature",
      "id": 59855,
      "geometry": {
        "type": "Point",
        "coordinates": [
          49.8796959,
          37.1691186
        ]
      },
      "properties": {
        "id": "Mjg6MTYxNDQ",
        "city": "شهرستان سیاهکل",
        "name:fa": "هلال احمر",
        "province": "استان گیلان",
        "name:en": "Red Crescent",
        "city:en": "Siahkal County",
        "province:en": "Gilan",
        "publicId": "Mjg6MTYxNDQ",
        "sourceId": "16144",
        "layerId": 28,
        "type": "location",
        "status": "active",
        "urgency": null,
        "verificationTag": null,
        "expirationDate": null,
        "createdAt": "2026-03-11T20:58:32.164Z",
        "updatedAt": "2026-03-11T20:58:32.164Z"
      }
    },
    {
      "type": "Feature",
      "id": 59856,
      "geometry": {
        "type": "Point",
        "coordinates": [
          46.1001174,
          37.1590329
        ]
      },
      "properties": {
        "id": "Mjg6MTYxNTc",
        "city": "ملکان",
        "name:fa": "هلال احمر",
        "province": "استان آذربایجان شرقی",
        "name:en": "Red Crescent",
        "city:en": "Malekan",
        "province:en": "East Azerbaijan",
        "publicId": "Mjg6MTYxNTc",
        "sourceId": "16157",
        "layerId": 28,
        "type": "location",
        "status": "active",
        "urgency": null,
        "verificationTag": null,
        "expirationDate": null,
        "createdAt": "2026-03-11T20:58:32.165Z",
        "updatedAt": "2026-03-11T20:58:32.165Z"
      }
    },
    {
      "type": "Feature",
      "id": 59857,
      "geometry": {
        "type": "Point",
        "coordinates": [
          48.9510106,
          36.9316086
        ]
      },
      "properties": {
        "id": "Mjg6MTY1MjM",
        "city": "آب بر",
        "name:fa": "هلال احمر",
        "province": "استان زنجان",
        "name:en": "Red Crescent",
        "city:en": "Ab Bar",
        "province:en": "Zanjan",
        "publicId": "Mjg6MTY1MjM",
        "sourceId": "16523",
        "layerId": 28,
        "type": "location",
        "status": "active",
        "urgency": null,
        "verificationTag": null,
        "expirationDate": null,
        "createdAt": "2026-03-11T20:58:32.165Z",
        "updatedAt": "2026-03-11T20:58:32.165Z"
      }
    },
    {
      "type": "Feature",
      "id": 59858,
      "geometry": {
        "type": "Point",
        "coordinates": [
          54.4546272,
          36.834406
        ]
      },
      "properties": {
        "id": "Mjg6MTY3MDc",
        "city": "گرگان",
        "name:fa": "هلال احمر",
        "province": "استان گلستان",
        "name:en": "Red Crescent",
        "city:en": "Gorgan",
        "province:en": "Golestan",
        "publicId": "Mjg6MTY3MDc",
        "sourceId": "16707",
        "layerId": 28,
        "type": "location",
        "status": "active",
        "urgency": null,
        "verificationTag": null,
        "expirationDate": null,
        "createdAt": "2026-03-11T20:58:32.165Z",
        "updatedAt": "2026-03-11T20:58:32.165Z"
      }
    },
    {
      "type": "Feature",
      "id": 59859,
      "geometry": {
        "type": "Point",
        "coordinates": [
          49.4132102,
          36.8083624
        ]
      },
      "properties": {
        "id": "Mjg6MTY3NjQ",
        "city": "خلیل آباد",
        "name:fa": "هلال احمر",
        "province": "استان گیلان",
        "name:en": "Red Crescent",
        "city:en": "Khalil Abad",
        "province:en": "Gilan",
        "publicId": "Mjg6MTY3NjQ",
        "sourceId": "16764",
        "layerId": 28,
        "type": "location",
        "status": "active",
        "urgency": null,
        "verificationTag": null,
        "expirationDate": null,
        "createdAt": "2026-03-11T20:58:32.166Z",
        "updatedAt": "2026-03-11T20:58:32.166Z"
      }
    },
    {
      "type": "Feature",
      "id": 59860,
      "geometry": {
        "type": "Point",
        "coordinates": [
          45.1390135,
          36.6965306
        ]
      },
      "properties": {
        "id": "Mjg6MTY5NDA",
        "city": "پيرانشهر",
        "name:fa": "هلال احمر",
        "province": "استان آذربایجان غربی",
        "name:en": "Red Crescent",
        "city:en": "Piranshahr",
        "province:en": "West Azerbaijan",
        "publicId": "Mjg6MTY5NDA",
        "sourceId": "16940",
        "layerId": 28,
        "type": "location",
        "status": "active",
        "urgency": null,
        "verificationTag": null,
        "expirationDate": null,
        "createdAt": "2026-03-11T20:58:32.166Z",
        "updatedAt": "2026-03-11T20:58:32.166Z"
      }
    },
    {
      "type": "Feature",
      "id": 59861,
      "geometry": {
        "type": "Point",
        "coordinates": [
          48.5491928,
          36.6585487
        ]
      },
      "properties": {
        "id": "Mjg6MTcxNTE",
        "city": "زنجان",
        "name:fa": "هلال احمر",
        "province": "استان زنجان",
        "name:en": "Red Crescent",
        "city:en": "Zanjan",
        "province:en": "Zanjan",
        "publicId": "Mjg6MTcxNTE",
        "sourceId": "17151",
        "layerId": 28,
        "type": "location",
        "status": "active",
        "urgency": null,
        "verificationTag": null,
        "expirationDate": null,
        "createdAt": "2026-03-11T20:58:32.166Z",
        "updatedAt": "2026-03-11T20:58:32.166Z"
      }
    },
    {
      "type": "Feature",
      "id": 59862,
      "geometry": {
        "type": "Point",
        "coordinates": [
          57.0772295,
          36.6550413
        ]
      },
      "properties": {
        "id": "Mjg6MTcxODg",
        "city": "شهرستان جغتای",
        "name:fa": "هلال احمر",
        "province": "استان خراسان رضوی",
        "name:en": "Red Crescent",
        "city:en": "Joghatai County",
        "province:en": "Razavi Khorasan",
        "publicId": "Mjg6MTcxODg",
        "sourceId": "17188",
        "layerId": 28,
        "type": "location",
        "status": "active",
        "urgency": null,
        "verificationTag": null,
        "expirationDate": null,
        "createdAt": "2026-03-11T20:58:32.167Z",
        "updatedAt": "2026-03-11T20:58:32.167Z"
      }
    },
    {
      "type": "Feature",
      "id": 59863,
      "geometry": {
        "type": "Point",
        "coordinates": [
          46.2063088,
          36.52505
        ]
      },
      "properties": {
        "id": "Mjg6MTc2NDE",
        "city": "بوکان",
        "name:fa": "هلال احمر",
        "province": "استان آذربایجان غربی",
        "name:en": "Red Crescent",
        "city:en": "Bukan",
        "province:en": "West Azerbaijan",
        "publicId": "Mjg6MTc2NDE",
        "sourceId": "17641",
        "layerId": 28,
        "type": "location",
        "status": "active",
        "urgency": null,
        "verificationTag": null,
        "expirationDate": null,
        "createdAt": "2026-03-11T20:58:32.167Z",
        "updatedAt": "2026-03-11T20:58:32.167Z"
      }
    },
    {
      "type": "Feature",
      "id": 59864,
      "geometry": {
        "type": "Point",
        "coordinates": [
          52.5429793,
          36.507463
        ]
      },
      "properties": {
        "id": "Mjg6MTc3MjY",
        "city": "شهرستان بابل",
        "name:fa": "هلال احمر",
        "province": "استان مازندران",
        "name:en": "Red Crescent",
        "city:en": "Babol County",
        "province:en": "Mazandaran",
        "publicId": "Mjg6MTc3MjY",
        "sourceId": "17726",
        "layerId": 28,
        "type": "location",
        "status": "active",
        "urgency": null,
        "verificationTag": null,
        "expirationDate": null,
        "createdAt": "2026-03-11T20:58:32.168Z",
        "updatedAt": "2026-03-11T20:58:32.168Z"
      }
    },
    {
      "type": "Feature",
      "id": 59865,
      "geometry": {
        "type": "Point",
        "coordinates": [
          52.9279433,
          36.4988508
        ]
      },
      "properties": {
        "id": "Mjg6MTc3Mjk",
        "city": "شهرستان قائم‌شهر",
        "name:fa": "هلال احمر",
        "province": "استان مازندران",
        "name:en": "Red Crescent",
        "city:en": "Qaem Shahr County",
        "province:en": "Mazandaran",
        "publicId": "Mjg6MTc3Mjk",
        "sourceId": "17729",
        "layerId": 28,
        "type": "location",
        "status": "active",
        "urgency": null,
        "verificationTag": null,
        "expirationDate": null,
        "createdAt": "2026-03-11T20:58:32.168Z",
        "updatedAt": "2026-03-11T20:58:32.168Z"
      }
    },
    {
      "type": "Feature",
      "id": 59866,
      "geometry": {
        "type": "Point",
        "coordinates": [
          47.1205102,
          36.4068334
        ]
      },
      "properties": {
        "id": "Mjg6MTc5Nzk",
        "city": "تكاب",
        "name:fa": "هلال احمر",
        "province": "استان آذربایجان غربی",
        "name:en": "Red Crescent",
        "city:en": "Takab",
        "province:en": "West Azerbaijan",
        "publicId": "Mjg6MTc5Nzk",
        "sourceId": "17979",
        "layerId": 28,
        "type": "location",
        "status": "active",
        "urgency": null,
        "verificationTag": null,
        "expirationDate": null,
        "createdAt": "2026-03-11T20:58:32.168Z",
        "updatedAt": "2026-03-11T20:58:32.168Z"
      }
    },
    {
      "type": "Feature",
      "id": 59867,
      "geometry": {
        "type": "Point",
        "coordinates": [
          54.9762337,
          36.4158056
        ]
      },
      "properties": {
        "id": "Mjg6MTgwMDQ",
        "city": "شاهرود",
        "name:fa": "هلال احمر",
        "province": "استان سمنان",
        "name:en": "Red Crescent",
        "city:en": "Shahroud",
        "province:en": "Semnan",
        "publicId": "Mjg6MTgwMDQ",
        "sourceId": "18004",
        "layerId": 28,
        "type": "location",
        "status": "active",
        "urgency": null,
        "verificationTag": null,
        "expirationDate": null,
        "createdAt": "2026-03-11T20:58:32.169Z",
        "updatedAt": "2026-03-11T20:58:32.169Z"
      }
    },
    {
      "type": "Feature",
      "id": 59868,
      "geometry": {
        "type": "Point",
        "coordinates": [
          50.695632,
          36.1509648
        ]
      },
      "properties": {
        "id": "Mjg6MTkzNTU",
        "city": "شهرستان طالقان",
        "name:fa": "هلال احمر",
        "province": "استان البرز",
        "name:en": "Red Crescent",
        "city:en": "Taleqan County",
        "province:en": "Alborz",
        "publicId": "Mjg6MTkzNTU",
        "sourceId": "19355",
        "layerId": 28,
        "type": "location",
        "status": "active",
        "urgency": null,
        "verificationTag": null,
        "expirationDate": null,
        "createdAt": "2026-03-11T20:58:32.169Z",
        "updatedAt": "2026-03-11T20:58:32.169Z"
      }
    },
    {
      "type": "Feature",
      "id": 59869,
      "geometry": {
        "type": "Point",
        "coordinates": [
          49.5912217,
          36.0529763
        ]
      },
      "properties": {
        "id": "Mjg6MTk0NDg",
        "city": "قره‌باغ",
        "name:fa": "هلال احمر",
        "province": "استان قزوین",
        "name:en": "Red Crescent",
        "city:en": "Qareh Bagh",
        "province:en": "Qazvin",
        "publicId": "Mjg6MTk0NDg",
        "sourceId": "19448",
        "layerId": 28,
        "type": "location",
        "status": "active",
        "urgency": null,
        "verificationTag": null,
        "expirationDate": null,
        "createdAt": "2026-03-11T20:58:32.169Z",
        "updatedAt": "2026-03-11T20:58:32.169Z"
      }
    },
    {
      "type": "Feature",
      "id": 59870,
      "geometry": {
        "type": "Point",
        "coordinates": [
          52.2590245,
          36.0630939
        ]
      },
      "properties": {
        "id": "Mjg6MTk0NTU",
        "city": "شهرستان آمل",
        "name:fa": "هلال احمر",
        "province": "استان مازندران",
        "name:en": "Red Crescent",
        "city:en": "Amol County",
        "province:en": "Mazandaran",
        "publicId": "Mjg6MTk0NTU",
        "sourceId": "19455",
        "layerId": 28,
        "type": "location",
        "status": "active",
        "urgency": null,
        "verificationTag": null,
        "expirationDate": null,
        "createdAt": "2026-03-11T20:58:32.170Z",
        "updatedAt": "2026-03-11T20:58:32.170Z"
      }
    },
    {
      "type": "Feature",
      "id": 59871,
      "geometry": {
        "type": "Point",
        "coordinates": [
          50.5222794,
          36.0402289
        ]
      },
      "properties": {
        "id": "Mjg6MTk0NjQ",
        "city": "آبیک",
        "name:fa": "هلال احمر",
        "province": "استان قزوین",
        "name:en": "Red Crescent",
        "city:en": "Abyek",
        "province:en": "Qazvin",
        "publicId": "Mjg6MTk0NjQ",
        "sourceId": "19464",
        "layerId": 28,
        "type": "location",
        "status": "active",
        "urgency": null,
        "verificationTag": null,
        "expirationDate": null,
        "createdAt": "2026-03-11T20:58:32.170Z",
        "updatedAt": "2026-03-11T20:58:32.170Z"
      }
    },
    {
      "type": "Feature",
      "id": 59872,
      "geometry": {
        "type": "Point",
        "coordinates": [
          49.7301815,
          35.9584915
        ]
      },
      "properties": {
        "id": "Mjg6MTk1OTA",
        "city": "شهرستان تاکستان",
        "name:fa": "هلال احمر",
        "province": "استان قزوین",
        "name:en": "Red Crescent",
        "city:en": "Takestan County",
        "province:en": "Qazvin",
        "publicId": "Mjg6MTk1OTA",
        "sourceId": "19590",
        "layerId": 28,
        "type": "location",
        "status": "active",
        "urgency": null,
        "verificationTag": null,
        "expirationDate": null,
        "createdAt": "2026-03-11T20:58:32.171Z",
        "updatedAt": "2026-03-11T20:58:32.171Z"
      }
    },
    {
      "type": "Feature",
      "id": 59873,
      "geometry": {
        "type": "Point",
        "coordinates": [
          47.605074,
          35.8646326
        ]
      },
      "properties": {
        "id": "Mjg6MTk3MDA",
        "city": "بیجار",
        "name:fa": "هلال احمر",
        "province": "استان کردستان",
        "name:en": "Red Crescent",
        "city:en": "Bijar",
        "province:en": "Kurdistan",
        "publicId": "Mjg6MTk3MDA",
        "sourceId": "19700",
        "layerId": 28,
        "type": "location",
        "status": "active",
        "urgency": null,
        "verificationTag": null,
        "expirationDate": null,
        "createdAt": "2026-03-11T20:58:32.171Z",
        "updatedAt": "2026-03-11T20:58:32.171Z"
      }
    },
    {
      "type": "Feature",
      "id": 59874,
      "geometry": {
        "type": "Point",
        "coordinates": [
          52.0482458,
          35.840636
        ]
      },
      "properties": {
        "id": "Mjg6MTk4Mzc",
        "city": "پلور",
        "name:fa": "هلال احمر",
        "province": "استان مازندران",
        "name:en": "Red Crescent",
        "city:en": "Polur",
        "province:en": "Mazandaran",
        "publicId": "Mjg6MTk4Mzc",
        "sourceId": "19837",
        "layerId": 28,
        "type": "location",
        "status": "active",
        "urgency": null,
        "verificationTag": null,
        "expirationDate": null,
        "createdAt": "2026-03-11T20:58:32.171Z",
        "updatedAt": "2026-03-11T20:58:32.171Z"
      }
    },
    {
      "type": "Feature",
      "id": 59875,
      "geometry": {
        "type": "Point",
        "coordinates": [
          51.417,
          35.7025179
        ]
      },
      "properties": {
        "id": "Mjg6MjI3MzE",
        "city": "تهران",
        "name:fa": "هلال احمر",
        "province": "استان تهران",
        "name:en": "Red Crescent",
        "city:en": "Tehran",
        "province:en": "Tehran",
        "publicId": "Mjg6MjI3MzE",
        "sourceId": "22731",
        "layerId": 28,
        "type": "location",
        "status": "active",
        "urgency": null,
        "verificationTag": null,
        "expirationDate": null,
        "createdAt": "2026-03-11T20:58:32.172Z",
        "updatedAt": "2026-03-11T20:58:32.172Z"
      }
    },
    {
      "type": "Feature",
      "id": 59876,
      "geometry": {
        "type": "Point",
        "coordinates": [
          49.2240031,
          35.5842429
        ]
      },
      "properties": {
        "id": "Mjg6MjM5MzA",
        "city": "آوج",
        "name:fa": "هلال احمر",
        "province": "استان قزوین",
        "name:en": "Red Crescent",
        "city:en": "Avaj",
        "province:en": "Qazvin",
        "publicId": "Mjg6MjM5MzA",
        "sourceId": "23930",
        "layerId": 28,
        "type": "location",
        "status": "active",
        "urgency": null,
        "verificationTag": null,
        "expirationDate": null,
        "createdAt": "2026-03-11T20:58:32.172Z",
        "updatedAt": "2026-03-11T20:58:32.172Z"
      }
    },
    {
      "type": "Feature",
      "id": 59877,
      "geometry": {
        "type": "Point",
        "coordinates": [
          48.4719466,
          35.4767881
        ]
      },
      "properties": {
        "id": "Mjg6MjQzMTA",
        "city": "شهرستان کبودرآهنگ",
        "name:fa": "هلال احمر",
        "province": "استان همدان",
        "name:en": "Red Crescent",
        "city:en": "Kabudarahang County",
        "province:en": "Hamadan",
        "publicId": "Mjg6MjQzMTA",
        "sourceId": "24310",
        "layerId": 28,
        "type": "location",
        "status": "active",
        "urgency": null,
        "verificationTag": null,
        "expirationDate": null,
        "createdAt": "2026-03-11T20:58:32.172Z",
        "updatedAt": "2026-03-11T20:58:32.172Z"
      }
    },
    {
      "type": "Feature",
      "id": 59878,
      "geometry": {
        "type": "Point",
        "coordinates": [
          51.7217499,
          35.3049036
        ]
      },
      "properties": {
        "id": "Mjg6MjQ2MjU",
        "city": "پيشوا",
        "name:fa": "هلال احمر",
        "province": "استان تهران",
        "name:en": "Red Crescent",
        "city:en": "Pishva",
        "province:en": "Tehran",
        "publicId": "Mjg6MjQ2MjU",
        "sourceId": "24625",
        "layerId": 28,
        "type": "location",
        "status": "active",
        "urgency": null,
        "verificationTag": null,
        "expirationDate": null,
        "createdAt": "2026-03-11T20:58:32.173Z",
        "updatedAt": "2026-03-11T20:58:32.173Z"
      }
    },
    {
      "type": "Feature",
      "id": 59879,
      "geometry": {
        "type": "Point",
        "coordinates": [
          58.4609596,
          35.2474701
        ]
      },
      "properties": {
        "id": "Mjg6MjQ3NDg",
        "city": "کاشمر",
        "name:fa": "هلال احمر",
        "province": "استان خراسان رضوی",
        "name:en": "Red Crescent",
        "city:en": "Kashmar",
        "province:en": "Razavi Khorasan",
        "publicId": "Mjg6MjQ3NDg",
        "sourceId": "24748",
        "layerId": 28,
        "type": "location",
        "status": "active",
        "urgency": null,
        "verificationTag": null,
        "expirationDate": null,
        "createdAt": "2026-03-11T20:58:32.173Z",
        "updatedAt": "2026-03-11T20:58:32.173Z"
      }
    },
    {
      "type": "Feature",
      "id": 59880,
      "geometry": {
        "type": "Point",
        "coordinates": [
          49.8174338,
          35.1073738
        ]
      },
      "properties": {
        "id": "Mjg6MjQ5MjY",
        "city": "شهرستان ساوه",
        "name:fa": "هلال احمر",
        "province": "استان مرکزی",
        "name:en": "Red Crescent",
        "city:en": "Saveh County",
        "province:en": "Markazi",
        "publicId": "Mjg6MjQ5MjY",
        "sourceId": "24926",
        "layerId": 28,
        "type": "location",
        "status": "active",
        "urgency": null,
        "verificationTag": null,
        "expirationDate": null,
        "createdAt": "2026-03-11T20:58:32.174Z",
        "updatedAt": "2026-03-11T20:58:32.174Z"
      }
    },
    {
      "type": "Feature",
      "id": 59881,
      "geometry": {
        "type": "Point",
        "coordinates": [
          60.7896884,
          34.7333689
        ]
      },
      "properties": {
        "id": "Mjg6MjUzNDk",
        "city": "تایباد",
        "name:fa": "هلال احمر",
        "province": "استان خراسان رضوی",
        "name:en": "Red Crescent",
        "city:en": "Taybad",
        "province:en": "Razavi Khorasan",
        "publicId": "Mjg6MjUzNDk",
        "sourceId": "25349",
        "layerId": 28,
        "type": "location",
        "status": "active",
        "urgency": null,
        "verificationTag": null,
        "expirationDate": null,
        "createdAt": "2026-03-11T20:58:32.174Z",
        "updatedAt": "2026-03-11T20:58:32.174Z"
      }
    },
    {
      "type": "Feature",
      "id": 59882,
      "geometry": {
        "type": "Point",
        "coordinates": [
          46.6486868,
          34.7096575
        ]
      },
      "properties": {
        "id": "Mjg6MjUzNTQ",
        "city": "گل سفيد",
        "name:fa": "هلال احمر",
        "province": "استان کرمانشاه",
        "name:en": "Red Crescent",
        "city:en": "Gol Sefid",
        "province:en": "Kermanshah",
        "publicId": "Mjg6MjUzNTQ",
        "sourceId": "25354",
        "layerId": 28,
        "type": "location",
        "status": "active",
        "urgency": null,
        "verificationTag": null,
        "expirationDate": null,
        "createdAt": "2026-03-11T20:58:32.174Z",
        "updatedAt": "2026-03-11T20:58:32.174Z"
      }
    },
    {
      "type": "Feature",
      "id": 59883,
      "geometry": {
        "type": "Point",
        "coordinates": [
          47.6789421,
          34.482316
        ]
      },
      "properties": {
        "id": "Mjg6MjU3MzY",
        "city": "صحنه",
        "name:fa": "هلال احمر",
        "province": "استان کرمانشاه",
        "name:en": "Red Crescent",
        "city:en": "Sahneh",
        "province:en": "Kermanshah",
        "publicId": "Mjg6MjU3MzY",
        "sourceId": "25736",
        "layerId": 28,
        "type": "location",
        "status": "active",
        "urgency": null,
        "verificationTag": null,
        "expirationDate": null,
        "createdAt": "2026-03-11T20:58:32.175Z",
        "updatedAt": "2026-03-11T20:58:32.175Z"
      }
    },
    {
      "type": "Feature",
      "id": 59884,
      "geometry": {
        "type": "Point",
        "coordinates": [
          47.5985134,
          34.2750506
        ]
      },
      "properties": {
        "id": "Mjg6MjYxMDI",
        "city": "هرسين",
        "name:fa": "هلال احمر",
        "province": "استان کرمانشاه",
        "name:en": "Red Crescent",
        "city:en": "Harsin",
        "province:en": "Kermanshah",
        "publicId": "Mjg6MjYxMDI",
        "sourceId": "26102",
        "layerId": 28,
        "type": "location",
        "status": "active",
        "urgency": null,
        "verificationTag": null,
        "expirationDate": null,
        "createdAt": "2026-03-11T20:58:32.175Z",
        "updatedAt": "2026-03-11T20:58:32.175Z"
      }
    },
    {
      "type": "Feature",
      "id": 59885,
      "geometry": {
        "type": "Point",
        "coordinates": [
          46.5353125,
          34.1107397
        ]
      },
      "properties": {
        "id": "Mjg6MjYyMjQ",
        "city": "اسلام آباد غرب",
        "name:fa": "هلال احمر",
        "province": "استان کرمانشاه",
        "name:en": "Red Crescent",
        "city:en": "Islamabad-e Gharb",
        "province:en": "Kermanshah",
        "publicId": "Mjg6MjYyMjQ",
        "sourceId": "26224",
        "layerId": 28,
        "type": "location",
        "status": "active",
        "urgency": null,
        "verificationTag": null,
        "expirationDate": null,
        "createdAt": "2026-03-11T20:58:32.175Z",
        "updatedAt": "2026-03-11T20:58:32.175Z"
      }
    },
    {
      "type": "Feature",
      "id": 59886,
      "geometry": {
        "type": "Point",
        "coordinates": [
          51.4440608,
          33.9880678
        ]
      },
      "properties": {
        "id": "Mjg6MjY1NDg",
        "city": "کاشان",
        "name:fa": "هلال احمر",
        "province": "استان اصفهان",
        "name:en": "Red Crescent",
        "city:en": "Kashan",
        "province:en": "Isfahan",
        "publicId": "Mjg6MjY1NDg",
        "sourceId": "26548",
        "layerId": 28,
        "type": "location",
        "status": "active",
        "urgency": null,
        "verificationTag": null,
        "expirationDate": null,
        "createdAt": "2026-03-11T20:58:32.176Z",
        "updatedAt": "2026-03-11T20:58:32.176Z"
      }
    },
    {
      "type": "Feature",
      "id": 59887,
      "geometry": {
        "type": "Point",
        "coordinates": [
          46.307361,
          33.9784431
        ]
      },
      "properties": {
        "id": "Mjg6MjY1NjQ",
        "city": "شهرستان چرداول",
        "name:fa": "هلال احمر",
        "province": "استان ایلام",
        "name:en": "Red Crescent",
        "city:en": "Chardavol County",
        "province:en": "Ilam",
        "publicId": "Mjg6MjY1NjQ",
        "sourceId": "26564",
        "layerId": 28,
        "type": "location",
        "status": "active",
        "urgency": null,
        "verificationTag": null,
        "expirationDate": null,
        "createdAt": "2026-03-11T20:58:32.176Z",
        "updatedAt": "2026-03-11T20:58:32.176Z"
      }
    },
    {
      "type": "Feature",
      "id": 59888,
      "geometry": {
        "type": "Point",
        "coordinates": [
          46.3085666,
          33.8377888
        ]
      },
      "properties": {
        "id": "Mjg6MjY3MjI",
        "city": "شهرستان ایوان",
        "name:fa": "هلال احمر",
        "province": "استان ایلام",
        "name:en": "Red Crescent",
        "city:en": "Eyvan County",
        "province:en": "Ilam",
        "publicId": "Mjg6MjY3MjI",
        "sourceId": "26722",
        "layerId": 28,
        "type": "location",
        "status": "active",
        "urgency": null,
        "verificationTag": null,
        "expirationDate": null,
        "createdAt": "2026-03-11T20:58:32.177Z",
        "updatedAt": "2026-03-11T20:58:32.177Z"
      }
    },
    {
      "type": "Feature",
      "id": 59889,
      "geometry": {
        "type": "Point",
        "coordinates": [
          59.1896877,
          33.727455
        ]
      },
      "properties": {
        "id": "Mjg6MjY4MDI",
        "city": "قاين",
        "name:fa": "هلال احمر",
        "province": "استان خراسان جنوبی",
        "name:en": "Red Crescent",
        "city:en": "Qaen",
        "province:en": "South Khorasan",
        "publicId": "Mjg6MjY4MDI",
        "sourceId": "26802",
        "layerId": 28,
        "type": "location",
        "status": "active",
        "urgency": null,
        "verificationTag": null,
        "expirationDate": null,
        "createdAt": "2026-03-11T20:58:32.177Z",
        "updatedAt": "2026-03-11T20:58:32.177Z"
      }
    },
    {
      "type": "Feature",
      "id": 59890,
      "geometry": {
        "type": "Point",
        "coordinates": [
          58.3940426,
          33.6774111
        ]
      },
      "properties": {
        "id": "Mjg6MjY4MzI",
        "city": "شهرستان سرایان",
        "name:fa": "هلال احمر",
        "province": "استان خراسان جنوبی",
        "name:en": "Red Crescent",
        "city:en": "Sarayan County",
        "province:en": "South Khorasan",
        "publicId": "Mjg6MjY4MzI",
        "sourceId": "26832",
        "layerId": 28,
        "type": "location",
        "status": "active",
        "urgency": null,
        "verificationTag": null,
        "expirationDate": null,
        "createdAt": "2026-03-11T20:58:32.177Z",
        "updatedAt": "2026-03-11T20:58:32.177Z"
      }
    },
    {
      "type": "Feature",
      "id": 59891,
      "geometry": {
        "type": "Point",
        "coordinates": [
          50.08783,
          33.6318672
        ]
      },
      "properties": {
        "id": "Mjg6MjY5MjM",
        "city": "خمین",
        "name:fa": "هلال احمر",
        "province": "استان مرکزی",
        "name:en": "Red Crescent",
        "city:en": "Khomeyn",
        "province:en": "Markazi",
        "publicId": "Mjg6MjY5MjM",
        "sourceId": "26923",
        "layerId": 28,
        "type": "location",
        "status": "active",
        "urgency": null,
        "verificationTag": null,
        "expirationDate": null,
        "createdAt": "2026-03-11T20:58:32.178Z",
        "updatedAt": "2026-03-11T20:58:32.178Z"
      }
    },
    {
      "type": "Feature",
      "id": 59892,
      "geometry": {
        "type": "Point",
        "coordinates": [
          48.4459278,
          33.5180363
        ]
      },
      "properties": {
        "id": "Mjg6MjcwMDk",
        "city": "شهرستان خرم‌آباد",
        "name:fa": "هلال احمر",
        "province": "استان لرستان",
        "name:en": "Red Crescent",
        "city:en": "Khorramabad County",
        "province:en": "Lorestan",
        "publicId": "Mjg6MjcwMDk",
        "sourceId": "27009",
        "layerId": 28,
        "type": "location",
        "status": "active",
        "urgency": null,
        "verificationTag": null,
        "expirationDate": null,
        "createdAt": "2026-03-11T20:58:32.178Z",
        "updatedAt": "2026-03-11T20:58:32.178Z"
      }
    },
    {
      "type": "Feature",
      "id": 59893,
      "geometry": {
        "type": "Point",
        "coordinates": [
          49.4449487,
          33.4563637
        ]
      },
      "properties": {
        "id": "Mjg6MjcxMzk",
        "city": "ازنا",
        "name:fa": "هلال احمر",
        "province": "استان لرستان",
        "name:en": "Red Crescent",
        "city:en": "Azna",
        "province:en": "Lorestan",
        "publicId": "Mjg6MjcxMzk",
        "sourceId": "27139",
        "layerId": 28,
        "type": "location",
        "status": "active",
        "urgency": null,
        "verificationTag": null,
        "expirationDate": null,
        "createdAt": "2026-03-11T20:58:32.179Z",
        "updatedAt": "2026-03-11T20:58:32.179Z"
      }
    },
    {
      "type": "Feature",
      "id": 59894,
      "geometry": {
        "type": "Point",
        "coordinates": [
          50.7045154,
          32.9351966
        ]
      },
      "properties": {
        "id": "Mjg6MjczODY",
        "city": "Taqi Ãbãd",
        "name:fa": "هلال احمر",
        "province": "Isfahan Province",
        "name:en": "Red Crescent",
        "city:en": "Taqi Abad",
        "province:en": "Isfahan Province",
        "publicId": "Mjg6MjczODY",
        "sourceId": "27386",
        "layerId": 28,
        "type": "location",
        "status": "active",
        "urgency": null,
        "verificationTag": null,
        "expirationDate": null,
        "createdAt": "2026-03-11T20:58:32.179Z",
        "updatedAt": "2026-03-11T20:58:32.179Z"
      }
    },
    {
      "type": "Feature",
      "id": 59895,
      "geometry": {
        "type": "Point",
        "coordinates": [
          59.1843836,
          32.8692552
        ]
      },
      "properties": {
        "id": "Mjg6Mjc0NDE",
        "city": "بيرجند",
        "name:fa": "هلال احمر",
        "province": "استان خراسان جنوبی",
        "name:en": "Red Crescent",
        "city:en": "Birjand",
        "province:en": "South Khorasan",
        "publicId": "Mjg6Mjc0NDE",
        "sourceId": "27441",
        "layerId": 28,
        "type": "location",
        "status": "active",
        "urgency": null,
        "verificationTag": null,
        "expirationDate": null,
        "createdAt": "2026-03-11T20:58:32.179Z",
        "updatedAt": "2026-03-11T20:58:32.179Z"
      }
    },
    {
      "type": "Feature",
      "id": 59896,
      "geometry": {
        "type": "Point",
        "coordinates": [
          52.4376033,
          32.7164742
        ]
      },
      "properties": {
        "id": "Mjg6Mjc2MTI",
        "city": "کوهپایه",
        "name:fa": "هلال احمر",
        "province": "استان اصفهان",
        "name:en": "Red Crescent",
        "city:en": "Kuhpayeh",
        "province:en": "Isfahan",
        "publicId": "Mjg6Mjc2MTI",
        "sourceId": "27612",
        "layerId": 28,
        "type": "location",
        "status": "active",
        "urgency": null,
        "verificationTag": null,
        "expirationDate": null,
        "createdAt": "2026-03-11T20:58:32.180Z",
        "updatedAt": "2026-03-11T20:58:32.180Z"
      }
    },
    {
      "type": "Feature",
      "id": 59897,
      "geometry": {
        "type": "Point",
        "coordinates": [
          51.3883272,
          32.6150528
        ]
      },
      "properties": {
        "id": "Mjg6MjgxODE",
        "city": "نجف‌ آباد",
        "name:fa": "هلال احمر",
        "province": "استان اصفهان",
        "name:en": "Red Crescent",
        "city:en": "Najafabad",
        "province:en": "Isfahan",
        "publicId": "Mjg6MjgxODE",
        "sourceId": "28181",
        "layerId": 28,
        "type": "location",
        "status": "active",
        "urgency": null,
        "verificationTag": null,
        "expirationDate": null,
        "createdAt": "2026-03-11T20:58:32.180Z",
        "updatedAt": "2026-03-11T20:58:32.180Z"
      }
    },
    {
      "type": "Feature",
      "id": 59898,
      "geometry": {
        "type": "Point",
        "coordinates": [
          50.7638848,
          32.4807945
        ]
      },
      "properties": {
        "id": "Mjg6MjgzNDY",
        "city": "شهرستان بن",
        "name:fa": "هلال احمر",
        "province": "استان چهارمحال و بختیاری",
        "name:en": "Red Crescent",
        "city:en": "Ben County",
        "province:en": "Chaharmahal and Bakhtiari",
        "publicId": "Mjg6MjgzNDY",
        "sourceId": "28346",
        "layerId": 28,
        "type": "location",
        "status": "active",
        "urgency": null,
        "verificationTag": null,
        "expirationDate": null,
        "createdAt": "2026-03-11T20:58:32.180Z",
        "updatedAt": "2026-03-11T20:58:32.180Z"
      }
    },
    {
      "type": "Feature",
      "id": 59899,
      "geometry": {
        "type": "Point",
        "coordinates": [
          60.489749,
          32.2839275
        ]
      },
      "properties": {
        "id": "Mjg6Mjg3NDg",
        "city": "درح",
        "name:fa": "هلال احمر",
        "province": "استان خراسان جنوبی",
        "name:en": "Red Crescent",
        "city:en": "Duroh",
        "province:en": "South Khorasan",
        "publicId": "Mjg6Mjg3NDg",
        "sourceId": "28748",
        "layerId": 28,
        "type": "location",
        "status": "active",
        "urgency": null,
        "verificationTag": null,
        "expirationDate": null,
        "createdAt": "2026-03-11T20:58:32.181Z",
        "updatedAt": "2026-03-11T20:58:32.181Z"
      }
    },
    {
      "type": "Feature",
      "id": 59900,
      "geometry": {
        "type": "Point",
        "coordinates": [
          54.0001135,
          32.2482459
        ]
      },
      "properties": {
        "id": "Mjg6Mjg3OTQ",
        "city": "میبد",
        "name:fa": "هلال احمر",
        "province": "استان یزد",
        "name:en": "Red Crescent",
        "city:en": "Meybod",
        "province:en": "Yazd",
        "publicId": "Mjg6Mjg3OTQ",
        "sourceId": "28794",
        "layerId": 28,
        "type": "location",
        "status": "active",
        "urgency": null,
        "verificationTag": null,
        "expirationDate": null,
        "createdAt": "2026-03-11T20:58:32.181Z",
        "updatedAt": "2026-03-11T20:58:32.181Z"
      }
    },
    {
      "type": "Feature",
      "id": 59901,
      "geometry": {
        "type": "Point",
        "coordinates": [
          50.0490171,
          32.2118343
        ]
      },
      "properties": {
        "id": "Mjg6Mjg4NTM",
        "city": "شهرستان کوهرنگ",
        "name:fa": "هلال احمر",
        "province": "استان چهارمحال و بختیاری",
        "name:en": "Red Crescent",
        "city:en": "Kuhrang County",
        "province:en": "Chaharmahal and Bakhtiari",
        "publicId": "Mjg6Mjg4NTM",
        "sourceId": "28853",
        "layerId": 28,
        "type": "location",
        "status": "active",
        "urgency": null,
        "verificationTag": null,
        "expirationDate": null,
        "createdAt": "2026-03-11T20:58:32.182Z",
        "updatedAt": "2026-03-11T20:58:32.182Z"
      }
    },
    {
      "type": "Feature",
      "id": 59902,
      "geometry": {
        "type": "Point",
        "coordinates": [
          50.4693849,
          32.1602868
        ]
      },
      "properties": {
        "id": "Mjg6Mjg4Nzg",
        "city": "شهرستان اردل",
        "name:fa": "هلال احمر",
        "province": "استان چهارمحال و بختیاری",
        "name:en": "Red Crescent",
        "city:en": "Ardal County",
        "province:en": "Chaharmahal and Bakhtiari",
        "publicId": "Mjg6Mjg4Nzg",
        "sourceId": "28878",
        "layerId": 28,
        "type": "location",
        "status": "active",
        "urgency": null,
        "verificationTag": null,
        "expirationDate": null,
        "createdAt": "2026-03-11T20:58:32.182Z",
        "updatedAt": "2026-03-11T20:58:32.182Z"
      }
    },
    {
      "type": "Feature",
      "id": 59903,
      "geometry": {
        "type": "Point",
        "coordinates": [
          53.0989435,
          32.0746179
        ]
      },
      "properties": {
        "id": "Mjg6Mjg5Mjg",
        "city": "شهرستان اردکان",
        "name:fa": "هلال احمر",
        "province": "استان یزد",
        "name:en": "Red Crescent",
        "city:en": "Ardakan County",
        "province:en": "Yazd",
        "publicId": "Mjg6Mjg5Mjg",
        "sourceId": "28928",
        "layerId": 28,
        "type": "location",
        "status": "active",
        "urgency": null,
        "verificationTag": null,
        "expirationDate": null,
        "createdAt": "2026-03-11T20:58:32.182Z",
        "updatedAt": "2026-03-11T20:58:32.182Z"
      }
    },
    {
      "type": "Feature",
      "id": 59904,
      "geometry": {
        "type": "Point",
        "coordinates": [
          51.8740189,
          32.0220889
        ]
      },
      "properties": {
        "id": "Mjg6Mjg5Nzg",
        "city": "شهرضا",
        "name:fa": "هلال احمر",
        "province": "استان اصفهان",
        "name:en": "Red Crescent",
        "city:en": "Shahreza",
        "province:en": "Isfahan",
        "publicId": "Mjg6Mjg5Nzg",
        "sourceId": "28978",
        "layerId": 28,
        "type": "location",
        "status": "active",
        "urgency": null,
        "verificationTag": null,
        "expirationDate": null,
        "createdAt": "2026-03-11T20:58:32.183Z",
        "updatedAt": "2026-03-11T20:58:32.183Z"
      }
    },
    {
      "type": "Feature",
      "id": 59905,
      "geometry": {
        "type": "Point",
        "coordinates": [
          54.2431189,
          31.9893235
        ]
      },
      "properties": {
        "id": "Mjg6MjkwMTk",
        "city": "شهرستان یزد",
        "name:fa": "هلال احمر",
        "province": "استان یزد",
        "name:en": "Red Crescent",
        "city:en": "Yazd County",
        "province:en": "Yazd",
        "publicId": "Mjg6MjkwMTk",
        "sourceId": "29019",
        "layerId": 28,
        "type": "location",
        "status": "active",
        "urgency": null,
        "verificationTag": null,
        "expirationDate": null,
        "createdAt": "2026-03-11T20:58:32.183Z",
        "updatedAt": "2026-03-11T20:58:32.183Z"
      }
    },
    {
      "type": "Feature",
      "id": 59906,
      "geometry": {
        "type": "Point",
        "coordinates": [
          54.4357713,
          31.5902798
        ]
      },
      "properties": {
        "id": "Mjg6Mjk0ODI",
        "city": "مهریز",
        "name:fa": "هلال احمر",
        "province": "استان یزد",
        "name:en": "Red Crescent",
        "city:en": "Mehriz",
        "province:en": "Yazd",
        "publicId": "Mjg6Mjk0ODI",
        "sourceId": "29482",
        "layerId": 28,
        "type": "location",
        "status": "active",
        "urgency": null,
        "verificationTag": null,
        "expirationDate": null,
        "createdAt": "2026-03-11T20:58:32.184Z",
        "updatedAt": "2026-03-11T20:58:32.184Z"
      }
    },
    {
      "type": "Feature",
      "id": 59907,
      "geometry": {
        "type": "Point",
        "coordinates": [
          60.0295329,
          31.5432364
        ]
      },
      "properties": {
        "id": "Mjg6Mjk1MTk",
        "city": "نهبندان",
        "name:fa": "هلال احمر",
        "province": "استان خراسان جنوبی",
        "name:en": "Red Crescent",
        "city:en": "Nehbandan",
        "province:en": "South Khorasan",
        "publicId": "Mjg6Mjk1MTk",
        "sourceId": "29519",
        "layerId": 28,
        "type": "location",
        "status": "active",
        "urgency": null,
        "verificationTag": null,
        "expirationDate": null,
        "createdAt": "2026-03-11T20:58:32.184Z",
        "updatedAt": "2026-03-11T20:58:32.184Z"
      }
    },
    {
      "type": "Feature",
      "id": 59908,
      "geometry": {
        "type": "Point",
        "coordinates": [
          48.073951,
          31.4581301
        ]
      },
      "properties": {
        "id": "Mjg6Mjk1ODc",
        "city": "هویزه",
        "name:fa": "هلال احمر",
        "province": "استان خوزستان",
        "name:en": "Red Crescent",
        "city:en": "Hoveyzeh",
        "province:en": "Khuzestan",
        "publicId": "Mjg6Mjk1ODc",
        "sourceId": "29587",
        "layerId": 28,
        "type": "location",
        "status": "active",
        "urgency": null,
        "verificationTag": null,
        "expirationDate": null,
        "createdAt": "2026-03-11T20:58:32.184Z",
        "updatedAt": "2026-03-11T20:58:32.184Z"
      }
    },
    {
      "type": "Feature",
      "id": 59909,
      "geometry": {
        "type": "Point",
        "coordinates": [
          56.8092687,
          31.2644805
        ]
      },
      "properties": {
        "id": "Mjg6Mjk5OTE",
        "city": "راور",
        "name:fa": "هلال احمر",
        "province": "استان کرمان",
        "name:en": "Red Crescent",
        "city:en": "Ravar",
        "province:en": "Kerman",
        "publicId": "Mjg6Mjk5OTE",
        "sourceId": "29991",
        "layerId": 28,
        "type": "location",
        "status": "active",
        "urgency": null,
        "verificationTag": null,
        "expirationDate": null,
        "createdAt": "2026-03-11T20:58:32.185Z",
        "updatedAt": "2026-03-11T20:58:32.185Z"
      }
    },
    {
      "type": "Feature",
      "id": 59910,
      "geometry": {
        "type": "Point",
        "coordinates": [
          51.0795499,
          30.9932753
        ]
      },
      "properties": {
        "id": "Mjg6MzAxMzQ",
        "city": "مارگون",
        "name:fa": "هلال احمر",
        "province": "استان کهگیلویه و بویراحمد",
        "name:en": "Red Crescent",
        "city:en": "Margown",
        "province:en": "Kohgiluyeh and Boyer-Ahmad",
        "publicId": "Mjg6MzAxMzQ",
        "sourceId": "30134",
        "layerId": 28,
        "type": "location",
        "status": "active",
        "urgency": null,
        "verificationTag": null,
        "expirationDate": null,
        "createdAt": "2026-03-11T20:58:32.185Z",
        "updatedAt": "2026-03-11T20:58:32.185Z"
      }
    },
    {
      "type": "Feature",
      "id": 59911,
      "geometry": {
        "type": "Point",
        "coordinates": [
          49.4106728,
          30.8973754
        ]
      },
      "properties": {
        "id": "Mjg6MzAxODM",
        "city": "رامشیر",
        "name:fa": "هلال احمر",
        "province": "استان خوزستان",
        "name:en": "Red Crescent",
        "city:en": "Ramshir",
        "province:en": "Khuzestan",
        "publicId": "Mjg6MzAxODM",
        "sourceId": "30183",
        "layerId": 28,
        "type": "location",
        "status": "active",
        "urgency": null,
        "verificationTag": null,
        "expirationDate": null,
        "createdAt": "2026-03-11T20:58:32.186Z",
        "updatedAt": "2026-03-11T20:58:32.186Z"
      }
    },
    {
      "type": "Feature",
      "id": 59912,
      "geometry": {
        "type": "Point",
        "coordinates": [
          51.7913438,
          30.3682203
        ]
      },
      "properties": {
        "id": "Mjg6MzA3MTI",
        "city": "سپیدان",
        "name:fa": "هلال احمر",
        "province": "استان فارس",
        "name:en": "Red Crescent",
        "city:en": "Sepidan",
        "province:en": "Fars",
        "publicId": "Mjg6MzA3MTI",
        "sourceId": "30712",
        "layerId": 28,
        "type": "location",
        "status": "active",
        "urgency": null,
        "verificationTag": null,
        "expirationDate": null,
        "createdAt": "2026-03-11T20:58:32.186Z",
        "updatedAt": "2026-03-11T20:58:32.186Z"
      }
    },
    {
      "type": "Feature",
      "id": 59913,
      "geometry": {
        "type": "Point",
        "coordinates": [
          55.1255751,
          30.1157492
        ]
      },
      "properties": {
        "id": "Mjg6MzEwNDI",
        "city": "شهربابک",
        "name:fa": "هلال احمر",
        "province": "استان کرمان",
        "name:en": "Red Crescent",
        "city:en": "Shahr-e Babak",
        "province:en": "Kerman",
        "publicId": "Mjg6MzEwNDI",
        "sourceId": "31042",
        "layerId": 28,
        "type": "location",
        "status": "active",
        "urgency": null,
        "verificationTag": null,
        "expirationDate": null,
        "createdAt": "2026-03-11T20:58:32.186Z",
        "updatedAt": "2026-03-11T20:58:32.186Z"
      }
    },
    {
      "type": "Feature",
      "id": 59914,
      "geometry": {
        "type": "Point",
        "coordinates": [
          51.5935551,
          29.8646025
        ]
      },
      "properties": {
        "id": "Mjg6MzExNjE",
        "city": "شهرستان کازرون",
        "name:fa": "هلال احمر",
        "province": "استان فارس",
        "name:en": "Red Crescent",
        "city:en": "Kazerun County",
        "province:en": "Fars",
        "publicId": "Mjg6MzExNjE",
        "sourceId": "31161",
        "layerId": 28,
        "type": "location",
        "status": "active",
        "urgency": null,
        "verificationTag": null,
        "expirationDate": null,
        "createdAt": "2026-03-11T20:58:32.187Z",
        "updatedAt": "2026-03-11T20:58:32.187Z"
      }
    },
    {
      "type": "Feature",
      "id": 59915,
      "geometry": {
        "type": "Point",
        "coordinates": [
          51.6325919,
          29.6297232
        ]
      },
      "properties": {
        "id": "Mjg6MzE0MzU",
        "city": "كازرون",
        "name:fa": "هلال احمر",
        "province": "استان فارس",
        "name:en": "Red Crescent",
        "city:en": "Kazerun",
        "province:en": "Fars",
        "publicId": "Mjg6MzE0MzU",
        "sourceId": "31435",
        "layerId": 28,
        "type": "location",
        "status": "active",
        "urgency": null,
        "verificationTag": null,
        "expirationDate": null,
        "createdAt": "2026-03-11T20:58:32.187Z",
        "updatedAt": "2026-03-11T20:58:32.187Z"
      }
    },
    {
      "type": "Feature",
      "id": 59916,
      "geometry": {
        "type": "Point",
        "coordinates": [
          53.3639538,
          28.8576922
        ]
      },
      "properties": {
        "id": "Mjg6MzIzNzY",
        "city": "شهرستان جهرم",
        "name:fa": "هلال احمر",
        "province": "استان فارس",
        "name:en": "Red Crescent",
        "city:en": "Jahrom County",
        "province:en": "Fars",
        "publicId": "Mjg6MzIzNzY",
        "sourceId": "32376",
        "layerId": 28,
        "type": "location",
        "status": "active",
        "urgency": null,
        "verificationTag": null,
        "expirationDate": null,
        "createdAt": "2026-03-11T20:58:32.187Z",
        "updatedAt": "2026-03-11T20:58:32.187Z"
      }
    },
    {
      "type": "Feature",
      "id": 59917,
      "geometry": {
        "type": "Point",
        "coordinates": [
          55.2114138,
          28.3340066
        ]
      },
      "properties": {
        "id": "Mjg6MzI2MTQ",
        "city": "شهرک شهید رجایی",
        "name:fa": "هلال احمر",
        "province": "استان فارس",
        "name:en": "Red Crescent",
        "city:en": "Shahrak-e Shahid Rajai",
        "province:en": "Fars",
        "publicId": "Mjg6MzI2MTQ",
        "sourceId": "32614",
        "layerId": 28,
        "type": "location",
        "status": "active",
        "urgency": null,
        "verificationTag": null,
        "expirationDate": null,
        "createdAt": "2026-03-11T20:58:32.188Z",
        "updatedAt": "2026-03-11T20:58:32.188Z"
      }
    },
    {
      "type": "Feature",
      "id": 59918,
      "geometry": {
        "type": "Point",
        "coordinates": [
          57.6489356,
          28.2789428
        ]
      },
      "properties": {
        "id": "Mjg6MzI2MzQ",
        "city": "طرج",
        "name:fa": "هلال احمر",
        "province": "استان کرمان",
        "name:en": "Red Crescent",
        "city:en": "Taraj",
        "province:en": "Kerman",
        "publicId": "Mjg6MzI2MzQ",
        "sourceId": "32634",
        "layerId": 28,
        "type": "location",
        "status": "active",
        "urgency": null,
        "verificationTag": null,
        "expirationDate": null,
        "createdAt": "2026-03-11T20:58:32.188Z",
        "updatedAt": "2026-03-11T20:58:32.188Z"
      }
    },
    {
      "type": "Feature",
      "id": 59919,
      "geometry": {
        "type": "Point",
        "coordinates": [
          53.4180272,
          27.891085
        ]
      },
      "properties": {
        "id": "Mjg6MzI3MzA",
        "city": "خنج",
        "name:fa": "هلال احمر",
        "province": "استان فارس",
        "name:en": "Red Crescent",
        "city:en": "Khonj",
        "province:en": "Fars",
        "publicId": "Mjg6MzI3MzA",
        "sourceId": "32730",
        "layerId": 28,
        "type": "location",
        "status": "active",
        "urgency": null,
        "verificationTag": null,
        "expirationDate": null,
        "createdAt": "2026-03-11T20:58:32.189Z",
        "updatedAt": "2026-03-11T20:58:32.189Z"
      }
    },
    {
      "type": "Feature",
      "id": 59920,
      "geometry": {
        "type": "Point",
        "coordinates": [
          51.9167599,
          27.8351021
        ]
      },
      "properties": {
        "id": "Mjg6MzI3NTc",
        "city": "شهرستان دیر",
        "name:fa": "هلال احمر",
        "province": "استان بوشهر",
        "name:en": "Red Crescent",
        "city:en": "Deyr County",
        "province:en": "Bushehr",
        "publicId": "Mjg6MzI3NTc",
        "sourceId": "32757",
        "layerId": 28,
        "type": "location",
        "status": "active",
        "urgency": null,
        "verificationTag": null,
        "expirationDate": null,
        "createdAt": "2026-03-11T20:58:32.189Z",
        "updatedAt": "2026-03-11T20:58:32.189Z"
      }
    },
    {
      "type": "Feature",
      "id": 59921,
      "geometry": {
        "type": "Point",
        "coordinates": [
          52.8882265,
          27.5602753
        ]
      },
      "properties": {
        "id": "Mjg6MzI5MDk",
        "city": "شهرستان مهر",
        "name:fa": "هلال احمر",
        "province": "استان فارس",
        "name:en": "Red Crescent",
        "city:en": "Mohr County",
        "province:en": "Fars",
        "publicId": "Mjg6MzI5MDk",
        "sourceId": "32909",
        "layerId": 28,
        "type": "location",
        "status": "active",
        "urgency": null,
        "verificationTag": null,
        "expirationDate": null,
        "createdAt": "2026-03-11T20:58:32.189Z",
        "updatedAt": "2026-03-11T20:58:32.189Z"
      }
    },
    {
      "type": "Feature",
      "id": 59922,
      "geometry": {
        "type": "Point",
        "coordinates": [
          59.6589629,
          26.5794051
        ]
      },
      "properties": {
        "id": "Mjg6MzM1Mjc",
        "city": "فنوج",
        "name:fa": "هلال احمر",
        "province": "استان سیستان و بلوچستان",
        "name:en": "Red Crescent",
        "city:en": "Fanuj",
        "province:en": "Sistan and Baluchestan",
        "publicId": "Mjg6MzM1Mjc",
        "sourceId": "33527",
        "layerId": 28,
        "type": "location",
        "status": "active",
        "urgency": null,
        "verificationTag": null,
        "expirationDate": null,
        "createdAt": "2026-03-11T20:58:32.190Z",
        "updatedAt": "2026-03-11T20:58:32.190Z"
      }
    },
    {
      "type": "Feature",
      "id": 59923,
      "geometry": {
        "type": "Point",
        "coordinates": [
          61.2166464,
          26.4812306
        ]
      },
      "properties": {
        "id": "Mjg6MzM1NTk",
        "city": "شهرستان سرباز",
        "name:fa": "هلال احمر",
        "province": "استان سیستان و بلوچستان",
        "name:en": "Red Crescent",
        "city:en": "Sarbaz County",
        "province:en": "Sistan and Baluchestan",
        "publicId": "Mjg6MzM1NTk",
        "sourceId": "33559",
        "layerId": 28,
        "type": "location",
        "status": "active",
        "urgency": null,
        "verificationTag": null,
        "expirationDate": null,
        "createdAt": "2026-03-11T20:58:32.190Z",
        "updatedAt": "2026-03-11T20:58:32.190Z"
      }
    },
    {
      "type": "Feature",
      "id": 59924,
      "geometry": {
        "type": "Point",
        "coordinates": [
          61.4148027,
          26.220105
        ]
      },
      "properties": {
        "id": "Mjg6MzM2MDQ",
        "city": "راسک",
        "name:fa": "هلال احمر",
        "province": "استان سیستان و بلوچستان",
        "name:en": "Red Crescent",
        "city:en": "Rask",
        "province:en": "Sistan and Baluchestan",
        "publicId": "Mjg6MzM2MDQ",
        "sourceId": "33604",
        "layerId": 28,
        "type": "location",
        "status": "active",
        "urgency": null,
        "verificationTag": null,
        "expirationDate": null,
        "createdAt": "2026-03-11T20:58:32.190Z",
        "updatedAt": "2026-03-11T20:58:32.190Z"
      }
    },
    {
      "type": "Feature",
      "id": 59925,
      "geometry": {
        "type": "Point",
        "coordinates": [
          54.3124872,
          26.7864742
        ]
      },
      "properties": {
        "id": "Mjg6MzM4MzA",
        "city": "شهرستان بندر لنگه",
        "name:fa": "هلال احمر",
        "province": "استان هرمزگان",
        "name:en": "Red Crescent",
        "city:en": "Bandar Lengeh County",
        "province:en": "Hormozgan",
        "publicId": "Mjg6MzM4MzA",
        "sourceId": "33830",
        "layerId": 28,
        "type": "location",
        "status": "active",
        "urgency": null,
        "verificationTag": null,
        "expirationDate": null,
        "createdAt": "2026-03-11T20:58:32.191Z",
        "updatedAt": "2026-03-11T20:58:32.191Z"
      }
    },
    {
      "type": "Feature",
      "id": 59926,
      "geometry": {
        "type": "Point",
        "coordinates": [
          60.6517038,
          25.2844956
        ]
      },
      "properties": {
        "id": "Mjg6MzQwMjQ",
        "city": "چابهار",
        "name:fa": "هلال احمر",
        "province": "استان سیستان و بلوچستان",
        "name:en": "Red Crescent",
        "city:en": "Chabahar",
        "province:en": "Sistan and Baluchestan",
        "publicId": "Mjg6MzQwMjQ",
        "sourceId": "34024",
        "layerId": 28,
        "type": "location",
        "status": "active",
        "urgency": null,
        "verificationTag": null,
        "expirationDate": null,
        "createdAt": "2026-03-11T20:58:32.191Z",
        "updatedAt": "2026-03-11T20:58:32.191Z"
      }
    },
    {
      "type": "Feature",
      "id": 59927,
      "geometry": {
        "type": "Point",
        "coordinates": [
          59.5340692,
          27.4572441
        ]
      },
      "properties": {
        "id": "Mjg6MzQwMjY",
        "city": "دلگان",
        "name:fa": "هلال احمر",
        "province": "استان سیستان و بلوچستان",
        "name:en": "Red Crescent",
        "city:en": "Delgan",
        "province:en": "Sistan and Baluchestan",
        "publicId": "Mjg6MzQwMjY",
        "sourceId": "34026",
        "layerId": 28,
        "type": "location",
        "status": "active",
        "urgency": null,
        "verificationTag": null,
        "expirationDate": null,
        "createdAt": "2026-03-11T20:58:32.192Z",
        "updatedAt": "2026-03-11T20:58:32.192Z"
      }
    },
    {
      "type": "Feature",
      "id": 59928,
      "geometry": {
        "type": "Point",
        "coordinates": [
          51.9202336,
          27.8374077
        ]
      },
      "properties": {
        "id": "Mjg6MzQxOTE",
        "city": "بندردیر",
        "name:fa": "هلال احمر",
        "province": "استان بوشهر",
        "name:en": "Red Crescent",
        "city:en": "Bandar Deyr",
        "province:en": "Bushehr",
        "publicId": "Mjg6MzQxOTE",
        "sourceId": "34191",
        "layerId": 28,
        "type": "location",
        "status": "active",
        "urgency": null,
        "verificationTag": null,
        "expirationDate": null,
        "createdAt": "2026-03-11T20:58:32.193Z",
        "updatedAt": "2026-03-11T20:58:32.193Z"
      }
    },
    {
      "type": "Feature",
      "id": 59929,
      "geometry": {
        "type": "Point",
        "coordinates": [
          59.2277636,
          26.7792631
        ]
      },
      "properties": {
        "id": "Mjg6MzQ0NDk",
        "city": "شهرستان فنوج",
        "name:fa": "هلال احمر",
        "province": "استان سیستان و بلوچستان",
        "name:en": "Red Crescent",
        "city:en": "Fanuj County",
        "province:en": "Sistan and Baluchestan",
        "publicId": "Mjg6MzQ0NDk",
        "sourceId": "34449",
        "layerId": 28,
        "type": "location",
        "status": "active",
        "urgency": null,
        "verificationTag": null,
        "expirationDate": null,
        "createdAt": "2026-03-11T20:58:32.193Z",
        "updatedAt": "2026-03-11T20:58:32.193Z"
      }
    },
    {
      "type": "Feature",
      "id": 59930,
      "geometry": {
        "type": "Point",
        "coordinates": [
          52.2983642,
          27.8233572
        ]
      },
      "properties": {
        "id": "Mjg6MzQ2Njk",
        "city": "شهرستان جم",
        "name:fa": "هلال احمر",
        "province": "استان بوشهر",
        "name:en": "Red Crescent",
        "city:en": "Jam County",
        "province:en": "Bushehr",
        "publicId": "Mjg6MzQ2Njk",
        "sourceId": "34669",
        "layerId": 28,
        "type": "location",
        "status": "active",
        "urgency": null,
        "verificationTag": null,
        "expirationDate": null,
        "createdAt": "2026-03-11T20:58:32.194Z",
        "updatedAt": "2026-03-11T20:58:32.194Z"
      }
    },
    {
      "type": "Feature",
      "id": 59931,
      "geometry": {
        "type": "Point",
        "coordinates": [
          54.1543667,
          27.6629487
        ]
      },
      "properties": {
        "id": "Mjg6MzQ3NDI",
        "city": "گراش",
        "name:fa": "هلال احمر",
        "province": "استان فارس",
        "name:en": "Red Crescent",
        "city:en": "Gerash",
        "province:en": "Fars",
        "publicId": "Mjg6MzQ3NDI",
        "sourceId": "34742",
        "layerId": 28,
        "type": "location",
        "status": "active",
        "urgency": null,
        "verificationTag": null,
        "expirationDate": null,
        "createdAt": "2026-03-11T20:58:32.194Z",
        "updatedAt": "2026-03-11T20:58:32.194Z"
      }
    },
    {
      "type": "Feature",
      "id": 59932,
      "geometry": {
        "type": "Point",
        "coordinates": [
          50.1679534,
          30.0450389
        ]
      },
      "properties": {
        "id": "Mjg6MzUwOTg",
        "city": "شهرستان دیلم",
        "name:fa": "هلال احمر",
        "province": "استان بوشهر",
        "name:en": "Red Crescent",
        "city:en": "Deylam County",
        "province:en": "Bushehr",
        "publicId": "Mjg6MzUwOTg",
        "sourceId": "35098",
        "layerId": 28,
        "type": "location",
        "status": "active",
        "urgency": null,
        "verificationTag": null,
        "expirationDate": null,
        "createdAt": "2026-03-11T20:58:32.194Z",
        "updatedAt": "2026-03-11T20:58:32.194Z"
      }
    },
    {
      "type": "Feature",
      "id": 59933,
      "geometry": {
        "type": "Point",
        "coordinates": [
          52.1446032,
          28.8083892
        ]
      },
      "properties": {
        "id": "Mjg6MzUyMTA",
        "city": "شهرستان فراشبند",
        "name:fa": "هلال احمر",
        "province": "استان فارس",
        "name:en": "Red Crescent",
        "city:en": "Farashband County",
        "province:en": "Fars",
        "publicId": "Mjg6MzUyMTA",
        "sourceId": "35210",
        "layerId": 28,
        "type": "location",
        "status": "active",
        "urgency": null,
        "verificationTag": null,
        "expirationDate": null,
        "createdAt": "2026-03-11T20:58:32.195Z",
        "updatedAt": "2026-03-11T20:58:32.195Z"
      }
    },
    {
      "type": "Feature",
      "id": 59934,
      "geometry": {
        "type": "Point",
        "coordinates": [
          57.4719467,
          30.2034266
        ]
      },
      "properties": {
        "id": "Mjg6MzU0NzE",
        "city": "شهرستان کرمان",
        "name:fa": "هلال احمر",
        "province": "استان کرمان",
        "name:en": "Red Crescent",
        "city:en": "Kerman County",
        "province:en": "Kerman",
        "publicId": "Mjg6MzU0NzE",
        "sourceId": "35471",
        "layerId": 28,
        "type": "location",
        "status": "active",
        "urgency": null,
        "verificationTag": null,
        "expirationDate": null,
        "createdAt": "2026-03-11T20:58:32.195Z",
        "updatedAt": "2026-03-11T20:58:32.195Z"
      }
    },
    {
      "type": "Feature",
      "id": 59935,
      "geometry": {
        "type": "Point",
        "coordinates": [
          51.5249401,
          31.9189343
        ]
      },
      "properties": {
        "id": "Mjg6MzU2MTY",
        "city": "دزج",
        "name:fa": "هلال احمر",
        "province": "استان اصفهان",
        "name:en": "Red Crescent",
        "city:en": "Dezej",
        "province:en": "Isfahan",
        "publicId": "Mjg6MzU2MTY",
        "sourceId": "35616",
        "layerId": 28,
        "type": "location",
        "status": "active",
        "urgency": null,
        "verificationTag": null,
        "expirationDate": null,
        "createdAt": "2026-03-11T20:58:32.195Z",
        "updatedAt": "2026-03-11T20:58:32.195Z"
      }
    },
    {
      "type": "Feature",
      "id": 59936,
      "geometry": {
        "type": "Point",
        "coordinates": [
          51.5609939,
          32.8616637
        ]
      },
      "properties": {
        "id": "Mjg6MzU2MTc",
        "city": "شاهین شهر",
        "name:fa": "هلال احمر",
        "province": "استان اصفهان",
        "name:en": "Red Crescent",
        "city:en": "Shahin Shahr",
        "province:en": "Isfahan",
        "publicId": "Mjg6MzU2MTc",
        "sourceId": "35617",
        "layerId": 28,
        "type": "location",
        "status": "active",
        "urgency": null,
        "verificationTag": null,
        "expirationDate": null,
        "createdAt": "2026-03-11T20:58:32.196Z",
        "updatedAt": "2026-03-11T20:58:32.196Z"
      }
    },
    {
      "type": "Feature",
      "id": 59937,
      "geometry": {
        "type": "Point",
        "coordinates": [
          52.4224666,
          29.7015104
        ]
      },
      "properties": {
        "id": "Mjg6MzU3NDA",
        "city": "شیراز",
        "name:fa": "هلال احمر",
        "province": "استان فارس",
        "name:en": "Red Crescent",
        "city:en": "Shiraz",
        "province:en": "Fars",
        "publicId": "Mjg6MzU3NDA",
        "sourceId": "35740",
        "layerId": 28,
        "type": "location",
        "status": "active",
        "urgency": null,
        "verificationTag": null,
        "expirationDate": null,
        "createdAt": "2026-03-11T20:58:32.196Z",
        "updatedAt": "2026-03-11T20:58:32.196Z"
      }
    },
    {
      "type": "Feature",
      "id": 59938,
      "geometry": {
        "type": "Point",
        "coordinates": [
          53.3256646,
          29.9234969
        ]
      },
      "properties": {
        "id": "Mjg6MzU4MzQ",
        "city": "ارسنجان",
        "name:fa": "هلال احمر",
        "province": "استان فارس",
        "name:en": "Red Crescent",
        "city:en": "Arsanjan",
        "province:en": "Fars",
        "publicId": "Mjg6MzU4MzQ",
        "sourceId": "35834",
        "layerId": 28,
        "type": "location",
        "status": "active",
        "urgency": null,
        "verificationTag": null,
        "expirationDate": null,
        "createdAt": "2026-03-11T20:58:32.197Z",
        "updatedAt": "2026-03-11T20:58:32.197Z"
      }
    },
    {
      "type": "Feature",
      "id": 59939,
      "geometry": {
        "type": "Point",
        "coordinates": [
          55.125502,
          30.1126819
        ]
      },
      "properties": {
        "id": "Mjg6MzU4OTg",
        "city": "شهربابک",
        "name:fa": "هلال احمر",
        "province": "استان کرمان",
        "name:en": "Red Crescent",
        "city:en": "Shahr-e Babak",
        "province:en": "Kerman",
        "publicId": "Mjg6MzU4OTg",
        "sourceId": "35898",
        "layerId": 28,
        "type": "location",
        "status": "active",
        "urgency": null,
        "verificationTag": null,
        "expirationDate": null,
        "createdAt": "2026-03-11T20:58:32.197Z",
        "updatedAt": "2026-03-11T20:58:32.197Z"
      }
    },
    {
      "type": "Feature",
      "id": 59940,
      "geometry": {
        "type": "Point",
        "coordinates": [
          61.4603011,
          30.8947613
        ]
      },
      "properties": {
        "id": "Mjg6MzYxMTE",
        "city": "شهرستان هامون",
        "name:fa": "هلال احمر",
        "province": "استان سیستان و بلوچستان",
        "name:en": "Red Crescent",
        "city:en": "Hamoun County",
        "province:en": "Sistan and Baluchestan",
        "publicId": "Mjg6MzYxMTE",
        "sourceId": "36111",
        "layerId": 28,
        "type": "location",
        "status": "active",
        "urgency": null,
        "verificationTag": null,
        "expirationDate": null,
        "createdAt": "2026-03-11T20:58:32.197Z",
        "updatedAt": "2026-03-11T20:58:32.197Z"
      }
    },
    {
      "type": "Feature",
      "id": 59941,
      "geometry": {
        "type": "Point",
        "coordinates": [
          61.6665297,
          30.901051
        ]
      },
      "properties": {
        "id": "Mjg6MzYxMTI",
        "city": "شهرستان زهک",
        "name:fa": "هلال احمر",
        "province": "استان سیستان و بلوچستان",
        "name:en": "Red Crescent",
        "city:en": "Zehak County",
        "province:en": "Sistan and Baluchestan",
        "publicId": "Mjg6MzYxMTI",
        "sourceId": "36112",
        "layerId": 28,
        "type": "location",
        "status": "active",
        "urgency": null,
        "verificationTag": null,
        "expirationDate": null,
        "createdAt": "2026-03-11T20:58:32.198Z",
        "updatedAt": "2026-03-11T20:58:32.198Z"
      }
    },
    {
      "type": "Feature",
      "id": 59942,
      "geometry": {
        "type": "Point",
        "coordinates": [
          61.6252176,
          30.9615223
        ]
      },
      "properties": {
        "id": "Mjg6MzYxMTc",
        "city": "روستای حسنخون",
        "name:fa": "هلال احمر",
        "province": "استان سیستان و بلوچستان",
        "name:en": "Red Crescent",
        "city:en": "Hasan Khun Village",
        "province:en": "Sistan and Baluchestan",
        "publicId": "Mjg6MzYxMTc",
        "sourceId": "36117",
        "layerId": 28,
        "type": "location",
        "status": "active",
        "urgency": null,
        "verificationTag": null,
        "expirationDate": null,
        "createdAt": "2026-03-11T20:58:32.198Z",
        "updatedAt": "2026-03-11T20:58:32.198Z"
      }
    },
    {
      "type": "Feature",
      "id": 59943,
      "geometry": {
        "type": "Point",
        "coordinates": [
          46.5917972,
          33.3872503
        ]
      },
      "properties": {
        "id": "Mjg6MzYxNDE",
        "city": "ارکواز",
        "name:fa": "هلال احمر",
        "province": "استان ایلام",
        "name:en": "Red Crescent",
        "city:en": "Arkavaz",
        "province:en": "Ilam",
        "publicId": "Mjg6MzYxNDE",
        "sourceId": "36141",
        "layerId": 28,
        "type": "location",
        "status": "active",
        "urgency": null,
        "verificationTag": null,
        "expirationDate": null,
        "createdAt": "2026-03-11T20:58:32.199Z",
        "updatedAt": "2026-03-11T20:58:32.199Z"
      }
    },
    {
      "type": "Feature",
      "id": 59944,
      "geometry": {
        "type": "Point",
        "coordinates": [
          52.0226451,
          31.0963544
        ]
      },
      "properties": {
        "id": "Mjg6MzY0MzE",
        "city": "شهرستان اقلید",
        "name:fa": "هلال احمر",
        "province": "استان فارس",
        "name:en": "Red Crescent",
        "city:en": "Eqlid County",
        "province:en": "Fars",
        "publicId": "Mjg6MzY0MzE",
        "sourceId": "36431",
        "layerId": 28,
        "type": "location",
        "status": "active",
        "urgency": null,
        "verificationTag": null,
        "expirationDate": null,
        "createdAt": "2026-03-11T20:58:32.199Z",
        "updatedAt": "2026-03-11T20:58:32.199Z"
      }
    },
    {
      "type": "Feature",
      "id": 59945,
      "geometry": {
        "type": "Point",
        "coordinates": [
          53.2341943,
          30.4420216
        ]
      },
      "properties": {
        "id": "Mjg6MzY0OTg",
        "city": "شهرستان خرم‌بید",
        "name:fa": "هلال احمر",
        "province": "استان فارس",
        "name:en": "Red Crescent",
        "city:en": "Khorrambid County",
        "province:en": "Fars",
        "publicId": "Mjg6MzY0OTg",
        "sourceId": "36498",
        "layerId": 28,
        "type": "location",
        "status": "active",
        "urgency": null,
        "verificationTag": null,
        "expirationDate": null,
        "createdAt": "2026-03-11T20:58:32.200Z",
        "updatedAt": "2026-03-11T20:58:32.200Z"
      }
    },
    {
      "type": "Feature",
      "id": 59946,
      "geometry": {
        "type": "Point",
        "coordinates": [
          50.2832903,
          33.4529733
        ]
      },
      "properties": {
        "id": "Mjg6MzcxNDQ",
        "city": "گلپایگان",
        "name:fa": "هلال احمر",
        "province": "استان اصفهان",
        "name:en": "Red Crescent",
        "city:en": "Golpayegan",
        "province:en": "Isfahan",
        "publicId": "Mjg6MzcxNDQ",
        "sourceId": "37144",
        "layerId": 28,
        "type": "location",
        "status": "active",
        "urgency": null,
        "verificationTag": null,
        "expirationDate": null,
        "createdAt": "2026-03-11T20:58:32.200Z",
        "updatedAt": "2026-03-11T20:58:32.200Z"
      }
    },
    {
      "type": "Feature",
      "id": 59947,
      "geometry": {
        "type": "Point",
        "coordinates": [
          50.7045157,
          32.9392703
        ]
      },
      "properties": {
        "id": "Mjg6NDA4OTM",
        "city": "شهرستان تیران وکرون",
        "name:fa": "هلال احمر",
        "province": "استان اصفهان",
        "name:en": "Red Crescent",
        "city:en": "Tiran and Karvan County",
        "province:en": "Isfahan",
        "publicId": "Mjg6NDA4OTM",
        "sourceId": "40893",
        "layerId": 28,
        "type": "location",
        "status": "active",
        "urgency": null,
        "verificationTag": null,
        "expirationDate": null,
        "createdAt": "2026-03-11T20:58:32.200Z",
        "updatedAt": "2026-03-11T20:58:32.200Z"
      }
    },
    {
      "type": "Feature",
      "id": 59948,
      "geometry": {
        "type": "Point",
        "coordinates": [
          52.0482461,
          35.8439787
        ]
      },
      "properties": {
        "id": "Mjg6NDA4OTQ",
        "city": "پلور",
        "name:fa": "هلال احمر",
        "province": "استان مازندران",
        "name:en": "Red Crescent",
        "city:en": "Polour",
        "province:en": "Mazandaran",
        "publicId": "Mjg6NDA4OTQ",
        "sourceId": "40894",
        "layerId": 28,
        "type": "location",
        "status": "active",
        "urgency": null,
        "verificationTag": null,
        "expirationDate": null,
        "createdAt": "2026-03-11T20:58:32.201Z",
        "updatedAt": "2026-03-11T20:58:32.201Z"
      }
    },
    {
      "type": "Feature",
      "id": 59949,
      "geometry": {
        "type": "Point",
        "coordinates": [
          54.0100194,
          26.5406225
        ]
      },
      "properties": {
        "id": "Mjg6NDA4OTU",
        "city": "كيش",
        "name:fa": "هلال احمر",
        "province": "استان هرمزگان",
        "name:en": "Red Crescent",
        "city:en": "Kish",
        "province:en": "Hormozgan",
        "publicId": "Mjg6NDA4OTU",
        "sourceId": "40895",
        "layerId": 28,
        "type": "location",
        "status": "active",
        "urgency": null,
        "verificationTag": null,
        "expirationDate": null,
        "createdAt": "2026-03-11T20:58:32.202Z",
        "updatedAt": "2026-03-11T20:58:32.202Z"
      }
    },
    {
      "type": "Feature",
      "id": 59950,
      "geometry": {
        "type": "Point",
        "coordinates": [
          45.8331322,
          38.5882065
        ]
      },
      "properties": {
        "id": "Mjg6NDA4OTY",
        "city": "زنوز",
        "name:fa": "هلال احمر",
        "province": "استان آذربایجان شرقی",
        "name:en": "Red Crescent",
        "city:en": "Zonouz",
        "province:en": "East Azerbaijan",
        "publicId": "Mjg6NDA4OTY",
        "sourceId": "40896",
        "layerId": 28,
        "type": "location",
        "status": "active",
        "urgency": null,
        "verificationTag": null,
        "expirationDate": null,
        "createdAt": "2026-03-11T20:58:32.204Z",
        "updatedAt": "2026-03-11T20:58:32.204Z"
      }
    },
    {
      "type": "Feature",
      "id": 59951,
      "geometry": {
        "type": "Point",
        "coordinates": [
          59.552027,
          36.3189619
        ]
      },
      "properties": {
        "id": "Mjg6NDA4OTc",
        "city": "مشهد",
        "name:fa": "هلال احمر",
        "province": "استان خراسان رضوی",
        "name:en": "Red Crescent",
        "city:en": "Mashhad",
        "province:en": "Razavi Khorasan",
        "publicId": "Mjg6NDA4OTc",
        "sourceId": "40897",
        "layerId": 28,
        "type": "location",
        "status": "active",
        "urgency": null,
        "verificationTag": null,
        "expirationDate": null,
        "createdAt": "2026-03-11T20:58:32.205Z",
        "updatedAt": "2026-03-11T20:58:32.205Z"
      }
    },
    {
      "type": "Feature",
      "id": 59952,
      "geometry": {
        "type": "Point",
        "coordinates": [
          48.5373821,
          34.2751341
        ]
      },
      "properties": {
        "id": "Mjg6NDA4OTg",
        "city": "شهرستان ملایر",
        "name:fa": "هلال احمر",
        "province": "استان همدان",
        "name:en": "Red Crescent",
        "city:en": "Malayer County",
        "province:en": "Hamadan",
        "publicId": "Mjg6NDA4OTg",
        "sourceId": "40898",
        "layerId": 28,
        "type": "location",
        "status": "active",
        "urgency": null,
        "verificationTag": null,
        "expirationDate": null,
        "createdAt": "2026-03-11T20:58:32.206Z",
        "updatedAt": "2026-03-11T20:58:32.206Z"
      }
    },
    {
      "type": "Feature",
      "id": 59953,
      "geometry": {
        "type": "Point",
        "coordinates": [
          51.2000802,
          32.3700317
        ]
      },
      "properties": {
        "id": "Mjg6NDA4OTk",
        "city": "باغ بهادران",
        "name:fa": "هلال احمر",
        "province": "استان اصفهان",
        "name:en": "Red Crescent",
        "city:en": "Bagh-e Bahadoran",
        "province:en": "Isfahan",
        "publicId": "Mjg6NDA4OTk",
        "sourceId": "40899",
        "layerId": 28,
        "type": "location",
        "status": "active",
        "urgency": null,
        "verificationTag": null,
        "expirationDate": null,
        "createdAt": "2026-03-11T20:58:32.206Z",
        "updatedAt": "2026-03-11T20:58:32.206Z"
      }
    },
    {
      "type": "Feature",
      "id": 59954,
      "geometry": {
        "type": "Point",
        "coordinates": [
          46.5874465,
          34.809201
        ]
      },
      "properties": {
        "id": "Mjg6NDA5MDA",
        "city": "شهرستان روانسر",
        "name:fa": "هلال احمر",
        "province": "استان کرمانشاه",
        "name:en": "Red Crescent",
        "city:en": "Ravansar County",
        "province:en": "Kermanshah",
        "publicId": "Mjg6NDA5MDA",
        "sourceId": "40900",
        "layerId": 28,
        "type": "location",
        "status": "active",
        "urgency": null,
        "verificationTag": null,
        "expirationDate": null,
        "createdAt": "2026-03-11T20:58:32.207Z",
        "updatedAt": "2026-03-11T20:58:32.207Z"
      }
    },
    {
      "type": "Feature",
      "id": 59955,
      "geometry": {
        "type": "Point",
        "coordinates": [
          51.7217795,
          35.3076686
        ]
      },
      "properties": {
        "id": "Mjg6NDA5MDE",
        "city": "پيشوا",
        "name:fa": "هلال احمر",
        "province": "استان تهران",
        "name:en": "Red Crescent",
        "city:en": "Pishva",
        "province:en": "Tehran",
        "publicId": "Mjg6NDA5MDE",
        "sourceId": "40901",
        "layerId": 28,
        "type": "location",
        "status": "active",
        "urgency": null,
        "verificationTag": null,
        "expirationDate": null,
        "createdAt": "2026-03-11T20:58:32.207Z",
        "updatedAt": "2026-03-11T20:58:32.207Z"
      }
    },
    {
      "type": "Feature",
      "id": 59956,
      "geometry": {
        "type": "Point",
        "coordinates": [
          49.6425486,
          37.0680197
        ]
      },
      "properties": {
        "id": "Mjg6NDA5MDI",
        "city": "سراوان",
        "name:fa": "هلال احمر - پایگاه امداد و نجات بین شهری (جاده ای)",
        "province": "استان گیلان",
        "name:en": "Red Crescent - Intercity (Road) Rescue Base",
        "city:en": "Saravan",
        "province:en": "Gilan",
        "publicId": "Mjg6NDA5MDI",
        "sourceId": "40902",
        "layerId": 28,
        "type": "location",
        "status": "active",
        "urgency": null,
        "verificationTag": null,
        "expirationDate": null,
        "createdAt": "2026-03-11T20:58:32.208Z",
        "updatedAt": "2026-03-11T20:58:32.208Z"
      }
    },
    {
      "type": "Feature",
      "id": 59957,
      "geometry": {
        "type": "Point",
        "coordinates": [
          48.5851023,
          38.4346652
        ]
      },
      "properties": {
        "id": "Mjg6MTM5OTE",
        "city": "شهرستان آستارا",
        "name:fa": "هلال احمر - پایگاه بین شهری شهدای شهرستان نمین",
        "province": "استان گیلان",
        "name:en": "Red Crescent - Namin County Martyrs Intercity Base",
        "city:en": "Astara County",
        "province:en": "Gilan",
        "publicId": "Mjg6MTM5OTE",
        "sourceId": "13991",
        "layerId": 28,
        "type": "location",
        "status": "active",
        "urgency": null,
        "verificationTag": null,
        "expirationDate": null,
        "createdAt": "2026-03-11T20:58:32.208Z",
        "updatedAt": "2026-03-11T20:58:32.208Z"
      }
    },
    {
      "type": "Feature",
      "id": 59958,
      "geometry": {
        "type": "Point",
        "coordinates": [
          52.662296,
          31.1474792
        ]
      },
      "properties": {
        "id": "Mjg6MzAwNjE",
        "city": "آباده",
        "name:fa": "هلال احمر آباده",
        "province": "استان فارس",
        "name:en": "Abadeh Red Crescent",
        "city:en": "Abadeh",
        "province:en": "Fars",
        "publicId": "Mjg6MzAwNjE",
        "sourceId": "30061",
        "layerId": 28,
        "type": "location",
        "status": "active",
        "urgency": null,
        "verificationTag": null,
        "expirationDate": null,
        "createdAt": "2026-03-11T20:58:32.208Z",
        "updatedAt": "2026-03-11T20:58:32.208Z"
      }
    },
    {
      "type": "Feature",
      "id": 59959,
      "geometry": {
        "type": "Point",
        "coordinates": [
          53.7289636,
          29.8059718
        ]
      },
      "properties": {
        "id": "Mjg6MzEyMTI",
        "city": "آباده طشک",
        "name:fa": "هلال احمر آباده طشک",
        "province": "استان فارس",
        "name:en": "Abadeh Tashk Red Crescent",
        "city:en": "Abadeh Tashk",
        "province:en": "Fars",
        "publicId": "Mjg6MzEyMTI",
        "sourceId": "31212",
        "layerId": 28,
        "type": "location",
        "status": "active",
        "urgency": null,
        "verificationTag": null,
        "expirationDate": null,
        "createdAt": "2026-03-11T20:58:32.209Z",
        "updatedAt": "2026-03-11T20:58:32.209Z"
      }
    },
    {
      "type": "Feature",
      "id": 59960,
      "geometry": {
        "type": "Point",
        "coordinates": [
          47.4240799,
          32.9935752
        ]
      },
      "properties": {
        "id": "Mjg6MjczNjY",
        "city": "آبدانان",
        "name:fa": "هلال احمر آبدانان",
        "province": "استان ایلام",
        "name:en": "Abdanan Red Crescent",
        "city:en": "Abdanan",
        "province:en": "Ilam",
        "publicId": "Mjg6MjczNjY",
        "sourceId": "27366",
        "layerId": 28,
        "type": "location",
        "status": "active",
        "urgency": null,
        "verificationTag": null,
        "expirationDate": null,
        "createdAt": "2026-03-11T20:58:32.209Z",
        "updatedAt": "2026-03-11T20:58:32.209Z"
      }
    },
    {
      "type": "Feature",
      "id": 59961,
      "geometry": {
        "type": "Point",
        "coordinates": [
          54.4579397,
          37.0099413
        ]
      },
      "properties": {
        "id": "Mjg6MTYzODU",
        "city": "آق قلا",
        "name:fa": "هلال احمر آق قلا",
        "province": "استان گلستان",
        "name:en": "Aq Qala Red Crescent",
        "city:en": "Aq Qala",
        "province:en": "Golestan",
        "publicId": "Mjg6MTYzODU",
        "sourceId": "16385",
        "layerId": 28,
        "type": "location",
        "status": "active",
        "urgency": null,
        "verificationTag": null,
        "expirationDate": null,
        "createdAt": "2026-03-11T20:58:32.210Z",
        "updatedAt": "2026-03-11T20:58:32.210Z"
      }
    },
    {
      "type": "Feature",
      "id": 59962,
      "geometry": {
        "type": "Point",
        "coordinates": [
          51.4040959,
          35.7412614
        ]
      },
      "properties": {
        "id": "Mjg6MjE1NDc",
        "city": "تهران",
        "name:fa": "هلال احمر آموزشی",
        "province": "استان تهران",
        "name:en": "Training Red Crescent",
        "city:en": "Tehran",
        "province:en": "Tehran",
        "publicId": "Mjg6MjE1NDc",
        "sourceId": "21547",
        "layerId": 28,
        "type": "location",
        "status": "active",
        "urgency": null,
        "verificationTag": null,
        "expirationDate": null,
        "createdAt": "2026-03-11T20:58:32.210Z",
        "updatedAt": "2026-03-11T20:58:32.210Z"
      }
    },
    {
      "type": "Feature",
      "id": 59963,
      "geometry": {
        "type": "Point",
        "coordinates": [
          53.2524501,
          31.1224596
        ]
      },
      "properties": {
        "id": "Mjg6MzY0OTk",
        "city": "ابرکوه",
        "name:fa": "هلال احمر ابرکوه",
        "province": "استان یزد",
        "name:en": "Abarkouh Red Crescent",
        "city:en": "Abarkouh",
        "province:en": "Yazd",
        "publicId": "Mjg6MzY0OTk",
        "sourceId": "36499",
        "layerId": 28,
        "type": "location",
        "status": "active",
        "urgency": null,
        "verificationTag": null,
        "expirationDate": null,
        "createdAt": "2026-03-11T20:58:32.211Z",
        "updatedAt": "2026-03-11T20:58:32.211Z"
      }
    },
    {
      "type": "Feature",
      "id": 59964,
      "geometry": {
        "type": "Point",
        "coordinates": [
          49.2080547,
          36.1396477
        ]
      },
      "properties": {
        "id": "Mjg6MTkzNDU",
        "city": "ابهر",
        "name:fa": "هلال احمر ابهر",
        "province": "استان زنجان",
        "name:en": "Abhar Red Crescent",
        "city:en": "Abhar",
        "province:en": "Zanjan",
        "publicId": "Mjg6MTkzNDU",
        "sourceId": "19345",
        "layerId": 28,
        "type": "location",
        "status": "active",
        "urgency": null,
        "verificationTag": null,
        "expirationDate": null,
        "createdAt": "2026-03-11T20:58:32.211Z",
        "updatedAt": "2026-03-11T20:58:32.211Z"
      }
    },
    {
      "type": "Feature",
      "id": 59965,
      "geometry": {
        "type": "Point",
        "coordinates": [
          54.0127762,
          32.283296
        ]
      },
      "properties": {
        "id": "Mjg6Mjg3NDY",
        "city": "میبد",
        "name:fa": "هلال احمر اردکان",
        "province": "استان یزد",
        "name:en": "Ardakan Red Crescent",
        "city:en": "Meybod",
        "province:en": "Yazd",
        "publicId": "Mjg6Mjg3NDY",
        "sourceId": "28746",
        "layerId": 28,
        "type": "location",
        "status": "active",
        "urgency": null,
        "verificationTag": null,
        "expirationDate": null,
        "createdAt": "2026-03-11T20:58:32.212Z",
        "updatedAt": "2026-03-11T20:58:32.212Z"
      }
    },
    {
      "type": "Feature",
      "id": 59966,
      "geometry": {
        "type": "Point",
        "coordinates": [
          50.8863544,
          32.329263
        ]
      },
      "properties": {
        "id": "Mjg6Mjg2NjQ",
        "city": "شهركرد",
        "name:fa": "هلال احمر استان",
        "province": "استان چهارمحال و بختیاری",
        "name:en": "Provincial Red Crescent",
        "city:en": "Shahrekord",
        "province:en": "Chaharmahal and Bakhtiari",
        "publicId": "Mjg6Mjg2NjQ",
        "sourceId": "28664",
        "layerId": 28,
        "type": "location",
        "status": "active",
        "urgency": null,
        "verificationTag": null,
        "expirationDate": null,
        "createdAt": "2026-03-11T20:58:32.212Z",
        "updatedAt": "2026-03-11T20:58:32.212Z"
      }
    },
    {
      "type": "Feature",
      "id": 59967,
      "geometry": {
        "type": "Point",
        "coordinates": [
          51.0064879,
          35.8357654
        ]
      },
      "properties": {
        "id": "Mjg6MTk5NTg",
        "city": "کرج",
        "name:fa": "هلال احمر استان البرز",
        "province": "استان البرز",
        "name:en": "Alborz Province Red Crescent",
        "city:en": "Karaj",
        "province:en": "Alborz",
        "publicId": "Mjg6MTk5NTg",
        "sourceId": "19958",
        "layerId": 28,
        "type": "location",
        "status": "active",
        "urgency": null,
        "verificationTag": null,
        "expirationDate": null,
        "createdAt": "2026-03-11T20:58:32.212Z",
        "updatedAt": "2026-03-11T20:58:32.212Z"
      }
    },
    {
      "type": "Feature",
      "id": 59968,
      "geometry": {
        "type": "Point",
        "coordinates": [
          59.2257057,
          32.8551841
        ]
      },
      "properties": {
        "id": "Mjg6Mjc0ODU",
        "city": "بيرجند",
        "name:fa": "هلال احمر استان خراسان جنوبی",
        "province": "استان خراسان جنوبی",
        "name:en": "South Khorasan Province Red Crescent",
        "city:en": "Birjand",
        "province:en": "South Khorasan",
        "publicId": "Mjg6Mjc0ODU",
        "sourceId": "27485",
        "layerId": 28,
        "type": "location",
        "status": "active",
        "urgency": null,
        "verificationTag": null,
        "expirationDate": null,
        "createdAt": "2026-03-11T20:58:32.213Z",
        "updatedAt": "2026-03-11T20:58:32.213Z"
      }
    },
    {
      "type": "Feature",
      "id": 59969,
      "geometry": {
        "type": "Point",
        "coordinates": [
          50.0244494,
          36.2769409
        ]
      },
      "properties": {
        "id": "Mjg6MzM3ODU",
        "city": "قزوین",
        "name:fa": "هلال احمر استان قزوین",
        "province": "استان قزوین",
        "name:en": "Qazvin Province Red Crescent",
        "city:en": "Qazvin",
        "province:en": "Qazvin",
        "publicId": "Mjg6MzM3ODU",
        "sourceId": "33785",
        "layerId": 28,
        "type": "location",
        "status": "active",
        "urgency": null,
        "verificationTag": null,
        "expirationDate": null,
        "createdAt": "2026-03-11T20:58:32.213Z",
        "updatedAt": "2026-03-11T20:58:32.213Z"
      }
    },
    {
      "type": "Feature",
      "id": 59970,
      "geometry": {
        "type": "Point",
        "coordinates": [
          50.8669335,
          34.7088105
        ]
      },
      "properties": {
        "id": "Mjg6NDA5MDM",
        "city": "قم",
        "name:fa": "هلال احمر استان قم",
        "province": "استان قم",
        "name:en": "Qom Province Red Crescent",
        "city:en": "Qom",
        "province:en": "Qom",
        "publicId": "Mjg6NDA5MDM",
        "sourceId": "40903",
        "layerId": 28,
        "type": "location",
        "status": "active",
        "urgency": null,
        "verificationTag": null,
        "expirationDate": null,
        "createdAt": "2026-03-11T20:58:32.214Z",
        "updatedAt": "2026-03-11T20:58:32.214Z"
      }
    },
    {
      "type": "Feature",
      "id": 59971,
      "geometry": {
        "type": "Point",
        "coordinates": [
          48.130551,
          34.7852269
        ]
      },
      "properties": {
        "id": "Mjg6MjUyMzY",
        "city": "اسدآباد",
        "name:fa": "هلال احمر اسدآباد",
        "province": "استان همدان",
        "name:en": "Asadabad Red Crescent",
        "city:en": "Asadabad",
        "province:en": "Hamadan",
        "publicId": "Mjg6MjUyMzY",
        "sourceId": "25236",
        "layerId": 28,
        "type": "location",
        "status": "active",
        "urgency": null,
        "verificationTag": null,
        "expirationDate": null,
        "createdAt": "2026-03-11T20:58:32.214Z",
        "updatedAt": "2026-03-11T20:58:32.214Z"
      }
    },
    {
      "type": "Feature",
      "id": 59972,
      "geometry": {
        "type": "Point",
        "coordinates": [
          51.4361349,
          35.7222382
        ]
      },
      "properties": {
        "id": "Mjg6MjIyNzQ",
        "city": "تهران",
        "name:fa": "هلال احمر اسلامشهر",
        "province": "استان تهران",
        "name:en": "Islamshahr Red Crescent",
        "city:en": "Tehran",
        "province:en": "Tehran",
        "publicId": "Mjg6MjIyNzQ",
        "sourceId": "22274",
        "layerId": 28,
        "type": "location",
        "status": "active",
        "urgency": null,
        "verificationTag": null,
        "expirationDate": null,
        "createdAt": "2026-03-11T20:58:32.214Z",
        "updatedAt": "2026-03-11T20:58:32.214Z"
      }
    },
    {
      "type": "Feature",
      "id": 59973,
      "geometry": {
        "type": "Point",
        "coordinates": [
          51.2394994,
          35.5564773
        ]
      },
      "properties": {
        "id": "Mjg6MjQwMjA",
        "city": "اسلامشهر",
        "name:fa": "هلال احمر اسلامشهر",
        "province": "استان تهران",
        "name:en": "Islamshahr Red Crescent",
        "city:en": "Islamshahr",
        "province:en": "Tehran",
        "publicId": "Mjg6MjQwMjA",
        "sourceId": "24020",
        "layerId": 28,
        "type": "location",
        "status": "active",
        "urgency": null,
        "verificationTag": null,
        "expirationDate": null,
        "createdAt": "2026-03-11T20:58:32.215Z",
        "updatedAt": "2026-03-11T20:58:32.215Z"
      }
    },
    {
      "type": "Feature",
      "id": 59974,
      "geometry": {
        "type": "Point",
        "coordinates": [
          51.6807443,
          32.6392834
        ]
      },
      "properties": {
        "id": "Mjg6MjgxNDY",
        "city": "اصفهان",
        "name:fa": "هلال احمر اصفهان",
        "province": "استان اصفهان",
        "name:en": "Isfahan Red Crescent",
        "city:en": "Isfahan",
        "province:en": "Isfahan",
        "publicId": "Mjg6MjgxNDY",
        "sourceId": "28146",
        "layerId": 28,
        "type": "location",
        "status": "active",
        "urgency": null,
        "verificationTag": null,
        "expirationDate": null,
        "createdAt": "2026-03-11T20:58:32.215Z",
        "updatedAt": "2026-03-11T20:58:32.215Z"
      }
    },
    {
      "type": "Feature",
      "id": 59975,
      "geometry": {
        "type": "Point",
        "coordinates": [
          53.1202658,
          35.6100068
        ]
      },
      "properties": {
        "id": "Mjg6MjM4MzY",
        "city": "افتر",
        "name:fa": "هلال احمر افتر",
        "province": "استان سمنان",
        "name:en": "Aftar Red Crescent",
        "city:en": "Aftar",
        "province:en": "Semnan",
        "publicId": "Mjg6MjM4MzY",
        "sourceId": "23836",
        "layerId": 28,
        "type": "location",
        "status": "active",
        "urgency": null,
        "verificationTag": null,
        "expirationDate": null,
        "createdAt": "2026-03-11T20:58:32.215Z",
        "updatedAt": "2026-03-11T20:58:32.215Z"
      }
    },
    {
      "type": "Feature",
      "id": 59976,
      "geometry": {
        "type": "Point",
        "coordinates": [
          50.0619212,
          36.1893581
        ]
      },
      "properties": {
        "id": "Mjg6MTkyNzQ",
        "city": "الوند",
        "name:fa": "هلال احمر البرز",
        "province": "استان قزوین",
        "name:en": "Alborz Red Crescent",
        "city:en": "Alvand",
        "province:en": "Qazvin",
        "publicId": "Mjg6MTkyNzQ",
        "sourceId": "19274",
        "layerId": 28,
        "type": "location",
        "status": "active",
        "urgency": null,
        "verificationTag": null,
        "expirationDate": null,
        "createdAt": "2026-03-11T20:58:32.216Z",
        "updatedAt": "2026-03-11T20:58:32.216Z"
      }
    },
    {
      "type": "Feature",
      "id": 59977,
      "geometry": {
        "type": "Point",
        "coordinates": [
          51.4815125,
          32.6264455
        ]
      },
      "properties": {
        "id": "Mjg6MjgwNDg",
        "city": "کهریزسنگ",
        "name:fa": "هلال احمر امام حسین(ع)",
        "province": "استان اصفهان",
        "name:en": "Imam Hossein Red Crescent",
        "city:en": "Kahriz Sang",
        "province:en": "Isfahan",
        "publicId": "Mjg6MjgwNDg",
        "sourceId": "28048",
        "layerId": 28,
        "type": "location",
        "status": "active",
        "urgency": null,
        "verificationTag": null,
        "expirationDate": null,
        "createdAt": "2026-03-11T20:58:32.216Z",
        "updatedAt": "2026-03-11T20:58:32.216Z"
      }
    },
    {
      "type": "Feature",
      "id": 59978,
      "geometry": {
        "type": "Point",
        "coordinates": [
          49.8634183,
          31.8306228
        ]
      },
      "properties": {
        "id": "Mjg6MzYyMTU",
        "city": "ايذه",
        "name:fa": "هلال احمر ایذه",
        "province": "استان خوزستان",
        "name:en": "Izeh Red Crescent",
        "city:en": "Izeh",
        "province:en": "Khuzestan",
        "publicId": "Mjg6MzYyMTU",
        "sourceId": "36215",
        "layerId": 28,
        "type": "location",
        "status": "active",
        "urgency": null,
        "verificationTag": null,
        "expirationDate": null,
        "createdAt": "2026-03-11T20:58:32.217Z",
        "updatedAt": "2026-03-11T20:58:32.217Z"
      }
    },
    {
      "type": "Feature",
      "id": 59979,
      "geometry": {
        "type": "Point",
        "coordinates": [
          52.9483858,
          35.8558734
        ]
      },
      "properties": {
        "id": "Mjg6MTk3NTE",
        "city": "شهرستان سوادکوه",
        "name:fa": "هلال احمر ایران",
        "province": "استان مازندران",
        "name:en": "Iranian Red Crescent",
        "city:en": "Savadkuh County",
        "province:en": "Mazandaran",
        "publicId": "Mjg6MTk3NTE",
        "sourceId": "19751",
        "layerId": 28,
        "type": "location",
        "status": "active",
        "urgency": null,
        "verificationTag": null,
        "expirationDate": null,
        "createdAt": "2026-03-11T20:58:32.217Z",
        "updatedAt": "2026-03-11T20:58:32.217Z"
      }
    },
    {
      "type": "Feature",
      "id": 59980,
      "geometry": {
        "type": "Point",
        "coordinates": [
          52.9618479,
          35.8791275
        ]
      },
      "properties": {
        "id": "Mjg6NDA5MDQ",
        "city": "شهرستان سوادکوه",
        "name:fa": "هلال احمر ایران",
        "province": "استان مازندران",
        "name:en": "Iranian Red Crescent",
        "city:en": "Savadkuh County",
        "province:en": "Mazandaran",
        "publicId": "Mjg6NDA5MDQ",
        "sourceId": "40904",
        "layerId": 28,
        "type": "location",
        "status": "active",
        "urgency": null,
        "verificationTag": null,
        "expirationDate": null,
        "createdAt": "2026-03-11T20:58:32.217Z",
        "updatedAt": "2026-03-11T20:58:32.217Z"
      }
    },
    {
      "type": "Feature",
      "id": 59981,
      "geometry": {
        "type": "Point",
        "coordinates": [
          46.3257502,
          33.7758043
        ]
      },
      "properties": {
        "id": "Mjg6MjY3NTY",
        "city": "شهرستان ایوان",
        "name:fa": "هلال احمر ایوان",
        "province": "استان ایلام",
        "name:en": "Eyvan Red Crescent",
        "city:en": "Eyvan County",
        "province:en": "Ilam",
        "publicId": "Mjg6MjY3NTY",
        "sourceId": "26756",
        "layerId": 28,
        "type": "location",
        "status": "active",
        "urgency": null,
        "verificationTag": null,
        "expirationDate": null,
        "createdAt": "2026-03-11T20:58:32.218Z",
        "updatedAt": "2026-03-11T20:58:32.218Z"
      }
    },
    {
      "type": "Feature",
      "id": 59982,
      "geometry": {
        "type": "Point",
        "coordinates": [
          51.2000468,
          32.3665756
        ]
      },
      "properties": {
        "id": "Mjg6Mjg1NzA",
        "city": "شهرستان لنجان",
        "name:fa": "هلال احمر باغبهادران",
        "province": "استان اصفهان",
        "name:en": "Bagh-e Bahadoran Red Crescent",
        "city:en": "Lenjan County",
        "province:en": "Isfahan",
        "publicId": "Mjg6Mjg1NzA",
        "sourceId": "28570",
        "layerId": 28,
        "type": "location",
        "status": "active",
        "urgency": null,
        "verificationTag": null,
        "expirationDate": null,
        "createdAt": "2026-03-11T20:58:32.218Z",
        "updatedAt": "2026-03-11T20:58:32.218Z"
      }
    },
    {
      "type": "Feature",
      "id": 59983,
      "geometry": {
        "type": "Point",
        "coordinates": [
          48.7586184,
          33.8993621
        ]
      },
      "properties": {
        "id": "Mjg6MjY2NTQ",
        "city": "بروجرد",
        "name:fa": "هلال احمر بروجرد",
        "province": "استان لرستان",
        "name:en": "Borujerd Red Crescent",
        "city:en": "Borujerd",
        "province:en": "Lorestan",
        "publicId": "Mjg6MjY2NTQ",
        "sourceId": "26654",
        "layerId": 28,
        "type": "location",
        "status": "active",
        "urgency": null,
        "verificationTag": null,
        "expirationDate": null,
        "createdAt": "2026-03-11T20:58:32.218Z",
        "updatedAt": "2026-03-11T20:58:32.218Z"
      }
    },
    {
      "type": "Feature",
      "id": 59984,
      "geometry": {
        "type": "Point",
        "coordinates": [
          51.3022269,
          31.957871
        ]
      },
      "properties": {
        "id": "Mjg6MjkwNDA",
        "city": "بروجن",
        "name:fa": "هلال احمر بروجن",
        "province": "استان چهارمحال و بختیاری",
        "name:en": "Borujen Red Crescent",
        "city:en": "Borujen",
        "province:en": "Chaharmahal and Bakhtiari",
        "publicId": "Mjg6MjkwNDA",
        "sourceId": "29040",
        "layerId": 28,
        "type": "location",
        "status": "active",
        "urgency": null,
        "verificationTag": null,
        "expirationDate": null,
        "createdAt": "2026-03-11T20:58:32.219Z",
        "updatedAt": "2026-03-11T20:58:32.219Z"
      }
    },
    {
      "type": "Feature",
      "id": 59985,
      "geometry": {
        "type": "Point",
        "coordinates": [
          48.9072946,
          37.7914421
        ]
      },
      "properties": {
        "id": "Mjg6MTQ5NDE",
        "city": "هشتپر",
        "name:fa": "هلال احمر تالش",
        "province": "استان گیلان",
        "name:en": "Talesh Red Crescent",
        "city:en": "Hashtpar",
        "province:en": "Gilan",
        "publicId": "Mjg6MTQ5NDE",
        "sourceId": "14941",
        "layerId": 28,
        "type": "location",
        "status": "active",
        "urgency": null,
        "verificationTag": null,
        "expirationDate": null,
        "createdAt": "2026-03-11T20:58:32.219Z",
        "updatedAt": "2026-03-11T20:58:32.219Z"
      }
    },
    {
      "type": "Feature",
      "id": 59986,
      "geometry": {
        "type": "Point",
        "coordinates": [
          46.3043368,
          38.0584487
        ]
      },
      "properties": {
        "id": "Mjg6MTQ2MjU",
        "city": "تبریز",
        "name:fa": "هلال احمر تبریز",
        "province": "استان آذربایجان شرقی",
        "name:en": "Tabriz Red Crescent",
        "city:en": "Tabriz",
        "province:en": "East Azerbaijan",
        "publicId": "Mjg6MTQ2MjU",
        "sourceId": "14625",
        "layerId": 28,
        "type": "location",
        "status": "active",
        "urgency": null,
        "verificationTag": null,
        "expirationDate": null,
        "createdAt": "2026-03-11T20:58:32.220Z",
        "updatedAt": "2026-03-11T20:58:32.220Z"
      }
    },
    {
      "type": "Feature",
      "id": 59987,
      "geometry": {
        "type": "Point",
        "coordinates": [
          50.0402208,
          34.6810318
        ]
      },
      "properties": {
        "id": "Mjg6MjUzOTQ",
        "city": "تفرش",
        "name:fa": "هلال احمر تفرش",
        "province": "استان مرکزی",
        "name:en": "Tafresh Red Crescent",
        "city:en": "Tafresh",
        "province:en": "Markazi",
        "publicId": "Mjg6MjUzOTQ",
        "sourceId": "25394",
        "layerId": 28,
        "type": "location",
        "status": "active",
        "urgency": null,
        "verificationTag": null,
        "expirationDate": null,
        "createdAt": "2026-03-11T20:58:32.220Z",
        "updatedAt": "2026-03-11T20:58:32.220Z"
      }
    },
    {
      "type": "Feature",
      "id": 59988,
      "geometry": {
        "type": "Point",
        "coordinates": [
          51.316613,
          36.1626245
        ]
      },
      "properties": {
        "id": "Mjg6MTkzMTQ",
        "city": "شهرستان چالوس",
        "name:fa": "هلال احمر تونل کندوان",
        "province": "استان مازندران",
        "name:en": "Kandovan Tunnel Red Crescent",
        "city:en": "Chalus County",
        "province:en": "Mazandaran",
        "publicId": "Mjg6MTkzMTQ",
        "sourceId": "19314",
        "layerId": 28,
        "type": "location",
        "status": "active",
        "urgency": null,
        "verificationTag": null,
        "expirationDate": null,
        "createdAt": "2026-03-11T20:58:32.220Z",
        "updatedAt": "2026-03-11T20:58:32.220Z"
      }
    },
    {
      "type": "Feature",
      "id": 59989,
      "geometry": {
        "type": "Point",
        "coordinates": [
          57.5420201,
          29.1110735
        ]
      },
      "properties": {
        "id": "Mjg6MzQ4Njk",
        "city": "شهرستان جیرفت",
        "name:fa": "هلال احمر جاده ای",
        "province": "استان کرمان",
        "name:en": "Roadside Red Crescent",
        "city:en": "Jiroft County",
        "province:en": "Kerman",
        "publicId": "Mjg6MzQ4Njk",
        "sourceId": "34869",
        "layerId": 28,
        "type": "location",
        "status": "active",
        "urgency": null,
        "verificationTag": null,
        "expirationDate": null,
        "createdAt": "2026-03-11T20:58:32.221Z",
        "updatedAt": "2026-03-11T20:58:32.221Z"
      }
    },
    {
      "type": "Feature",
      "id": 59990,
      "geometry": {
        "type": "Point",
        "coordinates": [
          53.3067044,
          28.908931
        ]
      },
      "properties": {
        "id": "Mjg6MzQ2NzE",
        "city": "آسمان گرد",
        "name:fa": "هلال احمر جاده ای آسمانگرد",
        "province": "استان فارس",
        "name:en": "Asemangard Roadside Red Crescent",
        "city:en": "Asemangard",
        "province:en": "Fars",
        "publicId": "Mjg6MzQ2NzE",
        "sourceId": "34671",
        "layerId": 28,
        "type": "location",
        "status": "active",
        "urgency": null,
        "verificationTag": null,
        "expirationDate": null,
        "createdAt": "2026-03-11T20:58:32.221Z",
        "updatedAt": "2026-03-11T20:58:32.221Z"
      }
    },
    {
      "type": "Feature",
      "id": 59991,
      "geometry": {
        "type": "Point",
        "coordinates": [
          57.5843155,
          29.7605035
        ]
      },
      "properties": {
        "id": "Mjg6MzUzOTQ",
        "city": "شهرستان کرمان",
        "name:fa": "هلال احمر جاده ای راین",
        "province": "استان کرمان",
        "name:en": "Rayen Roadside Red Crescent",
        "city:en": "Kerman County",
        "province:en": "Kerman",
        "publicId": "Mjg6MzUzOTQ",
        "sourceId": "35394",
        "layerId": 28,
        "type": "location",
        "status": "active",
        "urgency": null,
        "verificationTag": null,
        "expirationDate": null,
        "createdAt": "2026-03-11T20:58:32.222Z",
        "updatedAt": "2026-03-11T20:58:32.222Z"
      }
    },
    {
      "type": "Feature",
      "id": 59992,
      "geometry": {
        "type": "Point",
        "coordinates": [
          53.206194,
          30.1675599
        ]
      },
      "properties": {
        "id": "Mjg6MzUyODk",
        "city": "شهرستان پاسارگاد",
        "name:fa": "هلال احمر جاده ای شهدای پاسارگاد",
        "province": "استان فارس",
        "name:en": "Pasargad Martyrs Roadside Red Crescent",
        "city:en": "Pasargad County",
        "province:en": "Fars",
        "publicId": "Mjg6MzUyODk",
        "sourceId": "35289",
        "layerId": 28,
        "type": "location",
        "status": "active",
        "urgency": null,
        "verificationTag": null,
        "expirationDate": null,
        "createdAt": "2026-03-11T20:58:32.222Z",
        "updatedAt": "2026-03-11T20:58:32.222Z"
      }
    },
    {
      "type": "Feature",
      "id": 59993,
      "geometry": {
        "type": "Point",
        "coordinates": [
          50.3776364,
          33.8472791
        ]
      },
      "properties": {
        "id": "Mjg6MzcxNTE",
        "city": "شهرستان محلات",
        "name:fa": "هلال احمر جاده ای محلات",
        "province": "استان مرکزی",
        "name:en": "Mahallat Roadside Red Crescent",
        "city:en": "Mahallat County",
        "province:en": "Markazi",
        "publicId": "Mjg6MzcxNTE",
        "sourceId": "37151",
        "layerId": 28,
        "type": "location",
        "status": "active",
        "urgency": null,
        "verificationTag": null,
        "expirationDate": null,
        "createdAt": "2026-03-11T20:58:32.222Z",
        "updatedAt": "2026-03-11T20:58:32.222Z"
      }
    },
    {
      "type": "Feature",
      "id": 59994,
      "geometry": {
        "type": "Point",
        "coordinates": [
          57.7785091,
          25.6472818
        ]
      },
      "properties": {
        "id": "Mjg6MzM5Mzk",
        "city": "بندر جاسک",
        "name:fa": "هلال احمر جاسک",
        "province": "استان هرمزگان",
        "name:en": "Jask Red Crescent",
        "city:en": "Bandar Jask",
        "province:en": "Hormozgan",
        "publicId": "Mjg6MzM5Mzk",
        "sourceId": "33939",
        "layerId": 28,
        "type": "location",
        "status": "active",
        "urgency": null,
        "verificationTag": null,
        "expirationDate": null,
        "createdAt": "2026-03-11T20:58:32.223Z",
        "updatedAt": "2026-03-11T20:58:32.223Z"
      }
    },
    {
      "type": "Feature",
      "id": 59995,
      "geometry": {
        "type": "Point",
        "coordinates": [
          61.4995843,
          26.1490277
        ]
      },
      "properties": {
        "id": "Mjg6MzQxMTM",
        "city": "شهرستان سرباز",
        "name:fa": "هلال احمر جکیگور",
        "province": "استان سیستان و بلوچستان",
        "name:en": "Jakigor Red Crescent",
        "city:en": "Sarbaz County",
        "province:en": "Sistan and Baluchestan",
        "publicId": "Mjg6MzQxMTM",
        "sourceId": "34113",
        "layerId": 28,
        "type": "location",
        "status": "active",
        "urgency": null,
        "verificationTag": null,
        "expirationDate": null,
        "createdAt": "2026-03-11T20:58:32.223Z",
        "updatedAt": "2026-03-11T20:58:32.223Z"
      }
    },
    {
      "type": "Feature",
      "id": 59996,
      "geometry": {
        "type": "Point",
        "coordinates": [
          60.0030179,
          33.6028514
        ]
      },
      "properties": {
        "id": "Mjg6MjY5NDQ",
        "city": "حاجی آباد",
        "name:fa": "هلال احمر حاجی آباد",
        "province": "استان خراسان جنوبی",
        "name:en": "Hajiabad Red Crescent",
        "city:en": "Hajiabad",
        "province:en": "South Khorasan",
        "publicId": "Mjg6MjY5NDQ",
        "sourceId": "26944",
        "layerId": 28,
        "type": "location",
        "status": "active",
        "urgency": null,
        "verificationTag": null,
        "expirationDate": null,
        "createdAt": "2026-03-11T20:58:32.223Z",
        "updatedAt": "2026-03-11T20:58:32.223Z"
      }
    },
    {
      "type": "Feature",
      "id": 59997,
      "geometry": {
        "type": "Point",
        "coordinates": [
          58.5136865,
          36.1210852
        ]
      },
      "properties": {
        "id": "Mjg6MTkzODM",
        "city": "شهرستان فیروزه",
        "name:fa": "هلال احمر حسن آباد سالار",
        "province": "استان خراسان رضوی",
        "name:en": "Hasanabad Salar Red Crescent",
        "city:en": "Firuzeh County",
        "province:en": "Razavi Khorasan",
        "publicId": "Mjg6MTkzODM",
        "sourceId": "19383",
        "layerId": 28,
        "type": "location",
        "status": "active",
        "urgency": null,
        "verificationTag": null,
        "expirationDate": null,
        "createdAt": "2026-03-11T20:58:32.224Z",
        "updatedAt": "2026-03-11T20:58:32.224Z"
      }
    },
    {
      "type": "Feature",
      "id": 59998,
      "geometry": {
        "type": "Point",
        "coordinates": [
          50.2370158,
          36.2027794
        ]
      },
      "properties": {
        "id": "Mjg6MTkyMTQ",
        "city": "شهرستان آبیک",
        "name:fa": "هلال احمر حصار خروان",
        "province": "استان قزوین",
        "name:en": "Hesar Kharvan Red Crescent",
        "city:en": "Abyek County",
        "province:en": "Qazvin",
        "publicId": "Mjg6MTkyMTQ",
        "sourceId": "19214",
        "layerId": 28,
        "type": "location",
        "status": "active",
        "urgency": null,
        "verificationTag": null,
        "expirationDate": null,
        "createdAt": "2026-03-11T20:58:32.224Z",
        "updatedAt": "2026-03-11T20:58:32.224Z"
      }
    },
    {
      "type": "Feature",
      "id": 59999,
      "geometry": {
        "type": "Point",
        "coordinates": [
          51.4228338,
          28.6565533
        ]
      },
      "properties": {
        "id": "Mjg6MzI0ODE",
        "city": "شهرستان دشتی",
        "name:fa": "هلال احمر خورموج",
        "province": "استان بوشهر",
        "name:en": "Khormuj Red Crescent",
        "city:en": "Dashti County",
        "province:en": "Bushehr",
        "publicId": "Mjg6MzI0ODE",
        "sourceId": "32481",
        "layerId": 28,
        "type": "location",
        "status": "active",
        "urgency": null,
        "verificationTag": null,
        "expirationDate": null,
        "createdAt": "2026-03-11T20:58:32.225Z",
        "updatedAt": "2026-03-11T20:58:32.225Z"
      }
    },
    {
      "type": "Feature",
      "id": 60000,
      "geometry": {
        "type": "Point",
        "coordinates": [
          51.4228341,
          28.6523278
        ]
      },
      "properties": {
        "id": "Mjg6MzUxOTU",
        "city": "شهرستان دشتی",
        "name:fa": "هلال احمر خورموج",
        "province": "استان بوشهر",
        "name:en": "Khormuj Red Crescent",
        "city:en": "Dashti County",
        "province:en": "Bushehr",
        "publicId": "Mjg6MzUxOTU",
        "sourceId": "35195",
        "layerId": 28,
        "type": "location",
        "status": "active",
        "urgency": null,
        "verificationTag": null,
        "expirationDate": null,
        "createdAt": "2026-03-11T20:58:32.225Z",
        "updatedAt": "2026-03-11T20:58:32.225Z"
      }
    },
    {
      "type": "Feature",
      "id": 60001,
      "geometry": {
        "type": "Point",
        "coordinates": [
          54.3398193,
          36.1623463
        ]
      },
      "properties": {
        "id": "Mjg6MTkzMjY",
        "city": "دامغان",
        "name:fa": "هلال احمر دامغان",
        "province": "استان سمنان",
        "name:en": "Damghan Red Crescent",
        "city:en": "Damghan",
        "province:en": "Semnan",
        "publicId": "Mjg6MTkzMjY",
        "sourceId": "19326",
        "layerId": 28,
        "type": "location",
        "status": "active",
        "urgency": null,
        "verificationTag": null,
        "expirationDate": null,
        "createdAt": "2026-03-11T20:58:32.225Z",
        "updatedAt": "2026-03-11T20:58:32.225Z"
      }
    },
    {
      "type": "Feature",
      "id": 60002,
      "geometry": {
        "type": "Point",
        "coordinates": [
          59.9982134,
          32.9223224
        ]
      },
      "properties": {
        "id": "Mjg6NDA5MDU",
        "city": "شهرستان درمیان",
        "name:fa": "هلال احمر درمیان",
        "province": "استان خراسان جنوبی",
        "name:en": "Darmian Red Crescent",
        "city:en": "Darmian County",
        "province:en": "South Khorasan",
        "publicId": "Mjg6NDA5MDU",
        "sourceId": "40905",
        "layerId": 28,
        "type": "location",
        "status": "active",
        "urgency": null,
        "verificationTag": null,
        "expirationDate": null,
        "createdAt": "2026-03-11T20:58:32.226Z",
        "updatedAt": "2026-03-11T20:58:32.226Z"
      }
    },
    {
      "type": "Feature",
      "id": 60003,
      "geometry": {
        "type": "Point",
        "coordinates": [
          51.5493791,
          32.6110324
        ]
      },
      "properties": {
        "id": "Mjg6MjgxODc",
        "city": "درچه",
        "name:fa": "هلال احمر درچه",
        "province": "استان اصفهان",
        "name:en": "Dorcheh Red Crescent",
        "city:en": "Dorcheh",
        "province:en": "Isfahan",
        "publicId": "Mjg6MjgxODc",
        "sourceId": "28187",
        "layerId": 28,
        "type": "location",
        "status": "active",
        "urgency": null,
        "verificationTag": null,
        "expirationDate": null,
        "createdAt": "2026-03-11T20:58:32.226Z",
        "updatedAt": "2026-03-11T20:58:32.226Z"
      }
    },
    {
      "type": "Feature",
      "id": 60004,
      "geometry": {
        "type": "Point",
        "coordinates": [
          51.464172,
          28.4855523
        ]
      },
      "properties": {
        "id": "Mjg6MzUxOTQ",
        "city": "شهرستان دشتی",
        "name:fa": "هلال احمر دشتی",
        "province": "استان بوشهر",
        "name:en": "Dashti Red Crescent",
        "city:en": "Dashti County",
        "province:en": "Bushehr",
        "publicId": "Mjg6MzUxOTQ",
        "sourceId": "35194",
        "layerId": 28,
        "type": "location",
        "status": "active",
        "urgency": null,
        "verificationTag": null,
        "expirationDate": null,
        "createdAt": "2026-03-11T20:58:32.226Z",
        "updatedAt": "2026-03-11T20:58:32.226Z"
      }
    },
    {
      "type": "Feature",
      "id": 60005,
      "geometry": {
        "type": "Point",
        "coordinates": [
          50.546096,
          30.799957
        ]
      },
      "properties": {
        "id": "Mjg6MzYzMjM",
        "city": "دهدشت",
        "name:fa": "هلال احمر دهدشت",
        "province": "استان کهگیلویه و بویراحمد",
        "name:en": "Dehdasht Red Crescent",
        "city:en": "Dehdasht",
        "province:en": "Kohgiluyeh and Boyer-Ahmad",
        "publicId": "Mjg6MzYzMjM",
        "sourceId": "36323",
        "layerId": 28,
        "type": "location",
        "status": "active",
        "urgency": null,
        "verificationTag": null,
        "expirationDate": null,
        "createdAt": "2026-03-11T20:58:32.227Z",
        "updatedAt": "2026-03-11T20:58:32.227Z"
      }
    },
    {
      "type": "Feature",
      "id": 60006,
      "geometry": {
        "type": "Point",
        "coordinates": [
          47.2772169,
          32.6824413
        ]
      },
      "properties": {
        "id": "Mjg6Mjc3MDM",
        "city": "دهلران",
        "name:fa": "هلال احمر دهلران",
        "province": "استان ایلام",
        "name:en": "Dehloran Red Crescent",
        "city:en": "Dehloran",
        "province:en": "Ilam",
        "publicId": "Mjg6Mjc3MDM",
        "sourceId": "27703",
        "layerId": 28,
        "type": "location",
        "status": "active",
        "urgency": null,
        "verificationTag": null,
        "expirationDate": null,
        "createdAt": "2026-03-11T20:58:32.227Z",
        "updatedAt": "2026-03-11T20:58:32.227Z"
      }
    },
    {
      "type": "Feature",
      "id": 60007,
      "geometry": {
        "type": "Point",
        "coordinates": [
          51.3013123,
          36.0206765
        ]
      },
      "properties": {
        "id": "Mjg6MTk0OTM",
        "city": "شهرستان کرج",
        "name:fa": "هلال احمر دوآب و شهرستانک",
        "province": "استان البرز",
        "name:en": "Doab and Shahrestanak Red Crescent",
        "city:en": "Karaj County",
        "province:en": "Alborz",
        "publicId": "Mjg6MTk0OTM",
        "sourceId": "19493",
        "layerId": 28,
        "type": "location",
        "status": "active",
        "urgency": null,
        "verificationTag": null,
        "expirationDate": null,
        "createdAt": "2026-03-11T20:58:32.228Z",
        "updatedAt": "2026-03-11T20:58:32.228Z"
      }
    },
    {
      "type": "Feature",
      "id": 60008,
      "geometry": {
        "type": "Point",
        "coordinates": [
          61.4148027,
          26.2238598
        ]
      },
      "properties": {
        "id": "Mjg6MzQwNzQ",
        "city": "راسک",
        "name:fa": "هلال احمر راسک",
        "province": "استان سیستان و بلوچستان",
        "name:en": "Rask Red Crescent",
        "city:en": "Rask",
        "province:en": "Sistan and Baluchestan",
        "publicId": "Mjg6MzQwNzQ",
        "sourceId": "34074",
        "layerId": 28,
        "type": "location",
        "status": "active",
        "urgency": null,
        "verificationTag": null,
        "expirationDate": null,
        "createdAt": "2026-03-11T20:58:32.228Z",
        "updatedAt": "2026-03-11T20:58:32.228Z"
      }
    },
    {
      "type": "Feature",
      "id": 60009,
      "geometry": {
        "type": "Point",
        "coordinates": [
          49.0357094,
          35.3955222
        ]
      },
      "properties": {
        "id": "Mjg6MjQ0MjI",
        "city": "رزن",
        "name:fa": "هلال احمر رزن",
        "province": "استان همدان",
        "name:en": "Razan Red Crescent",
        "city:en": "Razan",
        "province:en": "Hamadan",
        "publicId": "Mjg6MjQ0MjI",
        "sourceId": "24422",
        "layerId": 28,
        "type": "location",
        "status": "active",
        "urgency": null,
        "verificationTag": null,
        "expirationDate": null,
        "createdAt": "2026-03-11T20:58:32.228Z",
        "updatedAt": "2026-03-11T20:58:32.228Z"
      }
    },
    {
      "type": "Feature",
      "id": 60010,
      "geometry": {
        "type": "Point",
        "coordinates": [
          47.7193925,
          36.9925509
        ]
      },
      "properties": {
        "id": "Mjg6MTY0MDI",
        "city": "حصار",
        "name:fa": "هلال احمر روستای حصار",
        "province": "استان زنجان",
        "name:en": "Hesar Village Red Crescent",
        "city:en": "Hesar",
        "province:en": "Zanjan",
        "publicId": "Mjg6MTY0MDI",
        "sourceId": "16402",
        "layerId": 28,
        "type": "location",
        "status": "active",
        "urgency": null,
        "verificationTag": null,
        "expirationDate": null,
        "createdAt": "2026-03-11T20:58:32.229Z",
        "updatedAt": "2026-03-11T20:58:32.229Z"
      }
    },
    {
      "type": "Feature",
      "id": 60011,
      "geometry": {
        "type": "Point",
        "coordinates": [
          59.4810625,
          25.4825625
        ]
      },
      "properties": {
        "id": "Mjg6MzM5NTU",
        "city": "درک",
        "name:fa": "هلال احمر روستای درک",
        "province": "استان سیستان و بلوچستان",
        "name:en": "Darak Village Red Crescent",
        "city:en": "Darak",
        "province:en": "Sistan and Baluchestan",
        "publicId": "Mjg6MzM5NTU",
        "sourceId": "33955",
        "layerId": 28,
        "type": "location",
        "status": "active",
        "urgency": null,
        "verificationTag": null,
        "expirationDate": null,
        "createdAt": "2026-03-11T20:58:32.229Z",
        "updatedAt": "2026-03-11T20:58:32.229Z"
      }
    },
    {
      "type": "Feature",
      "id": 60012,
      "geometry": {
        "type": "Point",
        "coordinates": [
          55.437528,
          27.4571039
        ]
      },
      "properties": {
        "id": "Mjg6MzM4OTc",
        "city": "شهرستان خمیر",
        "name:fa": "هلال احمر رویدر",
        "province": "استان هرمزگان",
        "name:en": "Ruydar Red Crescent",
        "city:en": "Khamir County",
        "province:en": "Hormozgan",
        "publicId": "Mjg6MzM4OTc",
        "sourceId": "33897",
        "layerId": 28,
        "type": "location",
        "status": "active",
        "urgency": null,
        "verificationTag": null,
        "expirationDate": null,
        "createdAt": "2026-03-11T20:58:32.229Z",
        "updatedAt": "2026-03-11T20:58:32.229Z"
      }
    },
    {
      "type": "Feature",
      "id": 60013,
      "geometry": {
        "type": "Point",
        "coordinates": [
          56.9226055,
          30.4002551
        ]
      },
      "properties": {
        "id": "Mjg6MzA2NDc",
        "city": "زنگی آباد",
        "name:fa": "هلال احمر زنگی آباد",
        "province": "استان کرمان",
        "name:en": "Zangiabad Red Crescent",
        "city:en": "Zangiabad",
        "province:en": "Kerman",
        "publicId": "Mjg6MzA2NDc",
        "sourceId": "30647",
        "layerId": 28,
        "type": "location",
        "status": "active",
        "urgency": null,
        "verificationTag": null,
        "expirationDate": null,
        "createdAt": "2026-03-11T20:58:32.230Z",
        "updatedAt": "2026-03-11T20:58:32.230Z"
      }
    },
    {
      "type": "Feature",
      "id": 60014,
      "geometry": {
        "type": "Point",
        "coordinates": [
          51.0829929,
          29.281017
        ]
      },
      "properties": {
        "id": "Mjg6MzQ1OTA",
        "city": "شهرستان دشتستان",
        "name:fa": "هلال احمر زیارت",
        "province": "استان بوشهر",
        "name:en": "Ziyarat Red Crescent",
        "city:en": "Dashtestan County",
        "province:en": "Bushehr",
        "publicId": "Mjg6MzQ1OTA",
        "sourceId": "34590",
        "layerId": 28,
        "type": "location",
        "status": "active",
        "urgency": null,
        "verificationTag": null,
        "expirationDate": null,
        "createdAt": "2026-03-11T20:58:32.230Z",
        "updatedAt": "2026-03-11T20:58:32.230Z"
      }
    },
    {
      "type": "Feature",
      "id": 60015,
      "geometry": {
        "type": "Point",
        "coordinates": [
          51.429015,
          35.659736
        ]
      },
      "properties": {
        "id": "Mjg6MjMzODc",
        "city": "تهران",
        "name:fa": "هلال احمر ستاد منطقه ۱۶",
        "province": "استان تهران",
        "name:en": "Region 16 Headquarters Red Crescent",
        "city:en": "Tehran",
        "province:en": "Tehran",
        "publicId": "Mjg6MjMzODc",
        "sourceId": "23387",
        "layerId": 28,
        "type": "location",
        "status": "active",
        "urgency": null,
        "verificationTag": null,
        "expirationDate": null,
        "createdAt": "2026-03-11T20:58:32.231Z",
        "updatedAt": "2026-03-11T20:58:32.231Z"
      }
    },
    {
      "type": "Feature",
      "id": 60016,
      "geometry": {
        "type": "Point",
        "coordinates": [
          54.0686117,
          31.4996581
        ]
      },
      "properties": {
        "id": "Mjg6Mjk1NzE",
        "city": "شهرستان تفت",
        "name:fa": "هلال احمر سخوید",
        "province": "استان یزد",
        "name:en": "Sakhvid Red Crescent",
        "city:en": "Taft County",
        "province:en": "Yazd",
        "publicId": "Mjg6Mjk1NzE",
        "sourceId": "29571",
        "layerId": 28,
        "type": "location",
        "status": "active",
        "urgency": null,
        "verificationTag": null,
        "expirationDate": null,
        "createdAt": "2026-03-11T20:58:32.231Z",
        "updatedAt": "2026-03-11T20:58:32.231Z"
      }
    },
    {
      "type": "Feature",
      "id": 60017,
      "geometry": {
        "type": "Point",
        "coordinates": [
          52.8961484,
          35.7630224
        ]
      },
      "properties": {
        "id": "Mjg6MjEzNDQ",
        "city": "شهرستان فیروزکوه",
        "name:fa": "هلال احمر سرانزا",
        "province": "استان تهران",
        "name:en": "Saranza Red Crescent",
        "city:en": "Firuzkuh County",
        "province:en": "Tehran",
        "publicId": "Mjg6MjEzNDQ",
        "sourceId": "21344",
        "layerId": 28,
        "type": "location",
        "status": "active",
        "urgency": null,
        "verificationTag": null,
        "expirationDate": null,
        "createdAt": "2026-03-11T20:58:32.231Z",
        "updatedAt": "2026-03-11T20:58:32.231Z"
      }
    },
    {
      "type": "Feature",
      "id": 60018,
      "geometry": {
        "type": "Point",
        "coordinates": [
          57.537404,
          29.1109587
        ]
      },
      "properties": {
        "id": "Mjg6MzIxNjM",
        "city": "شهرستان جیرفت",
        "name:fa": "هلال احمر سربیژن",
        "province": "استان کرمان",
        "name:en": "Sarbizhan Red Crescent",
        "city:en": "Jiroft County",
        "province:en": "Kerman",
        "publicId": "Mjg6MzIxNjM",
        "sourceId": "32163",
        "layerId": 28,
        "type": "location",
        "status": "active",
        "urgency": null,
        "verificationTag": null,
        "expirationDate": null,
        "createdAt": "2026-03-11T20:58:32.232Z",
        "updatedAt": "2026-03-11T20:58:32.232Z"
      }
    },
    {
      "type": "Feature",
      "id": 60019,
      "geometry": {
        "type": "Point",
        "coordinates": [
          45.4758386,
          36.158117
        ]
      },
      "properties": {
        "id": "Mjg6MTkyOTk",
        "city": "سردشت",
        "name:fa": "هلال احمر سردشت",
        "province": "استان آذربایجان غربی",
        "name:en": "Sardasht Red Crescent",
        "city:en": "Sardasht",
        "province:en": "West Azerbaijan",
        "publicId": "Mjg6MTkyOTk",
        "sourceId": "19299",
        "layerId": 28,
        "type": "location",
        "status": "active",
        "urgency": null,
        "verificationTag": null,
        "expirationDate": null,
        "createdAt": "2026-03-11T20:58:32.232Z",
        "updatedAt": "2026-03-11T20:58:32.232Z"
      }
    },
    {
      "type": "Feature",
      "id": 60020,
      "geometry": {
        "type": "Point",
        "coordinates": [
          47.6050097,
          34.7786576
        ]
      },
      "properties": {
        "id": "Mjg6MjUyMjg",
        "city": "سنقر",
        "name:fa": "هلال احمر سنقر",
        "province": "استان کرمانشاه",
        "name:en": "Sonqor Red Crescent",
        "city:en": "Sonqor",
        "province:en": "Kermanshah",
        "publicId": "Mjg6MjUyMjg",
        "sourceId": "25228",
        "layerId": 28,
        "type": "location",
        "status": "active",
        "urgency": null,
        "verificationTag": null,
        "expirationDate": null,
        "createdAt": "2026-03-11T20:58:32.233Z",
        "updatedAt": "2026-03-11T20:58:32.233Z"
      }
    },
    {
      "type": "Feature",
      "id": 60021,
      "geometry": {
        "type": "Point",
        "coordinates": [
          46.2689504,
          38.0470307
        ]
      },
      "properties": {
        "id": "Mjg6MTQ3NDQ",
        "city": "تبریز",
        "name:fa": "هلال احمر سپاه عاشورا",
        "province": "استان آذربایجان شرقی",
        "name:en": "Ashura Corps Red Crescent",
        "city:en": "Tabriz",
        "province:en": "East Azerbaijan",
        "publicId": "Mjg6MTQ3NDQ",
        "sourceId": "14744",
        "layerId": 28,
        "type": "location",
        "status": "active",
        "urgency": null,
        "verificationTag": null,
        "expirationDate": null,
        "createdAt": "2026-03-11T20:58:32.233Z",
        "updatedAt": "2026-03-11T20:58:32.233Z"
      }
    },
    {
      "type": "Feature",
      "id": 60022,
      "geometry": {
        "type": "Point",
        "coordinates": [
          52.6561148,
          36.7026102
        ]
      },
      "properties": {
        "id": "Mjg6MTcwMDA",
        "city": "بابلسر",
        "name:fa": "هلال احمر شعبه بابلسر",
        "province": "استان مازندران",
        "name:en": "Babolsar Branch Red Crescent",
        "city:en": "Babolsar",
        "province:en": "Mazandaran",
        "publicId": "Mjg6MTcwMDA",
        "sourceId": "17000",
        "layerId": 28,
        "type": "location",
        "status": "active",
        "urgency": null,
        "verificationTag": null,
        "expirationDate": null,
        "createdAt": "2026-03-11T20:58:32.233Z",
        "updatedAt": "2026-03-11T20:58:32.233Z"
      }
    },
    {
      "type": "Feature",
      "id": 60023,
      "geometry": {
        "type": "Point",
        "coordinates": [
          46.2417233,
          38.0889111
        ]
      },
      "properties": {
        "id": "Mjg6MTQzMjk",
        "city": "تبریز",
        "name:fa": "هلال احمر شعبه تبریز",
        "province": "استان آذربایجان شرقی",
        "name:en": "Tabriz Branch Red Crescent",
        "city:en": "Tabriz",
        "province:en": "East Azerbaijan",
        "publicId": "Mjg6MTQzMjk",
        "sourceId": "14329",
        "layerId": 28,
        "type": "location",
        "status": "active",
        "urgency": null,
        "verificationTag": null,
        "expirationDate": null,
        "createdAt": "2026-03-11T20:58:32.235Z",
        "updatedAt": "2026-03-11T20:58:32.235Z"
      }
    },
    {
      "type": "Feature",
      "id": 60024,
      "geometry": {
        "type": "Point",
        "coordinates": [
          49.4052306,
          37.1848242
        ]
      },
      "properties": {
        "id": "Mjg6MTYwOTM",
        "city": "شهرستان فومن",
        "name:fa": "هلال احمر شفت",
        "province": "استان گیلان",
        "name:en": "Shaft Red Crescent",
        "city:en": "Fuman County",
        "province:en": "Gilan",
        "publicId": "Mjg6MTYwOTM",
        "sourceId": "16093",
        "layerId": 28,
        "type": "location",
        "status": "active",
        "urgency": null,
        "verificationTag": null,
        "expirationDate": null,
        "createdAt": "2026-03-11T20:58:32.235Z",
        "updatedAt": "2026-03-11T20:58:32.235Z"
      }
    },
    {
      "type": "Feature",
      "id": 60025,
      "geometry": {
        "type": "Point",
        "coordinates": [
          54.7003175,
          36.8927585
        ]
      },
      "properties": {
        "id": "Mjg6MTY2MDk",
        "city": "شهرستان گرگان",
        "name:fa": "هلال احمر شهر قرق",
        "province": "استان گلستان",
        "name:en": "Qorq City Red Crescent",
        "city:en": "Gorgan County",
        "province:en": "Golestan",
        "publicId": "Mjg6MTY2MDk",
        "sourceId": "16609",
        "layerId": 28,
        "type": "location",
        "status": "active",
        "urgency": null,
        "verificationTag": null,
        "expirationDate": null,
        "createdAt": "2026-03-11T20:58:32.236Z",
        "updatedAt": "2026-03-11T20:58:32.236Z"
      }
    },
    {
      "type": "Feature",
      "id": 60026,
      "geometry": {
        "type": "Point",
        "coordinates": [
          56.5667276,
          29.9240816
        ]
      },
      "properties": {
        "id": "Mjg6MzU5NTc",
        "city": "بردسير",
        "name:fa": "هلال احمر شهرستان",
        "province": "استان کرمان",
        "name:en": "County Red Crescent",
        "city:en": "Bardsir",
        "province:en": "Kerman",
        "publicId": "Mjg6MzU5NTc",
        "sourceId": "35957",
        "layerId": 28,
        "type": "location",
        "status": "active",
        "urgency": null,
        "verificationTag": null,
        "expirationDate": null,
        "createdAt": "2026-03-11T20:58:32.236Z",
        "updatedAt": "2026-03-11T20:58:32.236Z"
      }
    },
    {
      "type": "Feature",
      "id": 60027,
      "geometry": {
        "type": "Point",
        "coordinates": [
          52.6627066,
          31.1515472
        ]
      },
      "properties": {
        "id": "Mjg6MzY0NDM",
        "city": "آباده",
        "name:fa": "هلال احمر شهرستان اباده",
        "province": "استان فارس",
        "name:en": "Abadeh County Red Crescent",
        "city:en": "Abadeh",
        "province:en": "Fars",
        "publicId": "Mjg6MzY0NDM",
        "sourceId": "36443",
        "layerId": 28,
        "type": "location",
        "status": "active",
        "urgency": null,
        "verificationTag": null,
        "expirationDate": null,
        "createdAt": "2026-03-11T20:58:32.236Z",
        "updatedAt": "2026-03-11T20:58:32.236Z"
      }
    },
    {
      "type": "Feature",
      "id": 60028,
      "geometry": {
        "type": "Point",
        "coordinates": [
          46.1240132,
          37.9160492
        ]
      },
      "properties": {
        "id": "Mjg6MTQ4ODk",
        "city": "اسكو",
        "name:fa": "هلال احمر شهرستان اسکو",
        "province": "استان آذربایجان شرقی",
        "name:en": "Osku County Red Crescent",
        "city:en": "Osku",
        "province:en": "East Azerbaijan",
        "publicId": "Mjg6MTQ4ODk",
        "sourceId": "14889",
        "layerId": 28,
        "type": "location",
        "status": "active",
        "urgency": null,
        "verificationTag": null,
        "expirationDate": null,
        "createdAt": "2026-03-11T20:58:32.237Z",
        "updatedAt": "2026-03-11T20:58:32.237Z"
      }
    },
    {
      "type": "Feature",
      "id": 60029,
      "geometry": {
        "type": "Point",
        "coordinates": [
          50.1837122,
          37.0937561
        ]
      },
      "properties": {
        "id": "Mjg6MTYyNjI",
        "city": "املش",
        "name:fa": "هلال احمر شهرستان املش",
        "province": "استان گیلان",
        "name:en": "Amlash County Red Crescent",
        "city:en": "Amlash",
        "province:en": "Gilan",
        "publicId": "Mjg6MTYyNjI",
        "sourceId": "16262",
        "layerId": 28,
        "type": "location",
        "status": "active",
        "urgency": null,
        "verificationTag": null,
        "expirationDate": null,
        "createdAt": "2026-03-11T20:58:32.237Z",
        "updatedAt": "2026-03-11T20:58:32.237Z"
      }
    },
    {
      "type": "Feature",
      "id": 60030,
      "geometry": {
        "type": "Point",
        "coordinates": [
          55.2600035,
          30.8755097
        ]
      },
      "properties": {
        "id": "Mjg6NDA5MDY",
        "city": "انار",
        "name:fa": "هلال احمر شهرستان انار",
        "province": "استان کرمان",
        "name:en": "Anar County Red Crescent",
        "city:en": "Anar",
        "province:en": "Kerman",
        "publicId": "Mjg6NDA5MDY",
        "sourceId": "40906",
        "layerId": 28,
        "type": "location",
        "status": "active",
        "urgency": null,
        "verificationTag": null,
        "expirationDate": null,
        "createdAt": "2026-03-11T20:58:32.238Z",
        "updatedAt": "2026-03-11T20:58:32.238Z"
      }
    },
    {
      "type": "Feature",
      "id": 60031,
      "geometry": {
        "type": "Point",
        "coordinates": [
          45.8846703,
          35.9923978
        ]
      },
      "properties": {
        "id": "Mjg6MTk1MzU",
        "city": "بانه",
        "name:fa": "هلال احمر شهرستان بانه",
        "province": "استان کردستان",
        "name:en": "Baneh County Red Crescent",
        "city:en": "Baneh",
        "province:en": "Kurdistan",
        "publicId": "Mjg6MTk1MzU",
        "sourceId": "19535",
        "layerId": 28,
        "type": "location",
        "status": "active",
        "urgency": null,
        "verificationTag": null,
        "expirationDate": null,
        "createdAt": "2026-03-11T20:58:32.238Z",
        "updatedAt": "2026-03-11T20:58:32.238Z"
      }
    },
    {
      "type": "Feature",
      "id": 60032,
      "geometry": {
        "type": "Point",
        "coordinates": [
          52.3523855,
          30.0264203
        ]
      },
      "properties": {
        "id": "Mjg6MzEwOTM",
        "city": "سپیدان",
        "name:fa": "هلال احمر شهرستان بیضا",
        "province": "استان فارس",
        "name:en": "Beyza County Red Crescent",
        "city:en": "Sepidan",
        "province:en": "Fars",
        "publicId": "Mjg6MzEwOTM",
        "sourceId": "31093",
        "layerId": 28,
        "type": "location",
        "status": "active",
        "urgency": null,
        "verificationTag": null,
        "expirationDate": null,
        "createdAt": "2026-03-11T20:58:32.239Z",
        "updatedAt": "2026-03-11T20:58:32.239Z"
      }
    },
    {
      "type": "Feature",
      "id": 60033,
      "geometry": {
        "type": "Point",
        "coordinates": [
          57.4165517,
          36.7110847
        ]
      },
      "properties": {
        "id": "Mjg6MTY5Mzc",
        "city": "نقاب",
        "name:fa": "هلال احمر شهرستان جوین",
        "province": "استان خراسان رضوی",
        "name:en": "Jowayin County Red Crescent",
        "city:en": "Neqab",
        "province:en": "Razavi Khorasan",
        "publicId": "Mjg6MTY5Mzc",
        "sourceId": "16937",
        "layerId": 28,
        "type": "location",
        "status": "active",
        "urgency": null,
        "verificationTag": null,
        "expirationDate": null,
        "createdAt": "2026-03-11T20:58:32.239Z",
        "updatedAt": "2026-03-11T20:58:32.239Z"
      }
    },
    {
      "type": "Feature",
      "id": 60034,
      "geometry": {
        "type": "Point",
        "coordinates": [
          48.5923818,
          36.1161257
        ]
      },
      "properties": {
        "id": "Mjg6MTkzOTI",
        "city": "قيدار",
        "name:fa": "هلال احمر شهرستان خدابنده",
        "province": "استان زنجان",
        "name:en": "Khodabandeh County Red Crescent",
        "city:en": "Qeydar",
        "province:en": "Zanjan",
        "publicId": "Mjg6MTkzOTI",
        "sourceId": "19392",
        "layerId": 28,
        "type": "location",
        "status": "active",
        "urgency": null,
        "verificationTag": null,
        "expirationDate": null,
        "createdAt": "2026-03-11T20:58:32.240Z",
        "updatedAt": "2026-03-11T20:58:32.240Z"
      }
    },
    {
      "type": "Feature",
      "id": 60035,
      "geometry": {
        "type": "Point",
        "coordinates": [
          59.4536573,
          27.4887621
        ]
      },
      "properties": {
        "id": "Mjg6MzI5NTU",
        "city": "دلگان",
        "name:fa": "هلال احمر شهرستان دلگان",
        "province": "استان سیستان و بلوچستان",
        "name:en": "Delgan County Red Crescent",
        "city:en": "Delgan",
        "province:en": "Sistan and Baluchestan",
        "publicId": "Mjg6MzI5NTU",
        "sourceId": "32955",
        "layerId": 28,
        "type": "location",
        "status": "active",
        "urgency": null,
        "verificationTag": null,
        "expirationDate": null,
        "createdAt": "2026-03-11T20:58:32.240Z",
        "updatedAt": "2026-03-11T20:58:32.240Z"
      }
    },
    {
      "type": "Feature",
      "id": 60036,
      "geometry": {
        "type": "Point",
        "coordinates": [
          59.4536583,
          27.4839268
        ]
      },
      "properties": {
        "id": "Mjg6MzQwMjU",
        "city": "گلمورتی",
        "name:fa": "هلال احمر شهرستان دلگان",
        "province": "استان سیستان و بلوچستان",
        "name:en": "Delgan County Red Crescent",
        "city:en": "Galmurti",
        "province:en": "Sistan and Baluchestan",
        "publicId": "Mjg6MzQwMjU",
        "sourceId": "34025",
        "layerId": 28,
        "type": "location",
        "status": "active",
        "urgency": null,
        "verificationTag": null,
        "expirationDate": null,
        "createdAt": "2026-03-11T20:58:32.241Z",
        "updatedAt": "2026-03-11T20:58:32.241Z"
      }
    },
    {
      "type": "Feature",
      "id": 60037,
      "geometry": {
        "type": "Point",
        "coordinates": [
          52.0416395,
          35.697507
        ]
      },
      "properties": {
        "id": "Mjg6MjI4NTI",
        "city": "دماوند",
        "name:fa": "هلال احمر شهرستان دماوند",
        "province": "استان تهران",
        "name:en": "Damavand County Red Crescent",
        "city:en": "Damavand",
        "province:en": "Tehran",
        "publicId": "Mjg6MjI4NTI",
        "sourceId": "22852",
        "layerId": 28,
        "type": "location",
        "status": "active",
        "urgency": null,
        "verificationTag": null,
        "expirationDate": null,
        "createdAt": "2026-03-11T20:58:32.241Z",
        "updatedAt": "2026-03-11T20:58:32.241Z"
      }
    },
    {
      "type": "Feature",
      "id": 60038,
      "geometry": {
        "type": "Point",
        "coordinates": [
          51.4437228,
          30.8729031
        ]
      },
      "properties": {
        "id": "Mjg6MzAyMDY",
        "city": "شهرستان دنا",
        "name:fa": "هلال احمر شهرستان دنا",
        "province": "استان کهگیلویه و بویراحمد",
        "name:en": "Dena County Red Crescent",
        "city:en": "Dena County",
        "province:en": "Kohgiluyeh and Boyer-Ahmad",
        "publicId": "Mjg6MzAyMDY",
        "sourceId": "30206",
        "layerId": 28,
        "type": "location",
        "status": "active",
        "urgency": null,
        "verificationTag": null,
        "expirationDate": null,
        "createdAt": "2026-03-11T20:58:32.241Z",
        "updatedAt": "2026-03-11T20:58:32.241Z"
      }
    },
    {
      "type": "Feature",
      "id": 60039,
      "geometry": {
        "type": "Point",
        "coordinates": [
          50.2871221,
          37.1344869
        ]
      },
      "properties": {
        "id": "Mjg6MTYyMDU",
        "city": "رودسر",
        "name:fa": "هلال احمر شهرستان رودسر",
        "province": "استان گیلان",
        "name:en": "Rudsar County Red Crescent",
        "city:en": "Rudsar",
        "province:en": "Gilan",
        "publicId": "Mjg6MTYyMDU",
        "sourceId": "16205",
        "layerId": 28,
        "type": "location",
        "status": "active",
        "urgency": null,
        "verificationTag": null,
        "expirationDate": null,
        "createdAt": "2026-03-11T20:58:32.242Z",
        "updatedAt": "2026-03-11T20:58:32.242Z"
      }
    },
    {
      "type": "Feature",
      "id": 60040,
      "geometry": {
        "type": "Point",
        "coordinates": [
          55.6911222,
          29.451986
        ]
      },
      "properties": {
        "id": "Mjg6MzQyNTk",
        "city": "سيرجان",
        "name:fa": "هلال احمر شهرستان سیرجان",
        "province": "استان کرمان",
        "name:en": "Sirjan County Red Crescent",
        "city:en": "Sirjan",
        "province:en": "Kerman",
        "publicId": "Mjg6MzQyNTk",
        "sourceId": "34259",
        "layerId": 28,
        "type": "location",
        "status": "active",
        "urgency": null,
        "verificationTag": null,
        "expirationDate": null,
        "createdAt": "2026-03-11T20:58:32.242Z",
        "updatedAt": "2026-03-11T20:58:32.242Z"
      }
    },
    {
      "type": "Feature",
      "id": 60041,
      "geometry": {
        "type": "Point",
        "coordinates": [
          48.670839,
          30.656475
        ]
      },
      "properties": {
        "id": "Mjg6MzUwODI",
        "city": "شادگان",
        "name:fa": "هلال احمر شهرستان شادگان",
        "province": "استان خوزستان",
        "name:en": "Shadegan County Red Crescent",
        "city:en": "Shadegan",
        "province:en": "Khuzestan",
        "publicId": "Mjg6MzUwODI",
        "sourceId": "35082",
        "layerId": 28,
        "type": "location",
        "status": "active",
        "urgency": null,
        "verificationTag": null,
        "expirationDate": null,
        "createdAt": "2026-03-11T20:58:32.243Z",
        "updatedAt": "2026-03-11T20:58:32.243Z"
      }
    },
    {
      "type": "Feature",
      "id": 60042,
      "geometry": {
        "type": "Point",
        "coordinates": [
          49.4110993,
          33.9223543
        ]
      },
      "properties": {
        "id": "Mjg6MjY2MjU",
        "city": "شهرستان شازند",
        "name:fa": "هلال احمر شهرستان شازند",
        "province": "استان مرکزی",
        "name:en": "Shazand County Red Crescent",
        "city:en": "Shazand County",
        "province:en": "Markazi",
        "publicId": "Mjg6MjY2MjU",
        "sourceId": "26625",
        "layerId": 28,
        "type": "location",
        "status": "active",
        "urgency": null,
        "verificationTag": null,
        "expirationDate": null,
        "createdAt": "2026-03-11T20:58:32.243Z",
        "updatedAt": "2026-03-11T20:58:32.243Z"
      }
    },
    {
      "type": "Feature",
      "id": 60043,
      "geometry": {
        "type": "Point",
        "coordinates": [
          50.9897295,
          32.2772152
        ]
      },
      "properties": {
        "id": "Mjg6Mjg3NDE",
        "city": "فرخ شهر",
        "name:fa": "هلال احمر شهرستان فرخشهر",
        "province": "استان چهارمحال و بختیاری",
        "name:en": "Farrokh Shahr County Red Crescent",
        "city:en": "Farrokh Shahr",
        "province:en": "Chaharmahal and Bakhtiari",
        "publicId": "Mjg6Mjg3NDE",
        "sourceId": "28741",
        "layerId": 28,
        "type": "location",
        "status": "active",
        "urgency": null,
        "verificationTag": null,
        "expirationDate": null,
        "createdAt": "2026-03-11T20:58:32.244Z",
        "updatedAt": "2026-03-11T20:58:32.244Z"
      }
    },
    {
      "type": "Feature",
      "id": 60044,
      "geometry": {
        "type": "Point",
        "coordinates": [
          46.3542607,
          35.0481086
        ]
      },
      "properties": {
        "id": "Mjg6MjQ5Njk",
        "city": "پاوه",
        "name:fa": "هلال احمر شهرستان پاوه",
        "province": "استان کرمانشاه",
        "name:en": "Paveh County Red Crescent",
        "city:en": "Paveh",
        "province:en": "Kermanshah",
        "publicId": "Mjg6MjQ5Njk",
        "sourceId": "24969",
        "layerId": 28,
        "type": "location",
        "status": "active",
        "urgency": null,
        "verificationTag": null,
        "expirationDate": null,
        "createdAt": "2026-03-11T20:58:32.244Z",
        "updatedAt": "2026-03-11T20:58:32.244Z"
      }
    },
    {
      "type": "Feature",
      "id": 60045,
      "geometry": {
        "type": "Point",
        "coordinates": [
          50.7406609,
          30.7496031
        ]
      },
      "properties": {
        "id": "Mjg6MzAzMTE",
        "city": "چرام",
        "name:fa": "هلال احمر شهرستان چرام",
        "province": "استان کهگیلویه و بویراحمد",
        "name:en": "Choram County Red Crescent",
        "city:en": "Choram",
        "province:en": "Kohgiluyeh and Boyer-Ahmad",
        "publicId": "Mjg6MzAzMTE",
        "sourceId": "30311",
        "layerId": 28,
        "type": "location",
        "status": "active",
        "urgency": null,
        "verificationTag": null,
        "expirationDate": null,
        "createdAt": "2026-03-11T20:58:32.245Z",
        "updatedAt": "2026-03-11T20:58:32.245Z"
      }
    },
    {
      "type": "Feature",
      "id": 60046,
      "geometry": {
        "type": "Point",
        "coordinates": [
          46.3202785,
          33.7090548
        ]
      },
      "properties": {
        "id": "Mjg6MjY4MDU",
        "city": "شهرستان ایلام",
        "name:fa": "هلال احمر شهرستان چوار",
        "province": "استان ایلام",
        "name:en": "Chovar County Red Crescent",
        "city:en": "Ilam County",
        "province:en": "Ilam",
        "publicId": "Mjg6MjY4MDU",
        "sourceId": "26805",
        "layerId": 28,
        "type": "location",
        "status": "active",
        "urgency": null,
        "verificationTag": null,
        "expirationDate": null,
        "createdAt": "2026-03-11T20:58:32.245Z",
        "updatedAt": "2026-03-11T20:58:32.245Z"
      }
    },
    {
      "type": "Feature",
      "id": 60047,
      "geometry": {
        "type": "Point",
        "coordinates": [
          46.9471335,
          34.8024539
        ]
      },
      "properties": {
        "id": "Mjg6MjUxNzI",
        "city": "كامياران",
        "name:fa": "هلال احمر شهرستان کامیاران",
        "province": "استان کردستان",
        "name:en": "Kamyaran County Red Crescent",
        "city:en": "Kamyaran",
        "province:en": "Kurdistan",
        "publicId": "Mjg6MjUxNzI",
        "sourceId": "25172",
        "layerId": 28,
        "type": "location",
        "status": "active",
        "urgency": null,
        "verificationTag": null,
        "expirationDate": null,
        "createdAt": "2026-03-11T20:58:32.246Z",
        "updatedAt": "2026-03-11T20:58:32.246Z"
      }
    },
    {
      "type": "Feature",
      "id": 60048,
      "geometry": {
        "type": "Point",
        "coordinates": [
          47.5908302,
          33.5236076
        ]
      },
      "properties": {
        "id": "Mjg6MjY5NzY",
        "city": "شهرستان کوهدشت",
        "name:fa": "هلال احمر شهرستان کوهدشت",
        "province": "استان لرستان",
        "name:en": "Kuhdasht County Red Crescent",
        "city:en": "Kuhdasht County",
        "province:en": "Lorestan",
        "publicId": "Mjg6MjY5NzY",
        "sourceId": "26976",
        "layerId": 28,
        "type": "location",
        "status": "active",
        "urgency": null,
        "verificationTag": null,
        "expirationDate": null,
        "createdAt": "2026-03-11T20:58:32.246Z",
        "updatedAt": "2026-03-11T20:58:32.246Z"
      }
    },
    {
      "type": "Feature",
      "id": 60049,
      "geometry": {
        "type": "Point",
        "coordinates": [
          62.710712,
          27.5857902
        ]
      },
      "properties": {
        "id": "Mjg6MzI5MDM",
        "city": "جالق",
        "name:fa": "هلال احمر شهرستان گلشن",
        "province": "استان سیستان و بلوچستان",
        "name:en": "Golshan County Red Crescent",
        "city:en": "Jalq",
        "province:en": "Sistan and Baluchestan",
        "publicId": "Mjg6MzI5MDM",
        "sourceId": "32903",
        "layerId": 28,
        "type": "location",
        "status": "active",
        "urgency": null,
        "verificationTag": null,
        "expirationDate": null,
        "createdAt": "2026-03-11T20:58:32.246Z",
        "updatedAt": "2026-03-11T20:58:32.246Z"
      }
    },
    {
      "type": "Feature",
      "id": 60050,
      "geometry": {
        "type": "Point",
        "coordinates": [
          50.8230463,
          34.6714542
        ]
      },
      "properties": {
        "id": "Mjg6MjUzOTY",
        "city": "شهرستان قم",
        "name:fa": "هلال احمر شهید صابری",
        "province": "استان قم",
        "name:en": "Shahid Saberi Red Crescent",
        "city:en": "Qom County",
        "province:en": "Qom",
        "publicId": "Mjg6MjUzOTY",
        "sourceId": "25396",
        "layerId": 28,
        "type": "location",
        "status": "active",
        "urgency": null,
        "verificationTag": null,
        "expirationDate": null,
        "createdAt": "2026-03-11T20:58:32.247Z",
        "updatedAt": "2026-03-11T20:58:32.247Z"
      }
    },
    {
      "type": "Feature",
      "id": 60051,
      "geometry": {
        "type": "Point",
        "coordinates": [
          49.3263857,
          37.3037114
        ]
      },
      "properties": {
        "id": "Mjg6MTU2NjY",
        "city": "صومعه سرا",
        "name:fa": "هلال احمر صومعه سرا",
        "province": "استان گیلان",
        "name:en": "Sowme'eh Sara Red Crescent",
        "city:en": "Sowme'eh Sara",
        "province:en": "Gilan",
        "publicId": "Mjg6MTU2NjY",
        "sourceId": "15666",
        "layerId": 28,
        "type": "location",
        "status": "active",
        "urgency": null,
        "verificationTag": null,
        "expirationDate": null,
        "createdAt": "2026-03-11T20:58:32.247Z",
        "updatedAt": "2026-03-11T20:58:32.247Z"
      }
    },
    {
      "type": "Feature",
      "id": 60052,
      "geometry": {
        "type": "Point",
        "coordinates": [
          56.9362392,
          33.598256
        ]
      },
      "properties": {
        "id": "Mjg6MjY5Mzk",
        "city": "طبس",
        "name:fa": "هلال احمر طبس",
        "province": "استان خراسان جنوبی",
        "name:en": "Tabas Red Crescent",
        "city:en": "Tabas",
        "province:en": "South Khorasan",
        "publicId": "Mjg6MjY5Mzk",
        "sourceId": "26939",
        "layerId": 28,
        "type": "location",
        "status": "active",
        "urgency": null,
        "verificationTag": null,
        "expirationDate": null,
        "createdAt": "2026-03-11T20:58:32.248Z",
        "updatedAt": "2026-03-11T20:58:32.248Z"
      }
    },
    {
      "type": "Feature",
      "id": 60053,
      "geometry": {
        "type": "Point",
        "coordinates": [
          50.5772822,
          32.242198
        ]
      },
      "properties": {
        "id": "Mjg6Mjg3ODc",
        "city": "شهرستان فارسان",
        "name:fa": "هلال احمر فارسان",
        "province": "استان چهارمحال و بختیاری",
        "name:en": "Farsan Red Crescent",
        "city:en": "Farsan County",
        "province:en": "Chaharmahal and Bakhtiari",
        "publicId": "Mjg6Mjg3ODc",
        "sourceId": "28787",
        "layerId": 28,
        "type": "location",
        "status": "active",
        "urgency": null,
        "verificationTag": null,
        "expirationDate": null,
        "createdAt": "2026-03-11T20:58:32.248Z",
        "updatedAt": "2026-03-11T20:58:32.248Z"
      }
    },
    {
      "type": "Feature",
      "id": 60054,
      "geometry": {
        "type": "Point",
        "coordinates": [
          48.9917533,
          34.8579309
        ]
      },
      "properties": {
        "id": "Mjg6MjUxMDE",
        "city": "شهرستان همدان",
        "name:fa": "هلال احمر قهاوند",
        "province": "استان همدان",
        "name:en": "Qahavand Red Crescent",
        "city:en": "Hamadan County",
        "province:en": "Hamadan",
        "publicId": "Mjg6MjUxMDE",
        "sourceId": "25101",
        "layerId": 28,
        "type": "location",
        "status": "active",
        "urgency": null,
        "verificationTag": null,
        "expirationDate": null,
        "createdAt": "2026-03-11T20:58:32.249Z",
        "updatedAt": "2026-03-11T20:58:32.249Z"
      }
    },
    {
      "type": "Feature",
      "id": 60055,
      "geometry": {
        "type": "Point",
        "coordinates": [
          49.0019068,
          34.8618584
        ]
      },
      "properties": {
        "id": "Mjg6MjUxMDM",
        "city": "قهاوند",
        "name:fa": "هلال احمر قهاوند",
        "province": "استان همدان",
        "name:en": "Qahavand Red Crescent",
        "city:en": "Qahavand",
        "province:en": "Hamadan",
        "publicId": "Mjg6MjUxMDM",
        "sourceId": "25103",
        "layerId": 28,
        "type": "location",
        "status": "active",
        "urgency": null,
        "verificationTag": null,
        "expirationDate": null,
        "createdAt": "2026-03-11T20:58:32.249Z",
        "updatedAt": "2026-03-11T20:58:32.249Z"
      }
    },
    {
      "type": "Feature",
      "id": 60056,
      "geometry": {
        "type": "Point",
        "coordinates": [
          58.5117821,
          37.0919771
        ]
      },
      "properties": {
        "id": "Mjg6MTYyODQ",
        "city": "قوچان",
        "name:fa": "هلال احمر قوچان",
        "province": "استان خراسان رضوی",
        "name:en": "Quchan Red Crescent",
        "city:en": "Quchan",
        "province:en": "Razavi Khorasan",
        "publicId": "Mjg6MTYyODQ",
        "sourceId": "16284",
        "layerId": 28,
        "type": "location",
        "status": "active",
        "urgency": null,
        "verificationTag": null,
        "expirationDate": null,
        "createdAt": "2026-03-11T20:58:32.250Z",
        "updatedAt": "2026-03-11T20:58:32.250Z"
      }
    },
    {
      "type": "Feature",
      "id": 60057,
      "geometry": {
        "type": "Point",
        "coordinates": [
          54.3187129,
          27.6540471
        ]
      },
      "properties": {
        "id": "Mjg6MzI4Njk",
        "city": "لار",
        "name:fa": "هلال احمر لارستان",
        "province": "استان فارس",
        "name:en": "Larestan Red Crescent",
        "city:en": "Lar",
        "province:en": "Fars",
        "publicId": "Mjg6MzI4Njk",
        "sourceId": "32869",
        "layerId": 28,
        "type": "location",
        "status": "active",
        "urgency": null,
        "verificationTag": null,
        "expirationDate": null,
        "createdAt": "2026-03-11T20:58:32.250Z",
        "updatedAt": "2026-03-11T20:58:32.250Z"
      }
    },
    {
      "type": "Feature",
      "id": 60058,
      "geometry": {
        "type": "Point",
        "coordinates": [
          54.3186801,
          27.64977
        ]
      },
      "properties": {
        "id": "Mjg6MzM4NzI",
        "city": "لار",
        "name:fa": "هلال احمر لارستان",
        "province": "استان فارس",
        "name:en": "Larestan Red Crescent",
        "city:en": "Lar",
        "province:en": "Fars",
        "publicId": "Mjg6MzM4NzI",
        "sourceId": "33872",
        "layerId": 28,
        "type": "location",
        "status": "active",
        "urgency": null,
        "verificationTag": null,
        "expirationDate": null,
        "createdAt": "2026-03-11T20:58:32.251Z",
        "updatedAt": "2026-03-11T20:58:32.251Z"
      }
    },
    {
      "type": "Feature",
      "id": 60059,
      "geometry": {
        "type": "Point",
        "coordinates": [
          50.0092976,
          37.207318
        ]
      },
      "properties": {
        "id": "Mjg6MTYwNTc",
        "city": "لاهيجان",
        "name:fa": "هلال احمر لاهیجان",
        "province": "استان گیلان",
        "name:en": "Lahijan Red Crescent",
        "city:en": "Lahijan",
        "province:en": "Gilan",
        "publicId": "Mjg6MTYwNTc",
        "sourceId": "16057",
        "layerId": 28,
        "type": "location",
        "status": "active",
        "urgency": null,
        "verificationTag": null,
        "expirationDate": null,
        "createdAt": "2026-03-11T20:58:32.251Z",
        "updatedAt": "2026-03-11T20:58:32.251Z"
      }
    },
    {
      "type": "Feature",
      "id": 60060,
      "geometry": {
        "type": "Point",
        "coordinates": [
          50.1547028,
          37.1939535
        ]
      },
      "properties": {
        "id": "Mjg6MTYxMTk",
        "city": "لنگرود",
        "name:fa": "هلال احمر لنگرود",
        "province": "استان گیلان",
        "name:en": "Langarud Red Crescent",
        "city:en": "Langarud",
        "province:en": "Gilan",
        "publicId": "Mjg6MTYxMTk",
        "sourceId": "16119",
        "layerId": 28,
        "type": "location",
        "status": "active",
        "urgency": null,
        "verificationTag": null,
        "expirationDate": null,
        "createdAt": "2026-03-11T20:58:32.252Z",
        "updatedAt": "2026-03-11T20:58:32.252Z"
      }
    },
    {
      "type": "Feature",
      "id": 60061,
      "geometry": {
        "type": "Point",
        "coordinates": [
          50.6142802,
          30.4058959
        ]
      },
      "properties": {
        "id": "Mjg6MzUwOTk",
        "city": "شمس عرب",
        "name:fa": "هلال احمر لیشتر",
        "province": "استان کهگیلویه و بویراحمد",
        "name:en": "Lishter Red Crescent",
        "city:en": "Shams Arab",
        "province:en": "Kohgiluyeh and Boyer-Ahmad",
        "publicId": "Mjg6MzUwOTk",
        "sourceId": "35099",
        "layerId": 28,
        "type": "location",
        "status": "active",
        "urgency": null,
        "verificationTag": null,
        "expirationDate": null,
        "createdAt": "2026-03-11T20:58:32.252Z",
        "updatedAt": "2026-03-11T20:58:32.252Z"
      }
    },
    {
      "type": "Feature",
      "id": 60062,
      "geometry": {
        "type": "Point",
        "coordinates": [
          45.7734606,
          38.4262459
        ]
      },
      "properties": {
        "id": "Mjg6MTQwMDE",
        "city": "مرند",
        "name:fa": "هلال احمر مرند",
        "province": "استان آذربایجان شرقی",
        "name:en": "Marand Red Crescent",
        "city:en": "Marand",
        "province:en": "East Azerbaijan",
        "publicId": "Mjg6MTQwMDE",
        "sourceId": "14001",
        "layerId": 28,
        "type": "location",
        "status": "active",
        "urgency": null,
        "verificationTag": null,
        "expirationDate": null,
        "createdAt": "2026-03-11T20:58:32.252Z",
        "updatedAt": "2026-03-11T20:58:32.252Z"
      }
    },
    {
      "type": "Feature",
      "id": 60063,
      "geometry": {
        "type": "Point",
        "coordinates": [
          59.1876553,
          32.8670075
        ]
      },
      "properties": {
        "id": "Mjg6NDA5MDc",
        "city": "بيرجند",
        "name:fa": "هلال احمر معصومیه",
        "province": "استان خراسان جنوبی",
        "name:en": "Masoumiyeh Red Crescent",
        "city:en": "Birjand",
        "province:en": "South Khorasan",
        "publicId": "Mjg6NDA5MDc",
        "sourceId": "40907",
        "layerId": 28,
        "type": "location",
        "status": "active",
        "urgency": null,
        "verificationTag": null,
        "expirationDate": null,
        "createdAt": "2026-03-11T20:58:32.253Z",
        "updatedAt": "2026-03-11T20:58:32.253Z"
      }
    },
    {
      "type": "Feature",
      "id": 60064,
      "geometry": {
        "type": "Point",
        "coordinates": [
          48.7904616,
          34.3136585
        ]
      },
      "properties": {
        "id": "Mjg6MjYwMjY",
        "city": "ملایر",
        "name:fa": "هلال احمر ملایر",
        "province": "استان همدان",
        "name:en": "Malayer Red Crescent",
        "city:en": "Malayer",
        "province:en": "Hamadan",
        "publicId": "Mjg6MjYwMjY",
        "sourceId": "26026",
        "layerId": 28,
        "type": "location",
        "status": "active",
        "urgency": null,
        "verificationTag": null,
        "expirationDate": null,
        "createdAt": "2026-03-11T20:58:32.253Z",
        "updatedAt": "2026-03-11T20:58:32.253Z"
      }
    },
    {
      "type": "Feature",
      "id": 60065,
      "geometry": {
        "type": "Point",
        "coordinates": [
          51.3579378,
          35.6756094
        ]
      },
      "properties": {
        "id": "Mjg6MjI5ODA",
        "city": "تهران",
        "name:fa": "هلال احمر منطقه 9",
        "province": "استان تهران",
        "name:en": "District 9 Red Crescent",
        "city:en": "Tehran",
        "province:en": "Tehran",
        "publicId": "Mjg6MjI5ODA",
        "sourceId": "22980",
        "layerId": 28,
        "type": "location",
        "status": "active",
        "urgency": null,
        "verificationTag": null,
        "expirationDate": null,
        "createdAt": "2026-03-11T20:58:32.254Z",
        "updatedAt": "2026-03-11T20:58:32.254Z"
      }
    },
    {
      "type": "Feature",
      "id": 60066,
      "geometry": {
        "type": "Point",
        "coordinates": [
          51.377825,
          35.7723741
        ]
      },
      "properties": {
        "id": "Mjg6MjA2NjM",
        "city": "تهران",
        "name:fa": "هلال احمر منطقه دو",
        "province": "استان تهران",
        "name:en": "District 2 Red Crescent",
        "city:en": "Tehran",
        "province:en": "Tehran",
        "publicId": "Mjg6MjA2NjM",
        "sourceId": "20663",
        "layerId": 28,
        "type": "location",
        "status": "active",
        "urgency": null,
        "verificationTag": null,
        "expirationDate": null,
        "createdAt": "2026-03-11T20:58:32.254Z",
        "updatedAt": "2026-03-11T20:58:32.254Z"
      }
    },
    {
      "type": "Feature",
      "id": 60067,
      "geometry": {
        "type": "Point",
        "coordinates": [
          51.4234789,
          35.6606938
        ]
      },
      "properties": {
        "id": "Mjg6MjMzODQ",
        "city": "تهران",
        "name:fa": "هلال احمر منطقه ۱۶",
        "province": "استان تهران",
        "name:en": "District 16 Red Crescent",
        "city:en": "Tehran",
        "province:en": "Tehran",
        "publicId": "Mjg6MjMzODQ",
        "sourceId": "23384",
        "layerId": 28,
        "type": "location",
        "status": "active",
        "urgency": null,
        "verificationTag": null,
        "expirationDate": null,
        "createdAt": "2026-03-11T20:58:32.255Z",
        "updatedAt": "2026-03-11T20:58:32.255Z"
      }
    },
    {
      "type": "Feature",
      "id": 60068,
      "geometry": {
        "type": "Point",
        "coordinates": [
          51.2183516,
          35.7160384
        ]
      },
      "properties": {
        "id": "Mjg6MjE5ODQ",
        "city": "تهران",
        "name:fa": "هلال احمر منطقه ۲۲",
        "province": "استان تهران",
        "name:en": "District 22 Red Crescent",
        "city:en": "Tehran",
        "province:en": "Tehran",
        "publicId": "Mjg6MjE5ODQ",
        "sourceId": "21984",
        "layerId": 28,
        "type": "location",
        "status": "active",
        "urgency": null,
        "verificationTag": null,
        "expirationDate": null,
        "createdAt": "2026-03-11T20:58:32.255Z",
        "updatedAt": "2026-03-11T20:58:32.255Z"
      }
    },
    {
      "type": "Feature",
      "id": 60069,
      "geometry": {
        "type": "Point",
        "coordinates": [
          53.2174784,
          36.6020052
        ]
      },
      "properties": {
        "id": "Mjg6MTczMTM",
        "city": "سورک",
        "name:fa": "هلال احمر میاندورود",
        "province": "استان مازندران",
        "name:en": "Miandorud Red Crescent",
        "city:en": "Surak",
        "province:en": "Mazandaran",
        "publicId": "Mjg6MTczMTM",
        "sourceId": "17313",
        "layerId": 28,
        "type": "location",
        "status": "active",
        "urgency": null,
        "verificationTag": null,
        "expirationDate": null,
        "createdAt": "2026-03-11T20:58:32.256Z",
        "updatedAt": "2026-03-11T20:58:32.256Z"
      }
    },
    {
      "type": "Feature",
      "id": 60070,
      "geometry": {
        "type": "Point",
        "coordinates": [
          53.2571096,
          27.4226113
        ]
      },
      "properties": {
        "id": "Mjg6MzQyMTQ",
        "city": "میرحسنی",
        "name:fa": "هلال احمر میرحسنی",
        "province": "استان فارس",
        "name:en": "Mir Hasani Red Crescent",
        "city:en": "Mir Hasani",
        "province:en": "Fars",
        "publicId": "Mjg6MzQyMTQ",
        "sourceId": "34214",
        "layerId": 28,
        "type": "location",
        "status": "active",
        "urgency": null,
        "verificationTag": null,
        "expirationDate": null,
        "createdAt": "2026-03-11T20:58:32.256Z",
        "updatedAt": "2026-03-11T20:58:32.256Z"
      }
    },
    {
      "type": "Feature",
      "id": 60071,
      "geometry": {
        "type": "Point",
        "coordinates": [
          51.2597448,
          32.6617529
        ]
      },
      "properties": {
        "id": "Mjg6Mjc3OTk",
        "city": "شهرستان نجف آباد",
        "name:fa": "هلال احمر نجف آباد",
        "province": "استان اصفهان",
        "name:en": "Najafabad Red Crescent",
        "city:en": "Najafabad County",
        "province:en": "Isfahan",
        "publicId": "Mjg6Mjc3OTk",
        "sourceId": "27799",
        "layerId": 28,
        "type": "location",
        "status": "active",
        "urgency": null,
        "verificationTag": null,
        "expirationDate": null,
        "createdAt": "2026-03-11T20:58:32.256Z",
        "updatedAt": "2026-03-11T20:58:32.256Z"
      }
    },
    {
      "type": "Feature",
      "id": 60072,
      "geometry": {
        "type": "Point",
        "coordinates": [
          51.9151881,
          33.5165973
        ]
      },
      "properties": {
        "id": "Mjg6MjcwMTc",
        "city": "نطنز",
        "name:fa": "هلال احمر نطنز",
        "province": "استان اصفهان",
        "name:en": "Natanz Red Crescent",
        "city:en": "Natanz",
        "province:en": "Isfahan",
        "publicId": "Mjg6MjcwMTc",
        "sourceId": "27017",
        "layerId": 28,
        "type": "location",
        "status": "active",
        "urgency": null,
        "verificationTag": null,
        "expirationDate": null,
        "createdAt": "2026-03-11T20:58:32.257Z",
        "updatedAt": "2026-03-11T20:58:32.257Z"
      }
    },
    {
      "type": "Feature",
      "id": 60073,
      "geometry": {
        "type": "Point",
        "coordinates": [
          48.4796472,
          38.4172509
        ]
      },
      "properties": {
        "id": "Mjg6MTQwMDk",
        "city": "نمین",
        "name:fa": "هلال احمر نمین",
        "province": "استان اردبیل",
        "name:en": "Namin Red Crescent",
        "city:en": "Namin",
        "province:en": "Ardabil",
        "publicId": "Mjg6MTQwMDk",
        "sourceId": "14009",
        "layerId": 28,
        "type": "location",
        "status": "active",
        "urgency": null,
        "verificationTag": null,
        "expirationDate": null,
        "createdAt": "2026-03-11T20:58:32.257Z",
        "updatedAt": "2026-03-11T20:58:32.257Z"
      }
    },
    {
      "type": "Feature",
      "id": 60074,
      "geometry": {
        "type": "Point",
        "coordinates": [
          48.3769132,
          34.1867895
        ]
      },
      "properties": {
        "id": "Mjg6MjYxNzI",
        "city": "نهاوند",
        "name:fa": "هلال احمر نهاوند",
        "province": "استان همدان",
        "name:en": "Nahavand Red Crescent",
        "city:en": "Nahavand",
        "province:en": "Hamadan",
        "publicId": "Mjg6MjYxNzI",
        "sourceId": "26172",
        "layerId": 28,
        "type": "location",
        "status": "active",
        "urgency": null,
        "verificationTag": null,
        "expirationDate": null,
        "createdAt": "2026-03-11T20:58:32.258Z",
        "updatedAt": "2026-03-11T20:58:32.258Z"
      }
    },
    {
      "type": "Feature",
      "id": 60075,
      "geometry": {
        "type": "Point",
        "coordinates": [
          52.0096438,
          36.5761563
        ]
      },
      "properties": {
        "id": "Mjg6NDA5MDg",
        "city": "نور",
        "name:fa": "هلال احمر نور",
        "province": "استان مازندران",
        "name:en": "Nur Red Crescent",
        "city:en": "Nur",
        "province:en": "Mazandaran",
        "publicId": "Mjg6NDA5MDg",
        "sourceId": "40908",
        "layerId": 28,
        "type": "location",
        "status": "active",
        "urgency": null,
        "verificationTag": null,
        "expirationDate": null,
        "createdAt": "2026-03-11T20:58:32.258Z",
        "updatedAt": "2026-03-11T20:58:32.258Z"
      }
    },
    {
      "type": "Feature",
      "id": 60076,
      "geometry": {
        "type": "Point",
        "coordinates": [
          50.065455,
          33.1868332
        ]
      },
      "properties": {
        "id": "Mjg6MjcyOTI",
        "city": "نوغان",
        "name:fa": "هلال احمر نوغان",
        "province": "استان اصفهان",
        "name:en": "Noghan Red Crescent",
        "city:en": "Noghan",
        "province:en": "Isfahan",
        "publicId": "Mjg6MjcyOTI",
        "sourceId": "27292",
        "layerId": 28,
        "type": "location",
        "status": "active",
        "urgency": null,
        "verificationTag": null,
        "expirationDate": null,
        "createdAt": "2026-03-11T20:58:32.259Z",
        "updatedAt": "2026-03-11T20:58:32.259Z"
      }
    },
    {
      "type": "Feature",
      "id": 60077,
      "geometry": {
        "type": "Point",
        "coordinates": [
          58.8045057,
          36.1957957
        ]
      },
      "properties": {
        "id": "Mjg6MzQxOTM",
        "city": "نیشابور",
        "name:fa": "هلال احمر نيشابور",
        "province": "استان خراسان رضوی",
        "name:en": "Nishapur Red Crescent",
        "city:en": "Nishapur",
        "province:en": "Razavi Khorasan",
        "publicId": "Mjg6MzQxOTM",
        "sourceId": "34193",
        "layerId": 28,
        "type": "location",
        "status": "active",
        "urgency": null,
        "verificationTag": null,
        "expirationDate": null,
        "createdAt": "2026-03-11T20:58:32.259Z",
        "updatedAt": "2026-03-11T20:58:32.259Z"
      }
    },
    {
      "type": "Feature",
      "id": 60078,
      "geometry": {
        "type": "Point",
        "coordinates": [
          58.8044406,
          36.1996334
        ]
      },
      "properties": {
        "id": "Mjg6MTkyNTU",
        "city": "نیشابور",
        "name:fa": "هلال احمر نیشابور",
        "province": "استان خراسان رضوی",
        "name:en": "Nishapur Red Crescent",
        "city:en": "Nishapur",
        "province:en": "Razavi Khorasan",
        "publicId": "Mjg6MTkyNTU",
        "sourceId": "19255",
        "layerId": 28,
        "type": "location",
        "status": "active",
        "urgency": null,
        "verificationTag": null,
        "expirationDate": null,
        "createdAt": "2026-03-11T20:58:32.260Z",
        "updatedAt": "2026-03-11T20:58:32.260Z"
      }
    },
    {
      "type": "Feature",
      "id": 60079,
      "geometry": {
        "type": "Point",
        "coordinates": [
          58.9293779,
          33.8950252
        ]
      },
      "properties": {
        "id": "Mjg6MjY2Nzc",
        "city": "شهرستان قائنات",
        "name:fa": "هلال احمر نیمبلوک",
        "province": "استان خراسان جنوبی",
        "name:en": "Nimbeluk Red Crescent",
        "city:en": "Qaenat County",
        "province:en": "South Khorasan",
        "publicId": "Mjg6MjY2Nzc",
        "sourceId": "26677",
        "layerId": 28,
        "type": "location",
        "status": "active",
        "urgency": null,
        "verificationTag": null,
        "expirationDate": null,
        "createdAt": "2026-03-11T20:58:32.260Z",
        "updatedAt": "2026-03-11T20:58:32.260Z"
      }
    },
    {
      "type": "Feature",
      "id": 60080,
      "geometry": {
        "type": "Point",
        "coordinates": [
          45.6609969,
          38.8456699
        ]
      },
      "properties": {
        "id": "Mjg6MTM4NjA",
        "city": "هادیشهر",
        "name:fa": "هلال احمر هادیشهر جلفا",
        "province": "استان آذربایجان شرقی",
        "name:en": "Hadishahr Jolfa Red Crescent",
        "city:en": "Hadishahr",
        "province:en": "East Azerbaijan",
        "publicId": "Mjg6MTM4NjA",
        "sourceId": "13860",
        "layerId": 28,
        "type": "location",
        "status": "active",
        "urgency": null,
        "verificationTag": null,
        "expirationDate": null,
        "createdAt": "2026-03-11T20:58:32.261Z",
        "updatedAt": "2026-03-11T20:58:32.261Z"
      }
    },
    {
      "type": "Feature",
      "id": 60081,
      "geometry": {
        "type": "Point",
        "coordinates": [
          49.7134526,
          30.2422286
        ]
      },
      "properties": {
        "id": "Mjg6MzA5NjA",
        "city": "هنديجان",
        "name:fa": "هلال احمر هندیجان",
        "province": "استان خوزستان",
        "name:en": "Hendijan Red Crescent",
        "city:en": "Hendijan",
        "province:en": "Khuzestan",
        "publicId": "Mjg6MzA5NjA",
        "sourceId": "30960",
        "layerId": 28,
        "type": "location",
        "status": "active",
        "urgency": null,
        "verificationTag": null,
        "expirationDate": null,
        "createdAt": "2026-03-11T20:58:32.261Z",
        "updatedAt": "2026-03-11T20:58:32.261Z"
      }
    },
    {
      "type": "Feature",
      "id": 60082,
      "geometry": {
        "type": "Point",
        "coordinates": [
          49.5390943,
          36.9331062
        ]
      },
      "properties": {
        "id": "Mjg6MTY1MDY",
        "city": "شهرستان رودبار",
        "name:fa": "هلال احمر و پایگاه شبانه روزی امداد خودرو سایپا",
        "province": "استان گیلان",
        "name:en": "Red Crescent and Saipa 24/7 Car Rescue Base",
        "city:en": "Rudbar County",
        "province:en": "Gilan",
        "publicId": "Mjg6MTY1MDY",
        "sourceId": "16506",
        "layerId": 28,
        "type": "location",
        "status": "active",
        "urgency": null,
        "verificationTag": null,
        "expirationDate": null,
        "createdAt": "2026-03-11T20:58:32.261Z",
        "updatedAt": "2026-03-11T20:58:32.261Z"
      }
    },
    {
      "type": "Feature",
      "id": 60083,
      "geometry": {
        "type": "Point",
        "coordinates": [
          60.795872,
          25.3449768
        ]
      },
      "properties": {
        "id": "Mjg6MzQwNzU",
        "city": "شهرستان چابهار",
        "name:fa": "هلال احمر وشنام جاده‌ای",
        "province": "استان سیستان و بلوچستان",
        "name:en": "Vashnam Roadside Red Crescent",
        "city:en": "Chabahar County",
        "province:en": "Sistan and Baluchestan",
        "publicId": "Mjg6MzQwNzU",
        "sourceId": "34075",
        "layerId": 28,
        "type": "location",
        "status": "active",
        "urgency": null,
        "verificationTag": null,
        "expirationDate": null,
        "createdAt": "2026-03-11T20:58:32.262Z",
        "updatedAt": "2026-03-11T20:58:32.262Z"
      }
    },
    {
      "type": "Feature",
      "id": 60084,
      "geometry": {
        "type": "Point",
        "coordinates": [
          49.3545641,
          37.231164
        ]
      },
      "properties": {
        "id": "Mjg6NDA5MDk",
        "city": "شهرستان فومن",
        "name:fa": "هلال احمر پایگاه امداد",
        "province": "استان گیلان",
        "name:en": "Red Crescent Relief Station",
        "city:en": "Fuman County",
        "province:en": "Gilan",
        "publicId": "Mjg6NDA5MDk",
        "sourceId": "40909",
        "layerId": 28,
        "type": "location",
        "status": "active",
        "urgency": null,
        "verificationTag": null,
        "expirationDate": null,
        "createdAt": "2026-03-11T20:58:32.262Z",
        "updatedAt": "2026-03-11T20:58:32.262Z"
      }
    },
    {
      "type": "Feature",
      "id": 60085,
      "geometry": {
        "type": "Point",
        "coordinates": [
          49.6425484,
          37.0642514
        ]
      },
      "properties": {
        "id": "Mjg6MTYzMjA",
        "city": "سراوان",
        "name:fa": "هلال احمر پایگاه امداد و نجات بین شهری جاده ای",
        "province": "استان گیلان",
        "name:en": "Red Crescent Intercity Road Rescue Station",
        "city:en": "Saravan",
        "province:en": "Gilan",
        "publicId": "Mjg6MTYzMjA",
        "sourceId": "16320",
        "layerId": 28,
        "type": "location",
        "status": "active",
        "urgency": null,
        "verificationTag": null,
        "expirationDate": null,
        "createdAt": "2026-03-11T20:58:32.263Z",
        "updatedAt": "2026-03-11T20:58:32.263Z"
      }
    },
    {
      "type": "Feature",
      "id": 60086,
      "geometry": {
        "type": "Point",
        "coordinates": [
          56.7660972,
          36.3568898
        ]
      },
      "properties": {
        "id": "Mjg6MTgxMzE",
        "city": "شهرستان داورزن",
        "name:fa": "هلال احمر کاهک",
        "province": "استان خراسان رضوی",
        "name:en": "Kahak Red Crescent",
        "city:en": "Davarzan County",
        "province:en": "Razavi Khorasan",
        "publicId": "Mjg6MTgxMzE",
        "sourceId": "18131",
        "layerId": 28,
        "type": "location",
        "status": "active",
        "urgency": null,
        "verificationTag": null,
        "expirationDate": null,
        "createdAt": "2026-03-11T20:58:32.263Z",
        "updatedAt": "2026-03-11T20:58:32.263Z"
      }
    },
    {
      "type": "Feature",
      "id": 60087,
      "geometry": {
        "type": "Point",
        "coordinates": [
          50.1250698,
          36.8854529
        ]
      },
      "properties": {
        "id": "Mjg6MTY1OTI",
        "city": "شهرستان املش",
        "name:fa": "هلال احمر کجید",
        "province": "استان گیلان",
        "name:en": "Kajid Red Crescent",
        "city:en": "Amlash County",
        "province:en": "Gilan",
        "publicId": "Mjg6MTY1OTI",
        "sourceId": "16592",
        "layerId": 28,
        "type": "location",
        "status": "active",
        "urgency": null,
        "verificationTag": null,
        "expirationDate": null,
        "createdAt": "2026-03-11T20:58:32.264Z",
        "updatedAt": "2026-03-11T20:58:32.264Z"
      }
    },
    {
      "type": "Feature",
      "id": 60088,
      "geometry": {
        "type": "Point",
        "coordinates": [
          47.0063098,
          35.3059751
        ]
      },
      "properties": {
        "id": "Mjg6MjQ2MDQ",
        "city": "سنندج",
        "name:fa": "هلال احمر کردستان",
        "province": "استان کردستان",
        "name:en": "Kurdistan Red Crescent",
        "city:en": "Sanandaj",
        "province:en": "Kurdistan",
        "publicId": "Mjg6MjQ2MDQ",
        "sourceId": "24604",
        "layerId": 28,
        "type": "location",
        "status": "active",
        "urgency": null,
        "verificationTag": null,
        "expirationDate": null,
        "createdAt": "2026-03-11T20:58:32.264Z",
        "updatedAt": "2026-03-11T20:58:32.264Z"
      }
    },
    {
      "type": "Feature",
      "id": 60089,
      "geometry": {
        "type": "Point",
        "coordinates": [
          59.5516799,
          36.3159432
        ]
      },
      "properties": {
        "id": "Mjg6MTgzOTA",
        "city": "مشهد",
        "name:fa": "هلال احمر کل استان خراسان رضوی",
        "province": "استان خراسان رضوی",
        "name:en": "Razavi Khorasan Provincial Red Crescent Headquarters",
        "city:en": "Mashhad",
        "province:en": "Razavi Khorasan",
        "publicId": "Mjg6MTgzOTA",
        "sourceId": "18390",
        "layerId": 28,
        "type": "location",
        "status": "active",
        "urgency": null,
        "verificationTag": null,
        "expirationDate": null,
        "createdAt": "2026-03-11T20:58:32.265Z",
        "updatedAt": "2026-03-11T20:58:32.265Z"
      }
    },
    {
      "type": "Feature",
      "id": 60090,
      "geometry": {
        "type": "Point",
        "coordinates": [
          53.387619,
          35.5904867
        ]
      },
      "properties": {
        "id": "Mjg6MjM5MTY",
        "city": "سمنان",
        "name:fa": "هلال احمر کل استان سمنان",
        "province": "استان سمنان",
        "name:en": "Semnan Provincial Red Crescent Headquarters",
        "city:en": "Semnan",
        "province:en": "Semnan",
        "publicId": "Mjg6MjM5MTY",
        "sourceId": "23916",
        "layerId": 28,
        "type": "location",
        "status": "active",
        "urgency": null,
        "verificationTag": null,
        "expirationDate": null,
        "createdAt": "2026-03-11T20:58:32.265Z",
        "updatedAt": "2026-03-11T20:58:32.265Z"
      }
    },
    {
      "type": "Feature",
      "id": 60091,
      "geometry": {
        "type": "Point",
        "coordinates": [
          55.4879844,
          37.3754264
        ]
      },
      "properties": {
        "id": "Mjg6MTU1NzU",
        "city": "كلاله",
        "name:fa": "هلال احمر کلاله",
        "province": "استان گلستان",
        "name:en": "Kalaleh Red Crescent",
        "city:en": "Kalaleh",
        "province:en": "Golestan",
        "publicId": "Mjg6MTU1NzU",
        "sourceId": "15575",
        "layerId": 28,
        "type": "location",
        "status": "active",
        "urgency": null,
        "verificationTag": null,
        "expirationDate": null,
        "createdAt": "2026-03-11T20:58:32.266Z",
        "updatedAt": "2026-03-11T20:58:32.266Z"
      }
    },
    {
      "type": "Feature",
      "id": 60092,
      "geometry": {
        "type": "Point",
        "coordinates": [
          60.4130928,
          25.3965912
        ]
      },
      "properties": {
        "id": "Mjg6MzM2Njk",
        "city": "شهرستان کنارک",
        "name:fa": "هلال احمر کنارک",
        "province": "استان سیستان و بلوچستان",
        "name:en": "Konarak Red Crescent",
        "city:en": "Konarak County",
        "province:en": "Sistan and Baluchestan",
        "publicId": "Mjg6MzM2Njk",
        "sourceId": "33669",
        "layerId": 28,
        "type": "location",
        "status": "active",
        "urgency": null,
        "verificationTag": null,
        "expirationDate": null,
        "createdAt": "2026-03-11T20:58:32.266Z",
        "updatedAt": "2026-03-11T20:58:32.266Z"
      }
    },
    {
      "type": "Feature",
      "id": 60093,
      "geometry": {
        "type": "Point",
        "coordinates": [
          48.3271059,
          37.6889135
        ]
      },
      "properties": {
        "id": "Mjg6MTQ5OTc",
        "city": "شهرستان کوثر",
        "name:fa": "هلال احمر کوثر",
        "province": "استان اردبیل",
        "name:en": "Kowsar Red Crescent",
        "city:en": "Kowsar County",
        "province:en": "Ardabil",
        "publicId": "Mjg6MTQ5OTc",
        "sourceId": "14997",
        "layerId": 28,
        "type": "location",
        "status": "active",
        "urgency": null,
        "verificationTag": null,
        "expirationDate": null,
        "createdAt": "2026-03-11T20:58:32.267Z",
        "updatedAt": "2026-03-11T20:58:32.267Z"
      }
    },
    {
      "type": "Feature",
      "id": 60094,
      "geometry": {
        "type": "Point",
        "coordinates": [
          51.0893534,
          35.9852099
        ]
      },
      "properties": {
        "id": "Mjg6MTk1NTg",
        "city": "شهرستان کرج",
        "name:fa": "هلال احمر کوشک",
        "province": "استان البرز",
        "name:en": "Kushk Red Crescent",
        "city:en": "Karaj County",
        "province:en": "Alborz",
        "publicId": "Mjg6MTk1NTg",
        "sourceId": "19558",
        "layerId": 28,
        "type": "location",
        "status": "active",
        "urgency": null,
        "verificationTag": null,
        "expirationDate": null,
        "createdAt": "2026-03-11T20:58:32.268Z",
        "updatedAt": "2026-03-11T20:58:32.268Z"
      }
    },
    {
      "type": "Feature",
      "id": 60095,
      "geometry": {
        "type": "Point",
        "coordinates": [
          56.2748295,
          31.4197817
        ]
      },
      "properties": {
        "id": "Mjg6MzU4OTc",
        "city": "کوهبنان",
        "name:fa": "هلال احمر کوهبنان",
        "province": "استان کرمان",
        "name:en": "Kuhbanan Red Crescent",
        "city:en": "Kuhbanan",
        "province:en": "Kerman",
        "publicId": "Mjg6MzU4OTc",
        "sourceId": "35897",
        "layerId": 28,
        "type": "location",
        "status": "active",
        "urgency": null,
        "verificationTag": null,
        "expirationDate": null,
        "createdAt": "2026-03-11T20:58:32.268Z",
        "updatedAt": "2026-03-11T20:58:32.268Z"
      }
    },
    {
      "type": "Feature",
      "id": 60096,
      "geometry": {
        "type": "Point",
        "coordinates": [
          49.5297883,
          36.5650948
        ]
      },
      "properties": {
        "id": "Mjg6MTczNjY",
        "city": "شهرستان قزوین",
        "name:fa": "هلال احمر کوگیر",
        "province": "استان قزوین",
        "name:en": "Kugir Red Crescent",
        "city:en": "Qazvin County",
        "province:en": "Qazvin",
        "publicId": "Mjg6MTczNjY",
        "sourceId": "17366",
        "layerId": 28,
        "type": "location",
        "status": "active",
        "urgency": null,
        "verificationTag": null,
        "expirationDate": null,
        "createdAt": "2026-03-11T20:58:32.268Z",
        "updatedAt": "2026-03-11T20:58:32.268Z"
      }
    },
    {
      "type": "Feature",
      "id": 60097,
      "geometry": {
        "type": "Point",
        "coordinates": [
          47.0359723,
          38.8695443
        ]
      },
      "properties": {
        "id": "Mjg6MTM4NTI",
        "city": "کلیبر",
        "name:fa": "هلال احمر گلیبر",
        "province": "استان آذربایجان شرقی",
        "name:en": "Kaleybar Red Crescent",
        "city:en": "Kaleybar",
        "province:en": "East Azerbaijan",
        "publicId": "Mjg6MTM4NTI",
        "sourceId": "13852",
        "layerId": 28,
        "type": "location",
        "status": "active",
        "urgency": null,
        "verificationTag": null,
        "expirationDate": null,
        "createdAt": "2026-03-11T20:58:32.269Z",
        "updatedAt": "2026-03-11T20:58:32.269Z"
      }
    },
    {
      "type": "Feature",
      "id": 60098,
      "geometry": {
        "type": "Point",
        "coordinates": [
          55.165249,
          37.2431473
        ]
      },
      "properties": {
        "id": "Mjg6MTU5OTA",
        "city": "گنبد کاووس",
        "name:fa": "هلال احمر گنبدکاووس",
        "province": "استان گلستان",
        "name:en": "Gonbad-e Kavus Red Crescent",
        "city:en": "Gonbad-e Kavus",
        "province:en": "Golestan",
        "publicId": "Mjg6MTU5OTA",
        "sourceId": "15990",
        "layerId": 28,
        "type": "location",
        "status": "active",
        "urgency": null,
        "verificationTag": null,
        "expirationDate": null,
        "createdAt": "2026-03-11T20:58:32.269Z",
        "updatedAt": "2026-03-11T20:58:32.269Z"
      }
    },
    {
      "type": "Feature",
      "id": 60099,
      "geometry": {
        "type": "Point",
        "coordinates": [
          52.684736,
          30.8810746
        ]
      },
      "properties": {
        "id": "Mjg6MzY0NDI",
        "city": "اقلید",
        "name:fa": "هلال احمر.",
        "province": "استان فارس",
        "name:en": "Red Crescent",
        "city:en": "Eqlid",
        "province:en": "Fars",
        "publicId": "Mjg6MzY0NDI",
        "sourceId": "36442",
        "layerId": 28,
        "type": "location",
        "status": "active",
        "urgency": null,
        "verificationTag": null,
        "expirationDate": null,
        "createdAt": "2026-03-11T20:58:32.270Z",
        "updatedAt": "2026-03-11T20:58:32.270Z"
      }
    },
    {
      "type": "Feature",
      "id": 60100,
      "geometry": {
        "type": "Point",
        "coordinates": [
          51.6532034,
          32.6595716
        ]
      },
      "properties": {
        "id": "Mjg6Mjc4Mzc",
        "city": "اصفهان",
        "name:fa": "هلال احمر، شعبه ۲",
        "province": "استان اصفهان",
        "name:en": "Red Crescent, Branch 2",
        "city:en": "Isfahan",
        "province:en": "Isfahan",
        "publicId": "Mjg6Mjc4Mzc",
        "sourceId": "27837",
        "layerId": 28,
        "type": "location",
        "status": "active",
        "urgency": null,
        "verificationTag": null,
        "expirationDate": null,
        "createdAt": "2026-03-11T20:58:32.270Z",
        "updatedAt": "2026-03-11T20:58:32.270Z"
      }
    },
    {
      "type": "Feature",
      "id": 60101,
      "geometry": {
        "type": "Point",
        "coordinates": [
          51.1504327,
          35.461972
        ]
      },
      "properties": {
        "id": "Mjg6MjQzMzc",
        "city": "شهرستان رباط کریم",
        "name:fa": "هلال احمراستان تهران",
        "province": "استان تهران",
        "name:en": "Tehran Province Red Crescent",
        "city:en": "Robat Karim County",
        "province:en": "Tehran",
        "publicId": "Mjg6MjQzMzc",
        "sourceId": "24337",
        "layerId": 28,
        "type": "location",
        "status": "active",
        "urgency": null,
        "verificationTag": null,
        "expirationDate": null,
        "createdAt": "2026-03-11T20:58:32.270Z",
        "updatedAt": "2026-03-11T20:58:32.270Z"
      }
    },
    {
      "type": "Feature",
      "id": 60102,
      "geometry": {
        "type": "Point",
        "coordinates": [
          57.3458152,
          37.4919354
        ]
      },
      "properties": {
        "id": "Mjg6MTUzMjU",
        "city": "بجنورد",
        "name:fa": "هلال احمرشعبه بجنورد",
        "province": "استان خراسان شمالی",
        "name:en": "Bojnurd Red Crescent Branch",
        "city:en": "Bojnurd",
        "province:en": "North Khorasan",
        "publicId": "Mjg6MTUzMjU",
        "sourceId": "15325",
        "layerId": 28,
        "type": "location",
        "status": "active",
        "urgency": null,
        "verificationTag": null,
        "expirationDate": null,
        "createdAt": "2026-03-11T20:58:32.271Z",
        "updatedAt": "2026-03-11T20:58:32.271Z"
      }
    },
    {
      "type": "Feature",
      "id": 60103,
      "geometry": {
        "type": "Point",
        "coordinates": [
          57.7141374,
          30.4173036
        ]
      },
      "properties": {
        "id": "Mjg6MzA2MjI",
        "city": "شهداد",
        "name:fa": "هلال احمرشهرستان شهداد",
        "province": "استان کرمان",
        "name:en": "Shahdad County Red Crescent",
        "city:en": "Shahdad",
        "province:en": "Kerman",
        "publicId": "Mjg6MzA2MjI",
        "sourceId": "30622",
        "layerId": 28,
        "type": "location",
        "status": "active",
        "urgency": null,
        "verificationTag": null,
        "expirationDate": null,
        "createdAt": "2026-03-11T20:58:32.271Z",
        "updatedAt": "2026-03-11T20:58:32.271Z"
      }
    },
    {
      "type": "Feature",
      "id": 60104,
      "geometry": {
        "type": "Point",
        "coordinates": [
          52.0451626,
          27.8551105
        ]
      },
      "properties": {
        "id": "Mjg6MzI3NDA",
        "city": "بندر کنگان",
        "name:fa": "هلال احمرشهرستان کنگان",
        "province": "استان بوشهر",
        "name:en": "Kangan County Red Crescent",
        "city:en": "Bandar Kangan",
        "province:en": "Bushehr",
        "publicId": "Mjg6MzI3NDA",
        "sourceId": "32740",
        "layerId": 28,
        "type": "location",
        "status": "active",
        "urgency": null,
        "verificationTag": null,
        "expirationDate": null,
        "createdAt": "2026-03-11T20:58:32.271Z",
        "updatedAt": "2026-03-11T20:58:32.271Z"
      }
    },
    {
      "type": "Feature",
      "id": 60105,
      "geometry": {
        "type": "Point",
        "coordinates": [
          51.6894963,
          35.4859702
        ]
      },
      "properties": {
        "id": "Mjg6MjQyOTc",
        "city": "مامازند",
        "name:fa": "هلال احمرپاکدشت",
        "province": "استان تهران",
        "name:en": "Pakdasht Red Crescent",
        "city:en": "Mamazand",
        "province:en": "Tehran",
        "publicId": "Mjg6MjQyOTc",
        "sourceId": "24297",
        "layerId": 28,
        "type": "location",
        "status": "active",
        "urgency": null,
        "verificationTag": null,
        "expirationDate": null,
        "createdAt": "2026-03-11T20:58:32.272Z",
        "updatedAt": "2026-03-11T20:58:32.272Z"
      }
    },
    {
      "type": "Feature",
      "id": 60106,
      "geometry": {
        "type": "Point",
        "coordinates": [
          54.019298,
          26.5584634
        ]
      },
      "properties": {
        "id": "Mjg6MzM1MzQ",
        "city": "كيش",
        "name:fa": "هلال احمرکیش",
        "province": "استان هرمزگان",
        "name:en": "Kish Red Crescent",
        "city:en": "Kish",
        "province:en": "Hormozgan",
        "publicId": "Mjg6MzM1MzQ",
        "sourceId": "33534",
        "layerId": 28,
        "type": "location",
        "status": "active",
        "urgency": null,
        "verificationTag": null,
        "expirationDate": null,
        "createdAt": "2026-03-11T20:58:32.272Z",
        "updatedAt": "2026-03-11T20:58:32.272Z"
      }
    },
    {
      "type": "Feature",
      "id": 60107,
      "geometry": {
        "type": "Point",
        "coordinates": [
          53.318249,
          29.4944102
        ]
      },
      "properties": {
        "id": "Mjg6MzE4NjE",
        "city": "خرامه",
        "name:fa": "هلال‌احمر",
        "province": "استان فارس",
        "name:en": "Red Crescent",
        "city:en": "Kharameh",
        "province:en": "Fars",
        "publicId": "Mjg6MzE4NjE",
        "sourceId": "31861",
        "layerId": 28,
        "type": "location",
        "status": "active",
        "urgency": null,
        "verificationTag": null,
        "expirationDate": null,
        "createdAt": "2026-03-11T20:58:32.273Z",
        "updatedAt": "2026-03-11T20:58:32.273Z"
      }
    },
    {
      "type": "Feature",
      "id": 60108,
      "geometry": {
        "type": "Point",
        "coordinates": [
          45.1338975,
          37.1749083
        ]
      },
      "properties": {
        "id": "Mjg6NDA5MTA",
        "city": "شهرستان اشنویه",
        "name:fa": "پاایگاه جاده ای هلال احمر عین الروم",
        "province": "استان آذربایجان غربی",
        "name:en": "Eyn al-Rum Red Crescent Road Station",
        "city:en": "Oshnavieh County",
        "province:en": "West Azerbaijan",
        "publicId": "Mjg6NDA5MTA",
        "sourceId": "40910",
        "layerId": 28,
        "type": "location",
        "status": "active",
        "urgency": null,
        "verificationTag": null,
        "expirationDate": null,
        "createdAt": "2026-03-11T20:58:32.273Z",
        "updatedAt": "2026-03-11T20:58:32.273Z"
      }
    },
    {
      "type": "Feature",
      "id": 60109,
      "geometry": {
        "type": "Point",
        "coordinates": [
          51.1112711,
          36.6544948
        ]
      },
      "properties": {
        "id": "Mjg6MTcxNTU",
        "city": "شهرستان عباس آباد",
        "name:fa": "پابگاه امداد نجات جاده ای هلال احمر",
        "province": "استان مازندران",
        "name:en": "Red Crescent Road Rescue Station",
        "city:en": "Abbasabad County",
        "province:en": "Mazandaran",
        "publicId": "Mjg6MTcxNTU",
        "sourceId": "17155",
        "layerId": 28,
        "type": "location",
        "status": "active",
        "urgency": null,
        "verificationTag": null,
        "expirationDate": null,
        "createdAt": "2026-03-11T20:58:32.273Z",
        "updatedAt": "2026-03-11T20:58:32.273Z"
      }
    },
    {
      "type": "Feature",
      "id": 60110,
      "geometry": {
        "type": "Point",
        "coordinates": [
          53.3410652,
          35.7811687
        ]
      },
      "properties": {
        "id": "Mjg6MjA4NTk",
        "city": "شهرستان مهدی شهر",
        "name:fa": "پایگاه  جمعیت هلال احمر",
        "province": "استان سمنان",
        "name:en": "Red Crescent Society Station",
        "city:en": "Mehdishahr County",
        "province:en": "Semnan",
        "publicId": "Mjg6MjA4NTk",
        "sourceId": "20859",
        "layerId": 28,
        "type": "location",
        "status": "active",
        "urgency": null,
        "verificationTag": null,
        "expirationDate": null,
        "createdAt": "2026-03-11T20:58:32.274Z",
        "updatedAt": "2026-03-11T20:58:32.274Z"
      }
    },
    {
      "type": "Feature",
      "id": 60111,
      "geometry": {
        "type": "Point",
        "coordinates": [
          50.869242,
          34.7073699
        ]
      },
      "properties": {
        "id": "Mjg6MjUzNjY",
        "city": "قم",
        "name:fa": "پایگاه آمادگی و لجستیک هلال احمر",
        "province": "استان قم",
        "name:en": "Red Crescent Readiness and Logistics Station",
        "city:en": "Qom",
        "province:en": "Qom",
        "publicId": "Mjg6MjUzNjY",
        "sourceId": "25366",
        "layerId": 28,
        "type": "location",
        "status": "active",
        "urgency": null,
        "verificationTag": null,
        "expirationDate": null,
        "createdAt": "2026-03-11T20:58:32.274Z",
        "updatedAt": "2026-03-11T20:58:32.274Z"
      }
    },
    {
      "type": "Feature",
      "id": 60112,
      "geometry": {
        "type": "Point",
        "coordinates": [
          50.8699434,
          35.7548733
        ]
      },
      "properties": {
        "id": "Mjg6MjA4NzU",
        "city": "شهرستان کرج",
        "name:fa": "پایگاه اقماری محمدشهر جمعیت هلال احمر استان البرز",
        "province": "استان البرز",
        "name:en": "Mohammadshahr Satellite Station of Alborz Province Red Crescent Society",
        "city:en": "Karaj County",
        "province:en": "Alborz",
        "publicId": "Mjg6MjA4NzU",
        "sourceId": "20875",
        "layerId": 28,
        "type": "location",
        "status": "active",
        "urgency": null,
        "verificationTag": null,
        "expirationDate": null,
        "createdAt": "2026-03-11T20:58:32.275Z",
        "updatedAt": "2026-03-11T20:58:32.275Z"
      }
    },
    {
      "type": "Feature",
      "id": 60113,
      "geometry": {
        "type": "Point",
        "coordinates": [
          51.3586284,
          32.8706193
        ]
      },
      "properties": {
        "id": "Mjg6Mjc0MTc",
        "city": "شهرستان شاهین‌شهر و میمه",
        "name:fa": "پایگاه امداد بین شهری هلال احمرروستای جهادآباد",
        "province": "استان اصفهان",
        "name:en": "Jihadabad Village Red Crescent Intercity Rescue Station",
        "city:en": "Shahin Shahr and Meymeh County",
        "province:en": "Isfahan",
        "publicId": "Mjg6Mjc0MTc",
        "sourceId": "27417",
        "layerId": 28,
        "type": "location",
        "status": "active",
        "urgency": null,
        "verificationTag": null,
        "expirationDate": null,
        "createdAt": "2026-03-11T20:58:32.275Z",
        "updatedAt": "2026-03-11T20:58:32.275Z"
      }
    },
    {
      "type": "Feature",
      "id": 60114,
      "geometry": {
        "type": "Point",
        "coordinates": [
          58.580928,
          37.4635962
        ]
      },
      "properties": {
        "id": "Mjg6NDA5MTE",
        "city": "شهرستان قوچان",
        "name:fa": "پایگاه امداد بین‌جاده‌ای هلال احمر - درگز",
        "province": "استان خراسان رضوی",
        "name:en": "Red Crescent Inter-road Rescue Station - Dargaz",
        "city:en": "Quchan County",
        "province:en": "Razavi Khorasan",
        "publicId": "Mjg6NDA5MTE",
        "sourceId": "40911",
        "layerId": 28,
        "type": "location",
        "status": "active",
        "urgency": null,
        "verificationTag": null,
        "expirationDate": null,
        "createdAt": "2026-03-11T20:58:32.275Z",
        "updatedAt": "2026-03-11T20:58:32.275Z"
      }
    },
    {
      "type": "Feature",
      "id": 60115,
      "geometry": {
        "type": "Point",
        "coordinates": [
          60.6670156,
          31.4546644
        ]
      },
      "properties": {
        "id": "Mjg6MzY4MjI",
        "city": "شهرستان نهبندان",
        "name:fa": "پایگاه امداد جاده ای جمعیت هلال احمر",
        "province": "استان خراسان جنوبی",
        "name:en": "Red Crescent Society Road Rescue Station",
        "city:en": "Nehbandan County",
        "province:en": "South Khorasan",
        "publicId": "Mjg6MzY4MjI",
        "sourceId": "36822",
        "layerId": 28,
        "type": "location",
        "status": "active",
        "urgency": null,
        "verificationTag": null,
        "expirationDate": null,
        "createdAt": "2026-03-11T20:58:32.276Z",
        "updatedAt": "2026-03-11T20:58:32.276Z"
      }
    },
    {
      "type": "Feature",
      "id": 60116,
      "geometry": {
        "type": "Point",
        "coordinates": [
          46.9658285,
          37.4502446
        ]
      },
      "properties": {
        "id": "Mjg6MTU0MDA",
        "city": "عزیز کندی",
        "name:fa": "پایگاه امداد جاده ای شهید ملک پور هلال احمر هشترود",
        "province": "استان آذربایجان شرقی",
        "name:en": "Shahid Malekpour Red Crescent Road Rescue Station of Hashtrud",
        "city:en": "Aziz Kandi",
        "province:en": "East Azerbaijan",
        "publicId": "Mjg6MTU0MDA",
        "sourceId": "15400",
        "layerId": 28,
        "type": "location",
        "status": "active",
        "urgency": null,
        "verificationTag": null,
        "expirationDate": null,
        "createdAt": "2026-03-11T20:58:32.276Z",
        "updatedAt": "2026-03-11T20:58:32.276Z"
      }
    },
    {
      "type": "Feature",
      "id": 60117,
      "geometry": {
        "type": "Point",
        "coordinates": [
          56.5608358,
          37.4284667
        ]
      },
      "properties": {
        "id": "Mjg6MTU0NDY",
        "city": "شهرستان مانه وسملقان",
        "name:fa": "پایگاه امداد جاده ای هلال احمر",
        "province": "استان خراسان شمالی",
        "name:en": "Red Crescent Road Rescue Station",
        "city:en": "Maneh and Samalqan County",
        "province:en": "North Khorasan",
        "publicId": "Mjg6MTU0NDY",
        "sourceId": "15446",
        "layerId": 28,
        "type": "location",
        "status": "active",
        "urgency": null,
        "verificationTag": null,
        "expirationDate": null,
        "createdAt": "2026-03-11T20:58:32.277Z",
        "updatedAt": "2026-03-11T20:58:32.277Z"
      }
    },
    {
      "type": "Feature",
      "id": 60118,
      "geometry": {
        "type": "Point",
        "coordinates": [
          51.0478945,
          35.6852414
        ]
      },
      "properties": {
        "id": "Mjg6MjI5MzE",
        "city": "شهریار",
        "name:fa": "پایگاه امداد جاده ای هلال احمر",
        "province": "استان تهران",
        "name:en": "Red Crescent Road Rescue Station",
        "city:en": "Shahriar",
        "province:en": "Tehran",
        "publicId": "Mjg6MjI5MzE",
        "sourceId": "22931",
        "layerId": 28,
        "type": "location",
        "status": "active",
        "urgency": null,
        "verificationTag": null,
        "expirationDate": null,
        "createdAt": "2026-03-11T20:58:32.277Z",
        "updatedAt": "2026-03-11T20:58:32.277Z"
      }
    },
    {
      "type": "Feature",
      "id": 60119,
      "geometry": {
        "type": "Point",
        "coordinates": [
          48.753828,
          34.5387899
        ]
      },
      "properties": {
        "id": "Mjg6MjU2OTU",
        "city": "شهرستان ملایر",
        "name:fa": "پایگاه امداد جاده ای هلال احمر",
        "province": "استان همدان",
        "name:en": "Red Crescent Road Rescue Station",
        "city:en": "Malayer County",
        "province:en": "Hamadan",
        "publicId": "Mjg6MjU2OTU",
        "sourceId": "25695",
        "layerId": 28,
        "type": "location",
        "status": "active",
        "urgency": null,
        "verificationTag": null,
        "expirationDate": null,
        "createdAt": "2026-03-11T20:58:32.277Z",
        "updatedAt": "2026-03-11T20:58:32.277Z"
      }
    },
    {
      "type": "Feature",
      "id": 60120,
      "geometry": {
        "type": "Point",
        "coordinates": [
          49.9543914,
          33.7928783
        ]
      },
      "properties": {
        "id": "Mjg6MjY3NTQ",
        "city": "شهرستان خمین",
        "name:fa": "پایگاه امداد جاده ای هلال احمر",
        "province": "استان مرکزی",
        "name:en": "Red Crescent Road Rescue Station",
        "city:en": "Khomein County",
        "province:en": "Markazi",
        "publicId": "Mjg6MjY3NTQ",
        "sourceId": "26754",
        "layerId": 28,
        "type": "location",
        "status": "active",
        "urgency": null,
        "verificationTag": null,
        "expirationDate": null,
        "createdAt": "2026-03-11T20:58:32.278Z",
        "updatedAt": "2026-03-11T20:58:32.278Z"
      }
    },
    {
      "type": "Feature",
      "id": 60121,
      "geometry": {
        "type": "Point",
        "coordinates": [
          50.4807173,
          33.0188825
        ]
      },
      "properties": {
        "id": "Mjg6MjczNjA",
        "city": "شهرستان فریدن",
        "name:fa": "پایگاه امداد جاده ای هلال احمر",
        "province": "استان اصفهان",
        "name:en": "Red Crescent Road Rescue Station",
        "city:en": "Fereydan County",
        "province:en": "Isfahan",
        "publicId": "Mjg6MjczNjA",
        "sourceId": "27360",
        "layerId": 28,
        "type": "location",
        "status": "active",
        "urgency": null,
        "verificationTag": null,
        "expirationDate": null,
        "createdAt": "2026-03-11T20:58:32.278Z",
        "updatedAt": "2026-03-11T20:58:32.278Z"
      }
    },
    {
      "type": "Feature",
      "id": 60122,
      "geometry": {
        "type": "Point",
        "coordinates": [
          54.5991366,
          27.6727906
        ]
      },
      "properties": {
        "id": "Mjg6MzI4NDI",
        "city": "چهار برکه",
        "name:fa": "پایگاه امداد جاده ای هلال احمر",
        "province": "استان فارس",
        "name:en": "Red Crescent Road Rescue Station",
        "city:en": "Chahar Berkeh",
        "province:en": "Fars",
        "publicId": "Mjg6MzI4NDI",
        "sourceId": "32842",
        "layerId": 28,
        "type": "location",
        "status": "active",
        "urgency": null,
        "verificationTag": null,
        "expirationDate": null,
        "createdAt": "2026-03-11T20:58:32.278Z",
        "updatedAt": "2026-03-11T20:58:32.278Z"
      }
    },
    {
      "type": "Feature",
      "id": 60123,
      "geometry": {
        "type": "Point",
        "coordinates": [
          57.151237,
          26.487649
        ]
      },
      "properties": {
        "id": "Mjg6MzM1NTc",
        "city": "شهرستان سیریک",
        "name:fa": "پایگاه امداد جاده ای هلال احمر",
        "province": "استان هرمزگان",
        "name:en": "Red Crescent Road Rescue Station",
        "city:en": "Sirik County",
        "province:en": "Hormozgan",
        "publicId": "Mjg6MzM1NTc",
        "sourceId": "33557",
        "layerId": 28,
        "type": "location",
        "status": "active",
        "urgency": null,
        "verificationTag": null,
        "expirationDate": null,
        "createdAt": "2026-03-11T20:58:32.279Z",
        "updatedAt": "2026-03-11T20:58:32.279Z"
      }
    },
    {
      "type": "Feature",
      "id": 60124,
      "geometry": {
        "type": "Point",
        "coordinates": [
          61.2166598,
          26.4843837
        ]
      },
      "properties": {
        "id": "Mjg6MzQwMjI",
        "city": "نصيرآباد",
        "name:fa": "پایگاه امداد جاده ای هلال احمر",
        "province": "استان سیستان و بلوچستان",
        "name:en": "Red Crescent Road Rescue Station",
        "city:en": "Nasirabad",
        "province:en": "Sistan and Baluchestan",
        "publicId": "Mjg6MzQwMjI",
        "sourceId": "34022",
        "layerId": 28,
        "type": "location",
        "status": "active",
        "urgency": null,
        "verificationTag": null,
        "expirationDate": null,
        "createdAt": "2026-03-11T20:58:32.279Z",
        "updatedAt": "2026-03-11T20:58:32.279Z"
      }
    },
    {
      "type": "Feature",
      "id": 60125,
      "geometry": {
        "type": "Point",
        "coordinates": [
          48.2538742,
          32.6680681
        ]
      },
      "properties": {
        "id": "Mjg6NDA5MTI",
        "city": "شهرستان اندیمشک",
        "name:fa": "پایگاه امداد جاده ای هلال احمر",
        "province": "استان خوزستان",
        "name:en": "Red Crescent Road Rescue Station",
        "city:en": "Andimeshk County",
        "province:en": "Khuzestan",
        "publicId": "Mjg6NDA5MTI",
        "sourceId": "40912",
        "layerId": 28,
        "type": "location",
        "status": "active",
        "urgency": null,
        "verificationTag": null,
        "expirationDate": null,
        "createdAt": "2026-03-11T20:58:32.280Z",
        "updatedAt": "2026-03-11T20:58:32.280Z"
      }
    },
    {
      "type": "Feature",
      "id": 60126,
      "geometry": {
        "type": "Point",
        "coordinates": [
          60.1866366,
          27.8495194
        ]
      },
      "properties": {
        "id": "Mjg6MzQ5NTg",
        "city": "بزمان",
        "name:fa": "پایگاه امداد جاده ای هلال احمر بخش بزمان",
        "province": "استان سیستان و بلوچستان",
        "name:en": "Bazman District Red Crescent Road Rescue Station",
        "city:en": "Bazman",
        "province:en": "Sistan and Baluchestan",
        "publicId": "Mjg6MzQ5NTg",
        "sourceId": "34958",
        "layerId": 28,
        "type": "location",
        "status": "active",
        "urgency": null,
        "verificationTag": null,
        "expirationDate": null,
        "createdAt": "2026-03-11T20:58:32.280Z",
        "updatedAt": "2026-03-11T20:58:32.280Z"
      }
    },
    {
      "type": "Feature",
      "id": 60127,
      "geometry": {
        "type": "Point",
        "coordinates": [
          52.0431966,
          35.6973371
        ]
      },
      "properties": {
        "id": "Mjg6MjI4NTQ",
        "city": "دماوند",
        "name:fa": "پایگاه امداد جاده ای هلال احمر دماوند",
        "province": "استان تهران",
        "name:en": "Damavand Red Crescent Road Rescue Station",
        "city:en": "Damavand",
        "province:en": "Tehran",
        "publicId": "Mjg6MjI4NTQ",
        "sourceId": "22854",
        "layerId": 28,
        "type": "location",
        "status": "active",
        "urgency": null,
        "verificationTag": null,
        "expirationDate": null,
        "createdAt": "2026-03-11T20:58:32.281Z",
        "updatedAt": "2026-03-11T20:58:32.281Z"
      }
    },
    {
      "type": "Feature",
      "id": 60128,
      "geometry": {
        "type": "Point",
        "coordinates": [
          52.7665669,
          35.7580186
        ]
      },
      "properties": {
        "id": "Mjg6MjEzMzc",
        "city": "فیروزکوه",
        "name:fa": "پایگاه امداد جاده ای هلال احمر فیروزکوه",
        "province": "استان تهران",
        "name:en": "Firuzkuh Red Crescent Road Rescue Station",
        "city:en": "Firuzkuh",
        "province:en": "Tehran",
        "publicId": "Mjg6MjEzMzc",
        "sourceId": "21337",
        "layerId": 28,
        "type": "location",
        "status": "active",
        "urgency": null,
        "verificationTag": null,
        "expirationDate": null,
        "createdAt": "2026-03-11T20:58:32.282Z",
        "updatedAt": "2026-03-11T20:58:32.282Z"
      }
    },
    {
      "type": "Feature",
      "id": 60129,
      "geometry": {
        "type": "Point",
        "coordinates": [
          50.2226928,
          33.0266558
        ]
      },
      "properties": {
        "id": "Mjg6MjczNTg",
        "city": "شهرستان فریدن",
        "name:fa": "پایگاه امداد جاده ای هلال احمرازونبلاغ",
        "province": "استان اصفهان",
        "name:en": "Azonbolagh Red Crescent Road Rescue Station",
        "city:en": "Fereydan County",
        "province:en": "Isfahan",
        "publicId": "Mjg6MjczNTg",
        "sourceId": "27358",
        "layerId": 28,
        "type": "location",
        "status": "active",
        "urgency": null,
        "verificationTag": null,
        "expirationDate": null,
        "createdAt": "2026-03-11T20:58:32.282Z",
        "updatedAt": "2026-03-11T20:58:32.282Z"
      }
    },
    {
      "type": "Feature",
      "id": 60130,
      "geometry": {
        "type": "Point",
        "coordinates": [
          50.2227045,
          33.0227851
        ]
      },
      "properties": {
        "id": "Mjg6NDA5MTM",
        "city": "شهرستان فریدن",
        "name:fa": "پایگاه امداد جاده ای هلال احمرازونبلاغ",
        "province": "استان اصفهان",
        "name:en": "Azonbolagh Red Crescent Road Rescue Station",
        "city:en": "Fereydan County",
        "province:en": "Isfahan",
        "publicId": "Mjg6NDA5MTM",
        "sourceId": "40913",
        "layerId": 28,
        "type": "location",
        "status": "active",
        "urgency": null,
        "verificationTag": null,
        "expirationDate": null,
        "createdAt": "2026-03-11T20:58:32.282Z",
        "updatedAt": "2026-03-11T20:58:32.282Z"
      }
    },
    {
      "type": "Feature",
      "id": 60131,
      "geometry": {
        "type": "Point",
        "coordinates": [
          49.1871549,
          37.1876844
        ]
      },
      "properties": {
        "id": "Mjg6MTYwODg",
        "city": "شهرستان فومن",
        "name:fa": "پایگاه امداد جاده ای و کوهستانی هلال احمر",
        "province": "استان گیلان",
        "name:en": "Red Crescent Road and Mountain Rescue Station",
        "city:en": "Fouman County",
        "province:en": "Gilan",
        "publicId": "Mjg6MTYwODg",
        "sourceId": "16088",
        "layerId": 28,
        "type": "location",
        "status": "active",
        "urgency": null,
        "verificationTag": null,
        "expirationDate": null,
        "createdAt": "2026-03-11T20:58:32.283Z",
        "updatedAt": "2026-03-11T20:58:32.283Z"
      }
    },
    {
      "type": "Feature",
      "id": 60132,
      "geometry": {
        "type": "Point",
        "coordinates": [
          48.6439016,
          34.0463124
        ]
      },
      "properties": {
        "id": "Mjg6MjY0MTA",
        "city": "شهرستان بروجرد",
        "name:fa": "پایگاه امداد جاده ایی جمعیت هلال احمر",
        "province": "استان لرستان",
        "name:en": "Red Crescent Society Road Rescue Station",
        "city:en": "Borujerd County",
        "province:en": "Lorestan",
        "publicId": "Mjg6MjY0MTA",
        "sourceId": "26410",
        "layerId": 28,
        "type": "location",
        "status": "active",
        "urgency": null,
        "verificationTag": null,
        "expirationDate": null,
        "createdAt": "2026-03-11T20:58:32.283Z",
        "updatedAt": "2026-03-11T20:58:32.283Z"
      }
    },
    {
      "type": "Feature",
      "id": 60133,
      "geometry": {
        "type": "Point",
        "coordinates": [
          51.7645028,
          32.4164613
        ]
      },
      "properties": {
        "id": "Mjg6NDA5MTQ",
        "city": "شهرستان مبارکه",
        "name:fa": "پایگاه امداد جاده هلال احمر اصفهان",
        "province": "استان اصفهان",
        "name:en": "Isfahan Red Crescent Road Rescue Station",
        "city:en": "Mobarakeh County",
        "province:en": "Isfahan",
        "publicId": "Mjg6NDA5MTQ",
        "sourceId": "40914",
        "layerId": 28,
        "type": "location",
        "status": "active",
        "urgency": null,
        "verificationTag": null,
        "expirationDate": null,
        "createdAt": "2026-03-11T20:58:32.284Z",
        "updatedAt": "2026-03-11T20:58:32.284Z"
      }
    },
    {
      "type": "Feature",
      "id": 60134,
      "geometry": {
        "type": "Point",
        "coordinates": [
          52.532874,
          30.8582188
        ]
      },
      "properties": {
        "id": "Mjg6MzAyMjY",
        "city": "شهرستان اقلید",
        "name:fa": "پایگاه امداد جاده هلال احمر اقلید",
        "province": "استان فارس",
        "name:en": "Eqlid Red Crescent Road Rescue Station",
        "city:en": "Eqlid County",
        "province:en": "Fars",
        "publicId": "Mjg6MzAyMjY",
        "sourceId": "30226",
        "layerId": 28,
        "type": "location",
        "status": "active",
        "urgency": null,
        "verificationTag": null,
        "expirationDate": null,
        "createdAt": "2026-03-11T20:58:32.284Z",
        "updatedAt": "2026-03-11T20:58:32.284Z"
      }
    },
    {
      "type": "Feature",
      "id": 60135,
      "geometry": {
        "type": "Point",
        "coordinates": [
          52.4205592,
          31.3811914
        ]
      },
      "properties": {
        "id": "Mjg6Mjk2NDA",
        "city": "شورجستان",
        "name:fa": "پایگاه امداد جاده هلال احمر شورجستان",
        "province": "استان فارس",
        "name:en": "Shurjestan Red Crescent Road Relief Base",
        "city:en": "Shurjestan",
        "province:en": "Fars",
        "publicId": "Mjg6Mjk2NDA",
        "sourceId": "29640",
        "layerId": 28,
        "type": "location",
        "status": "active",
        "urgency": null,
        "verificationTag": null,
        "expirationDate": null,
        "createdAt": "2026-03-11T20:58:32.284Z",
        "updatedAt": "2026-03-11T20:58:32.284Z"
      }
    },
    {
      "type": "Feature",
      "id": 60136,
      "geometry": {
        "type": "Point",
        "coordinates": [
          52.4209645,
          31.3779648
        ]
      },
      "properties": {
        "id": "Mjg6NDA5MTU",
        "city": "شورجستان",
        "name:fa": "پایگاه امداد جاده‌ هلال احمر شورجستان",
        "province": "استان فارس",
        "name:en": "Shurjestan Red Crescent Road Relief Base",
        "city:en": "Shurjestan",
        "province:en": "Fars",
        "publicId": "Mjg6NDA5MTU",
        "sourceId": "40915",
        "layerId": 28,
        "type": "location",
        "status": "active",
        "urgency": null,
        "verificationTag": null,
        "expirationDate": null,
        "createdAt": "2026-03-11T20:58:32.285Z",
        "updatedAt": "2026-03-11T20:58:32.285Z"
      }
    },
    {
      "type": "Feature",
      "id": 60137,
      "geometry": {
        "type": "Point",
        "coordinates": [
          59.4292103,
          35.1030707
        ]
      },
      "properties": {
        "id": "Mjg6MjQ5MzA",
        "city": "شهرستان رشتخوار",
        "name:fa": "پایگاه امداد جاده‌ای هلال احمر",
        "province": "استان خراسان رضوی",
        "name:en": "Red Crescent Road Relief Base",
        "city:en": "Rashtkhar",
        "province:en": "Razavi Khorasan",
        "publicId": "Mjg6MjQ5MzA",
        "sourceId": "24930",
        "layerId": 28,
        "type": "location",
        "status": "active",
        "urgency": null,
        "verificationTag": null,
        "expirationDate": null,
        "createdAt": "2026-03-11T20:58:32.285Z",
        "updatedAt": "2026-03-11T20:58:32.285Z"
      }
    },
    {
      "type": "Feature",
      "id": 60138,
      "geometry": {
        "type": "Point",
        "coordinates": [
          57.5051742,
          27.4862539
        ]
      },
      "properties": {
        "id": "Mjg6MzQ4Mzk",
        "city": "شهرستان کهنوج",
        "name:fa": "پایگاه امداد جاده‌ای هلال احمر منوجان",
        "province": "استان کرمان",
        "name:en": "Manujan Red Crescent Road Relief Base",
        "city:en": "Kahnuj",
        "province:en": "Kerman",
        "publicId": "Mjg6MzQ4Mzk",
        "sourceId": "34839",
        "layerId": 28,
        "type": "location",
        "status": "active",
        "urgency": null,
        "verificationTag": null,
        "expirationDate": null,
        "createdAt": "2026-03-11T20:58:32.285Z",
        "updatedAt": "2026-03-11T20:58:32.285Z"
      }
    },
    {
      "type": "Feature",
      "id": 60139,
      "geometry": {
        "type": "Point",
        "coordinates": [
          48.844838,
          32.0513972
        ]
      },
      "properties": {
        "id": "Mjg6Mjg5Mzg",
        "city": "شوشتر",
        "name:fa": "پایگاه امداد ساحلی جمعیت هلال احمر شهرستان شوشتر",
        "province": "استان خوزستان",
        "name:en": "Shushtar County Red Crescent Society Coastal Relief Base",
        "city:en": "Shushtar",
        "province:en": "Khuzestan",
        "publicId": "Mjg6Mjg5Mzg",
        "sourceId": "28938",
        "layerId": 28,
        "type": "location",
        "status": "active",
        "urgency": null,
        "verificationTag": null,
        "expirationDate": null,
        "createdAt": "2026-03-11T20:58:32.286Z",
        "updatedAt": "2026-03-11T20:58:32.286Z"
      }
    },
    {
      "type": "Feature",
      "id": 60140,
      "geometry": {
        "type": "Point",
        "coordinates": [
          47.6845998,
          39.0096908
        ]
      },
      "properties": {
        "id": "Mjg6NDA5MTY",
        "city": "قره آغاج",
        "name:fa": "پایگاه امداد نجات جاده ای قره آغاج هلال احمر",
        "province": "استان اردبیل",
        "name:en": "Qareh Aghaj Red Crescent Road Rescue and Relief Base",
        "city:en": "Qareh Aghaj",
        "province:en": "Ardabil",
        "publicId": "Mjg6NDA5MTY",
        "sourceId": "40916",
        "layerId": 28,
        "type": "location",
        "status": "active",
        "urgency": null,
        "verificationTag": null,
        "expirationDate": null,
        "createdAt": "2026-03-11T20:58:32.286Z",
        "updatedAt": "2026-03-11T20:58:32.286Z"
      }
    },
    {
      "type": "Feature",
      "id": 60141,
      "geometry": {
        "type": "Point",
        "coordinates": [
          48.9400886,
          36.8178505
        ]
      },
      "properties": {
        "id": "Mjg6MTY3MTI",
        "city": "شهرستان طارم",
        "name:fa": "پایگاه امداد نجات جاده ای هلال احمر",
        "province": "استان زنجان",
        "name:en": "Red Crescent Road Rescue and Relief Base",
        "city:en": "Tarom",
        "province:en": "Zanjan",
        "publicId": "Mjg6MTY3MTI",
        "sourceId": "16712",
        "layerId": 28,
        "type": "location",
        "status": "active",
        "urgency": null,
        "verificationTag": null,
        "expirationDate": null,
        "createdAt": "2026-03-11T20:58:32.287Z",
        "updatedAt": "2026-03-11T20:58:32.287Z"
      }
    },
    {
      "type": "Feature",
      "id": 60142,
      "geometry": {
        "type": "Point",
        "coordinates": [
          47.5279008,
          39.2994904
        ]
      },
      "properties": {
        "id": "Mjg6NDA5MTc",
        "city": "شهرستان پارس‌آباد",
        "name:fa": "پایگاه امداد نجات جاده ای هلال احمر",
        "province": "استان اردبیل",
        "name:en": "Red Crescent Road Rescue and Relief Base",
        "city:en": "Parsabad",
        "province:en": "Ardabil",
        "publicId": "Mjg6NDA5MTc",
        "sourceId": "40917",
        "layerId": 28,
        "type": "location",
        "status": "active",
        "urgency": null,
        "verificationTag": null,
        "expirationDate": null,
        "createdAt": "2026-03-11T20:58:32.287Z",
        "updatedAt": "2026-03-11T20:58:32.287Z"
      }
    },
    {
      "type": "Feature",
      "id": 60143,
      "geometry": {
        "type": "Point",
        "coordinates": [
          52.8251544,
          36.4399463
        ]
      },
      "properties": {
        "id": "Mjg6MTc5MDk",
        "city": "شهرستان قائم‌شهر",
        "name:fa": "پایگاه امداد نجات شهدای علامه طبرسی هلال احمر",
        "province": "استان مازندران",
        "name:en": "Shohada-ye Allameh Tabarsi Red Crescent Relief and Rescue Base",
        "city:en": "Qaem Shahr",
        "province:en": "Mazandaran",
        "publicId": "Mjg6MTc5MDk",
        "sourceId": "17909",
        "layerId": 28,
        "type": "location",
        "status": "active",
        "urgency": null,
        "verificationTag": null,
        "expirationDate": null,
        "createdAt": "2026-03-11T20:58:32.287Z",
        "updatedAt": "2026-03-11T20:58:32.287Z"
      }
    },
    {
      "type": "Feature",
      "id": 60144,
      "geometry": {
        "type": "Point",
        "coordinates": [
          47.2153746,
          36.60934
        ]
      },
      "properties": {
        "id": "Mjg6MTcyOTU",
        "city": "تازه کند نصرت آباد",
        "name:fa": "پایگاه امداد نجات هلال احمر",
        "province": "استان آذربایجان غربی",
        "name:en": "Red Crescent Relief and Rescue Base",
        "city:en": "Tazeh Kand-e Nosrat Abad",
        "province:en": "West Azerbaijan",
        "publicId": "Mjg6MTcyOTU",
        "sourceId": "17295",
        "layerId": 28,
        "type": "location",
        "status": "active",
        "urgency": null,
        "verificationTag": null,
        "expirationDate": null,
        "createdAt": "2026-03-11T20:58:32.288Z",
        "updatedAt": "2026-03-11T20:58:32.288Z"
      }
    },
    {
      "type": "Feature",
      "id": 60145,
      "geometry": {
        "type": "Point",
        "coordinates": [
          51.1769525,
          35.3089487
        ]
      },
      "properties": {
        "id": "Mjg6NDA5MTg",
        "city": "شهرستان ری",
        "name:fa": "پایگاه امداد نجات هلال احمر",
        "province": "استان تهران",
        "name:en": "Red Crescent Relief and Rescue Base",
        "city:en": "Ray",
        "province:en": "Tehran",
        "publicId": "Mjg6NDA5MTg",
        "sourceId": "40918",
        "layerId": 28,
        "type": "location",
        "status": "active",
        "urgency": null,
        "verificationTag": null,
        "expirationDate": null,
        "createdAt": "2026-03-11T20:58:32.288Z",
        "updatedAt": "2026-03-11T20:58:32.288Z"
      }
    },
    {
      "type": "Feature",
      "id": 60146,
      "geometry": {
        "type": "Point",
        "coordinates": [
          51.2073438,
          34.0084147
        ]
      },
      "properties": {
        "id": "Mjg6MjY0NzM",
        "city": "شهرستان کاشان",
        "name:fa": "پایگاه امداد هلال احمر",
        "province": "استان اصفهان",
        "name:en": "Red Crescent Relief Base",
        "city:en": "Kashan",
        "province:en": "Isfahan",
        "publicId": "Mjg6MjY0NzM",
        "sourceId": "26473",
        "layerId": 28,
        "type": "location",
        "status": "active",
        "urgency": null,
        "verificationTag": null,
        "expirationDate": null,
        "createdAt": "2026-03-11T20:58:32.288Z",
        "updatedAt": "2026-03-11T20:58:32.288Z"
      }
    },
    {
      "type": "Feature",
      "id": 60147,
      "geometry": {
        "type": "Point",
        "coordinates": [
          49.4186497,
          33.4585444
        ]
      },
      "properties": {
        "id": "Mjg6NDA5MTk",
        "city": "شهرستان ازنا",
        "name:fa": "پایگاه امداد هلال احمر",
        "province": "استان لرستان",
        "name:en": "Red Crescent Relief Base",
        "city:en": "Azna",
        "province:en": "Lorestan",
        "publicId": "Mjg6NDA5MTk",
        "sourceId": "40919",
        "layerId": 28,
        "type": "location",
        "status": "active",
        "urgency": null,
        "verificationTag": null,
        "expirationDate": null,
        "createdAt": "2026-03-11T20:58:32.289Z",
        "updatedAt": "2026-03-11T20:58:32.289Z"
      }
    },
    {
      "type": "Feature",
      "id": 60148,
      "geometry": {
        "type": "Point",
        "coordinates": [
          56.2104575,
          27.6327352
        ]
      },
      "properties": {
        "id": "Mjg6MzI4ODE",
        "city": "شهرستان بندرعباس",
        "name:fa": "پایگاه امداد هلال احمر آب شیرین",
        "province": "استان هرمزگان",
        "name:en": "Ab Shirin Red Crescent Relief Base",
        "city:en": "Bandar Abbas",
        "province:en": "Hormozgan",
        "publicId": "Mjg6MzI4ODE",
        "sourceId": "32881",
        "layerId": 28,
        "type": "location",
        "status": "active",
        "urgency": null,
        "verificationTag": null,
        "expirationDate": null,
        "createdAt": "2026-03-11T20:58:32.289Z",
        "updatedAt": "2026-03-11T20:58:32.289Z"
      }
    },
    {
      "type": "Feature",
      "id": 60149,
      "geometry": {
        "type": "Point",
        "coordinates": [
          49.433037,
          36.8234803
        ]
      },
      "properties": {
        "id": "Mjg6MTY3MTc",
        "city": "رودبار",
        "name:fa": "پایگاه امداد هلال احمر رودبار",
        "province": "استان گیلان",
        "name:en": "Roudbar Red Crescent Relief Base",
        "city:en": "Roudbar",
        "province:en": "Gilan",
        "publicId": "Mjg6MTY3MTc",
        "sourceId": "16717",
        "layerId": 28,
        "type": "location",
        "status": "active",
        "urgency": null,
        "verificationTag": null,
        "expirationDate": null,
        "createdAt": "2026-03-11T20:58:32.290Z",
        "updatedAt": "2026-03-11T20:58:32.290Z"
      }
    },
    {
      "type": "Feature",
      "id": 60150,
      "geometry": {
        "type": "Point",
        "coordinates": [
          48.7624875,
          31.3090904
        ]
      },
      "properties": {
        "id": "Mjg6Mjk4ODM",
        "city": "شهرستان اهواز",
        "name:fa": "پایگاه امداد هوایی جمعیت هلال احمر استان خوزستان",
        "province": "استان خوزستان",
        "name:en": "Khuzestan Province Red Crescent Society Air Relief Base",
        "city:en": "Ahvaz",
        "province:en": "Khuzestan",
        "publicId": "Mjg6Mjk4ODM",
        "sourceId": "29883",
        "layerId": 28,
        "type": "location",
        "status": "active",
        "urgency": null,
        "verificationTag": null,
        "expirationDate": null,
        "createdAt": "2026-03-11T20:58:32.290Z",
        "updatedAt": "2026-03-11T20:58:32.290Z"
      }
    },
    {
      "type": "Feature",
      "id": 60151,
      "geometry": {
        "type": "Point",
        "coordinates": [
          54.4162139,
          36.881204
        ]
      },
      "properties": {
        "id": "Mjg6MTY2MDQ",
        "city": "شهرستان گرگان",
        "name:fa": "پایگاه امداد هوایی هلال احمر گلستان",
        "province": "استان گلستان",
        "name:en": "Golestan Red Crescent Air Relief Base",
        "city:en": "Gorgan",
        "province:en": "Golestan",
        "publicId": "Mjg6MTY2MDQ",
        "sourceId": "16604",
        "layerId": 28,
        "type": "location",
        "status": "active",
        "urgency": null,
        "verificationTag": null,
        "expirationDate": null,
        "createdAt": "2026-03-11T20:58:32.290Z",
        "updatedAt": "2026-03-11T20:58:32.290Z"
      }
    },
    {
      "type": "Feature",
      "id": 60152,
      "geometry": {
        "type": "Point",
        "coordinates": [
          53.8970127,
          28.8947388
        ]
      },
      "properties": {
        "id": "Mjg6MzQyNTQ",
        "city": "شهرستان فسا",
        "name:fa": "پایگاه امداد و نجات بین شهری جلیان شعبه فسا هلال‌احمر (شهید فیروزی)",
        "province": "استان فارس",
        "name:en": "Jaliyan Intercity Relief and Rescue Base, Fasa Red Crescent Branch (Shahid Firouzi)",
        "city:en": "Fasa",
        "province:en": "Fars",
        "publicId": "Mjg6MzQyNTQ",
        "sourceId": "34254",
        "layerId": 28,
        "type": "location",
        "status": "active",
        "urgency": null,
        "verificationTag": null,
        "expirationDate": null,
        "createdAt": "2026-03-11T20:58:32.291Z",
        "updatedAt": "2026-03-11T20:58:32.291Z"
      }
    },
    {
      "type": "Feature",
      "id": 60153,
      "geometry": {
        "type": "Point",
        "coordinates": [
          50.6542347,
          35.9878935
        ]
      },
      "properties": {
        "id": "Mjg6MTk1NDg",
        "city": "شهرستان نظرآباد",
        "name:fa": "پایگاه امداد و نجات بین شهری فخر ایران هلال احمر",
        "province": "استان البرز",
        "name:en": "Fakhr-e Iran Red Crescent Intercity Relief and Rescue Base",
        "city:en": "Nazarabad",
        "province:en": "Alborz",
        "publicId": "Mjg6MTk1NDg",
        "sourceId": "19548",
        "layerId": 28,
        "type": "location",
        "status": "active",
        "urgency": null,
        "verificationTag": null,
        "expirationDate": null,
        "createdAt": "2026-03-11T20:58:32.291Z",
        "updatedAt": "2026-03-11T20:58:32.291Z"
      }
    },
    {
      "type": "Feature",
      "id": 60154,
      "geometry": {
        "type": "Point",
        "coordinates": [
          48.21253,
          32.3437489
        ]
      },
      "properties": {
        "id": "Mjg6Mjg1Nzc",
        "city": "شهرستان شوش",
        "name:fa": "پایگاه امداد و نجات بین شهری مدنی(هلال احمر)",
        "province": "استان خوزستان",
        "name:en": "Madani Red Crescent Intercity Relief and Rescue Base",
        "city:en": "Shush",
        "province:en": "Khuzestan",
        "publicId": "Mjg6Mjg1Nzc",
        "sourceId": "28577",
        "layerId": 28,
        "type": "location",
        "status": "active",
        "urgency": null,
        "verificationTag": null,
        "expirationDate": null,
        "createdAt": "2026-03-11T20:58:32.292Z",
        "updatedAt": "2026-03-11T20:58:32.292Z"
      }
    },
    {
      "type": "Feature",
      "id": 60155,
      "geometry": {
        "type": "Point",
        "coordinates": [
          58.2180816,
          36.1277581
        ]
      },
      "properties": {
        "id": "Mjg6MTkzODE",
        "city": "شهرستان سبزوار",
        "name:fa": "پایگاه امداد و نجات بین شهری هلال احمررادمنش",
        "province": "استان خراسان رضوی",
        "name:en": "Radmanesh Red Crescent Intercity Relief and Rescue Base",
        "city:en": "Sabzevar",
        "province:en": "Razavi Khorasan",
        "publicId": "Mjg6MTkzODE",
        "sourceId": "19381",
        "layerId": 28,
        "type": "location",
        "status": "active",
        "urgency": null,
        "verificationTag": null,
        "expirationDate": null,
        "createdAt": "2026-03-11T20:58:32.292Z",
        "updatedAt": "2026-03-11T20:58:32.292Z"
      }
    },
    {
      "type": "Feature",
      "id": 60156,
      "geometry": {
        "type": "Point",
        "coordinates": [
          51.8058318,
          32.900485
        ]
      },
      "properties": {
        "id": "Mjg6MjczOTc",
        "city": "کمشچه",
        "name:fa": "پایگاه امداد و نجات بین شهری کمشچه جمعیت هلال احمر",
        "province": "استان اصفهان",
        "name:en": "Kamshecheh Red Crescent Society Intercity Relief and Rescue Base",
        "city:en": "Kamshecheh",
        "province:en": "Isfahan",
        "publicId": "Mjg6MjczOTc",
        "sourceId": "27397",
        "layerId": 28,
        "type": "location",
        "status": "active",
        "urgency": null,
        "verificationTag": null,
        "expirationDate": null,
        "createdAt": "2026-03-11T20:58:32.292Z",
        "updatedAt": "2026-03-11T20:58:32.292Z"
      }
    },
    {
      "type": "Feature",
      "id": 60157,
      "geometry": {
        "type": "Point",
        "coordinates": [
          48.9729738,
          33.8811726
        ]
      },
      "properties": {
        "id": "Mjg6MjY2OTA",
        "city": "شهرستان بروجرد",
        "name:fa": "پایگاه امداد و نجات جاده ای جمعیت هلال احمر بروجرد",
        "province": "استان لرستان",
        "name:en": "Borujerd Red Crescent Society Road Rescue and Relief Base",
        "city:en": "Borujerd",
        "province:en": "Lorestan",
        "publicId": "Mjg6MjY2OTA",
        "sourceId": "26690",
        "layerId": 28,
        "type": "location",
        "status": "active",
        "urgency": null,
        "verificationTag": null,
        "expirationDate": null,
        "createdAt": "2026-03-11T20:58:32.293Z",
        "updatedAt": "2026-03-11T20:58:32.293Z"
      }
    },
    {
      "type": "Feature",
      "id": 60158,
      "geometry": {
        "type": "Point",
        "coordinates": [
          55.3384154,
          26.7857569
        ]
      },
      "properties": {
        "id": "Mjg6MzM4Mjk",
        "city": "شهرستان بندر لنگه",
        "name:fa": "پایگاه امداد و نجات جاده ای مهتابی جمعیت هلال احمر",
        "province": "استان هرمزگان",
        "name:en": "Mahtabi Red Crescent Society Road Rescue and Relief Base",
        "city:en": "Bandar Lengeh",
        "province:en": "Hormozgan",
        "publicId": "Mjg6MzM4Mjk",
        "sourceId": "33829",
        "layerId": 28,
        "type": "location",
        "status": "active",
        "urgency": null,
        "verificationTag": null,
        "expirationDate": null,
        "createdAt": "2026-03-11T20:58:32.293Z",
        "updatedAt": "2026-03-11T20:58:32.293Z"
      }
    },
    {
      "type": "Feature",
      "id": 60159,
      "geometry": {
        "type": "Point",
        "coordinates": [
          50.4081233,
          35.1841254
        ]
      },
      "properties": {
        "id": "Mjg6MjQ4NTQ",
        "city": "شهرستان ساوه",
        "name:fa": "پایگاه امداد و نجات جاده ای هلال احمر",
        "province": "استان مرکزی",
        "name:en": "Red Crescent Road Rescue and Relief Base",
        "city:en": "Saveh",
        "province:en": "Markazi",
        "publicId": "Mjg6MjQ4NTQ",
        "sourceId": "24854",
        "layerId": 28,
        "type": "location",
        "status": "active",
        "urgency": null,
        "verificationTag": null,
        "expirationDate": null,
        "createdAt": "2026-03-11T20:58:32.293Z",
        "updatedAt": "2026-03-11T20:58:32.293Z"
      }
    },
    {
      "type": "Feature",
      "id": 60160,
      "geometry": {
        "type": "Point",
        "coordinates": [
          57.5341867,
          36.9793691
        ]
      },
      "properties": {
        "id": "Mjg6MTY0NTg",
        "city": "شهرستان اسفراین",
        "name:fa": "پایگاه امداد و نجات جاده ای هلال احمر",
        "province": "استان خراسان شمالی",
        "name:en": "Red Crescent Road Rescue and Relief Base",
        "city:en": "Esfarayen",
        "province:en": "North Khorasan",
        "publicId": "Mjg6MTY0NTg",
        "sourceId": "16458",
        "layerId": 28,
        "type": "location",
        "status": "active",
        "urgency": null,
        "verificationTag": null,
        "expirationDate": null,
        "createdAt": "2026-03-11T20:58:32.294Z",
        "updatedAt": "2026-03-11T20:58:32.294Z"
      }
    },
    {
      "type": "Feature",
      "id": 60161,
      "geometry": {
        "type": "Point",
        "coordinates": [
          49.1727327,
          36.2374534
        ]
      },
      "properties": {
        "id": "Mjg6MTkwODQ",
        "city": "شهرستان خرمدره",
        "name:fa": "پایگاه امداد و نجات جاده ای هلال احمر",
        "province": "استان زنجان",
        "name:en": "Red Crescent Road Rescue and Relief Base",
        "city:en": "Khorramdarreh",
        "province:en": "Zanjan",
        "publicId": "Mjg6MTkwODQ",
        "sourceId": "19084",
        "layerId": 28,
        "type": "location",
        "status": "active",
        "urgency": null,
        "verificationTag": null,
        "expirationDate": null,
        "createdAt": "2026-03-11T20:58:32.294Z",
        "updatedAt": "2026-03-11T20:58:32.294Z"
      }
    },
    {
      "type": "Feature",
      "id": 60162,
      "geometry": {
        "type": "Point",
        "coordinates": [
          60.0323573,
          36.0607478
        ]
      },
      "properties": {
        "id": "Mjg6MTk0NTY",
        "city": "شهرستان مشهد",
        "name:fa": "پایگاه امداد و نجات جاده ای هلال احمر",
        "province": "استان خراسان رضوی",
        "name:en": "Red Crescent Road Rescue and Relief Base",
        "city:en": "Mashhad",
        "province:en": "Razavi Khorasan",
        "publicId": "Mjg6MTk0NTY",
        "sourceId": "19456",
        "layerId": 28,
        "type": "location",
        "status": "active",
        "urgency": null,
        "verificationTag": null,
        "expirationDate": null,
        "createdAt": "2026-03-11T20:58:32.295Z",
        "updatedAt": "2026-03-11T20:58:32.295Z"
      }
    },
    {
      "type": "Feature",
      "id": 60163,
      "geometry": {
        "type": "Point",
        "coordinates": [
          51.0114272,
          35.4738644
        ]
      },
      "properties": {
        "id": "Mjg6MjQzMzA",
        "city": "شهرستان رباط کریم",
        "name:fa": "پایگاه امداد و نجات جاده ای هلال احمر",
        "province": "استان تهران",
        "name:en": "Red Crescent Road Rescue and Relief Base",
        "city:en": "Robat Karim",
        "province:en": "Tehran",
        "publicId": "Mjg6MjQzMzA",
        "sourceId": "24330",
        "layerId": 28,
        "type": "location",
        "status": "active",
        "urgency": null,
        "verificationTag": null,
        "expirationDate": null,
        "createdAt": "2026-03-11T20:58:32.295Z",
        "updatedAt": "2026-03-11T20:58:32.295Z"
      }
    },
    {
      "type": "Feature",
      "id": 60164,
      "geometry": {
        "type": "Point",
        "coordinates": [
          48.0671999,
          35.0455779
        ]
      },
      "properties": {
        "id": "Mjg6MjQ5NzU",
        "city": "شهرستان قروه",
        "name:fa": "پایگاه امداد و نجات جاده ای هلال احمر",
        "province": "استان کردستان",
        "name:en": "Red Crescent Road Rescue and Relief Base",
        "city:en": "Qorveh",
        "province:en": "Kurdistan",
        "publicId": "Mjg6MjQ5NzU",
        "sourceId": "24975",
        "layerId": 28,
        "type": "location",
        "status": "active",
        "urgency": null,
        "verificationTag": null,
        "expirationDate": null,
        "createdAt": "2026-03-11T20:58:32.295Z",
        "updatedAt": "2026-03-11T20:58:32.295Z"
      }
    },
    {
      "type": "Feature",
      "id": 60165,
      "geometry": {
        "type": "Point",
        "coordinates": [
          46.4129113,
          34.9832099
        ]
      },
      "properties": {
        "id": "Mjg6MjUwMzY",
        "city": "شهرستان پاوه",
        "name:fa": "پایگاه امداد و نجات جاده ای هلال احمر",
        "province": "استان کرمانشاه",
        "name:en": "Red Crescent Road Rescue and Relief Base",
        "city:en": "Paveh",
        "province:en": "Kermanshah",
        "publicId": "Mjg6MjUwMzY",
        "sourceId": "25036",
        "layerId": 28,
        "type": "location",
        "status": "active",
        "urgency": null,
        "verificationTag": null,
        "expirationDate": null,
        "createdAt": "2026-03-11T20:58:32.296Z",
        "updatedAt": "2026-03-11T20:58:32.296Z"
      }
    },
    {
      "type": "Feature",
      "id": 60166,
      "geometry": {
        "type": "Point",
        "coordinates": [
          49.0534079,
          34.1337291
        ]
      },
      "properties": {
        "id": "Mjg6MjYyMDc",
        "city": "شهرستان ملایر",
        "name:fa": "پایگاه امداد و نجات جاده ای هلال احمر",
        "province": "استان همدان",
        "name:en": "Red Crescent Road Rescue and Relief Base",
        "city:en": "Malayer",
        "province:en": "Hamadan",
        "publicId": "Mjg6MjYyMDc",
        "sourceId": "26207",
        "layerId": 28,
        "type": "location",
        "status": "active",
        "urgency": null,
        "verificationTag": null,
        "expirationDate": null,
        "createdAt": "2026-03-11T20:58:32.296Z",
        "updatedAt": "2026-03-11T20:58:32.296Z"
      }
    },
    {
      "type": "Feature",
      "id": 60167,
      "geometry": {
        "type": "Point",
        "coordinates": [
          48.1698564,
          30.4915576
        ]
      },
      "properties": {
        "id": "Mjg6MzUwODA",
        "city": "شهرستان خرمشهر",
        "name:fa": "پایگاه امداد و نجات جاده ای هلال احمر",
        "province": "استان خوزستان",
        "name:en": "Red Crescent Road Rescue and Relief Base",
        "city:en": "Khorramshahr",
        "province:en": "Khuzestan",
        "publicId": "Mjg6MzUwODA",
        "sourceId": "35080",
        "layerId": 28,
        "type": "location",
        "status": "active",
        "urgency": null,
        "verificationTag": null,
        "expirationDate": null,
        "createdAt": "2026-03-11T20:58:32.296Z",
        "updatedAt": "2026-03-11T20:58:32.296Z"
      }
    },
    {
      "type": "Feature",
      "id": 60168,
      "geometry": {
        "type": "Point",
        "coordinates": [
          52.3796019,
          32.7165156
        ]
      },
      "properties": {
        "id": "Mjg6MzY5NTU",
        "city": "شهرستان اصفهان",
        "name:fa": "پایگاه امداد و نجات جاده ای هلال احمر",
        "province": "استان اصفهان",
        "name:en": "Red Crescent Road Rescue and Relief Base",
        "city:en": "Isfahan",
        "province:en": "Isfahan",
        "publicId": "Mjg6MzY5NTU",
        "sourceId": "36955",
        "layerId": 28,
        "type": "location",
        "status": "active",
        "urgency": null,
        "verificationTag": null,
        "expirationDate": null,
        "createdAt": "2026-03-11T20:58:32.297Z",
        "updatedAt": "2026-03-11T20:58:32.297Z"
      }
    },
    {
      "type": "Feature",
      "id": 60169,
      "geometry": {
        "type": "Point",
        "coordinates": [
          46.0253625,
          37.4013227
        ]
      },
      "properties": {
        "id": "Mjg6NDA5MjA",
        "city": "بناب",
        "name:fa": "پایگاه امداد و نجات جاده ای هلال احمر امام علی (ع) بناب",
        "province": "استان آذربایجان شرقی",
        "name:en": "Bonab Imam Ali Red Crescent Road Rescue and Relief Base",
        "city:en": "Bonab",
        "province:en": "East Azerbaijan",
        "publicId": "Mjg6NDA5MjA",
        "sourceId": "40920",
        "layerId": 28,
        "type": "location",
        "status": "active",
        "urgency": null,
        "verificationTag": null,
        "expirationDate": null,
        "createdAt": "2026-03-11T20:58:32.297Z",
        "updatedAt": "2026-03-11T20:58:32.297Z"
      }
    },
    {
      "type": "Feature",
      "id": 60170,
      "geometry": {
        "type": "Point",
        "coordinates": [
          51.9794753,
          33.6691856
        ]
      },
      "properties": {
        "id": "Mjg6MjY4NDM",
        "city": "شهرستان نطنز",
        "name:fa": "پایگاه امداد و نجات جاده ای هلال احمر بادرود",
        "province": "استان اصفهان",
        "name:en": "Badroud Red Crescent Road Rescue and Relief Base",
        "city:en": "Natanz",
        "province:en": "Isfahan",
        "publicId": "Mjg6MjY4NDM",
        "sourceId": "26843",
        "layerId": 28,
        "type": "location",
        "status": "active",
        "urgency": null,
        "verificationTag": null,
        "expirationDate": null,
        "createdAt": "2026-03-11T20:58:32.298Z",
        "updatedAt": "2026-03-11T20:58:32.298Z"
      }
    },
    {
      "type": "Feature",
      "id": 60171,
      "geometry": {
        "type": "Point",
        "coordinates": [
          49.7723433,
          35.8209259
        ]
      },
      "properties": {
        "id": "Mjg6NDA5MjE",
        "city": "شهرستان بوئین‌زهرا",
        "name:fa": "پایگاه امداد و نجات جاده ای هلال احمر دانسفهان",
        "province": "استان قزوین",
        "name:en": "Danesfahan Red Crescent Road Rescue and Relief Base",
        "city:en": "Buin Zahra",
        "province:en": "Qazvin",
        "publicId": "Mjg6NDA5MjE",
        "sourceId": "40921",
        "layerId": 28,
        "type": "location",
        "status": "active",
        "urgency": null,
        "verificationTag": null,
        "expirationDate": null,
        "createdAt": "2026-03-11T20:58:32.298Z",
        "updatedAt": "2026-03-11T20:58:32.298Z"
      }
    },
    {
      "type": "Feature",
      "id": 60172,
      "geometry": {
        "type": "Point",
        "coordinates": [
          46.4721948,
          36.2014039
        ]
      },
      "properties": {
        "id": "Mjg6MTkxOTQ",
        "city": "شهرستان سقز",
        "name:fa": "پایگاه امداد و نجات جاده ای هلال احمر صاحب",
        "province": "استان کردستان",
        "name:en": "Saheb Red Crescent Road Rescue and Relief Base",
        "city:en": "Saqqez",
        "province:en": "Kurdistan",
        "publicId": "Mjg6MTkxOTQ",
        "sourceId": "19194",
        "layerId": 28,
        "type": "location",
        "status": "active",
        "urgency": null,
        "verificationTag": null,
        "expirationDate": null,
        "createdAt": "2026-03-11T20:58:32.298Z",
        "updatedAt": "2026-03-11T20:58:32.298Z"
      }
    },
    {
      "type": "Feature",
      "id": 60173,
      "geometry": {
        "type": "Point",
        "coordinates": [
          54.3169615,
          27.9698575
        ]
      },
      "properties": {
        "id": "Mjg6MzI3MDU",
        "city": "شهرستان لارستان",
        "name:fa": "پایگاه امداد و نجات جاده ای هلال احمر لارستان",
        "province": "استان فارس",
        "name:en": "Larestan Red Crescent Road Rescue and Relief Base",
        "city:en": "Larestan",
        "province:en": "Fars",
        "publicId": "Mjg6MzI3MDU",
        "sourceId": "32705",
        "layerId": 28,
        "type": "location",
        "status": "active",
        "urgency": null,
        "verificationTag": null,
        "expirationDate": null,
        "createdAt": "2026-03-11T20:58:32.299Z",
        "updatedAt": "2026-03-11T20:58:32.299Z"
      }
    },
    {
      "type": "Feature",
      "id": 60174,
      "geometry": {
        "type": "Point",
        "coordinates": [
          50.1613788,
          35.5252237
        ]
      },
      "properties": {
        "id": "Mjg6MjQxMzQ",
        "city": "هجیب",
        "name:fa": "پایگاه امداد و نجات جاده ای هلال احمر هجیب",
        "province": "استان قزوین",
        "name:en": "Hajib Red Crescent Road Rescue and Relief Base",
        "city:en": "Hajib",
        "province:en": "Qazvin",
        "publicId": "Mjg6MjQxMzQ",
        "sourceId": "24134",
        "layerId": 28,
        "type": "location",
        "status": "active",
        "urgency": null,
        "verificationTag": null,
        "expirationDate": null,
        "createdAt": "2026-03-11T20:58:32.299Z",
        "updatedAt": "2026-03-11T20:58:32.299Z"
      }
    },
    {
      "type": "Feature",
      "id": 60175,
      "geometry": {
        "type": "Point",
        "coordinates": [
          55.2115506,
          28.3368638
        ]
      },
      "properties": {
        "id": "Mjg6MzQyNTM",
        "city": "شهرک شهید رجایی",
        "name:fa": "پایگاه امداد و نجات جاده ای هلال احمر(فورگ)",
        "province": "استان فارس",
        "name:en": "Red Crescent Road Rescue and Relief Base (Forg)",
        "city:en": "Shahrak-e Shahid Rajai",
        "province:en": "Fars",
        "publicId": "Mjg6MzQyNTM",
        "sourceId": "34253",
        "layerId": 28,
        "type": "location",
        "status": "active",
        "urgency": null,
        "verificationTag": null,
        "expirationDate": null,
        "createdAt": "2026-03-11T20:58:32.299Z",
        "updatedAt": "2026-03-11T20:58:32.299Z"
      }
    },
    {
      "type": "Feature",
      "id": 60176,
      "geometry": {
        "type": "Point",
        "coordinates": [
          49.0796077,
          37.3396985
        ]
      },
      "properties": {
        "id": "Mjg6MTU2MjQ",
        "city": "شهرستان ماسال",
        "name:fa": "پایگاه امداد و نجات جاده ای و کوهستان هلال احمر",
        "province": "استان گیلان",
        "name:en": "Red Crescent Road and Mountain Rescue and Relief Base",
        "city:en": "Masal",
        "province:en": "Gilan",
        "publicId": "Mjg6MTU2MjQ",
        "sourceId": "15624",
        "layerId": 28,
        "type": "location",
        "status": "active",
        "urgency": null,
        "verificationTag": null,
        "expirationDate": null,
        "createdAt": "2026-03-11T20:58:32.300Z",
        "updatedAt": "2026-03-11T20:58:32.300Z"
      }
    },
    {
      "type": "Feature",
      "id": 60177,
      "geometry": {
        "type": "Point",
        "coordinates": [
          51.4683549,
          32.6981152
        ]
      },
      "properties": {
        "id": "Mjg6Mjc2Mjk",
        "city": "شهرستان خمینی شهر",
        "name:fa": "پایگاه امداد و نجات جاده ای کوهستانی هلال احمر",
        "province": "استان اصفهان",
        "name:en": "Red Crescent Road and Mountain Rescue and Relief Base",
        "city:en": "Khomeyni Shahr",
        "province:en": "Isfahan",
        "publicId": "Mjg6Mjc2Mjk",
        "sourceId": "27629",
        "layerId": 28,
        "type": "location",
        "status": "active",
        "urgency": null,
        "verificationTag": null,
        "expirationDate": null,
        "createdAt": "2026-03-11T20:58:32.300Z",
        "updatedAt": "2026-03-11T20:58:32.300Z"
      }
    },
    {
      "type": "Feature",
      "id": 60178,
      "geometry": {
        "type": "Point",
        "coordinates": [
          50.845204,
          36.6957607
        ]
      },
      "properties": {
        "id": "Mjg6MTY5NzY",
        "city": "شهرستان تنکابن",
        "name:fa": "پایگاه امداد و نجات جاده و کوهستان جمعیت هلال احمر",
        "province": "استان مازندران",
        "name:en": "Red Crescent Society Road and Mountain Rescue and Relief Base",
        "city:en": "Tonekabon",
        "province:en": "Mazandaran",
        "publicId": "Mjg6MTY5NzY",
        "sourceId": "16976",
        "layerId": 28,
        "type": "location",
        "status": "active",
        "urgency": null,
        "verificationTag": null,
        "expirationDate": null,
        "createdAt": "2026-03-11T20:58:32.301Z",
        "updatedAt": "2026-03-11T20:58:32.301Z"
      }
    },
    {
      "type": "Feature",
      "id": 60179,
      "geometry": {
        "type": "Point",
        "coordinates": [
          55.2367808,
          27.2729903
        ]
      },
      "properties": {
        "id": "Mjg6MzQ3NzM",
        "city": "شهرستان خمیر",
        "name:fa": "پایگاه امداد و نجات جاده‌ای هلال احمر",
        "province": "استان هرمزگان",
        "name:en": "Red Crescent Road Rescue and Relief Base",
        "city:en": "Khamir",
        "province:en": "Hormozgan",
        "publicId": "Mjg6MzQ3NzM",
        "sourceId": "34773",
        "layerId": 28,
        "type": "location",
        "status": "active",
        "urgency": null,
        "verificationTag": null,
        "expirationDate": null,
        "createdAt": "2026-03-11T20:58:32.301Z",
        "updatedAt": "2026-03-11T20:58:32.301Z"
      }
    },
    {
      "type": "Feature",
      "id": 60180,
      "geometry": {
        "type": "Point",
        "coordinates": [
          51.0126388,
          35.4698219
        ]
      },
      "properties": {
        "id": "Mjg6NDA5MjI",
        "city": "شهرستان رباط کریم",
        "name:fa": "پایگاه امداد و نجات جاده‌ای هلال احمر",
        "province": "استان تهران",
        "name:en": "Red Crescent Roadside Relief and Rescue Base",
        "city:en": "Robat Karim County",
        "province:en": "Tehran",
        "publicId": "Mjg6NDA5MjI",
        "sourceId": "40922",
        "layerId": 28,
        "type": "location",
        "status": "active",
        "urgency": null,
        "verificationTag": null,
        "expirationDate": null,
        "createdAt": "2026-03-11T20:58:32.301Z",
        "updatedAt": "2026-03-11T20:58:32.301Z"
      }
    },
    {
      "type": "Feature",
      "id": 60181,
      "geometry": {
        "type": "Point",
        "coordinates": [
          54.5990935,
          27.6698744
        ]
      },
      "properties": {
        "id": "Mjg6MzQ3Mzk",
        "city": "چهار برکه",
        "name:fa": "پایگاه امداد و نجات جاده‌ای هلال احمر لار",
        "province": "استان فارس",
        "name:en": "Lar Red Crescent Roadside Relief and Rescue Base",
        "city:en": "Chahar Borkeh",
        "province:en": "Fars",
        "publicId": "Mjg6MzQ3Mzk",
        "sourceId": "34739",
        "layerId": 28,
        "type": "location",
        "status": "active",
        "urgency": null,
        "verificationTag": null,
        "expirationDate": null,
        "createdAt": "2026-03-11T20:58:32.302Z",
        "updatedAt": "2026-03-11T20:58:32.302Z"
      }
    },
    {
      "type": "Feature",
      "id": 60182,
      "geometry": {
        "type": "Point",
        "coordinates": [
          50.4856968,
          36.854643
        ]
      },
      "properties": {
        "id": "Mjg6MTY2MzI",
        "city": "جواهرده",
        "name:fa": "پایگاه امداد و نجات جمعیت هلال احمر",
        "province": "استان مازندران",
        "name:en": "Red Crescent Society Relief and Rescue Base",
        "city:en": "Jawaher Deh",
        "province:en": "Mazandaran",
        "publicId": "Mjg6MTY2MzI",
        "sourceId": "16632",
        "layerId": 28,
        "type": "location",
        "status": "active",
        "urgency": null,
        "verificationTag": null,
        "expirationDate": null,
        "createdAt": "2026-03-11T20:58:32.302Z",
        "updatedAt": "2026-03-11T20:58:32.302Z"
      }
    },
    {
      "type": "Feature",
      "id": 60183,
      "geometry": {
        "type": "Point",
        "coordinates": [
          48.4471536,
          36.6568026
        ]
      },
      "properties": {
        "id": "Mjg6MTcxMzI",
        "city": "شهرستان زنجان",
        "name:fa": "پایگاه امداد و نجات جمعیت هلال احمر",
        "province": "استان زنجان",
        "name:en": "Red Crescent Society Relief and Rescue Base",
        "city:en": "Zanjan County",
        "province:en": "Zanjan",
        "publicId": "Mjg6MTcxMzI",
        "sourceId": "17132",
        "layerId": 28,
        "type": "location",
        "status": "active",
        "urgency": null,
        "verificationTag": null,
        "expirationDate": null,
        "createdAt": "2026-03-11T20:58:32.303Z",
        "updatedAt": "2026-03-11T20:58:32.303Z"
      }
    },
    {
      "type": "Feature",
      "id": 60184,
      "geometry": {
        "type": "Point",
        "coordinates": [
          47.7222651,
          34.8861609
        ]
      },
      "properties": {
        "id": "Mjg6MjUwNzk",
        "city": "شهرستان سنقر",
        "name:fa": "پایگاه امداد و نجات جمعیت هلال احمر",
        "province": "استان کرمانشاه",
        "name:en": "Red Crescent Society Relief and Rescue Base",
        "city:en": "Songhor County",
        "province:en": "Kermanshah",
        "publicId": "Mjg6MjUwNzk",
        "sourceId": "25079",
        "layerId": 28,
        "type": "location",
        "status": "active",
        "urgency": null,
        "verificationTag": null,
        "expirationDate": null,
        "createdAt": "2026-03-11T20:58:32.303Z",
        "updatedAt": "2026-03-11T20:58:32.303Z"
      }
    },
    {
      "type": "Feature",
      "id": 60185,
      "geometry": {
        "type": "Point",
        "coordinates": [
          61.6877563,
          27.1562009
        ]
      },
      "properties": {
        "id": "Mjg6MzMzMzY",
        "city": "شهرستان مهرستان",
        "name:fa": "پایگاه امداد و نجات جمعیت هلال احمر",
        "province": "استان سیستان و بلوچستان",
        "name:en": "Red Crescent Society Relief and Rescue Base",
        "city:en": "Mehrestan County",
        "province:en": "Sistan and Baluchestan",
        "publicId": "Mjg6MzMzMzY",
        "sourceId": "33336",
        "layerId": 28,
        "type": "location",
        "status": "active",
        "urgency": null,
        "verificationTag": null,
        "expirationDate": null,
        "createdAt": "2026-03-11T20:58:32.303Z",
        "updatedAt": "2026-03-11T20:58:32.303Z"
      }
    },
    {
      "type": "Feature",
      "id": 60186,
      "geometry": {
        "type": "Point",
        "coordinates": [
          52.1652089,
          35.5565744
        ]
      },
      "properties": {
        "id": "Mjg6MjQwNTY",
        "city": "کیلان",
        "name:fa": "پایگاه امداد و نجات جمعیت هلال احمر شهر کیلان",
        "province": "استان تهران",
        "name:en": "Kilan Red Crescent Society Relief and Rescue Base",
        "city:en": "Kilan",
        "province:en": "Tehran",
        "publicId": "Mjg6MjQwNTY",
        "sourceId": "24056",
        "layerId": 28,
        "type": "location",
        "status": "active",
        "urgency": null,
        "verificationTag": null,
        "expirationDate": null,
        "createdAt": "2026-03-11T20:58:32.304Z",
        "updatedAt": "2026-03-11T20:58:32.304Z"
      }
    },
    {
      "type": "Feature",
      "id": 60187,
      "geometry": {
        "type": "Point",
        "coordinates": [
          53.8203076,
          36.6209323
        ]
      },
      "properties": {
        "id": "Mjg6MTcyODg",
        "city": "شهرستان گلوگاه",
        "name:fa": "پایگاه امداد و نجات جمعیت هلال احمر گلوگاه",
        "province": "استان مازندران",
        "name:en": "Galugah Red Crescent Society Relief and Rescue Base",
        "city:en": "Galugah County",
        "province:en": "Mazandaran",
        "publicId": "Mjg6MTcyODg",
        "sourceId": "17288",
        "layerId": 28,
        "type": "location",
        "status": "active",
        "urgency": null,
        "verificationTag": null,
        "expirationDate": null,
        "createdAt": "2026-03-11T20:58:32.304Z",
        "updatedAt": "2026-03-11T20:58:32.304Z"
      }
    },
    {
      "type": "Feature",
      "id": 60188,
      "geometry": {
        "type": "Point",
        "coordinates": [
          49.4654703,
          37.4637936
        ]
      },
      "properties": {
        "id": "Mjg6MTUzNDk",
        "city": "بندر انزلی",
        "name:fa": "پایگاه امداد و نجات دریایی هلال احمر",
        "province": "استان گیلان",
        "name:en": "Red Crescent Maritime Relief and Rescue Base",
        "city:en": "Bandar Anzali",
        "province:en": "Gilan",
        "publicId": "Mjg6MTUzNDk",
        "sourceId": "15349",
        "layerId": 28,
        "type": "location",
        "status": "active",
        "urgency": null,
        "verificationTag": null,
        "expirationDate": null,
        "createdAt": "2026-03-11T20:58:32.304Z",
        "updatedAt": "2026-03-11T20:58:32.304Z"
      }
    },
    {
      "type": "Feature",
      "id": 60189,
      "geometry": {
        "type": "Point",
        "coordinates": [
          50.8086388,
          28.9264897
        ]
      },
      "properties": {
        "id": "Mjg6MzIyOTI",
        "city": "بوشهر",
        "name:fa": "پایگاه امداد و نجات دریایی هلال احمر",
        "province": "استان بوشهر",
        "name:en": "Red Crescent Maritime Relief and Rescue Base",
        "city:en": "Bushehr",
        "province:en": "Bushehr",
        "publicId": "Mjg6MzIyOTI",
        "sourceId": "32292",
        "layerId": 28,
        "type": "location",
        "status": "active",
        "urgency": null,
        "verificationTag": null,
        "expirationDate": null,
        "createdAt": "2026-03-11T20:58:32.305Z",
        "updatedAt": "2026-03-11T20:58:32.305Z"
      }
    },
    {
      "type": "Feature",
      "id": 60190,
      "geometry": {
        "type": "Point",
        "coordinates": [
          50.8086847,
          28.9215413
        ]
      },
      "properties": {
        "id": "Mjg6MzQ1OTI",
        "city": "بوشهر",
        "name:fa": "پایگاه امداد و نجات دریایی هلال احمر",
        "province": "استان بوشهر",
        "name:en": "Red Crescent Maritime Relief and Rescue Base",
        "city:en": "Bushehr",
        "province:en": "Bushehr",
        "publicId": "Mjg6MzQ1OTI",
        "sourceId": "34592",
        "layerId": 28,
        "type": "location",
        "status": "active",
        "urgency": null,
        "verificationTag": null,
        "expirationDate": null,
        "createdAt": "2026-03-11T20:58:32.305Z",
        "updatedAt": "2026-03-11T20:58:32.305Z"
      }
    },
    {
      "type": "Feature",
      "id": 60191,
      "geometry": {
        "type": "Point",
        "coordinates": [
          50.4232992,
          37.0667277
        ]
      },
      "properties": {
        "id": "Mjg6MTYzMjI",
        "name:fa": "پایگاه امداد و نجات دریایی هلال احمر رودسر",
        "name:en": "Rudsar Red Crescent Maritime Relief and Rescue Base",
        "publicId": "Mjg6MTYzMjI",
        "sourceId": "16322",
        "layerId": 28,
        "type": "location",
        "status": "active",
        "urgency": null,
        "verificationTag": null,
        "expirationDate": null,
        "createdAt": "2026-03-11T20:58:32.306Z",
        "updatedAt": "2026-03-11T20:58:32.306Z"
      }
    },
    {
      "type": "Feature",
      "id": 60192,
      "geometry": {
        "type": "Point",
        "coordinates": [
          58.2179475,
          36.1257598
        ]
      },
      "properties": {
        "id": "Mjg6NDA5MjM",
        "city": "شهرستان سبزوار",
        "name:fa": "پایگاه امداد و نجات رادمنش هلال احمر سبزوار",
        "province": "استان خراسان رضوی",
        "name:en": "Radmanesh Sabzevar Red Crescent Relief and Rescue Base",
        "city:en": "Sabzevar County",
        "province:en": "Razavi Khorasan",
        "publicId": "Mjg6NDA5MjM",
        "sourceId": "40923",
        "layerId": 28,
        "type": "location",
        "status": "active",
        "urgency": null,
        "verificationTag": null,
        "expirationDate": null,
        "createdAt": "2026-03-11T20:58:32.306Z",
        "updatedAt": "2026-03-11T20:58:32.306Z"
      }
    },
    {
      "type": "Feature",
      "id": 60193,
      "geometry": {
        "type": "Point",
        "coordinates": [
          51.9310226,
          27.8326484
        ]
      },
      "properties": {
        "id": "Mjg6MzI3NTk",
        "city": "بندردیر",
        "name:fa": "پایگاه امداد و نجات ساحلی هلال احمر",
        "province": "استان بوشهر",
        "name:en": "Red Crescent Coastal Relief and Rescue Base",
        "city:en": "Bandar Dayyer",
        "province:en": "Bushehr",
        "publicId": "Mjg6MzI3NTk",
        "sourceId": "32759",
        "layerId": 28,
        "type": "location",
        "status": "active",
        "urgency": null,
        "verificationTag": null,
        "expirationDate": null,
        "createdAt": "2026-03-11T20:58:32.306Z",
        "updatedAt": "2026-03-11T20:58:32.306Z"
      }
    },
    {
      "type": "Feature",
      "id": 60194,
      "geometry": {
        "type": "Point",
        "coordinates": [
          54.5630587,
          35.2209158
        ]
      },
      "properties": {
        "id": "Mjg6Mzc3MTg",
        "city": "سر کویر",
        "name:fa": "پایگاه امداد و نجات سرکویر هلال احمر",
        "province": "استان سمنان",
        "name:en": "Sar Kavir Red Crescent Relief and Rescue Base",
        "city:en": "Sar Kavir",
        "province:en": "Semnan",
        "publicId": "Mjg6Mzc3MTg",
        "sourceId": "37718",
        "layerId": 28,
        "type": "location",
        "status": "active",
        "urgency": null,
        "verificationTag": null,
        "expirationDate": null,
        "createdAt": "2026-03-11T20:58:32.307Z",
        "updatedAt": "2026-03-11T20:58:32.307Z"
      }
    },
    {
      "type": "Feature",
      "id": 60195,
      "geometry": {
        "type": "Point",
        "coordinates": [
          51.2624565,
          36.3573045
        ]
      },
      "properties": {
        "id": "Mjg6MTgxMjI",
        "city": "شهرستان چالوس",
        "name:fa": "پایگاه امداد و نجات هلال احمر",
        "province": "استان مازندران",
        "name:en": "Red Crescent Relief and Rescue Base",
        "city:en": "Chalus County",
        "province:en": "Mazandaran",
        "publicId": "Mjg6MTgxMjI",
        "sourceId": "18122",
        "layerId": 28,
        "type": "location",
        "status": "active",
        "urgency": null,
        "verificationTag": null,
        "expirationDate": null,
        "createdAt": "2026-03-11T20:58:32.307Z",
        "updatedAt": "2026-03-11T20:58:32.307Z"
      }
    },
    {
      "type": "Feature",
      "id": 60196,
      "geometry": {
        "type": "Point",
        "coordinates": [
          52.0648648,
          31.6843056
        ]
      },
      "properties": {
        "id": "Mjg6Mjk0MzA",
        "city": "شهرستان شهرضا",
        "name:fa": "پایگاه امداد و نجات هلال احمر",
        "province": "استان اصفهان",
        "name:en": "Red Crescent Relief and Rescue Base",
        "city:en": "Shahreza County",
        "province:en": "Isfahan",
        "publicId": "Mjg6Mjk0MzA",
        "sourceId": "29430",
        "layerId": 28,
        "type": "location",
        "status": "active",
        "urgency": null,
        "verificationTag": null,
        "expirationDate": null,
        "createdAt": "2026-03-11T20:58:32.307Z",
        "updatedAt": "2026-03-11T20:58:32.307Z"
      }
    },
    {
      "type": "Feature",
      "id": 60197,
      "geometry": {
        "type": "Point",
        "coordinates": [
          47.094301,
          37.5783103
        ]
      },
      "properties": {
        "id": "Mjg6MTUwODg",
        "city": "شهرستان هشترود",
        "name:fa": "پایگاه امداد و نجات هلال احمر",
        "province": "استان آذربایجان شرقی",
        "name:en": "Red Crescent Relief and Rescue Base",
        "city:en": "Hashtrud County",
        "province:en": "East Azerbaijan",
        "publicId": "Mjg6MTUwODg",
        "sourceId": "15088",
        "layerId": 28,
        "type": "location",
        "status": "active",
        "urgency": null,
        "verificationTag": null,
        "expirationDate": null,
        "createdAt": "2026-03-11T20:58:32.308Z",
        "updatedAt": "2026-03-11T20:58:32.308Z"
      }
    },
    {
      "type": "Feature",
      "id": 60198,
      "geometry": {
        "type": "Point",
        "coordinates": [
          49.2548767,
          37.3776634
        ]
      },
      "properties": {
        "id": "Mjg6MTU1NTc",
        "city": "شهرستان صومعه سرا",
        "name:fa": "پایگاه امداد و نجات هلال احمر",
        "province": "استان گیلان",
        "name:en": "Red Crescent Relief and Rescue Base",
        "city:en": "Sowme'eh Sara County",
        "province:en": "Gilan",
        "publicId": "Mjg6MTU1NTc",
        "sourceId": "15557",
        "layerId": 28,
        "type": "location",
        "status": "active",
        "urgency": null,
        "verificationTag": null,
        "expirationDate": null,
        "createdAt": "2026-03-11T20:58:32.308Z",
        "updatedAt": "2026-03-11T20:58:32.308Z"
      }
    },
    {
      "type": "Feature",
      "id": 60199,
      "geometry": {
        "type": "Point",
        "coordinates": [
          51.3826825,
          36.604714
        ]
      },
      "properties": {
        "id": "Mjg6MTcyOTc",
        "city": "سینوا چشمه",
        "name:fa": "پایگاه امداد و نجات هلال احمر",
        "province": "استان مازندران",
        "name:en": "Red Crescent Relief and Rescue Base",
        "city:en": "Sinva Cheshmeh",
        "province:en": "Mazandaran",
        "publicId": "Mjg6MTcyOTc",
        "sourceId": "17297",
        "layerId": 28,
        "type": "location",
        "status": "active",
        "urgency": null,
        "verificationTag": null,
        "expirationDate": null,
        "createdAt": "2026-03-11T20:58:32.309Z",
        "updatedAt": "2026-03-11T20:58:32.309Z"
      }
    },
    {
      "type": "Feature",
      "id": 60200,
      "geometry": {
        "type": "Point",
        "coordinates": [
          49.7085871,
          36.3384491
        ]
      },
      "properties": {
        "id": "Mjg6MTgyMTI",
        "city": "شهرستان قزوین",
        "name:fa": "پایگاه امداد و نجات هلال احمر",
        "province": "استان قزوین",
        "name:en": "Red Crescent Relief and Rescue Base",
        "city:en": "Qazvin County",
        "province:en": "Qazvin",
        "publicId": "Mjg6MTgyMTI",
        "sourceId": "18212",
        "layerId": 28,
        "type": "location",
        "status": "active",
        "urgency": null,
        "verificationTag": null,
        "expirationDate": null,
        "createdAt": "2026-03-11T20:58:32.309Z",
        "updatedAt": "2026-03-11T20:58:32.309Z"
      }
    },
    {
      "type": "Feature",
      "id": 60201,
      "geometry": {
        "type": "Point",
        "coordinates": [
          53.5416435,
          36.2526887
        ]
      },
      "properties": {
        "id": "Mjg6MTkwMTI",
        "city": "شهرستان ساری",
        "name:fa": "پایگاه امداد و نجات هلال احمر",
        "province": "استان مازندران",
        "name:en": "Red Crescent Relief and Rescue Base",
        "city:en": "Sari County",
        "province:en": "Mazandaran",
        "publicId": "Mjg6MTkwMTI",
        "sourceId": "19012",
        "layerId": 28,
        "type": "location",
        "status": "active",
        "urgency": null,
        "verificationTag": null,
        "expirationDate": null,
        "createdAt": "2026-03-11T20:58:32.309Z",
        "updatedAt": "2026-03-11T20:58:32.309Z"
      }
    },
    {
      "type": "Feature",
      "id": 60202,
      "geometry": {
        "type": "Point",
        "coordinates": [
          52.9166003,
          36.2186771
        ]
      },
      "properties": {
        "id": "Mjg6MTkxMzg",
        "city": "شهرستان سوادکوه",
        "name:fa": "پایگاه امداد و نجات هلال احمر",
        "province": "استان مازندران",
        "name:en": "Red Crescent Relief and Rescue Base",
        "city:en": "Savadkooh County",
        "province:en": "Mazandaran",
        "publicId": "Mjg6MTkxMzg",
        "sourceId": "19138",
        "layerId": 28,
        "type": "location",
        "status": "active",
        "urgency": null,
        "verificationTag": null,
        "expirationDate": null,
        "createdAt": "2026-03-11T20:58:32.310Z",
        "updatedAt": "2026-03-11T20:58:32.310Z"
      }
    },
    {
      "type": "Feature",
      "id": 60203,
      "geometry": {
        "type": "Point",
        "coordinates": [
          51.3387117,
          35.8802555
        ]
      },
      "properties": {
        "id": "Mjg6MTk2OTI",
        "city": "شهرستان تهران",
        "name:fa": "پایگاه امداد و نجات هلال احمر",
        "province": "استان تهران",
        "name:en": "Red Crescent Relief and Rescue Base",
        "city:en": "Tehran County",
        "province:en": "Tehran",
        "publicId": "Mjg6MTk2OTI",
        "sourceId": "19692",
        "layerId": 28,
        "type": "location",
        "status": "active",
        "urgency": null,
        "verificationTag": null,
        "expirationDate": null,
        "createdAt": "2026-03-11T20:58:32.310Z",
        "updatedAt": "2026-03-11T20:58:32.310Z"
      }
    },
    {
      "type": "Feature",
      "id": 60204,
      "geometry": {
        "type": "Point",
        "coordinates": [
          52.5037359,
          35.2713317
        ]
      },
      "properties": {
        "id": "Mjg6MjQ2OTQ",
        "city": "شهرستان آرادان",
        "name:fa": "پایگاه امداد و نجات هلال احمر",
        "province": "استان سمنان",
        "name:en": "Red Crescent Relief and Rescue Base",
        "city:en": "Aradan County",
        "province:en": "Semnan",
        "publicId": "Mjg6MjQ2OTQ",
        "sourceId": "24694",
        "layerId": 28,
        "type": "location",
        "status": "active",
        "urgency": null,
        "verificationTag": null,
        "expirationDate": null,
        "createdAt": "2026-03-11T20:58:32.311Z",
        "updatedAt": "2026-03-11T20:58:32.311Z"
      }
    },
    {
      "type": "Feature",
      "id": 60205,
      "geometry": {
        "type": "Point",
        "coordinates": [
          51.6025257,
          33.9515447
        ]
      },
      "properties": {
        "id": "Mjg6MjY1OTI",
        "city": "شهرستان آران و بیدگل",
        "name:fa": "پایگاه امداد و نجات هلال احمر",
        "province": "استان اصفهان",
        "name:en": "Red Crescent Relief and Rescue Base",
        "city:en": "Aran and Bidgol County",
        "province:en": "Isfahan",
        "publicId": "Mjg6MjY1OTI",
        "sourceId": "26592",
        "layerId": 28,
        "type": "location",
        "status": "active",
        "urgency": null,
        "verificationTag": null,
        "expirationDate": null,
        "createdAt": "2026-03-11T20:58:32.311Z",
        "updatedAt": "2026-03-11T20:58:32.311Z"
      }
    },
    {
      "type": "Feature",
      "id": 60206,
      "geometry": {
        "type": "Point",
        "coordinates": [
          59.9337767,
          33.5858524
        ]
      },
      "properties": {
        "id": "Mjg6MjY5NTI",
        "city": "شهرستان زيركوه",
        "name:fa": "پایگاه امداد و نجات هلال احمر",
        "province": "استان خراسان جنوبی",
        "name:en": "Red Crescent Relief and Rescue Base",
        "city:en": "Zirkuh County",
        "province:en": "South Khorasan",
        "publicId": "Mjg6MjY5NTI",
        "sourceId": "26952",
        "layerId": 28,
        "type": "location",
        "status": "active",
        "urgency": null,
        "verificationTag": null,
        "expirationDate": null,
        "createdAt": "2026-03-11T20:58:32.312Z",
        "updatedAt": "2026-03-11T20:58:32.312Z"
      }
    },
    {
      "type": "Feature",
      "id": 60207,
      "geometry": {
        "type": "Point",
        "coordinates": [
          51.8569265,
          32.9397134
        ]
      },
      "properties": {
        "id": "Mjg6MjczODc",
        "city": "شهرستان برخوار",
        "name:fa": "پایگاه امداد و نجات هلال احمر",
        "province": "استان اصفهان",
        "name:en": "Red Crescent Relief and Rescue Base",
        "city:en": "Borkhar County",
        "province:en": "Isfahan",
        "publicId": "Mjg6MjczODc",
        "sourceId": "27387",
        "layerId": 28,
        "type": "location",
        "status": "active",
        "urgency": null,
        "verificationTag": null,
        "expirationDate": null,
        "createdAt": "2026-03-11T20:58:32.312Z",
        "updatedAt": "2026-03-11T20:58:32.312Z"
      }
    },
    {
      "type": "Feature",
      "id": 60208,
      "geometry": {
        "type": "Point",
        "coordinates": [
          54.7097294,
          31.4157425
        ]
      },
      "properties": {
        "id": "Mjg6Mjk2MTk",
        "city": "شهرستان مهریز",
        "name:fa": "پایگاه امداد و نجات هلال احمر",
        "province": "استان یزد",
        "name:en": "Red Crescent Relief and Rescue Base",
        "city:en": "Mehriz County",
        "province:en": "Yazd",
        "publicId": "Mjg6Mjk2MTk",
        "sourceId": "29619",
        "layerId": 28,
        "type": "location",
        "status": "active",
        "urgency": null,
        "verificationTag": null,
        "expirationDate": null,
        "createdAt": "2026-03-11T20:58:32.312Z",
        "updatedAt": "2026-03-11T20:58:32.312Z"
      }
    },
    {
      "type": "Feature",
      "id": 60209,
      "geometry": {
        "type": "Point",
        "coordinates": [
          56.3632241,
          27.2063069
        ]
      },
      "properties": {
        "id": "Mjg6MzMxOTY",
        "city": "بندر عباس",
        "name:fa": "پایگاه امداد و نجات هلال احمر",
        "province": "استان هرمزگان",
        "name:en": "Red Crescent Relief and Rescue Base",
        "city:en": "Bandar Abbas",
        "province:en": "Hormozgan",
        "publicId": "Mjg6MzMxOTY",
        "sourceId": "33196",
        "layerId": 28,
        "type": "location",
        "status": "active",
        "urgency": null,
        "verificationTag": null,
        "expirationDate": null,
        "createdAt": "2026-03-11T20:58:32.313Z",
        "updatedAt": "2026-03-11T20:58:32.313Z"
      }
    },
    {
      "type": "Feature",
      "id": 60210,
      "geometry": {
        "type": "Point",
        "coordinates": [
          56.2165726,
          27.6107919
        ]
      },
      "properties": {
        "id": "Mjg6MzQyOTM",
        "city": "شهرستان بندرعباس",
        "name:fa": "پایگاه امداد و نجات هلال احمر",
        "province": "استان هرمزگان",
        "name:en": "Red Crescent Relief and Rescue Base",
        "city:en": "Bandar Abbas County",
        "province:en": "Hormozgan",
        "publicId": "Mjg6MzQyOTM",
        "sourceId": "34293",
        "layerId": 28,
        "type": "location",
        "status": "active",
        "urgency": null,
        "verificationTag": null,
        "expirationDate": null,
        "createdAt": "2026-03-11T20:58:32.313Z",
        "updatedAt": "2026-03-11T20:58:32.313Z"
      }
    },
    {
      "type": "Feature",
      "id": 60211,
      "geometry": {
        "type": "Point",
        "coordinates": [
          53.5416435,
          36.2491471
        ]
      },
      "properties": {
        "id": "Mjg6NDA5MjQ",
        "city": "شهرستان ساری",
        "name:fa": "پایگاه امداد و نجات هلال احمر",
        "province": "استان مازندران",
        "name:en": "Red Crescent Relief and Rescue Base",
        "city:en": "Sari County",
        "province:en": "Mazandaran",
        "publicId": "Mjg6NDA5MjQ",
        "sourceId": "40924",
        "layerId": 28,
        "type": "location",
        "status": "active",
        "urgency": null,
        "verificationTag": null,
        "expirationDate": null,
        "createdAt": "2026-03-11T20:58:32.314Z",
        "updatedAt": "2026-03-11T20:58:32.314Z"
      }
    },
    {
      "type": "Feature",
      "id": 60212,
      "geometry": {
        "type": "Point",
        "coordinates": [
          50.4697618,
          32.1575033
        ]
      },
      "properties": {
        "id": "Mjg6NDA5MjU",
        "city": "شهرستان اردل",
        "name:fa": "پایگاه امداد و نجات هلال احمر",
        "province": "استان چهارمحال و بختیاری",
        "name:en": "Red Crescent Relief and Rescue Base",
        "city:en": "Ardal County",
        "province:en": "Chaharmahal and Bakhtiari",
        "publicId": "Mjg6NDA5MjU",
        "sourceId": "40925",
        "layerId": 28,
        "type": "location",
        "status": "active",
        "urgency": null,
        "verificationTag": null,
        "expirationDate": null,
        "createdAt": "2026-03-11T20:58:32.314Z",
        "updatedAt": "2026-03-11T20:58:32.314Z"
      }
    },
    {
      "type": "Feature",
      "id": 60213,
      "geometry": {
        "type": "Point",
        "coordinates": [
          51.2147192,
          35.7200065
        ]
      },
      "properties": {
        "id": "Mjg6NDA5MjY",
        "city": "تهران",
        "name:fa": "پایگاه امداد و نجات هلال احمر",
        "province": "استان تهران",
        "name:en": "Red Crescent Relief and Rescue Base",
        "city:en": "Tehran",
        "province:en": "Tehran",
        "publicId": "Mjg6NDA5MjY",
        "sourceId": "40926",
        "layerId": 28,
        "type": "location",
        "status": "active",
        "urgency": null,
        "verificationTag": null,
        "expirationDate": null,
        "createdAt": "2026-03-11T20:58:32.314Z",
        "updatedAt": "2026-03-11T20:58:32.314Z"
      }
    },
    {
      "type": "Feature",
      "id": 60214,
      "geometry": {
        "type": "Point",
        "coordinates": [
          54.7003289,
          36.8884976
        ]
      },
      "properties": {
        "id": "Mjg6NDA5Mjc",
        "city": "قرق",
        "name:fa": "پایگاه امداد و نجات هلال احمر",
        "province": "استان گلستان",
        "name:en": "Red Crescent Relief and Rescue Base",
        "city:en": "Ghorogh",
        "province:en": "Golestan",
        "publicId": "Mjg6NDA5Mjc",
        "sourceId": "40927",
        "layerId": 28,
        "type": "location",
        "status": "active",
        "urgency": null,
        "verificationTag": null,
        "expirationDate": null,
        "createdAt": "2026-03-11T20:58:32.315Z",
        "updatedAt": "2026-03-11T20:58:32.315Z"
      }
    },
    {
      "type": "Feature",
      "id": 60215,
      "geometry": {
        "type": "Point",
        "coordinates": [
          46.9031225,
          38.4321996
        ]
      },
      "properties": {
        "id": "Mjg6MTM5ODY",
        "city": "شهرستان اهر",
        "name:fa": "پایگاه امداد و نجات هلال احمر (زنجیربلاغ)",
        "province": "استان آذربایجان شرقی",
        "name:en": "Red Crescent Relief and Rescue Base (Zanjir Bolagh)",
        "city:en": "Ahar County",
        "province:en": "East Azerbaijan",
        "publicId": "Mjg6MTM5ODY",
        "sourceId": "13986",
        "layerId": 28,
        "type": "location",
        "status": "active",
        "urgency": null,
        "verificationTag": null,
        "expirationDate": null,
        "createdAt": "2026-03-11T20:58:32.315Z",
        "updatedAt": "2026-03-11T20:58:32.315Z"
      }
    },
    {
      "type": "Feature",
      "id": 60216,
      "geometry": {
        "type": "Point",
        "coordinates": [
          52.8618631,
          29.138614
        ]
      },
      "properties": {
        "id": "Mjg6MzIxMzg",
        "city": "آباده آبگرم",
        "name:fa": "پایگاه امداد و نجات هلال احمر آبگرم",
        "province": "استان فارس",
        "name:en": "Abgarm Red Crescent Relief and Rescue Base",
        "city:en": "Abadeh Abgarm",
        "province:en": "Fars",
        "publicId": "Mjg6MzIxMzg",
        "sourceId": "32138",
        "layerId": 28,
        "type": "location",
        "status": "active",
        "urgency": null,
        "verificationTag": null,
        "expirationDate": null,
        "createdAt": "2026-03-11T20:58:32.316Z",
        "updatedAt": "2026-03-11T20:58:32.316Z"
      }
    },
    {
      "type": "Feature",
      "id": 60217,
      "geometry": {
        "type": "Point",
        "coordinates": [
          54.4547707,
          36.9971985
        ]
      },
      "properties": {
        "id": "Mjg6MTY0MTM",
        "city": "آق قلا",
        "name:fa": "پایگاه امداد و نجات هلال احمر آق قلا",
        "province": "استان گلستان",
        "name:en": "Aq Qala Red Crescent Relief and Rescue Base",
        "city:en": "Aq Qala",
        "province:en": "Golestan",
        "publicId": "Mjg6MTY0MTM",
        "sourceId": "16413",
        "layerId": 28,
        "type": "location",
        "status": "active",
        "urgency": null,
        "verificationTag": null,
        "expirationDate": null,
        "createdAt": "2026-03-11T20:58:32.316Z",
        "updatedAt": "2026-03-11T20:58:32.316Z"
      }
    },
    {
      "type": "Feature",
      "id": 60218,
      "geometry": {
        "type": "Point",
        "coordinates": [
          48.1775299,
          34.8254826
        ]
      },
      "properties": {
        "id": "Mjg6MjUxMjQ",
        "city": "شهرستان اسدآباد",
        "name:fa": "پایگاه امداد و نجات هلال احمر اسدآباد(شهید قدرتی)",
        "province": "استان همدان",
        "name:en": "Asadabad Red Crescent Relief and Rescue Base (Shahid Ghodrati)",
        "city:en": "Asadabad County",
        "province:en": "Hamadan",
        "publicId": "Mjg6MjUxMjQ",
        "sourceId": "25124",
        "layerId": 28,
        "type": "location",
        "status": "active",
        "urgency": null,
        "verificationTag": null,
        "expirationDate": null,
        "createdAt": "2026-03-11T20:58:32.316Z",
        "updatedAt": "2026-03-11T20:58:32.316Z"
      }
    },
    {
      "type": "Feature",
      "id": 60219,
      "geometry": {
        "type": "Point",
        "coordinates": [
          52.5330655,
          30.8566211
        ]
      },
      "properties": {
        "id": "Mjg6MzY0Mzk",
        "city": "شهرستان اقلید",
        "name:fa": "پایگاه امداد و نجات هلال احمر اقلید",
        "province": "استان فارس",
        "name:en": "Eqlid Red Crescent Relief and Rescue Base",
        "city:en": "Eqlid County",
        "province:en": "Fars",
        "publicId": "Mjg6MzY0Mzk",
        "sourceId": "36439",
        "layerId": 28,
        "type": "location",
        "status": "active",
        "urgency": null,
        "verificationTag": null,
        "expirationDate": null,
        "createdAt": "2026-03-11T20:58:32.317Z",
        "updatedAt": "2026-03-11T20:58:32.317Z"
      }
    },
    {
      "type": "Feature",
      "id": 60220,
      "geometry": {
        "type": "Point",
        "coordinates": [
          48.5373777,
          34.2710798
        ]
      },
      "properties": {
        "id": "Mjg6MjYxMDY",
        "city": "شهرستان ملایر",
        "name:fa": "پایگاه امداد و نجات هلال احمر اورزمان",
        "province": "استان همدان",
        "name:en": "Ourzaman Red Crescent Relief and Rescue Base",
        "city:en": "Malayer County",
        "province:en": "Hamadan",
        "publicId": "Mjg6MjYxMDY",
        "sourceId": "26106",
        "layerId": 28,
        "type": "location",
        "status": "active",
        "urgency": null,
        "verificationTag": null,
        "expirationDate": null,
        "createdAt": "2026-03-11T20:58:32.317Z",
        "updatedAt": "2026-03-11T20:58:32.317Z"
      }
    },
    {
      "type": "Feature",
      "id": 60221,
      "geometry": {
        "type": "Point",
        "coordinates": [
          50.8990024,
          35.0907419
        ]
      },
      "properties": {
        "id": "Mjg6MjQ5NDM",
        "city": "شهرستان قم",
        "name:fa": "پایگاه امداد و نجات هلال احمر ایرانی",
        "province": "استان قم",
        "name:en": "Irani Red Crescent Relief and Rescue Base",
        "city:en": "Qom County",
        "province:en": "Qom",
        "publicId": "Mjg6MjQ5NDM",
        "sourceId": "24943",
        "layerId": 28,
        "type": "location",
        "status": "active",
        "urgency": null,
        "verificationTag": null,
        "expirationDate": null,
        "createdAt": "2026-03-11T20:58:32.317Z",
        "updatedAt": "2026-03-11T20:58:32.317Z"
      }
    },
    {
      "type": "Feature",
      "id": 60222,
      "geometry": {
        "type": "Point",
        "coordinates": [
          51.9796414,
          33.6654093
        ]
      },
      "properties": {
        "id": "Mjg6MzcxNjU",
        "city": "شهرستان نطنز",
        "name:fa": "پایگاه امداد و نجات هلال احمر بادرود",
        "province": "استان اصفهان",
        "name:en": "Badrud Red Crescent Relief and Rescue Base",
        "city:en": "Natanz County",
        "province:en": "Isfahan",
        "publicId": "Mjg6MzcxNjU",
        "sourceId": "37165",
        "layerId": 28,
        "type": "location",
        "status": "active",
        "urgency": null,
        "verificationTag": null,
        "expirationDate": null,
        "createdAt": "2026-03-11T20:58:32.318Z",
        "updatedAt": "2026-03-11T20:58:32.318Z"
      }
    },
    {
      "type": "Feature",
      "id": 60223,
      "geometry": {
        "type": "Point",
        "coordinates": [
          50.4097594,
          30.5314935
        ]
      },
      "properties": {
        "id": "Mjg6MzA1NDc",
        "city": "خیرآباد گهر",
        "name:fa": "پایگاه امداد و نجات هلال احمر بهبهان",
        "province": "استان کهگیلویه و بویراحمد",
        "name:en": "Behbahan Red Crescent Relief and Rescue Base",
        "city:en": "Kheyrabad-e Gohar",
        "province:en": "Kohgiluyeh and Boyer-Ahmad",
        "publicId": "Mjg6MzA1NDc",
        "sourceId": "30547",
        "layerId": 28,
        "type": "location",
        "status": "active",
        "urgency": null,
        "verificationTag": null,
        "expirationDate": null,
        "createdAt": "2026-03-11T20:58:32.318Z",
        "updatedAt": "2026-03-11T20:58:32.318Z"
      }
    },
    {
      "type": "Feature",
      "id": 60224,
      "geometry": {
        "type": "Point",
        "coordinates": [
          51.0625219,
          36.7424962
        ]
      },
      "properties": {
        "id": "Mjg6MTY4NzA",
        "name:fa": "پایگاه امداد و نجات هلال احمر تنکابن",
        "name:en": "Tonekabon Red Crescent Relief and Rescue Base",
        "publicId": "Mjg6MTY4NzA",
        "sourceId": "16870",
        "layerId": 28,
        "type": "location",
        "status": "active",
        "urgency": null,
        "verificationTag": null,
        "expirationDate": null,
        "createdAt": "2026-03-11T20:58:32.319Z",
        "updatedAt": "2026-03-11T20:58:32.319Z"
      }
    },
    {
      "type": "Feature",
      "id": 60225,
      "geometry": {
        "type": "Point",
        "coordinates": [
          51.0625224,
          36.7396733
        ]
      },
      "properties": {
        "id": "Mjg6NDA5Mjg",
        "city": "نشتارود",
        "name:fa": "پایگاه امداد و نجات هلال احمر تنکابن",
        "province": "استان مازندران",
        "name:en": "Tonekabon Red Crescent Relief and Rescue Base",
        "city:en": "Nashtarud",
        "province:en": "Mazandaran",
        "publicId": "Mjg6NDA5Mjg",
        "sourceId": "40928",
        "layerId": 28,
        "type": "location",
        "status": "active",
        "urgency": null,
        "verificationTag": null,
        "expirationDate": null,
        "createdAt": "2026-03-11T20:58:32.320Z",
        "updatedAt": "2026-03-11T20:58:32.320Z"
      }
    },
    {
      "type": "Feature",
      "id": 60226,
      "geometry": {
        "type": "Point",
        "coordinates": [
          50.3271005,
          33.2970409
        ]
      },
      "properties": {
        "id": "Mjg6MjcyNTc",
        "city": "تیدجان",
        "name:fa": "پایگاه امداد و نجات هلال احمر تیدجان",
        "province": "استان اصفهان",
        "name:en": "Tidjan Red Crescent Relief and Rescue Base",
        "city:en": "Tidjan",
        "province:en": "Isfahan",
        "publicId": "Mjg6MjcyNTc",
        "sourceId": "27257",
        "layerId": 28,
        "type": "location",
        "status": "active",
        "urgency": null,
        "verificationTag": null,
        "expirationDate": null,
        "createdAt": "2026-03-11T20:58:32.320Z",
        "updatedAt": "2026-03-11T20:58:32.320Z"
      }
    },
    {
      "type": "Feature",
      "id": 60227,
      "geometry": {
        "type": "Point",
        "coordinates": [
          54.4683413,
          33.7395727
        ]
      },
      "properties": {
        "id": "Mjg6MjY3OTY",
        "city": "شهرستان خوروبیابانک",
        "name:fa": "پایگاه امداد و نجات هلال احمر جاده ای",
        "province": "استان اصفهان",
        "name:en": "Red Crescent Roadside Relief and Rescue Base",
        "city:en": "Khur and Biabanak County",
        "province:en": "Isfahan",
        "publicId": "Mjg6MjY3OTY",
        "sourceId": "26796",
        "layerId": 28,
        "type": "location",
        "status": "active",
        "urgency": null,
        "verificationTag": null,
        "expirationDate": null,
        "createdAt": "2026-03-11T20:58:32.321Z",
        "updatedAt": "2026-03-11T20:58:32.321Z"
      }
    },
    {
      "type": "Feature",
      "id": 60228,
      "geometry": {
        "type": "Point",
        "coordinates": [
          52.3535255,
          27.8003381
        ]
      },
      "properties": {
        "id": "Mjg6MzI3ODk",
        "city": "جم",
        "name:fa": "پایگاه امداد و نجات هلال احمر جم",
        "province": "استان بوشهر",
        "name:en": "Jam Red Crescent Relief and Rescue Base",
        "city:en": "Jam",
        "province:en": "Bushehr",
        "publicId": "Mjg6MzI3ODk",
        "sourceId": "32789",
        "layerId": 28,
        "type": "location",
        "status": "active",
        "urgency": null,
        "verificationTag": null,
        "expirationDate": null,
        "createdAt": "2026-03-11T20:58:32.321Z",
        "updatedAt": "2026-03-11T20:58:32.321Z"
      }
    },
    {
      "type": "Feature",
      "id": 60229,
      "geometry": {
        "type": "Point",
        "coordinates": [
          49.9586146,
          35.3326642
        ]
      },
      "properties": {
        "id": "Mjg6MjQ1MzE",
        "city": "رازقان",
        "name:fa": "پایگاه امداد و نجات هلال احمر رازقان- شهرستان زرندیه",
        "province": "استان مرکزی",
        "name:en": "Razqan Red Crescent Relief and Rescue Base - Zarandieh County",
        "city:en": "Razqan",
        "province:en": "Markazi",
        "publicId": "Mjg6MjQ1MzE",
        "sourceId": "24531",
        "layerId": 28,
        "type": "location",
        "status": "active",
        "urgency": null,
        "verificationTag": null,
        "expirationDate": null,
        "createdAt": "2026-03-11T20:58:32.321Z",
        "updatedAt": "2026-03-11T20:58:32.321Z"
      }
    },
    {
      "type": "Feature",
      "id": 60230,
      "geometry": {
        "type": "Point",
        "coordinates": [
          51.517551,
          30.4811475
        ]
      },
      "properties": {
        "id": "Mjg6MzYzMjE",
        "city": "ياسوج",
        "name:fa": "پایگاه امداد و نجات هلال احمر سرگچینه",
        "province": "استان کهگیلویه و بویراحمد",
        "name:en": "Sar Gachineh Red Crescent Relief and Rescue Base",
        "city:en": "Yasuj",
        "province:en": "Kohgiluyeh and Boyer-Ahmad",
        "publicId": "Mjg6MzYzMjE",
        "sourceId": "36321",
        "layerId": 28,
        "type": "location",
        "status": "active",
        "urgency": null,
        "verificationTag": null,
        "expirationDate": null,
        "createdAt": "2026-03-11T20:58:32.322Z",
        "updatedAt": "2026-03-11T20:58:32.322Z"
      }
    },
    {
      "type": "Feature",
      "id": 60231,
      "geometry": {
        "type": "Point",
        "coordinates": [
          44.8761128,
          38.2315089
        ]
      },
      "properties": {
        "id": "Mjg6MTQxNTc",
        "city": "شهرستان سلماس",
        "name:fa": "پایگاه امداد و نجات هلال احمر سلماس",
        "province": "استان آذربایجان غربی",
        "name:en": "Salmas Red Crescent Relief and Rescue Base",
        "city:en": "Salmas County",
        "province:en": "West Azerbaijan",
        "publicId": "Mjg6MTQxNTc",
        "sourceId": "14157",
        "layerId": 28,
        "type": "location",
        "status": "active",
        "urgency": null,
        "verificationTag": null,
        "expirationDate": null,
        "createdAt": "2026-03-11T20:58:32.323Z",
        "updatedAt": "2026-03-11T20:58:32.323Z"
      }
    },
    {
      "type": "Feature",
      "id": 60232,
      "geometry": {
        "type": "Point",
        "coordinates": [
          49.4352593,
          37.1756831
        ]
      },
      "properties": {
        "id": "Mjg6MTYxNDE",
        "city": "شهرستان شفت",
        "name:fa": "پایگاه امداد و نجات هلال احمر شالده شفت",
        "province": "استان گیلان",
        "name:en": "Shaldeh Shaft Red Crescent Relief and Rescue Base",
        "city:en": "Shaft County",
        "province:en": "Gilan",
        "publicId": "Mjg6MTYxNDE",
        "sourceId": "16141",
        "layerId": 28,
        "type": "location",
        "status": "active",
        "urgency": null,
        "verificationTag": null,
        "expirationDate": null,
        "createdAt": "2026-03-11T20:58:32.323Z",
        "updatedAt": "2026-03-11T20:58:32.323Z"
      }
    },
    {
      "type": "Feature",
      "id": 60233,
      "geometry": {
        "type": "Point",
        "coordinates": [
          49.5036466,
          36.4782591
        ]
      },
      "properties": {
        "id": "Mjg6NDA5Mjk",
        "city": "شهرستان قزوین",
        "name:fa": "پایگاه امداد و نجات هلال احمر شیرین‌سو",
        "province": "استان قزوین",
        "name:en": "Shirin Su Red Crescent Relief and Rescue Base",
        "city:en": "Qazvin County",
        "province:en": "Qazvin",
        "publicId": "Mjg6NDA5Mjk",
        "sourceId": "40929",
        "layerId": 28,
        "type": "location",
        "status": "active",
        "urgency": null,
        "verificationTag": null,
        "expirationDate": null,
        "createdAt": "2026-03-11T20:58:32.324Z",
        "updatedAt": "2026-03-11T20:58:32.324Z"
      }
    },
    {
      "type": "Feature",
      "id": 60234,
      "geometry": {
        "type": "Point",
        "coordinates": [
          51.2146595,
          35.7239498
        ]
      },
      "properties": {
        "id": "Mjg6MjE5ODM",
        "city": "تهران",
        "name:fa": "پایگاه امداد و نجات هلال احمر منطقه ۲۲",
        "province": "استان تهران",
        "name:en": "District 22 Red Crescent Relief and Rescue Base",
        "city:en": "Tehran",
        "province:en": "Tehran",
        "publicId": "Mjg6MjE5ODM",
        "sourceId": "21983",
        "layerId": 28,
        "type": "location",
        "status": "active",
        "urgency": null,
        "verificationTag": null,
        "expirationDate": null,
        "createdAt": "2026-03-11T20:58:32.324Z",
        "updatedAt": "2026-03-11T20:58:32.324Z"
      }
    },
    {
      "type": "Feature",
      "id": 60235,
      "geometry": {
        "type": "Point",
        "coordinates": [
          51.491552,
          33.0495705
        ]
      },
      "properties": {
        "id": "Mjg6MjczNTA",
        "city": "شهرستان شاهین‌شهر و میمه",
        "name:fa": "پایگاه امداد و نجات هلال احمر مورچه خورت",
        "province": "استان اصفهان",
        "name:en": "Murcheh Khort Red Crescent Relief and Rescue Base",
        "city:en": "Shahin Shahr and Meymeh County",
        "province:en": "Isfahan",
        "publicId": "Mjg6MjczNTA",
        "sourceId": "27350",
        "layerId": 28,
        "type": "location",
        "status": "active",
        "urgency": null,
        "verificationTag": null,
        "expirationDate": null,
        "createdAt": "2026-03-11T20:58:32.325Z",
        "updatedAt": "2026-03-11T20:58:32.325Z"
      }
    },
    {
      "type": "Feature",
      "id": 60236,
      "geometry": {
        "type": "Point",
        "coordinates": [
          51.988965,
          33.4179773
        ]
      },
      "properties": {
        "id": "Mjg6MjcxODM",
        "city": "شهرستان نطنز",
        "name:fa": "پایگاه امداد و نجات هلال احمر نطنز",
        "province": "استان اصفهان",
        "name:en": "Natanz Red Crescent Relief and Rescue Base",
        "city:en": "Natanz County",
        "province:en": "Isfahan",
        "publicId": "Mjg6MjcxODM",
        "sourceId": "27183",
        "layerId": 28,
        "type": "location",
        "status": "active",
        "urgency": null,
        "verificationTag": null,
        "expirationDate": null,
        "createdAt": "2026-03-11T20:58:32.325Z",
        "updatedAt": "2026-03-11T20:58:32.325Z"
      }
    },
    {
      "type": "Feature",
      "id": 60237,
      "geometry": {
        "type": "Point",
        "coordinates": [
          50.6498158,
          34.0417729
        ]
      },
      "properties": {
        "id": "Mjg6MjY0MjI",
        "city": "شهرستان دلیجان",
        "name:fa": "پایگاه امداد و نجات هلال احمر همای سعادت",
        "province": "استان مرکزی",
        "name:en": "Homay-e Sa'adat Red Crescent Relief and Rescue Base",
        "city:en": "Delijan County",
        "province:en": "Markazi",
        "publicId": "Mjg6MjY0MjI",
        "sourceId": "26422",
        "layerId": 28,
        "type": "location",
        "status": "active",
        "urgency": null,
        "verificationTag": null,
        "expirationDate": null,
        "createdAt": "2026-03-11T20:58:32.325Z",
        "updatedAt": "2026-03-11T20:58:32.325Z"
      }
    },
    {
      "type": "Feature",
      "id": 60238,
      "geometry": {
        "type": "Point",
        "coordinates": [
          56.3046215,
          31.379634
        ]
      },
      "properties": {
        "id": "Mjg6MzY4MTM",
        "city": "شهرستان کوهبنان",
        "name:fa": "پایگاه امداد و نجات هلال احمر کوهبنان",
        "province": "استان کرمان",
        "name:en": "Kuhbanan Red Crescent Relief and Rescue Base",
        "city:en": "Kuhbanan County",
        "province:en": "Kerman",
        "publicId": "Mjg6MzY4MTM",
        "sourceId": "36813",
        "layerId": 28,
        "type": "location",
        "status": "active",
        "urgency": null,
        "verificationTag": null,
        "expirationDate": null,
        "createdAt": "2026-03-11T20:58:32.326Z",
        "updatedAt": "2026-03-11T20:58:32.326Z"
      }
    },
    {
      "type": "Feature",
      "id": 60239,
      "geometry": {
        "type": "Point",
        "coordinates": [
          48.1778197,
          34.8246029
        ]
      },
      "properties": {
        "id": "Mjg6NDA5MzA",
        "city": "شهرستان اسدآباد",
        "name:fa": "پایگاه امداد و نجات هلال احمر گردنه اسد آباد",
        "province": "استان همدان",
        "name:en": "Asadabad Pass Red Crescent Relief and Rescue Base",
        "city:en": "Asadabad County",
        "province:en": "Hamadan",
        "publicId": "Mjg6NDA5MzA",
        "sourceId": "40930",
        "layerId": 28,
        "type": "location",
        "status": "active",
        "urgency": null,
        "verificationTag": null,
        "expirationDate": null,
        "createdAt": "2026-03-11T20:58:32.326Z",
        "updatedAt": "2026-03-11T20:58:32.326Z"
      }
    },
    {
      "type": "Feature",
      "id": 60240,
      "geometry": {
        "type": "Point",
        "coordinates": [
          59.2434512,
          35.7023937
        ]
      },
      "properties": {
        "id": "Mjg6MjI4NTk",
        "city": "گرماب",
        "name:fa": "پایگاه امداد و نجات هلال احمر گرماب",
        "province": "استان خراسان رضوی",
        "name:en": "Garmab Red Crescent Relief and Rescue Base",
        "city:en": "Garmab",
        "province:en": "Razavi Khorasan",
        "publicId": "Mjg6MjI4NTk",
        "sourceId": "22859",
        "layerId": 28,
        "type": "location",
        "status": "active",
        "urgency": null,
        "verificationTag": null,
        "expirationDate": null,
        "createdAt": "2026-03-11T20:58:32.327Z",
        "updatedAt": "2026-03-11T20:58:32.327Z"
      }
    },
    {
      "type": "Feature",
      "id": 60241,
      "geometry": {
        "type": "Point",
        "coordinates": [
          48.6735508,
          34.1662546
        ]
      },
      "properties": {
        "id": "Mjg6MjYxNzk",
        "city": "شهرستان ملایر",
        "name:fa": "پایگاه امداد و نجات هلال احمر یونس",
        "province": "استان همدان",
        "name:en": "Yunes Red Crescent Relief and Rescue Base",
        "city:en": "Malayer County",
        "province:en": "Hamadan",
        "publicId": "Mjg6MjYxNzk",
        "sourceId": "26179",
        "layerId": 28,
        "type": "location",
        "status": "active",
        "urgency": null,
        "verificationTag": null,
        "expirationDate": null,
        "createdAt": "2026-03-11T20:58:32.327Z",
        "updatedAt": "2026-03-11T20:58:32.327Z"
      }
    },
    {
      "type": "Feature",
      "id": 60242,
      "geometry": {
        "type": "Point",
        "coordinates": [
          54.3267381,
          31.3981818
        ]
      },
      "properties": {
        "id": "Mjg6Mjk2MzE",
        "city": "شهرستان مهریز",
        "name:fa": "پایگاه امداد و نجات هلال احمر(تنگ چنار)",
        "province": "استان یزد",
        "name:en": "Red Crescent Relief and Rescue Base (Tang-e Chenar)",
        "city:en": "Mehriz County",
        "province:en": "Yazd",
        "publicId": "Mjg6Mjk2MzE",
        "sourceId": "29631",
        "layerId": 28,
        "type": "location",
        "status": "active",
        "urgency": null,
        "verificationTag": null,
        "expirationDate": null,
        "createdAt": "2026-03-11T20:58:32.328Z",
        "updatedAt": "2026-03-11T20:58:32.328Z"
      }
    },
    {
      "type": "Feature",
      "id": 60243,
      "geometry": {
        "type": "Point",
        "coordinates": [
          51.256789,
          34.2021096
        ]
      },
      "properties": {
        "id": "Mjg6MjYxNjA",
        "city": "مشكات",
        "name:fa": "پایگاه امداد و نجات هلال‌احمر",
        "province": "استان اصفهان",
        "name:en": "Red Crescent Relief and Rescue Base",
        "city:en": "Meshkat",
        "province:en": "Isfahan",
        "publicId": "Mjg6MjYxNjA",
        "sourceId": "26160",
        "layerId": 28,
        "type": "location",
        "status": "active",
        "urgency": null,
        "verificationTag": null,
        "expirationDate": null,
        "createdAt": "2026-03-11T20:58:32.328Z",
        "updatedAt": "2026-03-11T20:58:32.328Z"
      }
    },
    {
      "type": "Feature",
      "id": 60244,
      "geometry": {
        "type": "Point",
        "coordinates": [
          55.3466293,
          36.8509697
        ]
      },
      "properties": {
        "id": "Mjg6MTY2NTA",
        "city": "خوش ییلاق",
        "name:fa": "پایگاه امداد و نجات هلال‌احمر خوش ییلاق",
        "province": "استان گلستان",
        "name:en": "Khosh Yeylaq Red Crescent Relief and Rescue Base",
        "city:en": "Khosh Yeylaq",
        "province:en": "Golestan",
        "publicId": "Mjg6MTY2NTA",
        "sourceId": "16650",
        "layerId": 28,
        "type": "location",
        "status": "active",
        "urgency": null,
        "verificationTag": null,
        "expirationDate": null,
        "createdAt": "2026-03-11T20:58:32.328Z",
        "updatedAt": "2026-03-11T20:58:32.328Z"
      }
    },
    {
      "type": "Feature",
      "id": 60245,
      "geometry": {
        "type": "Point",
        "coordinates": [
          51.9755781,
          35.7101072
        ]
      },
      "properties": {
        "id": "Mjg6MjI4NDk",
        "city": "شهرستان دماوند",
        "name:fa": "پایگاه امداد و نجات چناران هلال احمر",
        "province": "استان تهران",
        "name:en": "Chenaran Red Crescent Relief and Rescue Base",
        "city:en": "Damavand County",
        "province:en": "Tehran",
        "publicId": "Mjg6MjI4NDk",
        "sourceId": "22849",
        "layerId": 28,
        "type": "location",
        "status": "active",
        "urgency": null,
        "verificationTag": null,
        "expirationDate": null,
        "createdAt": "2026-03-11T20:58:32.329Z",
        "updatedAt": "2026-03-11T20:58:32.329Z"
      }
    },
    {
      "type": "Feature",
      "id": 60246,
      "geometry": {
        "type": "Point",
        "coordinates": [
          57.1262837,
          30.2843342
        ]
      },
      "properties": {
        "id": "Mjg6MzU5NTg",
        "city": "کرمان",
        "name:fa": "پایگاه امداد و نجات کوهستان - هلال احمر",
        "province": "استان کرمان",
        "name:en": "Mountain Relief and Rescue Base - Red Crescent",
        "city:en": "Kerman",
        "province:en": "Kerman",
        "publicId": "Mjg6MzU5NTg",
        "sourceId": "35958",
        "layerId": 28,
        "type": "location",
        "status": "active",
        "urgency": null,
        "verificationTag": null,
        "expirationDate": null,
        "createdAt": "2026-03-11T20:58:32.329Z",
        "updatedAt": "2026-03-11T20:58:32.329Z"
      }
    },
    {
      "type": "Feature",
      "id": 60247,
      "geometry": {
        "type": "Point",
        "coordinates": [
          54.5090988,
          28.7351515
        ]
      },
      "properties": {
        "id": "Mjg6MzI0MzQ",
        "city": "شهرستان داراب",
        "name:fa": "پایگاه امداد و نجات کوهستان جمعیت هلال احمر",
        "province": "استان فارس",
        "name:en": "Red Crescent Society Mountain Relief and Rescue Base",
        "city:en": "Darab County",
        "province:en": "Fars",
        "publicId": "Mjg6MzI0MzQ",
        "sourceId": "32434",
        "layerId": 28,
        "type": "location",
        "status": "active",
        "urgency": null,
        "verificationTag": null,
        "expirationDate": null,
        "createdAt": "2026-03-11T20:58:32.329Z",
        "updatedAt": "2026-03-11T20:58:32.329Z"
      }
    },
    {
      "type": "Feature",
      "id": 60248,
      "geometry": {
        "type": "Point",
        "coordinates": [
          50.3059888,
          31.691301
        ]
      },
      "properties": {
        "id": "Mjg6Mjk0MjI",
        "city": "شهرستان ایذه",
        "name:fa": "پایگاه امداد و نجات کوهستان هلال احمر",
        "province": "استان خوزستان",
        "name:en": "Red Crescent Mountain Relief and Rescue Base",
        "city:en": "Izeh County",
        "province:en": "Khuzestan",
        "publicId": "Mjg6Mjk0MjI",
        "sourceId": "29422",
        "layerId": 28,
        "type": "location",
        "status": "active",
        "urgency": null,
        "verificationTag": null,
        "expirationDate": null,
        "createdAt": "2026-03-11T20:58:32.330Z",
        "updatedAt": "2026-03-11T20:58:32.330Z"
      }
    },
    {
      "type": "Feature",
      "id": 60249,
      "geometry": {
        "type": "Point",
        "coordinates": [
          50.8451552,
          36.6984217
        ]
      },
      "properties": {
        "id": "Mjg6NDA5MzE",
        "city": "شهرستان تنکابن",
        "name:fa": "پایگاه امداد و نجات کوهستان هلال احمر",
        "province": "استان مازندران",
        "name:en": "Red Crescent Mountain Relief and Rescue Base",
        "city:en": "Tonekabon County",
        "province:en": "Mazandaran",
        "publicId": "Mjg6NDA5MzE",
        "sourceId": "40931",
        "layerId": 28,
        "type": "location",
        "status": "active",
        "urgency": null,
        "verificationTag": null,
        "expirationDate": null,
        "createdAt": "2026-03-11T20:58:32.330Z",
        "updatedAt": "2026-03-11T20:58:32.330Z"
      }
    },
    {
      "type": "Feature",
      "id": 60250,
      "geometry": {
        "type": "Point",
        "coordinates": [
          48.7159509,
          36.9081402
        ]
      },
      "properties": {
        "id": "Mjg6NDA5MzI",
        "city": "شهرستان طارم",
        "name:fa": "پایگاه امداد و نجات کوهستان هلال احمر",
        "province": "استان زنجان",
        "name:en": "Red Crescent Mountain Relief and Rescue Base",
        "city:en": "Tarom County",
        "province:en": "Zanjan",
        "publicId": "Mjg6NDA5MzI",
        "sourceId": "40932",
        "layerId": 28,
        "type": "location",
        "status": "active",
        "urgency": null,
        "verificationTag": null,
        "expirationDate": null,
        "createdAt": "2026-03-11T20:58:32.331Z",
        "updatedAt": "2026-03-11T20:58:32.331Z"
      }
    },
    {
      "type": "Feature",
      "id": 60251,
      "geometry": {
        "type": "Point",
        "coordinates": [
          50.2238837,
          36.8715875
        ]
      },
      "properties": {
        "id": "Mjg6MTY2MTk",
        "city": "شهرستان رودسر",
        "name:fa": "پایگاه امداد و نجات کوهستان هلال احمر رودسر",
        "province": "استان گیلان",
        "name:en": "Rudsar Red Crescent Mountain Relief and Rescue Base",
        "city:en": "Rudsar County",
        "province:en": "Gilan",
        "publicId": "Mjg6MTY2MTk",
        "sourceId": "16619",
        "layerId": 28,
        "type": "location",
        "status": "active",
        "urgency": null,
        "verificationTag": null,
        "expirationDate": null,
        "createdAt": "2026-03-11T20:58:32.331Z",
        "updatedAt": "2026-03-11T20:58:32.331Z"
      }
    },
    {
      "type": "Feature",
      "id": 60252,
      "geometry": {
        "type": "Point",
        "coordinates": [
          48.5199494,
          31.7202201
        ]
      },
      "properties": {
        "id": "Mjg6MzU2MTg",
        "city": "شهرستان اهواز",
        "name:fa": "پایگاه امداد ونجات بین شهری هلال احمر علی چعب",
        "province": "استان خوزستان",
        "name:en": "Ali Chaab Intercity Red Crescent Relief and Rescue Base",
        "city:en": "Ahvaz County",
        "province:en": "Khuzestan",
        "publicId": "Mjg6MzU2MTg",
        "sourceId": "35618",
        "layerId": 28,
        "type": "location",
        "status": "active",
        "urgency": null,
        "verificationTag": null,
        "expirationDate": null,
        "createdAt": "2026-03-11T20:58:32.332Z",
        "updatedAt": "2026-03-11T20:58:32.332Z"
      }
    },
    {
      "type": "Feature",
      "id": 60253,
      "geometry": {
        "type": "Point",
        "coordinates": [
          49.4719398,
          36.6535136
        ]
      },
      "properties": {
        "id": "Mjg6MTcxNTQ",
        "city": "شهرستان رودبار",
        "name:fa": "پایگاه امداد ونجات جاده ای هلال احمر",
        "province": "استان گیلان",
        "name:en": "Red Crescent Road Relief and Rescue Base",
        "city:en": "Rudbar County",
        "province:en": "Gilan",
        "publicId": "Mjg6MTcxNTQ",
        "sourceId": "17154",
        "layerId": 28,
        "type": "location",
        "status": "active",
        "urgency": null,
        "verificationTag": null,
        "expirationDate": null,
        "createdAt": "2026-03-11T20:58:32.332Z",
        "updatedAt": "2026-03-11T20:58:32.332Z"
      }
    },
    {
      "type": "Feature",
      "id": 60254,
      "geometry": {
        "type": "Point",
        "coordinates": [
          50.6485909,
          36.9419478
        ]
      },
      "properties": {
        "id": "Mjg6NDA5MzM",
        "city": "رامسر",
        "name:fa": "پایگاه امداد ونجات جاده ای هلال احمر",
        "province": "استان مازندران",
        "name:en": "Red Crescent Road Relief and Rescue Base",
        "city:en": "Ramsar",
        "province:en": "Mazandaran",
        "publicId": "Mjg6NDA5MzM",
        "sourceId": "40933",
        "layerId": 28,
        "type": "location",
        "status": "active",
        "urgency": null,
        "verificationTag": null,
        "expirationDate": null,
        "createdAt": "2026-03-11T20:58:32.332Z",
        "updatedAt": "2026-03-11T20:58:32.332Z"
      }
    },
    {
      "type": "Feature",
      "id": 60255,
      "geometry": {
        "type": "Point",
        "coordinates": [
          50.5863802,
          36.9660243
        ]
      },
      "properties": {
        "id": "Mjg6NDA5MzQ",
        "city": "سفيدتمشك",
        "name:fa": "پایگاه امداد ونجات جاده ای هلال احمر",
        "province": "استان مازندران",
        "name:en": "Red Crescent Road Relief and Rescue Base",
        "city:en": "Sefid Tameshke",
        "province:en": "Mazandaran",
        "publicId": "Mjg6NDA5MzQ",
        "sourceId": "40934",
        "layerId": 28,
        "type": "location",
        "status": "active",
        "urgency": null,
        "verificationTag": null,
        "expirationDate": null,
        "createdAt": "2026-03-11T20:58:32.333Z",
        "updatedAt": "2026-03-11T20:58:32.333Z"
      }
    },
    {
      "type": "Feature",
      "id": 60256,
      "geometry": {
        "type": "Point",
        "coordinates": [
          51.8001147,
          36.5806408
        ]
      },
      "properties": {
        "id": "Mjg6MTczMjc",
        "city": "شهرستان نوشهر",
        "name:fa": "پایگاه امداد ونجات جمعیت هلال احمر",
        "province": "استان مازندران",
        "name:en": "Red Crescent Society Relief and Rescue Base",
        "city:en": "Nowshahr County",
        "province:en": "Mazandaran",
        "publicId": "Mjg6MTczMjc",
        "sourceId": "17327",
        "layerId": 28,
        "type": "location",
        "status": "active",
        "urgency": null,
        "verificationTag": null,
        "expirationDate": null,
        "createdAt": "2026-03-11T20:58:32.333Z",
        "updatedAt": "2026-03-11T20:58:32.333Z"
      }
    },
    {
      "type": "Feature",
      "id": 60257,
      "geometry": {
        "type": "Point",
        "coordinates": [
          46.4627427,
          36.2012524
        ]
      },
      "properties": {
        "id": "Mjg6MTkxOTM",
        "city": "صاحب",
        "name:fa": "پایگاه امداد ونجات هلال احمر",
        "province": "استان کردستان",
        "name:en": "Red Crescent Relief and Rescue Base",
        "city:en": "Saheb",
        "province:en": "Kurdistan",
        "publicId": "Mjg6MTkxOTM",
        "sourceId": "19193",
        "layerId": 28,
        "type": "location",
        "status": "active",
        "urgency": null,
        "verificationTag": null,
        "expirationDate": null,
        "createdAt": "2026-03-11T20:58:32.334Z",
        "updatedAt": "2026-03-11T20:58:32.334Z"
      }
    },
    {
      "type": "Feature",
      "id": 60258,
      "geometry": {
        "type": "Point",
        "coordinates": [
          51.2630466,
          35.7681804
        ]
      },
      "properties": {
        "id": "Mjg6MjA0OTc",
        "city": "تهران",
        "name:fa": "پایگاه امداد ونجات هلال احمر",
        "province": "استان تهران",
        "name:en": "Red Crescent Relief and Rescue Base",
        "city:en": "Tehran",
        "province:en": "Tehran",
        "publicId": "Mjg6MjA0OTc",
        "sourceId": "20497",
        "layerId": 28,
        "type": "location",
        "status": "active",
        "urgency": null,
        "verificationTag": null,
        "expirationDate": null,
        "createdAt": "2026-03-11T20:58:32.334Z",
        "updatedAt": "2026-03-11T20:58:32.334Z"
      }
    },
    {
      "type": "Feature",
      "id": 60259,
      "geometry": {
        "type": "Point",
        "coordinates": [
          54.3490984,
          31.3876257
        ]
      },
      "properties": {
        "id": "Mjg6Mjk2NDI",
        "city": "تنگ چنار",
        "name:fa": "پایگاه امداد ونجات هلال احمر",
        "province": "استان یزد",
        "name:en": "Red Crescent Relief and Rescue Base",
        "city:en": "Tang-e Chenar",
        "province:en": "Yazd",
        "publicId": "Mjg6Mjk2NDI",
        "sourceId": "29642",
        "layerId": 28,
        "type": "location",
        "status": "active",
        "urgency": null,
        "verificationTag": null,
        "expirationDate": null,
        "createdAt": "2026-03-11T20:58:32.335Z",
        "updatedAt": "2026-03-11T20:58:32.335Z"
      }
    },
    {
      "type": "Feature",
      "id": 60260,
      "geometry": {
        "type": "Point",
        "coordinates": [
          57.4314447,
          29.6109939
        ]
      },
      "properties": {
        "id": "Mjg6MzE2Njg",
        "city": "شهرستان کرمان",
        "name:fa": "پایگاه امداد کوهستان جمعیت هلال احمر راین",
        "province": "استان کرمان",
        "name:en": "Rayen Red Crescent Society Mountain Relief Base",
        "city:en": "Kerman County",
        "province:en": "Kerman",
        "publicId": "Mjg6MzE2Njg",
        "sourceId": "31668",
        "layerId": 28,
        "type": "location",
        "status": "active",
        "urgency": null,
        "verificationTag": null,
        "expirationDate": null,
        "createdAt": "2026-03-11T20:58:32.335Z",
        "updatedAt": "2026-03-11T20:58:32.335Z"
      }
    },
    {
      "type": "Feature",
      "id": 60261,
      "geometry": {
        "type": "Point",
        "coordinates": [
          57.4314524,
          29.6075472
        ]
      },
      "properties": {
        "id": "Mjg6MzYwMjQ",
        "city": "راین",
        "name:fa": "پایگاه امداد کوهستان جمعیت هلال احمر راین",
        "province": "استان کرمان",
        "name:en": "Rayen Red Crescent Society Mountain Relief Base",
        "city:en": "Rayen",
        "province:en": "Kerman",
        "publicId": "Mjg6MzYwMjQ",
        "sourceId": "36024",
        "layerId": 28,
        "type": "location",
        "status": "active",
        "urgency": null,
        "verificationTag": null,
        "expirationDate": null,
        "createdAt": "2026-03-11T20:58:32.335Z",
        "updatedAt": "2026-03-11T20:58:32.335Z"
      }
    },
    {
      "type": "Feature",
      "id": 60262,
      "geometry": {
        "type": "Point",
        "coordinates": [
          48.4270544,
          34.7718322
        ]
      },
      "properties": {
        "id": "Mjg6MjUyOTY",
        "city": "شهرستان همدان",
        "name:fa": "پایگاه امداد کوهستان هلال احمر",
        "province": "استان همدان",
        "name:en": "Red Crescent Mountain Relief Base",
        "city:en": "Hamadan County",
        "province:en": "Hamadan",
        "publicId": "Mjg6MjUyOTY",
        "sourceId": "25296",
        "layerId": 28,
        "type": "location",
        "status": "active",
        "urgency": null,
        "verificationTag": null,
        "expirationDate": null,
        "createdAt": "2026-03-11T20:58:32.336Z",
        "updatedAt": "2026-03-11T20:58:32.336Z"
      }
    },
    {
      "type": "Feature",
      "id": 60263,
      "geometry": {
        "type": "Point",
        "coordinates": [
          52.6835565,
          30.8683839
        ]
      },
      "properties": {
        "id": "Mjg6MzAyMTI",
        "city": "شهرستان اقلید",
        "name:fa": "پایگاه امداد کوهستان هلال احمر",
        "province": "استان فارس",
        "name:en": "Red Crescent Mountain Relief Base",
        "city:en": "Eqlid County",
        "province:en": "Fars",
        "publicId": "Mjg6MzAyMTI",
        "sourceId": "30212",
        "layerId": 28,
        "type": "location",
        "status": "active",
        "urgency": null,
        "verificationTag": null,
        "expirationDate": null,
        "createdAt": "2026-03-11T20:58:32.336Z",
        "updatedAt": "2026-03-11T20:58:32.336Z"
      }
    },
    {
      "type": "Feature",
      "id": 60264,
      "geometry": {
        "type": "Point",
        "coordinates": [
          48.5172008,
          34.2745918
        ]
      },
      "properties": {
        "id": "Mjg6MjYxMDU",
        "city": "شهرستان ملایر",
        "name:fa": "پایگاه امدادجاده ای سیار هلال احمر آورزمان",
        "province": "استان همدان",
        "name:en": "Avarzaman Mobile Red Crescent Road Relief Base",
        "city:en": "Malayer County",
        "province:en": "Hamadan",
        "publicId": "Mjg6MjYxMDU",
        "sourceId": "26105",
        "layerId": 28,
        "type": "location",
        "status": "active",
        "urgency": null,
        "verificationTag": null,
        "expirationDate": null,
        "createdAt": "2026-03-11T20:58:32.336Z",
        "updatedAt": "2026-03-11T20:58:32.336Z"
      }
    },
    {
      "type": "Feature",
      "id": 60265,
      "geometry": {
        "type": "Point",
        "coordinates": [
          52.5318602,
          36.2224293
        ]
      },
      "properties": {
        "id": "Mjg6MTkxMzY",
        "city": "شهرستان بابل",
        "name:fa": "پایگاه امدادجاده ای هلال احمرگزنک",
        "province": "استان مازندران",
        "name:en": "Gazanak Red Crescent Road Relief Base",
        "city:en": "Babol County",
        "province:en": "Mazandaran",
        "publicId": "Mjg6MTkxMzY",
        "sourceId": "19136",
        "layerId": 28,
        "type": "location",
        "status": "active",
        "urgency": null,
        "verificationTag": null,
        "expirationDate": null,
        "createdAt": "2026-03-11T20:58:32.337Z",
        "updatedAt": "2026-03-11T20:58:32.337Z"
      }
    },
    {
      "type": "Feature",
      "id": 60266,
      "geometry": {
        "type": "Point",
        "coordinates": [
          53.18243,
          30.7619013
        ]
      },
      "properties": {
        "id": "Mjg6MzAzMDA",
        "city": "شهرستان خرم‌بید",
        "name:fa": "پایگاه امدادجاده هلال احمر کولی کش",
        "province": "استان فارس",
        "name:en": "Koli Kosh Red Crescent Road Relief Base",
        "city:en": "Khorrambid County",
        "province:en": "Fars",
        "publicId": "Mjg6MzAzMDA",
        "sourceId": "30300",
        "layerId": 28,
        "type": "location",
        "status": "active",
        "urgency": null,
        "verificationTag": null,
        "expirationDate": null,
        "createdAt": "2026-03-11T20:58:32.337Z",
        "updatedAt": "2026-03-11T20:58:32.337Z"
      }
    },
    {
      "type": "Feature",
      "id": 60267,
      "geometry": {
        "type": "Point",
        "coordinates": [
          48.1976531,
          30.4320284
        ]
      },
      "properties": {
        "id": "Mjg6MzA1OTk",
        "city": "خرمشهر",
        "name:fa": "پایگاه امدادساحلی امام رضا (ع) هلال احمر",
        "province": "استان خوزستان",
        "name:en": "Emam Reza Coastal Relief Base, Red Crescent",
        "city:en": "Khorramshahr",
        "province:en": "Khuzestan",
        "publicId": "Mjg6MzA1OTk",
        "sourceId": "30599",
        "layerId": 28,
        "type": "location",
        "status": "active",
        "urgency": null,
        "verificationTag": null,
        "expirationDate": null,
        "createdAt": "2026-03-11T20:58:32.338Z",
        "updatedAt": "2026-03-11T20:58:32.338Z"
      }
    },
    {
      "type": "Feature",
      "id": 60268,
      "geometry": {
        "type": "Point",
        "coordinates": [
          55.7386959,
          29.1390357
        ]
      },
      "properties": {
        "id": "Mjg6MzUzNDU",
        "city": "شهرستان سیرجان",
        "name:fa": "پایگاه امدادنجات هلال احمر",
        "province": "استان کرمان",
        "name:en": "Red Crescent Relief and Rescue Base",
        "city:en": "Sirjan County",
        "province:en": "Kerman",
        "publicId": "Mjg6MzUzNDU",
        "sourceId": "35345",
        "layerId": 28,
        "type": "location",
        "status": "active",
        "urgency": null,
        "verificationTag": null,
        "expirationDate": null,
        "createdAt": "2026-03-11T20:58:32.338Z",
        "updatedAt": "2026-03-11T20:58:32.338Z"
      }
    },
    {
      "type": "Feature",
      "id": 60269,
      "geometry": {
        "type": "Point",
        "coordinates": [
          51.1815919,
          34.8599513
        ]
      },
      "properties": {
        "id": "Mjg6MjUxMDY",
        "city": "شهرستان قم",
        "name:fa": "پایگاه امدادو نجات بین شهری هلال احمر قم گرمسار",
        "province": "استان قم",
        "name:en": "Qom-Garmsar Intercity Red Crescent Relief and Rescue Base",
        "city:en": "Qom County",
        "province:en": "Qom",
        "publicId": "Mjg6MjUxMDY",
        "sourceId": "25106",
        "layerId": 28,
        "type": "location",
        "status": "active",
        "urgency": null,
        "verificationTag": null,
        "expirationDate": null,
        "createdAt": "2026-03-11T20:58:32.338Z",
        "updatedAt": "2026-03-11T20:58:32.338Z"
      }
    },
    {
      "type": "Feature",
      "id": 60270,
      "geometry": {
        "type": "Point",
        "coordinates": [
          49.6256009,
          36.3629389
        ]
      },
      "properties": {
        "id": "Mjg6MTgxMjA",
        "city": "شهرستان قزوین",
        "name:fa": "پایگاه امدادو نجات مهتاب هلال احمر",
        "province": "استان قزوین",
        "name:en": "Mahtab Red Crescent Relief and Rescue Base",
        "city:en": "Qazvin County",
        "province:en": "Qazvin",
        "publicId": "Mjg6MTgxMjA",
        "sourceId": "18120",
        "layerId": 28,
        "type": "location",
        "status": "active",
        "urgency": null,
        "verificationTag": null,
        "expirationDate": null,
        "createdAt": "2026-03-11T20:58:32.339Z",
        "updatedAt": "2026-03-11T20:58:32.339Z"
      }
    },
    {
      "type": "Feature",
      "id": 60271,
      "geometry": {
        "type": "Point",
        "coordinates": [
          52.537639,
          36.6922755
        ]
      },
      "properties": {
        "id": "Mjg6MTY5ODQ",
        "city": "فريدونكنار",
        "name:fa": "پایگاه امدادو نجات هلال احمر دریایی",
        "province": "استان مازندران",
        "name:en": "Red Crescent Maritime Relief and Rescue Base",
        "city:en": "Fereydunkenar",
        "province:en": "Mazandaran",
        "publicId": "Mjg6MTY5ODQ",
        "sourceId": "16984",
        "layerId": 28,
        "type": "location",
        "status": "active",
        "urgency": null,
        "verificationTag": null,
        "expirationDate": null,
        "createdAt": "2026-03-11T20:58:32.339Z",
        "updatedAt": "2026-03-11T20:58:32.339Z"
      }
    },
    {
      "type": "Feature",
      "id": 60272,
      "geometry": {
        "type": "Point",
        "coordinates": [
          49.354443,
          37.2340763
        ]
      },
      "properties": {
        "id": "Mjg6MTU5NzE",
        "city": "شهرستان فومن",
        "name:fa": "پایگاه امدادو نجات هلال احمر یادمان شهید موسوی",
        "province": "استان گیلان",
        "name:en": "Red Crescent Relief and Rescue Base, Shahid Mousavi Memorial",
        "city:en": "Fuman County",
        "province:en": "Gilan",
        "publicId": "Mjg6MTU5NzE",
        "sourceId": "15971",
        "layerId": 28,
        "type": "location",
        "status": "active",
        "urgency": null,
        "verificationTag": null,
        "expirationDate": null,
        "createdAt": "2026-03-11T20:58:32.340Z",
        "updatedAt": "2026-03-11T20:58:32.340Z"
      }
    },
    {
      "type": "Feature",
      "id": 60273,
      "geometry": {
        "type": "Point",
        "coordinates": [
          48.4361481,
          30.7485131
        ]
      },
      "properties": {
        "id": "Mjg6MzUwNzU",
        "city": "شهرستان شادگان",
        "name:fa": "پایگاه امدادونجات امام حسن مجتبی(ع) {هلال احمراستان خوزستان_شادگان}",
        "province": "استان خوزستان",
        "name:en": "Emam Hasan Mojtaba Relief and Rescue Base (Khuzestan Red Crescent - Shadgan)",
        "city:en": "Shadgan County",
        "province:en": "Khuzestan",
        "publicId": "Mjg6MzUwNzU",
        "sourceId": "35075",
        "layerId": 28,
        "type": "location",
        "status": "active",
        "urgency": null,
        "verificationTag": null,
        "expirationDate": null,
        "createdAt": "2026-03-11T20:58:32.340Z",
        "updatedAt": "2026-03-11T20:58:32.340Z"
      }
    },
    {
      "type": "Feature",
      "id": 60274,
      "geometry": {
        "type": "Point",
        "coordinates": [
          52.059027,
          27.8338213
        ]
      },
      "properties": {
        "id": "Mjg6MzI3NjY",
        "city": "بندر کنگان",
        "name:fa": "پایگاه امدادونجات دریایی هلال احمر",
        "province": "استان بوشهر",
        "name:en": "Red Crescent Maritime Relief and Rescue Base",
        "city:en": "Bandar Kangan",
        "province:en": "Bushehr",
        "publicId": "Mjg6MzI3NjY",
        "sourceId": "32766",
        "layerId": 28,
        "type": "location",
        "status": "active",
        "urgency": null,
        "verificationTag": null,
        "expirationDate": null,
        "createdAt": "2026-03-11T20:58:32.340Z",
        "updatedAt": "2026-03-11T20:58:32.340Z"
      }
    },
    {
      "type": "Feature",
      "id": 60275,
      "geometry": {
        "type": "Point",
        "coordinates": [
          52.059028,
          27.8297576
        ]
      },
      "properties": {
        "id": "Mjg6MzQxOTA",
        "name:fa": "پایگاه امدادونجات دریایی هلال احمر",
        "name:en": "Red Crescent Maritime Relief and Rescue Base",
        "publicId": "Mjg6MzQxOTA",
        "sourceId": "34190",
        "layerId": 28,
        "type": "location",
        "status": "active",
        "urgency": null,
        "verificationTag": null,
        "expirationDate": null,
        "createdAt": "2026-03-11T20:58:32.341Z",
        "updatedAt": "2026-03-11T20:58:32.341Z"
      }
    },
    {
      "type": "Feature",
      "id": 60276,
      "geometry": {
        "type": "Point",
        "coordinates": [
          55.3900704,
          29.1591697
        ]
      },
      "properties": {
        "id": "Mjg6MzIxMzY",
        "city": "شهرستان سیرجان",
        "name:fa": "پایگاه امدادونجات هلال احمر",
        "province": "استان کرمان",
        "name:en": "Red Crescent Relief and Rescue Base",
        "city:en": "Sirjan County",
        "province:en": "Kerman",
        "publicId": "Mjg6MzIxMzY",
        "sourceId": "32136",
        "layerId": 28,
        "type": "location",
        "status": "active",
        "urgency": null,
        "verificationTag": null,
        "expirationDate": null,
        "createdAt": "2026-03-11T20:58:32.341Z",
        "updatedAt": "2026-03-11T20:58:32.341Z"
      }
    },
    {
      "type": "Feature",
      "id": 60277,
      "geometry": {
        "type": "Point",
        "coordinates": [
          55.393577,
          29.1629076
        ]
      },
      "properties": {
        "id": "Mjg6MzUyOTA",
        "city": "شهرستان سیرجان",
        "name:fa": "پایگاه امدادونجات هلال احمر",
        "province": "استان کرمان",
        "name:en": "Red Crescent Relief and Rescue Base",
        "city:en": "Sirjan County",
        "province:en": "Kerman",
        "publicId": "Mjg6MzUyOTA",
        "sourceId": "35290",
        "layerId": 28,
        "type": "location",
        "status": "active",
        "urgency": null,
        "verificationTag": null,
        "expirationDate": null,
        "createdAt": "2026-03-11T20:58:32.342Z",
        "updatedAt": "2026-03-11T20:58:32.342Z"
      }
    },
    {
      "type": "Feature",
      "id": 60278,
      "geometry": {
        "type": "Point",
        "coordinates": [
          54.2198437,
          30.9351184
        ]
      },
      "properties": {
        "id": "Mjg6MzY0OTc",
        "city": "شهرستان خاتم",
        "name:fa": "پایگاه امدادونجات هلال احمر",
        "province": "استان یزد",
        "name:en": "Red Crescent Relief and Rescue Base",
        "city:en": "Khatam County",
        "province:en": "Yazd",
        "publicId": "Mjg6MzY0OTc",
        "sourceId": "36497",
        "layerId": 28,
        "type": "location",
        "status": "active",
        "urgency": null,
        "verificationTag": null,
        "expirationDate": null,
        "createdAt": "2026-03-11T20:58:32.342Z",
        "updatedAt": "2026-03-11T20:58:32.342Z"
      }
    },
    {
      "type": "Feature",
      "id": 60279,
      "geometry": {
        "type": "Point",
        "coordinates": [
          56.0569119,
          29.8103817
        ]
      },
      "properties": {
        "id": "Mjg6MzUzNDY",
        "city": "شهرستان سیرجان",
        "name:fa": "پایگاه امدادونجات هلال احمر خانه سرخ",
        "province": "استان کرمان",
        "name:en": "Khaneh Sorkh Red Crescent Relief and Rescue Base",
        "city:en": "Sirjan County",
        "province:en": "Kerman",
        "publicId": "Mjg6MzUzNDY",
        "sourceId": "35346",
        "layerId": 28,
        "type": "location",
        "status": "active",
        "urgency": null,
        "verificationTag": null,
        "expirationDate": null,
        "createdAt": "2026-03-11T20:58:32.343Z",
        "updatedAt": "2026-03-11T20:58:32.343Z"
      }
    },
    {
      "type": "Feature",
      "id": 60280,
      "geometry": {
        "type": "Point",
        "coordinates": [
          55.738712,
          29.1415155
        ]
      },
      "properties": {
        "id": "Mjg6MzIxNDI",
        "city": "شهرستان سیرجان",
        "name:fa": "پایگاه امدادونجات هلال احمر سیرجان",
        "province": "استان کرمان",
        "name:en": "Sirjan Red Crescent Relief and Rescue Base",
        "city:en": "Sirjan County",
        "province:en": "Kerman",
        "publicId": "Mjg6MzIxNDI",
        "sourceId": "32142",
        "layerId": 28,
        "type": "location",
        "status": "active",
        "urgency": null,
        "verificationTag": null,
        "expirationDate": null,
        "createdAt": "2026-03-11T20:58:32.343Z",
        "updatedAt": "2026-03-11T20:58:32.343Z"
      }
    },
    {
      "type": "Feature",
      "id": 60281,
      "geometry": {
        "type": "Point",
        "coordinates": [
          46.3356744,
          38.1082108
        ]
      },
      "properties": {
        "id": "Mjg6MTQzMTY",
        "city": "شهرستان تبریز",
        "name:fa": "پایگاه امدادکوهستان جمعیت هلال احمر آذربایجانشرقی",
        "province": "استان آذربایجان شرقی",
        "name:en": "East Azerbaijan Red Crescent Society Mountain Relief Base",
        "city:en": "Tabriz County",
        "province:en": "East Azerbaijan",
        "publicId": "Mjg6MTQzMTY",
        "sourceId": "14316",
        "layerId": 28,
        "type": "location",
        "status": "active",
        "urgency": null,
        "verificationTag": null,
        "expirationDate": null,
        "createdAt": "2026-03-11T20:58:32.344Z",
        "updatedAt": "2026-03-11T20:58:32.344Z"
      }
    },
    {
      "type": "Feature",
      "id": 60282,
      "geometry": {
        "type": "Point",
        "coordinates": [
          54.3027619,
          26.7936052
        ]
      },
      "properties": {
        "id": "Mjg6MzQyOTQ",
        "city": "شهرستان بندر لنگه",
        "name:fa": "پایگاه امدادی بین جاده ای هلال احمر",
        "province": "استان هرمزگان",
        "name:en": "Red Crescent Intercity Roadside Relief Base",
        "city:en": "Bandar Lengeh County",
        "province:en": "Hormozgan",
        "publicId": "Mjg6MzQyOTQ",
        "sourceId": "34294",
        "layerId": 28,
        "type": "location",
        "status": "active",
        "urgency": null,
        "verificationTag": null,
        "expirationDate": null,
        "createdAt": "2026-03-11T20:58:32.344Z",
        "updatedAt": "2026-03-11T20:58:32.344Z"
      }
    },
    {
      "type": "Feature",
      "id": 60283,
      "geometry": {
        "type": "Point",
        "coordinates": [
          54.3027619,
          26.7907997
        ]
      },
      "properties": {
        "id": "Mjg6MzM0Nzg",
        "city": "شهرستان بندر لنگه",
        "name:fa": "پایگاه امدادی بین جاده ای هلال احمر",
        "province": "استان هرمزگان",
        "name:en": "Red Crescent Intercity Roadside Relief Base",
        "city:en": "Bandar Lengeh County",
        "province:en": "Hormozgan",
        "publicId": "Mjg6MzM0Nzg",
        "sourceId": "33478",
        "layerId": 28,
        "type": "location",
        "status": "active",
        "urgency": null,
        "verificationTag": null,
        "expirationDate": null,
        "createdAt": "2026-03-11T20:58:32.344Z",
        "updatedAt": "2026-03-11T20:58:32.344Z"
      }
    },
    {
      "type": "Feature",
      "id": 60284,
      "geometry": {
        "type": "Point",
        "coordinates": [
          51.2486941,
          31.2243955
        ]
      },
      "properties": {
        "id": "Mjg6MzAwMzI",
        "city": "شهرستان لردگان",
        "name:fa": "پایگاه امدادی جاده ای شهید ارجمند جمعیت هلال احمر",
        "province": "استان چهارمحال و بختیاری",
        "name:en": "Shahid Arjmand Roadside Relief Base of the Red Crescent Society",
        "city:en": "Lordegan County",
        "province:en": "Chaharmahal and Bakhtiari",
        "publicId": "Mjg6MzAwMzI",
        "sourceId": "30032",
        "layerId": 28,
        "type": "location",
        "status": "active",
        "urgency": null,
        "verificationTag": null,
        "expirationDate": null,
        "createdAt": "2026-03-11T20:58:32.345Z",
        "updatedAt": "2026-03-11T20:58:32.345Z"
      }
    },
    {
      "type": "Feature",
      "id": 60285,
      "geometry": {
        "type": "Point",
        "coordinates": [
          55.9379478,
          27.9745574
        ]
      },
      "properties": {
        "id": "Mjg6MzI3MDY",
        "city": "شهرستان حاجی‌آباد",
        "name:fa": "پایگاه امدادی جاده ای هلال احمر",
        "province": "استان هرمزگان",
        "name:en": "Red Crescent Roadside Relief Base",
        "city:en": "Hajiabad County",
        "province:en": "Hormozgan",
        "publicId": "Mjg6MzI3MDY",
        "sourceId": "32706",
        "layerId": 28,
        "type": "location",
        "status": "active",
        "urgency": null,
        "verificationTag": null,
        "expirationDate": null,
        "createdAt": "2026-03-11T20:58:32.345Z",
        "updatedAt": "2026-03-11T20:58:32.345Z"
      }
    },
    {
      "type": "Feature",
      "id": 60286,
      "geometry": {
        "type": "Point",
        "coordinates": [
          51.2491743,
          31.2249199
        ]
      },
      "properties": {
        "id": "Mjg6MzY3MzQ",
        "city": "شهرستان لردگان",
        "name:fa": "پایگاه امدادی جاده‌ای هلال‌احمر",
        "province": "استان چهارمحال و بختیاری",
        "name:en": "Red Crescent Roadside Relief Base",
        "city:en": "Lordegan County",
        "province:en": "Chaharmahal and Bakhtiari",
        "publicId": "Mjg6MzY3MzQ",
        "sourceId": "36734",
        "layerId": 28,
        "type": "location",
        "status": "active",
        "urgency": null,
        "verificationTag": null,
        "expirationDate": null,
        "createdAt": "2026-03-11T20:58:32.346Z",
        "updatedAt": "2026-03-11T20:58:32.346Z"
      }
    },
    {
      "type": "Feature",
      "id": 60287,
      "geometry": {
        "type": "Point",
        "coordinates": [
          45.0633068,
          37.6052382
        ]
      },
      "properties": {
        "id": "Mjg6MTUwNDU",
        "city": "شهرستان ارومیه",
        "name:fa": "پایگاه امدادی هلال احمر",
        "province": "استان آذربایجان غربی",
        "name:en": "Red Crescent Relief Base",
        "city:en": "Urmia County",
        "province:en": "West Azerbaijan",
        "publicId": "Mjg6MTUwNDU",
        "sourceId": "15045",
        "layerId": 28,
        "type": "location",
        "status": "active",
        "urgency": null,
        "verificationTag": null,
        "expirationDate": null,
        "createdAt": "2026-03-11T20:58:32.346Z",
        "updatedAt": "2026-03-11T20:58:32.346Z"
      }
    },
    {
      "type": "Feature",
      "id": 60288,
      "geometry": {
        "type": "Point",
        "coordinates": [
          48.1757542,
          30.4755006
        ]
      },
      "properties": {
        "id": "Mjg6MzA1NjA",
        "city": "شهرستان خرمشهر",
        "name:fa": "پایگاه امدادی هلال احمر",
        "province": "استان خوزستان",
        "name:en": "Red Crescent Relief Base",
        "city:en": "Khorramshahr County",
        "province:en": "Khuzestan",
        "publicId": "Mjg6MzA1NjA",
        "sourceId": "30560",
        "layerId": 28,
        "type": "location",
        "status": "active",
        "urgency": null,
        "verificationTag": null,
        "expirationDate": null,
        "createdAt": "2026-03-11T20:58:32.347Z",
        "updatedAt": "2026-03-11T20:58:32.347Z"
      }
    },
    {
      "type": "Feature",
      "id": 60289,
      "geometry": {
        "type": "Point",
        "coordinates": [
          56.3386403,
          37.3542663
        ]
      },
      "properties": {
        "id": "Mjg6MTU2MDM",
        "city": "شهرستان گرمه",
        "name:fa": "پایگاه امدادی هلال احمر شهرستان گرمه",
        "province": "استان خراسان شمالی",
        "name:en": "Garmeh County Red Crescent Relief Base",
        "city:en": "Garmeh County",
        "province:en": "North Khorasan",
        "publicId": "Mjg6MTU2MDM",
        "sourceId": "15603",
        "layerId": 28,
        "type": "location",
        "status": "active",
        "urgency": null,
        "verificationTag": null,
        "expirationDate": null,
        "createdAt": "2026-03-11T20:58:32.347Z",
        "updatedAt": "2026-03-11T20:58:32.347Z"
      }
    },
    {
      "type": "Feature",
      "id": 60290,
      "geometry": {
        "type": "Point",
        "coordinates": [
          51.3634215,
          36.6876609
        ]
      },
      "properties": {
        "id": "Mjg6MTY5ODE",
        "city": "شهرستان چالوس",
        "name:fa": "پایگاه امدادی هلال احمر چالوس و نوشهر",
        "province": "استان مازندران",
        "name:en": "Chalous and Noshahr Red Crescent Relief Base",
        "city:en": "Chalous County",
        "province:en": "Mazandaran",
        "publicId": "Mjg6MTY5ODE",
        "sourceId": "16981",
        "layerId": 28,
        "type": "location",
        "status": "active",
        "urgency": null,
        "verificationTag": null,
        "expirationDate": null,
        "createdAt": "2026-03-11T20:58:32.348Z",
        "updatedAt": "2026-03-11T20:58:32.348Z"
      }
    },
    {
      "type": "Feature",
      "id": 60291,
      "geometry": {
        "type": "Point",
        "coordinates": [
          56.5674984,
          29.2422007
        ]
      },
      "properties": {
        "id": "Mjg6MzIwOTk",
        "city": "شهرستان بافت",
        "name:fa": "پایگاه امدادی و پشتیبانی هلال احمر بافت",
        "province": "استان کرمان",
        "name:en": "Baft Red Crescent Relief and Support Base",
        "city:en": "Baft County",
        "province:en": "Kerman",
        "publicId": "Mjg6MzIwOTk",
        "sourceId": "32099",
        "layerId": 28,
        "type": "location",
        "status": "active",
        "urgency": null,
        "verificationTag": null,
        "expirationDate": null,
        "createdAt": "2026-03-11T20:58:32.348Z",
        "updatedAt": "2026-03-11T20:58:32.348Z"
      }
    },
    {
      "type": "Feature",
      "id": 60292,
      "geometry": {
        "type": "Point",
        "coordinates": [
          56.5673861,
          29.2394621
        ]
      },
      "properties": {
        "id": "Mjg6MzU5NTk",
        "city": "بافت",
        "name:fa": "پایگاه امدادی و پشتیبانی هلال احمر بافت",
        "province": "استان کرمان",
        "name:en": "Baft Red Crescent Relief and Support Base",
        "city:en": "Baft",
        "province:en": "Kerman",
        "publicId": "Mjg6MzU5NTk",
        "sourceId": "35959",
        "layerId": 28,
        "type": "location",
        "status": "active",
        "urgency": null,
        "verificationTag": null,
        "expirationDate": null,
        "createdAt": "2026-03-11T20:58:32.349Z",
        "updatedAt": "2026-03-11T20:58:32.349Z"
      }
    },
    {
      "type": "Feature",
      "id": 60293,
      "geometry": {
        "type": "Point",
        "coordinates": [
          57.0080701,
          30.2725557
        ]
      },
      "properties": {
        "id": "Mjg6MzA5MjA",
        "city": "کرمان",
        "name:fa": "پایگاه بهداشتی بیهقی هلال احمر",
        "province": "استان کرمان",
        "name:en": "Red Crescent Beyhaqi Health Center",
        "city:en": "Kerman",
        "province:en": "Kerman",
        "publicId": "Mjg6MzA5MjA",
        "sourceId": "30920",
        "layerId": 28,
        "type": "location",
        "status": "active",
        "urgency": null,
        "verificationTag": null,
        "expirationDate": null,
        "createdAt": "2026-03-11T20:58:32.349Z",
        "updatedAt": "2026-03-11T20:58:32.349Z"
      }
    },
    {
      "type": "Feature",
      "id": 60294,
      "geometry": {
        "type": "Point",
        "coordinates": [
          50.0054137,
          36.2622896
        ]
      },
      "properties": {
        "id": "Mjg6MTg4OTc",
        "city": "قزوین",
        "name:fa": "پایگاه بهداشتی هلال احمر",
        "province": "استان قزوین",
        "name:en": "Red Crescent Health Center",
        "city:en": "Qazvin",
        "province:en": "Qazvin",
        "publicId": "Mjg6MTg4OTc",
        "sourceId": "18897",
        "layerId": 28,
        "type": "location",
        "status": "active",
        "urgency": null,
        "verificationTag": null,
        "expirationDate": null,
        "createdAt": "2026-03-11T20:58:32.349Z",
        "updatedAt": "2026-03-11T20:58:32.349Z"
      }
    },
    {
      "type": "Feature",
      "id": 60295,
      "geometry": {
        "type": "Point",
        "coordinates": [
          55.6999768,
          37.6301595
        ]
      },
      "properties": {
        "id": "Mjg6MTUwMzg",
        "city": "شهرستان مراوه‌تپه",
        "name:fa": "پایگاه بین جاده ای هلال احمر",
        "province": "استان گلستان",
        "name:en": "Red Crescent Intercity Roadside Base",
        "city:en": "Maraveh Tappeh County",
        "province:en": "Golestan",
        "publicId": "Mjg6MTUwMzg",
        "sourceId": "15038",
        "layerId": 28,
        "type": "location",
        "status": "active",
        "urgency": null,
        "verificationTag": null,
        "expirationDate": null,
        "createdAt": "2026-03-11T20:58:32.350Z",
        "updatedAt": "2026-03-11T20:58:32.350Z"
      }
    },
    {
      "type": "Feature",
      "id": 60296,
      "geometry": {
        "type": "Point",
        "coordinates": [
          50.3307107,
          33.3076007
        ]
      },
      "properties": {
        "id": "Mjg6MjcyNDQ",
        "city": "تیدجان",
        "name:fa": "پایگاه بین راهی هلال احمر خوانسار(تیدجان)",
        "province": "استان اصفهان",
        "name:en": "Khansar Red Crescent Waystation (Tidjan)",
        "city:en": "Tidjan",
        "province:en": "Isfahan",
        "publicId": "Mjg6MjcyNDQ",
        "sourceId": "27244",
        "layerId": 28,
        "type": "location",
        "status": "active",
        "urgency": null,
        "verificationTag": null,
        "expirationDate": null,
        "createdAt": "2026-03-11T20:58:32.350Z",
        "updatedAt": "2026-03-11T20:58:32.350Z"
      }
    },
    {
      "type": "Feature",
      "id": 60297,
      "geometry": {
        "type": "Point",
        "coordinates": [
          50.8311345,
          28.9804758
        ]
      },
      "properties": {
        "id": "Mjg6MzIyMTM",
        "city": "بوشهر",
        "name:fa": "پایگاه تجمیعی واکسناسیون هلال احمر",
        "province": "استان بوشهر",
        "name:en": "Red Crescent Mass Vaccination Center",
        "city:en": "Bushehr",
        "province:en": "Bushehr",
        "publicId": "Mjg6MzIyMTM",
        "sourceId": "32213",
        "layerId": 28,
        "type": "location",
        "status": "active",
        "urgency": null,
        "verificationTag": null,
        "expirationDate": null,
        "createdAt": "2026-03-11T20:58:32.351Z",
        "updatedAt": "2026-03-11T20:58:32.351Z"
      }
    },
    {
      "type": "Feature",
      "id": 60298,
      "geometry": {
        "type": "Point",
        "coordinates": [
          54.3110048,
          29.7727145
        ]
      },
      "properties": {
        "id": "Mjg6MzU4NTc",
        "city": "شهرستان خاتم",
        "name:fa": "پایگاه جاده ای امدادونجات هلال احمر",
        "province": "استان یزد",
        "name:en": "Red Crescent Roadside Relief and Rescue Base",
        "city:en": "Khatam County",
        "province:en": "Yazd",
        "publicId": "Mjg6MzU4NTc",
        "sourceId": "35857",
        "layerId": 28,
        "type": "location",
        "status": "active",
        "urgency": null,
        "verificationTag": null,
        "expirationDate": null,
        "createdAt": "2026-03-11T20:58:32.351Z",
        "updatedAt": "2026-03-11T20:58:32.351Z"
      }
    },
    {
      "type": "Feature",
      "id": 60299,
      "geometry": {
        "type": "Point",
        "coordinates": [
          47.8430772,
          38.5325179
        ]
      },
      "properties": {
        "id": "Mjg6MTM5Mjg",
        "city": "شهرستان مشگین‌شهر",
        "name:fa": "پایگاه جاده ای هلال احمر",
        "province": "استان اردبیل",
        "name:en": "Red Crescent Roadside Base",
        "city:en": "Meshgin Shahr County",
        "province:en": "Ardabil",
        "publicId": "Mjg6MTM5Mjg",
        "sourceId": "13928",
        "layerId": 28,
        "type": "location",
        "status": "active",
        "urgency": null,
        "verificationTag": null,
        "expirationDate": null,
        "createdAt": "2026-03-11T20:58:32.352Z",
        "updatedAt": "2026-03-11T20:58:32.352Z"
      }
    },
    {
      "type": "Feature",
      "id": 60300,
      "geometry": {
        "type": "Point",
        "coordinates": [
          46.8785736,
          36.5227889
        ]
      },
      "properties": {
        "id": "Mjg6MTc2Njc",
        "city": "شهرستان تکاب",
        "name:fa": "پایگاه جاده ای هلال احمر",
        "province": "استان آذربایجان غربی",
        "name:en": "Red Crescent Roadside Base",
        "city:en": "Takab County",
        "province:en": "West Azerbaijan",
        "publicId": "Mjg6MTc2Njc",
        "sourceId": "17667",
        "layerId": 28,
        "type": "location",
        "status": "active",
        "urgency": null,
        "verificationTag": null,
        "expirationDate": null,
        "createdAt": "2026-03-11T20:58:32.352Z",
        "updatedAt": "2026-03-11T20:58:32.352Z"
      }
    },
    {
      "type": "Feature",
      "id": 60301,
      "geometry": {
        "type": "Point",
        "coordinates": [
          48.0901757,
          31.6329765
        ]
      },
      "properties": {
        "id": "Mjg6Mjk0NDU",
        "city": "دهلاویه",
        "name:fa": "پایگاه جاده ای هلال احمر",
        "province": "استان خوزستان",
        "name:en": "Red Crescent Roadside Base",
        "city:en": "Dehlavieh",
        "province:en": "Khuzestan",
        "publicId": "Mjg6Mjk0NDU",
        "sourceId": "29445",
        "layerId": 28,
        "type": "location",
        "status": "active",
        "urgency": null,
        "verificationTag": null,
        "expirationDate": null,
        "createdAt": "2026-03-11T20:58:32.353Z",
        "updatedAt": "2026-03-11T20:58:32.353Z"
      }
    },
    {
      "type": "Feature",
      "id": 60302,
      "geometry": {
        "type": "Point",
        "coordinates": [
          48.2855153,
          37.7165534
        ]
      },
      "properties": {
        "id": "Mjg6NDA5MzU",
        "city": "شهرستان کوثر",
        "name:fa": "پایگاه جاده ای هلال احمر",
        "province": "استان اردبیل",
        "name:en": "Red Crescent Roadside Base",
        "city:en": "Kowsar County",
        "province:en": "Ardabil",
        "publicId": "Mjg6NDA5MzU",
        "sourceId": "40935",
        "layerId": 28,
        "type": "location",
        "status": "active",
        "urgency": null,
        "verificationTag": null,
        "expirationDate": null,
        "createdAt": "2026-03-11T20:58:32.353Z",
        "updatedAt": "2026-03-11T20:58:32.353Z"
      }
    },
    {
      "type": "Feature",
      "id": 60303,
      "geometry": {
        "type": "Point",
        "coordinates": [
          53.128531,
          29.5422548
        ]
      },
      "properties": {
        "id": "Mjg6MzE3NzY",
        "city": "شهرستان خرامه",
        "name:fa": "پایگاه جاده ای هلال احمر خرامه",
        "province": "استان فارس",
        "name:en": "Kharameh Red Crescent Roadside Base",
        "city:en": "Kharameh County",
        "province:en": "Fars",
        "publicId": "Mjg6MzE3NzY",
        "sourceId": "31776",
        "layerId": 28,
        "type": "location",
        "status": "active",
        "urgency": null,
        "verificationTag": null,
        "expirationDate": null,
        "createdAt": "2026-03-11T20:58:32.354Z",
        "updatedAt": "2026-03-11T20:58:32.354Z"
      }
    },
    {
      "type": "Feature",
      "id": 60304,
      "geometry": {
        "type": "Point",
        "coordinates": [
          56.3384552,
          37.3546927
        ]
      },
      "properties": {
        "id": "Mjg6MTU2MDI",
        "city": "رباط قره بیل",
        "name:fa": "پایگاه جاده ای هلال احمر شهرستان گرمه",
        "province": "استان خراسان شمالی",
        "name:en": "Garmeh County Red Crescent Roadside Base",
        "city:en": "Robat-e Qareh Bil",
        "province:en": "North Khorasan",
        "publicId": "Mjg6MTU2MDI",
        "sourceId": "15602",
        "layerId": 28,
        "type": "location",
        "status": "active",
        "urgency": null,
        "verificationTag": null,
        "expirationDate": null,
        "createdAt": "2026-03-11T20:58:32.354Z",
        "updatedAt": "2026-03-11T20:58:32.354Z"
      }
    },
    {
      "type": "Feature",
      "id": 60305,
      "geometry": {
        "type": "Point",
        "coordinates": [
          57.3061405,
          30.0476222
        ]
      },
      "properties": {
        "id": "Mjg6MzQ4Mjc",
        "city": "شهرستان کرمان",
        "name:fa": "پایگاه جاده ای هلال احمر ماهان",
        "province": "استان کرمان",
        "name:en": "Mahan Red Crescent Roadside Base",
        "city:en": "Kerman County",
        "province:en": "Kerman",
        "publicId": "Mjg6MzQ4Mjc",
        "sourceId": "34827",
        "layerId": 28,
        "type": "location",
        "status": "active",
        "urgency": null,
        "verificationTag": null,
        "expirationDate": null,
        "createdAt": "2026-03-11T20:58:32.354Z",
        "updatedAt": "2026-03-11T20:58:32.354Z"
      }
    },
    {
      "type": "Feature",
      "id": 60306,
      "geometry": {
        "type": "Point",
        "coordinates": [
          54.0039665,
          32.1884273
        ]
      },
      "properties": {
        "id": "Mjg6Mjg4NzA",
        "city": "شهرستان میبد",
        "name:fa": "پایگاه جاده ای هلال احمر میبد",
        "province": "استان یزد",
        "name:en": "Meybod Red Crescent Roadside Base",
        "city:en": "Meybod County",
        "province:en": "Yazd",
        "publicId": "Mjg6Mjg4NzA",
        "sourceId": "28870",
        "layerId": 28,
        "type": "location",
        "status": "active",
        "urgency": null,
        "verificationTag": null,
        "expirationDate": null,
        "createdAt": "2026-03-11T20:58:32.355Z",
        "updatedAt": "2026-03-11T20:58:32.355Z"
      }
    },
    {
      "type": "Feature",
      "id": 60307,
      "geometry": {
        "type": "Point",
        "coordinates": [
          55.8118038,
          28.4042747
        ]
      },
      "properties": {
        "id": "Mjg6MzUzMDQ",
        "city": "شهرستان حاجی‌آباد",
        "name:fa": "پایگاه جاده ای هلال احمر چاهتر",
        "province": "استان هرمزگان",
        "name:en": "Chah Tor Red Crescent Roadside Base",
        "city:en": "Hajiabad County",
        "province:en": "Hormozgan",
        "publicId": "Mjg6MzUzMDQ",
        "sourceId": "35304",
        "layerId": 28,
        "type": "location",
        "status": "active",
        "urgency": null,
        "verificationTag": null,
        "expirationDate": null,
        "createdAt": "2026-03-11T20:58:32.355Z",
        "updatedAt": "2026-03-11T20:58:32.355Z"
      }
    },
    {
      "type": "Feature",
      "id": 60308,
      "geometry": {
        "type": "Point",
        "coordinates": [
          53.2538972,
          27.4174838
        ]
      },
      "properties": {
        "id": "Mjg6MzQyMTM",
        "city": "شهرستان لامرد",
        "name:fa": "پایگاه جاده ای هلال احمر چاهشور",
        "province": "استان فارس",
        "name:en": "Chahshur Red Crescent Roadside Base",
        "city:en": "Lamerd County",
        "province:en": "Fars",
        "publicId": "Mjg6MzQyMTM",
        "sourceId": "34213",
        "layerId": 28,
        "type": "location",
        "status": "active",
        "urgency": null,
        "verificationTag": null,
        "expirationDate": null,
        "createdAt": "2026-03-11T20:58:32.356Z",
        "updatedAt": "2026-03-11T20:58:32.356Z"
      }
    },
    {
      "type": "Feature",
      "id": 60309,
      "geometry": {
        "type": "Point",
        "coordinates": [
          47.9551168,
          37.0596263
        ]
      },
      "properties": {
        "id": "Mjg6NDA5MzY",
        "city": "شهرستان زنجان",
        "name:fa": "پایگاه جاده‌ای هلال احمر",
        "province": "استان زنجان",
        "name:en": "Red Crescent Roadside Base",
        "city:en": "Zanjan County",
        "province:en": "Zanjan",
        "publicId": "Mjg6NDA5MzY",
        "sourceId": "40936",
        "layerId": 28,
        "type": "location",
        "status": "active",
        "urgency": null,
        "verificationTag": null,
        "expirationDate": null,
        "createdAt": "2026-03-11T20:58:32.356Z",
        "updatedAt": "2026-03-11T20:58:32.356Z"
      }
    },
    {
      "type": "Feature",
      "id": 60310,
      "geometry": {
        "type": "Point",
        "coordinates": [
          46.4457268,
          37.2863543
        ]
      },
      "properties": {
        "id": "Mjg6MTU2OTc",
        "city": "شهرستان مراغه",
        "name:fa": "پایگاه جاده‌ای هلال احمر شهید بهرام رنجبر",
        "province": "استان آذربایجان شرقی",
        "name:en": "Shahid Bahram Ranjbar Red Crescent Roadside Base",
        "city:en": "Maragheh County",
        "province:en": "East Azerbaijan",
        "publicId": "Mjg6MTU2OTc",
        "sourceId": "15697",
        "layerId": 28,
        "type": "location",
        "status": "active",
        "urgency": null,
        "verificationTag": null,
        "expirationDate": null,
        "createdAt": "2026-03-11T20:58:32.357Z",
        "updatedAt": "2026-03-11T20:58:32.357Z"
      }
    },
    {
      "type": "Feature",
      "id": 60311,
      "geometry": {
        "type": "Point",
        "coordinates": [
          51.9868997,
          30.2618959
        ]
      },
      "properties": {
        "id": "Mjg6MzA5MDI",
        "city": "اردکان",
        "name:fa": "پایگاه جستجونجات کوهستان هلال احمر",
        "province": "استان فارس",
        "name:en": "Red Crescent Mountain Search and Rescue Base",
        "city:en": "Ardakan",
        "province:en": "Fars",
        "publicId": "Mjg6MzA5MDI",
        "sourceId": "30902",
        "layerId": 28,
        "type": "location",
        "status": "active",
        "urgency": null,
        "verificationTag": null,
        "expirationDate": null,
        "createdAt": "2026-03-11T20:58:32.357Z",
        "updatedAt": "2026-03-11T20:58:32.357Z"
      }
    },
    {
      "type": "Feature",
      "id": 60312,
      "geometry": {
        "type": "Point",
        "coordinates": [
          48.2858053,
          37.7158406
        ]
      },
      "properties": {
        "id": "Mjg6MTQ5ODU",
        "city": "شهرستان کوثر",
        "name:fa": "پایگاه جمعیت هلال احمر",
        "province": "استان اردبیل",
        "name:en": "Red Crescent Society Base",
        "city:en": "Kowsar County",
        "province:en": "Ardabil",
        "publicId": "Mjg6MTQ5ODU",
        "sourceId": "14985",
        "layerId": 28,
        "type": "location",
        "status": "active",
        "urgency": null,
        "verificationTag": null,
        "expirationDate": null,
        "createdAt": "2026-03-11T20:58:32.358Z",
        "updatedAt": "2026-03-11T20:58:32.358Z"
      }
    },
    {
      "type": "Feature",
      "id": 60313,
      "geometry": {
        "type": "Point",
        "coordinates": [
          49.7640686,
          32.4064011
        ]
      },
      "properties": {
        "id": "Mjg6Mjg0NTc",
        "city": "شهرستان اندیکا",
        "name:fa": "پایگاه جمعیت هلال احمر اندیکا",
        "province": "استان خوزستان",
        "name:en": "Andika Red Crescent Society Base",
        "city:en": "Andika County",
        "province:en": "Khuzestan",
        "publicId": "Mjg6Mjg0NTc",
        "sourceId": "28457",
        "layerId": 28,
        "type": "location",
        "status": "active",
        "urgency": null,
        "verificationTag": null,
        "expirationDate": null,
        "createdAt": "2026-03-11T20:58:32.358Z",
        "updatedAt": "2026-03-11T20:58:32.358Z"
      }
    },
    {
      "type": "Feature",
      "id": 60314,
      "geometry": {
        "type": "Point",
        "coordinates": [
          51.7170802,
          36.3842253
        ]
      },
      "properties": {
        "id": "Mjg6MTgwNzQ",
        "city": "شهرستان نوشهر",
        "name:fa": "پایگاه جمعیت هلال احمر کوهستان کجور",
        "province": "استان مازندران",
        "name:en": "Kojur Mountain Red Crescent Society Base",
        "city:en": "Noshahr County",
        "province:en": "Mazandaran",
        "publicId": "Mjg6MTgwNzQ",
        "sourceId": "18074",
        "layerId": 28,
        "type": "location",
        "status": "active",
        "urgency": null,
        "verificationTag": null,
        "expirationDate": null,
        "createdAt": "2026-03-11T20:58:32.359Z",
        "updatedAt": "2026-03-11T20:58:32.359Z"
      }
    },
    {
      "type": "Feature",
      "id": 60315,
      "geometry": {
        "type": "Point",
        "coordinates": [
          54.0442438,
          36.901198
        ]
      },
      "properties": {
        "id": "Mjg6MTY1NTc",
        "name:fa": "پایگاه ساحلی هلال احمر",
        "province": "استان گلستان",
        "name:en": "Red Crescent Coastal Base",
        "province:en": "Golestan",
        "publicId": "Mjg6MTY1NTc",
        "sourceId": "16557",
        "layerId": 28,
        "type": "location",
        "status": "active",
        "urgency": null,
        "verificationTag": null,
        "expirationDate": null,
        "createdAt": "2026-03-11T20:58:32.359Z",
        "updatedAt": "2026-03-11T20:58:32.359Z"
      }
    },
    {
      "type": "Feature",
      "id": 60316,
      "geometry": {
        "type": "Point",
        "coordinates": [
          48.4096657,
          32.4052746
        ]
      },
      "properties": {
        "id": "Mjg6Mjg0NTI",
        "city": "دزفول",
        "name:fa": "پایگاه ساحلی هلال احمر",
        "province": "استان خوزستان",
        "name:en": "Red Crescent Coastal Base",
        "city:en": "Dezful",
        "province:en": "Khuzestan",
        "publicId": "Mjg6Mjg0NTI",
        "sourceId": "28452",
        "layerId": 28,
        "type": "location",
        "status": "active",
        "urgency": null,
        "verificationTag": null,
        "expirationDate": null,
        "createdAt": "2026-03-11T20:58:32.360Z",
        "updatedAt": "2026-03-11T20:58:32.360Z"
      }
    },
    {
      "type": "Feature",
      "id": 60317,
      "geometry": {
        "type": "Point",
        "coordinates": [
          60.4067548,
          25.3793406
        ]
      },
      "properties": {
        "id": "Mjg6MzQwNzY",
        "city": "کنارک",
        "name:fa": "پایگاه ساحلی هلال احمر",
        "province": "استان سیستان و بلوچستان",
        "name:en": "Red Crescent Coastal Base",
        "city:en": "Konarak",
        "province:en": "Sistan and Baluchestan",
        "publicId": "Mjg6MzQwNzY",
        "sourceId": "34076",
        "layerId": 28,
        "type": "location",
        "status": "active",
        "urgency": null,
        "verificationTag": null,
        "expirationDate": null,
        "createdAt": "2026-03-11T20:58:32.360Z",
        "updatedAt": "2026-03-11T20:58:32.360Z"
      }
    },
    {
      "type": "Feature",
      "id": 60318,
      "geometry": {
        "type": "Point",
        "coordinates": [
          51.5564816,
          30.5972752
        ]
      },
      "properties": {
        "id": "Mjg6MzY0MzA",
        "city": "ياسوج",
        "name:fa": "پایگاه سیار امداد نجات هلال احمر",
        "province": "استان کهگیلویه و بویراحمد",
        "name:en": "Red Crescent Mobile Relief and Rescue Base",
        "city:en": "Yasuj",
        "province:en": "Kohgiluyeh and Boyer-Ahmad",
        "publicId": "Mjg6MzY0MzA",
        "sourceId": "36430",
        "layerId": 28,
        "type": "location",
        "status": "active",
        "urgency": null,
        "verificationTag": null,
        "expirationDate": null,
        "createdAt": "2026-03-11T20:58:32.361Z",
        "updatedAt": "2026-03-11T20:58:32.361Z"
      }
    },
    {
      "type": "Feature",
      "id": 60319,
      "geometry": {
        "type": "Point",
        "coordinates": [
          49.797096,
          36.7000253
        ]
      },
      "properties": {
        "id": "Mjg6MTY5NzQ",
        "city": "شهرستان رودبار",
        "name:fa": "پایگاه شهدای جیرنده هلال احمر جیرنده",
        "province": "استان گیلان",
        "name:en": "Shohada-ye Jirandeh Red Crescent Base of Jirandeh",
        "city:en": "Rudbar County",
        "province:en": "Gilan",
        "publicId": "Mjg6MTY5NzQ",
        "sourceId": "16974",
        "layerId": 28,
        "type": "location",
        "status": "active",
        "urgency": null,
        "verificationTag": null,
        "expirationDate": null,
        "createdAt": "2026-03-11T20:58:32.362Z",
        "updatedAt": "2026-03-11T20:58:32.362Z"
      }
    },
    {
      "type": "Feature",
      "id": 60320,
      "geometry": {
        "type": "Point",
        "coordinates": [
          61.8160025,
          27.3976512
        ]
      },
      "properties": {
        "id": "Mjg6MzUwMjI",
        "city": "رحمت آباد",
        "name:fa": "پایگاه شهید ملازهی جمعیت هلال احمر",
        "province": "استان سیستان و بلوچستان",
        "name:en": "Shahid Molazehi Base of the Red Crescent Society",
        "city:en": "Rahmatabad",
        "province:en": "Sistan and Baluchestan",
        "publicId": "Mjg6MzUwMjI",
        "sourceId": "35022",
        "layerId": 28,
        "type": "location",
        "status": "active",
        "urgency": null,
        "verificationTag": null,
        "expirationDate": null,
        "createdAt": "2026-03-11T20:58:32.362Z",
        "updatedAt": "2026-03-11T20:58:32.362Z"
      }
    },
    {
      "type": "Feature",
      "id": 60321,
      "geometry": {
        "type": "Point",
        "coordinates": [
          49.7507112,
          37.2356074
        ]
      },
      "properties": {
        "id": "Mjg6MTU5ODA",
        "city": "کلانشهر رشت",
        "name:fa": "پایگاه موقت امداد و نجات جاده ای هلال احمر",
        "province": "استان گیلان",
        "name:en": "Red Crescent Temporary Road Relief and Rescue Base",
        "city:en": "Rasht Metropolis",
        "province:en": "Gilan",
        "publicId": "Mjg6MTU5ODA",
        "sourceId": "15980",
        "layerId": 28,
        "type": "location",
        "status": "active",
        "urgency": null,
        "verificationTag": null,
        "expirationDate": null,
        "createdAt": "2026-03-11T20:58:32.362Z",
        "updatedAt": "2026-03-11T20:58:32.362Z"
      }
    },
    {
      "type": "Feature",
      "id": 60322,
      "geometry": {
        "type": "Point",
        "coordinates": [
          50.7652299,
          36.1649069
        ]
      },
      "properties": {
        "id": "Mjg6MTkzMTI",
        "city": "شهرستان طالقان",
        "name:fa": "پایگاه موقت هلال احمر",
        "province": "استان البرز",
        "name:en": "Red Crescent Temporary Base",
        "city:en": "Taleqan County",
        "province:en": "Alborz",
        "publicId": "Mjg6MTkzMTI",
        "sourceId": "19312",
        "layerId": 28,
        "type": "location",
        "status": "active",
        "urgency": null,
        "verificationTag": null,
        "expirationDate": null,
        "createdAt": "2026-03-11T20:58:32.363Z",
        "updatedAt": "2026-03-11T20:58:32.363Z"
      }
    },
    {
      "type": "Feature",
      "id": 60323,
      "geometry": {
        "type": "Point",
        "coordinates": [
          48.9217316,
          33.5904552
        ]
      },
      "properties": {
        "id": "Mjg6MjY5NDc",
        "city": "شهرستان خرم‌آباد",
        "name:fa": "پایگاه هلال احمر",
        "province": "استان لرستان",
        "name:en": "Red Crescent Station",
        "city:en": "Khorramabad County",
        "province:en": "Lorestan",
        "publicId": "Mjg6MjY5NDc",
        "sourceId": "26947",
        "layerId": 28,
        "type": "location",
        "status": "active",
        "urgency": null,
        "verificationTag": null,
        "expirationDate": null,
        "createdAt": "2026-03-11T20:58:32.363Z",
        "updatedAt": "2026-03-11T20:58:32.363Z"
      }
    },
    {
      "type": "Feature",
      "id": 60324,
      "geometry": {
        "type": "Point",
        "coordinates": [
          48.0167623,
          33.5619227
        ]
      },
      "properties": {
        "id": "Mjg6MjY5NjA",
        "city": "سراب دوره",
        "name:fa": "پایگاه هلال احمر",
        "province": "استان لرستان",
        "name:en": "Red Crescent Station",
        "city:en": "Sarab-e Dowreh",
        "province:en": "Lorestan",
        "publicId": "Mjg6MjY5NjA",
        "sourceId": "26960",
        "layerId": 28,
        "type": "location",
        "status": "active",
        "urgency": null,
        "verificationTag": null,
        "expirationDate": null,
        "createdAt": "2026-03-11T20:58:32.364Z",
        "updatedAt": "2026-03-11T20:58:32.364Z"
      }
    },
    {
      "type": "Feature",
      "id": 60325,
      "geometry": {
        "type": "Point",
        "coordinates": [
          51.8124837,
          32.2660731
        ]
      },
      "properties": {
        "id": "Mjg6Mjg3NzE",
        "city": "شهرستان شهرضا",
        "name:fa": "پایگاه هلال احمر",
        "province": "استان اصفهان",
        "name:en": "Red Crescent Station",
        "city:en": "Shahreza County",
        "province:en": "Isfahan",
        "publicId": "Mjg6Mjg3NzE",
        "sourceId": "28771",
        "layerId": 28,
        "type": "location",
        "status": "active",
        "urgency": null,
        "verificationTag": null,
        "expirationDate": null,
        "createdAt": "2026-03-11T20:58:32.364Z",
        "updatedAt": "2026-03-11T20:58:32.364Z"
      }
    },
    {
      "type": "Feature",
      "id": 60326,
      "geometry": {
        "type": "Point",
        "coordinates": [
          52.5735068,
          28.9775604
        ]
      },
      "properties": {
        "id": "Mjg6MzIyNDY",
        "city": "شهرستان فیروزآباد",
        "name:fa": "پایگاه هلال احمر",
        "province": "استان فارس",
        "name:en": "Red Crescent Station",
        "city:en": "Firuzabad County",
        "province:en": "Fars",
        "publicId": "Mjg6MzIyNDY",
        "sourceId": "32246",
        "layerId": 28,
        "type": "location",
        "status": "active",
        "urgency": null,
        "verificationTag": null,
        "expirationDate": null,
        "createdAt": "2026-03-11T20:58:32.365Z",
        "updatedAt": "2026-03-11T20:58:32.365Z"
      }
    },
    {
      "type": "Feature",
      "id": 60327,
      "geometry": {
        "type": "Point",
        "coordinates": [
          48.7498315,
          38.4227251
        ]
      },
      "properties": {
        "id": "Mjg6MTQwMTA",
        "city": "شهرستان آستارا",
        "name:fa": "پایگاه هلال احمر",
        "province": "استان گیلان",
        "name:en": "Red Crescent Station",
        "city:en": "Astara County",
        "province:en": "Gilan",
        "publicId": "Mjg6MTQwMTA",
        "sourceId": "14010",
        "layerId": 28,
        "type": "location",
        "status": "active",
        "urgency": null,
        "verificationTag": null,
        "expirationDate": null,
        "createdAt": "2026-03-11T20:58:32.365Z",
        "updatedAt": "2026-03-11T20:58:32.365Z"
      }
    },
    {
      "type": "Feature",
      "id": 60328,
      "geometry": {
        "type": "Point",
        "coordinates": [
          48.1447412,
          38.1155697
        ]
      },
      "properties": {
        "id": "Mjg6MTQzMTk",
        "city": "شهرستان نیر",
        "name:fa": "پایگاه هلال احمر",
        "province": "استان اردبیل",
        "name:en": "Red Crescent Station",
        "city:en": "Nir County",
        "province:en": "Ardabil",
        "publicId": "Mjg6MTQzMTk",
        "sourceId": "14319",
        "layerId": 28,
        "type": "location",
        "status": "active",
        "urgency": null,
        "verificationTag": null,
        "expirationDate": null,
        "createdAt": "2026-03-11T20:58:32.366Z",
        "updatedAt": "2026-03-11T20:58:32.366Z"
      }
    },
    {
      "type": "Feature",
      "id": 60329,
      "geometry": {
        "type": "Point",
        "coordinates": [
          54.8648469,
          37.121734
        ]
      },
      "properties": {
        "id": "Mjg6MTYyMzk",
        "city": "شهرستان گنبد کاووس",
        "name:fa": "پایگاه هلال احمر",
        "province": "استان گلستان",
        "name:en": "Red Crescent Station",
        "city:en": "Gonbad-e Kavus County",
        "province:en": "Golestan",
        "publicId": "Mjg6MTYyMzk",
        "sourceId": "16239",
        "layerId": 28,
        "type": "location",
        "status": "active",
        "urgency": null,
        "verificationTag": null,
        "expirationDate": null,
        "createdAt": "2026-03-11T20:58:32.366Z",
        "updatedAt": "2026-03-11T20:58:32.366Z"
      }
    },
    {
      "type": "Feature",
      "id": 60330,
      "geometry": {
        "type": "Point",
        "coordinates": [
          49.2525136,
          37.0775822
        ]
      },
      "properties": {
        "id": "Mjg6MTYyOTE",
        "city": "قلعه رودخان",
        "name:fa": "پایگاه هلال احمر",
        "province": "استان گیلان",
        "name:en": "Red Crescent Station",
        "city:en": "Ghal'eh Rudkhan",
        "province:en": "Gilan",
        "publicId": "Mjg6MTYyOTE",
        "sourceId": "16291",
        "layerId": 28,
        "type": "location",
        "status": "active",
        "urgency": null,
        "verificationTag": null,
        "expirationDate": null,
        "createdAt": "2026-03-11T20:58:32.367Z",
        "updatedAt": "2026-03-11T20:58:32.367Z"
      }
    },
    {
      "type": "Feature",
      "id": 60331,
      "geometry": {
        "type": "Point",
        "coordinates": [
          51.4128667,
          36.6451457
        ]
      },
      "properties": {
        "id": "Mjg6MTcxOTc",
        "city": "چالوس",
        "name:fa": "پایگاه هلال احمر",
        "province": "استان مازندران",
        "name:en": "Red Crescent Station",
        "city:en": "Chalus",
        "province:en": "Mazandaran",
        "publicId": "Mjg6MTcxOTc",
        "sourceId": "17197",
        "layerId": 28,
        "type": "location",
        "status": "active",
        "urgency": null,
        "verificationTag": null,
        "expirationDate": null,
        "createdAt": "2026-03-11T20:58:32.367Z",
        "updatedAt": "2026-03-11T20:58:32.367Z"
      }
    },
    {
      "type": "Feature",
      "id": 60332,
      "geometry": {
        "type": "Point",
        "coordinates": [
          56.0511303,
          36.4283765
        ]
      },
      "properties": {
        "id": "Mjg6MTc5NjQ",
        "city": "شهرستان میامی",
        "name:fa": "پایگاه هلال احمر",
        "province": "استان سمنان",
        "name:en": "Red Crescent Station",
        "city:en": "Meyami County",
        "province:en": "Semnan",
        "publicId": "Mjg6MTc5NjQ",
        "sourceId": "17964",
        "layerId": 28,
        "type": "location",
        "status": "active",
        "urgency": null,
        "verificationTag": null,
        "expirationDate": null,
        "createdAt": "2026-03-11T20:58:32.367Z",
        "updatedAt": "2026-03-11T20:58:32.367Z"
      }
    },
    {
      "type": "Feature",
      "id": 60333,
      "geometry": {
        "type": "Point",
        "coordinates": [
          45.5059357,
          36.1753933
        ]
      },
      "properties": {
        "id": "Mjg6MTkyNjc",
        "city": "شهرستان سردشت",
        "name:fa": "پایگاه هلال احمر",
        "province": "استان آذربایجان غربی",
        "name:en": "Red Crescent Station",
        "city:en": "Sardasht County",
        "province:en": "West Azerbaijan",
        "publicId": "Mjg6MTkyNjc",
        "sourceId": "19267",
        "layerId": 28,
        "type": "location",
        "status": "active",
        "urgency": null,
        "verificationTag": null,
        "expirationDate": null,
        "createdAt": "2026-03-11T20:58:32.368Z",
        "updatedAt": "2026-03-11T20:58:32.368Z"
      }
    },
    {
      "type": "Feature",
      "id": 60334,
      "geometry": {
        "type": "Point",
        "coordinates": [
          59.5894468,
          35.9953883
        ]
      },
      "properties": {
        "id": "Mjg6MTk1NjM",
        "city": "ملک آباد",
        "name:fa": "پایگاه هلال احمر",
        "province": "استان خراسان رضوی",
        "name:en": "Red Crescent Station",
        "city:en": "Malekabad",
        "province:en": "Razavi Khorasan",
        "publicId": "Mjg6MTk1NjM",
        "sourceId": "19563",
        "layerId": 28,
        "type": "location",
        "status": "active",
        "urgency": null,
        "verificationTag": null,
        "expirationDate": null,
        "createdAt": "2026-03-11T20:58:32.368Z",
        "updatedAt": "2026-03-11T20:58:32.368Z"
      }
    },
    {
      "type": "Feature",
      "id": 60335,
      "geometry": {
        "type": "Point",
        "coordinates": [
          50.7821493,
          35.9231925
        ]
      },
      "properties": {
        "id": "Mjg6MTk2NTA",
        "city": "شهرستان ساوجبلاغ",
        "name:fa": "پایگاه هلال احمر",
        "province": "استان البرز",
        "name:en": "Red Crescent Station",
        "city:en": "Savojbolagh County",
        "province:en": "Alborz",
        "publicId": "Mjg6MTk2NTA",
        "sourceId": "19650",
        "layerId": 28,
        "type": "location",
        "status": "active",
        "urgency": null,
        "verificationTag": null,
        "expirationDate": null,
        "createdAt": "2026-03-11T20:58:32.370Z",
        "updatedAt": "2026-03-11T20:58:32.370Z"
      }
    },
    {
      "type": "Feature",
      "id": 60336,
      "geometry": {
        "type": "Point",
        "coordinates": [
          46.3773358,
          35.3173729
        ]
      },
      "properties": {
        "id": "Mjg6MjQ1NzE",
        "city": "سروآباد",
        "name:fa": "پایگاه هلال احمر",
        "province": "استان کردستان",
        "name:en": "Red Crescent Station",
        "city:en": "Sarvabad",
        "province:en": "Kurdistan",
        "publicId": "Mjg6MjQ1NzE",
        "sourceId": "24571",
        "layerId": 28,
        "type": "location",
        "status": "active",
        "urgency": null,
        "verificationTag": null,
        "expirationDate": null,
        "createdAt": "2026-03-11T20:58:32.370Z",
        "updatedAt": "2026-03-11T20:58:32.370Z"
      }
    },
    {
      "type": "Feature",
      "id": 60337,
      "geometry": {
        "type": "Point",
        "coordinates": [
          52.9521784,
          35.2994169
        ]
      },
      "properties": {
        "id": "Mjg6MjQ2NjA",
        "city": "شهرستان سرخه",
        "name:fa": "پایگاه هلال احمر",
        "province": "استان سمنان",
        "name:en": "Red Crescent Station",
        "city:en": "Sorkheh County",
        "province:en": "Semnan",
        "publicId": "Mjg6MjQ2NjA",
        "sourceId": "24660",
        "layerId": 28,
        "type": "location",
        "status": "active",
        "urgency": null,
        "verificationTag": null,
        "expirationDate": null,
        "createdAt": "2026-03-11T20:58:32.371Z",
        "updatedAt": "2026-03-11T20:58:32.371Z"
      }
    },
    {
      "type": "Feature",
      "id": 60338,
      "geometry": {
        "type": "Point",
        "coordinates": [
          50.3771961,
          34.8089034
        ]
      },
      "properties": {
        "id": "Mjg6MjUyMDc",
        "city": "شهرستان ساوه",
        "name:fa": "پایگاه هلال احمر",
        "province": "استان مرکزی",
        "name:en": "Red Crescent Station",
        "city:en": "Saveh County",
        "province:en": "Markazi",
        "publicId": "Mjg6MjUyMDc",
        "sourceId": "25207",
        "layerId": 28,
        "type": "location",
        "status": "active",
        "urgency": null,
        "verificationTag": null,
        "expirationDate": null,
        "createdAt": "2026-03-11T20:58:32.371Z",
        "updatedAt": "2026-03-11T20:58:32.371Z"
      }
    },
    {
      "type": "Feature",
      "id": 60339,
      "geometry": {
        "type": "Point",
        "coordinates": [
          48.5667801,
          34.4614675
        ]
      },
      "properties": {
        "id": "Mjg6MjU3NTQ",
        "city": "شهرستان تویسرکان",
        "name:fa": "پایگاه هلال احمر",
        "province": "استان همدان",
        "name:en": "Red Crescent Station",
        "city:en": "Tuyserkan County",
        "province:en": "Hamadan",
        "publicId": "Mjg6MjU3NTQ",
        "sourceId": "25754",
        "layerId": 28,
        "type": "location",
        "status": "active",
        "urgency": null,
        "verificationTag": null,
        "expirationDate": null,
        "createdAt": "2026-03-11T20:58:32.372Z",
        "updatedAt": "2026-03-11T20:58:32.372Z"
      }
    },
    {
      "type": "Feature",
      "id": 60340,
      "geometry": {
        "type": "Point",
        "coordinates": [
          59.299327,
          32.9903222
        ]
      },
      "properties": {
        "id": "Mjg6MjczNzU",
        "city": "شهرستان بیرجند",
        "name:fa": "پایگاه هلال احمر",
        "province": "استان خراسان جنوبی",
        "name:en": "Red Crescent Station",
        "city:en": "Birjand County",
        "province:en": "South Khorasan",
        "publicId": "Mjg6MjczNzU",
        "sourceId": "27375",
        "layerId": 28,
        "type": "location",
        "status": "active",
        "urgency": null,
        "verificationTag": null,
        "expirationDate": null,
        "createdAt": "2026-03-11T20:58:32.372Z",
        "updatedAt": "2026-03-11T20:58:32.372Z"
      }
    },
    {
      "type": "Feature",
      "id": 60341,
      "geometry": {
        "type": "Point",
        "coordinates": [
          51.4847285,
          32.7135923
        ]
      },
      "properties": {
        "id": "Mjg6Mjc1NzQ",
        "city": "خمینی شهر",
        "name:fa": "پایگاه هلال احمر",
        "province": "استان اصفهان",
        "name:en": "Red Crescent Station",
        "city:en": "Khomeyni Shahr",
        "province:en": "Isfahan",
        "publicId": "Mjg6Mjc1NzQ",
        "sourceId": "27574",
        "layerId": 28,
        "type": "location",
        "status": "active",
        "urgency": null,
        "verificationTag": null,
        "expirationDate": null,
        "createdAt": "2026-03-11T20:58:32.372Z",
        "updatedAt": "2026-03-11T20:58:32.372Z"
      }
    },
    {
      "type": "Feature",
      "id": 60342,
      "geometry": {
        "type": "Point",
        "coordinates": [
          52.4527109,
          32.7142016
        ]
      },
      "properties": {
        "id": "Mjg6Mjc2MTU",
        "city": "شهرستان اصفهان",
        "name:fa": "پایگاه هلال احمر",
        "province": "استان اصفهان",
        "name:en": "Red Crescent Station",
        "city:en": "Isfahan County",
        "province:en": "Isfahan",
        "publicId": "Mjg6Mjc2MTU",
        "sourceId": "27615",
        "layerId": 28,
        "type": "location",
        "status": "active",
        "urgency": null,
        "verificationTag": null,
        "expirationDate": null,
        "createdAt": "2026-03-11T20:58:32.373Z",
        "updatedAt": "2026-03-11T20:58:32.373Z"
      }
    },
    {
      "type": "Feature",
      "id": 60343,
      "geometry": {
        "type": "Point",
        "coordinates": [
          51.5260318,
          32.4366555
        ]
      },
      "properties": {
        "id": "Mjg6Mjg0MjE",
        "city": "ونهر",
        "name:fa": "پایگاه هلال احمر",
        "province": "استان اصفهان",
        "name:en": "Red Crescent Base",
        "city:en": "Vanhar",
        "province:en": "Isfahan",
        "publicId": "Mjg6Mjg0MjE",
        "sourceId": "28421",
        "layerId": 28,
        "type": "location",
        "status": "active",
        "urgency": null,
        "verificationTag": null,
        "expirationDate": null,
        "createdAt": "2026-03-11T20:58:32.373Z",
        "updatedAt": "2026-03-11T20:58:32.373Z"
      }
    },
    {
      "type": "Feature",
      "id": 60344,
      "geometry": {
        "type": "Point",
        "coordinates": [
          59.4150066,
          25.5915999
        ]
      },
      "properties": {
        "id": "Mjg6MzM5NTY",
        "city": "شهرستان کنارک",
        "name:fa": "پایگاه هلال احمر",
        "province": "استان سیستان و بلوچستان",
        "name:en": "Red Crescent Base",
        "city:en": "Konarak County",
        "province:en": "Sistan and Baluchestan",
        "publicId": "Mjg6MzM5NTY",
        "sourceId": "33956",
        "layerId": 28,
        "type": "location",
        "status": "active",
        "urgency": null,
        "verificationTag": null,
        "expirationDate": null,
        "createdAt": "2026-03-11T20:58:32.374Z",
        "updatedAt": "2026-03-11T20:58:32.374Z"
      }
    },
    {
      "type": "Feature",
      "id": 60345,
      "geometry": {
        "type": "Point",
        "coordinates": [
          61.5408725,
          28.0273046
        ]
      },
      "properties": {
        "id": "Mjg6MzQ1NTk",
        "city": "شهرستان خاش",
        "name:fa": "پایگاه هلال احمر",
        "province": "استان سیستان و بلوچستان",
        "name:en": "Red Crescent Base",
        "city:en": "Khash County",
        "province:en": "Sistan and Baluchestan",
        "publicId": "Mjg6MzQ1NTk",
        "sourceId": "34559",
        "layerId": 28,
        "type": "location",
        "status": "active",
        "urgency": null,
        "verificationTag": null,
        "expirationDate": null,
        "createdAt": "2026-03-11T20:58:32.374Z",
        "updatedAt": "2026-03-11T20:58:32.374Z"
      }
    },
    {
      "type": "Feature",
      "id": 60346,
      "geometry": {
        "type": "Point",
        "coordinates": [
          51.4836804,
          34.1299401
        ]
      },
      "properties": {
        "id": "Mjg6Mzc0MjQ",
        "city": "شهرستان آران و بیدگل",
        "name:fa": "پایگاه هلال احمر",
        "province": "استان اصفهان",
        "name:en": "Red Crescent Base",
        "city:en": "Aran and Bidgol County",
        "province:en": "Isfahan",
        "publicId": "Mjg6Mzc0MjQ",
        "sourceId": "37424",
        "layerId": 28,
        "type": "location",
        "status": "active",
        "urgency": null,
        "verificationTag": null,
        "expirationDate": null,
        "createdAt": "2026-03-11T20:58:32.375Z",
        "updatedAt": "2026-03-11T20:58:32.375Z"
      }
    },
    {
      "type": "Feature",
      "id": 60347,
      "geometry": {
        "type": "Point",
        "coordinates": [
          50.3770301,
          34.805132
        ]
      },
      "properties": {
        "id": "Mjg6NDA5Mzc",
        "city": "شهرستان ساوه",
        "name:fa": "پایگاه هلال احمر",
        "province": "استان مرکزی",
        "name:en": "Red Crescent Base",
        "city:en": "Saveh County",
        "province:en": "Markazi",
        "publicId": "Mjg6NDA5Mzc",
        "sourceId": "40937",
        "layerId": 28,
        "type": "location",
        "status": "active",
        "urgency": null,
        "verificationTag": null,
        "expirationDate": null,
        "createdAt": "2026-03-11T20:58:32.375Z",
        "updatedAt": "2026-03-11T20:58:32.375Z"
      }
    },
    {
      "type": "Feature",
      "id": 60348,
      "geometry": {
        "type": "Point",
        "coordinates": [
          53.0239459,
          35.9779086
        ]
      },
      "properties": {
        "id": "Mjg6NDA5Mzg",
        "city": "شهرستان سوادکوه",
        "name:fa": "پایگاه هلال احمر",
        "province": "استان مازندران",
        "name:en": "Red Crescent Base",
        "city:en": "Savadkooh County",
        "province:en": "Mazandaran",
        "publicId": "Mjg6NDA5Mzg",
        "sourceId": "40938",
        "layerId": 28,
        "type": "location",
        "status": "active",
        "urgency": null,
        "verificationTag": null,
        "expirationDate": null,
        "createdAt": "2026-03-11T20:58:32.376Z",
        "updatedAt": "2026-03-11T20:58:32.376Z"
      }
    },
    {
      "type": "Feature",
      "id": 60349,
      "geometry": {
        "type": "Point",
        "coordinates": [
          48.9729403,
          33.8823998
        ]
      },
      "properties": {
        "id": "Mjg6NDA5Mzk",
        "city": "شهرستان بروجرد",
        "name:fa": "پایگاه هلال احمر",
        "province": "استان لرستان",
        "name:en": "Red Crescent Base",
        "city:en": "Borujerd County",
        "province:en": "Lorestan",
        "publicId": "Mjg6NDA5Mzk",
        "sourceId": "40939",
        "layerId": 28,
        "type": "location",
        "status": "active",
        "urgency": null,
        "verificationTag": null,
        "expirationDate": null,
        "createdAt": "2026-03-11T20:58:32.376Z",
        "updatedAt": "2026-03-11T20:58:32.376Z"
      }
    },
    {
      "type": "Feature",
      "id": 60350,
      "geometry": {
        "type": "Point",
        "coordinates": [
          48.5639821,
          34.4673381
        ]
      },
      "properties": {
        "id": "Mjg6NDA5NDA",
        "city": "شهرستان تویسرکان",
        "name:fa": "پایگاه هلال احمر",
        "province": "استان همدان",
        "name:en": "Red Crescent Base",
        "city:en": "Tuyserkan County",
        "province:en": "Hamadan",
        "publicId": "Mjg6NDA5NDA",
        "sourceId": "40940",
        "layerId": 28,
        "type": "location",
        "status": "active",
        "urgency": null,
        "verificationTag": null,
        "expirationDate": null,
        "createdAt": "2026-03-11T20:58:32.376Z",
        "updatedAt": "2026-03-11T20:58:32.376Z"
      }
    },
    {
      "type": "Feature",
      "id": 60351,
      "geometry": {
        "type": "Point",
        "coordinates": [
          51.0054012,
          33.5964101
        ]
      },
      "properties": {
        "id": "Mjg6NDA5NDE",
        "city": "شهرستان شاهین‌شهر و میمه",
        "name:fa": "پایگاه هلال احمر",
        "province": "استان اصفهان",
        "name:en": "Red Crescent Base",
        "city:en": "Shahin Shahr and Meymeh County",
        "province:en": "Isfahan",
        "publicId": "Mjg6NDA5NDE",
        "sourceId": "40941",
        "layerId": 28,
        "type": "location",
        "status": "active",
        "urgency": null,
        "verificationTag": null,
        "expirationDate": null,
        "createdAt": "2026-03-11T20:58:32.377Z",
        "updatedAt": "2026-03-11T20:58:32.377Z"
      }
    },
    {
      "type": "Feature",
      "id": 60352,
      "geometry": {
        "type": "Point",
        "coordinates": [
          49.0534138,
          34.1308199
        ]
      },
      "properties": {
        "id": "Mjg6NDA5NDI",
        "city": "شهرستان ملایر",
        "name:fa": "پایگاه هلال احمر",
        "province": "استان همدان",
        "name:en": "Red Crescent Base",
        "city:en": "Malayer County",
        "province:en": "Hamadan",
        "publicId": "Mjg6NDA5NDI",
        "sourceId": "40942",
        "layerId": 28,
        "type": "location",
        "status": "active",
        "urgency": null,
        "verificationTag": null,
        "expirationDate": null,
        "createdAt": "2026-03-11T20:58:32.377Z",
        "updatedAt": "2026-03-11T20:58:32.377Z"
      }
    },
    {
      "type": "Feature",
      "id": 60353,
      "geometry": {
        "type": "Point",
        "coordinates": [
          49.9543925,
          33.7882439
        ]
      },
      "properties": {
        "id": "Mjg6NDA5NDM",
        "city": "شهرستان خمین",
        "name:fa": "پایگاه هلال احمر",
        "province": "استان مرکزی",
        "name:en": "Red Crescent Base",
        "city:en": "Khomein County",
        "province:en": "Markazi",
        "publicId": "Mjg6NDA5NDM",
        "sourceId": "40943",
        "layerId": 28,
        "type": "location",
        "status": "active",
        "urgency": null,
        "verificationTag": null,
        "expirationDate": null,
        "createdAt": "2026-03-11T20:58:32.378Z",
        "updatedAt": "2026-03-11T20:58:32.378Z"
      }
    },
    {
      "type": "Feature",
      "id": 60354,
      "geometry": {
        "type": "Point",
        "coordinates": [
          52.9521772,
          35.2949704
        ]
      },
      "properties": {
        "id": "Mjg6NDA5NDQ",
        "city": "شهرستان سرخه",
        "name:fa": "پایگاه هلال احمر",
        "province": "استان سمنان",
        "name:en": "Red Crescent Base",
        "city:en": "Sorkheh County",
        "province:en": "Semnan",
        "publicId": "Mjg6NDA5NDQ",
        "sourceId": "40944",
        "layerId": 28,
        "type": "location",
        "status": "active",
        "urgency": null,
        "verificationTag": null,
        "expirationDate": null,
        "createdAt": "2026-03-11T20:58:32.378Z",
        "updatedAt": "2026-03-11T20:58:32.378Z"
      }
    },
    {
      "type": "Feature",
      "id": 60355,
      "geometry": {
        "type": "Point",
        "coordinates": [
          50.5612045,
          35.2561551
        ]
      },
      "properties": {
        "id": "Mjg6NDA5NDU",
        "city": "شهرستان زرندیه",
        "name:fa": "پایگاه هلال احمر",
        "province": "استان مرکزی",
        "name:en": "Red Crescent Base",
        "city:en": "Zarandieh County",
        "province:en": "Markazi",
        "publicId": "Mjg6NDA5NDU",
        "sourceId": "40945",
        "layerId": 28,
        "type": "location",
        "status": "active",
        "urgency": null,
        "verificationTag": null,
        "expirationDate": null,
        "createdAt": "2026-03-11T20:58:32.378Z",
        "updatedAt": "2026-03-11T20:58:32.378Z"
      }
    },
    {
      "type": "Feature",
      "id": 60356,
      "geometry": {
        "type": "Point",
        "coordinates": [
          49.2132394,
          35.5554692
        ]
      },
      "properties": {
        "id": "Mjg6MjQwMDA",
        "city": "شهرستان آوج",
        "name:fa": "پایگاه هلال احمر آوج",
        "province": "استان قزوین",
        "name:en": "Avaj Red Crescent Base",
        "city:en": "Avaj County",
        "province:en": "Qazvin",
        "publicId": "Mjg6MjQwMDA",
        "sourceId": "24000",
        "layerId": 28,
        "type": "location",
        "status": "active",
        "urgency": null,
        "verificationTag": null,
        "expirationDate": null,
        "createdAt": "2026-03-11T20:58:32.379Z",
        "updatedAt": "2026-03-11T20:58:32.379Z"
      }
    },
    {
      "type": "Feature",
      "id": 60357,
      "geometry": {
        "type": "Point",
        "coordinates": [
          51.633638,
          33.9384567
        ]
      },
      "properties": {
        "id": "Mjg6MjY2MTQ",
        "city": "شهرستان آران و بیدگل",
        "name:fa": "پایگاه هلال احمر اران وبیدگل",
        "province": "استان اصفهان",
        "name:en": "Aran va Bidgol Red Crescent Base",
        "city:en": "Aran and Bidgol County",
        "province:en": "Isfahan",
        "publicId": "Mjg6MjY2MTQ",
        "sourceId": "26614",
        "layerId": 28,
        "type": "location",
        "status": "active",
        "urgency": null,
        "verificationTag": null,
        "expirationDate": null,
        "createdAt": "2026-03-11T20:58:32.379Z",
        "updatedAt": "2026-03-11T20:58:32.379Z"
      }
    },
    {
      "type": "Feature",
      "id": 60358,
      "geometry": {
        "type": "Point",
        "coordinates": [
          57.3646188,
          37.3034586
        ]
      },
      "properties": {
        "id": "Mjg6MTU2OTQ",
        "city": "شهرستان بجنورد",
        "name:fa": "پایگاه هلال احمر اسدلی",
        "province": "استان خراسان شمالی",
        "name:en": "Asadli Red Crescent Base",
        "city:en": "Bojnurd County",
        "province:en": "North Khorasan",
        "publicId": "Mjg6MTU2OTQ",
        "sourceId": "15694",
        "layerId": 28,
        "type": "location",
        "status": "active",
        "urgency": null,
        "verificationTag": null,
        "expirationDate": null,
        "createdAt": "2026-03-11T20:58:32.380Z",
        "updatedAt": "2026-03-11T20:58:32.380Z"
      }
    },
    {
      "type": "Feature",
      "id": 60359,
      "geometry": {
        "type": "Point",
        "coordinates": [
          50.6192909,
          31.5481486
        ]
      },
      "properties": {
        "id": "Mjg6Mjk1MTA",
        "city": "شهرستان لردگان",
        "name:fa": "پایگاه هلال احمر امداد جاده ای شهدای منج",
        "province": "استان چهارمحال و بختیاری",
        "name:en": "Shohada-ye Monj Red Crescent Road Rescue Base",
        "city:en": "Lordegan County",
        "province:en": "Chaharmahal and Bakhtiari",
        "publicId": "Mjg6Mjk1MTA",
        "sourceId": "29510",
        "layerId": 28,
        "type": "location",
        "status": "active",
        "urgency": null,
        "verificationTag": null,
        "expirationDate": null,
        "createdAt": "2026-03-11T20:58:32.380Z",
        "updatedAt": "2026-03-11T20:58:32.380Z"
      }
    },
    {
      "type": "Feature",
      "id": 60360,
      "geometry": {
        "type": "Point",
        "coordinates": [
          49.2511269,
          37.3831601
        ]
      },
      "properties": {
        "id": "Mjg6MTU1NTU",
        "city": "طاهرگوراب",
        "name:fa": "پایگاه هلال احمر امداد و نجات استان گیلان",
        "province": "استان گیلان",
        "name:en": "Gilan Province Red Crescent Relief and Rescue Base",
        "city:en": "Taher Gurab",
        "province:en": "Gilan",
        "publicId": "Mjg6MTU1NTU",
        "sourceId": "15555",
        "layerId": 28,
        "type": "location",
        "status": "active",
        "urgency": null,
        "verificationTag": null,
        "expirationDate": null,
        "createdAt": "2026-03-11T20:58:32.380Z",
        "updatedAt": "2026-03-11T20:58:32.380Z"
      }
    },
    {
      "type": "Feature",
      "id": 60361,
      "geometry": {
        "type": "Point",
        "coordinates": [
          49.2983486,
          34.2922095
        ]
      },
      "properties": {
        "id": "Mjg6MjYwOTE",
        "city": "شهرستان خنداب",
        "name:fa": "پایگاه هلال احمر ایجان",
        "province": "استان مرکزی",
        "name:en": "Eyjan Red Crescent Base",
        "city:en": "Khondab County",
        "province:en": "Markazi",
        "publicId": "Mjg6MjYwOTE",
        "sourceId": "26091",
        "layerId": 28,
        "type": "location",
        "status": "active",
        "urgency": null,
        "verificationTag": null,
        "expirationDate": null,
        "createdAt": "2026-03-11T20:58:32.381Z",
        "updatedAt": "2026-03-11T20:58:32.381Z"
      }
    },
    {
      "type": "Feature",
      "id": 60362,
      "geometry": {
        "type": "Point",
        "coordinates": [
          57.4039869,
          37.1310046
        ]
      },
      "properties": {
        "id": "Mjg6MTYyMjE",
        "city": "ایرج",
        "name:fa": "پایگاه هلال احمر ایرج",
        "province": "استان خراسان شمالی",
        "name:en": "Iraj Red Crescent Base",
        "city:en": "Iraj",
        "province:en": "North Khorasan",
        "publicId": "Mjg6MTYyMjE",
        "sourceId": "16221",
        "layerId": 28,
        "type": "location",
        "status": "active",
        "urgency": null,
        "verificationTag": null,
        "expirationDate": null,
        "createdAt": "2026-03-11T20:58:32.381Z",
        "updatedAt": "2026-03-11T20:58:32.381Z"
      }
    },
    {
      "type": "Feature",
      "id": 60363,
      "geometry": {
        "type": "Point",
        "coordinates": [
          52.0854239,
          35.3356783
        ]
      },
      "properties": {
        "id": "Mjg6MjQ1MDU",
        "city": "شهرستان گرمسار",
        "name:fa": "پایگاه هلال احمر ایوانکی",
        "province": "استان سمنان",
        "name:en": "Eyvanekey Red Crescent Base",
        "city:en": "Garmsar County",
        "province:en": "Semnan",
        "publicId": "Mjg6MjQ1MDU",
        "sourceId": "24505",
        "layerId": 28,
        "type": "location",
        "status": "active",
        "urgency": null,
        "verificationTag": null,
        "expirationDate": null,
        "createdAt": "2026-03-11T20:58:32.382Z",
        "updatedAt": "2026-03-11T20:58:32.382Z"
      }
    },
    {
      "type": "Feature",
      "id": 60364,
      "geometry": {
        "type": "Point",
        "coordinates": [
          51.4991105,
          32.985421
        ]
      },
      "properties": {
        "id": "Mjg6MjczNzQ",
        "city": "شهرستان شاهین‌شهر و میمه",
        "name:fa": "پایگاه هلال احمر برون شهری",
        "province": "استان اصفهان",
        "name:en": "Intercity Red Crescent Base",
        "city:en": "Shahin Shahr and Meymeh County",
        "province:en": "Isfahan",
        "publicId": "Mjg6MjczNzQ",
        "sourceId": "27374",
        "layerId": 28,
        "type": "location",
        "status": "active",
        "urgency": null,
        "verificationTag": null,
        "expirationDate": null,
        "createdAt": "2026-03-11T20:58:32.382Z",
        "updatedAt": "2026-03-11T20:58:32.382Z"
      }
    },
    {
      "type": "Feature",
      "id": 60365,
      "geometry": {
        "type": "Point",
        "coordinates": [
          60.1883908,
          27.8453196
        ]
      },
      "properties": {
        "id": "Mjg6MzI3NTY",
        "city": "شهرستان ایرانشهر",
        "name:fa": "پایگاه هلال احمر بزمان",
        "province": "استان سیستان و بلوچستان",
        "name:en": "Bazman Red Crescent Base",
        "city:en": "Iranshahr County",
        "province:en": "Sistan and Baluchestan",
        "publicId": "Mjg6MzI3NTY",
        "sourceId": "32756",
        "layerId": 28,
        "type": "location",
        "status": "active",
        "urgency": null,
        "verificationTag": null,
        "expirationDate": null,
        "createdAt": "2026-03-11T20:58:32.383Z",
        "updatedAt": "2026-03-11T20:58:32.383Z"
      }
    },
    {
      "type": "Feature",
      "id": 60366,
      "geometry": {
        "type": "Point",
        "coordinates": [
          49.2129175,
          34.0187419
        ]
      },
      "properties": {
        "id": "Mjg6MjY0Mzg",
        "city": "شهرستان شازند",
        "name:fa": "پایگاه هلال احمر توره",
        "province": "استان مرکزی",
        "name:en": "Toureh Red Crescent Base",
        "city:en": "Shazand County",
        "province:en": "Markazi",
        "publicId": "Mjg6MjY0Mzg",
        "sourceId": "26438",
        "layerId": 28,
        "type": "location",
        "status": "active",
        "urgency": null,
        "verificationTag": null,
        "expirationDate": null,
        "createdAt": "2026-03-11T20:58:32.383Z",
        "updatedAt": "2026-03-11T20:58:32.383Z"
      }
    },
    {
      "type": "Feature",
      "id": 60367,
      "geometry": {
        "type": "Point",
        "coordinates": [
          52.8251883,
          36.442469
        ]
      },
      "properties": {
        "id": "Mjg6NDA5NDY",
        "city": "شهرستان قائم‌شهر",
        "name:fa": "پایگاه هلال احمر جاده نظامی",
        "province": "استان مازندران",
        "name:en": "Jaddeh Nezami Red Crescent Base",
        "city:en": "Qaem Shahr County",
        "province:en": "Mazandaran",
        "publicId": "Mjg6NDA5NDY",
        "sourceId": "40946",
        "layerId": 28,
        "type": "location",
        "status": "active",
        "urgency": null,
        "verificationTag": null,
        "expirationDate": null,
        "createdAt": "2026-03-11T20:58:32.384Z",
        "updatedAt": "2026-03-11T20:58:32.384Z"
      }
    },
    {
      "type": "Feature",
      "id": 60368,
      "geometry": {
        "type": "Point",
        "coordinates": [
          51.1746132,
          35.3096915
        ]
      },
      "properties": {
        "id": "Mjg6NDA5NDc",
        "city": "شهرستان ری",
        "name:fa": "پایگاه هلال احمر حسن آباد ری",
        "province": "استان تهران",
        "name:en": "Hassan Abad Ray Red Crescent Base",
        "city:en": "Ray County",
        "province:en": "Tehran",
        "publicId": "Mjg6NDA5NDc",
        "sourceId": "40947",
        "layerId": 28,
        "type": "location",
        "status": "active",
        "urgency": null,
        "verificationTag": null,
        "expirationDate": null,
        "createdAt": "2026-03-11T20:58:32.384Z",
        "updatedAt": "2026-03-11T20:58:32.384Z"
      }
    },
    {
      "type": "Feature",
      "id": 60369,
      "geometry": {
        "type": "Point",
        "coordinates": [
          51.773027,
          28.5152395
        ]
      },
      "properties": {
        "id": "Mjg6MzI1MjI",
        "city": "شهرستان دشتی",
        "name:fa": "پایگاه هلال احمر دهوک,دشتی, 112",
        "province": "استان بوشهر",
        "name:en": "Dahuk Dashti 112 Red Crescent Base",
        "city:en": "Dashti County",
        "province:en": "Bushehr",
        "publicId": "Mjg6MzI1MjI",
        "sourceId": "32522",
        "layerId": 28,
        "type": "location",
        "status": "active",
        "urgency": null,
        "verificationTag": null,
        "expirationDate": null,
        "createdAt": "2026-03-11T20:58:32.385Z",
        "updatedAt": "2026-03-11T20:58:32.385Z"
      }
    },
    {
      "type": "Feature",
      "id": 60370,
      "geometry": {
        "type": "Point",
        "coordinates": [
          54.9017635,
          36.92895
        ]
      },
      "properties": {
        "id": "Mjg6MTY1Mzc",
        "city": "شهرستان علی‌آباد",
        "name:fa": "پایگاه هلال احمر زرینگل",
        "province": "استان گلستان",
        "name:en": "Zarringol Red Crescent Base",
        "city:en": "Aliabad County",
        "province:en": "Golestan",
        "publicId": "Mjg6MTY1Mzc",
        "sourceId": "16537",
        "layerId": 28,
        "type": "location",
        "status": "active",
        "urgency": null,
        "verificationTag": null,
        "expirationDate": null,
        "createdAt": "2026-03-11T20:58:32.385Z",
        "updatedAt": "2026-03-11T20:58:32.385Z"
      }
    },
    {
      "type": "Feature",
      "id": 60371,
      "geometry": {
        "type": "Point",
        "coordinates": [
          50.3518975,
          34.3827751
        ]
      },
      "properties": {
        "id": "Mjg6MjU4MTg",
        "city": "شهرستان آشتیان",
        "name:fa": "پایگاه هلال احمر سردار شهید نجفی",
        "province": "استان مرکزی",
        "name:en": "Sardar Shahid Najafi Red Crescent Base",
        "city:en": "Ashtian County",
        "province:en": "Markazi",
        "publicId": "Mjg6MjU4MTg",
        "sourceId": "25818",
        "layerId": 28,
        "type": "location",
        "status": "active",
        "urgency": null,
        "verificationTag": null,
        "expirationDate": null,
        "createdAt": "2026-03-11T20:58:32.385Z",
        "updatedAt": "2026-03-11T20:58:32.385Z"
      }
    },
    {
      "type": "Feature",
      "id": 60372,
      "geometry": {
        "type": "Point",
        "coordinates": [
          51.5173897,
          30.4772991
        ]
      },
      "properties": {
        "id": "Mjg6MzA1NjU",
        "city": "ياسوج",
        "name:fa": "پایگاه هلال احمر سرگچینه",
        "province": "استان کهگیلویه و بویراحمد",
        "name:en": "Sargachineh Red Crescent Base",
        "city:en": "Yasuj",
        "province:en": "Kohgiluyeh and Boyer-Ahmad",
        "publicId": "Mjg6MzA1NjU",
        "sourceId": "30565",
        "layerId": 28,
        "type": "location",
        "status": "active",
        "urgency": null,
        "verificationTag": null,
        "expirationDate": null,
        "createdAt": "2026-03-11T20:58:32.386Z",
        "updatedAt": "2026-03-11T20:58:32.386Z"
      }
    },
    {
      "type": "Feature",
      "id": 60373,
      "geometry": {
        "type": "Point",
        "coordinates": [
          50.4527459,
          34.4730737
        ]
      },
      "properties": {
        "id": "Mjg6MjU3NDM",
        "city": "سلفچگان",
        "name:fa": "پایگاه هلال احمر سلفچگان",
        "province": "استان قم",
        "name:en": "Salafchegan Red Crescent Base",
        "city:en": "Salafchegan",
        "province:en": "Qom",
        "publicId": "Mjg6MjU3NDM",
        "sourceId": "25743",
        "layerId": 28,
        "type": "location",
        "status": "active",
        "urgency": null,
        "verificationTag": null,
        "expirationDate": null,
        "createdAt": "2026-03-11T20:58:32.386Z",
        "updatedAt": "2026-03-11T20:58:32.386Z"
      }
    },
    {
      "type": "Feature",
      "id": 60374,
      "geometry": {
        "type": "Point",
        "coordinates": [
          56.8603997,
          37.096394
        ]
      },
      "properties": {
        "id": "Mjg6MTYyNzU",
        "city": "سنخواست",
        "name:fa": "پایگاه هلال احمر سنخواست",
        "province": "استان خراسان شمالی",
        "name:en": "Sankhvast Red Crescent Base",
        "city:en": "Sankhvast",
        "province:en": "North Khorasan",
        "publicId": "Mjg6MTYyNzU",
        "sourceId": "16275",
        "layerId": 28,
        "type": "location",
        "status": "active",
        "urgency": null,
        "verificationTag": null,
        "expirationDate": null,
        "createdAt": "2026-03-11T20:58:32.387Z",
        "updatedAt": "2026-03-11T20:58:32.387Z"
      }
    },
    {
      "type": "Feature",
      "id": 60375,
      "geometry": {
        "type": "Point",
        "coordinates": [
          52.4762875,
          33.1868859
        ]
      },
      "properties": {
        "id": "Mjg6MjcyOTM",
        "city": "اردستان",
        "name:fa": "پایگاه هلال احمر شهدای طباطبائی نژاد ظفرقند",
        "province": "استان اصفهان",
        "name:en": "Shohada Tabatabaei-Nejad Zafarqand Red Crescent Base",
        "city:en": "Ardestan",
        "province:en": "Isfahan",
        "publicId": "Mjg6MjcyOTM",
        "sourceId": "27293",
        "layerId": 28,
        "type": "location",
        "status": "active",
        "urgency": null,
        "verificationTag": null,
        "expirationDate": null,
        "createdAt": "2026-03-11T20:58:32.387Z",
        "updatedAt": "2026-03-11T20:58:32.387Z"
      }
    },
    {
      "type": "Feature",
      "id": 60376,
      "geometry": {
        "type": "Point",
        "coordinates": [
          60.8108765,
          28.5735373
        ]
      },
      "properties": {
        "id": "Mjg6MzI1MTE",
        "city": "اسکل آباد",
        "name:fa": "پایگاه هلال احمر شهرستان تفتان",
        "province": "استان سیستان و بلوچستان",
        "name:en": "Taftan County Red Crescent Base",
        "city:en": "Eskel Abad",
        "province:en": "Sistan and Baluchestan",
        "publicId": "Mjg6MzI1MTE",
        "sourceId": "32511",
        "layerId": 28,
        "type": "location",
        "status": "active",
        "urgency": null,
        "verificationTag": null,
        "expirationDate": null,
        "createdAt": "2026-03-11T20:58:32.388Z",
        "updatedAt": "2026-03-11T20:58:32.388Z"
      }
    },
    {
      "type": "Feature",
      "id": 60377,
      "geometry": {
        "type": "Point",
        "coordinates": [
          61.1460963,
          28.2572944
        ]
      },
      "properties": {
        "id": "Mjg6MzI2NDI",
        "city": "شهرستان خاش",
        "name:fa": "پایگاه هلال احمر شهرستان خاش",
        "province": "استان سیستان و بلوچستان",
        "name:en": "Khash County Red Crescent Base",
        "city:en": "Khash County",
        "province:en": "Sistan and Baluchestan",
        "publicId": "Mjg6MzI2NDI",
        "sourceId": "32642",
        "layerId": 28,
        "type": "location",
        "status": "active",
        "urgency": null,
        "verificationTag": null,
        "expirationDate": null,
        "createdAt": "2026-03-11T20:58:32.388Z",
        "updatedAt": "2026-03-11T20:58:32.388Z"
      }
    },
    {
      "type": "Feature",
      "id": 60378,
      "geometry": {
        "type": "Point",
        "coordinates": [
          59.7986349,
          32.5928868
        ]
      },
      "properties": {
        "id": "Mjg6MjgyMzk",
        "city": "شهرستان سربیشه",
        "name:fa": "پایگاه هلال احمر شهرستان سربیشه",
        "province": "استان خراسان جنوبی",
        "name:en": "Sarbisheh County Red Crescent Base",
        "city:en": "Sarbisheh County",
        "province:en": "South Khorasan",
        "publicId": "Mjg6MjgyMzk",
        "sourceId": "28239",
        "layerId": 28,
        "type": "location",
        "status": "active",
        "urgency": null,
        "verificationTag": null,
        "expirationDate": null,
        "createdAt": "2026-03-11T20:58:32.389Z",
        "updatedAt": "2026-03-11T20:58:32.389Z"
      }
    },
    {
      "type": "Feature",
      "id": 60379,
      "geometry": {
        "type": "Point",
        "coordinates": [
          48.9400256,
          36.809464
        ]
      },
      "properties": {
        "id": "Mjg6MTY3MTM",
        "city": "شهرستان طارم",
        "name:fa": "پایگاه هلال احمر طارم",
        "province": "استان زنجان",
        "name:en": "Tarom Red Crescent Base",
        "city:en": "Tarom County",
        "province:en": "Zanjan",
        "publicId": "Mjg6MTY3MTM",
        "sourceId": "16713",
        "layerId": 28,
        "type": "location",
        "status": "active",
        "urgency": null,
        "verificationTag": null,
        "expirationDate": null,
        "createdAt": "2026-03-11T20:58:32.389Z",
        "updatedAt": "2026-03-11T20:58:32.389Z"
      }
    },
    {
      "type": "Feature",
      "id": 60380,
      "geometry": {
        "type": "Point",
        "coordinates": [
          61.8034843,
          30.9773044
        ]
      },
      "properties": {
        "id": "Mjg6MzAxNDc",
        "city": "شهرستان هیرمند",
        "name:fa": "پایگاه هلال احمر نارویی",
        "province": "استان سیستان و بلوچستان",
        "name:en": "Narouei Red Crescent Base",
        "city:en": "Hirmand County",
        "province:en": "Sistan and Baluchestan",
        "publicId": "Mjg6MzAxNDc",
        "sourceId": "30147",
        "layerId": 28,
        "type": "location",
        "status": "active",
        "urgency": null,
        "verificationTag": null,
        "expirationDate": null,
        "createdAt": "2026-03-11T20:58:32.389Z",
        "updatedAt": "2026-03-11T20:58:32.389Z"
      }
    },
    {
      "type": "Feature",
      "id": 60381,
      "geometry": {
        "type": "Point",
        "coordinates": [
          49.1072452,
          37.5303305
        ]
      },
      "properties": {
        "id": "Mjg6MTUyMjg",
        "city": "شهرستان رضوانشهر",
        "name:fa": "پایگاه هلال احمر پونل",
        "province": "استان گیلان",
        "name:en": "Punal Red Crescent Base",
        "city:en": "Rezvanshahr County",
        "province:en": "Gilan",
        "publicId": "Mjg6MTUyMjg",
        "sourceId": "15228",
        "layerId": 28,
        "type": "location",
        "status": "active",
        "urgency": null,
        "verificationTag": null,
        "expirationDate": null,
        "createdAt": "2026-03-11T20:58:32.390Z",
        "updatedAt": "2026-03-11T20:58:32.390Z"
      }
    },
    {
      "type": "Feature",
      "id": 60382,
      "geometry": {
        "type": "Point",
        "coordinates": [
          52.6083916,
          27.7045119
        ]
      },
      "properties": {
        "id": "Mjg6MzI4MTc",
        "city": "شهرستان مهر",
        "name:fa": "پایگاه هلال احمر چاه کبکان",
        "province": "استان فارس",
        "name:en": "Chah Kabkan Red Crescent Base",
        "city:en": "Mohr County",
        "province:en": "Fars",
        "publicId": "Mjg6MzI4MTc",
        "sourceId": "32817",
        "layerId": 28,
        "type": "location",
        "status": "active",
        "urgency": null,
        "verificationTag": null,
        "expirationDate": null,
        "createdAt": "2026-03-11T20:58:32.390Z",
        "updatedAt": "2026-03-11T20:58:32.390Z"
      }
    },
    {
      "type": "Feature",
      "id": 60383,
      "geometry": {
        "type": "Point",
        "coordinates": [
          50.6145273,
          30.4108628
        ]
      },
      "properties": {
        "id": "Mjg6MzA2MjQ",
        "city": "شهرستان گچساران",
        "name:fa": "پایگاه هلال احمرشهیدبنگی زاده",
        "province": "استان کهگیلویه و بویراحمد",
        "name:en": "Shahid Bangizadeh Red Crescent Base",
        "city:en": "Gachsaran County",
        "province:en": "Kohgiluyeh and Boyer-Ahmad",
        "publicId": "Mjg6MzA2MjQ",
        "sourceId": "30624",
        "layerId": 28,
        "type": "location",
        "status": "active",
        "urgency": null,
        "verificationTag": null,
        "expirationDate": null,
        "createdAt": "2026-03-11T20:58:32.391Z",
        "updatedAt": "2026-03-11T20:58:32.391Z"
      }
    },
    {
      "type": "Feature",
      "id": 60384,
      "geometry": {
        "type": "Point",
        "coordinates": [
          48.5434462,
          34.8655744
        ]
      },
      "properties": {
        "id": "Mjg6MjUxMDA",
        "city": "همدان",
        "name:fa": "پایگاه هوائی هلال احمر همدان",
        "province": "استان همدان",
        "name:en": "Hamadan Red Crescent Air Base",
        "city:en": "Hamadan",
        "province:en": "Hamadan",
        "publicId": "Mjg6MjUxMDA",
        "sourceId": "25100",
        "layerId": 28,
        "type": "location",
        "status": "active",
        "urgency": null,
        "verificationTag": null,
        "expirationDate": null,
        "createdAt": "2026-03-11T20:58:32.391Z",
        "updatedAt": "2026-03-11T20:58:32.391Z"
      }
    },
    {
      "type": "Feature",
      "id": 60385,
      "geometry": {
        "type": "Point",
        "coordinates": [
          46.3697787,
          33.6261298
        ]
      },
      "properties": {
        "id": "Mjg6MjY5MDM",
        "city": "شهرستان ایلام",
        "name:fa": "پایگاه پشتیبانی درعملیات هلال احمرایلام",
        "province": "استان ایلام",
        "name:en": "Ilam Red Crescent Operational Support Base",
        "city:en": "Ilam County",
        "province:en": "Ilam",
        "publicId": "Mjg6MjY5MDM",
        "sourceId": "26903",
        "layerId": 28,
        "type": "location",
        "status": "active",
        "urgency": null,
        "verificationTag": null,
        "expirationDate": null,
        "createdAt": "2026-03-11T20:58:32.392Z",
        "updatedAt": "2026-03-11T20:58:32.392Z"
      }
    },
    {
      "type": "Feature",
      "id": 60386,
      "geometry": {
        "type": "Point",
        "coordinates": [
          48.747572,
          36.5625704
        ]
      },
      "properties": {
        "id": "Mjg6NDA5NDg",
        "city": "شهرستان سلطانیه",
        "name:fa": "پایگاه پشتیبانی هلال احمر شمالغرب کشور",
        "province": "استان زنجان",
        "name:en": "Northwest Region Red Crescent Support Base",
        "city:en": "Soltaniyeh County",
        "province:en": "Zanjan",
        "publicId": "Mjg6NDA5NDg",
        "sourceId": "40948",
        "layerId": 28,
        "type": "location",
        "status": "active",
        "urgency": null,
        "verificationTag": null,
        "expirationDate": null,
        "createdAt": "2026-03-11T20:58:32.392Z",
        "updatedAt": "2026-03-11T20:58:32.392Z"
      }
    },
    {
      "type": "Feature",
      "id": 60387,
      "geometry": {
        "type": "Point",
        "coordinates": [
          48.5841528,
          32.6135572
        ]
      },
      "properties": {
        "id": "Mjg6MjgxNzg",
        "city": "وحدت",
        "name:fa": "پایگاه کوهستان هلال احمر دزفول",
        "province": "استان خوزستان",
        "name:en": "Dezful Red Crescent Mountain Base",
        "city:en": "Vahdat",
        "province:en": "Khuzestan",
        "publicId": "Mjg6MjgxNzg",
        "sourceId": "28178",
        "layerId": 28,
        "type": "location",
        "status": "active",
        "urgency": null,
        "verificationTag": null,
        "expirationDate": null,
        "createdAt": "2026-03-11T20:58:32.393Z",
        "updatedAt": "2026-03-11T20:58:32.393Z"
      }
    },
    {
      "type": "Feature",
      "id": 60388,
      "geometry": {
        "type": "Point",
        "coordinates": [
          51.072768,
          35.6570293
        ]
      },
      "properties": {
        "id": "Mjg6MjM0NzM",
        "city": "شهرستان شهریار",
        "name:fa": "پست نوروزی هلال احمر",
        "province": "استان تهران",
        "name:en": "Red Crescent Nowruz Post",
        "city:en": "Shahriar County",
        "province:en": "Tehran",
        "publicId": "Mjg6MjM0NzM",
        "sourceId": "23473",
        "layerId": 28,
        "type": "location",
        "status": "active",
        "urgency": null,
        "verificationTag": null,
        "expirationDate": null,
        "createdAt": "2026-03-11T20:58:32.393Z",
        "updatedAt": "2026-03-11T20:58:32.393Z"
      }
    },
    {
      "type": "Feature",
      "id": 60389,
      "geometry": {
        "type": "Point",
        "coordinates": [
          51.4196782,
          35.594464
        ]
      },
      "properties": {
        "id": "Mjg6MjM4NTY",
        "city": "ری",
        "name:fa": "پشتیبانی عملیات معاونت امداد و نجات هلال احمر",
        "province": "استان تهران",
        "name:en": "Red Crescent Relief and Rescue Operations Support",
        "city:en": "Ray",
        "province:en": "Tehran",
        "publicId": "Mjg6MjM4NTY",
        "sourceId": "23856",
        "layerId": 28,
        "type": "location",
        "status": "active",
        "urgency": null,
        "verificationTag": null,
        "expirationDate": null,
        "createdAt": "2026-03-11T20:58:32.394Z",
        "updatedAt": "2026-03-11T20:58:32.394Z"
      }
    },
    {
      "type": "Feature",
      "id": 60390,
      "geometry": {
        "type": "Point",
        "coordinates": [
          51.5454859,
          35.7360069
        ]
      },
      "properties": {
        "id": "Mjg6MjE4MDk",
        "city": "تهران",
        "name:fa": "چشم پزشکی هلال احمر",
        "province": "استان تهران",
        "name:en": "Red Crescent Ophthalmology Center",
        "city:en": "Tehran",
        "province:en": "Tehran",
        "publicId": "Mjg6MjE4MDk",
        "sourceId": "21809",
        "layerId": 28,
        "type": "location",
        "status": "active",
        "urgency": null,
        "verificationTag": null,
        "expirationDate": null,
        "createdAt": "2026-03-11T20:58:32.394Z",
        "updatedAt": "2026-03-11T20:58:32.394Z"
      }
    },
    {
      "type": "Feature",
      "id": 60391,
      "geometry": {
        "type": "Point",
        "coordinates": [
          50.9853213,
          35.8576005
        ]
      },
      "properties": {
        "id": "Mjg6MTk3NDY",
        "city": "کرج",
        "name:fa": "کانون دانشجویی هلال احمر",
        "province": "استان البرز",
        "name:en": "Red Crescent Student Center",
        "city:en": "Karaj",
        "province:en": "Alborz",
        "publicId": "Mjg6MTk3NDY",
        "sourceId": "19746",
        "layerId": 28,
        "type": "location",
        "status": "active",
        "urgency": null,
        "verificationTag": null,
        "expirationDate": null,
        "createdAt": "2026-03-11T20:58:32.394Z",
        "updatedAt": "2026-03-11T20:58:32.394Z"
      }
    },
    {
      "type": "Feature",
      "id": 60392,
      "geometry": {
        "type": "Point",
        "coordinates": [
          60.8181845,
          27.4108402
        ]
      },
      "properties": {
        "id": "Mjg6MzQ1NTg",
        "city": "دامن",
        "name:fa": "کانون روستایی هلال احمر",
        "province": "استان سیستان و بلوچستان",
        "name:en": "Red Crescent Rural Center",
        "city:en": "Daman",
        "province:en": "Sistan and Baluchestan",
        "publicId": "Mjg6MzQ1NTg",
        "sourceId": "34558",
        "layerId": 28,
        "type": "location",
        "status": "active",
        "urgency": null,
        "verificationTag": null,
        "expirationDate": null,
        "createdAt": "2026-03-11T20:58:32.395Z",
        "updatedAt": "2026-03-11T20:58:32.395Z"
      }
    },
    {
      "type": "Feature",
      "id": 60393,
      "geometry": {
        "type": "Point",
        "coordinates": [
          51.592501,
          30.6507606
        ]
      },
      "properties": {
        "id": "Mjg6MzY0Mjc",
        "city": "ياسوج",
        "name:fa": "کانون هلال احمر",
        "province": "استان کهگیلویه و بویراحمد",
        "name:en": "Red Crescent Center",
        "city:en": "Yasuj",
        "province:en": "Kohgiluyeh and Boyer-Ahmad",
        "publicId": "Mjg6MzY0Mjc",
        "sourceId": "36427",
        "layerId": 28,
        "type": "location",
        "status": "active",
        "urgency": null,
        "verificationTag": null,
        "expirationDate": null,
        "createdAt": "2026-03-11T20:58:32.395Z",
        "updatedAt": "2026-03-11T20:58:32.395Z"
      }
    },
    {
      "type": "Feature",
      "id": 60394,
      "geometry": {
        "type": "Point",
        "coordinates": [
          50.8585735,
          32.3342592
        ]
      },
      "properties": {
        "id": "Mjg6Mjg2NDQ",
        "city": "شهركرد",
        "name:fa": "کانون هلال احمر دانشجویی",
        "province": "استان چهارمحال و بختیاری",
        "name:en": "Student Red Crescent Club",
        "city:en": "Shahrekord",
        "province:en": "Chaharmahal and Bakhtiari",
        "publicId": "Mjg6Mjg2NDQ",
        "sourceId": "28644",
        "layerId": 28,
        "type": "location",
        "status": "active",
        "urgency": null,
        "verificationTag": null,
        "expirationDate": null,
        "createdAt": "2026-03-11T20:58:32.396Z",
        "updatedAt": "2026-03-11T20:58:32.396Z"
      }
    },
    {
      "type": "Feature",
      "id": 60395,
      "geometry": {
        "type": "Point",
        "coordinates": [
          47.0423466,
          34.2895802
        ]
      },
      "properties": {
        "id": "Mjg6MjYwNDI",
        "city": "کرمانشاه",
        "name:fa": "کلینیک تخصصی جمعیت هلال احمر",
        "province": "استان کرمانشاه",
        "name:en": "Red Crescent Society Specialized Clinic",
        "city:en": "Kermanshah",
        "province:en": "Kermanshah",
        "publicId": "Mjg6MjYwNDI",
        "sourceId": "26042",
        "layerId": 28,
        "type": "location",
        "status": "active",
        "urgency": null,
        "verificationTag": null,
        "expirationDate": null,
        "createdAt": "2026-03-11T20:58:32.396Z",
        "updatedAt": "2026-03-11T20:58:32.396Z"
      }
    },
    {
      "type": "Feature",
      "id": 60396,
      "geometry": {
        "type": "Point",
        "coordinates": [
          50.8606587,
          32.3255876
        ]
      },
      "properties": {
        "id": "Mjg6MzY5MjM",
        "city": "شهركرد",
        "name:fa": "کلینیک هلال احمر",
        "province": "استان چهارمحال و بختیاری",
        "name:en": "Red Crescent Clinic",
        "city:en": "Shahrekord",
        "province:en": "Chaharmahal and Bakhtiari",
        "publicId": "Mjg6MzY5MjM",
        "sourceId": "36923",
        "layerId": 28,
        "type": "location",
        "status": "active",
        "urgency": null,
        "verificationTag": null,
        "expirationDate": null,
        "createdAt": "2026-03-11T20:58:32.397Z",
        "updatedAt": "2026-03-11T20:58:32.397Z"
      }
    },
    {
      "type": "Feature",
      "id": 60397,
      "geometry": {
        "type": "Point",
        "coordinates": [
          46.0556417,
          37.3456279
        ]
      },
      "properties": {
        "id": "Mjg6MzgyMzQ",
        "city": "بناب",
        "name:fa": "کلینیک هلال احمر شهرستان بناب",
        "province": "استان آذربایجان شرقی",
        "name:en": "Bonab County Red Crescent Clinic",
        "city:en": "Bonab",
        "province:en": "East Azerbaijan",
        "publicId": "Mjg6MzgyMzQ",
        "sourceId": "38234",
        "layerId": 28,
        "type": "location",
        "status": "active",
        "urgency": null,
        "verificationTag": null,
        "expirationDate": null,
        "createdAt": "2026-03-11T20:58:32.397Z",
        "updatedAt": "2026-03-11T20:58:32.397Z"
      }
    },
    {
      "type": "Feature",
      "id": 60398,
      "geometry": {
        "type": "Point",
        "coordinates": [
          56.6244632,
          29.4527476
        ]
      },
      "properties": {
        "id": "Mjg6MzU5MjI",
        "city": "یاس چمن",
        "name:fa": "کمپ هلال احمر",
        "province": "استان کرمان",
        "name:en": "Red Crescent Camp",
        "city:en": "Yas Chaman",
        "province:en": "Kerman",
        "publicId": "Mjg6MzU5MjI",
        "sourceId": "35922",
        "layerId": 28,
        "type": "location",
        "status": "active",
        "urgency": null,
        "verificationTag": null,
        "expirationDate": null,
        "createdAt": "2026-03-11T20:58:32.397Z",
        "updatedAt": "2026-03-11T20:58:32.397Z"
      }
    },
    {
      "type": "Feature",
      "id": 60399,
      "geometry": {
        "type": "Point",
        "coordinates": [
          49.7644052,
          32.4067635
        ]
      },
      "properties": {
        "id": "Mjg6Mjg0NTY",
        "city": "شهرستان اندیکا",
        "name:fa": "کمپ هلال احمر تاراز",
        "province": "استان خوزستان",
        "name:en": "Taraz Red Crescent Camp",
        "city:en": "Andika County",
        "province:en": "Khuzestan",
        "publicId": "Mjg6Mjg0NTY",
        "sourceId": "28456",
        "layerId": 28,
        "type": "location",
        "status": "active",
        "urgency": null,
        "verificationTag": null,
        "expirationDate": null,
        "createdAt": "2026-03-11T20:58:32.398Z",
        "updatedAt": "2026-03-11T20:58:32.398Z"
      }
    },
    {
      "type": "Feature",
      "id": 60400,
      "geometry": {
        "type": "Point",
        "coordinates": [
          50.9880759,
          35.8258666
        ]
      },
      "properties": {
        "id": "Mjg6MTk5MjI",
        "city": "کرج",
        "name:fa": "گفتار درمانی هلال احمر",
        "province": "استان البرز",
        "name:en": "Red Crescent Speech Therapy",
        "city:en": "Karaj",
        "province:en": "Alborz",
        "publicId": "Mjg6MTk5MjI",
        "sourceId": "19922",
        "layerId": 28,
        "type": "location",
        "status": "active",
        "urgency": null,
        "verificationTag": null,
        "expirationDate": null,
        "createdAt": "2026-03-11T20:58:32.398Z",
        "updatedAt": "2026-03-11T20:58:32.398Z"
      }
    },
    {
      "type": "Feature",
      "id": 92921,
      "geometry": {
        "type": "Point",
        "coordinates": [
          44.95306431547047,
          39.14174297753567
        ]
      },
      "properties": {
        "name:fa": "پایگاه امداد و نجات هلال احمر شهید یوزباشی مرگنلر",
        "description": "",
        "date": "",
        "city": "مرگن وسط",
        "province": "استان آذربایجان غربی",
        "name:en": "Shahid Yuzbashi Mergenler Red Crescent Relief and Rescue Base",
        "city:en": "Mergen-e Vasat",
        "province:en": "West Azerbaijan",
        "id": "Mjg6OGNhZTA5NWI2YjUz",
        "publicId": "Mjg6OGNhZTA5NWI2YjUz",
        "sourceId": "8cae095b6b53",
        "layerId": 28,
        "type": "location",
        "status": "active",
        "urgency": null,
        "verificationTag": "verified",
        "expirationDate": null,
        "createdAt": "2026-04-06T12:07:30.818Z",
        "updatedAt": "2026-04-06T12:07:30.818Z"
      }
    },
    {
      "type": "Feature",
      "id": 93441,
      "geometry": {
        "type": "Point",
        "coordinates": [
          50.67272689193487,
          31.99586651089824
        ]
      },
      "properties": {
        "name:fa": "حلال اهمر اردل",
        "description": "",
        "date": "",
        "city": "اردل",
        "province": "استان چهارمحال و بختیاری",
        "name:en": "Ardal Red Crescent",
        "city:en": "Ardal",
        "province:en": "Chaharmahal and Bakhtiari",
        "id": "Mjg6M2Q2MDc2Y2FjZjM1",
        "publicId": "Mjg6M2Q2MDc2Y2FjZjM1",
        "sourceId": "3d6076cacf35",
        "layerId": 28,
        "type": "location",
        "status": "active",
        "urgency": null,
        "verificationTag": "verified",
        "expirationDate": null,
        "createdAt": "2026-07-08T13:27:41.362Z",
        "updatedAt": "2026-07-08T13:27:41.362Z"
      }
    }
  ],
  "metadata": {
    "total": 938,
    "layerId": 28,
    "clustered": false,
    "simplified": false
  }
}