{
  "type": "FeatureCollection",
  "features": [
    {
      "type": "Feature",
      "id": 81947,
      "geometry": {
        "type": "Point",
        "coordinates": [
          49.97496119499,
          34.14807454476
        ]
      },
      "properties": {
        "id": "MTM6NjkxMTA",
        "city": "شهرستان اراک",
        "date": "1772274645",
        "status": "active",
        "name:fa": "خیرآباد",
        "sources": "https://x.com/Vahid/status/2027729455146221681",
        "accurate": "no",
        "province": "استان مرکزی",
        "name:en": "Kheyrabad",
        "city:en": "Arak County",
        "province:en": "Markazi",
        "name:ar": "خير أباد",
        "city:ar": "مقاطعة أراك",
        "province:ar": "المركزية",
        "name:he": "ח'יר-אבאד",
        "city:he": "אראכ",
        "province:he": "מרכזי",
        "name:tr": "Hayrabad",
        "city:tr": "Erak Şehristanı",
        "province:tr": "Merkezi",
        "name:ckb": "خێرئاباد",
        "city:ckb": "شارستانی ئەراک",
        "province:ckb": "مەرکەزی",
        "publicId": "MTM6NjkxMTA",
        "sourceId": "69110",
        "layerId": 13,
        "type": "location",
        "urgency": null,
        "verificationTag": null,
        "expirationDate": null,
        "createdAt": "2026-03-11T21:01:42.054Z",
        "updatedAt": "2026-03-11T21:01:42.054Z"
      }
    },
    {
      "type": "Feature",
      "id": 81948,
      "geometry": {
        "type": "Point",
        "coordinates": [
          46.19654416502,
          38.01509494475
        ]
      },
      "properties": {
        "id": "MTM6NjkwOTc",
        "city": "شهرستان تبریز",
        "date": "1772266845",
        "status": "active",
        "name:fa": "تبریز",
        "accurate": "no",
        "province": "استان آذربایجان شرقی",
        "name:en": "Tabriz",
        "city:en": "Tabriz County",
        "province:en": "East Azerbaijan",
        "name:ar": "تبريز",
        "city:ar": "مقاطعة تبريز",
        "province:ar": "أذربيجان الشرقية",
        "name:he": "תבריז",
        "city:he": "תבריז",
        "province:he": "אזרבייג'ן המזרחית",
        "name:tr": "Tebriz",
        "city:tr": "Tebriz Şehristanı",
        "province:tr": "Doğu Azerbaycan",
        "name:ckb": "تەورێز",
        "city:ckb": "شارستانی تەورێز",
        "province:ckb": "ئازەربایجانی ڕۆژھەڵات",
        "publicId": "MTM6NjkwOTc",
        "sourceId": "69097",
        "layerId": 13,
        "type": "location",
        "urgency": null,
        "verificationTag": null,
        "expirationDate": null,
        "createdAt": "2026-03-11T21:01:42.055Z",
        "updatedAt": "2026-03-11T21:01:42.055Z"
      }
    },
    {
      "type": "Feature",
      "id": 81949,
      "geometry": {
        "type": "Point",
        "coordinates": [
          56.25068655968,
          26.95757368915
        ]
      },
      "properties": {
        "id": "MTM6NjkxMjg",
        "city": "شهرستان قشم",
        "date": "1772296200",
        "status": "active",
        "name:fa": "رادار قشم",
        "accurate": "no",
        "province": "استان هرمزگان",
        "name:en": "Qeshm Radar",
        "city:en": "Qeshm County",
        "province:en": "Hormozgan",
        "name:ar": "رادار قشم",
        "city:ar": "مقاطعة قشم",
        "province:ar": "هرمزكان",
        "name:he": "מכ\"ם קשם",
        "city:he": "קשם",
        "province:he": "הורמוזגאן",
        "name:tr": "Keşm Radarı",
        "city:tr": "Keşm Şehristanı",
        "province:tr": "Hürmüzgan",
        "name:ckb": "ڕاداری قشم",
        "city:ckb": "شارستانی قشم",
        "province:ckb": "ھورمزگان",
        "publicId": "MTM6NjkxMjg",
        "sourceId": "69128",
        "layerId": 13,
        "type": "location",
        "urgency": null,
        "verificationTag": null,
        "expirationDate": null,
        "createdAt": "2026-03-11T21:01:42.056Z",
        "updatedAt": "2026-03-11T21:01:42.056Z"
      }
    },
    {
      "type": "Feature",
      "id": 81950,
      "geometry": {
        "type": "Point",
        "coordinates": [
          52.59309764385,
          29.53806729509
        ]
      },
      "properties": {
        "id": "MTM6NjkxMDc",
        "city": "شیراز",
        "date": "1772274945",
        "status": "active",
        "name:fa": "پایگاه هفتم شکاری",
        "accurate": "no",
        "province": "استان فارس",
        "name:en": "7th Tactical Air Base",
        "city:en": "Shiraz",
        "province:en": "Fars",
        "name:ar": "القاعدة الجوية السابعة",
        "city:ar": "شيراز",
        "province:ar": "فارس",
        "name:he": "בסיס הטיס השביעי",
        "city:he": "שיראז",
        "province:he": "פארס",
        "name:tr": "7. Avcı Hava Üssü",
        "city:tr": "Şiraz",
        "province:tr": "Fars",
        "name:ckb": "بنکەی حەوتەمی شکاری",
        "city:ckb": "شیراز",
        "province:ckb": "فارس",
        "publicId": "MTM6NjkxMDc",
        "sourceId": "69107",
        "layerId": 13,
        "type": "location",
        "urgency": null,
        "verificationTag": null,
        "expirationDate": null,
        "createdAt": "2026-03-11T21:01:42.056Z",
        "updatedAt": "2026-03-11T21:01:42.056Z"
      }
    },
    {
      "type": "Feature",
      "id": 81951,
      "geometry": {
        "type": "Point",
        "coordinates": [
          50.85845938683,
          28.98118920056
        ]
      },
      "properties": {
        "id": "MTM6NjkxMjE",
        "city": "شهرستان بوشهر",
        "date": "1772289045",
        "status": "active",
        "name:fa": "حوالی کشتی‌سازی صدرا",
        "accurate": "no",
        "province": "استان بوشهر",
        "name:en": "Vicinity of Sadra Shipyard",
        "city:en": "Bushehr County",
        "province:en": "Bushehr",
        "name:ar": "بالقرب من حوض صدرا لبناء السفن",
        "city:ar": "مقاطعة بوشهر",
        "province:ar": "بوشهر",
        "name:he": "בסביבת מספנות סדרא",
        "city:he": "בושהר",
        "province:he": "בושהר",
        "name:tr": "Sadra Tersanesi Civarı",
        "city:tr": "Buşehr Şehristanı",
        "province:tr": "Buşehr",
        "name:ckb": "دەوروبەری کەشتیسازیی سەدرا",
        "city:ckb": "شارستانی بووشەهر",
        "province:ckb": "بووشەھر",
        "publicId": "MTM6NjkxMjE",
        "sourceId": "69121",
        "layerId": 13,
        "type": "location",
        "urgency": null,
        "verificationTag": null,
        "expirationDate": null,
        "createdAt": "2026-03-11T21:01:42.057Z",
        "updatedAt": "2026-03-11T21:01:42.057Z"
      }
    },
    {
      "type": "Feature",
      "id": 81952,
      "geometry": {
        "type": "Point",
        "coordinates": [
          51.3749026823,
          35.51507673387
        ]
      },
      "properties": {
        "id": "MTM6NjkxMTk",
        "city": "کهریزک",
        "date": "1772267445",
        "status": "active",
        "name:fa": "پدافند کهریزک",
        "sources": "https://x.com/Vahid/status/2027667288292311473",
        "accurate": "no",
        "province": "استان تهران",
        "geolocates": "https://x.com/ayatsubzero/status/2027645116131758213",
        "name:en": "Kahrizak Air Defense",
        "city:en": "Kahrizak",
        "province:en": "Tehran",
        "name:ar": "الدفاع الجوي في كهريزك",
        "city:ar": "كهريزك",
        "province:ar": "طهران",
        "name:he": "ההגנה האווירית כהריזכ",
        "city:he": "כהריזכ",
        "province:he": "טהראן",
        "name:tr": "Kahrizak Hava Savunması",
        "city:tr": "Kahrizak",
        "province:tr": "Tahran",
        "name:ckb": "بەرگریی ئاسمانیی کەهریزەک",
        "city:ckb": "کەهریزەک",
        "province:ckb": "تاران",
        "publicId": "MTM6NjkxMTk",
        "sourceId": "69119",
        "layerId": 13,
        "type": "location",
        "urgency": null,
        "verificationTag": null,
        "expirationDate": null,
        "createdAt": "2026-03-11T21:01:42.057Z",
        "updatedAt": "2026-03-11T21:01:42.057Z"
      }
    },
    {
      "type": "Feature",
      "id": 81953,
      "geometry": {
        "type": "Point",
        "coordinates": [
          52.31294627667,
          27.79874842764
        ]
      },
      "properties": {
        "id": "MTM6NjkwOTM",
        "city": "شهرستان جم",
        "date": "1772265045",
        "status": "active",
        "name:fa": "پادگان موشکی جم",
        "sources": "https://x.com/mamlekate/status/2027729132709179522",
        "accurate": "yes",
        "province": "استان بوشهر",
        "geolocates": "https://x.com/MiddleEastBuka/status/2027815524814536926",
        "name:en": "Jam Missile Garrison",
        "city:en": "Jam County",
        "province:en": "Bushehr",
        "name:ar": "ثكنة جم الصاروخية",
        "city:ar": "مقاطعة جم",
        "province:ar": "بوشهر",
        "name:he": "בסיס הטילים ג'ם",
        "city:he": "נפת ג'ם",
        "province:he": "בושהר",
        "name:tr": "Cem Füze Kışlası",
        "city:tr": "Cem Şehristanı",
        "province:tr": "Buşehr",
        "name:ckb": "سەربازگەی مووشەکیی جەم",
        "city:ckb": "شارستانی جەم",
        "province:ckb": "بووشەھر",
        "publicId": "MTM6NjkwOTM",
        "sourceId": "69093",
        "layerId": 13,
        "type": "location",
        "urgency": null,
        "verificationTag": null,
        "expirationDate": null,
        "createdAt": "2026-03-11T21:01:42.058Z",
        "updatedAt": "2026-03-11T21:01:42.058Z"
      }
    },
    {
      "type": "Feature",
      "id": 81954,
      "geometry": {
        "type": "Point",
        "coordinates": [
          50.0293778944,
          36.29361346652
        ]
      },
      "properties": {
        "id": "MTM6NjkxMjU",
        "city": "شهرستان قزوین",
        "date": "1772274645",
        "status": "active",
        "name:fa": "لشکر ۱۶ قزوین",
        "accurate": "no",
        "province": "استان قزوین",
        "name:en": "16th Armored Division of Qazvin",
        "city:en": "Qazvin County",
        "province:en": "Qazvin",
        "name:ar": "الفرقة 16 قزوين",
        "city:ar": "مقاطعة قزوين",
        "province:ar": "قزوين",
        "name:he": "דיוויזיה 16 קזווין",
        "city:he": "קזווין",
        "province:he": "קזווין",
        "name:tr": "Kazvin 16. Tümeni",
        "city:tr": "Kazvin Şehristanı",
        "province:tr": "Kazvin",
        "name:ckb": "لەشکری 16ی قەزوین",
        "city:ckb": "شارستانی قەزوین",
        "province:ckb": "قەزوین",
        "publicId": "MTM6NjkxMjU",
        "sourceId": "69125",
        "layerId": 13,
        "type": "location",
        "urgency": null,
        "verificationTag": null,
        "expirationDate": null,
        "createdAt": "2026-03-11T21:01:42.058Z",
        "updatedAt": "2026-03-11T21:01:42.058Z"
      }
    },
    {
      "type": "Feature",
      "id": 81955,
      "geometry": {
        "type": "Point",
        "coordinates": [
          51.41842960238,
          35.68072512242
        ]
      },
      "properties": {
        "id": "MTM6NjkwOTA",
        "city": "تهران",
        "date": "1772259165",
        "status": "active",
        "name:fa": "دیوان عالی کشور",
        "accurate": "no",
        "province": "استان تهران",
        "name:en": "Supreme Court of Iran",
        "city:en": "Tehran",
        "province:en": "Tehran",
        "name:ar": "المحكمة العليا",
        "city:ar": "طهران",
        "province:ar": "طهران",
        "name:he": "בית המשפט העליון",
        "city:he": "טהראן",
        "province:he": "טהראן",
        "name:tr": "Yargıtay",
        "city:tr": "Tahran",
        "province:tr": "Tahran",
        "name:ckb": "دیوانی باڵای وڵات",
        "city:ckb": "تاران",
        "province:ckb": "تاران",
        "publicId": "MTM6NjkwOTA",
        "sourceId": "69090",
        "layerId": 13,
        "type": "location",
        "urgency": null,
        "verificationTag": null,
        "expirationDate": null,
        "createdAt": "2026-03-11T21:01:42.058Z",
        "updatedAt": "2026-03-11T21:01:42.058Z"
      }
    },
    {
      "type": "Feature",
      "id": 81956,
      "geometry": {
        "type": "Point",
        "coordinates": [
          45.75973031759,
          38.51279767517
        ]
      },
      "properties": {
        "id": "MTM6NjkxMTU",
        "city": "شهرک صنعتی مرند",
        "date": "1772280045",
        "status": "active",
        "name:fa": "شهرک صنعتی مرند",
        "sources": "https://x.com/hey_itsmyturn/status/2027728115942781308",
        "accurate": "no",
        "province": "استان آذربایجان شرقی",
        "name:en": "Marand Industrial Estate",
        "city:en": "Marand Industrial Estate",
        "province:en": "East Azerbaijan",
        "name:ar": "المدينة الصناعية مرند",
        "city:ar": "المدينة الصناعية مرند",
        "province:ar": "أذربيجان الشرقية",
        "name:he": "אזור התעשייה מרנד",
        "city:he": "אזור התעשייה מרנד",
        "province:he": "אזרבייג'ן המזרחית",
        "name:tr": "Merend Sanayi Bölgesi",
        "city:tr": "Merend Sanayi Bölgesi",
        "province:tr": "Doğu Azerbaycan",
        "name:ckb": "شارۆچکەی پیشەسازیی مەڕەند",
        "city:ckb": "شارۆچکەی پیشەسازیی مەڕەند",
        "province:ckb": "ئازەربایجانی ڕۆژھەڵات",
        "publicId": "MTM6NjkxMTU",
        "sourceId": "69115",
        "layerId": 13,
        "type": "location",
        "urgency": null,
        "verificationTag": null,
        "expirationDate": null,
        "createdAt": "2026-03-11T21:01:42.059Z",
        "updatedAt": "2026-03-11T21:01:42.059Z"
      }
    },
    {
      "type": "Feature",
      "id": 81957,
      "geometry": {
        "type": "Point",
        "coordinates": [
          57.09659095287,
          30.35443486332
        ]
      },
      "properties": {
        "id": "MTM6NjkwOTg",
        "city": "شهرستان کرمان",
        "date": "1772266845",
        "status": "active",
        "name:fa": "کرمان",
        "accurate": "no",
        "province": "استان کرمان",
        "name:en": "Kerman",
        "city:en": "Kerman County",
        "province:en": "Kerman",
        "name:ar": "كرمان",
        "city:ar": "مقاطعة كرمان",
        "province:ar": "كرمان",
        "name:he": "כרמאן",
        "city:he": "כרמאן",
        "province:he": "כרמאן",
        "name:tr": "Kirman",
        "city:tr": "Kirman Şehristanı",
        "province:tr": "Kirman",
        "name:ckb": "کەرمان",
        "city:ckb": "شارستانی کەرمان",
        "province:ckb": "کرمان",
        "publicId": "MTM6NjkwOTg",
        "sourceId": "69098",
        "layerId": 13,
        "type": "location",
        "urgency": null,
        "verificationTag": null,
        "expirationDate": null,
        "createdAt": "2026-03-11T21:01:42.059Z",
        "updatedAt": "2026-03-11T21:01:42.059Z"
      }
    },
    {
      "type": "Feature",
      "id": 81958,
      "geometry": {
        "type": "Point",
        "coordinates": [
          50.82537169933,
          28.9410120311
        ]
      },
      "properties": {
        "id": "MTM6NjkxMTQ",
        "city": "بوشهر",
        "date": "1772276445",
        "status": "active",
        "name:fa": "پایگاه ششم شکاری",
        "accurate": "no",
        "province": "استان بوشهر",
        "name:en": "6th Tactical Air Base",
        "city:en": "Bushehr",
        "province:en": "Bushehr",
        "name:ar": "القاعدة الجوية السادسة",
        "city:ar": "بوشهر",
        "province:ar": "بوشهر",
        "name:he": "בסיס הטיס השישי",
        "city:he": "בושהר",
        "province:he": "בושהר",
        "name:tr": "6. Avcı Hava Üssü",
        "city:tr": "Buşehr",
        "province:tr": "Buşehr",
        "name:ckb": "بنکەی شەشەمی شکاری",
        "city:ckb": "بووشەهر",
        "province:ckb": "بووشەھر",
        "publicId": "MTM6NjkxMTQ",
        "sourceId": "69114",
        "layerId": 13,
        "type": "location",
        "urgency": null,
        "verificationTag": null,
        "expirationDate": null,
        "createdAt": "2026-03-11T21:01:42.060Z",
        "updatedAt": "2026-03-11T21:01:42.060Z"
      }
    },
    {
      "type": "Feature",
      "id": 81959,
      "geometry": {
        "type": "Point",
        "coordinates": [
          52.71291724205,
          29.39107476901
        ]
      },
      "properties": {
        "id": "MTM6NjkxMDk",
        "city": "شهرستان شیراز",
        "date": "1772274645",
        "status": "active",
        "name:fa": "حوالی بید زرد",
        "accurate": "no",
        "province": "استان فارس",
        "name:en": "Vicinity of Bid Zard",
        "city:en": "Shiraz County",
        "province:en": "Fars",
        "name:ar": "محيط بيد زرد",
        "city:ar": "مقاطعة شيراز",
        "province:ar": "فارس",
        "name:he": "בסביבת ביד זרד",
        "city:he": "שיראז",
        "province:he": "פארס",
        "name:tr": "Bid Zerd Civarı",
        "city:tr": "Şiraz Şehristanı",
        "province:tr": "Fars",
        "name:ckb": "دەوروبەری بید زەرد",
        "city:ckb": "شارستانی شیراز",
        "province:ckb": "فارس",
        "publicId": "MTM6NjkxMDk",
        "sourceId": "69109",
        "layerId": 13,
        "type": "location",
        "urgency": null,
        "verificationTag": null,
        "expirationDate": null,
        "createdAt": "2026-03-11T21:01:42.060Z",
        "updatedAt": "2026-03-11T21:01:42.060Z"
      }
    },
    {
      "type": "Feature",
      "id": 81960,
      "geometry": {
        "type": "Point",
        "coordinates": [
          51.48450842857,
          35.64732301837
        ]
      },
      "properties": {
        "id": "MTM6NjkwOTY",
        "city": "تهران",
        "date": "1772266845",
        "status": "active",
        "name:fa": "افسریه",
        "accurate": "no",
        "province": "استان تهران",
        "name:en": "Afsariyeh",
        "city:en": "Tehran",
        "province:en": "Tehran",
        "name:ar": "أفسرية",
        "city:ar": "طهران",
        "province:ar": "طهران",
        "name:he": "אפסריה",
        "city:he": "טהראן",
        "province:he": "טהראן",
        "name:tr": "Efseriye",
        "city:tr": "Tahran",
        "province:tr": "Tahran",
        "name:ckb": "ئەفسەرییە",
        "city:ckb": "تاران",
        "province:ckb": "تاران",
        "publicId": "MTM6NjkwOTY",
        "sourceId": "69096",
        "layerId": 13,
        "type": "location",
        "urgency": null,
        "verificationTag": null,
        "expirationDate": null,
        "createdAt": "2026-03-11T21:01:42.060Z",
        "updatedAt": "2026-03-11T21:01:42.060Z"
      }
    },
    {
      "type": "Feature",
      "id": 81961,
      "geometry": {
        "type": "Point",
        "coordinates": [
          49.14334769726,
          30.54588924089
        ]
      },
      "properties": {
        "id": "MTM6NjkxMDM",
        "city": "بندر ماهشهر",
        "date": "1772271045",
        "status": "active",
        "name:fa": "ماهشهر",
        "accurate": "no",
        "province": "استان خوزستان",
        "name:en": "Mahshahr",
        "city:en": "Bandar-e Mahshahr",
        "province:en": "Khuzestan",
        "name:ar": "ماهشهر",
        "city:ar": "ميناء ماهشهر",
        "province:ar": "خوزستان",
        "name:he": "מאהשהר",
        "city:he": "בנדר מאהשהר",
        "province:he": "ח'וזסתאן",
        "name:tr": "Mahşehr",
        "city:tr": "Bender Mahşehr",
        "province:tr": "Huzistan",
        "name:ckb": "ماهشەهر",
        "city:ckb": "بەندەری ماهشەهر",
        "province:ckb": "خووزستان",
        "publicId": "MTM6NjkxMDM",
        "sourceId": "69103",
        "layerId": 13,
        "type": "location",
        "urgency": null,
        "verificationTag": null,
        "expirationDate": null,
        "createdAt": "2026-03-11T21:01:42.061Z",
        "updatedAt": "2026-03-11T21:01:42.061Z"
      }
    },
    {
      "type": "Feature",
      "id": 81962,
      "geometry": {
        "type": "Point",
        "coordinates": [
          55.93963621974,
          28.32446122288
        ]
      },
      "properties": {
        "id": "MTM6NjkxMDg",
        "city": "شهرستان حاجی‌آباد",
        "date": "1772274645",
        "status": "active",
        "name:fa": "پایگاه موشکی حاجی‌آباد",
        "sources": "https://x.com/Vahid/status/2027701647548252542",
        "accurate": "no",
        "province": "استان هرمزگان",
        "name:en": "Hajiabad Missile Base",
        "city:en": "Hajiabad County",
        "province:en": "Hormozgan",
        "name:ar": "قاعدة حاجي أباد الصاروخية",
        "city:ar": "مقاطعة حاجي أباد",
        "province:ar": "هرمزكان",
        "name:he": "בסיס הטילים חאג'י-אבאד",
        "province:he": "הורמוזגאן",
        "name:tr": "Hacıabad Füze Üssü",
        "city:tr": "Hacıabad Şehristanı",
        "province:tr": "Hürmüzgan",
        "name:ckb": "بنکەی مووشەکیی حاجیئاباد",
        "city:ckb": "شارستانی حاجیئاباد",
        "province:ckb": "ھورمزگان",
        "publicId": "MTM6NjkxMDg",
        "sourceId": "69108",
        "layerId": 13,
        "type": "location",
        "urgency": null,
        "verificationTag": null,
        "expirationDate": null,
        "createdAt": "2026-03-11T21:01:42.061Z",
        "updatedAt": "2026-03-11T21:01:42.061Z"
      }
    },
    {
      "type": "Feature",
      "id": 81963,
      "geometry": {
        "type": "Point",
        "coordinates": [
          53.9898741138,
          26.53365440547
        ]
      },
      "properties": {
        "id": "MTM6NjkxMTI",
        "city": "كيش",
        "date": "1772279025",
        "status": "active",
        "name:fa": "رادار کیش",
        "sources": "https://x.com/Vahid/status/2027714740949074080",
        "accurate": "no",
        "province": "استان هرمزگان",
        "geolocates": "https://x.com/A_z_im/status/2027717590416552288",
        "name:en": "Kish Radar",
        "city:en": "Kish",
        "province:en": "Hormozgan",
        "name:ar": "رادار كيش",
        "city:ar": "كيش",
        "province:ar": "هرمزكان",
        "name:he": "מכ\"ם קיש",
        "city:he": "קיש",
        "province:he": "הורמוזגאן",
        "name:tr": "Kiş Radarı",
        "city:tr": "Kiş",
        "province:tr": "Hürmüzgan",
        "name:ckb": "ڕاداری کیش",
        "city:ckb": "کیش",
        "province:ckb": "ھورمزگان",
        "publicId": "MTM6NjkxMTI",
        "sourceId": "69112",
        "layerId": 13,
        "type": "location",
        "urgency": null,
        "verificationTag": null,
        "expirationDate": null,
        "createdAt": "2026-03-11T21:01:42.062Z",
        "updatedAt": "2026-03-11T21:01:42.062Z"
      }
    },
    {
      "type": "Feature",
      "id": 81964,
      "geometry": {
        "type": "Point",
        "coordinates": [
          60.42941740036,
          25.29948853293
        ]
      },
      "properties": {
        "status": "active",
        "accurate": "yes",
        "date": "1772265045",
        "id": "MTM6NjkwOTU",
        "name:fa": "ناو کلاس الوند",
        "sources": "https://x.com/byjepstein/status/2027808902901883306",
        "name:en": "Alvand-class frigate",
        "name:ar": "سفينة حربية من فئة ألوند",
        "name:he": "פריגטה מסדרת אלונד",
        "name:tr": "Elvend Sınıfı Fırkateyn",
        "name:ckb": "کەشتیی جەنگیی پۆلی ئەلوەند",
        "publicId": "MTM6NjkwOTU",
        "sourceId": "69095",
        "layerId": 13,
        "type": "location",
        "urgency": null,
        "verificationTag": null,
        "expirationDate": null,
        "createdAt": "2026-03-11T21:01:42.062Z",
        "updatedAt": "2026-03-11T21:01:42.062Z"
      }
    },
    {
      "type": "Feature",
      "id": 81965,
      "geometry": {
        "type": "Point",
        "coordinates": [
          48.68350948334,
          31.318741385
        ]
      },
      "properties": {
        "id": "MTM6NjkxMDE",
        "city": "اهواز",
        "date": "1772269245",
        "status": "active",
        "name:fa": "اهواز",
        "accurate": "no",
        "province": "استان خوزستان",
        "name:en": "Ahvaz",
        "city:en": "Ahvaz",
        "province:en": "Khuzestan",
        "name:ar": "الأهواز",
        "city:ar": "الأهواز",
        "province:ar": "خوزستان",
        "name:he": "אהוואז",
        "city:he": "אהוואז",
        "province:he": "ח'וזסתאן",
        "name:tr": "Ahvaz",
        "city:tr": "Ahvaz",
        "province:tr": "Huzistan",
        "name:ckb": "ئەهواز",
        "city:ckb": "ئەهواز",
        "province:ckb": "خووزستان",
        "publicId": "MTM6NjkxMDE",
        "sourceId": "69101",
        "layerId": 13,
        "type": "location",
        "urgency": null,
        "verificationTag": null,
        "expirationDate": null,
        "createdAt": "2026-03-11T21:01:42.062Z",
        "updatedAt": "2026-03-11T21:01:42.062Z"
      }
    },
    {
      "type": "Feature",
      "id": 81966,
      "geometry": {
        "type": "Point",
        "coordinates": [
          51.48743748397,
          35.72628187751
        ]
      },
      "properties": {
        "id": "MTM6NjkxMTM",
        "city": "تهران",
        "date": "1772276445",
        "status": "active",
        "name:fa": "میدان ۷۲ نارمک",
        "sources": "https://x.com/bbcpersian/status/2027704159672148348",
        "accurate": "yes",
        "province": "استان تهران",
        "geolocates": "https://x.com/factnameh/status/2027714153293533437",
        "name:en": "Square 72 of Narmak",
        "city:en": "Tehran",
        "province:en": "Tehran",
        "name:ar": "ساحة 72 نارمك",
        "city:ar": "طهران",
        "province:ar": "طهران",
        "name:he": "כיכר 72 נארמכ",
        "city:he": "טהראן",
        "province:he": "טהראן",
        "name:tr": "Narmak 72 Meydanı",
        "city:tr": "Tahran",
        "province:tr": "Tahran",
        "name:ckb": "مەیدانی 72ی نارمەک",
        "city:ckb": "تاران",
        "province:ckb": "تاران",
        "publicId": "MTM6NjkxMTM",
        "sourceId": "69113",
        "layerId": 13,
        "type": "location",
        "urgency": null,
        "verificationTag": null,
        "expirationDate": null,
        "createdAt": "2026-03-11T21:01:42.063Z",
        "updatedAt": "2026-03-11T21:01:42.063Z"
      }
    },
    {
      "type": "Feature",
      "id": 81967,
      "geometry": {
        "type": "Point",
        "coordinates": [
          51.07895846844,
          35.70609865878
        ]
      },
      "properties": {
        "id": "MTM6NjkxMDI",
        "city": "شهرستان قدس",
        "date": "1772269245",
        "status": "active",
        "name:fa": "گرمدره",
        "accurate": "no",
        "province": "استان تهران",
        "name:en": "Garmdarreh",
        "city:en": "Qods County",
        "province:en": "Tehran",
        "name:ar": "كرمدره",
        "city:ar": "مقاطعة قدس",
        "province:ar": "طهران",
        "name:he": "גרמדרה",
        "city:he": "קודס",
        "province:he": "טהראן",
        "name:tr": "Germdere",
        "city:tr": "Kuds Şehristanı",
        "province:tr": "Tahran",
        "name:ckb": "گەرمدەرە",
        "city:ckb": "شارستانی قودس",
        "province:ckb": "تاران",
        "publicId": "MTM6NjkxMDI",
        "sourceId": "69102",
        "layerId": 13,
        "type": "location",
        "urgency": null,
        "verificationTag": null,
        "expirationDate": null,
        "createdAt": "2026-03-11T21:01:42.063Z",
        "updatedAt": "2026-03-11T21:01:42.063Z"
      }
    },
    {
      "type": "Feature",
      "id": 81968,
      "geometry": {
        "type": "Point",
        "coordinates": [
          49.70300657272,
          30.76248916576
        ]
      },
      "properties": {
        "id": "MTM6NjkxMjQ",
        "city": "اميديه",
        "date": "1772281845",
        "status": "active",
        "name:fa": "امیدیه",
        "accurate": "no",
        "province": "استان خوزستان",
        "name:en": "Omidiyeh",
        "city:en": "Omidiyeh",
        "province:en": "Khuzestan",
        "name:ar": "العميدية",
        "city:ar": "العميدية",
        "province:ar": "خوزستان",
        "name:he": "אומידיה",
        "city:he": "אומידיה",
        "province:he": "ח'וזסתאן",
        "name:tr": "Umidiye",
        "city:tr": "Umidiye",
        "province:tr": "Huzistan",
        "name:ckb": "ئومێدییە",
        "city:ckb": "ئومێدییە",
        "province:ckb": "خووزستان",
        "publicId": "MTM6NjkxMjQ",
        "sourceId": "69124",
        "layerId": 13,
        "type": "location",
        "urgency": null,
        "verificationTag": null,
        "expirationDate": null,
        "createdAt": "2026-03-11T21:01:42.064Z",
        "updatedAt": "2026-03-11T21:01:42.064Z"
      }
    },
    {
      "type": "Feature",
      "id": 81969,
      "geometry": {
        "type": "Point",
        "coordinates": [
          46.3047122097,
          33.65185139776
        ]
      },
      "properties": {
        "id": "MTM6NjkwOTQ",
        "city": "شهرستان ایلام",
        "date": "1772265045",
        "status": "active",
        "name:fa": "منطقه ششدار",
        "accurate": "no",
        "province": "استان ایلام",
        "name:en": "Sheshdar Region",
        "city:en": "Ilam County",
        "province:en": "Ilam",
        "name:ar": "منطقة ششدار",
        "city:ar": "مقاطعة إيلام",
        "province:ar": "إيلام",
        "name:he": "אזור ששדאר",
        "city:he": "אילאם",
        "province:he": "אילאם",
        "name:tr": "Şeşdar Bölgesi",
        "city:tr": "İlam Şehristanı",
        "province:tr": "İlam",
        "name:ckb": "ناوچەی شەشدار",
        "city:ckb": "شارستانی ئیلام",
        "province:ckb": "ئیلام",
        "publicId": "MTM6NjkwOTQ",
        "sourceId": "69094",
        "layerId": 13,
        "type": "location",
        "urgency": null,
        "verificationTag": null,
        "expirationDate": null,
        "createdAt": "2026-03-11T21:01:42.064Z",
        "updatedAt": "2026-03-11T21:01:42.064Z"
      }
    },
    {
      "type": "Feature",
      "id": 81970,
      "geometry": {
        "type": "Point",
        "coordinates": [
          52.142980088,
          35.6863546954
        ]
      },
      "properties": {
        "id": "MTM6NjkxMjk",
        "city": "شهرستان دماوند",
        "date": "1772278245",
        "status": "active",
        "name:fa": "پایگاه موشکی",
        "sources": "https://x.com/BenTzionMacales/status/2027821784964239721",
        "accurate": "no",
        "province": "استان تهران",
        "name:en": "Missile Base",
        "city:en": "Damavand County",
        "province:en": "Tehran",
        "name:ar": "قاعدة صاروخية",
        "city:ar": "مقاطعة دماوند",
        "province:ar": "طهران",
        "name:he": "בסיס טילים",
        "city:he": "דמאוונד",
        "province:he": "טהראן",
        "name:tr": "Füze Üssü",
        "city:tr": "Demavend Şehristanı",
        "province:tr": "Tahran",
        "name:ckb": "بنکەی مووشەکی",
        "city:ckb": "شارستانی دەماوەند",
        "province:ckb": "تاران",
        "publicId": "MTM6NjkxMjk",
        "sourceId": "69129",
        "layerId": 13,
        "type": "location",
        "urgency": null,
        "verificationTag": null,
        "expirationDate": null,
        "createdAt": "2026-03-11T21:01:42.065Z",
        "updatedAt": "2026-03-11T21:01:42.065Z"
      }
    },
    {
      "type": "Feature",
      "id": 81971,
      "geometry": {
        "type": "Point",
        "coordinates": [
          51.56218520164,
          32.92736456248
        ]
      },
      "properties": {
        "id": "MTM6NjkxMDA",
        "city": "شهرستان شاهین‌شهر و میمه",
        "date": "1772268345",
        "status": "active",
        "name:fa": "هسا",
        "accurate": "no",
        "province": "استان اصفهان",
        "name:en": "HESA",
        "city:en": "Shahin Shahr and Meymeh County",
        "province:en": "Isfahan",
        "name:ar": "شركة هسا لصناعة الطائرات",
        "city:ar": "مقاطعة شاهين شهر وميمه",
        "province:ar": "أصفهان",
        "name:he": "הסא",
        "city:he": "שאהין שהר ומיימה",
        "province:he": "אספהאן",
        "name:tr": "HESA",
        "city:tr": "Şahinşehr ve Meymeh Şehristanı",
        "province:tr": "İsfahan",
        "name:ckb": "هەسا",
        "city:ckb": "شارستانی شاهینشار و میمە",
        "province:ckb": "ئەسفەھان",
        "publicId": "MTM6NjkxMDA",
        "sourceId": "69100",
        "layerId": 13,
        "type": "location",
        "urgency": null,
        "verificationTag": null,
        "expirationDate": null,
        "createdAt": "2026-03-11T21:01:42.065Z",
        "updatedAt": "2026-03-11T21:01:42.065Z"
      }
    },
    {
      "type": "Feature",
      "id": 81972,
      "geometry": {
        "type": "Point",
        "coordinates": [
          46.12747158051,
          38.2505837379
        ]
      },
      "properties": {
        "id": "MTM6NjkxMzA",
        "city": "شهرستان شبستر",
        "date": "1772278245",
        "status": "active",
        "name:fa": "پایگاه موشکی",
        "sources": "https://x.com/IDFFarsi/status/2027791217661010035",
        "accurate": "no",
        "province": "استان آذربایجان شرقی",
        "name:en": "Missile Base",
        "city:en": "Shabestar County",
        "province:en": "East Azerbaijan",
        "name:ar": "قاعدة صاروخية",
        "city:ar": "مقاطعة شبستر",
        "province:ar": "أذربيجان الشرقية",
        "name:he": "בסיס טילים",
        "city:he": "שבסטר",
        "province:he": "אזרבייג'ן המזרחית",
        "name:tr": "Füze Üssü",
        "city:tr": "Şebister Şehristanı",
        "province:tr": "Doğu Azerbaycan",
        "name:ckb": "بنکەی مووشەکی",
        "city:ckb": "شارستانی شەبستەر",
        "province:ckb": "ئازەربایجانی ڕۆژھەڵات",
        "publicId": "MTM6NjkxMzA",
        "sourceId": "69130",
        "layerId": 13,
        "type": "location",
        "urgency": null,
        "verificationTag": null,
        "expirationDate": null,
        "createdAt": "2026-03-11T21:01:42.066Z",
        "updatedAt": "2026-03-11T21:01:42.066Z"
      }
    },
    {
      "type": "Feature",
      "id": 81973,
      "geometry": {
        "type": "Point",
        "coordinates": [
          48.47923244476,
          36.67475269374
        ]
      },
      "properties": {
        "id": "MTM6NjkxMjY",
        "city": "زنجان",
        "date": "1772273445",
        "status": "active",
        "name:fa": "زنجان",
        "accurate": "no",
        "province": "استان زنجان",
        "name:en": "Zanjan",
        "city:en": "Zanjan",
        "province:en": "Zanjan",
        "name:ar": "زنجان",
        "city:ar": "زنجان",
        "province:ar": "زنجان",
        "name:he": "זנג'אן",
        "city:he": "זנג'אן",
        "province:he": "זנג'אן",
        "name:tr": "Zencan",
        "city:tr": "Zencan",
        "province:tr": "Zencan",
        "name:ckb": "زەنجان",
        "city:ckb": "زەنجان",
        "province:ckb": "زەنجان",
        "publicId": "MTM6NjkxMjY",
        "sourceId": "69126",
        "layerId": 13,
        "type": "location",
        "urgency": null,
        "verificationTag": null,
        "expirationDate": null,
        "createdAt": "2026-03-11T21:01:42.066Z",
        "updatedAt": "2026-03-11T21:01:42.066Z"
      }
    },
    {
      "type": "Feature",
      "id": 81974,
      "geometry": {
        "type": "Point",
        "coordinates": [
          51.44691465139,
          35.74194935067
        ]
      },
      "properties": {
        "id": "MTM6NjkwODk",
        "city": "تهران",
        "date": "1772259165",
        "status": "active",
        "name:fa": "سید خندان",
        "accurate": "no",
        "province": "استان تهران",
        "name:en": "Seyed Khandan",
        "city:en": "Tehran",
        "province:en": "Tehran",
        "name:ar": "سيد خندان",
        "city:ar": "طهران",
        "province:ar": "طهران",
        "name:he": "סייד ח'נדאן",
        "city:he": "טהראן",
        "province:he": "טהראן",
        "name:tr": "Seyyid Hendan",
        "city:tr": "Tahran",
        "province:tr": "Tahran",
        "name:ckb": "سەید خەندان",
        "city:ckb": "تاران",
        "province:ckb": "تاران",
        "publicId": "MTM6NjkwODk",
        "sourceId": "69089",
        "layerId": 13,
        "type": "location",
        "urgency": null,
        "verificationTag": null,
        "expirationDate": null,
        "createdAt": "2026-03-11T21:01:42.067Z",
        "updatedAt": "2026-03-11T21:01:42.067Z"
      }
    },
    {
      "type": "Feature",
      "id": 81975,
      "geometry": {
        "type": "Point",
        "coordinates": [
          45.20032865524,
          37.64155840979
        ]
      },
      "properties": {
        "id": "MTM6NjkxMjM",
        "city": "شهرستان ارومیه",
        "date": "1772263845",
        "status": "active",
        "name:fa": "پادگان المهدی",
        "accurate": "no",
        "province": "استان آذربایجان غربی",
        "name:en": "Al-Mahdi Garrison",
        "city:en": "Urmia County",
        "province:en": "West Azerbaijan",
        "name:ar": "ثكنة المهدي",
        "city:ar": "مقاطعة أرومية",
        "province:ar": "أذربيجان الغربية",
        "name:he": "מחנה אל-מהדי",
        "city:he": "אורמיה",
        "province:he": "אזרבייג'ן המערבית",
        "name:tr": "El-Mehdi Kışlası",
        "city:tr": "Urmiye Şehristanı",
        "province:tr": "Batı Azerbaycan",
        "name:ckb": "سەربازگەی ئەلمەهدی",
        "city:ckb": "شارستانی ورمێ",
        "province:ckb": "ئازەربایجانی ڕۆژاوا",
        "publicId": "MTM6NjkxMjM",
        "sourceId": "69123",
        "layerId": 13,
        "type": "location",
        "urgency": null,
        "verificationTag": null,
        "expirationDate": null,
        "createdAt": "2026-03-11T21:01:42.067Z",
        "updatedAt": "2026-03-11T21:01:42.067Z"
      }
    },
    {
      "type": "Feature",
      "id": 81976,
      "geometry": {
        "type": "Point",
        "coordinates": [
          56.19448831558,
          27.17009389095
        ]
      },
      "properties": {
        "id": "MTM6NjkwOTk",
        "city": "شهرستان بندرعباس",
        "date": "1772267445",
        "status": "active",
        "name:fa": "رادار بندرعباس",
        "accurate": "yes",
        "province": "استان هرمزگان",
        "name:en": "Bandar Abbas Radar",
        "city:en": "Bandar Abbas County",
        "province:en": "Hormozgan",
        "name:ar": "رادار بندر عباس",
        "city:ar": "مقاطعة بندر عباس",
        "province:ar": "هرمزكان",
        "name:he": "מכ\"ם בנדר עבאס",
        "city:he": "בנדר עבאס",
        "province:he": "הורמוזגאן",
        "name:tr": "Bender Abbas Radarı",
        "city:tr": "Bender Abbas Şehristanı",
        "province:tr": "Hürmüzgan",
        "name:ckb": "ڕاداری بەندەرعەباس",
        "city:ckb": "شارستانی بەندەرعەباس",
        "province:ckb": "ھورمزگان",
        "publicId": "MTM6NjkwOTk",
        "sourceId": "69099",
        "layerId": 13,
        "type": "location",
        "urgency": null,
        "verificationTag": null,
        "expirationDate": null,
        "createdAt": "2026-03-11T21:01:42.068Z",
        "updatedAt": "2026-03-11T21:01:42.068Z"
      }
    },
    {
      "type": "Feature",
      "id": 81977,
      "geometry": {
        "type": "Point",
        "coordinates": [
          51.48805974841,
          35.7368113825
        ]
      },
      "properties": {
        "id": "MTM6NjkwODg",
        "city": "تهران",
        "date": "1772259165",
        "status": "active",
        "name:fa": "میدان رسالت",
        "accurate": "no",
        "province": "استان تهران",
        "name:en": "Resalat Square",
        "city:en": "Tehran",
        "province:en": "Tehran",
        "name:ar": "ميدان رسالت",
        "city:ar": "طهران",
        "province:ar": "طهران",
        "name:he": "כיכר רסאלת",
        "city:he": "טהראן",
        "province:he": "טהראן",
        "name:tr": "Resalet Meydanı",
        "city:tr": "Tahran",
        "province:tr": "Tahran",
        "name:ckb": "مەیدانی ڕەساڵەت",
        "city:ckb": "تاران",
        "province:ckb": "تاران",
        "publicId": "MTM6NjkwODg",
        "sourceId": "69088",
        "layerId": 13,
        "type": "location",
        "urgency": null,
        "verificationTag": null,
        "expirationDate": null,
        "createdAt": "2026-03-11T21:01:42.068Z",
        "updatedAt": "2026-03-11T21:01:42.068Z"
      }
    },
    {
      "type": "Feature",
      "id": 81978,
      "geometry": {
        "type": "Point",
        "coordinates": [
          51.45687094688,
          35.75222432711
        ]
      },
      "properties": {
        "id": "MTM6NjkxMTE",
        "city": "تهران",
        "date": "1772263845",
        "status": "active",
        "name:fa": "وزارت اطلاعات",
        "sources": "https://x.com/bbcpersian/status/2027661340974756347",
        "accurate": "no",
        "province": "استان تهران",
        "geolocates": "https://x.com/factnameh/status/2027691198995927432",
        "name:en": "Ministry of Intelligence",
        "city:en": "Tehran",
        "province:en": "Tehran",
        "name:ar": "وزارة الاستخبارات",
        "city:ar": "طهران",
        "province:ar": "طهران",
        "name:he": "משרד המודיעין",
        "city:he": "טהראן",
        "province:he": "טהראן",
        "name:tr": "İstihbarat Bakanlığı",
        "city:tr": "Tahran",
        "province:tr": "Tahran",
        "name:ckb": "وەزارەتی ئیتلاعات",
        "city:ckb": "تاران",
        "province:ckb": "تاران",
        "publicId": "MTM6NjkxMTE",
        "sourceId": "69111",
        "layerId": 13,
        "type": "location",
        "urgency": null,
        "verificationTag": null,
        "expirationDate": null,
        "createdAt": "2026-03-11T21:01:42.069Z",
        "updatedAt": "2026-03-11T21:01:42.069Z"
      }
    },
    {
      "type": "Feature",
      "id": 81979,
      "geometry": {
        "type": "Point",
        "coordinates": [
          50.83837500572,
          28.94108718064
        ]
      },
      "properties": {
        "id": "MTM6NjkxMjI",
        "city": "بوشهر",
        "date": "1772289045",
        "status": "active",
        "name:fa": "پایگاه ششم شکاری",
        "accurate": "no",
        "province": "استان بوشهر",
        "name:en": "6th Tactical Air Base",
        "city:en": "Bushehr",
        "province:en": "Bushehr",
        "name:ar": "القاعدة الجوية السادسة",
        "city:ar": "بوشهر",
        "province:ar": "بوشهر",
        "name:he": "בסיס הטיס השישי",
        "city:he": "בושהר",
        "province:he": "בושהר",
        "name:tr": "6. Avcı Hava Üssü",
        "city:tr": "Buşehr",
        "province:tr": "Buşehr",
        "name:ckb": "بنکەی شەشەمی شکاری",
        "city:ckb": "بووشەهر",
        "province:ckb": "بووشەھر",
        "publicId": "MTM6NjkxMjI",
        "sourceId": "69122",
        "layerId": 13,
        "type": "location",
        "urgency": null,
        "verificationTag": null,
        "expirationDate": null,
        "createdAt": "2026-03-11T21:01:42.069Z",
        "updatedAt": "2026-03-11T21:01:42.069Z"
      }
    },
    {
      "type": "Feature",
      "id": 81980,
      "geometry": {
        "type": "Point",
        "coordinates": [
          51.63930411816,
          32.59466074434
        ]
      },
      "properties": {
        "id": "MTM6NjkxMDY",
        "city": "اصفهان",
        "date": "1772270145",
        "status": "active",
        "name:fa": "کوه صفه",
        "accurate": "no",
        "province": "استان اصفهان",
        "name:en": "Mount Sofeh",
        "city:en": "Isfahan",
        "province:en": "Isfahan",
        "name:ar": "جبل صفه",
        "city:ar": "أصفهان",
        "province:ar": "أصفهان",
        "name:he": "הר סופה",
        "city:he": "אספהאן",
        "province:he": "אספהאן",
        "name:tr": "Soffe Dağı",
        "city:tr": "İsfahan",
        "province:tr": "İsfahan",
        "name:ckb": "کێوی سۆفە",
        "city:ckb": "ئەسفەهان",
        "province:ckb": "ئەسفەھان",
        "publicId": "MTM6NjkxMDY",
        "sourceId": "69106",
        "layerId": 13,
        "type": "location",
        "urgency": null,
        "verificationTag": null,
        "expirationDate": null,
        "createdAt": "2026-03-11T21:01:42.070Z",
        "updatedAt": "2026-03-11T21:01:42.070Z"
      }
    },
    {
      "type": "Feature",
      "id": 81981,
      "geometry": {
        "type": "Point",
        "coordinates": [
          52.39774695396,
          29.57002323617
        ]
      },
      "properties": {
        "id": "MTM6NjkxMTg",
        "city": "شهرستان شیراز",
        "date": "1772285445",
        "status": "active",
        "name:fa": "گروه چهارم پدافند هوایی سپاه",
        "accurate": "no",
        "province": "استان فارس",
        "name:en": "IRGC 4th Air Defense Group",
        "city:en": "Shiraz County",
        "province:en": "Fars",
        "name:ar": "المجموعة الرابعة للدفاع الجوي للحرس الثوري",
        "city:ar": "مقاطعة شيراز",
        "province:ar": "فارس",
        "name:he": "אגד ההגנה האווירית הרביעי של משמרות המהפכה",
        "city:he": "נפת שיראז",
        "province:he": "פארס",
        "name:tr": "Sepah 4. Hava Savunma Grubu",
        "city:tr": "Şiraz Şehristanı",
        "province:tr": "Fars",
        "name:ckb": "گرووپی چوارەمی بەرگریی ئاسمانیی سوپا",
        "city:ckb": "شارستانی شیراز",
        "province:ckb": "فارس",
        "publicId": "MTM6NjkxMTg",
        "sourceId": "69118",
        "layerId": 13,
        "type": "location",
        "urgency": null,
        "verificationTag": null,
        "expirationDate": null,
        "createdAt": "2026-03-11T21:01:42.070Z",
        "updatedAt": "2026-03-11T21:01:42.070Z"
      }
    },
    {
      "type": "Feature",
      "id": 81982,
      "geometry": {
        "type": "Point",
        "coordinates": [
          47.17104430676,
          34.34775893422
        ]
      },
      "properties": {
        "id": "MTM6NjkxMDQ",
        "city": "کرمانشاه",
        "date": "1772271945",
        "status": "active",
        "name:fa": "هوانیروز",
        "accurate": "no",
        "province": "استان کرمانشاه",
        "name:en": "Havanirooz",
        "city:en": "Kermanshah",
        "province:en": "Kermanshah",
        "name:ar": "طيران الجيش (هوانيروز)",
        "city:ar": "كرمانشاه",
        "province:ar": "كرمانشاه",
        "name:he": "הואנירוז (תעופת צבא היבשה)",
        "city:he": "כרמאנשאה",
        "province:he": "כרמאנשאה",
        "name:tr": "Havaniruz",
        "city:tr": "Kermanşah",
        "province:tr": "Kirmanşah",
        "name:ckb": "هەوانیرۆز",
        "city:ckb": "کرماشان",
        "province:ckb": "کرماشان",
        "publicId": "MTM6NjkxMDQ",
        "sourceId": "69104",
        "layerId": 13,
        "type": "location",
        "urgency": null,
        "verificationTag": null,
        "expirationDate": null,
        "createdAt": "2026-03-11T21:01:42.071Z",
        "updatedAt": "2026-03-11T21:01:42.071Z"
      }
    },
    {
      "type": "Feature",
      "id": 81983,
      "geometry": {
        "type": "Point",
        "coordinates": [
          51.29851332664,
          35.69153082433
        ]
      },
      "properties": {
        "id": "MTM6NjkwOTI",
        "city": "تهران",
        "date": "1772259165",
        "status": "active",
        "name:fa": "مهرآباد",
        "accurate": "no",
        "province": "استان تهران",
        "name:en": "Mehrabad",
        "city:en": "Tehran",
        "province:en": "Tehran",
        "name:ar": "مهرآباد",
        "city:ar": "طهران",
        "province:ar": "طهران",
        "name:he": "מהראבאד",
        "city:he": "טהראן",
        "province:he": "טהראן",
        "name:tr": "Mehrabad",
        "city:tr": "Tahran",
        "province:tr": "Tahran",
        "name:ckb": "مێهئاباد",
        "city:ckb": "تاران",
        "province:ckb": "تاران",
        "publicId": "MTM6NjkwOTI",
        "sourceId": "69092",
        "layerId": 13,
        "type": "location",
        "urgency": null,
        "verificationTag": null,
        "expirationDate": null,
        "createdAt": "2026-03-11T21:01:42.071Z",
        "updatedAt": "2026-03-11T21:01:42.071Z"
      }
    },
    {
      "type": "Feature",
      "id": 81984,
      "geometry": {
        "type": "Point",
        "coordinates": [
          46.17485037804,
          37.97512398819
        ]
      },
      "properties": {
        "id": "MTM6NjkxMTY",
        "city": "شهرستان تبریز",
        "date": "1772280045",
        "status": "active",
        "name:fa": "پایگاه موشکی تبریز",
        "sources": "https://x.com/Vahid/status/2027726848608669961",
        "accurate": "no",
        "province": "استان آذربایجان شرقی",
        "name:en": "Tabriz Missile Base",
        "city:en": "Tabriz County",
        "province:en": "East Azerbaijan",
        "name:ar": "قاعدة تبريز الصاروخية",
        "city:ar": "مقاطعة تبريز",
        "province:ar": "أذربيجان الشرقية",
        "name:he": "בסיס הטילים בתבריז",
        "city:he": "מחוז תבריז",
        "province:he": "אזרבייג'ן המזרחית",
        "name:tr": "Tebriz Füze Üssü",
        "city:tr": "Tebriz Şehristanı",
        "province:tr": "Doğu Azerbaycan",
        "name:ckb": "بنکەی مووشەکیی تەورێز",
        "city:ckb": "شارستانی تەورێز",
        "province:ckb": "ئازەربایجانی ڕۆژھەڵات",
        "publicId": "MTM6NjkxMTY",
        "sourceId": "69116",
        "layerId": 13,
        "type": "location",
        "urgency": null,
        "verificationTag": null,
        "expirationDate": null,
        "createdAt": "2026-03-11T21:01:42.071Z",
        "updatedAt": "2026-03-11T21:01:42.071Z"
      }
    },
    {
      "type": "Feature",
      "id": 81985,
      "geometry": {
        "type": "Point",
        "coordinates": [
          52.44671342611,
          29.70371001091
        ]
      },
      "properties": {
        "id": "MTM6NjkxMTc",
        "city": "شیراز",
        "date": "1772288145",
        "status": "active",
        "name:fa": "صنایع الکترونیک شیراز",
        "accurate": "no",
        "province": "استان فارس",
        "name:en": "Shiraz Electronics Industries",
        "city:en": "Shiraz",
        "province:en": "Fars",
        "name:ar": "صناعات شيراز الإلكترونية",
        "city:ar": "شيراز",
        "province:ar": "فارس",
        "name:he": "תעשיות האלקטרוניקה בשיראז",
        "city:he": "שיראז",
        "province:he": "פארס",
        "name:tr": "Şiraz Elektronik Sanayii",
        "city:tr": "Şiraz",
        "province:tr": "Fars",
        "name:ckb": "پێشەسازییە ئەلیکترۆنییەکانی شیراز",
        "city:ckb": "شیراز",
        "province:ckb": "فارس",
        "publicId": "MTM6NjkxMTc",
        "sourceId": "69117",
        "layerId": 13,
        "type": "location",
        "urgency": null,
        "verificationTag": null,
        "expirationDate": null,
        "createdAt": "2026-03-11T21:01:42.072Z",
        "updatedAt": "2026-03-11T21:01:42.072Z"
      }
    },
    {
      "type": "Feature",
      "id": 81986,
      "geometry": {
        "type": "Point",
        "coordinates": [
          51.39892456769,
          35.6920143774
        ]
      },
      "properties": {
        "id": "MTM6NjkwOTE",
        "city": "تهران",
        "date": "1772259165",
        "status": "active",
        "name:fa": "بیت رهبری جمهوری اسلامی",
        "sources": "https://x.com/trbrtc/status/2027703248887427576",
        "accurate": "yes",
        "province": "استان تهران",
        "name:en": "Office of the Supreme Leader of the Islamic Republic",
        "city:en": "Tehran",
        "province:en": "Tehran",
        "name:ar": "مقر القيادة العليا للجمهورية الإسلامية",
        "city:ar": "طهران",
        "province:ar": "طهران",
        "name:he": "מעון המנהיג העליון של הרפובליקה האסלאמית",
        "city:he": "טהראן",
        "province:he": "טהראן",
        "name:tr": "İslam Cumhuriyeti Liderlik Makamı",
        "city:tr": "Tahran",
        "province:tr": "Tahran",
        "name:ckb": "بەیتی ڕێبەریی کۆماری ئیسلامی",
        "city:ckb": "تاران",
        "province:ckb": "تاران",
        "publicId": "MTM6NjkwOTE",
        "sourceId": "69091",
        "layerId": 13,
        "type": "location",
        "urgency": null,
        "verificationTag": null,
        "expirationDate": null,
        "createdAt": "2026-03-11T21:01:42.072Z",
        "updatedAt": "2026-03-11T21:01:42.072Z"
      }
    },
    {
      "type": "Feature",
      "id": 81987,
      "geometry": {
        "type": "Point",
        "coordinates": [
          52.04340576053,
          29.61719190595
        ]
      },
      "properties": {
        "id": "MTM6NjkxMjA",
        "city": "شهرستان شیراز",
        "date": "1772281845",
        "status": "active",
        "name:fa": "رادار دشت‌ارژن",
        "accurate": "no",
        "province": "استان فارس",
        "name:en": "Dasht-e Arzhan Radar",
        "city:en": "Shiraz County",
        "province:en": "Fars",
        "name:ar": "رادار دشت أرزن",
        "city:ar": "مقاطعة شيراز",
        "province:ar": "فارس",
        "name:he": "רדאר דשת-ארז'ן",
        "city:he": "מחוז שיראז",
        "province:he": "פארס",
        "name:tr": "Deşt-i Erjen Radarı",
        "city:tr": "Şiraz Şehristanı",
        "province:tr": "Fars",
        "name:ckb": "ڕاداری دەشتی ئەرژەن",
        "city:ckb": "شارستانی شیراز",
        "province:ckb": "فارس",
        "publicId": "MTM6NjkxMjA",
        "sourceId": "69120",
        "layerId": 13,
        "type": "location",
        "urgency": null,
        "verificationTag": null,
        "expirationDate": null,
        "createdAt": "2026-03-11T21:01:42.073Z",
        "updatedAt": "2026-03-11T21:01:42.073Z"
      }
    },
    {
      "type": "Feature",
      "id": 81988,
      "geometry": {
        "type": "Point",
        "coordinates": [
          51.4803133,
          35.7928843
        ]
      },
      "properties": {
        "id": "MTM6NjkxMzE",
        "city": "تجریش",
        "date": "1772326402",
        "status": "active",
        "name:fa": "شهرک شهید چمران",
        "sources": "https://x.com/hey_itsmyturn/status/2027910028523438240",
        "accurate": "no",
        "province": "استان تهران",
        "name:en": "Shahid Chamran Township",
        "city:en": "Tajrish",
        "province:en": "Tehran",
        "name:ar": "مجمع الشهيد شمران السكني",
        "city:ar": "تجريش",
        "province:ar": "طهران",
        "name:he": "שכונת שהיד צ'מראן",
        "city:he": "תג'ריש",
        "province:he": "טהראן",
        "name:tr": "Şehit Çamran Yerleşkesi",
        "city:tr": "Tecriş",
        "province:tr": "Tahran",
        "name:ckb": "شارۆچکەی شەهید چەمران",
        "city:ckb": "تەجریش",
        "province:ckb": "تاران",
        "publicId": "MTM6NjkxMzE",
        "sourceId": "69131",
        "layerId": 13,
        "type": "location",
        "urgency": null,
        "verificationTag": null,
        "expirationDate": null,
        "createdAt": "2026-03-11T21:01:42.074Z",
        "updatedAt": "2026-03-11T21:01:42.074Z"
      }
    },
    {
      "type": "Feature",
      "id": 81989,
      "geometry": {
        "type": "Point",
        "coordinates": [
          51.725,
          33.725
        ]
      },
      "properties": {
        "id": "MTM6NjkxMzI",
        "city": "شهرستان کاشان",
        "date": "1772467153",
        "status": "active",
        "name:fa": "تاسیسات غنی‌سازی نطنز",
        "sources": "https://x.com/BenTzionMacales/status/2028500382872158587",
        "accurate": "no",
        "province": "استان اصفهان",
        "name:en": "Natanz Enrichment Facility",
        "city:en": "Kashan County",
        "province:en": "Isfahan",
        "name:ar": "منشأة نطنز لتخصيب اليورانيوم",
        "province:ar": "أصفهان",
        "name:he": "מתקן ההעשרה בנתנז",
        "city:he": "נפת כאשאן",
        "province:he": "אספהאן",
        "name:tr": "Natenz Zenginleştirme Tesisleri",
        "city:tr": "Kaşan Şehristanı",
        "province:tr": "İsfahan",
        "name:ckb": "دامەزراوەی پیتاندنی نەەتەنز",
        "city:ckb": "شارستانی کاشان",
        "province:ckb": "ئەسفەھان",
        "publicId": "MTM6NjkxMzI",
        "sourceId": "69132",
        "layerId": 13,
        "type": "location",
        "urgency": null,
        "verificationTag": null,
        "expirationDate": null,
        "createdAt": "2026-03-11T21:01:42.074Z",
        "updatedAt": "2026-03-11T21:01:42.074Z"
      }
    },
    {
      "type": "Feature",
      "id": 81990,
      "geometry": {
        "type": "Point",
        "coordinates": [
          51.3909769,
          35.6909892
        ]
      },
      "properties": {
        "id": "MTM6NjkxMzM",
        "city": "تهران",
        "date": "1772484614",
        "status": "active",
        "name:fa": "حوالی خیابان پاستور",
        "sources": "https://x.com/hey_itsmyturn/status/2028573617282240946",
        "accurate": "no",
        "province": "استان تهران",
        "name:en": "Vicinity of Pasteur Street",
        "city:en": "Tehran",
        "province:en": "Tehran",
        "name:ar": "محيط شارع باستور",
        "city:ar": "طهران",
        "province:ar": "طهران",
        "name:he": "בסביבת רחוב פסטר",
        "city:he": "טהראן",
        "province:he": "טהראן",
        "name:tr": "Pastör Caddesi Civarı",
        "city:tr": "Tahran",
        "province:tr": "Tahran",
        "name:ckb": "دەوروبەری شەقامی پاستوور",
        "city:ckb": "تاران",
        "province:ckb": "تاران",
        "publicId": "MTM6NjkxMzM",
        "sourceId": "69133",
        "layerId": 13,
        "type": "location",
        "urgency": null,
        "verificationTag": null,
        "expirationDate": null,
        "createdAt": "2026-03-11T21:01:42.074Z",
        "updatedAt": "2026-03-11T21:01:42.074Z"
      }
    },
    {
      "type": "Feature",
      "id": 81991,
      "geometry": {
        "type": "Point",
        "coordinates": [
          51.4066,
          35.6864
        ]
      },
      "properties": {
        "id": "MTM6NjkxMzQ",
        "city": "تهران",
        "date": "1772486431",
        "status": "active",
        "name:fa": "خیابان امام خمینی",
        "sources": "https://x.com/hey_itsmyturn/status/2028581238345240742",
        "accurate": "yes",
        "province": "استان تهران",
        "name:en": "Imam Khomeini Street",
        "city:en": "Tehran",
        "province:en": "Tehran",
        "name:ar": "شارع الإمام الخميني",
        "city:ar": "طهران",
        "province:ar": "طهران",
        "name:he": "רחוב אימאם ח'ומייני",
        "city:he": "טהראן",
        "province:he": "טהראן",
        "name:tr": "İmam Humeyni Caddesi",
        "city:tr": "Tahran",
        "province:tr": "Tahran",
        "name:ckb": "شەقامی ئیمام خومەینی",
        "city:ckb": "تاران",
        "province:ckb": "تاران",
        "publicId": "MTM6NjkxMzQ",
        "sourceId": "69134",
        "layerId": 13,
        "type": "location",
        "urgency": null,
        "verificationTag": null,
        "expirationDate": null,
        "createdAt": "2026-03-11T21:01:42.075Z",
        "updatedAt": "2026-03-11T21:01:42.075Z"
      }
    },
    {
      "type": "Feature",
      "id": 81992,
      "geometry": {
        "type": "Point",
        "coordinates": [
          51.4168,
          35.7907
        ]
      },
      "properties": {
        "id": "MTM6NjkxMzU",
        "city": "تهران",
        "date": "1772488432",
        "status": "active",
        "name:fa": "مجموعه صداوسیما",
        "sources": "https://x.com/hey_itsmyturn/status/2028589631260799373",
        "accurate": "no",
        "province": "استان تهران",
        "geolocates": "https://x.com/zarGEOINT/status/2028591547902476531, https://x.com/zarGEOINT/status/2028592134161346657",
        "name:en": "IRIB Complex",
        "city:en": "Tehran",
        "province:en": "Tehran",
        "name:ar": "مجمع مؤسسة الإذاعة والتلفزيون",
        "city:ar": "طهران",
        "province:ar": "طهران",
        "name:he": "מתחם רשות השידור (צדא ו-סימא)",
        "city:he": "טהראן",
        "province:he": "טהראן",
        "name:tr": "Seda ve Sima Kompleksi",
        "city:tr": "Tahran",
        "province:tr": "Tahran",
        "name:ckb": "کۆمەڵگەی دەنگ و ڕەنگ (سەدا و سیما)",
        "city:ckb": "تاران",
        "province:ckb": "تاران",
        "publicId": "MTM6NjkxMzU",
        "sourceId": "69135",
        "layerId": 13,
        "type": "location",
        "urgency": null,
        "verificationTag": null,
        "expirationDate": null,
        "createdAt": "2026-03-11T21:01:42.075Z",
        "updatedAt": "2026-03-11T21:01:42.075Z"
      }
    },
    {
      "type": "Feature",
      "id": 81993,
      "geometry": {
        "type": "Point",
        "coordinates": [
          54.2555,
          27.64002
        ]
      },
      "properties": {
        "id": "MTM6NjkxMzY",
        "city": "شهرستان لارستان",
        "date": "1772491103",
        "status": "active",
        "name:fa": "پایگاه موشکی لار",
        "sources": "https://x.com/hey_itsmyturn/status/2028600833789558872",
        "accurate": "yes",
        "province": "استان فارس",
        "name:en": "Lar Missile Base",
        "city:en": "Larestan County",
        "province:en": "Fars",
        "name:ar": "قاعدة لار الصاروخية",
        "city:ar": "مقاطعة لارستان",
        "province:ar": "فارس",
        "name:he": "בסיס הטילים לאר",
        "city:he": "מחוז לארסתאן",
        "province:he": "פארס",
        "name:tr": "Lar Füze Üssü",
        "city:tr": "Larestan Şehristanı",
        "province:tr": "Fars",
        "name:ckb": "بنکەی مووشەکیی لار",
        "city:ckb": "شارستانی لارستان",
        "province:ckb": "فارس",
        "publicId": "MTM6NjkxMzY",
        "sourceId": "69136",
        "layerId": 13,
        "type": "location",
        "urgency": null,
        "verificationTag": null,
        "expirationDate": null,
        "createdAt": "2026-03-11T21:01:42.076Z",
        "updatedAt": "2026-03-11T21:01:42.076Z"
      }
    },
    {
      "type": "Feature",
      "id": 81994,
      "geometry": {
        "type": "Point",
        "coordinates": [
          46.42,
          33.6374
        ]
      },
      "properties": {
        "id": "MTM6NjkxMzc",
        "city": "ایلام",
        "date": "1772496701",
        "status": "active",
        "name:fa": "مقر استانی وزارت اطلاعات ایلام",
        "sources": "https://x.com/hey_itsmyturn/status/2028624313796952136",
        "accurate": "no",
        "province": "استان ایلام",
        "name:en": "Ministry of Intelligence Provincial Headquarters, Ilam",
        "city:en": "Ilam",
        "province:en": "Ilam",
        "name:ar": "المقر الإقليمي لوزارة الاستخبارات في إيلام",
        "city:ar": "إيلام",
        "province:ar": "إيلام",
        "name:he": "מפקדת המחוז של משרד המודיעין באילאם",
        "city:he": "אילאם",
        "province:he": "אילאם",
        "name:tr": "İstihbarat Bakanlığı İlam Eyalet Karargahı",
        "city:tr": "İlam",
        "province:tr": "İlam",
        "name:ckb": "بارەگای پارێزگاییی وەزارەتی ئیتلاعات لە ئیلام",
        "city:ckb": "ئیلام",
        "province:ckb": "ئیلام",
        "publicId": "MTM6NjkxMzc",
        "sourceId": "69137",
        "layerId": 13,
        "type": "location",
        "urgency": null,
        "verificationTag": null,
        "expirationDate": null,
        "createdAt": "2026-03-11T21:01:42.076Z",
        "updatedAt": "2026-03-11T21:01:42.076Z"
      }
    },
    {
      "type": "Feature",
      "id": 81995,
      "geometry": {
        "type": "Point",
        "coordinates": [
          51.49,
          35.7842
        ]
      },
      "properties": {
        "id": "MTM6NjkxMzg",
        "city": "تهران",
        "date": "1772484071",
        "status": "active",
        "name:fa": "مرکز تحقیقات دفاعی تقاطع بابایی و امام علی",
        "sources": "https://x.com/Vahid/status/2028571341503271353",
        "accurate": "yes",
        "province": "استان تهران",
        "name:en": "Defense Research Center, Babaei and Imam Ali Intersection",
        "city:en": "Tehran",
        "province:en": "Tehran",
        "name:ar": "مركز البحوث الدفاعية تقاطع بابائي وإمام علي",
        "city:ar": "طهران",
        "province:ar": "طهران",
        "name:he": "מרכז המחקר הביטחוני בצומת באבאאי ואמאם עלי",
        "city:he": "טהראן",
        "province:he": "טהראן",
        "name:tr": "Babayi ve İmam Ali Kavşağındaki Savunma Araştırma Merkezi",
        "city:tr": "Tahran",
        "province:tr": "Tahran",
        "name:ckb": "ناوەندی لێکۆڵینەوەی بەرگریی چوارڕیانی بابایی و ئیمام عەلی",
        "city:ckb": "تاران",
        "province:ckb": "تاران",
        "publicId": "MTM6NjkxMzg",
        "sourceId": "69138",
        "layerId": 13,
        "type": "location",
        "urgency": null,
        "verificationTag": null,
        "expirationDate": null,
        "createdAt": "2026-03-11T21:01:42.077Z",
        "updatedAt": "2026-03-11T21:01:42.077Z"
      }
    },
    {
      "type": "Feature",
      "id": 81996,
      "geometry": {
        "type": "Point",
        "coordinates": [
          50.8725,
          35.62444
        ]
      },
      "properties": {
        "id": "MTM6NjkxMzk",
        "city": "شهرستان ملارد",
        "date": "1772460239",
        "status": "active",
        "name:fa": "پایگاه موشکی بیدگانه ملارد",
        "sources": "https://x.com/Vahid/status/2028471383546597762",
        "accurate": "no",
        "province": "استان تهران",
        "name:en": "Bidganeh Missile Base, Malard",
        "city:en": "Malard County",
        "province:en": "Tehran",
        "name:ar": "قاعدة بيدكانة الصاروخية في ملارد",
        "city:ar": "مقاطعة ملارد",
        "province:ar": "طهران",
        "name:he": "בסיס הטילים בידגאנה במלארד",
        "province:he": "טהראן",
        "name:tr": "Melard Bidganeh Füze Üssü",
        "city:tr": "Melard Şehristanı",
        "province:tr": "Tahran",
        "name:ckb": "بنکەی مووشەکیی بێدگانەی مەلارد",
        "city:ckb": "شارستانی مەلارد",
        "province:ckb": "تاران",
        "publicId": "MTM6NjkxMzk",
        "sourceId": "69139",
        "layerId": 13,
        "type": "location",
        "urgency": null,
        "verificationTag": null,
        "expirationDate": null,
        "createdAt": "2026-03-11T21:01:42.077Z",
        "updatedAt": "2026-03-11T21:01:42.077Z"
      }
    },
    {
      "type": "Feature",
      "id": 81997,
      "geometry": {
        "type": "Point",
        "coordinates": [
          51.220321,
          35.754583
        ]
      },
      "properties": {
        "id": "MTM6NjkxNDA",
        "city": "تهران",
        "date": "1772410959",
        "status": "active",
        "name:fa": "حوالی رزمال",
        "sources": "https://x.com/Wolltigerhueter/status/2028264686370574587",
        "accurate": "yes",
        "province": "استان تهران",
        "geolocates": "https://x.com/GeoConfirmed/status/2028633815460315497",
        "name:en": "Vicinity of Rose Mall",
        "city:en": "Tehran",
        "province:en": "Tehran",
        "name:ar": "محيط روز مال",
        "city:ar": "طهران",
        "province:ar": "طهران",
        "name:he": "בסביבת רוזמול",
        "city:he": "טהראן",
        "province:he": "טהראן",
        "name:tr": "Rose Mall Civarı",
        "city:tr": "Tahran",
        "province:tr": "Tahran",
        "name:ckb": "دەوروبەری ڕوزماڵ",
        "city:ckb": "تاران",
        "province:ckb": "تاران",
        "publicId": "MTM6NjkxNDA",
        "sourceId": "69140",
        "layerId": 13,
        "type": "location",
        "urgency": null,
        "verificationTag": null,
        "expirationDate": null,
        "createdAt": "2026-03-11T21:01:42.077Z",
        "updatedAt": "2026-03-11T21:01:42.077Z"
      }
    },
    {
      "type": "Feature",
      "id": 81998,
      "geometry": {
        "type": "Point",
        "coordinates": [
          51.287024,
          35.752237
        ]
      },
      "properties": {
        "id": "MTM6NjkxNDE",
        "city": "تهران",
        "date": "1772498675",
        "status": "active",
        "name:fa": "ضربات تهران (دود)",
        "sources": "https://x.com/GhonchehAzad/status/2028632595156598874",
        "accurate": "yes",
        "province": "استان تهران",
        "name:en": "Tehran Strikes (Smoke)",
        "city:en": "Tehran",
        "province:en": "Tehran",
        "name:ar": "ضربات طهران (دخان)",
        "city:ar": "طهران",
        "province:ar": "طهران",
        "name:he": "תקיפות בטהראן (עשן)",
        "city:he": "טהראן",
        "province:he": "טהראן",
        "name:tr": "Tahran Saldırıları (Duman)",
        "city:tr": "Tahran",
        "province:tr": "Tahran",
        "name:ckb": "هێرشەکانی تاران (دووکەڵ)",
        "city:ckb": "تاران",
        "province:ckb": "تاران",
        "publicId": "MTM6NjkxNDE",
        "sourceId": "69141",
        "layerId": 13,
        "type": "location",
        "urgency": null,
        "verificationTag": null,
        "expirationDate": null,
        "createdAt": "2026-03-11T21:01:42.078Z",
        "updatedAt": "2026-03-11T21:01:42.078Z"
      }
    },
    {
      "type": "Feature",
      "id": 81999,
      "geometry": {
        "type": "Point",
        "coordinates": [
          56.204141,
          27.14371
        ]
      },
      "properties": {
        "id": "MTM6NjkxNDI",
        "city": "بندر عباس",
        "date": "1772498196",
        "status": "active",
        "name:fa": "پایگاه دریایی بندرعباس",
        "sources": "https://x.com/GeoConfirmed/status/2028630587586535756",
        "accurate": "yes",
        "province": "استان هرمزگان",
        "geolocates": "https://x.com/JosephHDempsey/status/2028518101562581115",
        "name:en": "Bandar Abbas Naval Base",
        "city:en": "Bandar Abbas",
        "province:en": "Hormozgan",
        "name:ar": "القاعدة البحرية في بندر عباس",
        "city:ar": "بندر عباس",
        "province:ar": "هرمزكان",
        "name:he": "הבסיס הימי בבנדר עבאס",
        "province:he": "הורמוזגאן",
        "name:tr": "Bender Abbas Deniz Üssü",
        "city:tr": "Bender Abbas",
        "province:tr": "Hürmüzgan",
        "name:ckb": "بنکەی دەریاییی بەندەرئەبباس",
        "city:ckb": "بەندەرئەبباس",
        "province:ckb": "ھورمزگان",
        "publicId": "MTM6NjkxNDI",
        "sourceId": "69142",
        "layerId": 13,
        "type": "location",
        "urgency": null,
        "verificationTag": null,
        "expirationDate": null,
        "createdAt": "2026-03-11T21:01:42.078Z",
        "updatedAt": "2026-03-11T21:01:42.078Z"
      }
    },
    {
      "type": "Feature",
      "id": 82000,
      "geometry": {
        "type": "Point",
        "coordinates": [
          51.33518,
          35.748167
        ]
      },
      "properties": {
        "id": "MTM6NjkxNDM",
        "city": "تهران",
        "date": "1772495662",
        "status": "active",
        "name:fa": "حوالی دانشگاه علم و فرهنگ",
        "sources": "https://x.com/Shayan86/status/2028619958398165033",
        "accurate": "yes",
        "province": "استان تهران",
        "name:en": "Vicinity of University of Science and Culture",
        "city:en": "Tehran",
        "province:en": "Tehran",
        "name:ar": "محيط جامعة العلم والثقافة",
        "city:ar": "طهران",
        "province:ar": "طهران",
        "name:he": "בסביבת אוניברסיטת עלם ופרהנג",
        "city:he": "טהראן",
        "province:he": "טהראן",
        "name:tr": "İlim ve Kültür Üniversitesi Civarı",
        "city:tr": "Tahran",
        "province:tr": "Tahran",
        "name:ckb": "دەوروبەری زانکۆی عیلم و فەرهەنگ",
        "city:ckb": "تاران",
        "province:ckb": "تاران",
        "publicId": "MTM6NjkxNDM",
        "sourceId": "69143",
        "layerId": 13,
        "type": "location",
        "urgency": null,
        "verificationTag": null,
        "expirationDate": null,
        "createdAt": "2026-03-11T21:01:42.079Z",
        "updatedAt": "2026-03-11T21:01:42.079Z"
      }
    },
    {
      "type": "Feature",
      "id": 82001,
      "geometry": {
        "type": "Point",
        "coordinates": [
          51.06012,
          35.63299
        ]
      },
      "properties": {
        "id": "MTM6NjkxNDQ",
        "city": "شهریار",
        "date": "1772483302",
        "status": "active",
        "name:fa": "فرماندهی انتظامی غرب تهران",
        "sources": "https://x.com/zarGEOINT/status/2028568117606015115",
        "accurate": "yes",
        "province": "استان تهران",
        "name:en": "West Tehran Law Enforcement Command",
        "city:en": "Shahriar",
        "province:en": "Tehran",
        "name:ar": "قيادة الشرطة غرب طهران",
        "city:ar": "شهريار",
        "province:ar": "طهران",
        "name:he": "מפקדת המשטרה של מערב טהראן",
        "city:he": "שהריאר",
        "province:he": "טהראן",
        "name:tr": "Batı Tahran Emniyet Müdürlüğü",
        "city:tr": "Şehriyar",
        "province:tr": "Tahran",
        "name:ckb": "فەرماندەییی ئینتزامیی ڕۆژئاوای تاران",
        "city:ckb": "شەهریار",
        "province:ckb": "تاران",
        "publicId": "MTM6NjkxNDQ",
        "sourceId": "69144",
        "layerId": 13,
        "type": "location",
        "urgency": null,
        "verificationTag": null,
        "expirationDate": null,
        "createdAt": "2026-03-11T21:01:42.079Z",
        "updatedAt": "2026-03-11T21:01:42.079Z"
      }
    },
    {
      "type": "Feature",
      "id": 82002,
      "geometry": {
        "type": "Point",
        "coordinates": [
          47.01543,
          35.25335
        ]
      },
      "properties": {
        "id": "MTM6NjkxNDU",
        "city": "شهرستان سنندج",
        "date": "1772480763",
        "status": "active",
        "name:fa": "پایگاه مرزبانی سنندج",
        "sources": "https://x.com/zarGEOINT/status/2028557465353343125",
        "accurate": "yes",
        "province": "استان کردستان",
        "name:en": "Sanandaj Border Guard Base",
        "city:en": "Sanandaj County",
        "province:en": "Kurdistan",
        "name:ar": "قاعدة حرس الحدود في سنندج",
        "city:ar": "مقاطعة سنندج",
        "province:ar": "كردستان",
        "name:he": "בסיס משמר הגבול בסננדג'",
        "city:he": "מחוז סננדג'",
        "province:he": "כורדיסטאן",
        "name:tr": "Sanandac Sınır Muhafaza Üssü",
        "city:tr": "Sanandac Şehristanı",
        "province:tr": "Kürdistan",
        "name:ckb": "بنکەی پاسەوانیی سنووریی سنە",
        "city:ckb": "شارستانی سنە",
        "province:ckb": "کوردستان",
        "publicId": "MTM6NjkxNDU",
        "sourceId": "69145",
        "layerId": 13,
        "type": "location",
        "urgency": null,
        "verificationTag": null,
        "expirationDate": null,
        "createdAt": "2026-03-11T21:01:42.079Z",
        "updatedAt": "2026-03-11T21:01:42.079Z"
      }
    },
    {
      "type": "Feature",
      "id": 82003,
      "geometry": {
        "type": "Point",
        "coordinates": [
          51.4978,
          35.6937
        ]
      },
      "properties": {
        "id": "MTM6NjkxNDY",
        "city": "شهرستان تهران",
        "date": "1772476828",
        "status": "active",
        "name:fa": "ستاد فرماندهی کل سپاه، میدان کلاهدوز",
        "sources": "https://x.com/Vahid/status/2028540963912573092",
        "accurate": "yes",
        "province": "استان تهران",
        "name:en": "IRGC Headquarters, Kolahdouz Square",
        "city:en": "Tehran County",
        "province:en": "Tehran",
        "name:ar": "مقر القيادة العامة للحرس الثوري، دوار كلاه دوز",
        "city:ar": "مقاطعة طهران",
        "province:ar": "طهران",
        "name:he": "מפקדת משמרות המהפכה, כיכר כלאהדוז",
        "city:he": "נפת טהראן",
        "province:he": "טהראן",
        "name:tr": "Devrim Muhafızları Genel Komutanlığı Karargahı, Kolahduz Meydanı",
        "city:tr": "Tahran Şehristanı",
        "province:tr": "Tahran",
        "name:ckb": "بارەگای فەرماندەییی گشتیی سوپای پاسداران، مەیدانی کلاهدووز",
        "city:ckb": "شارستانی تاران",
        "province:ckb": "تاران",
        "publicId": "MTM6NjkxNDY",
        "sourceId": "69146",
        "layerId": 13,
        "type": "location",
        "urgency": null,
        "verificationTag": null,
        "expirationDate": null,
        "createdAt": "2026-03-11T21:01:42.080Z",
        "updatedAt": "2026-03-11T21:01:42.080Z"
      }
    },
    {
      "type": "Feature",
      "id": 82004,
      "geometry": {
        "type": "Point",
        "coordinates": [
          51.514,
          35.785
        ]
      },
      "properties": {
        "id": "MTM6NjkxNDc",
        "city": "تجریش",
        "date": "1772418642",
        "status": "active",
        "name:fa": "جهاد خودکفایی نزاجا، ازگل",
        "sources": "https://x.com/Vahid/status/2028296912957288533",
        "accurate": "yes",
        "province": "استان تهران",
        "name:en": "NEZAJA Self-Sufficiency Jihad, Ozgol",
        "city:en": "Tajrish",
        "province:en": "Tehran",
        "name:ar": "منظمة جهاد الاكتفاء الذاتي للقوات البرية (نزاجا)، أزكل",
        "city:ar": "تجريش",
        "province:ar": "طهران",
        "name:he": "ג'יהאד הטיפוח העצמי של זרוע היבשה (נזאג'א), אוזגל",
        "city:he": "תג'ריש",
        "province:he": "טהראן",
        "name:tr": "İran Kara Kuvvetleri Cihad-ı Öz Yeterlilik Merkezi, Ozgol",
        "city:tr": "Tecriş",
        "province:tr": "Tahran",
        "name:ckb": "جیهادی خۆبژیویی هێزی زەمینیی ئارتەش، ئۆزگۆل",
        "city:ckb": "تەجریش",
        "province:ckb": "تاران",
        "publicId": "MTM6NjkxNDc",
        "sourceId": "69147",
        "layerId": 13,
        "type": "location",
        "urgency": null,
        "verificationTag": null,
        "expirationDate": null,
        "createdAt": "2026-03-11T21:01:42.080Z",
        "updatedAt": "2026-03-11T21:01:42.080Z"
      }
    },
    {
      "type": "Feature",
      "id": 82005,
      "geometry": {
        "type": "Point",
        "coordinates": [
          51.4449,
          35.7507
        ]
      },
      "properties": {
        "id": "MTM6NjkxNDg",
        "city": "تهران",
        "date": "1772498235",
        "status": "active",
        "name:fa": "ساختمان ویران‌شده ضربات تهران (بعد از شریعتی، بزرگراه همت)",
        "sources": "https://x.com/GeoConfirmed/status/2028630751689003177, https://x.com/Vahid/status/2028523954302841322",
        "accurate": "yes",
        "province": "استان تهران",
        "geolocates": "https://x.com/Wolltigerhueter/status/2028526770987905383",
        "name:en": "Destroyed Building from Tehran Strikes (after Shariati, Hemmat Expressway)",
        "city:en": "Tehran",
        "province:en": "Tehran",
        "name:ar": "المبنى المدمر جراء الضربات في طهران (بعد شريعتي، طريق همت السريع)",
        "city:ar": "طهران",
        "province:ar": "طهران",
        "name:he": "הבניין שהושמד בתקיפות בטהראן (אחרי שריעתי, כביש מהיר המת)",
        "city:he": "טהראן",
        "province:he": "טהראן",
        "name:tr": "Tahran Saldırılarında Yıkılan Bina (Şeriati Sonrası, Hemmet Otoyolu)",
        "city:tr": "Tahran",
        "province:tr": "Tahran",
        "name:ckb": "باڵەخانەی وێرانبووی هێرشەکانی تاران (دوای شەریعەتی، شاڕێی هیمەت)",
        "city:ckb": "تاران",
        "province:ckb": "تاران",
        "publicId": "MTM6NjkxNDg",
        "sourceId": "69148",
        "layerId": 13,
        "type": "location",
        "urgency": null,
        "verificationTag": null,
        "expirationDate": null,
        "createdAt": "2026-03-11T21:01:42.081Z",
        "updatedAt": "2026-03-11T21:01:42.081Z"
      }
    },
    {
      "type": "Feature",
      "id": 82006,
      "geometry": {
        "type": "Point",
        "coordinates": [
          47.00757,
          35.28896
        ]
      },
      "properties": {
        "id": "MTM6NjkxNDk",
        "city": "سنندج",
        "date": "1772450463",
        "status": "active",
        "name:fa": "فرماندهی انتظامی سنندج",
        "sources": "https://x.com/zarGEOINT/status/2028430378793304473",
        "accurate": "yes",
        "province": "استان کردستان",
        "name:en": "Sanandaj Law Enforcement Command",
        "city:en": "Sanandaj",
        "province:en": "Kurdistan",
        "name:ar": "قيادة الشرطة في سنندج",
        "city:ar": "سنندج",
        "province:ar": "كردستان",
        "name:he": "מפקדת המשטרה בסננדג'",
        "city:he": "סננדג'",
        "province:he": "כורדיסטאן",
        "name:tr": "Sanandac Emniyet Müdürlüğü",
        "city:tr": "Sanandac",
        "province:tr": "Kürdistan",
        "name:ckb": "فەرماندەییی ئینتزامیی سنە",
        "city:ckb": "سنە",
        "province:ckb": "کوردستان",
        "publicId": "MTM6NjkxNDk",
        "sourceId": "69149",
        "layerId": 13,
        "type": "location",
        "urgency": null,
        "verificationTag": null,
        "expirationDate": null,
        "createdAt": "2026-03-11T21:01:42.081Z",
        "updatedAt": "2026-03-11T21:01:42.081Z"
      }
    },
    {
      "type": "Feature",
      "id": 82007,
      "geometry": {
        "type": "Point",
        "coordinates": [
          48.4371878,
          34.8670998
        ]
      },
      "properties": {
        "id": "MTM6NjkxNTA",
        "city": "شهرستان همدان",
        "date": "1772448983",
        "status": "active",
        "name:fa": "شکست موشک سپاه شمال همدان",
        "sources": "https://x.com/MiddleEastBuka/status/2028424171500310549, https://x.com/MohamadAhwaze/status/2028400216982884748",
        "accurate": "yes",
        "province": "استان همدان",
        "geolocates": "https://x.com/MiddleEastBuka/status/2028424171500310549",
        "name:en": "Failed IRGC Missile Launch, North of Hamadan",
        "city:en": "Hamadan County",
        "province:en": "Hamadan",
        "name:ar": "فشل صاروخ الحرس الثوري شمال همدان",
        "city:ar": "مقاطعة همدان",
        "province:ar": "همدان",
        "name:he": "כישלון טיל משמרות המהפכה מצפון להמדאן",
        "city:he": "מחוז המדאן",
        "province:he": "המדאן",
        "name:tr": "Hamedan'ın Kuzeyinde Devrim Muhafızları Füze Kazası",
        "city:tr": "Hamedan Şehristanı",
        "province:tr": "Hemedan",
        "name:ckb": "تێکشکانی مووشەکی سوپای پاسدارانی باکووری هەمەدان",
        "city:ckb": "شارستانی هەمەدان",
        "province:ckb": "ھەمەدان",
        "publicId": "MTM6NjkxNTA",
        "sourceId": "69150",
        "layerId": 13,
        "type": "location",
        "urgency": null,
        "verificationTag": null,
        "expirationDate": null,
        "createdAt": "2026-03-11T21:01:42.082Z",
        "updatedAt": "2026-03-11T21:01:42.082Z"
      }
    },
    {
      "type": "Feature",
      "id": 82008,
      "geometry": {
        "type": "Point",
        "coordinates": [
          48.4560226,
          36.6821028
        ]
      },
      "properties": {
        "id": "MTM6NjkxNTE",
        "city": "زنجان",
        "date": "1772437152",
        "status": "active",
        "name:fa": "انبار مهمات سپاه زنجان",
        "sources": "https://x.com/MiddleEastBuka/status/2028374548593119570, https://x.com/mamlekate/status/2028202059674050968",
        "accurate": "yes",
        "province": "استان زنجان",
        "geolocates": "https://x.com/MiddleEastBuka/status/2028374548593119570",
        "name:en": "IRGC Ammunition Depot, Zanjan",
        "city:en": "Zanjan",
        "province:en": "Zanjan",
        "name:ar": "مستودع ذخيرة الحرس الثوري في زنجان",
        "city:ar": "زنجان",
        "province:ar": "زنجان",
        "name:he": "מחסן תחמושת של משמרות המהפכה בזנג'אן",
        "city:he": "זנג'אן",
        "province:he": "זנג'אן",
        "name:tr": "Zencan Devrim Muhafızları Mühimmat Deposu",
        "city:tr": "Zencan",
        "province:tr": "Zencan",
        "name:ckb": "کۆگای تەمەنی سوپای پاسدارانی زەنجان",
        "city:ckb": "زەنجان",
        "province:ckb": "زەنجان",
        "publicId": "MTM6NjkxNTE",
        "sourceId": "69151",
        "layerId": 13,
        "type": "location",
        "urgency": null,
        "verificationTag": null,
        "expirationDate": null,
        "createdAt": "2026-03-11T21:01:42.082Z",
        "updatedAt": "2026-03-11T21:01:42.082Z"
      }
    },
    {
      "type": "Feature",
      "id": 82009,
      "geometry": {
        "type": "Point",
        "coordinates": [
          51.121489,
          35.418573
        ]
      },
      "properties": {
        "id": "MTM6NjkxNTI",
        "city": "شهرستان ری",
        "date": "1772498897",
        "status": "active",
        "name:fa": "گنبد رادار فرودگاه امام خمینی",
        "sources": "https://x.com/GeoConfirmed/status/2028633524505321480, https://x.com/geo27752/status/2028455498014466158",
        "accurate": "yes",
        "province": "استان تهران",
        "geolocates": "https://x.com/geo27752/status/2028455498014466158",
        "name:en": "Imam Khomeini Airport Radar Dome",
        "city:en": "Ray County",
        "province:en": "Tehran",
        "name:ar": "قبة رادار مطار الإمام الخميني",
        "city:ar": "مقاطعة الري",
        "province:ar": "طهران",
        "name:he": "כיפת הרדאר של נמל התעופה אימאם ח'ומייני",
        "city:he": "מחוז ריי",
        "province:he": "טהראן",
        "name:tr": "İmam Humeyni Havalimanı Radar Kubbesi",
        "city:tr": "Rey Şehristanı",
        "province:tr": "Tahran",
        "name:ckb": "گومبەزی ڕاداری فڕۆکەخانەی ئیمام خومەینی",
        "city:ckb": "شارستانی ڕەی",
        "province:ckb": "تاران",
        "publicId": "MTM6NjkxNTI",
        "sourceId": "69152",
        "layerId": 13,
        "type": "location",
        "urgency": null,
        "verificationTag": null,
        "expirationDate": null,
        "createdAt": "2026-03-11T21:01:42.083Z",
        "updatedAt": "2026-03-11T21:01:42.083Z"
      }
    },
    {
      "type": "Feature",
      "id": 82010,
      "geometry": {
        "type": "Point",
        "coordinates": [
          51.4233892,
          35.6770044
        ]
      },
      "properties": {
        "id": "MTM6NjkxNTM",
        "city": "تهران",
        "date": "1772503410",
        "status": "active",
        "name:fa": "خسارت بازار بزرگ تهران (نزدیک مجتمع قضایی)",
        "sources": "https://x.com/Shayan86/status/2028652453193826635",
        "accurate": "yes",
        "province": "استان تهران",
        "name:en": "Damage at Tehran Grand Bazaar (near judicial complex)",
        "city:en": "Tehran",
        "province:en": "Tehran",
        "name:ar": "أضرار بازار طهران الكبير (بالقرب من المجمع القضائي)",
        "city:ar": "طهران",
        "province:ar": "طهران",
        "name:he": "נזק לבזאר הגדול של טהראן (סמוך למתחם המשפטי)",
        "city:he": "טהראן",
        "province:he": "טהראן",
        "name:tr": "Tahran Büyük Pazarı'ndaki Hasar (Yargı Kompleksi Yakını)",
        "city:tr": "Tahran",
        "province:tr": "Tahran",
        "name:ckb": "زیانەکانی بازاڕی گەورەی تاران (نزیک کۆمەڵگەی دادوەری)",
        "city:ckb": "تاران",
        "province:ckb": "تاران",
        "publicId": "MTM6NjkxNTM",
        "sourceId": "69153",
        "layerId": 13,
        "type": "location",
        "urgency": null,
        "verificationTag": null,
        "expirationDate": null,
        "createdAt": "2026-03-11T21:01:42.083Z",
        "updatedAt": "2026-03-11T21:01:42.083Z"
      }
    },
    {
      "type": "Feature",
      "id": 90197,
      "geometry": {
        "type": "Point",
        "coordinates": [
          46.17580632583616,
          35.49564904435172
        ]
      },
      "properties": {
        "city": "شهرستان مریوان",
        "date": 1773174600,
        "name:fa": "",
        "sources": "https://t.me/VahidOnline/72374?single , https://www.instagram.com/reel/DVvjynkF34U/?igsh=dXlvZHltcTVka2R0",
        "province": "استان کردستان",
        "geolocates": "",
        "unofficial_name:fa": "",
        "city:en": "Marivan County",
        "province:en": "Kurdistan",
        "city:ar": "قضاء مريوان",
        "province:ar": "كردستان",
        "city:he": "נפת מריוואן",
        "province:he": "כורדיסטאן",
        "city:tr": "Merivan Şehristanı",
        "province:tr": "Kürdistan",
        "city:ckb": "شارستانی مەریوان",
        "province:ckb": "کوردستان",
        "id": "MTM6NDdkYzE4NDQ5Yjc0",
        "publicId": "MTM6NDdkYzE4NDQ5Yjc0",
        "sourceId": "47dc18449b74",
        "layerId": 13,
        "type": "location",
        "status": "active",
        "urgency": null,
        "verificationTag": null,
        "expirationDate": null,
        "createdAt": "2026-03-13T20:32:06.824Z",
        "updatedAt": "2026-03-13T20:32:06.824Z"
      }
    },
    {
      "type": "Feature",
      "id": 90207,
      "geometry": {
        "type": "Point",
        "coordinates": [
          48.26658454111259,
          33.862734403980696
        ]
      },
      "properties": {
        "city": "الشتر",
        "date": 1772967410,
        "name:fa": "فرمانهی پلیس الشتر لرستان",
        "sources": "https://x.com/hey_itsmyturn/status/2032566238707159480",
        "province": "استان لرستان",
        "geolocates": "",
        "unofficial_name:fa": "",
        "name:en": "Alashtar Police Command of Lorestan",
        "city:en": "Alashtar",
        "province:en": "Lorestan",
        "name:ar": "قيادة شرطة الشتر في لرستان",
        "city:ar": "الشتر",
        "province:ar": "لرستان",
        "name:he": "מפקדת משטרת אלשתר, לורסתאן",
        "city:he": "אלשתר",
        "province:he": "לורסתאן",
        "name:tr": "Luristan Aleştar Polis Komutanlığı",
        "city:tr": "Aleştar",
        "province:tr": "Luristan",
        "name:ckb": "فەرماندەییی پۆلیسی ئەلشەتەری لۆڕستان",
        "city:ckb": "ئەلشەتەر",
        "province:ckb": "لوڕستان",
        "id": "MTM6NWFjNzdiNWY0ZTJm",
        "publicId": "MTM6NWFjNzdiNWY0ZTJm",
        "sourceId": "5ac77b5f4e2f",
        "layerId": 13,
        "type": "location",
        "status": "active",
        "urgency": null,
        "verificationTag": null,
        "expirationDate": null,
        "createdAt": "2026-03-13T21:27:43.461Z",
        "updatedAt": "2026-03-13T21:27:43.461Z"
      }
    },
    {
      "type": "Feature",
      "id": 90278,
      "geometry": {
        "type": "Point",
        "coordinates": [
          46.44462072598509,
          35.77821244004464
        ]
      },
      "properties": {
        "city": "شهرستان مریوان",
        "date": 1773174600,
        "name:fa": "پایگاە آگجە",
        "sources": "",
        "province": "استان کردستان",
        "geolocates": "",
        "unofficial_name:fa": "",
        "name:en": "Agjeh Base",
        "city:en": "Marivan",
        "province:en": "Kurdistan",
        "name:ar": "قاعدة أكجه",
        "city:ar": "مقاطعة مريوان",
        "province:ar": "كردستان",
        "name:he": "בסיס אג'ה",
        "city:he": "מריוואן",
        "province:he": "כורדיסטאן",
        "name:tr": "Agceh Üssü",
        "city:tr": "Marivan",
        "province:tr": "Kürdistan",
        "name:ckb": "پێگەی ئاگەجە",
        "city:ckb": "شارستانی مەریوان",
        "province:ckb": "کوردستان",
        "id": "MTM6MTMxMjAzMDkxYTE0",
        "publicId": "MTM6MTMxMjAzMDkxYTE0",
        "sourceId": "131203091a14",
        "layerId": 13,
        "type": "location",
        "status": "active",
        "urgency": null,
        "verificationTag": null,
        "expirationDate": null,
        "createdAt": "2026-03-14T13:06:41.589Z",
        "updatedAt": "2026-03-14T13:06:41.589Z"
      }
    },
    {
      "type": "Feature",
      "id": 90295,
      "geometry": {
        "type": "Point",
        "coordinates": [
          46.303642492551546,
          33.83351545251827
        ]
      },
      "properties": {
        "city": "ایوان",
        "date": 1773453600,
        "name:fa": "ترور هدفمند - ایوان ایلام",
        "sources": "https://x.com/Vahid/status/2032822946834559076",
        "province": "استان ایلام",
        "geolocates": "",
        "unofficial_name:fa": "",
        "name:en": "Targeted Assassination - Eyvan, Ilam",
        "city:en": "Eyvan",
        "province:en": "Ilam",
        "name:ar": "اغتيال مستهدف - إيوان إيلام",
        "city:ar": "إيوان",
        "province:ar": "إيلام",
        "name:he": "חיסול ממוקד - איוואן אילאם",
        "city:he": "איוואן",
        "province:he": "אילאם",
        "name:tr": "Hedefli Suikast - Eyvan, İlam",
        "city:tr": "Eyvan",
        "province:tr": "İlam",
        "name:ckb": "تیرۆری ئامانجدار - ئەيوان ئیلام",
        "city:ckb": "ئەيوان",
        "province:ckb": "ئیلام",
        "id": "MTM6ZWM2OTJkYTkwNTA0",
        "publicId": "MTM6ZWM2OTJkYTkwNTA0",
        "sourceId": "ec692da90504",
        "layerId": 13,
        "type": "location",
        "status": "active",
        "urgency": null,
        "verificationTag": null,
        "expirationDate": null,
        "createdAt": "2026-03-14T18:37:18.118Z",
        "updatedAt": "2026-03-14T18:37:18.118Z"
      }
    },
    {
      "type": "Feature",
      "id": 90298,
      "geometry": {
        "type": "Point",
        "coordinates": [
          51.240881767940664,
          35.694050387798086
        ]
      },
      "properties": {
        "name:fa": "پادگان آماد و پشتیبانی شهید بروجردی سپاه پاسداران",
        "unofficial_name:fa": "",
        "date": "",
        "geolocates": "",
        "sources": "",
        "city": "تهران",
        "province": "استان تهران",
        "name:en": "Shahid Boroujerdi IRGC Logistics and Support Garrison",
        "city:en": "Tehran",
        "province:en": "Tehran",
        "name:ar": "ثكنة الإمداد والدعم الشهيد بروجردي التابعة للحرس الثوري",
        "city:ar": "طهران",
        "province:ar": "طهران",
        "name:he": "בסיס הציוד והלוגיסטיקה שהיד בורוג'רדי של משמרות המהפכה",
        "city:he": "טהראן",
        "province:he": "טהראן",
        "name:tr": "Devrim Muhafızları Ordusu Şehit Borucerdi Lojistik ve Destek Kışlası",
        "city:tr": "Tahran",
        "province:tr": "Tahran",
        "name:ckb": "سەربازگەی ئامادەسازی و پشتیوانیی شەهید برۆجێردیی سوپای پاسداران",
        "city:ckb": "تاران",
        "province:ckb": "تاران",
        "id": "MTM6MjEyOTFkNDEzNTdm",
        "publicId": "MTM6MjEyOTFkNDEzNTdm",
        "sourceId": "21291d41357f",
        "layerId": 13,
        "type": "location",
        "status": "active",
        "urgency": null,
        "verificationTag": "verified",
        "expirationDate": null,
        "createdAt": "2026-03-15T07:38:11.982Z",
        "updatedAt": "2026-03-26T02:08:20.612Z"
      }
    },
    {
      "type": "Feature",
      "id": 90933,
      "geometry": {
        "type": "Point",
        "coordinates": [
          51.98964982209188,
          35.719784292634415
        ]
      },
      "properties": {
        "city": "شهرستان دماوند",
        "date": 1774081800,
        "name:fa": "تولید موشک‌های بالستیک",
        "sources": "https://x.com/acceladealer/status/2035812684008988835?s=20",
        "province": "استان تهران",
        "geolocates": "",
        "description": "",
        "unofficial_name:fa": "",
        "name:en": "Ballistic Missile Production",
        "city:en": "Damavand County",
        "province:en": "Tehran",
        "name:ar": "إنتاج الصواريخ الباليستية",
        "city:ar": "مقاطعة دماوند",
        "province:ar": "طهران",
        "name:he": "ייצור טילים בליסטיים",
        "province:he": "טהראן",
        "name:tr": "Balistik Füze Üretimi",
        "city:tr": "Demavend",
        "province:tr": "Tahran",
        "name:ckb": "بەرهەمهێنانی مووشەکی بالیستیک",
        "city:ckb": "شارستانی دەماوەند",
        "province:ckb": "تاران",
        "id": "MTM6ZmMzNDg0ZTI3MTI4",
        "publicId": "MTM6ZmMzNDg0ZTI3MTI4",
        "sourceId": "fc3484e27128",
        "layerId": 13,
        "type": "location",
        "status": "active",
        "urgency": null,
        "verificationTag": "verified",
        "expirationDate": null,
        "createdAt": "2026-03-23T11:13:58.719Z",
        "updatedAt": "2026-04-08T20:35:23.421Z"
      }
    },
    {
      "type": "Feature",
      "id": 92828,
      "geometry": {
        "type": "Point",
        "coordinates": [
          51.4645046634771,
          35.766434424147846
        ]
      },
      "properties": {
        "name:fa": "ساختمان امنیتی",
        "unofficial_name:fa": "",
        "date": 1750710600,
        "geolocates": "",
        "sources": "https://x.com/Vahid/status/1937451759548645853",
        "description": "",
        "city": "تهران",
        "province": "استان تهران",
        "name:en": "Security Building",
        "city:en": "Tehran",
        "province:en": "Tehran",
        "name:ar": "مبنى أمني",
        "city:ar": "طهران",
        "province:ar": "طهران",
        "name:he": "בניין ביטחוני",
        "city:he": "טהראן",
        "province:he": "טהראן",
        "name:tr": "Güvenlik Binası",
        "city:tr": "Tahran",
        "province:tr": "Tahran",
        "name:ckb": "باڵەخانەی ئاسایشی",
        "city:ckb": "تاران",
        "province:ckb": "تاران",
        "id": "MTM6ZDQzY2IxNzY4ZGZm",
        "publicId": "MTM6ZDQzY2IxNzY4ZGZm",
        "sourceId": "d43cb1768dff",
        "layerId": 13,
        "type": "location",
        "status": "active",
        "urgency": null,
        "verificationTag": "verified",
        "expirationDate": null,
        "createdAt": "2026-04-02T12:39:57.793Z",
        "updatedAt": "2026-04-02T12:39:57.793Z"
      }
    },
    {
      "type": "Feature",
      "id": 94484,
      "geometry": {
        "type": "Point",
        "coordinates": [
          51.40244700014591,
          35.709793806444154
        ]
      },
      "properties": {
        "name:fa": "محل اصابت در جنگ ۱۲ روزه",
        "unofficial_name:fa": "",
        "date": 1750105800,
        "geolocates": "",
        "sources": "",
        "description": "محل اصابت در جنگ دوازده روزه و تخریب کامل منازل کوچه",
        "city": "تهران",
        "province": "استان تهران",
        "name:en": "Impact location in the 12-day war",
        "description:en": "Impact location during the twelve-day war and complete destruction of homes in the alley",
        "city:en": "Tehran",
        "province:en": "Tehran",
        "name:ar": "موقع القصف في حرب الـ 12 يوماً",
        "description:ar": "موقع القصف في حرب الـ 12 يوماً وتدمير منازل الزقاق بالكامل",
        "city:ar": "طهران",
        "province:ar": "طهران",
        "name:he": "אתר הפגיעה במלחמת 12 הימים",
        "description:he": "אתר הפגיעה במלחמת 12 הימים והרס מוחלט של בתי הסמטה",
        "city:he": "טהראן",
        "province:he": "טהראן",
        "name:tr": "12 Gün Savaşı'nda Vurulan Yer",
        "description:tr": "On İki Gün Savaşı'nda vurulan yer ve sokaktaki evlerin tamamen yıkılması.",
        "city:tr": "Tahran",
        "province:tr": "Tahran",
        "name:ckb": "شوێنی پێکانی لە جەنگی 12 ڕۆژە",
        "description:ckb": "شوێنی پێکان لە جەنگی دوانزە ڕۆژەدا و وێرانبوونی تەواوی ماڵەکانی کۆڵانەکە",
        "city:ckb": "تاران",
        "province:ckb": "تاران",
        "id": "MTM6YmIzNzk4ZDJmMzYz",
        "publicId": "MTM6YmIzNzk4ZDJmMzYz",
        "sourceId": "bb3798d2f363",
        "layerId": 13,
        "type": "event",
        "status": "active",
        "urgency": null,
        "verificationTag": "not-verified",
        "expirationDate": null,
        "createdAt": "2026-08-19T17:15:22.538Z",
        "updatedAt": "2026-08-19T17:15:22.538Z"
      }
    },
    {
      "type": "Feature",
      "id": 94485,
      "geometry": {
        "type": "Point",
        "coordinates": [
          51.50418218225241,
          35.73168533016039
        ]
      },
      "properties": {
        "name:fa": "حمله هوایی",
        "unofficial_name:fa": "",
        "date": 1750021200,
        "geolocates": "",
        "sources": "",
        "description": "جنگ دوازده روزه، روز چهارم ساعت ۱۲:۳۰ شب با جنگنده اینجا را زدند",
        "city": "تهران",
        "province": "استان تهران",
        "name:en": "Airstrike",
        "description:en": "Twelve-Day War, fourth day at 12:30 AM, they struck this place with a fighter jet.",
        "city:en": "Tehran",
        "province:en": "Tehran",
        "name:ar": "هجوم جوي",
        "description:ar": "حرب الـ 12 يوماً، اليوم الرابع في الساعة 12:30 ليلاً، تعرض هذا المكان للقصف بطائرة مقاتلة",
        "city:ar": "طهران",
        "province:ar": "طهران",
        "name:he": "תקיפה אווירית",
        "description:he": "מלחמת 12 הימים, היום הרביעי בשעה 12:30 בלילה תקפו כאן באמצעות מטוס קרב",
        "city:he": "טהראן",
        "province:he": "טהראן",
        "name:tr": "Hava Saldırısı",
        "description:tr": "On İki Gün Savaşı'nın dördüncü günü gece saat 12:30'da burası savaş uçaklarıyla vuruldu.",
        "city:tr": "Tahran",
        "province:tr": "Tahran",
        "name:ckb": "هێرشی ئاسمانی",
        "description:ckb": "جەنگی دوانزە ڕۆژە، ڕۆژی چوارەم کاتژمێر 12:30ی شەو بە فڕۆکەی جەنگی لێرەیاندا",
        "city:ckb": "تاران",
        "province:ckb": "تاران",
        "id": "MTM6MGVjYmZhNjA5NDEw",
        "publicId": "MTM6MGVjYmZhNjA5NDEw",
        "sourceId": "0ecbfa609410",
        "layerId": 13,
        "type": "event",
        "status": "active",
        "urgency": null,
        "verificationTag": "not-verified",
        "expirationDate": null,
        "createdAt": "2026-08-19T17:18:00.470Z",
        "updatedAt": "2026-08-19T17:18:00.470Z"
      }
    },
    {
      "type": "Feature",
      "id": 95272,
      "geometry": {
        "type": "Point",
        "coordinates": [
          50.12968182027,
          33.56230381415
        ]
      },
      "properties": {
        "id": "MTM6ODk",
        "city": "شهرستان خمین",
        "date": "1750172400",
        "type": "event",
        "sources": "https://t.me/VahidOnline/65794, https://t.me/idfinfarsi/9564",
        "accurate": "yes",
        "province": "استان مرکزی",
        "geolocates": "https://x.com/BenTzionMacales/status/1941150617256484872",
        "city:en": "Khomein County",
        "province:en": "Markazi",
        "city:ar": "مقاطعة خمين",
        "province:ar": "المركزية",
        "city:he": "נפת ח'ומיין",
        "province:he": "מרכזי",
        "city:tr": "Humeyn Şehristanı",
        "province:tr": "Merkezi",
        "city:ckb": "شارستانی خومەین",
        "province:ckb": "مەرکەزی",
        "publicId": "MTM6ODk",
        "sourceId": "89",
        "layerId": 13,
        "status": "active",
        "urgency": null,
        "verificationTag": null,
        "expirationDate": null,
        "createdAt": "2026-10-07T04:26:23.359Z",
        "updatedAt": "2026-10-07T04:26:23.359Z"
      }
    },
    {
      "type": "Feature",
      "id": 95273,
      "geometry": {
        "type": "Point",
        "coordinates": [
          50.45413255155,
          35.95467792581
        ]
      },
      "properties": {
        "id": "MTM6NTc4",
        "city": "شهرستان نظرآباد",
        "date": "1749772800-1749976200",
        "type": "event",
        "name:fa": "فرودگاه آموزشی تفریحی آزادی",
        "accurate": "yes",
        "province": "استان البرز",
        "geolocates": "https://x.com/ResindScientist/status/1941916307516973328",
        "unofficial_name": "Azadi Recreational and Training Airport",
        "unofficial_name:fa": "فرودگاه آموزشی تفریحی آزادی",
        "name:en": "Azadi Educational and Recreational Airfield",
        "city:en": "Nazarabad County",
        "province:en": "Alborz",
        "name:ar": "مطار أزادي للتدريب والترفيه",
        "city:ar": "قضاء نظر آباد",
        "province:ar": "ألبرز",
        "name:he": "שדה התעופה ללימודים ופנאי אזאדי",
        "city:he": "נזר-אבאד",
        "province:he": "אלבורז",
        "name:tr": "Azadi Eğitim ve Eğlence Havalimanı",
        "city:tr": "Nazerabad Şehristanı",
        "province:tr": "Elburz",
        "name:ckb": "فڕۆکەخانەی ڕاهێنان و کات بەسەربردنی ئازادی",
        "city:ckb": "شارستانی نەزەرئاباد",
        "province:ckb": "ئەلبورز",
        "publicId": "MTM6NTc4",
        "sourceId": "578",
        "layerId": 13,
        "status": "active",
        "urgency": null,
        "verificationTag": null,
        "expirationDate": null,
        "createdAt": "2026-10-07T04:26:23.359Z",
        "updatedAt": "2026-10-07T04:26:23.359Z"
      }
    },
    {
      "type": "Feature",
      "id": 95274,
      "geometry": {
        "type": "Point",
        "coordinates": [
          51.43010526761,
          32.69554314773
        ]
      },
      "properties": {
        "id": "MTM6NDcx",
        "city": "شهرستان نجف آباد",
        "date": "1750159800",
        "type": "event",
        "name:fa": "پایگاه موشکی اصفهان",
        "sources": "https://t.me/idfinfarsi/9564",
        "accurate": "yes",
        "province": "استان اصفهان",
        "geolocates": "https://x.com/BenTzionMacales/status/1941151953859301583",
        "unofficial_name": "Isfahan Missile Base",
        "unofficial_name:fa": "پایگاه موشکی اصفهان",
        "name:en": "Isfahan Missile Base",
        "city:en": "Najafabad County",
        "province:en": "Isfahan",
        "name:ar": "قاعدة أصفهان الصاروخية",
        "city:ar": "قضاء نجف آباد",
        "province:ar": "أصفهان",
        "name:he": "בסיס הטילים אספהאן",
        "city:he": "נג'ף אבאד",
        "province:he": "אספהאן",
        "name:tr": "İsfahan Füze Üssü",
        "city:tr": "Necefabad Şehristanı",
        "province:tr": "İsfahan",
        "name:ckb": "پایگای مووشەکیی ئەسفەهان",
        "city:ckb": "شارستانی نەجەفئاباد",
        "province:ckb": "ئەسفەھان",
        "publicId": "MTM6NDcx",
        "sourceId": "471",
        "layerId": 13,
        "status": "active",
        "urgency": null,
        "verificationTag": null,
        "expirationDate": null,
        "createdAt": "2026-10-07T04:26:23.359Z",
        "updatedAt": "2026-10-07T04:26:23.359Z"
      }
    },
    {
      "type": "Feature",
      "id": 95275,
      "geometry": {
        "type": "Point",
        "coordinates": [
          47.23199754819,
          34.35047384227
        ]
      },
      "properties": {
        "id": "MTM6NTIw",
        "city": "شهرستان کرمانشاه",
        "date": "1749772800-1750064400",
        "type": "event",
        "name:fa": "پایگاه موشکی کرمانشاه",
        "accurate": "yes",
        "province": "استان کرمانشاه",
        "geolocates": "https://x.com/detresfa_/status/1934508002079637523, https://x.com/BenTzionMacales/status/1941149607251345610, https://x.com/Shayan86/status/1934437475398619365",
        "unofficial_name": "Kermanshah Missile Base",
        "unofficial_name:fa": "پایگاه موشکی کرمانشاه",
        "name:en": "Kermanshah Missile Base",
        "city:en": "Kermanshah County",
        "province:en": "Kermanshah",
        "name:ar": "قاعدة كرمانشاه الصاروخية",
        "city:ar": "قضاء كرمانشاه",
        "province:ar": "كرمانشاه",
        "name:he": "בסיס הטילים כרמאנשאה",
        "city:he": "כרמאנשאה",
        "province:he": "כרמאנשאה",
        "name:tr": "Kirmanşah Füze Üssü",
        "city:tr": "Kirmanşah Şehristanı",
        "province:tr": "Kirmanşah",
        "name:ckb": "پایگای مووشەکیی کرماشان",
        "city:ckb": "شارستانی کرماشان",
        "province:ckb": "کرماشان",
        "publicId": "MTM6NTIw",
        "sourceId": "520",
        "layerId": 13,
        "status": "active",
        "urgency": null,
        "verificationTag": null,
        "expirationDate": null,
        "createdAt": "2026-10-07T04:26:23.359Z",
        "updatedAt": "2026-10-07T04:26:23.359Z"
      }
    },
    {
      "type": "Feature",
      "id": 95276,
      "geometry": {
        "type": "Point",
        "coordinates": [
          50.44048547611,
          35.67795375496
        ]
      },
      "properties": {
        "id": "MTM6NDEy",
        "city": "شهرستان اشتهارد",
        "date": "1749772800-1750755600",
        "type": "event",
        "name:fa": "پایگاه موشکی اشتهارد",
        "accurate": "yes",
        "province": "استان البرز",
        "geolocates": "https://x.com/BenTzionMacales/status/1941150251714597345",
        "unofficial_name": "Eshtehard Missile Base",
        "unofficial_name:fa": "پایگاه موشکی اشتهارد",
        "name:en": "Eshtehard Missile Base",
        "city:en": "Eshtehard County",
        "province:en": "Alborz",
        "name:ar": "قاعدة اشتهارد الصاروخية",
        "city:ar": "قضاء اشتهارد",
        "province:ar": "ألبرز",
        "name:he": "בסיס הטילים אשתהארד",
        "city:he": "אשתהארד",
        "province:he": "אלבורז",
        "name:tr": "Eştehard Füze Üssü",
        "city:tr": "Eştehard Şehristanı",
        "province:tr": "Elburz",
        "name:ckb": "پایگای مووشەکیی ئیشتێهارد",
        "city:ckb": "شارستانی ئیشتێهارد",
        "province:ckb": "ئەلبورز",
        "publicId": "MTM6NDEy",
        "sourceId": "412",
        "layerId": 13,
        "status": "active",
        "urgency": null,
        "verificationTag": null,
        "expirationDate": null,
        "createdAt": "2026-10-07T04:26:23.359Z",
        "updatedAt": "2026-10-07T04:26:23.359Z"
      }
    },
    {
      "type": "Feature",
      "id": 95277,
      "geometry": {
        "type": "Point",
        "coordinates": [
          47.87971347302,
          34.43803335079
        ]
      },
      "properties": {
        "id": "MTM6MzUz",
        "city": "شهرستان کنگاور",
        "date": "1749897000",
        "type": "event",
        "name:fa": "پایگاه موشکی کنگاور",
        "accurate": "yes",
        "province": "استان کرمانشاه",
        "geolocates": "https://x.com/BenTzionMacales/status/1941149847828177109",
        "unofficial_name": "Kangavar Missile Base",
        "unofficial_name:fa": "پایگاه موشکی کنگاور",
        "name:en": "Kangavar Missile Base",
        "city:en": "Kangavar County",
        "province:en": "Kermanshah",
        "name:ar": "قاعدة كنكاور الصاروخية",
        "city:ar": "قضاء كنكاور",
        "province:ar": "كرمانشاه",
        "name:he": "בסיס הטילים קנגאוור",
        "city:he": "קנגאוור",
        "province:he": "כרמאנשאה",
        "name:tr": "Kengaver Füze Üssü",
        "city:tr": "Kengaver Şehristanı",
        "province:tr": "Kirmanşah",
        "name:ckb": "پایگای مووشەکیی کەنگاوەر",
        "city:ckb": "شارستانی کەنگاوەر",
        "province:ckb": "کرماشان",
        "publicId": "MTM6MzUz",
        "sourceId": "353",
        "layerId": 13,
        "status": "active",
        "urgency": null,
        "verificationTag": null,
        "expirationDate": null,
        "createdAt": "2026-10-07T04:26:23.359Z",
        "updatedAt": "2026-10-07T04:26:23.359Z"
      }
    },
    {
      "type": "Feature",
      "id": 95278,
      "geometry": {
        "type": "Point",
        "coordinates": [
          52.16043590426,
          27.7533547165
        ]
      },
      "properties": {
        "id": "MTM6Mjk0",
        "city": "شهرستان کنگان",
        "date": "1749911400",
        "name": "Phase 14 of the South Pars Gas Field",
        "type": "event",
        "name:fa": "فاز ۱۴ پارس جنوبی",
        "sources": "https://t.me/mamlekate/95359",
        "province": "استان بوشهر",
        "geolocates": "https://x.com/andynovy/status/1933911372708061552",
        "name:en": "South Pars Phase 14",
        "city:en": "Kangan County",
        "province:en": "Bushehr",
        "name:ar": "المرحلة 14 من بارس الجنوبي",
        "city:ar": "قضاء كنغان",
        "province:ar": "بوشهر",
        "name:he": "שלב 14 של פארס הדרומית",
        "city:he": "קנגאן",
        "province:he": "בושהר",
        "name:tr": "Güney Pars 14. Fazı",
        "city:tr": "Kengan Şehristanı",
        "province:tr": "Buşehr",
        "name:ckb": "فازی 14ی پارسی باشوور",
        "city:ckb": "شارستانی کەنگان",
        "province:ckb": "بووشەھر",
        "publicId": "MTM6Mjk0",
        "sourceId": "294",
        "layerId": 13,
        "status": "active",
        "urgency": null,
        "verificationTag": null,
        "expirationDate": null,
        "createdAt": "2026-10-07T04:26:23.359Z",
        "updatedAt": "2026-10-07T04:26:23.359Z"
      }
    },
    {
      "type": "Feature",
      "id": 95279,
      "geometry": {
        "type": "Point",
        "coordinates": [
          48.21109235018,
          33.55212481748
        ]
      },
      "properties": {
        "id": "MTM6MjE3",
        "city": "شهرستان چگنی",
        "date": "1749943800",
        "type": "event",
        "name:fa": "پایگاه موشکی خرم‌آباد",
        "sources": "https://t.me/P_raetorio/27657",
        "accurate": "yes",
        "province": "استان لرستان",
        "geolocates": "https://x.com/BenTzionMacales/status/1941149999192216043",
        "unofficial_name": "KhoramAbad Missile Base",
        "unofficial_name:fa": "پایگاه موشکی خرم‌آباد",
        "name:en": "Khorramabad Missile Base",
        "city:en": "Chegeni County",
        "province:en": "Lorestan",
        "name:ar": "قاعدة خرم آباد الصاروخية",
        "city:ar": "قضاء تشكني",
        "province:ar": "لرستان",
        "name:he": "בסיס הטילים ח'ורמאבאד",
        "city:he": "צ'גני",
        "province:he": "לורסתאן",
        "name:tr": "Hürremabad Füze Üssü",
        "city:tr": "Çegeni Şehristanı",
        "province:tr": "Luristan",
        "name:ckb": "پایگای مووشەکیی خورەمئاوا",
        "city:ckb": "شارستانی چەگەنی",
        "province:ckb": "لوڕستان",
        "publicId": "MTM6MjE3",
        "sourceId": "217",
        "layerId": 13,
        "status": "active",
        "urgency": null,
        "verificationTag": null,
        "expirationDate": null,
        "createdAt": "2026-10-07T04:26:23.359Z",
        "updatedAt": "2026-10-07T04:26:23.359Z"
      }
    },
    {
      "type": "Feature",
      "id": 95280,
      "geometry": {
        "type": "Point",
        "coordinates": [
          46.15098416269,
          38.25968662153
        ]
      },
      "properties": {
        "id": "MTM6MTYx",
        "city": "شهرستان شبستر",
        "date": "1749772800-1749889800",
        "name": "Tabriz Missile Base",
        "type": "event",
        "name:fa": "پایگاه موشکی تبریز",
        "accurate": "yes",
        "province": "استان آذربایجان شرقی",
        "geolocates": "https://x.com/byjepstein/status/1935087907976495587, https://x.com/BenTzionMacales/status/1941149498425950483",
        "name:en": "Tabriz Missile Base",
        "city:en": "Shabestar County",
        "province:en": "East Azerbaijan",
        "name:he": "בסיס הטילים תבריז",
        "city:he": "שבסטר",
        "province:he": "אזרבייג'ן המזרחית",
        "name:ar": "قاعدة تبريز الصاروخية",
        "city:ar": "مقاطعة شبستر",
        "province:ar": "أذربيجان الشرقية",
        "name:tr": "Tebriz Füze Üssü",
        "city:tr": "Şebestar Şehristanı",
        "province:tr": "Doğu Azerbaycan",
        "name:ckb": "پایگای مووشەکیی تەبرێز",
        "city:ckb": "شارستانی شەبستەر",
        "province:ckb": "ئازەربایجانی ڕۆژھەڵات",
        "publicId": "MTM6MTYx",
        "sourceId": "161",
        "layerId": 13,
        "status": "active",
        "urgency": null,
        "verificationTag": null,
        "expirationDate": null,
        "createdAt": "2026-10-07T04:26:23.359Z",
        "updatedAt": "2026-10-07T04:26:23.359Z"
      }
    },
    {
      "type": "Feature",
      "id": 95281,
      "geometry": {
        "type": "Point",
        "coordinates": [
          47.2362917608,
          34.36938520896
        ]
      },
      "properties": {
        "id": "MTM6OTU",
        "city": "شهرستان کرمانشاه",
        "date": "1749772800-1750064400",
        "type": "event",
        "name:fa": "پایگاه موشکی کرمانشاه",
        "accurate": "yes",
        "province": "استان کرمانشاه",
        "geolocates": "https://x.com/detresfa_/status/1934508002079637523, https://x.com/BenTzionMacales/status/1941149607251345610, https://x.com/Shayan86/status/1934437475398619365",
        "unofficial_name": "Kermanshah Missile Base",
        "unofficial_name:fa": "پایگاه موشکی کرمانشاه",
        "name:en": "Kermanshah Missile Base",
        "city:en": "Kermanshah County",
        "province:en": "Kermanshah",
        "name:ar": "قاعدة كرمانشاه الصاروخية",
        "city:ar": "قضاء كرمانشاه",
        "province:ar": "كرمانشاه",
        "name:he": "בסיס הטילים כרמאנשאה",
        "city:he": "כרמאנשאה",
        "province:he": "כרמאנשאה",
        "name:tr": "Kirmanşah Füze Üssü",
        "city:tr": "Kirmanşah Şehristanı",
        "province:tr": "Kirmanşah",
        "name:ckb": "پایگای مووشەکیی کرماشان",
        "city:ckb": "شارستانی کرماشان",
        "province:ckb": "کرماشان",
        "publicId": "MTM6OTU",
        "sourceId": "95",
        "layerId": 13,
        "status": "active",
        "urgency": null,
        "verificationTag": null,
        "expirationDate": null,
        "createdAt": "2026-10-07T04:26:23.359Z",
        "updatedAt": "2026-10-07T04:26:23.359Z"
      }
    },
    {
      "type": "Feature",
      "id": 95282,
      "geometry": {
        "type": "Point",
        "coordinates": [
          51.25548004031,
          34.09382369645
        ]
      },
      "properties": {
        "id": "MTM6NTky",
        "city": "شهرستان کاشان",
        "date": "1749772800-1750755600",
        "type": "event",
        "name:fa": "پایگاه موشکی کاشان",
        "province": "استان اصفهان",
        "geolocates": "https://x.com/BenTzionMacales/status/1942231450478055682",
        "unofficial_name": "Kashan Missile Base",
        "unofficial_name:fa": "پایگاه موشکی کاشان",
        "name:en": "Kashan Missile Base",
        "city:en": "Kashan County",
        "province:en": "Isfahan",
        "name:ar": "قاعدة كاشان الصاروخية",
        "city:ar": "قضاء كاشان",
        "province:ar": "أصفهان",
        "name:he": "בסיס הטילים כאשאן",
        "city:he": "כאשאן",
        "province:he": "אספהאן",
        "name:tr": "Kaşan Füze Üssü",
        "city:tr": "Kaşan Şehristanı",
        "province:tr": "İsfahan",
        "name:ckb": "پایگای مووشەکیی کاشان",
        "city:ckb": "شارستانی کاشان",
        "province:ckb": "ئەسفەھان",
        "publicId": "MTM6NTky",
        "sourceId": "592",
        "layerId": 13,
        "status": "active",
        "urgency": null,
        "verificationTag": null,
        "expirationDate": null,
        "createdAt": "2026-10-07T04:26:23.359Z",
        "updatedAt": "2026-10-07T04:26:23.359Z"
      }
    },
    {
      "type": "Feature",
      "id": 95283,
      "geometry": {
        "type": "Point",
        "coordinates": [
          51.43525510758,
          32.69281412754
        ]
      },
      "properties": {
        "id": "MTM6NDg1",
        "city": "شهرستان نجف آباد",
        "date": "1750159800",
        "type": "event",
        "name:fa": "پایگاه موشکی اصفهان",
        "sources": "https://t.me/idfinfarsi/9564",
        "accurate": "yes",
        "province": "استان اصفهان",
        "geolocates": "https://x.com/BenTzionMacales/status/1941151953859301583",
        "unofficial_name": "Isfahan Missile Base",
        "unofficial_name:fa": "پایگاه موشکی اصفهان",
        "name:en": "Isfahan Missile Base",
        "city:en": "Najafabad County",
        "province:en": "Isfahan",
        "name:ar": "قاعدة أصفهان الصاروخية",
        "city:ar": "قضاء نجف آباد",
        "province:ar": "أصفهان",
        "name:he": "בסיס הטילים אספהאן",
        "city:he": "נג'ף אבאד",
        "province:he": "אספהאן",
        "name:tr": "İsfahan Füze Üssü",
        "city:tr": "Necefabad Şehristanı",
        "province:tr": "İsfahan",
        "name:ckb": "پایگای مووشەکیی ئەسفەهان",
        "city:ckb": "شارستانی نەجەفئاباد",
        "province:ckb": "ئەسفەھان",
        "publicId": "MTM6NDg1",
        "sourceId": "485",
        "layerId": 13,
        "status": "active",
        "urgency": null,
        "verificationTag": null,
        "expirationDate": null,
        "createdAt": "2026-10-07T04:26:23.359Z",
        "updatedAt": "2026-10-07T04:26:23.359Z"
      }
    },
    {
      "type": "Feature",
      "id": 95284,
      "geometry": {
        "type": "Point",
        "coordinates": [
          50.88392435968,
          35.58107442631
        ]
      },
      "properties": {
        "id": "MTM6NDI2",
        "city": "شهرستان شهریار",
        "date": "1749772800-1750410000",
        "type": "event",
        "name:fa": "مجموعه موشکی بیدگنه",
        "accurate": "yes",
        "province": "استان تهران",
        "geolocates": "https://x.com/BenTzionMacales/status/1941150385441566832",
        "unofficial_name": "Bidkaneh Missile Base",
        "unofficial_name:fa": "مجموعه موشکی بیدگنه",
        "name:en": "Bidganeh Missile Complex",
        "city:en": "Shahriar County",
        "province:en": "Tehran",
        "name:ar": "مجمع بيدكنه الصاروخي",
        "city:ar": "قضاء شهريار",
        "province:ar": "طهران",
        "name:he": "מתחם הטילים בידגנה",
        "city:he": "שהריאר",
        "province:he": "טהראן",
        "name:tr": "Bidgene Füze Kompleksi",
        "city:tr": "Şehriyar Şehristanı",
        "province:tr": "Tahran",
        "name:ckb": "کۆمەڵەی مووشەکیی بیدگەنە",
        "city:ckb": "شارستانی شەهریار",
        "province:ckb": "تاران",
        "publicId": "MTM6NDI2",
        "sourceId": "426",
        "layerId": 13,
        "status": "active",
        "urgency": null,
        "verificationTag": null,
        "expirationDate": null,
        "createdAt": "2026-10-07T04:26:23.359Z",
        "updatedAt": "2026-10-07T04:26:23.359Z"
      }
    },
    {
      "type": "Feature",
      "id": 95285,
      "geometry": {
        "type": "Point",
        "coordinates": [
          47.86747187108,
          34.44236457041
        ]
      },
      "properties": {
        "id": "MTM6MzU5",
        "city": "شهرستان کنگاور",
        "date": "1749897000",
        "type": "event",
        "name:fa": "پایگاه موشکی کنگاور",
        "accurate": "yes",
        "province": "استان کرمانشاه",
        "geolocates": "https://x.com/BenTzionMacales/status/1941149847828177109",
        "unofficial_name": "Kangavar Missile Base",
        "unofficial_name:fa": "پایگاه موشکی کنگاور",
        "name:en": "Kangavar Missile Base",
        "city:en": "Kangavar County",
        "province:en": "Kermanshah",
        "name:ar": "قاعدة كنكاور الصاروخية",
        "city:ar": "قضاء كنكاور",
        "province:ar": "كرمانشاه",
        "name:he": "בסיס הטילים קנגאוור",
        "province:he": "כרמאנשאה",
        "name:tr": "Kengaver Füze Üssü",
        "city:tr": "Kengaver Şehristanı",
        "province:tr": "Kirmanşah",
        "name:ckb": "پایگای مووشەکیی کەنگاوەر",
        "city:ckb": "شارستانی کەنگاوەر",
        "province:ckb": "کرماشان",
        "publicId": "MTM6MzU5",
        "sourceId": "359",
        "layerId": 13,
        "status": "active",
        "urgency": null,
        "verificationTag": null,
        "expirationDate": null,
        "createdAt": "2026-10-07T04:26:23.359Z",
        "updatedAt": "2026-10-07T04:26:23.359Z"
      }
    },
    {
      "type": "Feature",
      "id": 95286,
      "geometry": {
        "type": "Point",
        "coordinates": [
          51.28147870034,
          35.69993679446
        ]
      },
      "properties": {
        "id": "MTM6MzAw",
        "city": "تهران",
        "date": "1749772800-1750755600",
        "type": "event",
        "accurate": "yes",
        "province": "استان تهران",
        "geolocates": "https://x.com/Shayan86/status/1937649801807692273",
        "city:en": "Tehran",
        "province:en": "Tehran",
        "city:ar": "طهران",
        "province:ar": "طهران",
        "city:he": "טהראן",
        "province:he": "טהראן",
        "city:tr": "Tahran",
        "province:tr": "Tahran",
        "city:ckb": "تاران",
        "province:ckb": "تاران",
        "publicId": "MTM6MzAw",
        "sourceId": "300",
        "layerId": 13,
        "status": "active",
        "urgency": null,
        "verificationTag": null,
        "expirationDate": null,
        "createdAt": "2026-10-07T04:26:23.359Z",
        "updatedAt": "2026-10-07T04:26:23.359Z"
      }
    },
    {
      "type": "Feature",
      "id": 95287,
      "geometry": {
        "type": "Point",
        "coordinates": [
          47.23572715983,
          34.35421836975
        ]
      },
      "properties": {
        "id": "MTM6MjQx",
        "city": "شهرستان کرمانشاه",
        "date": "1749772800-1750064400",
        "type": "event",
        "name:fa": "پایگاه موشکی کرمانشاه",
        "accurate": "yes",
        "province": "استان کرمانشاه",
        "geolocates": "https://x.com/detresfa_/status/1934508002079637523, https://x.com/BenTzionMacales/status/1941149607251345610, https://x.com/Shayan86/status/1934437475398619365",
        "unofficial_name": "Kermanshah Missile Base",
        "unofficial_name:fa": "پایگاه موشکی کرمانشاه",
        "name:en": "Kermanshah Missile Base",
        "city:en": "Kermanshah County",
        "province:en": "Kermanshah",
        "name:ar": "قاعدة كرمانشاه الصاروخية",
        "city:ar": "قضاء كرمانشاه",
        "province:ar": "كرمانشاه",
        "name:he": "בסיס הטילים כרמאנשאה",
        "city:he": "כרמאנשאה",
        "province:he": "כרמאנשאה",
        "name:tr": "Kirmanşah Füze Üssü",
        "city:tr": "Kirmanşah Şehristanı",
        "province:tr": "Kirmanşah",
        "name:ckb": "پایگای مووشەکیی کرماشان",
        "city:ckb": "شارستانی کرماشان",
        "province:ckb": "کرماشان",
        "publicId": "MTM6MjQx",
        "sourceId": "241",
        "layerId": 13,
        "status": "active",
        "urgency": null,
        "verificationTag": null,
        "expirationDate": null,
        "createdAt": "2026-10-07T04:26:23.359Z",
        "updatedAt": "2026-10-07T04:26:23.359Z"
      }
    },
    {
      "type": "Feature",
      "id": 95288,
      "geometry": {
        "type": "Point",
        "coordinates": [
          50.61106860369,
          35.62672510627
        ]
      },
      "properties": {
        "id": "MTM6MjIz",
        "city": "شهرستان ملارد",
        "date": "1750334400",
        "type": "event",
        "mission": "destroyed launcher",
        "sources": "https://x.com/Vahid/status/1935673305198899319",
        "accurate": "yes",
        "province": "استان تهران",
        "geolocates": "https://x.com/andynovy/status/1935727672732402127",
        "city:en": "Malard County",
        "province:en": "Tehran",
        "city:ar": "مقاطعة ملارد",
        "province:ar": "طهران",
        "city:he": "נפת מלארד",
        "province:he": "טהראן",
        "city:tr": "Melard Şehristanı",
        "province:tr": "Tahran",
        "city:ckb": "شارستانی مەلارد",
        "province:ckb": "تاران",
        "publicId": "MTM6MjIz",
        "sourceId": "223",
        "layerId": 13,
        "status": "active",
        "urgency": null,
        "verificationTag": null,
        "expirationDate": null,
        "createdAt": "2026-10-07T04:26:23.359Z",
        "updatedAt": "2026-10-07T04:26:23.359Z"
      }
    },
    {
      "type": "Feature",
      "id": 95289,
      "geometry": {
        "type": "Point",
        "coordinates": [
          46.1266726242,
          38.24710893353
        ]
      },
      "properties": {
        "id": "MTM6MTY3",
        "city": "شهرستان شبستر",
        "date": "1749772800-1749889800",
        "name": "Tabriz Missile Base",
        "type": "event",
        "name:fa": "پایگاه موشکی تبریز",
        "accurate": "yes",
        "province": "استان آذربایجان شرقی",
        "geolocates": "https://x.com/byjepstein/status/1935088275930366010, https://x.com/BenTzionMacales/status/1941149498425950483",
        "name:en": "Tabriz Missile Base",
        "city:en": "Shabestar County",
        "province:en": "East Azerbaijan",
        "name:he": "בסיס הטילים תבריז",
        "city:he": "שבסטר",
        "province:he": "אזרבייג'ן המזרחית",
        "name:ar": "قاعدة تبريز الصاروخية",
        "city:ar": "مقاطعة شبستر",
        "province:ar": "أذربيجان الشرقية",
        "name:tr": "Tebriz Füze Üssü",
        "city:tr": "Şebestar Şehristanı",
        "province:tr": "Doğu Azerbaycan",
        "name:ckb": "پایگای مووشەکیی تەبرێز",
        "city:ckb": "شارستانی شەبستەر",
        "province:ckb": "ئازەربایجانی ڕۆژھەڵات",
        "publicId": "MTM6MTY3",
        "sourceId": "167",
        "layerId": 13,
        "status": "active",
        "urgency": null,
        "verificationTag": null,
        "expirationDate": null,
        "createdAt": "2026-10-07T04:26:23.359Z",
        "updatedAt": "2026-10-07T04:26:23.359Z"
      }
    },
    {
      "type": "Feature",
      "id": 95290,
      "geometry": {
        "type": "Point",
        "coordinates": [
          48.65859746665,
          35.22081202602
        ]
      },
      "properties": {
        "id": "MTM6MTA5",
        "city": "شهرستان کبودرآهنگ",
        "date": "1749772800-1749889800",
        "name": "3rd Tactical Fighter Base",
        "type": "event",
        "name:fa": "پایگاه سوم شکاری",
        "accurate": "yes",
        "province": "استان همدان",
        "geolocates": "https://x.com/osc_london/status/1933969558789853253",
        "name:en": "3rd Tactical Air Base",
        "city:en": "Kabudarahang County",
        "province:en": "Hamadan",
        "name:ar": "القاعدة الجوية الثالثة",
        "city:ar": "قضاء كبودراهنغ",
        "province:ar": "همدان",
        "name:he": "בסיס חיל האוויר השלישי",
        "city:he": "כבודראהנג",
        "province:he": "המדאן",
        "name:tr": "3. Avcı Hava Üssü",
        "city:tr": "Kabudarahang Şehristanı",
        "province:tr": "Hemedan",
        "name:ckb": "پایگای سێیەمی شکاری",
        "city:ckb": "شارستانی کەبوودەرئاهەنگ",
        "province:ckb": "ھەمەدان",
        "publicId": "MTM6MTA5",
        "sourceId": "109",
        "layerId": 13,
        "status": "active",
        "urgency": null,
        "verificationTag": null,
        "expirationDate": null,
        "createdAt": "2026-10-07T04:26:23.359Z",
        "updatedAt": "2026-10-07T04:26:23.359Z"
      }
    },
    {
      "type": "Feature",
      "id": 95291,
      "geometry": {
        "type": "Point",
        "coordinates": [
          51.71300589502,
          32.46042507933
        ]
      },
      "properties": {
        "id": "MTM6NDkx",
        "city": "شهرستان مبارکه",
        "date": "1750159800",
        "type": "event",
        "name:fa": "پایگاه موشکی اصفهان",
        "sources": "https://t.me/idfinfarsi/9564",
        "province": "استان اصفهان",
        "geolocates": "https://x.com/BenTzionMacales/status/1941153026703774185",
        "unofficial_name": "Isfahan Missile Base",
        "unofficial_name:fa": "پایگاه موشکی اصفهان",
        "name:en": "Isfahan Missile Base",
        "city:en": "Mobarakeh County",
        "province:en": "Isfahan",
        "name:ar": "قاعدة أصفهان الصاروخية",
        "city:ar": "قضاء مباركة",
        "province:ar": "أصفهان",
        "name:he": "בסיס הטילים אספהאן",
        "city:he": "מובארכה",
        "province:he": "אספהאן",
        "name:tr": "İsfahan Füze Üssü",
        "city:tr": "Mubareke",
        "province:tr": "İsfahan",
        "name:ckb": "پایگای مووشەکیی ئەسفەهان",
        "city:ckb": "شارستانی موبارەکە",
        "province:ckb": "ئەسفەھان",
        "publicId": "MTM6NDkx",
        "sourceId": "491",
        "layerId": 13,
        "status": "active",
        "urgency": null,
        "verificationTag": null,
        "expirationDate": null,
        "createdAt": "2026-10-07T04:26:23.359Z",
        "updatedAt": "2026-10-07T04:26:23.359Z"
      }
    },
    {
      "type": "Feature",
      "id": 95292,
      "geometry": {
        "type": "Point",
        "coordinates": [
          47.1630084461,
          34.34924703912
        ]
      },
      "properties": {
        "id": "MTM6NTM5",
        "city": "کرمانشاه",
        "date": "1750235400",
        "name": "Kermanshah Army Aviation Base",
        "type": "event",
        "mission": "destroyed AH-1",
        "name:fa": "پایگاه هوانیروز کرمانشاه",
        "province": "استان کرمانشاه",
        "geolocates": "https://x.com/detresfa_/status/1935290899434520919, https://x.com/Stinky915846091/status/1935353347382407464",
        "unofficial_name:fa": "پایگاه هوانیروز کرمانشاه",
        "name:en": "Kermanshah Havanirooz Airbase",
        "city:en": "Kermanshah",
        "province:en": "Kermanshah",
        "name:ar": "قاعدة طيران الجيش في كرمانشاه",
        "city:ar": "كرمانشاه",
        "province:ar": "كرمانشاه",
        "name:he": "בסיס הוואנירוז כרמאנשאה",
        "city:he": "כרמאנשאה",
        "province:he": "כרמאנשאה",
        "name:tr": "Kermanşah Kara Havacılık Üssü",
        "city:tr": "Kermanşah",
        "province:tr": "Kirmanşah",
        "name:ckb": "پایگای هوانیرۆزی کرماشان",
        "city:ckb": "کرماشان",
        "province:ckb": "کرماشان",
        "publicId": "MTM6NTM5",
        "sourceId": "539",
        "layerId": 13,
        "status": "active",
        "urgency": null,
        "verificationTag": null,
        "expirationDate": null,
        "createdAt": "2026-10-07T04:26:23.359Z",
        "updatedAt": "2026-10-07T04:26:23.359Z"
      }
    },
    {
      "type": "Feature",
      "id": 95293,
      "geometry": {
        "type": "Point",
        "coordinates": [
          50.88703035235,
          35.5764453198
        ]
      },
      "properties": {
        "id": "MTM6NDMy",
        "city": "شهرستان شهریار",
        "date": "1749772800-1750410000",
        "type": "event",
        "name:fa": "مجموعه موشکی بیدگنه",
        "accurate": "yes",
        "province": "استان تهران",
        "geolocates": "https://x.com/BenTzionMacales/status/1941150385441566832",
        "unofficial_name": "Bidkaneh Missile Base",
        "unofficial_name:fa": "مجموعه موشکی بیدگنه",
        "name:en": "Bidganeh Missile Complex",
        "city:en": "Shahriar County",
        "province:en": "Tehran",
        "name:ar": "مجمع بيدكنه الصاروخي",
        "city:ar": "قضاء شهريار",
        "province:ar": "طهران",
        "name:he": "מתחם הטילים בידגנה",
        "city:he": "שהריאר",
        "province:he": "טהראן",
        "name:tr": "Bidgene Füze Kompleksi",
        "city:tr": "Şehriyar",
        "province:tr": "Tahran",
        "name:ckb": "کۆمەڵەی مووشەکیی بیدگەنە",
        "city:ckb": "شارستانی شەهریار",
        "province:ckb": "تاران",
        "publicId": "MTM6NDMy",
        "sourceId": "432",
        "layerId": 13,
        "status": "active",
        "urgency": null,
        "verificationTag": null,
        "expirationDate": null,
        "createdAt": "2026-10-07T04:26:23.359Z",
        "updatedAt": "2026-10-07T04:26:23.359Z"
      }
    },
    {
      "type": "Feature",
      "id": 95294,
      "geometry": {
        "type": "Point",
        "coordinates": [
          48.18828820914,
          33.55021807843
        ]
      },
      "properties": {
        "id": "MTM6Mzcz",
        "city": "شهرستان چگنی",
        "date": "1749943800",
        "type": "event",
        "name:fa": "پایگاه موشکی خرم‌آباد",
        "sources": "https://t.me/P_raetorio/27657",
        "province": "استان لرستان",
        "geolocates": "https://x.com/BenTzionMacales/status/1941149999192216043",
        "unofficial_name": "KhoramAbad Missile Base",
        "unofficial_name:fa": "پایگاه موشکی خرم‌آباد",
        "name:en": "Khorramabad Missile Base",
        "city:en": "Chegeni County",
        "province:en": "Lorestan",
        "name:ar": "قاعدة خرم آباد الصاروخية",
        "city:ar": "قضاء تشكني",
        "province:ar": "لرستان",
        "name:he": "בסיס הטילים ח'רמאבאד",
        "city:he": "נפת צ'גני",
        "province:he": "לורסתאן",
        "name:tr": "Hürremabad Füze Üssü",
        "city:tr": "Çegeni",
        "province:tr": "Luristan",
        "name:ckb": "بنکەی مووشەکیی خورەماوا",
        "city:ckb": "شارستانی چەگەنی",
        "province:ckb": "لوڕستان",
        "publicId": "MTM6Mzcz",
        "sourceId": "373",
        "layerId": 13,
        "status": "active",
        "urgency": null,
        "verificationTag": null,
        "expirationDate": null,
        "createdAt": "2026-10-07T04:26:23.359Z",
        "updatedAt": "2026-10-07T04:26:23.359Z"
      }
    },
    {
      "type": "Feature",
      "id": 95295,
      "geometry": {
        "type": "Point",
        "coordinates": [
          51.43446519904,
          35.80492713778
        ]
      },
      "properties": {
        "id": "MTM6MzE0",
        "city": "تجریش",
        "date": "1749965400",
        "type": "event",
        "sources": "https://t.me/VahidOnline/67165",
        "accurate": "yes",
        "province": "استان تهران",
        "city:en": "Tajrish",
        "province:en": "Tehran",
        "city:ar": "تجريش",
        "province:ar": "طهران",
        "city:he": "תג'ריש",
        "province:he": "טהראן",
        "city:tr": "Tecriş",
        "province:tr": "Tahran",
        "city:ckb": "تەجریش",
        "province:ckb": "تاران",
        "publicId": "MTM6MzE0",
        "sourceId": "314",
        "layerId": 13,
        "status": "active",
        "urgency": null,
        "verificationTag": null,
        "expirationDate": null,
        "createdAt": "2026-10-07T04:26:23.359Z",
        "updatedAt": "2026-10-07T04:26:23.359Z"
      }
    },
    {
      "type": "Feature",
      "id": 95296,
      "geometry": {
        "type": "Point",
        "coordinates": [
          46.15168153703,
          38.25848192041
        ]
      },
      "properties": {
        "id": "MTM6MjQ3",
        "city": "شهرستان شبستر",
        "date": "1749772800-1749889800",
        "name": "Tabriz Missile Base",
        "type": "event",
        "name:fa": "پایگاه موشکی تبریز",
        "accurate": "yes",
        "province": "استان آذربایجان شرقی",
        "geolocates": "https://x.com/byjepstein/status/1935087907976495587, https://x.com/BenTzionMacales/status/1941149498425950483",
        "name:en": "Tabriz Missile Base",
        "city:en": "Shabestar County",
        "province:en": "East Azerbaijan",
        "name:he": "בסיס הטילים תבריז",
        "city:he": "שבסטר",
        "province:he": "אזרבייג'ן המזרחית",
        "name:ar": "قاعدة تبريز الصاروخية",
        "city:ar": "مقاطعة شبستر",
        "province:ar": "أذربيجان الشرقية",
        "name:tr": "Tebriz Füze Üssü",
        "city:tr": "Şebestar",
        "province:tr": "Doğu Azerbaycan",
        "name:ckb": "بنکەی مووشەکیی تەورێز",
        "city:ckb": "شارستانی شەبستەر",
        "province:ckb": "ئازەربایجانی ڕۆژھەڵات",
        "publicId": "MTM6MjQ3",
        "sourceId": "247",
        "layerId": 13,
        "status": "active",
        "urgency": null,
        "verificationTag": null,
        "expirationDate": null,
        "createdAt": "2026-10-07T04:26:23.359Z",
        "updatedAt": "2026-10-07T04:26:23.359Z"
      }
    },
    {
      "type": "Feature",
      "id": 95297,
      "geometry": {
        "type": "Point",
        "coordinates": [
          47.23281159863,
          34.35308351436
        ]
      },
      "properties": {
        "id": "MTM6MjM3",
        "city": "شهرستان کرمانشاه",
        "date": "1749772800-1750064400",
        "type": "event",
        "name:fa": "پایگاه موشکی کرمانشاه",
        "accurate": "yes",
        "province": "استان کرمانشاه",
        "geolocates": "https://x.com/detresfa_/status/1934508002079637523, https://x.com/BenTzionMacales/status/1941149607251345610, https://x.com/Shayan86/status/1934437475398619365",
        "unofficial_name": "Kermanshah Missile Base",
        "unofficial_name:fa": "پایگاه موشکی کرمانشاه",
        "name:en": "Kermanshah Missile Base",
        "city:en": "Kermanshah County",
        "province:en": "Kermanshah",
        "name:ar": "قاعدة كرمانشاه الصاروخية",
        "city:ar": "قضاء كرمانشاه",
        "province:ar": "كرمانشاه",
        "name:he": "בסיס הטילים כרמאנשאה",
        "province:he": "כרמאנשאה",
        "name:tr": "Kermanşah Füze Üssü",
        "city:tr": "Kermanşah",
        "province:tr": "Kirmanşah",
        "name:ckb": "بنکەی مووشەکیی کرماشان",
        "city:ckb": "شارستانی کرماشان",
        "province:ckb": "کرماشان",
        "publicId": "MTM6MjM3",
        "sourceId": "237",
        "layerId": 13,
        "status": "active",
        "urgency": null,
        "verificationTag": null,
        "expirationDate": null,
        "createdAt": "2026-10-07T04:26:23.359Z",
        "updatedAt": "2026-10-07T04:26:23.359Z"
      }
    },
    {
      "type": "Feature",
      "id": 95298,
      "geometry": {
        "type": "Point",
        "coordinates": [
          51.37705097669,
          35.73618687374
        ]
      },
      "properties": {
        "id": "MTM6MTgw",
        "city": "تهران",
        "date": "1750406400",
        "type": "event",
        "mission": "assassination",
        "sources": "https://x.com/Vahid/status/1936445989071786427",
        "accurate": "yes",
        "province": "استان تهران",
        "geolocates": "https://x.com/ayatsubzero/status/1935986682790310005",
        "city:en": "Tehran",
        "province:en": "Tehran",
        "city:ar": "طهران",
        "province:ar": "طهران",
        "city:he": "טהראן",
        "province:he": "טהראן",
        "city:tr": "Tahran",
        "province:tr": "Tahran",
        "city:ckb": "تاران",
        "province:ckb": "تاران",
        "publicId": "MTM6MTgw",
        "sourceId": "180",
        "layerId": 13,
        "status": "active",
        "urgency": null,
        "verificationTag": null,
        "expirationDate": null,
        "createdAt": "2026-10-07T04:26:23.359Z",
        "updatedAt": "2026-10-07T04:26:23.359Z"
      }
    },
    {
      "type": "Feature",
      "id": 95299,
      "geometry": {
        "type": "Point",
        "coordinates": [
          51.30112319916,
          35.78186607454
        ]
      },
      "properties": {
        "id": "MTM6MTE0",
        "city": "تهران",
        "date": "1749932400",
        "name": "Shahran Oil Depot",
        "type": "event",
        "name:fa": "انبار نفت شهران",
        "sources": "https://t.me/VahidOnline/65378",
        "accurate": "yes",
        "province": "استان تهران",
        "geolocates": "https://x.com/osc_london/status/1934240723844448276",
        "name:en": "Shahran Oil Depot",
        "city:en": "Tehran",
        "province:en": "Tehran",
        "name:ar": "مستودع نفط شهران",
        "city:ar": "طهران",
        "province:ar": "طهران",
        "name:he": "מאגר הנפט שהראן",
        "city:he": "טהראן",
        "province:he": "טהראן",
        "name:tr": "Şehran Petrol Deposu",
        "city:tr": "Tahran",
        "province:tr": "Tahran",
        "name:ckb": "کۆگای نەوتی شەهران",
        "city:ckb": "تاران",
        "province:ckb": "تاران",
        "publicId": "MTM6MTE0",
        "sourceId": "114",
        "layerId": 13,
        "status": "active",
        "urgency": null,
        "verificationTag": null,
        "expirationDate": null,
        "createdAt": "2026-10-07T04:26:23.359Z",
        "updatedAt": "2026-10-07T04:26:23.359Z"
      }
    },
    {
      "type": "Feature",
      "id": 95300,
      "geometry": {
        "type": "Point",
        "coordinates": [
          51.65609076485,
          35.68126107422
        ]
      },
      "properties": {
        "id": "MTM6NTUz",
        "city": "شهرستان تهران",
        "date": "1749772800-1750755600",
        "name": "Khojir Complex",
        "type": "event",
        "name:fa": "تاسیسات نظامی خجیر",
        "accurate": "yes",
        "province": "استان تهران",
        "geolocates": "https://x.com/BenTzionMacales/status/1941161003850367168",
        "name:en": "Khojir Military Facility",
        "city:en": "Tehran County",
        "province:en": "Tehran",
        "name:ar": "منشآت خجير العسكرية",
        "city:ar": "قضاء طهران",
        "province:ar": "طهران",
        "name:he": "המתקן הצבאי ח'ג'יר",
        "city:he": "טהראן",
        "province:he": "טהראן",
        "name:tr": "Hucir Askeri Tesisleri",
        "city:tr": "Tahran",
        "province:tr": "Tahran",
        "name:ckb": "دامەزراوە سەربازییەکانی خوجێر",
        "city:ckb": "شارستانی تاران",
        "province:ckb": "تاران",
        "publicId": "MTM6NTUz",
        "sourceId": "553",
        "layerId": 13,
        "status": "active",
        "urgency": null,
        "verificationTag": null,
        "expirationDate": null,
        "createdAt": "2026-10-07T04:26:23.359Z",
        "updatedAt": "2026-10-07T04:26:23.359Z"
      }
    },
    {
      "type": "Feature",
      "id": 95301,
      "geometry": {
        "type": "Point",
        "coordinates": [
          50.78446268499,
          34.9259867365
        ]
      },
      "properties": {
        "id": "MTM6NDQ2",
        "city": "شهرستان قم",
        "date": "1750237200-1750669200",
        "name": "Qom Missile Base",
        "type": "event",
        "name:fa": "مجموعه کوشک نصرت",
        "accurate": "yes",
        "province": "استان قم",
        "geolocates": "https://x.com/BenTzionMacales/status/1941150443872403501",
        "name:en": "Kushk-e Nosrat Complex",
        "city:en": "Qom County",
        "province:en": "Qom",
        "name:ar": "مجمع كوشك نصرت",
        "city:ar": "قضاء قم",
        "province:ar": "قم",
        "name:he": "מתחם כושכ-ה נסרת",
        "city:he": "קום",
        "province:he": "קום",
        "name:tr": "Köşk-i Nusret Kompleksi",
        "city:tr": "Kum",
        "province:tr": "Kum",
        "name:ckb": "کۆمەڵگەی کۆشکی نوسرەت",
        "city:ckb": "شارستانی قوم",
        "province:ckb": "قوم",
        "publicId": "MTM6NDQ2",
        "sourceId": "446",
        "layerId": 13,
        "status": "active",
        "urgency": null,
        "verificationTag": null,
        "expirationDate": null,
        "createdAt": "2026-10-07T04:26:23.359Z",
        "updatedAt": "2026-10-07T04:26:23.359Z"
      }
    },
    {
      "type": "Feature",
      "id": 95302,
      "geometry": {
        "type": "Point",
        "coordinates": [
          48.21293234289,
          33.55232152663
        ]
      },
      "properties": {
        "id": "MTM6Mzc5",
        "city": "شهرستان چگنی",
        "date": "1749943800",
        "type": "event",
        "name:fa": "پایگاه موشکی خرم‌آباد",
        "sources": "https://t.me/P_raetorio/27657",
        "accurate": "yes",
        "province": "استان لرستان",
        "geolocates": "https://x.com/BenTzionMacales/status/1941149999192216043",
        "unofficial_name": "KhoramAbad Missile Base",
        "unofficial_name:fa": "پایگاه موشکی خرم‌آباد",
        "name:en": "Khorramabad Missile Base",
        "city:en": "Chegeni County",
        "province:en": "Lorestan",
        "name:ar": "قاعدة خرم آباد الصاروخية",
        "city:ar": "قضاء تشكني",
        "province:ar": "لرستان",
        "name:he": "בסיס הטילים ח'ורמאבאד",
        "city:he": "צ'גני",
        "province:he": "לורסתאן",
        "name:tr": "Hürremabad Füze Üssü",
        "city:tr": "Çegeni",
        "province:tr": "Luristan",
        "name:ckb": "بنکەی مووشەکیی خورەماوا",
        "city:ckb": "شارستانی چەگەنی",
        "province:ckb": "لوڕستان",
        "publicId": "MTM6Mzc5",
        "sourceId": "379",
        "layerId": 13,
        "status": "active",
        "urgency": null,
        "verificationTag": null,
        "expirationDate": null,
        "createdAt": "2026-10-07T04:26:23.359Z",
        "updatedAt": "2026-10-07T04:26:23.359Z"
      }
    },
    {
      "type": "Feature",
      "id": 95303,
      "geometry": {
        "type": "Point",
        "coordinates": [
          51.40417634904,
          35.76557097468
        ]
      },
      "properties": {
        "id": "MTM6MzIw",
        "city": "تهران",
        "date": "1750415400",
        "type": "event",
        "sources": "https://t.me/idfinfarsi/9656",
        "accurate": "yes",
        "province": "استان تهران",
        "city:en": "Tehran",
        "province:en": "Tehran",
        "city:ar": "طهران",
        "province:ar": "طهران",
        "city:he": "טהראן",
        "province:he": "טהראן",
        "city:tr": "Tahran",
        "province:tr": "Tahran",
        "city:ckb": "تاران",
        "province:ckb": "تاران",
        "publicId": "MTM6MzIw",
        "sourceId": "320",
        "layerId": 13,
        "status": "active",
        "urgency": null,
        "verificationTag": null,
        "expirationDate": null,
        "createdAt": "2026-10-07T04:26:23.359Z",
        "updatedAt": "2026-10-07T04:26:23.359Z"
      }
    },
    {
      "type": "Feature",
      "id": 95304,
      "geometry": {
        "type": "Point",
        "coordinates": [
          51.82562112272,
          32.576512938
        ]
      },
      "properties": {
        "id": "MTM6MjYx",
        "city": "اصفهان",
        "date": "1750549800",
        "type": "event",
        "name:fa": "مجتمع هسته‌ای اصفهان",
        "accurate": "yes",
        "province": "استان اصفهان",
        "geolocates": "https://isis-online.org/isis-reports/post-attack-assessment-of-the-first-12-days-of-israeli-strikes-on-iranian-nuclear-facilities, https://x.com/detresfa_/status/1936827158351184078",
        "unofficial_name": "Isfahan Nuclear Complex",
        "unofficial_name:fa": "مجتمع هسته‌ای اصفهان",
        "name:en": "Isfahan Nuclear Complex",
        "city:en": "Isfahan",
        "province:en": "Isfahan",
        "name:ar": "مجمع أصفهان النووي",
        "city:ar": "أصفهان",
        "province:ar": "أصفهان",
        "name:he": "המתחם הגרעיני באספהאן",
        "city:he": "אספהאן",
        "province:he": "אספהאן",
        "name:tr": "İsfahan Nükleer Kompleksi",
        "city:tr": "İsfahan",
        "province:tr": "İsfahan",
        "name:ckb": "کۆمەڵگەی ئەتۆمیی ئیسفەهان",
        "city:ckb": "ئیسفەهان",
        "province:ckb": "ئەسفەھان",
        "publicId": "MTM6MjYx",
        "sourceId": "261",
        "layerId": 13,
        "status": "active",
        "urgency": null,
        "verificationTag": null,
        "expirationDate": null,
        "createdAt": "2026-10-07T04:26:23.359Z",
        "updatedAt": "2026-10-07T04:26:23.359Z"
      }
    },
    {
      "type": "Feature",
      "id": 95305,
      "geometry": {
        "type": "Point",
        "coordinates": [
          51.89594864309,
          32.76826822138
        ]
      },
      "properties": {
        "id": "MTM6MTg2",
        "city": "شهرستان اصفهان",
        "date": "1750095000",
        "name": "F-14 Tomcat",
        "type": "event",
        "mission": "Destroyed F-14",
        "name:fa": "F-14 Tomcat",
        "sources": "https://t.me/idfinfarsi/9528",
        "accurate": "yes",
        "province": "استان اصفهان",
        "unofficial_name": "",
        "unofficial_name:fa": "",
        "name:en": "F-14 Tomcat",
        "city:en": "Isfahan County",
        "province:en": "Isfahan",
        "name:ar": "F-14 تومكات",
        "city:ar": "قضاء أصفهان",
        "province:ar": "أصفهان",
        "name:he": "F-14 טומקט",
        "city:he": "אספהאן",
        "province:he": "אספהאן",
        "name:tr": "F-14 Tomcat",
        "city:tr": "İsfahan",
        "province:tr": "İsfahan",
        "publicId": "MTM6MTg2",
        "sourceId": "186",
        "layerId": 13,
        "status": "active",
        "urgency": null,
        "verificationTag": null,
        "expirationDate": null,
        "createdAt": "2026-10-07T04:26:23.359Z",
        "updatedAt": "2026-10-07T04:26:23.359Z"
      }
    },
    {
      "type": "Feature",
      "id": 95306,
      "geometry": {
        "type": "Point",
        "coordinates": [
          51.82427465379,
          32.57856519937
        ]
      },
      "properties": {
        "id": "MTM6MTI4",
        "city": "اصفهان",
        "date": "1749837600",
        "type": "event",
        "name:fa": "مجتمع هسته‌ای اصفهان",
        "sources": "https://t.me/idfinfarsi/9414",
        "accurate": "yes",
        "province": "استان اصفهان",
        "geolocates": "https://isis-online.org/isis-reports/post-attack-assessment-of-the-first-12-days-of-israeli-strikes-on-iranian-nuclear-facilities, https://x.com/detresfa_/status/1936827158351184078",
        "unofficial_name": "Isfahan Nuclear Complex",
        "unofficial_name:fa": "مجتمع هسته‌ای اصفهان",
        "name:en": "Isfahan Nuclear Complex",
        "city:en": "Isfahan",
        "province:en": "Isfahan",
        "name:ar": "مجمع أصفهان النووي",
        "city:ar": "أصفهان",
        "province:ar": "أصفهان",
        "name:he": "המתחם הגרעיני באספהאן",
        "city:he": "אספהאן",
        "province:he": "אספהאן",
        "name:tr": "İsfahan Nükleer Kompleksi",
        "city:tr": "İsfahan",
        "province:tr": "İsfahan",
        "name:ckb": "کۆمەڵگەی ئەتۆمیی ئیسفەهان",
        "city:ckb": "ئیسفەهان",
        "province:ckb": "ئەسفەھان",
        "publicId": "MTM6MTI4",
        "sourceId": "128",
        "layerId": 13,
        "status": "active",
        "urgency": null,
        "verificationTag": null,
        "expirationDate": null,
        "createdAt": "2026-10-07T04:26:23.359Z",
        "updatedAt": "2026-10-07T04:26:23.359Z"
      }
    },
    {
      "type": "Feature",
      "id": 95307,
      "geometry": {
        "type": "Point",
        "coordinates": [
          48.271041044,
          35.18569608039
        ]
      },
      "properties": {
        "id": "MTM6NzA",
        "city": "شهرستان کبودرآهنگ",
        "date": "1749771000",
        "name": "Sobashi Radar Site",
        "type": "event",
        "name:fa": "رادار سوباشی",
        "sources": "https://t.me/cataphract1/53173",
        "accurate": "yes",
        "province": "استان همدان",
        "geolocates": "https://x.com/detresfa_/status/1933759671006871759",
        "name:en": "Subashi Radar",
        "city:en": "Kabudarahang County",
        "province:en": "Hamadan",
        "name:ar": "رادار سوباشي",
        "city:ar": "قضاء كبودراهنغ",
        "province:ar": "همدان",
        "name:he": "מכ\"ם סובאשי",
        "city:he": "כאבודראהאנג",
        "province:he": "המדאן",
        "name:tr": "Subaşı Radarı",
        "city:tr": "Kabudrahang",
        "province:tr": "Hemedan",
        "name:ckb": "ڕاداری سوباشی",
        "city:ckb": "شارستانی کەبوودەرئاهەنگ",
        "province:ckb": "ھەمەدان",
        "publicId": "MTM6NzA",
        "sourceId": "70",
        "layerId": 13,
        "status": "active",
        "urgency": null,
        "verificationTag": null,
        "expirationDate": null,
        "createdAt": "2026-10-07T04:26:23.359Z",
        "updatedAt": "2026-10-07T04:26:23.359Z"
      }
    },
    {
      "type": "Feature",
      "id": 95308,
      "geometry": {
        "type": "Point",
        "coordinates": [
          51.48739993304,
          35.7797009856
        ]
      },
      "properties": {
        "id": "MTM6NTU5",
        "city": "تهران",
        "date": "1749934800",
        "name": "Lavisan 2",
        "type": "event",
        "name:fa": "مرکز سابق فرماندهی سپند",
        "accurate": "yes",
        "province": "استان تهران",
        "geolocates": "https://isis-online.org/isis-reports/post-attack-assessment-of-the-first-12-days-of-israeli-strikes-on-iranian-nuclear-facilities, https://x.com/Shayan86/status/1937651285089538519",
        "name:en": "Former SPND Headquarters",
        "city:en": "Tehran",
        "province:en": "Tehran",
        "name:ar": "مركز قيادة «سبند» السابق",
        "city:ar": "طهران",
        "province:ar": "طهران",
        "name:he": "מפקדת ספנד לשעבר",
        "city:he": "טהראן",
        "province:he": "טהראן",
        "name:tr": "Eski SPND Komuta Merkezi",
        "city:tr": "Tahran",
        "province:tr": "Tahran",
        "name:ckb": "مەڵبەندی پێشووی فەرماندەییی سپەند",
        "city:ckb": "تاران",
        "province:ckb": "تاران",
        "publicId": "MTM6NTU5",
        "sourceId": "559",
        "layerId": 13,
        "status": "active",
        "urgency": null,
        "verificationTag": null,
        "expirationDate": null,
        "createdAt": "2026-10-07T04:26:23.359Z",
        "updatedAt": "2026-10-07T04:26:23.359Z"
      }
    },
    {
      "type": "Feature",
      "id": 95309,
      "geometry": {
        "type": "Point",
        "coordinates": [
          50.72631238818,
          34.92138164917
        ]
      },
      "properties": {
        "id": "MTM6NDUy",
        "city": "شهرستان قم",
        "date": "1750237200-1750669200",
        "name": "Qom Missile Base",
        "type": "event",
        "name:fa": "مجموعه کوشک نصرت",
        "province": "استان قم",
        "geolocates": "https://x.com/BenTzionMacales/status/1941150522523688971",
        "name:en": "Kushk-e Nosrat Complex",
        "city:en": "Qom County",
        "province:en": "Qom",
        "name:ar": "مجمع كوشك نصرت",
        "city:ar": "قضاء قم",
        "province:ar": "قم",
        "name:he": "מתחם כושכ-ה נסרת",
        "city:he": "קום",
        "province:he": "קום",
        "name:tr": "Köşk-i Nusret Kompleksi",
        "city:tr": "Kum",
        "province:tr": "Kum",
        "name:ckb": "کۆمەڵگەی کۆشکی نوسرەت",
        "city:ckb": "شارستانی قوم",
        "province:ckb": "قوم",
        "publicId": "MTM6NDUy",
        "sourceId": "452",
        "layerId": 13,
        "status": "active",
        "urgency": null,
        "verificationTag": null,
        "expirationDate": null,
        "createdAt": "2026-10-07T04:26:23.359Z",
        "updatedAt": "2026-10-07T04:26:23.359Z"
      }
    },
    {
      "type": "Feature",
      "id": 95310,
      "geometry": {
        "type": "Point",
        "coordinates": [
          52.55770861566,
          29.72509496419
        ]
      },
      "properties": {
        "id": "MTM6NTAx",
        "city": "شهرستان شیراز",
        "date": "1750408200",
        "type": "event",
        "name:fa": "پایگاه هوافضا سپاه",
        "accurate": "yes",
        "province": "استان فارس",
        "unofficial_name": "IRGC Aerospace Force",
        "unofficial_name:fa": "پایگاه هوافضا سپاه",
        "name:en": "IRGC Aerospace Base",
        "city:en": "Shiraz County",
        "province:en": "Fars",
        "name:ar": "قاعدة الجو-فضائية التابعة للحرس الثوري",
        "city:ar": "قضاء شيراز",
        "province:ar": "فارس",
        "name:he": "בסיס חיל האוויר והחלל של משמרות המהפכה",
        "city:he": "שיראז",
        "province:he": "פארס",
        "name:tr": "Devrim Muhafızları Hava-Uzay Üssü",
        "city:tr": "Şiraz",
        "province:tr": "Fars",
        "name:ckb": "بنکەی هەوافەزای سوپا",
        "city:ckb": "شارستانی شیراز",
        "province:ckb": "فارس",
        "publicId": "MTM6NTAx",
        "sourceId": "501",
        "layerId": 13,
        "status": "active",
        "urgency": null,
        "verificationTag": null,
        "expirationDate": null,
        "createdAt": "2026-10-07T04:26:23.359Z",
        "updatedAt": "2026-10-07T04:26:23.359Z"
      }
    },
    {
      "type": "Feature",
      "id": 95311,
      "geometry": {
        "type": "Point",
        "coordinates": [
          49.22835229754,
          36.08770793766
        ]
      },
      "properties": {
        "id": "MTM6Mzkz",
        "city": "شهرستان ابهر",
        "date": "1750208400",
        "name": "Abhar Missile Base",
        "type": "event",
        "name:fa": "پادگان موشکی زین‌الدین سپاه",
        "accurate": "yes",
        "province": "استان زنجان",
        "geolocates": "https://x.com/BenTzionMacales/status/1941150191584940042",
        "name:en": "IRGC Zeinoddin Missile Garrison",
        "city:en": "Abhar County",
        "province:en": "Zanjan",
        "name:ar": "معسكر زين الدين الصاروخي التابع للحرس الثوري",
        "city:ar": "قضاء أبهر",
        "province:ar": "زنجان",
        "name:he": "בסיס הטילים זין א-דין של משמרות המהפכה",
        "city:he": "אבהאר",
        "province:he": "זנג'אן",
        "name:tr": "Devrim Muhafızları Zeynüddin Füze Kışlası",
        "city:tr": "Abher",
        "province:tr": "Zencan",
        "name:ckb": "سەربازگەی مووشەکیی زەینەدینی سوپا",
        "city:ckb": "شارستانی ئەبهەر",
        "province:ckb": "زەنجان",
        "publicId": "MTM6Mzkz",
        "sourceId": "393",
        "layerId": 13,
        "status": "active",
        "urgency": null,
        "verificationTag": null,
        "expirationDate": null,
        "createdAt": "2026-10-07T04:26:23.359Z",
        "updatedAt": "2026-10-07T04:26:23.359Z"
      }
    },
    {
      "type": "Feature",
      "id": 95312,
      "geometry": {
        "type": "Point",
        "coordinates": [
          47.23611473769,
          34.35265724875
        ]
      },
      "properties": {
        "id": "MTM6MzM0",
        "city": "شهرستان کرمانشاه",
        "date": "1749772800-1750064400",
        "type": "event",
        "name:fa": "پایگاه موشکی کرمانشاه",
        "accurate": "yes",
        "province": "استان کرمانشاه",
        "geolocates": "https://x.com/detresfa_/status/1934508002079637523, https://x.com/BenTzionMacales/status/1941149607251345610, https://x.com/Shayan86/status/1934437475398619365",
        "unofficial_name": "Kermanshah Missile Base",
        "unofficial_name:fa": "پایگاه موشکی کرمانشاه",
        "name:en": "Kermanshah Missile Base",
        "city:en": "Kermanshah County",
        "province:en": "Kermanshah",
        "name:ar": "قاعدة كرمانشاه الصاروخية",
        "city:ar": "قضاء كرمانشاه",
        "province:ar": "كرمانشاه",
        "name:he": "בסיס הטילים כרמאנשאה",
        "city:he": "כרמאנשאה",
        "province:he": "כרמאנשאה",
        "name:tr": "Kermanşah Füze Üssü",
        "city:tr": "Kermanşah",
        "province:tr": "Kirmanşah",
        "name:ckb": "بنکەی مووشەکیی کرماشان",
        "city:ckb": "شارستانی کرماشان",
        "province:ckb": "کرماشان",
        "publicId": "MTM6MzM0",
        "sourceId": "334",
        "layerId": 13,
        "status": "active",
        "urgency": null,
        "verificationTag": null,
        "expirationDate": null,
        "createdAt": "2026-10-07T04:26:23.359Z",
        "updatedAt": "2026-10-07T04:26:23.359Z"
      }
    },
    {
      "type": "Feature",
      "id": 95313,
      "geometry": {
        "type": "Point",
        "coordinates": [
          51.82769715652,
          32.58264810712
        ]
      },
      "properties": {
        "id": "MTM6MjY3",
        "city": "اصفهان",
        "date": "1750549800",
        "type": "event",
        "name:fa": "مجتمع هسته‌ای اصفهان",
        "accurate": "yes",
        "province": "استان اصفهان",
        "geolocates": "https://isis-online.org/isis-reports/post-attack-assessment-of-the-first-12-days-of-israeli-strikes-on-iranian-nuclear-facilities, https://x.com/detresfa_/status/1936827158351184078",
        "unofficial_name": "Isfahan Nuclear Complex",
        "unofficial_name:fa": "مجتمع هسته‌ای اصفهان",
        "name:en": "Isfahan Nuclear Complex",
        "city:en": "Isfahan",
        "province:en": "Isfahan",
        "name:ar": "مجمع أصفهان النووي",
        "city:ar": "أصفهان",
        "province:ar": "أصفهان",
        "name:he": "מתחם הגרעין אספהאן",
        "city:he": "אספהאן",
        "province:he": "אספהאן",
        "name:tr": "İsfahan Nükleer Kompleksi",
        "city:tr": "İsfahan",
        "province:tr": "İsfahan",
        "name:ckb": "کۆمەڵگەی ئەتۆمیی ئیسفەهان",
        "city:ckb": "ئیسفەهان",
        "province:ckb": "ئەسفەھان",
        "publicId": "MTM6MjY3",
        "sourceId": "267",
        "layerId": 13,
        "status": "active",
        "urgency": null,
        "verificationTag": null,
        "expirationDate": null,
        "createdAt": "2026-10-07T04:26:23.359Z",
        "updatedAt": "2026-10-07T04:26:23.359Z"
      }
    },
    {
      "type": "Feature",
      "id": 95314,
      "geometry": {
        "type": "Point",
        "coordinates": [
          51.51834189624,
          35.81204497124
        ]
      },
      "properties": {
        "id": "MTM6MTk5",
        "city": "تجریش",
        "date": "1749772800",
        "type": "event",
        "sources": "https://x.com/mhmiranusa/status/1933325181113475547",
        "province": "استان تهران",
        "geolocates": "https://x.com/CRParkin/status/1933352227202286042",
        "city:en": "Tajrish",
        "province:en": "Tehran",
        "city:ar": "تجريش",
        "province:ar": "طهران",
        "city:he": "תג'ריש",
        "province:he": "טהראן",
        "city:tr": "Tecriş",
        "province:tr": "Tahran",
        "city:ckb": "تەجریش",
        "province:ckb": "تاران",
        "publicId": "MTM6MTk5",
        "sourceId": "199",
        "layerId": 13,
        "status": "active",
        "urgency": null,
        "verificationTag": null,
        "expirationDate": null,
        "createdAt": "2026-10-07T04:26:23.359Z",
        "updatedAt": "2026-10-07T04:26:23.359Z"
      }
    },
    {
      "type": "Feature",
      "id": 95315,
      "geometry": {
        "type": "Point",
        "coordinates": [
          51.82491301954,
          32.58328431823
        ]
      },
      "properties": {
        "id": "MTM6MTM0",
        "city": "اصفهان",
        "date": "1750549800",
        "type": "event",
        "name:fa": "مجتمع هسته‌ای اصفهان",
        "accurate": "yes",
        "province": "استان اصفهان",
        "geolocates": "https://isis-online.org/isis-reports/post-attack-assessment-of-the-first-12-days-of-israeli-strikes-on-iranian-nuclear-facilities, https://x.com/detresfa_/status/1936827158351184078",
        "unofficial_name": "Isfahan Nuclear Complex",
        "unofficial_name:fa": "مجتمع هسته‌ای اصفهان",
        "name:en": "Isfahan Nuclear Complex",
        "city:en": "Isfahan",
        "province:en": "Isfahan",
        "name:ar": "مجمع أصفهان النووي",
        "city:ar": "أصفهان",
        "province:ar": "أصفهان",
        "name:he": "מתחם הגרעין אספהאן",
        "city:he": "אספהאן",
        "province:he": "אספהאן",
        "name:tr": "İsfahan Nükleer Kompleksi",
        "city:tr": "İsfahan",
        "province:tr": "İsfahan",
        "name:ckb": "کۆمەڵگەی ئەتۆمیی ئیسفەهان",
        "city:ckb": "ئیسفەهان",
        "province:ckb": "ئەسفەھان",
        "publicId": "MTM6MTM0",
        "sourceId": "134",
        "layerId": 13,
        "status": "active",
        "urgency": null,
        "verificationTag": null,
        "expirationDate": null,
        "createdAt": "2026-10-07T04:26:23.359Z",
        "updatedAt": "2026-10-07T04:26:23.359Z"
      }
    },
    {
      "type": "Feature",
      "id": 95316,
      "geometry": {
        "type": "Point",
        "coordinates": [
          50.09660481334,
          33.60941911395
        ]
      },
      "properties": {
        "id": "MTM6NzY",
        "city": "شهرستان خمین",
        "date": "1750172400",
        "type": "event",
        "sources": "https://t.me/VahidOnline/65794, https://t.me/idfinfarsi/9564",
        "accurate": "yes",
        "province": "استان مرکزی",
        "geolocates": "https://x.com/BenTzionMacales/status/1941150617256484872",
        "city:en": "Khomein County",
        "province:en": "Markazi",
        "city:ar": "مقاطعة خمين",
        "province:ar": "المركزية",
        "city:he": "נפת ח'ומיין",
        "province:he": "מרכזי",
        "city:tr": "Humeyn Şehristanı",
        "province:tr": "Merkezi",
        "city:ckb": "شارستانی خومەین",
        "province:ckb": "مەرکەزی",
        "publicId": "MTM6NzY",
        "sourceId": "76",
        "layerId": 13,
        "status": "active",
        "urgency": null,
        "verificationTag": null,
        "expirationDate": null,
        "createdAt": "2026-10-07T04:26:23.359Z",
        "updatedAt": "2026-10-07T04:26:23.359Z"
      }
    },
    {
      "type": "Feature",
      "id": 95317,
      "geometry": {
        "type": "Point",
        "coordinates": [
          51.38578109175,
          35.79492743604
        ]
      },
      "properties": {
        "id": "MTM6NTcz",
        "city": "تجریش",
        "date": "1750667400",
        "name": "Evin Prison",
        "type": "event",
        "name:fa": "زندان اوین",
        "accurate": "yes",
        "province": "استان تهران",
        "geolocates": "https://x.com/vahuburz/status/1942002550749765949, https://x.com/ForensicArchi/status/1941082889103286542",
        "name:en": "Evin Prison",
        "city:en": "Tajrish",
        "province:en": "Tehran",
        "name:ar": "سجن إيفين",
        "city:ar": "تجريش",
        "province:ar": "طهران",
        "name:he": "כלא אוווין",
        "city:he": "תג'ריש",
        "province:he": "טהראן",
        "name:tr": "Evin Cezaevi",
        "city:tr": "Tecriş",
        "province:tr": "Tahran",
        "name:ckb": "زیندانی ئەڤین",
        "city:ckb": "تەجریش",
        "province:ckb": "تاران",
        "publicId": "MTM6NTcz",
        "sourceId": "573",
        "layerId": 13,
        "status": "active",
        "urgency": null,
        "verificationTag": null,
        "expirationDate": null,
        "createdAt": "2026-10-07T04:26:23.359Z",
        "updatedAt": "2026-10-07T04:26:23.359Z"
      }
    },
    {
      "type": "Feature",
      "id": 95318,
      "geometry": {
        "type": "Point",
        "coordinates": [
          52.56649553239,
          29.7200682758
        ]
      },
      "properties": {
        "id": "MTM6NTA3",
        "city": "شهرستان شیراز",
        "date": "1750408200",
        "type": "event",
        "name:fa": "پایگاه هوافضا سپاه",
        "accurate": "yes",
        "province": "استان فارس",
        "unofficial_name": "IRGC Aerospace Force",
        "unofficial_name:fa": "پایگاه هوافضا سپاه",
        "name:en": "IRGC Aerospace Base",
        "city:en": "Shiraz County",
        "province:en": "Fars",
        "name:ar": "قاعدة الجوفضاء التابعة للحرس الثوري",
        "city:ar": "مقاطعة شيراز",
        "province:ar": "فارس",
        "name:he": "בסיס החלל והאוויר של משמרות המהפכה",
        "city:he": "שיראז",
        "province:he": "פארס",
        "name:tr": "Devrim Muhafızları Hava-Uzay Üssü",
        "city:tr": "Şiraz",
        "province:tr": "Fars",
        "name:ckb": "بنکەی هەوافەزای سوپا",
        "city:ckb": "شارستانی شیراز",
        "province:ckb": "فارس",
        "publicId": "MTM6NTA3",
        "sourceId": "507",
        "layerId": 13,
        "status": "active",
        "urgency": null,
        "verificationTag": null,
        "expirationDate": null,
        "createdAt": "2026-10-07T04:26:23.359Z",
        "updatedAt": "2026-10-07T04:26:23.359Z"
      }
    },
    {
      "type": "Feature",
      "id": 95319,
      "geometry": {
        "type": "Point",
        "coordinates": [
          51.42035141453,
          32.71354153764
        ]
      },
      "properties": {
        "id": "MTM6NDY2",
        "city": "شهرستان نجف آباد",
        "date": "1750159800",
        "type": "event",
        "name:fa": "پایگاه موشکی اصفهان",
        "sources": "https://t.me/idfinfarsi/9564",
        "accurate": "yes",
        "province": "استان اصفهان",
        "geolocates": "https://x.com/BenTzionMacales/status/1941151953859301583",
        "unofficial_name": "Isfahan Missile Base",
        "unofficial_name:fa": "پایگاه موشکی اصفهان",
        "name:en": "Isfahan Missile Base",
        "city:en": "Najafabad County",
        "province:en": "Isfahan",
        "name:ar": "قاعدة أصفهان الصاروخية",
        "city:ar": "مقاطعة نجف أباد",
        "province:ar": "أصفهان",
        "name:he": "בסיס הטילים אספהאן",
        "city:he": "נג'פאבאד",
        "province:he": "אספהאן",
        "name:tr": "İsfahan Füze Üssü",
        "city:tr": "Necefabad",
        "province:tr": "İsfahan",
        "name:ckb": "بنکەی مووشەکیی ئیسفەهان",
        "city:ckb": "شارستانی نەجەفئاباد",
        "province:ckb": "ئەسفەھان",
        "publicId": "MTM6NDY2",
        "sourceId": "466",
        "layerId": 13,
        "status": "active",
        "urgency": null,
        "verificationTag": null,
        "expirationDate": null,
        "createdAt": "2026-10-07T04:26:23.359Z",
        "updatedAt": "2026-10-07T04:26:23.359Z"
      }
    },
    {
      "type": "Feature",
      "id": 95320,
      "geometry": {
        "type": "Point",
        "coordinates": [
          50.43338298261,
          35.67885576798
        ]
      },
      "properties": {
        "id": "MTM6Mzk5",
        "city": "شهرستان اشتهارد",
        "date": "1749772800-1750755600",
        "type": "event",
        "name:fa": "پایگاه موشکی اشتهارد",
        "accurate": "yes",
        "province": "استان البرز",
        "geolocates": "https://x.com/BenTzionMacales/status/1941150251714597345",
        "unofficial_name": "Eshtehard Missile Base",
        "unofficial_name:fa": "پایگاه موشکی اشتهارد",
        "name:en": "Eshtehard Missile Base",
        "city:en": "Eshtehard County",
        "province:en": "Alborz",
        "name:ar": "قاعدة اشتهارد الصاروخية",
        "city:ar": "مقاطعة اشتهارد",
        "province:ar": "ألبرز",
        "name:he": "בסיס הטילים אשתהארד",
        "city:he": "אשתהארד",
        "province:he": "אלבורז",
        "name:tr": "Eştehard Füze Üssü",
        "city:tr": "Eştehard",
        "province:tr": "Elburz",
        "name:ckb": "بنکەی مووشەکیی ئیشتەهارد",
        "city:ckb": "شارستانی ئیشتەهارد",
        "province:ckb": "ئەلبورز",
        "publicId": "MTM6Mzk5",
        "sourceId": "399",
        "layerId": 13,
        "status": "active",
        "urgency": null,
        "verificationTag": null,
        "expirationDate": null,
        "createdAt": "2026-10-07T04:26:23.359Z",
        "updatedAt": "2026-10-07T04:26:23.359Z"
      }
    },
    {
      "type": "Feature",
      "id": 95321,
      "geometry": {
        "type": "Point",
        "coordinates": [
          47.36104130208,
          34.52471451196
        ]
      },
      "properties": {
        "id": "MTM6MzQw",
        "city": "شهرستان هرسین",
        "date": "1749789000",
        "type": "event",
        "name:fa": "پایگاه موشکی",
        "sources": "https://t.me/mamlekate/95154",
        "accurate": "yes",
        "province": "استان کرمانشاه",
        "geolocates": "https://x.com/BenTzionMacales/status/1941149664696562045",
        "unofficial_name": "IRGC Aerospace Force",
        "unofficial_name:fa": "پایگاه موشکی",
        "name:en": "Missile Base",
        "city:en": "Harsin County",
        "province:en": "Kermanshah",
        "name:ar": "قاعدة صاروخية",
        "city:ar": "مقاطعة هرسين",
        "province:ar": "كرمانشاه",
        "name:he": "בסיס טילים",
        "city:he": "הרסין",
        "province:he": "כרמאנשאה",
        "name:tr": "Füze Üssü",
        "city:tr": "Harsin",
        "province:tr": "Kirmanşah",
        "name:ckb": "بنکەی مووشەکی",
        "city:ckb": "شارستانی هەرسین",
        "province:ckb": "کرماشان",
        "publicId": "MTM6MzQw",
        "sourceId": "340",
        "layerId": 13,
        "status": "active",
        "urgency": null,
        "verificationTag": null,
        "expirationDate": null,
        "createdAt": "2026-10-07T04:26:23.359Z",
        "updatedAt": "2026-10-07T04:26:23.359Z"
      }
    },
    {
      "type": "Feature",
      "id": 95322,
      "geometry": {
        "type": "Point",
        "coordinates": [
          51.72347186923,
          32.45541433699
        ]
      },
      "properties": {
        "id": "MTM6Mjgx",
        "city": "شهرستان مبارکه",
        "date": "1750159800",
        "type": "event",
        "name:fa": "پایگاه موشکی اصفهان",
        "sources": "https://t.me/idfinfarsi/9564",
        "accurate": "yes",
        "province": "استان اصفهان",
        "geolocates": "https://x.com/BenTzionMacales/status/1941153026703774185",
        "unofficial_name": "Isfahan Missile Base",
        "unofficial_name:fa": "پایگاه موشکی اصفهان",
        "name:en": "Isfahan Missile Base",
        "city:en": "Mobarakeh County",
        "province:en": "Isfahan",
        "name:ar": "قاعدة أصفهان الصاروخية",
        "city:ar": "مقاطعة مباركة",
        "province:ar": "أصفهان",
        "name:he": "בסיס הטילים אספהאן",
        "city:he": "מובארכה",
        "province:he": "אספהאן",
        "name:tr": "İsfahan Füze Üssü",
        "city:tr": "Mubareke",
        "province:tr": "İsfahan",
        "name:ckb": "بنکەی مووشەکیی ئیسفەهان",
        "city:ckb": "شارستانی موبارەکە",
        "province:ckb": "ئەسفەھان",
        "publicId": "MTM6Mjgx",
        "sourceId": "281",
        "layerId": 13,
        "status": "active",
        "urgency": null,
        "verificationTag": null,
        "expirationDate": null,
        "createdAt": "2026-10-07T04:26:23.359Z",
        "updatedAt": "2026-10-07T04:26:23.359Z"
      }
    },
    {
      "type": "Feature",
      "id": 95323,
      "geometry": {
        "type": "Point",
        "coordinates": [
          54.29562448919,
          31.80429220501
        ]
      },
      "properties": {
        "id": "MTM6MTQ4",
        "city": "شهرستان یزد",
        "date": "1750588200",
        "type": "event",
        "name:fa": "کارخانه تولید موشک بالستیک سپاه",
        "sources": "https://t.me/bbcpersian/253110",
        "accurate": "yes",
        "province": "استان یزد",
        "geolocates": "https://x.com/manniefabian/status/1936803848175157610, https://x.com/BenTzionMacales/status/1941159045647262057",
        "unofficial_name": "IRGC Aerospace Force ballistic missile facility",
        "unofficial_name:fa": "کارخانه تولید موشک بالستیک سپاه",
        "name:en": "IRGC Ballistic Missile Factory",
        "city:en": "Yazd County",
        "province:en": "Yazd",
        "name:ar": "مصنع إنتاج الصواريخ الباليستية للحرس الثوري",
        "city:ar": "مقاطعة يزد",
        "province:ar": "يزد",
        "name:he": "מפעל ייצור טילים בליסטיים של משמרות המהפכה",
        "city:he": "יזד",
        "province:he": "יזד",
        "name:tr": "Devrim Muhafızları Balistik Füze Üretim Fabrikası",
        "city:tr": "Yezd",
        "province:tr": "Yezd",
        "name:ckb": "کارگەی بەرهەمهێنانی مووشەکی بالیستیکی سوپا",
        "city:ckb": "شارستانی یەزد",
        "province:ckb": "یەزد",
        "publicId": "MTM6MTQ4",
        "sourceId": "148",
        "layerId": 13,
        "status": "active",
        "urgency": null,
        "verificationTag": null,
        "expirationDate": null,
        "createdAt": "2026-10-07T04:26:23.359Z",
        "updatedAt": "2026-10-07T04:26:23.359Z"
      }
    },
    {
      "type": "Feature",
      "id": 95324,
      "geometry": {
        "type": "Point",
        "coordinates": [
          46.77128791273,
          34.32565077443
        ]
      },
      "properties": {
        "id": "MTM6OTA",
        "city": "شهرستان کرمانشاه",
        "date": "1749772800-1750064400",
        "type": "event",
        "accurate": "yes",
        "province": "استان کرمانشاه",
        "geolocates": "https://x.com/maysam21901/status/1937954233866670248",
        "city:en": "Kermanshah County",
        "province:en": "Kermanshah",
        "city:ar": "مقاطعة كرمانشاه",
        "province:ar": "كرمانشاه",
        "city:he": "נפת כרמאנשאה",
        "province:he": "כרמאנשאה",
        "city:tr": "Kermanşah Şehristanı",
        "province:tr": "Kirmanşah",
        "city:ckb": "شارستانی کرماشان",
        "province:ckb": "کرماشان",
        "publicId": "MTM6OTA",
        "sourceId": "90",
        "layerId": 13,
        "status": "active",
        "urgency": null,
        "verificationTag": null,
        "expirationDate": null,
        "createdAt": "2026-10-07T04:26:23.359Z",
        "updatedAt": "2026-10-07T04:26:23.359Z"
      }
    },
    {
      "type": "Feature",
      "id": 95325,
      "geometry": {
        "type": "Point",
        "coordinates": [
          52.44257207394,
          29.70525698175
        ]
      },
      "properties": {
        "id": "MTM6NTc5",
        "city": "شیراز",
        "date": "1749904200",
        "name": "Shiraz Electronics Industries",
        "type": "event",
        "name:fa": "صنایع الکترونیک شیراز",
        "sources": "https://t.me/IranintlTV/282774",
        "province": "استان فارس",
        "name:en": "Shiraz Electronics Industries",
        "city:en": "Shiraz",
        "province:en": "Fars",
        "name:ar": "صناعات شيراز الإلكترونية",
        "city:ar": "شيراز",
        "province:ar": "فارس",
        "name:he": "תעשיות האלקטרוניקה שיראז",
        "city:he": "שיראז",
        "province:he": "פארס",
        "name:tr": "Şiraz Elektronik Sanayii",
        "city:tr": "Şiraz",
        "province:tr": "Fars",
        "name:ckb": "پێشەسازییە ئەلیکترۆنییەکانی شیراز",
        "city:ckb": "شیراز",
        "province:ckb": "فارس",
        "publicId": "MTM6NTc5",
        "sourceId": "579",
        "layerId": 13,
        "status": "active",
        "urgency": null,
        "verificationTag": null,
        "expirationDate": null,
        "createdAt": "2026-10-07T04:26:23.359Z",
        "updatedAt": "2026-10-07T04:26:23.359Z"
      }
    },
    {
      "type": "Feature",
      "id": 95326,
      "geometry": {
        "type": "Point",
        "coordinates": [
          51.43034264311,
          32.69554653356
        ]
      },
      "properties": {
        "id": "MTM6NDcy",
        "city": "شهرستان نجف آباد",
        "date": "1750159800",
        "type": "event",
        "name:fa": "پایگاه موشکی اصفهان",
        "sources": "https://t.me/idfinfarsi/9564",
        "accurate": "yes",
        "province": "استان اصفهان",
        "geolocates": "https://x.com/BenTzionMacales/status/1941151953859301583",
        "unofficial_name": "Isfahan Missile Base",
        "unofficial_name:fa": "پایگاه موشکی اصفهان",
        "name:en": "Isfahan Missile Base",
        "city:en": "Najafabad County",
        "province:en": "Isfahan",
        "name:ar": "قاعدة أصفهان الصاروخية",
        "city:ar": "مقاطعة نجف أباد",
        "province:ar": "أصفهان",
        "name:he": "בסיס הטילים אספהאן",
        "city:he": "נג'פאבאד",
        "province:he": "אספהאן",
        "name:tr": "İsfahan Füze Üssü",
        "city:tr": "Necefabad Şehristanı",
        "province:tr": "İsfahan",
        "name:ckb": "بنکەی مووشەکیی ئیسفەهان",
        "city:ckb": "شارستانی نەجەفئاباد",
        "province:ckb": "ئەسفەھان",
        "publicId": "MTM6NDcy",
        "sourceId": "472",
        "layerId": 13,
        "status": "active",
        "urgency": null,
        "verificationTag": null,
        "expirationDate": null,
        "createdAt": "2026-10-07T04:26:23.359Z",
        "updatedAt": "2026-10-07T04:26:23.359Z"
      }
    },
    {
      "type": "Feature",
      "id": 95327,
      "geometry": {
        "type": "Point",
        "coordinates": [
          47.05531238437,
          34.33697799155
        ]
      },
      "properties": {
        "id": "MTM6NTIx",
        "city": "کرمانشاه",
        "date": "1750055400",
        "type": "event",
        "sources": "https://x.com/Osint613/status/1934574320170545181",
        "province": "استان کرمانشاه",
        "buffer_zone": "1000",
        "city:en": "Kermanshah",
        "province:en": "Kermanshah",
        "city:ar": "كرمانشاه",
        "province:ar": "كرمانشاه",
        "city:he": "כרמאנשאה",
        "province:he": "כרמאנשאה",
        "city:tr": "Kermanşah",
        "province:tr": "Kirmanşah",
        "city:ckb": "کرماشان",
        "province:ckb": "کرماشان",
        "publicId": "MTM6NTIx",
        "sourceId": "521",
        "layerId": 13,
        "status": "active",
        "urgency": null,
        "verificationTag": null,
        "expirationDate": null,
        "createdAt": "2026-10-07T04:26:23.359Z",
        "updatedAt": "2026-10-07T04:26:23.359Z"
      }
    },
    {
      "type": "Feature",
      "id": 95328,
      "geometry": {
        "type": "Point",
        "coordinates": [
          50.90700208873,
          35.62685155647
        ]
      },
      "properties": {
        "id": "MTM6NDEz",
        "city": "شهرستان ملارد",
        "date": "1749772800-1750410000",
        "type": "event",
        "name:fa": "مجموعه موشکی بیدگنه",
        "accurate": "yes",
        "province": "استان تهران",
        "geolocates": "https://x.com/BenTzionMacales/status/1941150328868741171",
        "unofficial_name": "Bidkaneh Missile Base",
        "unofficial_name:fa": "مجموعه موشکی بیدگنه",
        "name:en": "Bidganeh Missile Complex",
        "city:en": "Malard County",
        "province:en": "Tehran",
        "name:ar": "مجمع بيدكنه الصاروخي",
        "city:ar": "مقاطعة ملارد",
        "province:ar": "طهران",
        "name:he": "מתחם הטילים בידגנה",
        "city:he": "מלארד",
        "province:he": "טהראן",
        "name:tr": "Bidgene Füze Kompleksi",
        "city:tr": "Melard Şehristanı",
        "province:tr": "Tahran",
        "name:ckb": "کۆمەڵگەی مووشەکیی بیدگەنە",
        "city:ckb": "شارستانی مەلارد",
        "province:ckb": "تاران",
        "publicId": "MTM6NDEz",
        "sourceId": "413",
        "layerId": 13,
        "status": "active",
        "urgency": null,
        "verificationTag": null,
        "expirationDate": null,
        "createdAt": "2026-10-07T04:26:23.359Z",
        "updatedAt": "2026-10-07T04:26:23.359Z"
      }
    },
    {
      "type": "Feature",
      "id": 95329,
      "geometry": {
        "type": "Point",
        "coordinates": [
          47.88026332587,
          34.43808422955
        ]
      },
      "properties": {
        "id": "MTM6MzU0",
        "city": "شهرستان کنگاور",
        "date": "1749897000",
        "type": "event",
        "name:fa": "پایگاه موشکی کنگاور",
        "accurate": "yes",
        "province": "استان کرمانشاه",
        "geolocates": "https://x.com/BenTzionMacales/status/1941149847828177109",
        "unofficial_name": "Kangavar Missile Base",
        "unofficial_name:fa": "پایگاه موشکی کنگاور",
        "name:en": "Kangavar Missile Base",
        "city:en": "Kangavar County",
        "province:en": "Kermanshah",
        "name:ar": "قاعدة كنجاور الصاروخية",
        "city:ar": "مقاطعة كنجاور",
        "province:ar": "كرمانشاه",
        "name:he": "בסיס הטילים קנגאוור",
        "city:he": "קנגאוור",
        "province:he": "כרמאנשאה",
        "name:tr": "Kengaver Füze Üssü",
        "city:tr": "Kengaver Şehristanı",
        "province:tr": "Kirmanşah",
        "name:ckb": "بنکەی مووشەکیی کەنگاوەر",
        "city:ckb": "شارستانی کەنگاوەر",
        "province:ckb": "کرماشان",
        "publicId": "MTM6MzU0",
        "sourceId": "354",
        "layerId": 13,
        "status": "active",
        "urgency": null,
        "verificationTag": null,
        "expirationDate": null,
        "createdAt": "2026-10-07T04:26:23.359Z",
        "updatedAt": "2026-10-07T04:26:23.359Z"
      }
    },
    {
      "type": "Feature",
      "id": 95330,
      "geometry": {
        "type": "Point",
        "coordinates": [
          46.1290007776,
          38.24881410248
        ]
      },
      "properties": {
        "id": "MTM6Mjg3",
        "city": "شهرستان شبستر",
        "date": "1749772800-1749889800",
        "name": "Tabriz Missile Base",
        "type": "event",
        "name:fa": "پایگاه موشکی تبریز",
        "accurate": "yes",
        "province": "استان آذربایجان شرقی",
        "geolocates": "https://x.com/byjepstein/status/1935088275930366010, https://x.com/BenTzionMacales/status/1941149498425950483",
        "name:en": "Tabriz Missile Base",
        "city:en": "Shabestar County",
        "province:en": "East Azerbaijan",
        "name:ar": "قاعدة تبريز الصاروخية",
        "city:ar": "مقاطعة شبستر",
        "province:ar": "أذربيجان الشرقية",
        "name:he": "בסיס הטילים תבריז",
        "city:he": "שבסטר",
        "province:he": "אזרבייג'ן המזרחית",
        "name:tr": "Tebriz Füze Üssü",
        "city:tr": "Şebister Şehristanı",
        "province:tr": "Doğu Azerbaycan",
        "name:ckb": "بنکەی مووشەکیی تەورێز",
        "city:ckb": "شارستانی شەبستەر",
        "province:ckb": "ئازەربایجانی ڕۆژھەڵات",
        "publicId": "MTM6Mjg3",
        "sourceId": "287",
        "layerId": 13,
        "status": "active",
        "urgency": null,
        "verificationTag": null,
        "expirationDate": null,
        "createdAt": "2026-10-07T04:26:23.359Z",
        "updatedAt": "2026-10-07T04:26:23.359Z"
      }
    },
    {
      "type": "Feature",
      "id": 95331,
      "geometry": {
        "type": "Point",
        "coordinates": [
          48.2107087943,
          33.55183422691
        ]
      },
      "properties": {
        "id": "MTM6MjE4",
        "city": "شهرستان چگنی",
        "date": "1749943800",
        "type": "event",
        "name:fa": "پایگاه موشکی خرم‌آباد",
        "sources": "https://t.me/P_raetorio/27657",
        "accurate": "yes",
        "province": "استان لرستان",
        "geolocates": "https://x.com/BenTzionMacales/status/1941149999192216043",
        "unofficial_name": "KhoramAbad Missile Base",
        "unofficial_name:fa": "پایگاه موشکی خرم‌آباد",
        "name:en": "Khorramabad Missile Base",
        "city:en": "Chegeni County",
        "province:en": "Lorestan",
        "name:ar": "قاعدة خرم آباد الصاروخية",
        "city:ar": "مقاطعة تشكني",
        "province:ar": "لرستان",
        "name:he": "בסיס הטילים ח'ורמאבאד",
        "city:he": "צ'גני",
        "province:he": "לורסתאן",
        "name:tr": "Hürremabad Füze Üssü",
        "city:tr": "Çegeni Şehristanı",
        "province:tr": "Luristan",
        "name:ckb": "بنکەی مووشەکیی خۆڕەماوا",
        "city:ckb": "شارستانی چەگەنی",
        "province:ckb": "لوڕستان",
        "publicId": "MTM6MjE4",
        "sourceId": "218",
        "layerId": 13,
        "status": "active",
        "urgency": null,
        "verificationTag": null,
        "expirationDate": null,
        "createdAt": "2026-10-07T04:26:23.359Z",
        "updatedAt": "2026-10-07T04:26:23.359Z"
      }
    },
    {
      "type": "Feature",
      "id": 95332,
      "geometry": {
        "type": "Point",
        "coordinates": [
          51.33258819312,
          35.69468503079
        ]
      },
      "properties": {
        "id": "MTM6MTU0",
        "city": "تهران",
        "date": "1750095000",
        "name": "F-14 Tomcat",
        "type": "event",
        "mission": "destroyed F-14",
        "name:fa": "F-14 Tomcat",
        "sources": "https://t.me/idfinfarsi/9528",
        "accurate": "yes",
        "province": "استان تهران",
        "name:en": "F-14 Tomcat",
        "city:en": "Tehran",
        "province:en": "Tehran",
        "name:ar": "إف-14 تومكات",
        "city:ar": "طهران",
        "province:ar": "طهران",
        "name:he": "F-14 טומקט",
        "city:he": "טהראן",
        "province:he": "טהראן",
        "name:tr": "F-14 Tomcat",
        "city:tr": "Tahran",
        "province:tr": "Tahran",
        "publicId": "MTM6MTU0",
        "sourceId": "154",
        "layerId": 13,
        "status": "active",
        "urgency": null,
        "verificationTag": null,
        "expirationDate": null,
        "createdAt": "2026-10-07T04:26:23.359Z",
        "updatedAt": "2026-10-07T04:26:23.359Z"
      }
    },
    {
      "type": "Feature",
      "id": 95333,
      "geometry": {
        "type": "Point",
        "coordinates": [
          47.2367718789,
          34.36838007366
        ]
      },
      "properties": {
        "id": "MTM6OTY",
        "city": "شهرستان کرمانشاه",
        "date": "1749772800-1750064400",
        "type": "event",
        "name:fa": "پایگاه موشکی کرمانشاه",
        "accurate": "yes",
        "province": "استان کرمانشاه",
        "geolocates": "https://x.com/detresfa_/status/1934508002079637523, https://x.com/BenTzionMacales/status/1941149607251345610, https://x.com/Shayan86/status/1934437475398619365",
        "unofficial_name": "Kermanshah Missile Base",
        "unofficial_name:fa": "پایگاه موشکی کرمانشاه",
        "name:en": "Kermanshah Missile Base",
        "city:en": "Kermanshah County",
        "province:en": "Kermanshah",
        "name:ar": "قاعدة كرمانشاه الصاروخية",
        "city:ar": "مقاطعة كرمانشاه",
        "province:ar": "كرمانشاه",
        "name:he": "בסיס הטילים כרמאנשאה",
        "city:he": "כרמאנשאה",
        "province:he": "כרמאנשאה",
        "name:tr": "Kirmanşah Füze Üssü",
        "city:tr": "Kirmanşah Şehristanı",
        "province:tr": "Kirmanşah",
        "name:ckb": "بنکەی مووشەکیی کرماشان",
        "city:ckb": "شارستانی کرماشان",
        "province:ckb": "کرماشان",
        "publicId": "MTM6OTY",
        "sourceId": "96",
        "layerId": 13,
        "status": "active",
        "urgency": null,
        "verificationTag": null,
        "expirationDate": null,
        "createdAt": "2026-10-07T04:26:23.359Z",
        "updatedAt": "2026-10-07T04:26:23.359Z"
      }
    },
    {
      "type": "Feature",
      "id": 95334,
      "geometry": {
        "type": "Point",
        "coordinates": [
          51.25545858264,
          34.09215334285
        ]
      },
      "properties": {
        "id": "MTM6NTkz",
        "city": "شهرستان کاشان",
        "date": "1749772800-1750755600",
        "type": "event",
        "name:fa": "پایگاه موشکی کاشان",
        "province": "استان اصفهان",
        "geolocates": "https://x.com/BenTzionMacales/status/1942231450478055682",
        "unofficial_name": "Kashan Missile Base",
        "unofficial_name:fa": "پایگاه موشکی کاشان",
        "name:en": "Kashan Missile Base",
        "city:en": "Kashan County",
        "province:en": "Isfahan",
        "name:ar": "قاعدة كاشان الصاروخية",
        "city:ar": "مقاطعة كاشان",
        "province:ar": "أصفهان",
        "name:he": "בסיס הטילים כאשאן",
        "city:he": "כאשאן",
        "province:he": "אספהאן",
        "name:tr": "Kaşan Füze Üssü",
        "city:tr": "Kaşan Şehristanı",
        "province:tr": "İsfahan",
        "name:ckb": "بنکەی مووشەکیی کاشان",
        "city:ckb": "شارستانی کاشان",
        "province:ckb": "ئەسفەھان",
        "publicId": "MTM6NTkz",
        "sourceId": "593",
        "layerId": 13,
        "status": "active",
        "urgency": null,
        "verificationTag": null,
        "expirationDate": null,
        "createdAt": "2026-10-07T04:26:23.359Z",
        "updatedAt": "2026-10-07T04:26:23.359Z"
      }
    },
    {
      "type": "Feature",
      "id": 95335,
      "geometry": {
        "type": "Point",
        "coordinates": [
          48.6883673045,
          36.61462556698
        ]
      },
      "properties": {
        "id": "MTM6NTI3",
        "city": "شهرستان زنجان",
        "date": "1750253400",
        "name": "Parsian Resources Research Institute",
        "type": "event",
        "name:fa": "پژوهشکده منابع پارسیان",
        "sources": "https://t.me/VahidOnline/65896",
        "province": "استان زنجان",
        "geolocates": "https://x.com/andynovy/status/1935334644947501364, https://x.com/BenDoBrown/status/1935977306305994845",
        "name:en": "Parsian Resources Research Institute",
        "city:en": "Zanjan County",
        "province:en": "Zanjan",
        "name:ar": "معهد أبحاث منابع بارسيان",
        "city:ar": "مقاطعة زنجان",
        "province:ar": "زنجان",
        "name:he": "מכון המחקר למשאבים פארסיאן",
        "city:he": "זנג'אן",
        "province:he": "זנג'אן",
        "name:tr": "Parsiyan Kaynakları Araştırma Enstitüsü",
        "city:tr": "Zencan Şehristanı",
        "province:tr": "Zencan",
        "name:ckb": "پەیمانگەی توێژینەوەی سەرچاوەکانی پارسیان",
        "city:ckb": "شارستانی زەنجان",
        "province:ckb": "زەنجان",
        "publicId": "MTM6NTI3",
        "sourceId": "527",
        "layerId": 13,
        "status": "active",
        "urgency": null,
        "verificationTag": null,
        "expirationDate": null,
        "createdAt": "2026-10-07T04:26:23.359Z",
        "updatedAt": "2026-10-07T04:26:23.359Z"
      }
    },
    {
      "type": "Feature",
      "id": 95336,
      "geometry": {
        "type": "Point",
        "coordinates": [
          51.43738209933,
          32.70224684203
        ]
      },
      "properties": {
        "id": "MTM6NDg2",
        "city": "شهرستان نجف آباد",
        "date": "1750159800",
        "type": "event",
        "name:fa": "پایگاه موشکی اصفهان",
        "sources": "https://t.me/idfinfarsi/9564",
        "province": "استان اصفهان",
        "geolocates": "https://x.com/BenTzionMacales/status/1941151953859301583",
        "unofficial_name": "Isfahan Missile Base",
        "unofficial_name:fa": "پایگاه موشکی اصفهان",
        "name:en": "Isfahan Missile Base",
        "city:en": "Najafabad County",
        "province:en": "Isfahan",
        "name:ar": "قاعدة أصفهان الصاروخية",
        "city:ar": "مقاطعة نجف أباد",
        "province:ar": "أصفهان",
        "name:he": "בסיס הטילים אספהאן",
        "city:he": "נג'פאבאד",
        "province:he": "אספהאן",
        "name:tr": "İsfahan Füze Üssü",
        "city:tr": "Necefabad Şehristanı",
        "province:tr": "İsfahan",
        "name:ckb": "بنکەی مووشەکیی ئەسفەهان",
        "city:ckb": "شارستانی نەجەفئاباد",
        "province:ckb": "ئەسفەھان",
        "publicId": "MTM6NDg2",
        "sourceId": "486",
        "layerId": 13,
        "status": "active",
        "urgency": null,
        "verificationTag": null,
        "expirationDate": null,
        "createdAt": "2026-10-07T04:26:23.359Z",
        "updatedAt": "2026-10-07T04:26:23.359Z"
      }
    },
    {
      "type": "Feature",
      "id": 95337,
      "geometry": {
        "type": "Point",
        "coordinates": [
          50.91183542132,
          35.62091908889
        ]
      },
      "properties": {
        "id": "MTM6NDE5",
        "city": "شهرستان ملارد",
        "date": "1749772800-1750410000",
        "type": "event",
        "name:fa": "مجموعه موشکی بیدگنه",
        "accurate": "yes",
        "province": "استان تهران",
        "geolocates": "https://x.com/BenTzionMacales/status/1941150328868741171",
        "unofficial_name": "Bidkaneh Missile Base",
        "unofficial_name:fa": "مجموعه موشکی بیدگنه",
        "name:en": "Bidganeh Missile Complex",
        "city:en": "Malard County",
        "province:en": "Tehran",
        "name:ar": "مجمع بيدكنه الصاروخي",
        "city:ar": "مقاطعة ملارد",
        "province:ar": "طهران",
        "name:he": "מתחם הטילים בידגנה",
        "city:he": "מלארד",
        "province:he": "טהראן",
        "name:tr": "Bidgene Füze Kompleksi",
        "city:tr": "Melard Şehristanı",
        "province:tr": "Tahran",
        "name:ckb": "کۆمەڵگەی مووشەکیی بیدگەنە",
        "city:ckb": "شارستانی مەڵارد",
        "province:ckb": "تاران",
        "publicId": "MTM6NDE5",
        "sourceId": "419",
        "layerId": 13,
        "status": "active",
        "urgency": null,
        "verificationTag": null,
        "expirationDate": null,
        "createdAt": "2026-10-07T04:26:23.359Z",
        "updatedAt": "2026-10-07T04:26:23.359Z"
      }
    },
    {
      "type": "Feature",
      "id": 95338,
      "geometry": {
        "type": "Point",
        "coordinates": [
          47.86400377482,
          34.44334890719
        ]
      },
      "properties": {
        "id": "MTM6MzYw",
        "city": "شهرستان کنگاور",
        "date": "1749897000",
        "type": "event",
        "name:fa": "پایگاه موشکی کنگاور",
        "accurate": "yes",
        "province": "استان کرمانشاه",
        "geolocates": "https://x.com/BenTzionMacales/status/1941149847828177109",
        "unofficial_name": "Kangavar Missile Base",
        "unofficial_name:fa": "پایگاه موشکی کنگاور",
        "name:en": "Kangavar Missile Base",
        "city:en": "Kangavar County",
        "province:en": "Kermanshah",
        "name:ar": "قاعدة كنجاور الصاروخية",
        "city:ar": "مقاطعة كنجاور",
        "province:ar": "كرمانشاه",
        "name:he": "בסיס הטילים קנגאוור",
        "city:he": "קנגאוור",
        "province:he": "כרמאנשאה",
        "name:tr": "Kengaver Füze Üssü",
        "city:tr": "Kengaver Şehristanı",
        "province:tr": "Kirmanşah",
        "name:ckb": "بنکەی مووشەکیی کەنگاوەر",
        "city:ckb": "شارستانی کەنگاوەر",
        "province:ckb": "کرماشان",
        "publicId": "MTM6MzYw",
        "sourceId": "360",
        "layerId": 13,
        "status": "active",
        "urgency": null,
        "verificationTag": null,
        "expirationDate": null,
        "createdAt": "2026-10-07T04:26:23.359Z",
        "updatedAt": "2026-10-07T04:26:23.359Z"
      }
    },
    {
      "type": "Feature",
      "id": 95339,
      "geometry": {
        "type": "Point",
        "coordinates": [
          51.44486278027,
          35.73547893573
        ]
      },
      "properties": {
        "id": "MTM6MzAx",
        "city": "تهران",
        "date": "1749978000",
        "type": "event",
        "province": "استان تهران",
        "geolocates": "https://x.com/andynovy/status/1934252128370855984",
        "city:en": "Tehran",
        "province:en": "Tehran",
        "city:ar": "طهران",
        "province:ar": "طهران",
        "city:he": "טהראן",
        "province:he": "טהראן",
        "city:tr": "Tahran",
        "province:tr": "Tahran",
        "city:ckb": "تاران",
        "province:ckb": "تاران",
        "publicId": "MTM6MzAx",
        "sourceId": "301",
        "layerId": 13,
        "status": "active",
        "urgency": null,
        "verificationTag": null,
        "expirationDate": null,
        "createdAt": "2026-10-07T04:26:23.359Z",
        "updatedAt": "2026-10-07T04:26:23.359Z"
      }
    },
    {
      "type": "Feature",
      "id": 95340,
      "geometry": {
        "type": "Point",
        "coordinates": [
          47.23571240768,
          34.35393936283
        ]
      },
      "properties": {
        "id": "MTM6MjQy",
        "city": "شهرستان کرمانشاه",
        "date": "1749772800-1750064400",
        "type": "event",
        "name:fa": "پایگاه موشکی کرمانشاه",
        "accurate": "yes",
        "province": "استان کرمانشاه",
        "geolocates": "https://x.com/detresfa_/status/1934508002079637523, https://x.com/BenTzionMacales/status/1941149607251345610, https://x.com/Shayan86/status/1934437475398619365",
        "unofficial_name": "Kermanshah Missile Base",
        "unofficial_name:fa": "پایگاه موشکی کرمانشاه",
        "name:en": "Kermanshah Missile Base",
        "city:en": "Kermanshah County",
        "province:en": "Kermanshah",
        "name:ar": "قاعدة كرمانشاه الصاروخية",
        "city:ar": "مقاطعة كرمانشاه",
        "province:ar": "كرمانشاه",
        "name:he": "בסיס הטילים כרמאנשאה",
        "city:he": "כרמאנשאה",
        "province:he": "כרמאנשאה",
        "name:tr": "Kirmanşah Füze Üssü",
        "city:tr": "Kirmanşah Şehristanı",
        "province:tr": "Kirmanşah",
        "name:ckb": "بنکەی مووشەکیی کرماشان",
        "city:ckb": "شارستانی کرماشان",
        "province:ckb": "کرماشان",
        "publicId": "MTM6MjQy",
        "sourceId": "242",
        "layerId": 13,
        "status": "active",
        "urgency": null,
        "verificationTag": null,
        "expirationDate": null,
        "createdAt": "2026-10-07T04:26:23.359Z",
        "updatedAt": "2026-10-07T04:26:23.359Z"
      }
    },
    {
      "type": "Feature",
      "id": 95341,
      "geometry": {
        "type": "Point",
        "coordinates": [
          55.28016685903,
          36.23020239537
        ]
      },
      "properties": {
        "id": "MTM6MjI0",
        "city": "شهرستان شاهرود",
        "date": "1750365000",
        "name": "Shahroud Space Center",
        "type": "event",
        "name:fa": "پایگاه فضایی شاهرود",
        "sources": "https://x.com/idfonline/status/1936839790717985061",
        "accurate": "yes",
        "province": "استان سمنان",
        "geolocates": "https://x.com/sam_lair/status/1937247658839867769, https://x.com/john_marquee/status/1936792567338991744, https://x.com/BenTzionMacales/status/1941159045647262057",
        "name:en": "Shahroud Space Base",
        "city:en": "Shahroud County",
        "province:en": "Semnan",
        "name:ar": "قاعدة شاهرود الفضائية",
        "city:ar": "مقاطعة شاهرود",
        "province:ar": "سمنان",
        "name:he": "בסיס החלל שאהרוד",
        "city:he": "שאהרוד",
        "province:he": "סמנאן",
        "name:tr": "Şahrud Uzay Üssü",
        "city:tr": "Şahrud Şehristanı",
        "province:tr": "Simnan",
        "name:ckb": "بنکەی فەزاییی شاهرۆد",
        "city:ckb": "شارستانی شاهرۆد",
        "province:ckb": "سمنان",
        "publicId": "MTM6MjI0",
        "sourceId": "224",
        "layerId": 13,
        "status": "active",
        "urgency": null,
        "verificationTag": null,
        "expirationDate": null,
        "createdAt": "2026-10-07T04:26:23.359Z",
        "updatedAt": "2026-10-07T04:26:23.359Z"
      }
    },
    {
      "type": "Feature",
      "id": 95342,
      "geometry": {
        "type": "Point",
        "coordinates": [
          46.12754434213,
          38.24732379294
        ]
      },
      "properties": {
        "id": "MTM6MTY4",
        "city": "شهرستان شبستر",
        "date": "1749772800-1749889800",
        "name": "Tabriz Missile Base",
        "type": "event",
        "name:fa": "پایگاه موشکی تبریز",
        "accurate": "yes",
        "province": "استان آذربایجان شرقی",
        "geolocates": "https://x.com/byjepstein/status/1935088275930366010, https://x.com/BenTzionMacales/status/1941149498425950483",
        "name:en": "Tabriz Missile Base",
        "city:en": "Shabestar County",
        "province:en": "East Azerbaijan",
        "name:ar": "قاعدة تبريز الصاروخية",
        "city:ar": "مقاطعة شبستر",
        "province:ar": "أذربيجان الشرقية",
        "name:he": "בסיס הטילים תבריז",
        "city:he": "שבסטר",
        "province:he": "אזרבייג'ן המזרחית",
        "name:tr": "Tebriz Füze Üssü",
        "city:tr": "Şebister Şehristanı",
        "province:tr": "Doğu Azerbaycan",
        "name:ckb": "بنکەی مووشەکیی تەورێز",
        "city:ckb": "شارستانی شەبستەر",
        "province:ckb": "ئازەربایجانی ڕۆژھەڵات",
        "publicId": "MTM6MTY4",
        "sourceId": "168",
        "layerId": 13,
        "status": "active",
        "urgency": null,
        "verificationTag": null,
        "expirationDate": null,
        "createdAt": "2026-10-07T04:26:23.359Z",
        "updatedAt": "2026-10-07T04:26:23.359Z"
      }
    },
    {
      "type": "Feature",
      "id": 95343,
      "geometry": {
        "type": "Point",
        "coordinates": [
          51.71317219198,
          32.45992718561
        ]
      },
      "properties": {
        "id": "MTM6NDky",
        "city": "شهرستان مبارکه",
        "date": "1750159800",
        "type": "event",
        "name:fa": "پایگاه موشکی اصفهان",
        "sources": "https://t.me/idfinfarsi/9564",
        "province": "استان اصفهان",
        "geolocates": "https://x.com/BenTzionMacales/status/1941153026703774185",
        "unofficial_name": "Isfahan Missile Base",
        "unofficial_name:fa": "پایگاه موشکی اصفهان",
        "name:en": "Isfahan Missile Base",
        "city:en": "Mobarakeh County",
        "province:en": "Isfahan",
        "name:ar": "قاعدة أصفهان الصاروخية",
        "city:ar": "مقاطعة مباركة",
        "province:ar": "أصفهان",
        "name:he": "בסיס הטילים אספהאן",
        "city:he": "מובארכה",
        "province:he": "אספהאן",
        "name:tr": "İsfahan Füze Üssü",
        "city:tr": "Mubareke Şehristanı",
        "province:tr": "İsfahan",
        "name:ckb": "بنکەی مووشەکیی ئەسفەهان",
        "city:ckb": "شارستانی موبارەکە",
        "province:ckb": "ئەسفەھان",
        "publicId": "MTM6NDky",
        "sourceId": "492",
        "layerId": 13,
        "status": "active",
        "urgency": null,
        "verificationTag": null,
        "expirationDate": null,
        "createdAt": "2026-10-07T04:26:23.359Z",
        "updatedAt": "2026-10-07T04:26:23.359Z"
      }
    },
    {
      "type": "Feature",
      "id": 95344,
      "geometry": {
        "type": "Point",
        "coordinates": [
          47.1615815109,
          34.35339242131
        ]
      },
      "properties": {
        "id": "MTM6NTQw",
        "city": "کرمانشاه",
        "date": "1750235400",
        "name": "Kermanshah Army Aviation Base",
        "type": "event",
        "mission": "destroyed AH-1",
        "name:fa": "پایگاه هوانیروز کرمانشاه",
        "accurate": "yes",
        "province": "استان کرمانشاه",
        "geolocates": "https://x.com/detresfa_/status/1935290899434520919, https://x.com/Stinky915846091/status/1935353347382407464",
        "unofficial_name:fa": "پایگاه هوانیروز کرمانشاه",
        "name:en": "Kermanshah Havaniruz Base",
        "city:en": "Kermanshah",
        "province:en": "Kermanshah",
        "name:ar": "قاعدة طيران الجيش في كرمانشاه",
        "city:ar": "كرمانشاه",
        "province:ar": "كرمانشاه",
        "name:he": "בסיס תעופת צבא היבשה כרמאנשאה",
        "city:he": "כרמאנשאה",
        "province:he": "כרמאנשאה",
        "name:tr": "Kirmanşah Kara Havacılık Üssü",
        "city:tr": "Kirmanşah",
        "province:tr": "Kirmanşah",
        "name:ckb": "بنکەی هەوانیرۆزی کرماشان",
        "city:ckb": "کرماشان",
        "province:ckb": "کرماشان",
        "publicId": "MTM6NTQw",
        "sourceId": "540",
        "layerId": 13,
        "status": "active",
        "urgency": null,
        "verificationTag": null,
        "expirationDate": null,
        "createdAt": "2026-10-07T04:26:23.359Z",
        "updatedAt": "2026-10-07T04:26:23.359Z"
      }
    },
    {
      "type": "Feature",
      "id": 95345,
      "geometry": {
        "type": "Point",
        "coordinates": [
          50.90374856919,
          35.56432153425
        ]
      },
      "properties": {
        "id": "MTM6NDMz",
        "city": "شهرستان شهریار",
        "date": "1749772800-1750410000",
        "type": "event",
        "name:fa": "مجموعه موشکی بیدگنه",
        "accurate": "yes",
        "province": "استان تهران",
        "geolocates": "https://x.com/BenTzionMacales/status/1941150385441566832",
        "unofficial_name": "Bidkaneh Missile Base",
        "unofficial_name:fa": "مجموعه موشکی بیدگنه",
        "name:en": "Bidganeh Missile Complex",
        "city:en": "Shahriar County",
        "province:en": "Tehran",
        "name:ar": "مجمع بيدكنه الصاروخي",
        "city:ar": "مقاطعة شهريار",
        "province:ar": "طهران",
        "name:he": "מתחם הטילים בידגנה",
        "city:he": "שהריאר",
        "province:he": "טהראן",
        "name:tr": "Bidgene Füze Kompleksi",
        "city:tr": "Şehriyar Şehristanı",
        "province:tr": "Tahran",
        "name:ckb": "کۆمەڵگەی مووشەکیی بیدگەنە",
        "city:ckb": "شارستانی شەهریار",
        "province:ckb": "تاران",
        "publicId": "MTM6NDMz",
        "sourceId": "433",
        "layerId": 13,
        "status": "active",
        "urgency": null,
        "verificationTag": null,
        "expirationDate": null,
        "createdAt": "2026-10-07T04:26:23.359Z",
        "updatedAt": "2026-10-07T04:26:23.359Z"
      }
    },
    {
      "type": "Feature",
      "id": 95346,
      "geometry": {
        "type": "Point",
        "coordinates": [
          48.18823456496,
          33.55116139422
        ]
      },
      "properties": {
        "id": "MTM6Mzc0",
        "city": "شهرستان چگنی",
        "date": "1749943800",
        "type": "event",
        "name:fa": "پایگاه موشکی خرم‌آباد",
        "sources": "https://t.me/P_raetorio/27657",
        "province": "استان لرستان",
        "geolocates": "https://x.com/BenTzionMacales/status/1941149999192216043",
        "unofficial_name": "KhoramAbad Missile Base",
        "unofficial_name:fa": "پایگاه موشکی خرم‌آباد",
        "name:en": "Khorramabad Missile Base",
        "city:en": "Chegeni County",
        "province:en": "Lorestan",
        "name:ar": "قاعدة خرم آباد الصاروخية",
        "city:ar": "مقاطعة تشكني",
        "province:ar": "لرستان",
        "name:he": "בסיס הטילים ח'ורמאבאד",
        "city:he": "צ'גני",
        "province:he": "לורסתאן",
        "name:tr": "Hürremabad Füze Üssü",
        "city:tr": "Çegeni Şehristanı",
        "province:tr": "Luristan",
        "name:ckb": "بنکەی مووشەکیی خۆڕەماوا",
        "city:ckb": "شارستانی چەگەنی",
        "province:ckb": "لوڕستان",
        "publicId": "MTM6Mzc0",
        "sourceId": "374",
        "layerId": 13,
        "status": "active",
        "urgency": null,
        "verificationTag": null,
        "expirationDate": null,
        "createdAt": "2026-10-07T04:26:23.359Z",
        "updatedAt": "2026-10-07T04:26:23.359Z"
      }
    },
    {
      "type": "Feature",
      "id": 95347,
      "geometry": {
        "type": "Point",
        "coordinates": [
          52.37055211991,
          29.57505735019
        ]
      },
      "properties": {
        "id": "MTM6MzA3",
        "city": "شهرستان شیراز",
        "date": "1750321800",
        "type": "event",
        "name:fa": "پایگاه هوافضا سپاه",
        "province": "استان فارس",
        "geolocates": "https://x.com/MiddleEastBuka/status/1935637308973170879",
        "unofficial_name": "IRGC Aerospace Force",
        "unofficial_name:fa": "پایگاه هوافضا سپاه",
        "name:en": "IRGC Aerospace Base",
        "city:en": "Shiraz County",
        "province:en": "Fars",
        "name:ar": "قاعدة الجوفضاء التابعة للحرس الثوري",
        "city:ar": "مقاطعة شيراز",
        "province:ar": "فارس",
        "name:tr": "Devrim Muhafızları Havacılık ve Uzay Üssü",
        "city:tr": "Şiraz Şehristanı",
        "province:tr": "Fars",
        "name:ckb": "بنکەی هەوافەزای سوپا",
        "city:ckb": "شارستانی شیراز",
        "province:ckb": "فارس",
        "name:he": "בסיס האוויר והחלל של משמרות המהפכה",
        "city:he": "נפת שיראז",
        "province:he": "פארס",
        "publicId": "MTM6MzA3",
        "sourceId": "307",
        "layerId": 13,
        "status": "active",
        "urgency": null,
        "verificationTag": null,
        "expirationDate": null,
        "createdAt": "2026-10-07T04:26:23.359Z",
        "updatedAt": "2026-10-07T04:26:23.359Z"
      }
    },
    {
      "type": "Feature",
      "id": 95348,
      "geometry": {
        "type": "Point",
        "coordinates": [
          46.14889740407,
          38.25782058997
        ]
      },
      "properties": {
        "id": "MTM6MjQ4",
        "city": "شهرستان شبستر",
        "date": "1749772800-1749889800",
        "name": "Tabriz Missile Base",
        "type": "event",
        "name:fa": "پایگاه موشکی تبریز",
        "accurate": "yes",
        "province": "استان آذربایجان شرقی",
        "geolocates": "https://x.com/byjepstein/status/1935087907976495587, https://x.com/BenTzionMacales/status/1941149498425950483",
        "name:en": "Tabriz Missile Base",
        "city:en": "Shabestar County",
        "province:en": "East Azerbaijan",
        "name:ar": "قاعدة تبريز الصاروخية",
        "city:ar": "مقاطعة شبستر",
        "province:ar": "أذربيجان الشرقية",
        "name:he": "בסיס הטילים תבריז",
        "province:he": "אזרבייג'ן המזרחית",
        "name:tr": "Tebriz Füze Üssü",
        "city:tr": "Şebister Şehristanı",
        "province:tr": "Doğu Azerbaycan",
        "name:ckb": "بنکەی مووشەکیی تەورێز",
        "city:ckb": "شارستانی شەبستەر",
        "province:ckb": "ئازەربایجانی ڕۆژھەڵات",
        "publicId": "MTM6MjQ4",
        "sourceId": "248",
        "layerId": 13,
        "status": "active",
        "urgency": null,
        "verificationTag": null,
        "expirationDate": null,
        "createdAt": "2026-10-07T04:26:23.359Z",
        "updatedAt": "2026-10-07T04:26:23.359Z"
      }
    },
    {
      "type": "Feature",
      "id": 95349,
      "geometry": {
        "type": "Point",
        "coordinates": [
          47.23209813103,
          34.35280671804
        ]
      },
      "properties": {
        "id": "MTM6MjM4",
        "city": "شهرستان کرمانشاه",
        "date": "1749772800-1750064400",
        "type": "event",
        "name:fa": "پایگاه موشکی کرمانشاه",
        "accurate": "yes",
        "province": "استان کرمانشاه",
        "geolocates": "https://x.com/detresfa_/status/1934508002079637523, https://x.com/BenTzionMacales/status/1941149607251345610, https://x.com/Shayan86/status/1934437475398619365",
        "unofficial_name": "Kermanshah Missile Base",
        "unofficial_name:fa": "پایگاه موشکی کرمانشاه",
        "name:en": "Kermanshah Missile Base",
        "city:en": "Kermanshah County",
        "province:en": "Kermanshah",
        "name:ar": "قاعدة كرمانشاه الصاروخية",
        "city:ar": "مقاطعة كرمانشاه",
        "province:ar": "كرمانشاه",
        "name:he": "בסיס הטילים כרמאנשאה",
        "province:he": "כרמאנשאה",
        "name:tr": "Kirmanşah Füze Üssü",
        "city:tr": "Kirmanşah Şehristanı",
        "province:tr": "Kirmanşah",
        "name:ckb": "بنکەی مووشەکیی کرماشان",
        "city:ckb": "شارستانی کرماشان",
        "province:ckb": "کرماشان",
        "publicId": "MTM6MjM4",
        "sourceId": "238",
        "layerId": 13,
        "status": "active",
        "urgency": null,
        "verificationTag": null,
        "expirationDate": null,
        "createdAt": "2026-10-07T04:26:23.359Z",
        "updatedAt": "2026-10-07T04:26:23.359Z"
      }
    },
    {
      "type": "Feature",
      "id": 95350,
      "geometry": {
        "type": "Point",
        "coordinates": [
          51.49830579489,
          35.68711935641
        ]
      },
      "properties": {
        "id": "MTM6MTc0",
        "city": "تهران",
        "date": "1750415400",
        "type": "event",
        "name:fa": "یگان ویژه نیروی انتظامی",
        "sources": "https://t.me/idfinfarsi/9656",
        "province": "استان تهران",
        "unofficial_name:fa": "یگان ویژه نیروی انتظامی",
        "name:en": "Law Enforcement Special Units",
        "city:en": "Tehran",
        "province:en": "Tehran",
        "name:ar": "الوحدة الخاصة لقوى الأمن الداخلي",
        "city:ar": "طهران",
        "province:ar": "طهران",
        "name:he": "היחידה המיוחדת של כוחות אכיפת החוק",
        "city:he": "טהראן",
        "province:he": "טהראן",
        "name:tr": "Polis Teşkilatı Özel Birliği",
        "city:tr": "Tahran",
        "province:tr": "Tahran",
        "name:ckb": "یەکەی تایبەتی هێزی ئینتیزامی",
        "city:ckb": "تاران",
        "province:ckb": "تاران",
        "publicId": "MTM6MTc0",
        "sourceId": "174",
        "layerId": 13,
        "status": "active",
        "urgency": null,
        "verificationTag": null,
        "expirationDate": null,
        "createdAt": "2026-10-07T04:26:23.359Z",
        "updatedAt": "2026-10-07T04:26:23.359Z"
      }
    },
    {
      "type": "Feature",
      "id": 95351,
      "geometry": {
        "type": "Point",
        "coordinates": [
          51.43279015481,
          35.5411750144
        ]
      },
      "properties": {
        "id": "MTM6MTE1",
        "city": "شهرستان ری",
        "date": "1749934800",
        "name": "Tehran Oil Refinery",
        "type": "event",
        "name:fa": "پالایشگاه شهرری",
        "sources": "https://t.me/VahidOnline/65392",
        "accurate": "yes",
        "province": "استان تهران",
        "geolocates": "https://x.com/osc_london/status/1934269967001653685",
        "unofficial_name:fa": "پالایشگاه شهرری",
        "name:en": "Shahr-e Rey Refinery",
        "city:en": "Ray County",
        "province:en": "Tehran",
        "name:ar": "مصفاة شهر ري",
        "city:ar": "مقاطعة الري",
        "province:ar": "طهران",
        "name:he": "בית הזיקוק שהר-ה ריי",
        "city:he": "ריי",
        "province:he": "טהראן",
        "name:tr": "Şehr-i Rey Rafinerisi",
        "city:tr": "Rey Şehristanı",
        "province:tr": "Tahran",
        "name:ckb": "پاڵاوگەی شاری ڕەی",
        "city:ckb": "شارستانی ڕەی",
        "province:ckb": "تاران",
        "publicId": "MTM6MTE1",
        "sourceId": "115",
        "layerId": 13,
        "status": "active",
        "urgency": null,
        "verificationTag": null,
        "expirationDate": null,
        "createdAt": "2026-10-07T04:26:23.359Z",
        "updatedAt": "2026-10-07T04:26:23.359Z"
      }
    },
    {
      "type": "Feature",
      "id": 95352,
      "geometry": {
        "type": "Point",
        "coordinates": [
          51.4953446281,
          35.663777362
        ]
      },
      "properties": {
        "id": "MTM6NTQ2",
        "city": "تهران",
        "date": "1750672800",
        "type": "event",
        "sources": "https://t.me/IranintlTV/285016",
        "accurate": "yes",
        "province": "استان تهران",
        "geolocates": "https://x.com/MeraMeraska/status/1937195925631328715",
        "unofficial_name": "IRGC Basij Headquarters",
        "city:en": "Tehran",
        "province:en": "Tehran",
        "city:ar": "طهران",
        "province:ar": "طهران",
        "city:he": "טהראן",
        "province:he": "טהראן",
        "city:tr": "Tahran",
        "province:tr": "Tahran",
        "city:ckb": "تاران",
        "province:ckb": "تاران",
        "publicId": "MTM6NTQ2",
        "sourceId": "546",
        "layerId": 13,
        "status": "active",
        "urgency": null,
        "verificationTag": null,
        "expirationDate": null,
        "createdAt": "2026-10-07T04:26:23.359Z",
        "updatedAt": "2026-10-07T04:26:23.359Z"
      }
    },
    {
      "type": "Feature",
      "id": 95353,
      "geometry": {
        "type": "Point",
        "coordinates": [
          50.75961469531,
          34.9430017861
        ]
      },
      "properties": {
        "id": "MTM6NDM5",
        "city": "شهرستان قم",
        "date": "1750237200-1750669200",
        "name": "Qom Missile Base",
        "type": "event",
        "name:fa": "مجموعه کوشک نصرت",
        "accurate": "yes",
        "province": "استان قم",
        "geolocates": "https://x.com/BenTzionMacales/status/1941150443872403501",
        "name:en": "Kushk-e Nosrat Complex",
        "city:en": "Qom County",
        "province:en": "Qom",
        "name:ar": "مجمع كوشك نصرت",
        "city:ar": "مقاطعة قم",
        "province:ar": "قم",
        "name:he": "מתחם כושכ נסרת",
        "city:he": "קום",
        "province:he": "קום",
        "name:tr": "Kuşk-e Nosrat Kompleksi",
        "city:tr": "Kum Şehristanı",
        "province:tr": "Kum",
        "name:ckb": "کۆمەڵەی کووشکی نوسرەت",
        "city:ckb": "شارستانی قوم",
        "province:ckb": "قوم",
        "publicId": "MTM6NDM5",
        "sourceId": "439",
        "layerId": 13,
        "status": "active",
        "urgency": null,
        "verificationTag": null,
        "expirationDate": null,
        "createdAt": "2026-10-07T04:26:23.359Z",
        "updatedAt": "2026-10-07T04:26:23.359Z"
      }
    },
    {
      "type": "Feature",
      "id": 95354,
      "geometry": {
        "type": "Point",
        "coordinates": [
          48.21330785215,
          33.55282670369
        ]
      },
      "properties": {
        "id": "MTM6Mzgw",
        "city": "شهرستان چگنی",
        "date": "1749943800",
        "type": "event",
        "name:fa": "پایگاه موشکی خرم‌آباد",
        "sources": "https://t.me/P_raetorio/27657",
        "accurate": "yes",
        "province": "استان لرستان",
        "geolocates": "https://x.com/BenTzionMacales/status/1941149999192216043",
        "unofficial_name": "KhoramAbad Missile Base",
        "unofficial_name:fa": "پایگاه موشکی خرم‌آباد",
        "name:en": "Khorramabad Missile Base",
        "city:en": "Chegeni County",
        "province:en": "Lorestan",
        "name:ar": "قاعدة خرم آباد الصاروخية",
        "city:ar": "مقاطعة تشكني",
        "province:ar": "لرستان",
        "name:he": "בסיס הטילים ח'ורמאבאד",
        "city:he": "צ'גני",
        "province:he": "לורסתאן",
        "name:tr": "Hürremabad Füze Üssü",
        "city:tr": "Çegeni Şehristanı",
        "province:tr": "Luristan",
        "name:ckb": "بنکەی مووشەکیی خۆڕەماوا",
        "city:ckb": "شارستانی چەگەنی",
        "province:ckb": "لوڕستان",
        "publicId": "MTM6Mzgw",
        "sourceId": "380",
        "layerId": 13,
        "status": "active",
        "urgency": null,
        "verificationTag": null,
        "expirationDate": null,
        "createdAt": "2026-10-07T04:26:23.359Z",
        "updatedAt": "2026-10-07T04:26:23.359Z"
      }
    },
    {
      "type": "Feature",
      "id": 95355,
      "geometry": {
        "type": "Point",
        "coordinates": [
          50.99302187428,
          34.88968768982
        ]
      },
      "properties": {
        "id": "MTM6MzIx",
        "city": "شهرستان قم",
        "date": "1750545000",
        "name": "Natanz Nuclear Complex",
        "type": "event",
        "name:fa": "مجتمع هسته‌ای فوردو",
        "accurate": "yes",
        "province": "استان قم",
        "geolocates": "https://isis-online.org/isis-reports/post-attack-assessment-of-the-first-12-days-of-israeli-strikes-on-iranian-nuclear-facilities, https://x.com/detresfa_/status/1937740428301746589",
        "name:en": "Fordow Nuclear Complex",
        "city:en": "Qom County",
        "province:en": "Qom",
        "name:ar": "مجمع فوردو النووي",
        "city:ar": "مقاطعة قم",
        "province:ar": "قم",
        "name:he": "מתחם הגרעין פורדו",
        "city:he": "קום",
        "province:he": "קום",
        "name:tr": "Fordo Nükleer Kompleksi",
        "city:tr": "Kum Şehristanı",
        "province:tr": "Kum",
        "name:ckb": "کۆمەڵگەی ناوەکیی فۆردۆ",
        "city:ckb": "شارستانی قوم",
        "province:ckb": "قوم",
        "publicId": "MTM6MzIx",
        "sourceId": "321",
        "layerId": 13,
        "status": "active",
        "urgency": null,
        "verificationTag": null,
        "expirationDate": null,
        "createdAt": "2026-10-07T04:26:23.359Z",
        "updatedAt": "2026-10-07T04:26:23.359Z"
      }
    },
    {
      "type": "Feature",
      "id": 95356,
      "geometry": {
        "type": "Point",
        "coordinates": [
          51.82735382974,
          32.5761332193
        ]
      },
      "properties": {
        "id": "MTM6MjYy",
        "city": "اصفهان",
        "date": "1749837600",
        "type": "event",
        "name:fa": "مجتمع هسته‌ای اصفهان",
        "sources": "https://t.me/idfinfarsi/9414",
        "accurate": "yes",
        "province": "استان اصفهان",
        "geolocates": "https://isis-online.org/isis-reports/post-attack-assessment-of-the-first-12-days-of-israeli-strikes-on-iranian-nuclear-facilities, https://x.com/detresfa_/status/1936827158351184078",
        "unofficial_name": "Isfahan Nuclear Complex",
        "unofficial_name:fa": "مجتمع هسته‌ای اصفهان",
        "name:en": "Isfahan Nuclear Complex",
        "city:en": "Isfahan",
        "province:en": "Isfahan",
        "name:ar": "مجمع أصفهان النووي",
        "city:ar": "أصفهان",
        "province:ar": "أصفهان",
        "name:he": "מתחם הגרעין אספהאן",
        "city:he": "אספהאן",
        "province:he": "אספהאן",
        "name:tr": "İsfahan Nükleer Kompleksi",
        "city:tr": "İsfahan",
        "province:tr": "İsfahan",
        "name:ckb": "کۆمەڵگەی ناوەکیی ئەسفەهان",
        "city:ckb": "ئەسفەهان",
        "province:ckb": "ئەسفەھان",
        "publicId": "MTM6MjYy",
        "sourceId": "262",
        "layerId": 13,
        "status": "active",
        "urgency": null,
        "verificationTag": null,
        "expirationDate": null,
        "createdAt": "2026-10-07T04:26:23.359Z",
        "updatedAt": "2026-10-07T04:26:23.359Z"
      }
    },
    {
      "type": "Feature",
      "id": 95357,
      "geometry": {
        "type": "Point",
        "coordinates": [
          51.89554631174,
          32.77082127455
        ]
      },
      "properties": {
        "id": "MTM6MTg3",
        "city": "شهرستان اصفهان",
        "date": "1750095000",
        "name": "F-14 Tomcat",
        "type": "event",
        "mission": "Destroyed F-14",
        "name:fa": "F-14 Tomcat",
        "sources": "https://t.me/idfinfarsi/9528",
        "accurate": "yes",
        "province": "استان اصفهان",
        "unofficial_name": "",
        "unofficial_name:fa": "",
        "name:en": "F-14 Tomcat",
        "city:en": "Isfahan County",
        "province:en": "Isfahan",
        "name:ar": "إف-14 تومكات",
        "city:ar": "مقاطعة أصفهان",
        "province:ar": "أصفهان",
        "name:he": "F-14 טומקט",
        "city:he": "אספהאן",
        "province:he": "אספהאן",
        "name:tr": "F-14 Tomcat",
        "city:tr": "İsfahan Şehristanı",
        "province:tr": "İsfahan",
        "publicId": "MTM6MTg3",
        "sourceId": "187",
        "layerId": 13,
        "status": "active",
        "urgency": null,
        "verificationTag": null,
        "expirationDate": null,
        "createdAt": "2026-10-07T04:26:23.359Z",
        "updatedAt": "2026-10-07T04:26:23.359Z"
      }
    },
    {
      "type": "Feature",
      "id": 95358,
      "geometry": {
        "type": "Point",
        "coordinates": [
          51.8279653734,
          32.57909859882
        ]
      },
      "properties": {
        "id": "MTM6MTI5",
        "city": "اصفهان",
        "date": "1749837600",
        "type": "event",
        "name:fa": "مجتمع هسته‌ای اصفهان",
        "sources": "https://t.me/idfinfarsi/9414",
        "accurate": "yes",
        "province": "استان اصفهان",
        "geolocates": "https://isis-online.org/isis-reports/post-attack-assessment-of-the-first-12-days-of-israeli-strikes-on-iranian-nuclear-facilities, https://x.com/detresfa_/status/1936827158351184078",
        "unofficial_name": "Isfahan Nuclear Complex",
        "unofficial_name:fa": "مجتمع هسته‌ای اصفهان",
        "name:en": "Isfahan Nuclear Complex",
        "city:en": "Isfahan",
        "province:en": "Isfahan",
        "name:ar": "مجمع أصفهان النووي",
        "city:ar": "أصفهان",
        "province:ar": "أصفهان",
        "name:he": "המתחם הגרעיני באספהאן",
        "city:he": "אספהאן",
        "province:he": "אספהאן",
        "name:tr": "İsfahan Nükleer Kompleksi",
        "city:tr": "İsfahan",
        "province:tr": "İsfahan",
        "name:ckb": "کۆمەڵگەی ناوەکیی ئەسفەهان",
        "city:ckb": "ئەسفەهان",
        "province:ckb": "ئەسفەھان",
        "publicId": "MTM6MTI5",
        "sourceId": "129",
        "layerId": 13,
        "status": "active",
        "urgency": null,
        "verificationTag": null,
        "expirationDate": null,
        "createdAt": "2026-10-07T04:26:23.359Z",
        "updatedAt": "2026-10-07T04:26:23.359Z"
      }
    },
    {
      "type": "Feature",
      "id": 95359,
      "geometry": {
        "type": "Point",
        "coordinates": [
          51.69988989562,
          35.69143708516
        ]
      },
      "properties": {
        "id": "MTM6NTYw",
        "city": "سنجریان",
        "date": "1750410000",
        "name": "Sanjarian Nuclear Site",
        "type": "event",
        "name:fa": "سایت هسته‌ای سنجریان",
        "accurate": "yes",
        "province": "استان تهران",
        "geolocates": "https://isis-online.org/isis-reports/post-attack-assessment-of-the-first-12-days-of-israeli-strikes-on-iranian-nuclear-facilities",
        "name:en": "Sanjarian Nuclear Site",
        "city:en": "Sanjarian",
        "province:en": "Tehran",
        "name:ar": "موقع سنجريان النووي",
        "city:ar": "سنجريان",
        "province:ar": "طهران",
        "name:he": "האתר הגרעיני סנג'ריאן",
        "city:he": "סנג'ריאן",
        "province:he": "טהראן",
        "name:tr": "Senceriyan Nükleer Sahası",
        "city:tr": "Senceriyan",
        "province:tr": "Tahran",
        "name:ckb": "سایتی ئەتۆمیی سەنجەریان",
        "city:ckb": "سەنجەریان",
        "province:ckb": "تاران",
        "publicId": "MTM6NTYw",
        "sourceId": "560",
        "layerId": 13,
        "status": "active",
        "urgency": null,
        "verificationTag": null,
        "expirationDate": null,
        "createdAt": "2026-10-07T04:26:23.359Z",
        "updatedAt": "2026-10-07T04:26:23.359Z"
      }
    },
    {
      "type": "Feature",
      "id": 95360,
      "geometry": {
        "type": "Point",
        "coordinates": [
          50.7272994411,
          34.92156638562
        ]
      },
      "properties": {
        "id": "MTM6NDUz",
        "city": "شهرستان قم",
        "date": "1750237200-1750669200",
        "name": "Qom Missile Base",
        "type": "event",
        "name:fa": "مجموعه کوشک نصرت",
        "province": "استان قم",
        "geolocates": "https://x.com/BenTzionMacales/status/1941150522523688971",
        "name:en": "Kushk-e Nosrat Complex",
        "city:en": "Qom County",
        "province:en": "Qom",
        "name:ar": "مجمع كوشك نصرت",
        "city:ar": "مقاطعة قم",
        "province:ar": "قم",
        "name:he": "מתחם כושכ נסרת",
        "city:he": "קום",
        "province:he": "קום",
        "name:tr": "Kuşk-e Nusret Kompleksi",
        "city:tr": "Kum",
        "province:tr": "Kum",
        "name:ckb": "کۆمەڵەی کۆشکی نەسرەت",
        "city:ckb": "شارستانی قم",
        "province:ckb": "قوم",
        "publicId": "MTM6NDUz",
        "sourceId": "453",
        "layerId": 13,
        "status": "active",
        "urgency": null,
        "verificationTag": null,
        "expirationDate": null,
        "createdAt": "2026-10-07T04:26:23.359Z",
        "updatedAt": "2026-10-07T04:26:23.359Z"
      }
    },
    {
      "type": "Feature",
      "id": 95361,
      "geometry": {
        "type": "Point",
        "coordinates": [
          52.55660354555,
          29.72345514542
        ]
      },
      "properties": {
        "id": "MTM6NTAy",
        "city": "شهرستان شیراز",
        "date": "1750408200",
        "type": "event",
        "name:fa": "پایگاه هوافضا سپاه",
        "accurate": "yes",
        "province": "استان فارس",
        "unofficial_name": "IRGC Aerospace Force",
        "unofficial_name:fa": "پایگاه هوافضا سپاه",
        "name:en": "IRGC Aerospace Base",
        "city:en": "Shiraz County",
        "province:en": "Fars",
        "name:ar": "قاعدة الجوفضاء التابعة للحرس الثوري",
        "city:ar": "مقاطعة شيراز",
        "province:ar": "فارس",
        "name:tr": "Devrim Muhafızları Havacılık ve Uzay Üssü",
        "city:tr": "Şiraz",
        "province:tr": "Fars",
        "name:ckb": "بنکەی هەوافەزای سوپا",
        "city:ckb": "شارستانی شیراز",
        "province:ckb": "فارس",
        "name:he": "בסיס האוויר והחלל של משמרות המהפכה",
        "city:he": "נפת שיראז",
        "province:he": "פארס",
        "publicId": "MTM6NTAy",
        "sourceId": "502",
        "layerId": 13,
        "status": "active",
        "urgency": null,
        "verificationTag": null,
        "expirationDate": null,
        "createdAt": "2026-10-07T04:26:23.359Z",
        "updatedAt": "2026-10-07T04:26:23.359Z"
      }
    },
    {
      "type": "Feature",
      "id": 95362,
      "geometry": {
        "type": "Point",
        "coordinates": [
          49.22898529887,
          36.0875432047
        ]
      },
      "properties": {
        "id": "MTM6Mzk0",
        "city": "شهرستان ابهر",
        "date": "1750208400",
        "name": "Abhar Missile Base",
        "type": "event",
        "name:fa": "پادگان موشکی زین‌الدین سپاه",
        "accurate": "yes",
        "province": "استان زنجان",
        "geolocates": "https://x.com/BenTzionMacales/status/1941150191584940042",
        "name:en": "IRGC Zeinoddin Missile Garrison",
        "city:en": "Abhar County",
        "province:en": "Zanjan",
        "name:ar": "معسكر زين الدين الصاروخي التابع للحرس الثوري",
        "city:ar": "مقاطعة أبهر",
        "province:ar": "زنجان",
        "name:he": "מחנה הטילים זין א-דין של משמרות המהפכה",
        "city:he": "אבהר",
        "province:he": "זנג'אן",
        "name:tr": "Devrim Muhafızları Zeyneddin Füze Kışlası",
        "city:tr": "Abher",
        "province:tr": "Zencan",
        "name:ckb": "پادگانی مووشەکیی زەینەدینی سوپا",
        "city:ckb": "شارستانی ئەبهەر",
        "province:ckb": "زەنجان",
        "publicId": "MTM6Mzk0",
        "sourceId": "394",
        "layerId": 13,
        "status": "active",
        "urgency": null,
        "verificationTag": null,
        "expirationDate": null,
        "createdAt": "2026-10-07T04:26:23.359Z",
        "updatedAt": "2026-10-07T04:26:23.359Z"
      }
    },
    {
      "type": "Feature",
      "id": 95363,
      "geometry": {
        "type": "Point",
        "coordinates": [
          46.17607354581,
          37.98221080437
        ]
      },
      "properties": {
        "id": "MTM6MzI3",
        "city": "شهرستان تبریز",
        "date": "1749772800-1750494600",
        "name": "Tabriz Missile Base",
        "type": "event",
        "name:fa": "پایگاه موشکی تبریز",
        "accurate": "yes",
        "province": "استان آذربایجان شرقی",
        "geolocates": "https://x.com/BenTzionMacales/status/1941149553354530939",
        "name:en": "Tabriz Missile Base",
        "city:en": "Tabriz County",
        "province:en": "East Azerbaijan",
        "name:ar": "قاعدة تبريز الصاروخية",
        "city:ar": "مقاطعة تبريز",
        "province:ar": "أذربيجان الشرقية",
        "name:he": "בסיס הטילים תבריז",
        "city:he": "תבריז",
        "province:he": "אזרבייג'ן המזרחית",
        "name:tr": "Tebriz Füze Üssü",
        "city:tr": "Tebriz",
        "province:tr": "Doğu Azerbaycan",
        "name:ckb": "بنکەی مووشەکیی تەورێز",
        "city:ckb": "شارستانی تەورێز",
        "province:ckb": "ئازەربایجانی ڕۆژھەڵات",
        "publicId": "MTM6MzI3",
        "sourceId": "327",
        "layerId": 13,
        "status": "active",
        "urgency": null,
        "verificationTag": null,
        "expirationDate": null,
        "createdAt": "2026-10-07T04:26:23.359Z",
        "updatedAt": "2026-10-07T04:26:23.359Z"
      }
    },
    {
      "type": "Feature",
      "id": 95364,
      "geometry": {
        "type": "Point",
        "coordinates": [
          54.29932057321,
          31.80633460006
        ]
      },
      "properties": {
        "id": "MTM6MjY4",
        "city": "شهرستان یزد",
        "date": "1750588200",
        "type": "event",
        "name:fa": "کارخانه تولید موشک بالستیک سپاه",
        "sources": "https://t.me/bbcpersian/253110",
        "province": "استان یزد",
        "geolocates": "https://x.com/detresfa_/status/1937479135837790682, https://x.com/BenTzionMacales/status/1941159045647262057",
        "unofficial_name": "IRGC Aerospace Force ballistic missile facility",
        "unofficial_name:fa": "کارخانه تولید موشک بالستیک سپاه",
        "name:en": "IRGC Ballistic Missile Production Factory",
        "city:en": "Yazd County",
        "province:en": "Yazd",
        "name:ar": "مصنع إنتاج الصواريخ الباليستية للحرس الثوري",
        "city:ar": "مقاطعة يزد",
        "province:ar": "يزد",
        "name:he": "מפעל לייצור טילים בליסטיים של משמרות המהפכה",
        "city:he": "יזד",
        "province:he": "יזד",
        "name:tr": "Devrim Muhafızları Balistik Füze Üretim Fabrikası",
        "city:tr": "Yezd",
        "province:tr": "Yezd",
        "name:ckb": "کارگەی بەرهەمهێنانی مووشەکی بالیستیکی سوپا",
        "city:ckb": "شارستانی یەزد",
        "province:ckb": "یەزد",
        "publicId": "MTM6MjY4",
        "sourceId": "268",
        "layerId": 13,
        "status": "active",
        "urgency": null,
        "verificationTag": null,
        "expirationDate": null,
        "createdAt": "2026-10-07T04:26:23.359Z",
        "updatedAt": "2026-10-07T04:26:23.359Z"
      }
    },
    {
      "type": "Feature",
      "id": 95365,
      "geometry": {
        "type": "Point",
        "coordinates": [
          48.27043756709,
          35.1861081851
        ]
      },
      "properties": {
        "id": "MTM6MTkz",
        "city": "شهرستان کبودرآهنگ",
        "date": "1749771000",
        "name": "Sobashi Radar Site",
        "type": "event",
        "name:fa": "رادار سوباشی",
        "sources": "https://t.me/cataphract1/53173",
        "accurate": "yes",
        "province": "استان همدان",
        "geolocates": "https://x.com/detresfa_/status/1933759671006871759",
        "name:en": "Subashi Radar",
        "city:en": "Kabudarahang County",
        "province:en": "Hamadan",
        "name:ar": "رادار سوباشي",
        "city:ar": "مقاطعة كبودراهنغ",
        "province:ar": "همدان",
        "name:he": "מכ\"ם סובאשי",
        "city:he": "כבודראהנג",
        "province:he": "המדאן",
        "name:tr": "Subaşı Radarı",
        "city:tr": "Kabudarahang",
        "province:tr": "Hemedan",
        "name:ckb": "ڕاداری سوباشی",
        "city:ckb": "شارستانی کەبوودەرئاهەنگ",
        "province:ckb": "ھەمەدان",
        "publicId": "MTM6MTkz",
        "sourceId": "193",
        "layerId": 13,
        "status": "active",
        "urgency": null,
        "verificationTag": null,
        "expirationDate": null,
        "createdAt": "2026-10-07T04:26:23.359Z",
        "updatedAt": "2026-10-07T04:26:23.359Z"
      }
    },
    {
      "type": "Feature",
      "id": 95366,
      "geometry": {
        "type": "Point",
        "coordinates": [
          51.82756840914,
          32.5839578098
        ]
      },
      "properties": {
        "id": "MTM6MTM1",
        "city": "اصفهان",
        "date": "1750549800",
        "type": "event",
        "name:fa": "مجتمع هسته‌ای اصفهان",
        "accurate": "yes",
        "province": "استان اصفهان",
        "geolocates": "https://isis-online.org/isis-reports/post-attack-assessment-of-the-first-12-days-of-israeli-strikes-on-iranian-nuclear-facilities, https://x.com/detresfa_/status/1936827158351184078",
        "unofficial_name": "Isfahan Nuclear Complex",
        "unofficial_name:fa": "مجتمع هسته‌ای اصفهان",
        "name:en": "Isfahan Nuclear Complex",
        "city:en": "Isfahan",
        "province:en": "Isfahan",
        "name:ar": "مجمع أصفهان النووي",
        "city:ar": "أصفهان",
        "province:ar": "أصفهان",
        "name:he": "מתחם הגרעין אספהאן",
        "city:he": "אספהאן",
        "province:he": "אספהאן",
        "name:tr": "İsfahan Nükleer Kompleksi",
        "city:tr": "İsfahan",
        "province:tr": "İsfahan",
        "name:ckb": "کۆمەڵگەی ئەتۆمیی ئەسفەهان",
        "city:ckb": "ئەسفەهان",
        "province:ckb": "ئەسفەھان",
        "publicId": "MTM6MTM1",
        "sourceId": "135",
        "layerId": 13,
        "status": "active",
        "urgency": null,
        "verificationTag": null,
        "expirationDate": null,
        "createdAt": "2026-10-07T04:26:23.359Z",
        "updatedAt": "2026-10-07T04:26:23.359Z"
      }
    },
    {
      "type": "Feature",
      "id": 95367,
      "geometry": {
        "type": "Point",
        "coordinates": [
          50.09392796874,
          33.61062537091
        ]
      },
      "properties": {
        "id": "MTM6Nzc",
        "city": "شهرستان خمین",
        "date": "1750172400",
        "type": "event",
        "sources": "https://t.me/VahidOnline/65794, https://t.me/idfinfarsi/9564",
        "accurate": "yes",
        "province": "استان مرکزی",
        "geolocates": "https://x.com/BenTzionMacales/status/1941150617256484872",
        "city:en": "Khomein County",
        "province:en": "Markazi",
        "city:ar": "مقاطعة خمين",
        "province:ar": "المركزية",
        "city:he": "נפת ח'ומיין",
        "province:he": "מרכזי",
        "city:tr": "Humeyn Şehristanı",
        "province:tr": "Merkezi",
        "city:ckb": "شارستانی خومەین",
        "province:ckb": "مەرکەزی",
        "publicId": "MTM6Nzc",
        "sourceId": "77",
        "layerId": 13,
        "status": "active",
        "urgency": null,
        "verificationTag": null,
        "expirationDate": null,
        "createdAt": "2026-10-07T04:26:23.359Z",
        "updatedAt": "2026-10-07T04:26:23.359Z"
      }
    },
    {
      "type": "Feature",
      "id": 95368,
      "geometry": {
        "type": "Point",
        "coordinates": [
          51.03004306287,
          35.76565585148
        ]
      },
      "properties": {
        "id": "MTM6NTY2",
        "city": "شهرستان فردیس",
        "date": "1749978000-1750064400",
        "type": "event",
        "name:fa": "گروه شیمیایی شهید میثمی",
        "accurate": "yes",
        "province": "استان البرز",
        "geolocates": "https://x.com/fab_hinz/status/1934727911883342267",
        "unofficial_name": "Meisami Chemical Group",
        "unofficial_name:fa": "گروه شیمیایی شهید میثمی",
        "name:en": "Shahid Meisami Chemical Group",
        "city:en": "Fardis County",
        "province:en": "Alborz",
        "name:ar": "مجموعة الشهيد ميثمي الكيميائية",
        "city:ar": "مقاطعة فرديس",
        "province:ar": "ألبرز",
        "name:he": "קבוצת הכימיקלים שהיד מיסמי",
        "province:he": "אלבורז",
        "name:tr": "Şehit Meysami Kimya Grubu",
        "city:tr": "Ferdis",
        "province:tr": "Elburz",
        "name:ckb": "گرووپی کیمیاییی شەهید میثمی",
        "city:ckb": "شارستانی فەردیس",
        "province:ckb": "ئەلبورز",
        "publicId": "MTM6NTY2",
        "sourceId": "566",
        "layerId": 13,
        "status": "active",
        "urgency": null,
        "verificationTag": null,
        "expirationDate": null,
        "createdAt": "2026-10-07T04:26:23.359Z",
        "updatedAt": "2026-10-07T04:26:23.359Z"
      }
    },
    {
      "type": "Feature",
      "id": 95369,
      "geometry": {
        "type": "Point",
        "coordinates": [
          50.73228834987,
          34.92223495215
        ]
      },
      "properties": {
        "id": "MTM6NDU5",
        "city": "شهرستان قم",
        "date": "1750237200-1750669200",
        "name": "Qom Missile Base",
        "type": "event",
        "name:fa": "مجموعه کوشک نصرت",
        "province": "استان قم",
        "geolocates": "https://x.com/BenTzionMacales/status/1941150522523688971",
        "name:en": "Kushk-e Nosrat Complex",
        "city:en": "Qom County",
        "province:en": "Qom",
        "name:ar": "مجمع كوشك نصرت",
        "city:ar": "مقاطعة قم",
        "province:ar": "قم",
        "name:he": "מתחם כושכ נסרת",
        "city:he": "קום",
        "province:he": "קום",
        "name:tr": "Kuşk-e Nusret Kompleksi",
        "city:tr": "Kum",
        "province:tr": "Kum",
        "name:ckb": "کۆمەڵەی کۆشکی نەسرەت",
        "city:ckb": "شارستانی قم",
        "province:ckb": "قوم",
        "publicId": "MTM6NDU5",
        "sourceId": "459",
        "layerId": 13,
        "status": "active",
        "urgency": null,
        "verificationTag": null,
        "expirationDate": null,
        "createdAt": "2026-10-07T04:26:23.359Z",
        "updatedAt": "2026-10-07T04:26:23.359Z"
      }
    },
    {
      "type": "Feature",
      "id": 95370,
      "geometry": {
        "type": "Point",
        "coordinates": [
          52.5696819967,
          29.71900607031
        ]
      },
      "properties": {
        "id": "MTM6NTA4",
        "city": "شهرستان شیراز",
        "date": "1750408200",
        "type": "event",
        "name:fa": "پایگاه هوافضا سپاه",
        "accurate": "yes",
        "province": "استان فارس",
        "unofficial_name": "IRGC Aerospace Force",
        "unofficial_name:fa": "پایگاه هوافضا سپاه",
        "name:en": "IRGC Aerospace Base",
        "city:en": "Shiraz County",
        "province:en": "Fars",
        "name:ar": "قاعدة الجوفضاء التابعة للحرس الثوري",
        "city:ar": "مقاطعة شيراز",
        "province:ar": "فارس",
        "name:he": "בסיס החלל והאוויר של משמרות המהפכה",
        "city:he": "שיראז",
        "province:he": "פארס",
        "name:tr": "Devrim Muhafızları Havacılık ve Uzay Üssü",
        "city:tr": "Şiraz",
        "province:tr": "Fars",
        "name:ckb": "بنکەی هەوافەزای سوپا",
        "city:ckb": "شارستانی شیراز",
        "province:ckb": "فارس",
        "publicId": "MTM6NTA4",
        "sourceId": "508",
        "layerId": 13,
        "status": "active",
        "urgency": null,
        "verificationTag": null,
        "expirationDate": null,
        "createdAt": "2026-10-07T04:26:23.359Z",
        "updatedAt": "2026-10-07T04:26:23.359Z"
      }
    },
    {
      "type": "Feature",
      "id": 95371,
      "geometry": {
        "type": "Point",
        "coordinates": [
          50.43336688936,
          35.67864660721
        ]
      },
      "properties": {
        "id": "MTM6NDAw",
        "city": "شهرستان اشتهارد",
        "date": "1749772800-1750755600",
        "type": "event",
        "name:fa": "پایگاه موشکی اشتهارد",
        "accurate": "yes",
        "province": "استان البرز",
        "geolocates": "https://x.com/BenTzionMacales/status/1941150251714597345",
        "unofficial_name": "Eshtehard Missile Base",
        "unofficial_name:fa": "پایگاه موشکی اشتهارد",
        "name:en": "Eshtehard Missile Base",
        "city:en": "Eshtehard County",
        "province:en": "Alborz",
        "name:ar": "قاعدة اشتهارد الصاروخية",
        "city:ar": "مقاطعة اشتهارد",
        "province:ar": "ألبرز",
        "name:he": "בסיס הטילים אשתהארד",
        "province:he": "אלבורז",
        "name:tr": "Eştehard Füze Üssü",
        "city:tr": "Eştehard",
        "province:tr": "Elburz",
        "name:ckb": "بنکەی مووشەکیی ئیشتەهارد",
        "city:ckb": "شارستانی ئیشتەهارد",
        "province:ckb": "ئەلبورز",
        "publicId": "MTM6NDAw",
        "sourceId": "400",
        "layerId": 13,
        "status": "active",
        "urgency": null,
        "verificationTag": null,
        "expirationDate": null,
        "createdAt": "2026-10-07T04:26:23.359Z",
        "updatedAt": "2026-10-07T04:26:23.359Z"
      }
    },
    {
      "type": "Feature",
      "id": 95372,
      "geometry": {
        "type": "Point",
        "coordinates": [
          47.36121296346,
          34.5248647798
        ]
      },
      "properties": {
        "id": "MTM6MzQx",
        "city": "شهرستان هرسین",
        "date": "1749789000",
        "type": "event",
        "name:fa": "پایگاه موشکی",
        "sources": "https://t.me/mamlekate/95154",
        "accurate": "yes",
        "province": "استان کرمانشاه",
        "geolocates": "https://x.com/BenTzionMacales/status/1941149664696562045",
        "unofficial_name": "IRGC Aerospace Force",
        "unofficial_name:fa": "پایگاه موشکی",
        "name:en": "Missile Base",
        "city:en": "Harsin County",
        "province:en": "Kermanshah",
        "name:ar": "قاعدة صاروخية",
        "city:ar": "مقاطعة هرسين",
        "province:ar": "كرمانشاه",
        "name:he": "בסיס טילים",
        "city:he": "הרסין",
        "province:he": "כרמאנשאה",
        "name:tr": "Füze Üssü",
        "city:tr": "Hersin",
        "province:tr": "Kirmanşah",
        "name:ckb": "بنکەی مووشەکی",
        "city:ckb": "شارستانی هەرسین",
        "province:ckb": "کرماشان",
        "publicId": "MTM6MzQx",
        "sourceId": "341",
        "layerId": 13,
        "status": "active",
        "urgency": null,
        "verificationTag": null,
        "expirationDate": null,
        "createdAt": "2026-10-07T04:26:23.359Z",
        "updatedAt": "2026-10-07T04:26:23.359Z"
      }
    },
    {
      "type": "Feature",
      "id": 95373,
      "geometry": {
        "type": "Point",
        "coordinates": [
          51.72132610202,
          32.45474440572
        ]
      },
      "properties": {
        "id": "MTM6Mjgy",
        "city": "شهرستان مبارکه",
        "date": "1750159800",
        "type": "event",
        "name:fa": "پایگاه موشکی اصفهان",
        "sources": "https://t.me/idfinfarsi/9564",
        "accurate": "yes",
        "province": "استان اصفهان",
        "geolocates": "https://x.com/BenTzionMacales/status/1941153026703774185",
        "unofficial_name": "Isfahan Missile Base",
        "unofficial_name:fa": "پایگاه موشکی اصفهان",
        "name:en": "Isfahan Missile Base",
        "city:en": "Mobarakeh County",
        "province:en": "Isfahan",
        "name:ar": "قاعدة أصفهان الصاروخية",
        "city:ar": "مقاطعة مباركة",
        "province:ar": "أصفهان",
        "name:he": "בסיס הטילים אספהאן",
        "city:he": "מבארכה",
        "province:he": "אספהאן",
        "name:tr": "İsfahan Füze Üssü",
        "city:tr": "Mubareke",
        "province:tr": "İsfahan",
        "name:ckb": "بنکەی مووشەکیی ئەسفەهان",
        "city:ckb": "شارستانی موبارەکە",
        "province:ckb": "ئەسفەھان",
        "publicId": "MTM6Mjgy",
        "sourceId": "282",
        "layerId": 13,
        "status": "active",
        "urgency": null,
        "verificationTag": null,
        "expirationDate": null,
        "createdAt": "2026-10-07T04:26:23.359Z",
        "updatedAt": "2026-10-07T04:26:23.359Z"
      }
    },
    {
      "type": "Feature",
      "id": 95374,
      "geometry": {
        "type": "Point",
        "coordinates": [
          50.38169143438,
          36.17829339062
        ]
      },
      "properties": {
        "id": "MTM6MjA1",
        "city": "شهرستان آبیک",
        "date": "1750260600",
        "type": "event",
        "name:fa": "کارخانه تولید موشک ضد تانک",
        "sources": "https://x.com/idfonline/status/1935390193365721271",
        "accurate": "yes",
        "province": "استان قزوین",
        "unofficial_name:fa": "کارخانه تولید موشک ضد تانک",
        "name:en": "Anti-Tank Missile Production Plant",
        "city:en": "Abyek County",
        "province:en": "Qazvin",
        "name:ar": "مصنع إنتاج الصواريخ المضادة للدبابات",
        "city:ar": "مقاطعة آبيك",
        "province:ar": "قزوين",
        "name:he": "מפעל לייצור טילים נגד טנקים",
        "city:he": "אביכ",
        "province:he": "קזווין",
        "name:tr": "Antitank Füzesi Üretim Fabrikası",
        "city:tr": "Abyek",
        "province:tr": "Kazvin",
        "name:ckb": "کارگەی بەرهەمهێنانی مووشەکی دژەتانک",
        "city:ckb": "شارستانی ئابیک",
        "province:ckb": "قەزوین",
        "publicId": "MTM6MjA1",
        "sourceId": "205",
        "layerId": 13,
        "status": "active",
        "urgency": null,
        "verificationTag": null,
        "expirationDate": null,
        "createdAt": "2026-10-07T04:26:23.359Z",
        "updatedAt": "2026-10-07T04:26:23.359Z"
      }
    },
    {
      "type": "Feature",
      "id": 95375,
      "geometry": {
        "type": "Point",
        "coordinates": [
          51.66462955713,
          32.3419303991
        ]
      },
      "properties": {
        "id": "MTM6MTQ5",
        "city": "شهرستان مبارکه",
        "date": "1750149000-1750408200",
        "type": "event",
        "name:fa": "پایگاه موشکی مبارکه",
        "accurate": "yes",
        "province": "استان اصفهان",
        "geolocates": "https://x.com/BenTzionMacales/status/1941153583493251327",
        "unofficial_name": "Mobarakeh Missile Base",
        "unofficial_name:fa": "پایگاه موشکی مبارکه",
        "name:en": "Mobarakeh Missile Base",
        "city:en": "Mobarakeh County",
        "province:en": "Isfahan",
        "name:ar": "قاعدة مباركة الصاروخية",
        "city:ar": "مقاطعة مباركة",
        "province:ar": "أصفهان",
        "name:he": "בסיס הטילים מובארכה",
        "city:he": "מובארכה",
        "province:he": "אספהאן",
        "name:tr": "Mubareke Füze Üssü",
        "city:tr": "Mubareke",
        "province:tr": "İsfahan",
        "name:ckb": "بنکەی مووشەکیی موبارەکە",
        "city:ckb": "شارستانی موبارەکە",
        "province:ckb": "ئەسفەھان",
        "publicId": "MTM6MTQ5",
        "sourceId": "149",
        "layerId": 13,
        "status": "active",
        "urgency": null,
        "verificationTag": null,
        "expirationDate": null,
        "createdAt": "2026-10-07T04:26:23.359Z",
        "updatedAt": "2026-10-07T04:26:23.359Z"
      }
    },
    {
      "type": "Feature",
      "id": 95376,
      "geometry": {
        "type": "Point",
        "coordinates": [
          50.09677646399,
          33.5993752615
        ]
      },
      "properties": {
        "id": "MTM6ODM",
        "city": "شهرستان خمین",
        "date": "1750172400",
        "type": "event",
        "sources": "https://t.me/VahidOnline/65794, https://t.me/idfinfarsi/9564",
        "accurate": "yes",
        "province": "استان مرکزی",
        "geolocates": "https://x.com/BenTzionMacales/status/1941150617256484872",
        "city:en": "Khomein County",
        "province:en": "Markazi",
        "city:ar": "مقاطعة خمين",
        "province:ar": "المركزية",
        "city:he": "נפת ח'ומיין",
        "province:he": "מרכזי",
        "city:tr": "Humeyn Şehristanı",
        "province:tr": "Merkezi",
        "city:ckb": "شارستانی خومەین",
        "province:ckb": "مەرکەزی",
        "publicId": "MTM6ODM",
        "sourceId": "83",
        "layerId": 13,
        "status": "active",
        "urgency": null,
        "verificationTag": null,
        "expirationDate": null,
        "createdAt": "2026-10-07T04:26:23.359Z",
        "updatedAt": "2026-10-07T04:26:23.359Z"
      }
    },
    {
      "type": "Feature",
      "id": 95377,
      "geometry": {
        "type": "Point",
        "coordinates": [
          45.1568984127,
          36.73303748963
        ]
      },
      "properties": {
        "id": "MTM6NTgw",
        "city": "شهرستان پیرانشهر",
        "date": "1749771000-1749814200",
        "type": "event",
        "sources": "https://t.me/Hengaw_Org/25967",
        "province": "استان آذربایجان غربی",
        "city:en": "Piranshahr County",
        "province:en": "West Azerbaijan",
        "city:ar": "مقاطعة بيرانشهر",
        "province:ar": "أذربيجان الغربية",
        "city:he": "נפת פיראנשהר",
        "province:he": "אזרבייג'ן המערבית",
        "city:tr": "Piranşehir Şehristanı",
        "province:tr": "Batı Azerbaycan",
        "city:ckb": "شارستانی پیرانشار",
        "province:ckb": "ئازەربایجانی ڕۆژاوا",
        "publicId": "MTM6NTgw",
        "sourceId": "580",
        "layerId": 13,
        "status": "active",
        "urgency": null,
        "verificationTag": null,
        "expirationDate": null,
        "createdAt": "2026-10-07T04:26:23.359Z",
        "updatedAt": "2026-10-07T04:26:23.359Z"
      }
    },
    {
      "type": "Feature",
      "id": 95378,
      "geometry": {
        "type": "Point",
        "coordinates": [
          51.43059745297,
          32.69554653356
        ]
      },
      "properties": {
        "id": "MTM6NDcz",
        "city": "شهرستان نجف آباد",
        "date": "1750159800",
        "type": "event",
        "name:fa": "پایگاه موشکی اصفهان",
        "sources": "https://t.me/idfinfarsi/9564",
        "accurate": "yes",
        "province": "استان اصفهان",
        "geolocates": "https://x.com/BenTzionMacales/status/1941151953859301583",
        "unofficial_name": "Isfahan Missile Base",
        "unofficial_name:fa": "پایگاه موشکی اصفهان",
        "name:en": "Isfahan Missile Base",
        "city:en": "Najafabad County",
        "province:en": "Isfahan",
        "name:ar": "قاعدة أصفهان الصاروخية",
        "city:ar": "مقاطعة نجف أباد",
        "province:ar": "أصفهان",
        "name:he": "בסיס הטילים אספהאן",
        "city:he": "נג'ף אבאד",
        "province:he": "אספהאן",
        "name:tr": "İsfahan Füze Üssü",
        "city:tr": "Necefabad",
        "province:tr": "İsfahan",
        "name:ckb": "بنکەی مووشەکیی ئەسفەهان",
        "city:ckb": "شارستانی نەجەفئاباد",
        "province:ckb": "ئەسفەھان",
        "publicId": "MTM6NDcz",
        "sourceId": "473",
        "layerId": 13,
        "status": "active",
        "urgency": null,
        "verificationTag": null,
        "expirationDate": null,
        "createdAt": "2026-10-07T04:26:23.359Z",
        "updatedAt": "2026-10-07T04:26:23.359Z"
      }
    },
    {
      "type": "Feature",
      "id": 95379,
      "geometry": {
        "type": "Point",
        "coordinates": [
          47.16246123791,
          34.35011070832
        ]
      },
      "properties": {
        "id": "MTM6NTIy",
        "city": "کرمانشاه",
        "date": "1750235400",
        "name": "Kermanshah Army Aviation Base",
        "type": "event",
        "mission": "destroyed AH-1",
        "name:fa": "پایگاه هوانیروز کرمانشاه",
        "accurate": "yes",
        "province": "استان کرمانشاه",
        "geolocates": "https://x.com/detresfa_/status/1935290899434520919, https://x.com/Stinky915846091/status/1935353347382407464",
        "unofficial_name:fa": "پایگاه هوانیروز کرمانشاه",
        "name:en": "Kermanshah Havaniroz Base",
        "city:en": "Kermanshah",
        "province:en": "Kermanshah",
        "name:ar": "قاعدة طيران الجيش في كرمانشاه",
        "city:ar": "كرمانشاه",
        "province:ar": "كرمانشاه",
        "name:he": "בסיס תעופת צבא היבשה כרמאנשאה",
        "province:he": "כרמאנשאה",
        "name:tr": "Kirmanşah Kara Havacılık Üssü",
        "city:tr": "Kirmanşah",
        "province:tr": "Kirmanşah",
        "name:ckb": "بنکەی هەوانیرۆزی کرماشان",
        "city:ckb": "کرماشان",
        "province:ckb": "کرماشان",
        "publicId": "MTM6NTIy",
        "sourceId": "522",
        "layerId": 13,
        "status": "active",
        "urgency": null,
        "verificationTag": null,
        "expirationDate": null,
        "createdAt": "2026-10-07T04:26:23.359Z",
        "updatedAt": "2026-10-07T04:26:23.359Z"
      }
    },
    {
      "type": "Feature",
      "id": 95380,
      "geometry": {
        "type": "Point",
        "coordinates": [
          50.91244697303,
          35.62337628324
        ]
      },
      "properties": {
        "id": "MTM6NDE0",
        "city": "شهرستان ملارد",
        "date": "1749772800-1750410000",
        "type": "event",
        "name:fa": "مجموعه موشکی بیدگنه",
        "accurate": "yes",
        "province": "استان تهران",
        "geolocates": "https://x.com/BenTzionMacales/status/1941150328868741171",
        "unofficial_name": "Bidkaneh Missile Base",
        "unofficial_name:fa": "مجموعه موشکی بیدگنه",
        "name:en": "Bidganeh Missile Complex",
        "city:en": "Malard County",
        "province:en": "Tehran",
        "name:ar": "مجمع بيدغنه الصاروخي",
        "city:ar": "مقاطعة ملارد",
        "province:ar": "طهران",
        "name:he": "מתחם הטילים בידגנה",
        "city:he": "מלארד",
        "province:he": "טהראן",
        "name:tr": "Bidgene Füze Kompleksi",
        "city:tr": "Melard",
        "province:tr": "Tahran",
        "name:ckb": "کۆمەڵەی مووشەکیی بیدگەنە",
        "city:ckb": "شارستانی مەلارد",
        "province:ckb": "تاران",
        "publicId": "MTM6NDE0",
        "sourceId": "414",
        "layerId": 13,
        "status": "active",
        "urgency": null,
        "verificationTag": null,
        "expirationDate": null,
        "createdAt": "2026-10-07T04:26:23.359Z",
        "updatedAt": "2026-10-07T04:26:23.359Z"
      }
    },
    {
      "type": "Feature",
      "id": 95381,
      "geometry": {
        "type": "Point",
        "coordinates": [
          47.18426763475,
          34.4369073761
        ]
      },
      "properties": {
        "id": "MTM6MzQ3",
        "city": "شهرستان کرمانشاه",
        "date": "1749772800-1750064400",
        "type": "event",
        "name:fa": "پایگاه موشکی کرمانشاه",
        "accurate": "yes",
        "province": "استان کرمانشاه",
        "geolocates": "https://x.com/BenTzionMacales/status/1941149722062045262",
        "unofficial_name": "Kermanshah Missile Base",
        "unofficial_name:fa": "پایگاه موشکی کرمانشاه",
        "name:en": "Kermanshah Missile Base",
        "city:en": "Kermanshah County",
        "province:en": "Kermanshah",
        "name:ar": "قاعدة كرمانشاه الصاروخية",
        "city:ar": "مقاطعة كرمانشاه",
        "province:ar": "كرمانشاه",
        "name:he": "בסיס הטילים כרמאנשאה",
        "city:he": "מחוז כרמאנשאה",
        "province:he": "כרמאנשאה",
        "name:tr": "Kirmanşah Füze Üssü",
        "city:tr": "Kirmanşah",
        "province:tr": "Kirmanşah",
        "name:ckb": "بنکەی مووشەکیی کرماشان",
        "city:ckb": "شارستانی کرماشان",
        "province:ckb": "کرماشان",
        "publicId": "MTM6MzQ3",
        "sourceId": "347",
        "layerId": 13,
        "status": "active",
        "urgency": null,
        "verificationTag": null,
        "expirationDate": null,
        "createdAt": "2026-10-07T04:26:23.359Z",
        "updatedAt": "2026-10-07T04:26:23.359Z"
      }
    },
    {
      "type": "Feature",
      "id": 95382,
      "geometry": {
        "type": "Point",
        "coordinates": [
          47.22749411792,
          34.35886170691
        ]
      },
      "properties": {
        "id": "MTM6Mjg4",
        "city": "شهرستان کرمانشاه",
        "date": "1749772800-1750064400",
        "type": "event",
        "name:fa": "پایگاه موشکی کرمانشاه",
        "province": "استان کرمانشاه",
        "geolocates": "https://x.com/detresfa_/status/1934508002079637523, https://x.com/BenTzionMacales/status/1941149607251345610, https://x.com/Shayan86/status/1934437475398619365",
        "unofficial_name": "Kermanshah Missile Base",
        "unofficial_name:fa": "پایگاه موشکی کرمانشاه",
        "name:en": "Kermanshah Missile Base",
        "city:en": "Kermanshah County",
        "province:en": "Kermanshah",
        "name:ar": "قاعدة كرمانشاه الصاروخية",
        "city:ar": "مقاطعة كرمانشاه",
        "province:ar": "كرمانشاه",
        "name:he": "בסיס הטילים כרמאנשאה",
        "city:he": "מחוז כרמאנשאה",
        "province:he": "כרמאנשאה",
        "name:tr": "Kirmanşah Füze Üssü",
        "city:tr": "Kirmanşah",
        "province:tr": "Kirmanşah",
        "name:ckb": "بنکەی مووشەکیی کرماشان",
        "city:ckb": "شارستانی کرماشان",
        "province:ckb": "کرماشان",
        "publicId": "MTM6Mjg4",
        "sourceId": "288",
        "layerId": 13,
        "status": "active",
        "urgency": null,
        "verificationTag": null,
        "expirationDate": null,
        "createdAt": "2026-10-07T04:26:23.359Z",
        "updatedAt": "2026-10-07T04:26:23.359Z"
      }
    },
    {
      "type": "Feature",
      "id": 95383,
      "geometry": {
        "type": "Point",
        "coordinates": [
          50.89868186831,
          35.62576800908
        ]
      },
      "properties": {
        "id": "MTM6MjEx",
        "city": "شهرستان ملارد",
        "date": "1749772800-1750410000",
        "type": "event",
        "name:fa": "مجموعه موشکی بیدگنه",
        "accurate": "yes",
        "province": "استان تهران",
        "geolocates": "https://x.com/BenTzionMacales/status/1941150328868741171",
        "unofficial_name": "Bidkaneh Missile Base",
        "unofficial_name:fa": "مجموعه موشکی بیدگنه",
        "name:en": "Bidganeh Missile Complex",
        "city:en": "Malard County",
        "province:en": "Tehran",
        "name:ar": "مجمع بيدغنه الصاروخي",
        "city:ar": "مقاطعة ملارد",
        "province:ar": "طهران",
        "name:he": "מכלול הטילים בידגנה",
        "city:he": "מלארד",
        "province:he": "טהראן",
        "name:tr": "Bidgene Füze Kompleksi",
        "city:tr": "Melard",
        "province:tr": "Tahran",
        "name:ckb": "کۆمەڵەی مووشەکیی بیدگەنە",
        "city:ckb": "شارستانی مەلارد",
        "province:ckb": "تاران",
        "publicId": "MTM6MjEx",
        "sourceId": "211",
        "layerId": 13,
        "status": "active",
        "urgency": null,
        "verificationTag": null,
        "expirationDate": null,
        "createdAt": "2026-10-07T04:26:23.359Z",
        "updatedAt": "2026-10-07T04:26:23.359Z"
      }
    },
    {
      "type": "Feature",
      "id": 95384,
      "geometry": {
        "type": "Point",
        "coordinates": [
          51.33244603604,
          35.69462403773
        ]
      },
      "properties": {
        "id": "MTM6MTU1",
        "city": "تهران",
        "date": "1750095000",
        "name": "F-14 Tomcat",
        "type": "event",
        "mission": "destroyed F-14",
        "name:fa": "F-14 Tomcat",
        "sources": "https://t.me/idfinfarsi/9528",
        "accurate": "yes",
        "province": "استان تهران",
        "name:en": "F-14 Tomcat",
        "city:en": "Tehran",
        "province:en": "Tehran",
        "name:ar": "إف-14 تومكات",
        "city:ar": "طهران",
        "province:ar": "طهران",
        "name:he": "F-14 טומקט",
        "city:he": "טהראן",
        "province:he": "טהראן",
        "name:tr": "F-14 Tomcat",
        "city:tr": "Tahran",
        "province:tr": "Tahran",
        "publicId": "MTM6MTU1",
        "sourceId": "155",
        "layerId": 13,
        "status": "active",
        "urgency": null,
        "verificationTag": null,
        "expirationDate": null,
        "createdAt": "2026-10-07T04:26:23.359Z",
        "updatedAt": "2026-10-07T04:26:23.359Z"
      }
    },
    {
      "type": "Feature",
      "id": 95385,
      "geometry": {
        "type": "Point",
        "coordinates": [
          47.24398165673,
          34.36348928707
        ]
      },
      "properties": {
        "id": "MTM6OTc",
        "city": "شهرستان کرمانشاه",
        "date": "1749772800-1750064400",
        "type": "event",
        "name:fa": "پایگاه موشکی کرمانشاه",
        "accurate": "yes",
        "province": "استان کرمانشاه",
        "geolocates": "https://x.com/detresfa_/status/1934508002079637523, https://x.com/BenTzionMacales/status/1941149607251345610, https://x.com/Shayan86/status/1934437475398619365",
        "unofficial_name": "Kermanshah Missile Base",
        "unofficial_name:fa": "پایگاه موشکی کرمانشاه",
        "name:en": "Kermanshah Missile Base",
        "city:en": "Kermanshah County",
        "province:en": "Kermanshah",
        "name:ar": "قاعدة كرمانشاه الصاروخية",
        "city:ar": "مقاطعة كرمانشاه",
        "province:ar": "كرمانشاه",
        "name:he": "בסיס הטילים כרמאנשאה",
        "province:he": "כרמאנשאה",
        "name:tr": "Kirmanşah Füze Üssü",
        "city:tr": "Kirmanşah",
        "province:tr": "Kirmanşah",
        "name:ckb": "بنکەی مووشەکیی کرماشان",
        "city:ckb": "شارستانی کرماشان",
        "province:ckb": "کرماشان",
        "publicId": "MTM6OTc",
        "sourceId": "97",
        "layerId": 13,
        "status": "active",
        "urgency": null,
        "verificationTag": null,
        "expirationDate": null,
        "createdAt": "2026-10-07T04:26:23.359Z",
        "updatedAt": "2026-10-07T04:26:23.359Z"
      }
    },
    {
      "type": "Feature",
      "id": 95386,
      "geometry": {
        "type": "Point",
        "coordinates": [
          50.42457460284,
          36.16997054073
        ]
      },
      "properties": {
        "id": "MTM6NTg2",
        "city": "شهرستان آبیک",
        "date": "1750408200-1750840200",
        "type": "event",
        "accurate": "yes",
        "province": "استان قزوین",
        "geolocates": "https://x.com/BenTzionMacales/status/1941162068830286129",
        "unofficial_name": "Site 311",
        "city:en": "Abyek County",
        "province:en": "Qazvin",
        "city:ar": "مقاطعة أبيك",
        "province:ar": "قزوين",
        "city:he": "נפת אביכ",
        "province:he": "קזווין",
        "city:tr": "Abyek Şehristanı",
        "province:tr": "Kazvin",
        "city:ckb": "شارستانی ئابێک",
        "province:ckb": "قەزوین",
        "publicId": "MTM6NTg2",
        "sourceId": "586",
        "layerId": 13,
        "status": "active",
        "urgency": null,
        "verificationTag": null,
        "expirationDate": null,
        "createdAt": "2026-10-07T04:26:23.359Z",
        "updatedAt": "2026-10-07T04:26:23.359Z"
      }
    },
    {
      "type": "Feature",
      "id": 95387,
      "geometry": {
        "type": "Point",
        "coordinates": [
          51.43419563234,
          32.69485695344
        ]
      },
      "properties": {
        "id": "MTM6NDc5",
        "city": "شهرستان نجف آباد",
        "date": "1750159800",
        "type": "event",
        "name:fa": "پایگاه موشکی اصفهان",
        "sources": "https://t.me/idfinfarsi/9564",
        "accurate": "yes",
        "province": "استان اصفهان",
        "geolocates": "https://x.com/BenTzionMacales/status/1941151953859301583",
        "unofficial_name": "Isfahan Missile Base",
        "unofficial_name:fa": "پایگاه موشکی اصفهان",
        "name:en": "Isfahan Missile Base",
        "city:en": "Najafabad County",
        "province:en": "Isfahan",
        "name:ar": "قاعدة أصفهان الصاروخية",
        "city:ar": "مقاطعة نجف أباد",
        "province:ar": "أصفهان",
        "name:he": "בסיס הטילים אספהאן",
        "city:he": "נג'ף אבאד",
        "province:he": "אספהאן",
        "name:tr": "İsfahan Füze Üssü",
        "city:tr": "Necefabad",
        "province:tr": "İsfahan",
        "name:ckb": "بنکەی مووشەکیی ئەسفەهان",
        "city:ckb": "شارستانی نەجەفئاباد",
        "province:ckb": "ئەسفەھان",
        "publicId": "MTM6NDc5",
        "sourceId": "479",
        "layerId": 13,
        "status": "active",
        "urgency": null,
        "verificationTag": null,
        "expirationDate": null,
        "createdAt": "2026-10-07T04:26:23.359Z",
        "updatedAt": "2026-10-07T04:26:23.359Z"
      }
    },
    {
      "type": "Feature",
      "id": 95388,
      "geometry": {
        "type": "Point",
        "coordinates": [
          48.68732124299,
          36.61565680684
        ]
      },
      "properties": {
        "id": "MTM6NTI4",
        "city": "شهرستان زنجان",
        "date": "1750253400",
        "name": "Parsian Resources Research Institute",
        "type": "event",
        "name:fa": "پژوهشکده منابع پارسیان",
        "sources": "https://t.me/VahidOnline/65896",
        "province": "استان زنجان",
        "geolocates": "https://x.com/andynovy/status/1935334644947501364, https://x.com/BenDoBrown/status/1935977306305994845",
        "name:en": "Parsian Resources Research Institute",
        "city:en": "Zanjan County",
        "province:en": "Zanjan",
        "name:ar": "معهد أبحاث المصادر بارسيان",
        "city:ar": "مقاطعة زنجان",
        "province:ar": "زنجان",
        "name:he": "מכון המחקר למשאבים פארסיאן",
        "city:he": "זנג'אן",
        "province:he": "זנג'אן",
        "name:tr": "Parsiyan Kaynakları Araştırma Enstitüsü",
        "city:tr": "Zencan",
        "province:tr": "Zencan",
        "name:ckb": "پەیمانگەی لێکۆڵینەوەی سەرچاوەکانی پارسیان",
        "city:ckb": "شارستانی زەنجان",
        "province:ckb": "زەنجان",
        "publicId": "MTM6NTI4",
        "sourceId": "528",
        "layerId": 13,
        "status": "active",
        "urgency": null,
        "verificationTag": null,
        "expirationDate": null,
        "createdAt": "2026-10-07T04:26:23.359Z",
        "updatedAt": "2026-10-07T04:26:23.359Z"
      }
    },
    {
      "type": "Feature",
      "id": 95389,
      "geometry": {
        "type": "Point",
        "coordinates": [
          50.91412067145,
          35.62301871833
        ]
      },
      "properties": {
        "id": "MTM6NDIw",
        "city": "شهرستان ملارد",
        "date": "1749772800-1750410000",
        "type": "event",
        "name:fa": "مجموعه موشکی بیدگنه",
        "accurate": "yes",
        "province": "استان تهران",
        "geolocates": "https://x.com/BenTzionMacales/status/1941150328868741171",
        "unofficial_name": "Bidkaneh Missile Base",
        "unofficial_name:fa": "مجموعه موشکی بیدگنه",
        "name:en": "Bidganeh Missile Complex",
        "city:en": "Malard County",
        "province:en": "Tehran",
        "name:ar": "مجمع بيدغنه الصاروخي",
        "city:ar": "مقاطعة ملارد",
        "province:ar": "طهران",
        "name:he": "מכלול הטילים בידגנה",
        "city:he": "מלארד",
        "province:he": "טהראן",
        "name:tr": "Bidgene Füze Kompleksi",
        "city:tr": "Melard",
        "province:tr": "Tahran",
        "name:ckb": "کۆمەڵەی مووشەکیی بیدگەنە",
        "city:ckb": "شارستانی مەلارد",
        "province:ckb": "تاران",
        "publicId": "MTM6NDIw",
        "sourceId": "420",
        "layerId": 13,
        "status": "active",
        "urgency": null,
        "verificationTag": null,
        "expirationDate": null,
        "createdAt": "2026-10-07T04:26:23.359Z",
        "updatedAt": "2026-10-07T04:26:23.359Z"
      }
    },
    {
      "type": "Feature",
      "id": 95390,
      "geometry": {
        "type": "Point",
        "coordinates": [
          47.86377846926,
          34.44246411061
        ]
      },
      "properties": {
        "id": "MTM6MzYx",
        "city": "شهرستان کنگاور",
        "date": "1749897000",
        "type": "event",
        "name:fa": "پایگاه موشکی کنگاور",
        "accurate": "yes",
        "province": "استان کرمانشاه",
        "geolocates": "https://x.com/BenTzionMacales/status/1941149847828177109",
        "unofficial_name": "Kangavar Missile Base",
        "unofficial_name:fa": "پایگاه موشکی کنگاور",
        "name:en": "Kangavar Missile Base",
        "city:en": "Kangavar County",
        "province:en": "Kermanshah",
        "name:ar": "قاعدة كنغاور الصاروخية",
        "city:ar": "مقاطعة كنغاور",
        "province:ar": "كرمانشاه",
        "name:he": "בסיס הטילים כנגאוור",
        "city:he": "כנגאוור",
        "province:he": "כרמאנשאה",
        "name:tr": "Kangavar Füze Üssü",
        "city:tr": "Kangavar",
        "province:tr": "Kirmanşah",
        "name:ckb": "بنکەی مووشەکیی کەنگاوەر",
        "city:ckb": "شارستانی کەنگاوەر",
        "province:ckb": "کرماشان",
        "publicId": "MTM6MzYx",
        "sourceId": "361",
        "layerId": 13,
        "status": "active",
        "urgency": null,
        "verificationTag": null,
        "expirationDate": null,
        "createdAt": "2026-10-07T04:26:23.359Z",
        "updatedAt": "2026-10-07T04:26:23.359Z"
      }
    },
    {
      "type": "Feature",
      "id": 95391,
      "geometry": {
        "type": "Point",
        "coordinates": [
          51.40604585141,
          35.70979244743
        ]
      },
      "properties": {
        "id": "MTM6MzAy",
        "city": "تهران",
        "date": "1749978000",
        "name": "Ministry of Justice",
        "type": "event",
        "name:fa": "وزارت دادگستری",
        "sources": "https://t.me/P_raetorio/27726",
        "accurate": "yes",
        "province": "استان تهران",
        "name:en": "Ministry of Justice",
        "city:en": "Tehran",
        "province:en": "Tehran",
        "name:ar": "وزارة العدل",
        "city:ar": "طهران",
        "province:ar": "طهران",
        "name:he": "משרד המשפטים",
        "city:he": "טהראן",
        "province:he": "טהראן",
        "name:tr": "Adalet Bakanlığı",
        "city:tr": "Tahran",
        "province:tr": "Tahran",
        "name:ckb": "وەزارەتی داد",
        "city:ckb": "تاران",
        "province:ckb": "تاران",
        "publicId": "MTM6MzAy",
        "sourceId": "302",
        "layerId": 13,
        "status": "active",
        "urgency": null,
        "verificationTag": null,
        "expirationDate": null,
        "createdAt": "2026-10-07T04:26:23.359Z",
        "updatedAt": "2026-10-07T04:26:23.359Z"
      }
    },
    {
      "type": "Feature",
      "id": 95392,
      "geometry": {
        "type": "Point",
        "coordinates": [
          55.28113245428,
          36.23256501184
        ]
      },
      "properties": {
        "id": "MTM6MjI1",
        "city": "شهرستان شاهرود",
        "date": "1750365000",
        "name": "Shahroud Space Center",
        "type": "event",
        "name:fa": "پایگاه فضایی شاهرود",
        "sources": "https://x.com/idfonline/status/1936839790717985061",
        "accurate": "yes",
        "province": "استان سمنان",
        "geolocates": "https://x.com/sam_lair/status/1937247658839867769, https://x.com/john_marquee/status/1936792567338991744, https://x.com/BenTzionMacales/status/1941159045647262057",
        "name:en": "Shahroud Space Base",
        "city:en": "Shahroud County",
        "province:en": "Semnan",
        "name:ar": "قاعدة شاهرود الفضائية",
        "city:ar": "مقاطعة شاهرود",
        "province:ar": "سمنان",
        "name:he": "בסיס החלל שאהרוד",
        "city:he": "שאהרוד",
        "province:he": "סמנאן",
        "name:tr": "Şahrud Uzay Üssü",
        "city:tr": "Şahrud",
        "province:tr": "Simnan",
        "name:ckb": "بنکەی فەزاییی شاهرود",
        "city:ckb": "شارستانی شاهرود",
        "province:ckb": "سمنان",
        "publicId": "MTM6MjI1",
        "sourceId": "225",
        "layerId": 13,
        "status": "active",
        "urgency": null,
        "verificationTag": null,
        "expirationDate": null,
        "createdAt": "2026-10-07T04:26:23.359Z",
        "updatedAt": "2026-10-07T04:26:23.359Z"
      }
    },
    {
      "type": "Feature",
      "id": 95393,
      "geometry": {
        "type": "Point",
        "coordinates": [
          46.13772332601,
          38.25213479173
        ]
      },
      "properties": {
        "id": "MTM6MTY5",
        "city": "شهرستان شبستر",
        "date": "1749772800-1749889800",
        "name": "Tabriz Missile Base",
        "type": "event",
        "name:fa": "پایگاه موشکی تبریز",
        "accurate": "yes",
        "province": "استان آذربایجان شرقی",
        "geolocates": "https://x.com/byjepstein/status/1935087907976495587, https://x.com/BenTzionMacales/status/1941149498425950483",
        "name:en": "Tabriz Missile Base",
        "city:en": "Shabestar County",
        "province:en": "East Azerbaijan",
        "name:ar": "قاعدة تبريز الصاروخية",
        "city:ar": "مقاطعة شبستر",
        "province:ar": "أذربيجان الشرقية",
        "name:he": "בסיס הטילים תבריז",
        "city:he": "שבסטר",
        "province:he": "אזרבייג'ן המזרחית",
        "name:tr": "Tebriz Füze Üssü",
        "city:tr": "Şebister",
        "province:tr": "Doğu Azerbaycan",
        "name:ckb": "بنکەی مووشەکیی تەورێز",
        "city:ckb": "شارۆچکەی شەبستەر",
        "province:ckb": "ئازەربایجانی ڕۆژھەڵات",
        "publicId": "MTM6MTY5",
        "sourceId": "169",
        "layerId": 13,
        "status": "active",
        "urgency": null,
        "verificationTag": null,
        "expirationDate": null,
        "createdAt": "2026-10-07T04:26:23.359Z",
        "updatedAt": "2026-10-07T04:26:23.359Z"
      }
    },
    {
      "type": "Feature",
      "id": 95394,
      "geometry": {
        "type": "Point",
        "coordinates": [
          48.66674869984,
          35.21227688576
        ]
      },
      "properties": {
        "id": "MTM6MTAz",
        "city": "شهرستان کبودرآهنگ",
        "date": "1749772800-1749889800",
        "name": "3rd Tactical Fighter Base",
        "type": "event",
        "name:fa": "پایگاه سوم شکاری",
        "accurate": "yes",
        "province": "استان همدان",
        "geolocates": "https://x.com/osc_london/status/1934622671318229217, https://x.com/osc_london/status/1933969558789853253",
        "name:en": "3rd Tactical Fighter Base",
        "city:en": "Kabudarahang County",
        "province:en": "Hamadan",
        "name:ar": "القاعدة الجوية الثالثة للقتال",
        "city:ar": "مقاطعة كبودراهنغ",
        "province:ar": "همدان",
        "name:he": "בסיס הקרב השלישי",
        "city:he": "כבודראהנג",
        "province:he": "המדאן",
        "name:tr": "3. Ana Jet Üssü",
        "city:tr": "Kebuder Aheng",
        "province:tr": "Hemedan",
        "name:ckb": "بنکەی سێیەمی شکاری",
        "city:ckb": "شارۆچکەی کەبوودەرئاهەنگ",
        "province:ckb": "ھەمەدان",
        "publicId": "MTM6MTAz",
        "sourceId": "103",
        "layerId": 13,
        "status": "active",
        "urgency": null,
        "verificationTag": null,
        "expirationDate": null,
        "createdAt": "2026-10-07T04:26:23.359Z",
        "updatedAt": "2026-10-07T04:26:23.359Z"
      }
    },
    {
      "type": "Feature",
      "id": 95395,
      "geometry": {
        "type": "Point",
        "coordinates": [
          51.66513918757,
          32.34297733115
        ]
      },
      "properties": {
        "id": "MTM6NDkz",
        "city": "شهرستان مبارکه",
        "date": "1750149000-1750408200",
        "type": "event",
        "name:fa": "پایگاه موشکی مبارکه",
        "accurate": "yes",
        "province": "استان اصفهان",
        "geolocates": "https://x.com/BenTzionMacales/status/1941153583493251327",
        "unofficial_name": "Mobarakeh Missile Base",
        "unofficial_name:fa": "پایگاه موشکی مبارکه",
        "name:en": "Mobarakeh Missile Base",
        "city:en": "Mobarakeh County",
        "province:en": "Isfahan",
        "name:ar": "قاعدة مباركة الصاروخية",
        "city:ar": "مقاطعة مباركة",
        "province:ar": "أصفهان",
        "name:he": "בסיס הטילים מובארכה",
        "city:he": "מובארכה",
        "province:he": "אספהאן",
        "name:tr": "Mübareke Füze Üssü",
        "city:tr": "Mübareke",
        "province:tr": "İsfahan",
        "name:ckb": "بنکەی مووشەکیی موبارەکە",
        "city:ckb": "شارۆچکەی موبارەکە",
        "province:ckb": "ئەسفەھان",
        "publicId": "MTM6NDkz",
        "sourceId": "493",
        "layerId": 13,
        "status": "active",
        "urgency": null,
        "verificationTag": null,
        "expirationDate": null,
        "createdAt": "2026-10-07T04:26:23.359Z",
        "updatedAt": "2026-10-07T04:26:23.359Z"
      }
    },
    {
      "type": "Feature",
      "id": 95396,
      "geometry": {
        "type": "Point",
        "coordinates": [
          51.00851293087,
          35.73422488663
        ]
      },
      "properties": {
        "id": "MTM6NTQx",
        "city": "شهرستان فردیس",
        "date": "1749943800",
        "name": "MAPNA",
        "type": "event",
        "name:fa": "مپنا",
        "sources": "https://t.me/IranintlTV/282938",
        "province": "استان البرز",
        "geolocates": "https://x.com/andynovy/status/1935668778723115380",
        "name:en": "MAPNA",
        "city:en": "Fardis County",
        "province:en": "Alborz",
        "name:ar": "مبنا",
        "city:ar": "مقاطعة فرديس",
        "province:ar": "ألبرز",
        "name:he": "מאפנא",
        "city:he": "פרדיס",
        "province:he": "אלבורז",
        "name:tr": "MAPNA",
        "city:tr": "Fardis",
        "province:tr": "Elburz",
        "name:ckb": "مەپنا",
        "city:ckb": "شارۆچکەی فەردیس",
        "province:ckb": "ئەلبورز",
        "publicId": "MTM6NTQx",
        "sourceId": "541",
        "layerId": 13,
        "status": "active",
        "urgency": null,
        "verificationTag": null,
        "expirationDate": null,
        "createdAt": "2026-10-07T04:26:23.359Z",
        "updatedAt": "2026-10-07T04:26:23.359Z"
      }
    },
    {
      "type": "Feature",
      "id": 95397,
      "geometry": {
        "type": "Point",
        "coordinates": [
          50.90426891774,
          35.56366696816
        ]
      },
      "properties": {
        "id": "MTM6NDM0",
        "city": "شهرستان شهریار",
        "date": "1749772800-1750410000",
        "type": "event",
        "name:fa": "مجموعه موشکی بیدگنه",
        "accurate": "yes",
        "province": "استان تهران",
        "geolocates": "https://x.com/BenTzionMacales/status/1941150385441566832",
        "unofficial_name": "Bidkaneh Missile Base",
        "unofficial_name:fa": "مجموعه موشکی بیدگنه",
        "name:en": "Bidganeh Missile Complex",
        "city:en": "Shahriar County",
        "province:en": "Tehran",
        "name:ar": "مجمع بيدغنه الصاروخي",
        "city:ar": "مقاطعة شهريار",
        "province:ar": "طهران",
        "name:he": "מכלול הטילים בידגנה",
        "city:he": "שהריאר",
        "province:he": "טהראן",
        "name:tr": "Bidgene Füze Kompleksi",
        "city:tr": "Şehriyar",
        "province:tr": "Tahran",
        "name:ckb": "کۆمەڵگەی مووشەکیی بیدگەنە",
        "city:ckb": "شارۆچکەی شەهریار",
        "province:ckb": "تاران",
        "publicId": "MTM6NDM0",
        "sourceId": "434",
        "layerId": 13,
        "status": "active",
        "urgency": null,
        "verificationTag": null,
        "expirationDate": null,
        "createdAt": "2026-10-07T04:26:23.359Z",
        "updatedAt": "2026-10-07T04:26:23.359Z"
      }
    },
    {
      "type": "Feature",
      "id": 95398,
      "geometry": {
        "type": "Point",
        "coordinates": [
          48.21024879679,
          33.56847231451
        ]
      },
      "properties": {
        "id": "MTM6MzY3",
        "city": "شهرستان چگنی",
        "date": "1749943800",
        "type": "event",
        "name:fa": "پایگاه موشکی خرم‌آباد",
        "sources": "https://t.me/P_raetorio/27657",
        "province": "استان لرستان",
        "geolocates": "https://x.com/BenTzionMacales/status/1941149920616181897",
        "unofficial_name": "KhoramAbad Missile Base",
        "unofficial_name:fa": "پایگاه موشکی خرم‌آباد",
        "name:en": "Khorramabad Missile Base",
        "city:en": "Chegeni County",
        "province:en": "Lorestan",
        "name:ar": "قاعدة خرم أباد الصاروخية",
        "city:ar": "مقاطعة تشغني",
        "province:ar": "لرستان",
        "name:he": "בסיס הטילים ח'ורמאבאד",
        "city:he": "צ'גני",
        "province:he": "לורסתאן",
        "name:tr": "Hürremabad Füze Üssü",
        "city:tr": "Çegeni",
        "province:tr": "Luristan",
        "name:ckb": "بنکەی مووشەکیی خورەمئاباد",
        "city:ckb": "شارۆچکەی چگێنی",
        "province:ckb": "لوڕستان",
        "publicId": "MTM6MzY3",
        "sourceId": "367",
        "layerId": 13,
        "status": "active",
        "urgency": null,
        "verificationTag": null,
        "expirationDate": null,
        "createdAt": "2026-10-07T04:26:23.359Z",
        "updatedAt": "2026-10-07T04:26:23.359Z"
      }
    },
    {
      "type": "Feature",
      "id": 95399,
      "geometry": {
        "type": "Point",
        "coordinates": [
          51.61779015988,
          35.67454171387
        ]
      },
      "properties": {
        "id": "MTM6MzA4",
        "city": "شهرستان تهران",
        "date": "1749760200-1749976200",
        "type": "event",
        "accurate": "yes",
        "province": "استان تهران",
        "geolocates": "https://x.com/MiddleEastBuka/status/1935637327780761753",
        "unofficial_name": "Khojir Ground Station",
        "city:en": "Tehran County",
        "province:en": "Tehran",
        "city:ar": "مقاطعة طهران",
        "province:ar": "طهران",
        "city:he": "נפת טהראן",
        "province:he": "טהראן",
        "city:tr": "Tahran Şehristanı",
        "province:tr": "Tahran",
        "city:ckb": "شارستانی تاران",
        "province:ckb": "تاران",
        "publicId": "MTM6MzA4",
        "sourceId": "308",
        "layerId": 13,
        "status": "active",
        "urgency": null,
        "verificationTag": null,
        "expirationDate": null,
        "createdAt": "2026-10-07T04:26:23.359Z",
        "updatedAt": "2026-10-07T04:26:23.359Z"
      }
    },
    {
      "type": "Feature",
      "id": 95400,
      "geometry": {
        "type": "Point",
        "coordinates": [
          46.14888667524,
          38.25753836432
        ]
      },
      "properties": {
        "id": "MTM6MjQ5",
        "city": "شهرستان شبستر",
        "date": "1749772800-1749889800",
        "name": "Tabriz Missile Base",
        "type": "event",
        "name:fa": "پایگاه موشکی تبریز",
        "accurate": "yes",
        "province": "استان آذربایجان شرقی",
        "geolocates": "https://x.com/byjepstein/status/1935087907976495587, https://x.com/BenTzionMacales/status/1941149498425950483",
        "name:en": "Tabriz Missile Base",
        "city:en": "Shabestar County",
        "province:en": "East Azerbaijan",
        "name:ar": "قاعدة تبريز الصاروخية",
        "city:ar": "مقاطعة شبستر",
        "province:ar": "أذربيجان الشرقية",
        "name:he": "בסיס הטילים תבריז",
        "city:he": "שבסטר",
        "province:he": "אזרבייג'ן המזרחית",
        "name:tr": "Tebriz Füze Üssü",
        "city:tr": "Şebister",
        "province:tr": "Doğu Azerbaycan",
        "name:ckb": "بنکەی مووشەکیی تەورێز",
        "city:ckb": "شارۆچکەی شەبستەر",
        "province:ckb": "ئازەربایجانی ڕۆژھەڵات",
        "publicId": "MTM6MjQ5",
        "sourceId": "249",
        "layerId": 13,
        "status": "active",
        "urgency": null,
        "verificationTag": null,
        "expirationDate": null,
        "createdAt": "2026-10-07T04:26:23.359Z",
        "updatedAt": "2026-10-07T04:26:23.359Z"
      }
    },
    {
      "type": "Feature",
      "id": 95401,
      "geometry": {
        "type": "Point",
        "coordinates": [
          45.13511091337,
          36.71374014108
        ]
      },
      "properties": {
        "id": "MTM6MjMx",
        "city": "شهرستان پیرانشهر",
        "date": "1749771000-1749814200",
        "type": "event",
        "name:fa": "سپاه پیرانشهر",
        "sources": "https://t.me/Hengaw_Org/25967",
        "accurate": "yes",
        "province": "استان آذربایجان غربی",
        "geolocates": "https://x.com/detresfa_/status/1934095778462433640",
        "unofficial_name": "Piranshahr IRGC",
        "unofficial_name:fa": "سپاه پیرانشهر",
        "name:en": "Piranshahr IRGC",
        "city:en": "Piranshahr County",
        "province:en": "West Azerbaijan",
        "name:ar": "فيلق الحرس الثوري في بيرانشهر",
        "city:ar": "مقاطعة بيرانشهر",
        "province:ar": "أذربيجان الغربية",
        "name:he": "משמרות המהפכה פיראנשהר",
        "city:he": "פיראנשהר",
        "province:he": "אזרבייג'ן המערבית",
        "name:tr": "Piranşehr Devrim Muhafızları Birliği",
        "city:tr": "Piranşehr",
        "province:tr": "Batı Azerbaycan",
        "name:ckb": "سوپای پیرانشار",
        "city:ckb": "شارۆچکەی پیرانشار",
        "province:ckb": "ئازەربایجانی ڕۆژاوا",
        "publicId": "MTM6MjMx",
        "sourceId": "231",
        "layerId": 13,
        "status": "active",
        "urgency": null,
        "verificationTag": null,
        "expirationDate": null,
        "createdAt": "2026-10-07T04:26:23.359Z",
        "updatedAt": "2026-10-07T04:26:23.359Z"
      }
    },
    {
      "type": "Feature",
      "id": 95402,
      "geometry": {
        "type": "Point",
        "coordinates": [
          51.50331615329,
          35.68751367582
        ]
      },
      "properties": {
        "id": "MTM6MTc1",
        "city": "تهران",
        "date": "1750415400",
        "type": "event",
        "name:fa": "یگان ویژه نیروی انتظامی",
        "sources": "https://t.me/idfinfarsi/9656",
        "province": "استان تهران",
        "unofficial_name:fa": "یگان ویژه نیروی انتظامی",
        "name:en": "Law Enforcement Special Unit",
        "city:en": "Tehran",
        "province:en": "Tehran",
        "name:ar": "الوحدة الخاصة لقوى الأمن الداخلي",
        "city:ar": "طهران",
        "province:ar": "طهران",
        "name:he": "היחידה המיוחדת של משטרת איראן",
        "city:he": "טהראן",
        "province:he": "טהראן",
        "name:tr": "Polis Özel Harekat Birliği",
        "city:tr": "Tahran",
        "province:tr": "Tahran",
        "name:ckb": "یەکەی تایبەتی هێزی ئینتزامی",
        "city:ckb": "تاران",
        "province:ckb": "تاران",
        "publicId": "MTM6MTc1",
        "sourceId": "175",
        "layerId": 13,
        "status": "active",
        "urgency": null,
        "verificationTag": null,
        "expirationDate": null,
        "createdAt": "2026-10-07T04:26:23.359Z",
        "updatedAt": "2026-10-07T04:26:23.359Z"
      }
    },
    {
      "type": "Feature",
      "id": 95403,
      "geometry": {
        "type": "Point",
        "coordinates": [
          51.43360018194,
          35.54127540971
        ]
      },
      "properties": {
        "id": "MTM6MTE2",
        "city": "شهرستان ری",
        "date": "1749934800",
        "name": "Tehran Oil Refinery",
        "type": "event",
        "name:fa": "پالایشگاه شهرری",
        "sources": "https://t.me/VahidOnline/65392",
        "accurate": "yes",
        "province": "استان تهران",
        "geolocates": "https://x.com/osc_london/status/1934269967001653685",
        "unofficial_name:fa": "پالایشگاه شهرری",
        "name:en": "Shahr-e Rey Refinery",
        "city:en": "Ray County",
        "province:en": "Tehran",
        "name:ar": "مصفاة شهر ري",
        "city:ar": "مقاطعة ري",
        "province:ar": "طهران",
        "name:he": "בית הזיקוק שהר-ה ריי",
        "city:he": "ריי",
        "province:he": "טהראן",
        "name:tr": "Şehr-i Rey Rafinerisi",
        "city:tr": "Rey",
        "province:tr": "Tahran",
        "name:ckb": "پاڵاوتگەی شاری ڕەی",
        "city:ckb": "شارۆچکەی ڕەی",
        "province:ckb": "تاران",
        "publicId": "MTM6MTE2",
        "sourceId": "116",
        "layerId": 13,
        "status": "active",
        "urgency": null,
        "verificationTag": null,
        "expirationDate": null,
        "createdAt": "2026-10-07T04:26:23.359Z",
        "updatedAt": "2026-10-07T04:26:23.359Z"
      }
    },
    {
      "type": "Feature",
      "id": 95404,
      "geometry": {
        "type": "Point",
        "coordinates": [
          49.18214316845,
          30.5556091436
        ]
      },
      "properties": {
        "id": "MTM6NTQ3",
        "city": "بندر ماهشهر",
        "date": "1750505400",
        "type": "event",
        "name:fa": "پادگان دریایی سپاه",
        "sources": "https://t.me/mamlekate/96068",
        "province": "استان خوزستان",
        "unofficial_name": "IRGC Navy Garrison",
        "unofficial_name:fa": "پادگان دریایی سپاه",
        "name:en": "IRGC Naval Garrison",
        "city:en": "Bandar-e Mahshahr",
        "province:en": "Khuzestan",
        "name:ar": "الثكنة البحرية للحرس الثوري",
        "city:ar": "ميناء ماهشهر",
        "province:ar": "خوزستان",
        "name:he": "בסיס חיל הים של משמרות המהפכה",
        "city:he": "בנדר מאהשהר",
        "province:he": "ח'וזסתאן",
        "name:tr": "Devrim Muhafızları Deniz Kışlası",
        "city:tr": "Bender Mahşehr",
        "province:tr": "Huzistan",
        "name:ckb": "پادگانی دەریاییی سوپا",
        "city:ckb": "بەندەری ماهشەهر",
        "province:ckb": "خووزستان",
        "publicId": "MTM6NTQ3",
        "sourceId": "547",
        "layerId": 13,
        "status": "active",
        "urgency": null,
        "verificationTag": null,
        "expirationDate": null,
        "createdAt": "2026-10-07T04:26:23.359Z",
        "updatedAt": "2026-10-07T04:26:23.359Z"
      }
    },
    {
      "type": "Feature",
      "id": 95405,
      "geometry": {
        "type": "Point",
        "coordinates": [
          50.77609687775,
          34.92554470949
        ]
      },
      "properties": {
        "id": "MTM6NDQw",
        "city": "شهرستان قم",
        "date": "1750237200-1750669200",
        "name": "Qom Missile Base",
        "type": "event",
        "name:fa": "مجموعه کوشک نصرت",
        "accurate": "yes",
        "province": "استان قم",
        "geolocates": "https://x.com/BenTzionMacales/status/1941150443872403501",
        "name:en": "Kushk-e Nosrat Complex",
        "city:en": "Qom County",
        "province:en": "Qom",
        "name:ar": "مجمع كوشك نصرت",
        "city:ar": "مقاطعة قم",
        "province:ar": "قم",
        "name:he": "מכלול כושכ נסרת",
        "city:he": "קום",
        "province:he": "קום",
        "name:tr": "Kuşk-e Nosrat Kompleksi",
        "city:tr": "Kum",
        "province:tr": "Kum",
        "name:ckb": "کۆمەڵگەی کوشکی نەسرەت",
        "city:ckb": "شارۆچکەی قوم",
        "province:ckb": "قوم",
        "publicId": "MTM6NDQw",
        "sourceId": "440",
        "layerId": 13,
        "status": "active",
        "urgency": null,
        "verificationTag": null,
        "expirationDate": null,
        "createdAt": "2026-10-07T04:26:23.359Z",
        "updatedAt": "2026-10-07T04:26:23.359Z"
      }
    },
    {
      "type": "Feature",
      "id": 95406,
      "geometry": {
        "type": "Point",
        "coordinates": [
          48.22118550271,
          33.54986712656
        ]
      },
      "properties": {
        "id": "MTM6Mzgx",
        "city": "شهرستان چگنی",
        "date": "1749943800",
        "type": "event",
        "name:fa": "پایگاه موشکی خرم‌آباد",
        "sources": "https://t.me/P_raetorio/27657",
        "accurate": "yes",
        "province": "استان لرستان",
        "geolocates": "https://x.com/BenTzionMacales/status/1941149999192216043",
        "unofficial_name": "KhoramAbad Missile Base",
        "unofficial_name:fa": "پایگاه موشکی خرم‌آباد",
        "name:en": "Khorramabad Missile Base",
        "city:en": "Chegeni County",
        "province:en": "Lorestan",
        "name:ar": "قاعدة خرم أباد الصاروخية",
        "city:ar": "مقاطعة تشغني",
        "province:ar": "لرستان",
        "name:he": "בסיס הטילים ח'ורמאבאד",
        "city:he": "צ'גני",
        "province:he": "לורסתאן",
        "name:tr": "Hürremabad Füze Üssü",
        "city:tr": "Çegeni",
        "province:tr": "Luristan",
        "name:ckb": "بنکەی مووشەکیی خورەمئاباد",
        "city:ckb": "شارۆچکەی چگێنی",
        "province:ckb": "لوڕستان",
        "publicId": "MTM6Mzgx",
        "sourceId": "381",
        "layerId": 13,
        "status": "active",
        "urgency": null,
        "verificationTag": null,
        "expirationDate": null,
        "createdAt": "2026-10-07T04:26:23.359Z",
        "updatedAt": "2026-10-07T04:26:23.359Z"
      }
    },
    {
      "type": "Feature",
      "id": 95407,
      "geometry": {
        "type": "Point",
        "coordinates": [
          50.09746312559,
          33.6002018556
        ]
      },
      "properties": {
        "id": "MTM6MzIy",
        "city": "شهرستان خمین",
        "date": "1750172400",
        "type": "event",
        "sources": "https://t.me/VahidOnline/65794, https://t.me/idfinfarsi/9564",
        "accurate": "yes",
        "province": "استان مرکزی",
        "geolocates": "https://x.com/BenTzionMacales/status/1941150617256484872",
        "city:en": "Khomein County",
        "province:en": "Markazi",
        "city:ar": "مقاطعة خمين",
        "province:ar": "المركزية",
        "city:he": "נפת ח'ומיין",
        "province:he": "מרכזי",
        "city:tr": "Humeyn Şehristanı",
        "province:tr": "Merkezi",
        "city:ckb": "شارستانی خومەین",
        "province:ckb": "مەرکەزی",
        "publicId": "MTM6MzIy",
        "sourceId": "322",
        "layerId": 13,
        "status": "active",
        "urgency": null,
        "verificationTag": null,
        "expirationDate": null,
        "createdAt": "2026-10-07T04:26:23.359Z",
        "updatedAt": "2026-10-07T04:26:23.359Z"
      }
    },
    {
      "type": "Feature",
      "id": 95408,
      "geometry": {
        "type": "Point",
        "coordinates": [
          50.76456605852,
          34.94235976861
        ]
      },
      "properties": {
        "id": "MTM6MjU1",
        "city": "شهرستان قم",
        "date": "1750237200-1750669200",
        "name": "Qom Missile Base",
        "type": "event",
        "name:fa": "مجموعه کوشک نصرت",
        "accurate": "yes",
        "province": "استان قم",
        "geolocates": "https://x.com/BenTzionMacales/status/1941150443872403501",
        "name:en": "Kushk-e Nosrat Complex",
        "city:en": "Qom County",
        "province:en": "Qom",
        "name:ar": "مجمع كوشك نصرت",
        "city:ar": "مقاطعة قم",
        "province:ar": "قم",
        "name:he": "מתחם כושכ-ה נסרת",
        "city:he": "קום",
        "province:he": "קום",
        "name:tr": "Kuşk-e Nosrat Kompleksi",
        "city:tr": "Kum",
        "province:tr": "Kum",
        "name:ckb": "کۆمەڵگەی کوشکی نەسرەت",
        "city:ckb": "شارۆچکەی قوم",
        "province:ckb": "قوم",
        "publicId": "MTM6MjU1",
        "sourceId": "255",
        "layerId": 13,
        "status": "active",
        "urgency": null,
        "verificationTag": null,
        "expirationDate": null,
        "createdAt": "2026-10-07T04:26:23.359Z",
        "updatedAt": "2026-10-07T04:26:23.359Z"
      }
    },
    {
      "type": "Feature",
      "id": 95409,
      "geometry": {
        "type": "Point",
        "coordinates": [
          50.72226485968,
          34.92215144321
        ]
      },
      "properties": {
        "id": "MTM6MTg4",
        "city": "شهرستان قم",
        "date": "1750237200-1750669200",
        "name": "Qom Missile Base",
        "type": "event",
        "name:fa": "مجموعه کوشک نصرت",
        "province": "استان قم",
        "geolocates": "https://x.com/BenTzionMacales/status/1941150522523688971",
        "name:en": "Kushk-e Nosrat Complex",
        "city:en": "Qom County",
        "province:en": "Qom",
        "name:ar": "مجمع كوشك نصرت",
        "city:ar": "مقاطعة قم",
        "province:ar": "قم",
        "name:he": "מכלול כושכ נסרת",
        "city:he": "קום",
        "province:he": "קום",
        "name:tr": "Kuşk-e Nosrat Kompleksi",
        "city:tr": "Kum",
        "province:tr": "Kum",
        "name:ckb": "کۆمەڵگەی کوشکی نەسرەت",
        "city:ckb": "شارۆچکەی قوم",
        "province:ckb": "قوم",
        "publicId": "MTM6MTg4",
        "sourceId": "188",
        "layerId": 13,
        "status": "active",
        "urgency": null,
        "verificationTag": null,
        "expirationDate": null,
        "createdAt": "2026-10-07T04:26:23.359Z",
        "updatedAt": "2026-10-07T04:26:23.359Z"
      }
    },
    {
      "type": "Feature",
      "id": 95410,
      "geometry": {
        "type": "Point",
        "coordinates": [
          46.2530153963,
          38.12322647316
        ]
      },
      "properties": {
        "id": "MTM6MTIy",
        "city": "تبریز",
        "date": "1749772800-1749889800",
        "type": "event",
        "name:fa": "پایگاه هوایی تبریز",
        "accurate": "yes",
        "province": "استان آذربایجان شرقی",
        "geolocates": "https://x.com/osc_london/status/1934622671318229217, https://x.com/bradyafr/status/1934260300603129942",
        "name:en": "Tabriz Air Base",
        "city:en": "Tabriz",
        "province:en": "East Azerbaijan",
        "name:ar": "قاعدة تبريز الجوية",
        "city:ar": "تبريز",
        "province:ar": "أذربيجان الشرقية",
        "name:he": "בסיס חיל האוויר תבריז",
        "city:he": "תבריז",
        "province:he": "אזרבייג'ן המזרחית",
        "name:tr": "Tebriz Hava Üssü",
        "city:tr": "Tebriz",
        "province:tr": "Doğu Azerbaycan",
        "name:ckb": "بنکەی ئاسمانیی تەورێز",
        "city:ckb": "تەورێز",
        "province:ckb": "ئازەربایجانی ڕۆژھەڵات",
        "publicId": "MTM6MTIy",
        "sourceId": "122",
        "layerId": 13,
        "status": "active",
        "urgency": null,
        "verificationTag": null,
        "expirationDate": null,
        "createdAt": "2026-10-07T04:26:23.359Z",
        "updatedAt": "2026-10-07T04:26:23.359Z"
      }
    },
    {
      "type": "Feature",
      "id": 95411,
      "geometry": {
        "type": "Point",
        "coordinates": [
          51.70015811652,
          35.69168106689
        ]
      },
      "properties": {
        "id": "MTM6NTYx",
        "city": "سنجریان",
        "date": "1750410000",
        "name": "Sanjarian Nuclear Site",
        "type": "event",
        "name:fa": "سایت هسته‌ای سنجریان",
        "accurate": "yes",
        "province": "استان تهران",
        "geolocates": "https://isis-online.org/isis-reports/post-attack-assessment-of-the-first-12-days-of-israeli-strikes-on-iranian-nuclear-facilities",
        "name:en": "Sanjarian Nuclear Site",
        "city:en": "Sanjarian",
        "province:en": "Tehran",
        "name:ar": "موقع سنجريان النووي",
        "city:ar": "سنجريان",
        "province:ar": "طهران",
        "name:he": "אתר הגרעין סנג'ריאן",
        "city:he": "סנג'ריאן",
        "province:he": "טהראן",
        "name:tr": "Senceryan Nükleer Tesisi",
        "city:tr": "Senceryan",
        "province:tr": "Tahran",
        "name:ckb": "سایتی ئەتۆمیی سەنجەریان",
        "city:ckb": "سەنجەریان",
        "province:ckb": "تاران",
        "publicId": "MTM6NTYx",
        "sourceId": "561",
        "layerId": 13,
        "status": "active",
        "urgency": null,
        "verificationTag": null,
        "expirationDate": null,
        "createdAt": "2026-10-07T04:26:23.359Z",
        "updatedAt": "2026-10-07T04:26:23.359Z"
      }
    },
    {
      "type": "Feature",
      "id": 95412,
      "geometry": {
        "type": "Point",
        "coordinates": [
          51.66401265979,
          32.34139105201
        ]
      },
      "properties": {
        "id": "MTM6NDk1",
        "city": "شهرستان مبارکه",
        "date": "1750149000-1750408200",
        "type": "event",
        "name:fa": "پایگاه موشکی مبارکه",
        "accurate": "yes",
        "province": "استان اصفهان",
        "geolocates": "https://x.com/BenTzionMacales/status/1941153583493251327",
        "unofficial_name": "Mobarakeh Missile Base",
        "unofficial_name:fa": "پایگاه موشکی مبارکه",
        "name:en": "Mobarakeh Missile Base",
        "city:en": "Mobarakeh County",
        "province:en": "Isfahan",
        "name:ar": "قاعدة مباركة الصاروخية",
        "city:ar": "مقاطعة مباركة",
        "province:ar": "أصفهان",
        "name:he": "בסיס הטילים מובארכה",
        "city:he": "מובארכה",
        "province:he": "אספהאן",
        "name:tr": "Mübareke Füze Üssü",
        "city:tr": "Mübareke",
        "province:tr": "İsfahan",
        "name:ckb": "بنکەی مووشەکیی موبارەکە",
        "city:ckb": "شارۆچکەی موبارەکە",
        "province:ckb": "ئەسفەھان",
        "publicId": "MTM6NDk1",
        "sourceId": "495",
        "layerId": 13,
        "status": "active",
        "urgency": null,
        "verificationTag": null,
        "expirationDate": null,
        "createdAt": "2026-10-07T04:26:23.359Z",
        "updatedAt": "2026-10-07T04:26:23.359Z"
      }
    },
    {
      "type": "Feature",
      "id": 95413,
      "geometry": {
        "type": "Point",
        "coordinates": [
          50.72811483264,
          34.92174232471
        ]
      },
      "properties": {
        "id": "MTM6NDU0",
        "city": "شهرستان قم",
        "date": "1750237200-1750669200",
        "name": "Qom Missile Base",
        "type": "event",
        "name:fa": "مجموعه کوشک نصرت",
        "province": "استان قم",
        "geolocates": "https://x.com/BenTzionMacales/status/1941150522523688971",
        "name:en": "Koushk-e Nosrat Complex",
        "city:en": "Qom County",
        "province:en": "Qom",
        "name:ar": "مجمع كوشك نصرت",
        "city:ar": "مقاطعة قم",
        "province:ar": "قم",
        "name:he": "מכלול כושכ נסרת",
        "city:he": "קום",
        "province:he": "קום",
        "name:tr": "Kuşk-e Nosrat Kompleksi",
        "city:tr": "Kum",
        "province:tr": "Kum",
        "name:ckb": "کۆمەڵگەی کوشکی نەسرەت",
        "city:ckb": "شارۆچکەی قوم",
        "province:ckb": "قوم",
        "publicId": "MTM6NDU0",
        "sourceId": "454",
        "layerId": 13,
        "status": "active",
        "urgency": null,
        "verificationTag": null,
        "expirationDate": null,
        "createdAt": "2026-10-07T04:26:23.359Z",
        "updatedAt": "2026-10-07T04:26:23.359Z"
      }
    },
    {
      "type": "Feature",
      "id": 95414,
      "geometry": {
        "type": "Point",
        "coordinates": [
          48.43636571825,
          36.74703867657
        ]
      },
      "properties": {
        "id": "MTM6Mzg3",
        "city": "شهرستان زنجان",
        "date": "1749772800-1750235400",
        "name": "IRGC Zanjan Garrison",
        "type": "event",
        "name:fa": "سپاه انصارالمهدی",
        "accurate": "yes",
        "province": "استان زنجان",
        "geolocates": "https://x.com/BenTzionMacales/status/1941150144055177456",
        "name:en": "Ansar al-Mahdi Corps",
        "city:en": "Zanjan County",
        "province:en": "Zanjan",
        "name:ar": "فيلق أنصار المهدي التابع للحرس الثوري",
        "city:ar": "مقاطعة زنجان",
        "province:ar": "زنجان",
        "name:he": "קורפוס אנסאר אל-מהדי של משמרות המהפכה",
        "city:he": "זנג'אן",
        "province:he": "זנג'אן",
        "name:tr": "Ensar el-Mehdi Devrim Muhafızları Birliği",
        "city:tr": "Zencan",
        "province:tr": "Zencan",
        "name:ckb": "سوپای ئەنسارولمەهدی",
        "city:ckb": "شارۆچکەی زەنجان",
        "province:ckb": "زەنجان",
        "publicId": "MTM6Mzg3",
        "sourceId": "387",
        "layerId": 13,
        "status": "active",
        "urgency": null,
        "verificationTag": null,
        "expirationDate": null,
        "createdAt": "2026-10-07T04:26:23.359Z",
        "updatedAt": "2026-10-07T04:26:23.359Z"
      }
    },
    {
      "type": "Feature",
      "id": 95415,
      "geometry": {
        "type": "Point",
        "coordinates": [
          46.16698085725,
          37.98135669405
        ]
      },
      "properties": {
        "id": "MTM6MzI4",
        "city": "شهرستان تبریز",
        "date": "1749772800-1750494600",
        "name": "Tabriz Missile Base",
        "type": "event",
        "name:fa": "پایگاه موشکی تبریز",
        "accurate": "yes",
        "province": "استان آذربایجان شرقی",
        "geolocates": "https://x.com/BenTzionMacales/status/1941149553354530939",
        "name:en": "Tabriz Missile Base",
        "city:en": "Tabriz County",
        "province:en": "East Azerbaijan",
        "name:ar": "قاعدة تبريز الصاروخية",
        "city:ar": "مقاطعة تبريز",
        "province:ar": "أذربيجان الشرقية",
        "name:he": "בסיס הטילים תבריז",
        "city:he": "תבריז",
        "province:he": "אזרבייג'ן המזרחית",
        "name:tr": "Tebriz Füze Üssü",
        "city:tr": "Tebriz",
        "province:tr": "Doğu Azerbaycan",
        "name:ckb": "بنکەی مووشەکیی تەورێز",
        "city:ckb": "شارۆچکەی تەورێز",
        "province:ckb": "ئازەربایجانی ڕۆژھەڵات",
        "publicId": "MTM6MzI4",
        "sourceId": "328",
        "layerId": 13,
        "status": "active",
        "urgency": null,
        "verificationTag": null,
        "expirationDate": null,
        "createdAt": "2026-10-07T04:26:23.359Z",
        "updatedAt": "2026-10-07T04:26:23.359Z"
      }
    },
    {
      "type": "Feature",
      "id": 95416,
      "geometry": {
        "type": "Point",
        "coordinates": [
          54.29926692903,
          31.80371321428
        ]
      },
      "properties": {
        "id": "MTM6MjY5",
        "city": "شهرستان یزد",
        "date": "1750588200",
        "type": "event",
        "name:fa": "کارخانه تولید موشک بالستیک سپاه",
        "sources": "https://t.me/bbcpersian/253110",
        "province": "استان یزد",
        "geolocates": "https://x.com/detresfa_/status/1937479135837790682, https://x.com/BenTzionMacales/status/1941159045647262057",
        "unofficial_name": "IRGC Aerospace Force ballistic missile facility",
        "unofficial_name:fa": "کارخانه تولید موشک بالستیک سپاه",
        "name:en": "IRGC Ballistic Missile Production Factory",
        "city:en": "Yazd County",
        "province:en": "Yazd",
        "name:ar": "مصنع إنتاج الصواريخ الباليستية التابع للحرس الثوري",
        "city:ar": "مقاطعة يزد",
        "province:ar": "يزد",
        "name:he": "מפעל לייצור טילים בליסטיים של משמרות המהפכה",
        "city:he": "יזד",
        "province:he": "יזד",
        "name:tr": "Devrim Muhafızları Balistik Füze Üretim Fabrikası",
        "city:tr": "Yezd",
        "province:tr": "Yezd",
        "name:ckb": "کارگەی بەرهەمهێنانی مووشەکی بالیستیکی سوپا",
        "city:ckb": "شارۆچکەی یەزد",
        "province:ckb": "یەزد",
        "publicId": "MTM6MjY5",
        "sourceId": "269",
        "layerId": 13,
        "status": "active",
        "urgency": null,
        "verificationTag": null,
        "expirationDate": null,
        "createdAt": "2026-10-07T04:26:23.359Z",
        "updatedAt": "2026-10-07T04:26:23.359Z"
      }
    },
    {
      "type": "Feature",
      "id": 95417,
      "geometry": {
        "type": "Point",
        "coordinates": [
          55.28346060634,
          36.23446457727
        ]
      },
      "properties": {
        "id": "MTM6MTk0",
        "city": "شهرستان شاهرود",
        "date": "1750365000",
        "name": "Shahroud Space Center",
        "type": "event",
        "name:fa": "پایگاه فضایی شاهرود",
        "sources": "https://x.com/idfonline/status/1936839790717985061",
        "accurate": "yes",
        "province": "استان سمنان",
        "geolocates": "https://x.com/sam_lair/status/1937247658839867769, https://x.com/john_marquee/status/1936792567338991744, https://x.com/BenTzionMacales/status/1941159045647262057",
        "name:en": "Shahroud Space Base",
        "city:en": "Shahroud County",
        "province:en": "Semnan",
        "name:ar": "قاعدة شاهرود الفضائية",
        "city:ar": "مقاطعة شاهرود",
        "province:ar": "سمنان",
        "name:he": "בסיס החלל שאהרוד",
        "city:he": "שאהרוד",
        "province:he": "סמנאן",
        "name:tr": "Şahrud Uzay Üssü",
        "city:tr": "Şahrud",
        "province:tr": "Simnan",
        "name:ckb": "بنکەی فەزاییی شاهرود",
        "city:ckb": "شارۆچکەی شاهرود",
        "province:ckb": "سمنان",
        "publicId": "MTM6MTk0",
        "sourceId": "194",
        "layerId": 13,
        "status": "active",
        "urgency": null,
        "verificationTag": null,
        "expirationDate": null,
        "createdAt": "2026-10-07T04:26:23.359Z",
        "updatedAt": "2026-10-07T04:26:23.359Z"
      }
    },
    {
      "type": "Feature",
      "id": 95418,
      "geometry": {
        "type": "Point",
        "coordinates": [
          51.82760864362,
          32.58296338647
        ]
      },
      "properties": {
        "id": "MTM6MTM2",
        "city": "اصفهان",
        "date": "1750549800",
        "type": "event",
        "name:fa": "مجتمع هسته‌ای اصفهان",
        "accurate": "yes",
        "province": "استان اصفهان",
        "geolocates": "https://isis-online.org/isis-reports/post-attack-assessment-of-the-first-12-days-of-israeli-strikes-on-iranian-nuclear-facilities, https://x.com/detresfa_/status/1936827158351184078",
        "unofficial_name": "Isfahan Nuclear Complex",
        "unofficial_name:fa": "مجتمع هسته‌ای اصفهان",
        "name:en": "Isfahan Nuclear Complex",
        "city:en": "Isfahan",
        "province:en": "Isfahan",
        "name:ar": "مجمع أصفهان النووي",
        "city:ar": "أصفهان",
        "province:ar": "أصفهان",
        "name:he": "המתקן הגרעיני באספהאן",
        "city:he": "אספהאן",
        "province:he": "אספהאן",
        "name:tr": "İsfahan Nükleer Kompleksi",
        "city:tr": "İsfahan",
        "province:tr": "İsfahan",
        "name:ckb": "کۆمەڵگەی ئەتۆمیی ئەسفەهان",
        "city:ckb": "ئەسفەهان",
        "province:ckb": "ئەسفەھان",
        "publicId": "MTM6MTM2",
        "sourceId": "136",
        "layerId": 13,
        "status": "active",
        "urgency": null,
        "verificationTag": null,
        "expirationDate": null,
        "createdAt": "2026-10-07T04:26:23.359Z",
        "updatedAt": "2026-10-07T04:26:23.359Z"
      }
    },
    {
      "type": "Feature",
      "id": 95419,
      "geometry": {
        "type": "Point",
        "coordinates": [
          50.09662627101,
          33.61027689841
        ]
      },
      "properties": {
        "id": "MTM6Nzg",
        "city": "شهرستان خمین",
        "date": "1750172400",
        "type": "event",
        "sources": "https://t.me/VahidOnline/65794, https://t.me/idfinfarsi/9564",
        "accurate": "yes",
        "province": "استان مرکزی",
        "geolocates": "https://x.com/BenTzionMacales/status/1941150617256484872",
        "city:en": "Khomein County",
        "province:en": "Markazi",
        "city:ar": "مقاطعة خمين",
        "province:ar": "المركزية",
        "city:he": "נפת ח'ומיין",
        "province:he": "מרכזי",
        "city:tr": "Humeyn Şehristanı",
        "province:tr": "Merkezi",
        "city:ckb": "شارستانی خومەین",
        "province:ckb": "مەرکەزی",
        "publicId": "MTM6Nzg",
        "sourceId": "78",
        "layerId": 13,
        "status": "active",
        "urgency": null,
        "verificationTag": null,
        "expirationDate": null,
        "createdAt": "2026-10-07T04:26:23.359Z",
        "updatedAt": "2026-10-07T04:26:23.359Z"
      }
    },
    {
      "type": "Feature",
      "id": 95420,
      "geometry": {
        "type": "Point",
        "coordinates": [
          51.03053927153,
          35.76588437134
        ]
      },
      "properties": {
        "id": "MTM6NTY3",
        "city": "شهرستان فردیس",
        "date": "1749978000-1750755600",
        "type": "event",
        "name:fa": "گروه شیمیایی شهید میثمی",
        "accurate": "yes",
        "province": "استان البرز",
        "geolocates": "https://isis-online.org/isis-reports/post-attack-assessment-of-shahid-meysami-research-center",
        "unofficial_name": "Meisami Chemical Group",
        "unofficial_name:fa": "گروه شیمیایی شهید میثمی",
        "name:en": "Shahid Meisami Chemical Group",
        "city:en": "Fardis County",
        "province:en": "Alborz",
        "name:ar": "مجموعة الشهيد ميثمي الكيميائية",
        "city:ar": "مقاطعة فرديس",
        "province:ar": "ألبرز",
        "name:he": "קבוצת הכימיה שאהיד מייסמי",
        "city:he": "פרדיס",
        "province:he": "אלבורז",
        "name:tr": "Şehit Meysemi Kimya Grubu",
        "city:tr": "Fardis",
        "province:tr": "Elburz",
        "name:ckb": "گرووپی کیمیاییی شەهید میسەمی",
        "city:ckb": "شارۆچکەی فەردیس",
        "province:ckb": "ئەلبورز",
        "publicId": "MTM6NTY3",
        "sourceId": "567",
        "layerId": 13,
        "status": "active",
        "urgency": null,
        "verificationTag": null,
        "expirationDate": null,
        "createdAt": "2026-10-07T04:26:23.359Z",
        "updatedAt": "2026-10-07T04:26:23.359Z"
      }
    },
    {
      "type": "Feature",
      "id": 95421,
      "geometry": {
        "type": "Point",
        "coordinates": [
          50.09270757169,
          33.61046453093
        ]
      },
      "properties": {
        "id": "MTM6NDYw",
        "city": "شهرستان خمین",
        "date": "1750172400",
        "type": "event",
        "sources": "https://t.me/VahidOnline/65794, https://t.me/idfinfarsi/9564",
        "accurate": "yes",
        "province": "استان مرکزی",
        "geolocates": "https://x.com/BenTzionMacales/status/1941150617256484872",
        "city:en": "Khomein County",
        "province:en": "Markazi",
        "city:ar": "مقاطعة خمين",
        "province:ar": "المركزية",
        "city:he": "נפת ח'ומיין",
        "province:he": "מרכזי",
        "city:tr": "Humeyn Şehristanı",
        "province:tr": "Merkezi",
        "city:ckb": "شارستانی خومەین",
        "province:ckb": "مەرکەزی",
        "publicId": "MTM6NDYw",
        "sourceId": "460",
        "layerId": 13,
        "status": "active",
        "urgency": null,
        "verificationTag": null,
        "expirationDate": null,
        "createdAt": "2026-10-07T04:26:23.359Z",
        "updatedAt": "2026-10-07T04:26:23.359Z"
      }
    },
    {
      "type": "Feature",
      "id": 95422,
      "geometry": {
        "type": "Point",
        "coordinates": [
          52.57050275266,
          29.7185774579
        ]
      },
      "properties": {
        "id": "MTM6NTA5",
        "city": "شهرستان شیراز",
        "date": "1750408200",
        "type": "event",
        "name:fa": "پایگاه هوافضا سپاه",
        "accurate": "yes",
        "province": "استان فارس",
        "unofficial_name": "IRGC Aerospace Force",
        "unofficial_name:fa": "پایگاه هوافضا سپاه",
        "name:en": "IRGC Aerospace Base",
        "city:en": "Shiraz County",
        "province:en": "Fars",
        "name:ar": "قاعدة الفضاء الجوي للحرس الثوري",
        "city:ar": "مقاطعة شيراز",
        "province:ar": "فارس",
        "name:he": "בסיס חיל האוויר והחלל של משמרות המהפכה",
        "city:he": "מחוז שיראז",
        "province:he": "פארס",
        "name:tr": "Devrim Muhafızları Havacılık ve Uzay Üssü",
        "city:tr": "Şiraz",
        "province:tr": "Fars",
        "name:ckb": "بنکەی هەوافەزای سوپا",
        "city:ckb": "شارۆچکەی شیراز",
        "province:ckb": "فارس",
        "publicId": "MTM6NTA5",
        "sourceId": "509",
        "layerId": 13,
        "status": "active",
        "urgency": null,
        "verificationTag": null,
        "expirationDate": null,
        "createdAt": "2026-10-07T04:26:23.359Z",
        "updatedAt": "2026-10-07T04:26:23.359Z"
      }
    },
    {
      "type": "Feature",
      "id": 95423,
      "geometry": {
        "type": "Point",
        "coordinates": [
          50.43406962812,
          35.67913029067
        ]
      },
      "properties": {
        "id": "MTM6NDAx",
        "city": "شهرستان اشتهارد",
        "date": "1749772800-1750755600",
        "type": "event",
        "name:fa": "پایگاه موشکی اشتهارد",
        "accurate": "yes",
        "province": "استان البرز",
        "geolocates": "https://x.com/BenTzionMacales/status/1941150251714597345",
        "unofficial_name": "Eshtehard Missile Base",
        "unofficial_name:fa": "پایگاه موشکی اشتهارد",
        "name:en": "Eshtehard Missile Base",
        "city:en": "Eshtehard County",
        "province:en": "Alborz",
        "name:ar": "قاعدة اشتهارد الصاروخية",
        "city:ar": "مقاطعة اشتهارد",
        "province:ar": "ألبرز",
        "name:he": "בסיס הטילים אשתהארד",
        "city:he": "אשתהארד",
        "province:he": "אלבורז",
        "name:tr": "Eştehard Füze Üssü",
        "city:tr": "Eştehard",
        "province:tr": "Elburz",
        "name:ckb": "بنکەی مووشەکیی ئیشتەهارد",
        "city:ckb": "شارۆچکەی ئیشتەهارد",
        "province:ckb": "ئەلبورز",
        "publicId": "MTM6NDAx",
        "sourceId": "401",
        "layerId": 13,
        "status": "active",
        "urgency": null,
        "verificationTag": null,
        "expirationDate": null,
        "createdAt": "2026-10-07T04:26:23.359Z",
        "updatedAt": "2026-10-07T04:26:23.359Z"
      }
    },
    {
      "type": "Feature",
      "id": 95424,
      "geometry": {
        "type": "Point",
        "coordinates": [
          47.35889017045,
          34.52686685192
        ]
      },
      "properties": {
        "id": "MTM6MzQy",
        "city": "شهرستان هرسین",
        "date": "1749789000",
        "type": "event",
        "name:fa": "پایگاه موشکی",
        "sources": "https://t.me/mamlekate/95154",
        "province": "استان کرمانشاه",
        "geolocates": "https://x.com/BenTzionMacales/status/1941149664696562045",
        "unofficial_name": "IRGC Aerospace Force",
        "unofficial_name:fa": "پایگاه موشکی",
        "name:en": "Missile Base",
        "city:en": "Harsin County",
        "province:en": "Kermanshah",
        "name:ar": "قاعدة صاروخية",
        "city:ar": "مقاطعة هرسين",
        "province:ar": "كرمانشاه",
        "name:he": "בסיס טילים",
        "city:he": "מחוז הרסין",
        "province:he": "כרמאנשאה",
        "name:tr": "Füze Üssü",
        "city:tr": "Hersin",
        "province:tr": "Kirmanşah",
        "name:ckb": "بنکەی مووشەکی",
        "city:ckb": "شارۆچکەی هەرسین",
        "province:ckb": "کرماشان",
        "publicId": "MTM6MzQy",
        "sourceId": "342",
        "layerId": 13,
        "status": "active",
        "urgency": null,
        "verificationTag": null,
        "expirationDate": null,
        "createdAt": "2026-10-07T04:26:23.359Z",
        "updatedAt": "2026-10-07T04:26:23.359Z"
      }
    },
    {
      "type": "Feature",
      "id": 95425,
      "geometry": {
        "type": "Point",
        "coordinates": [
          51.41532895803,
          32.71918667424
        ]
      },
      "properties": {
        "id": "MTM6Mjc1",
        "city": "شهرستان نجف آباد",
        "date": "1750159800",
        "type": "event",
        "name:fa": "پایگاه موشکی اصفهان",
        "sources": "https://t.me/idfinfarsi/9564",
        "accurate": "yes",
        "province": "استان اصفهان",
        "geolocates": "https://x.com/BenTzionMacales/status/1941151953859301583",
        "unofficial_name": "Isfahan Missile Base",
        "unofficial_name:fa": "پایگاه موشکی اصفهان",
        "name:en": "Isfahan Missile Base",
        "city:en": "Najafabad County",
        "province:en": "Isfahan",
        "name:ar": "قاعدة أصفهان الصاروخية",
        "city:ar": "مقاطعة نجف أباد",
        "province:ar": "أصفهان",
        "name:he": "בסיס הטילים אספהאן",
        "city:he": "מחוז נג'ף אבאד",
        "province:he": "אספהאן",
        "name:tr": "İsfahan Füze Üssü",
        "city:tr": "Necefabad",
        "province:tr": "İsfahan",
        "name:ckb": "بنکەی مووشەکیی ئەسفەهان",
        "city:ckb": "شارۆچکەی نەجەفئاباد",
        "province:ckb": "ئەسفەھان",
        "publicId": "MTM6Mjc1",
        "sourceId": "275",
        "layerId": 13,
        "status": "active",
        "urgency": null,
        "verificationTag": null,
        "expirationDate": null,
        "createdAt": "2026-10-07T04:26:23.359Z",
        "updatedAt": "2026-10-07T04:26:23.359Z"
      }
    },
    {
      "type": "Feature",
      "id": 95426,
      "geometry": {
        "type": "Point",
        "coordinates": [
          50.37524878442,
          36.17978290839
        ]
      },
      "properties": {
        "id": "MTM6MjA2",
        "city": "شهرستان آبیک",
        "date": "1750260600",
        "type": "event",
        "name:fa": "کارخانه تولید موشک ضد تانک",
        "sources": "https://x.com/idfonline/status/1935390193365721271",
        "accurate": "yes",
        "province": "استان قزوین",
        "unofficial_name:fa": "کارخانه تولید موشک ضد تانک",
        "name:en": "Anti-Tank Missile Production Factory",
        "city:en": "Abyek County",
        "province:en": "Qazvin",
        "name:ar": "مصنع إنتاج الصواريخ المضادة للدبابات",
        "city:ar": "مقاطعة آبيك",
        "province:ar": "قزوين",
        "name:he": "מפעל לייצור טילים נגד טנקים",
        "city:he": "אביכ",
        "province:he": "קזווין",
        "name:tr": "Anti-Tank Füzesi Üretim Fabrikası",
        "city:tr": "Abyek",
        "province:tr": "Kazvin",
        "name:ckb": "کارگەی بەرهەمهێنانی مووشەکی دژەتانک",
        "city:ckb": "شارۆچکەی ئابێک",
        "province:ckb": "قەزوین",
        "publicId": "MTM6MjA2",
        "sourceId": "206",
        "layerId": 13,
        "status": "active",
        "urgency": null,
        "verificationTag": null,
        "expirationDate": null,
        "createdAt": "2026-10-07T04:26:23.359Z",
        "updatedAt": "2026-10-07T04:26:23.359Z"
      }
    },
    {
      "type": "Feature",
      "id": 95427,
      "geometry": {
        "type": "Point",
        "coordinates": [
          51.82775079936,
          32.58014504473
        ]
      },
      "properties": {
        "id": "MTM6MTQy",
        "city": "اصفهان",
        "date": "1750549800",
        "type": "event",
        "name:fa": "مجتمع هسته‌ای اصفهان",
        "accurate": "yes",
        "province": "استان اصفهان",
        "geolocates": "https://isis-online.org/isis-reports/post-attack-assessment-of-the-first-12-days-of-israeli-strikes-on-iranian-nuclear-facilities, https://x.com/detresfa_/status/1936827158351184078",
        "unofficial_name": "Isfahan Nuclear Complex",
        "unofficial_name:fa": "مجتمع هسته‌ای اصفهان",
        "name:en": "Isfahan Nuclear Complex",
        "city:en": "Isfahan",
        "province:en": "Isfahan",
        "name:ar": "مجمع أصفهان النووي",
        "city:ar": "أصفهان",
        "province:ar": "أصفهان",
        "name:he": "המכלול הגרעיני אספהאן",
        "city:he": "אספהאן",
        "province:he": "אספהאן",
        "name:tr": "İsfahan Nükleer Kompleksi",
        "city:tr": "İsfahan",
        "province:tr": "İsfahan",
        "name:ckb": "کۆمەڵگەی ئەتۆمیی ئەسفەهان",
        "city:ckb": "ئەسفەهان",
        "province:ckb": "ئەسفەھان",
        "publicId": "MTM6MTQy",
        "sourceId": "142",
        "layerId": 13,
        "status": "active",
        "urgency": null,
        "verificationTag": null,
        "expirationDate": null,
        "createdAt": "2026-10-07T04:26:23.359Z",
        "updatedAt": "2026-10-07T04:26:23.359Z"
      }
    },
    {
      "type": "Feature",
      "id": 95428,
      "geometry": {
        "type": "Point",
        "coordinates": [
          50.09675502241,
          33.59816883373
        ]
      },
      "properties": {
        "id": "MTM6ODQ",
        "city": "شهرستان خمین",
        "date": "1750172400",
        "type": "event",
        "sources": "https://t.me/VahidOnline/65794, https://t.me/idfinfarsi/9564",
        "accurate": "yes",
        "province": "استان مرکزی",
        "geolocates": "https://x.com/BenTzionMacales/status/1941150617256484872",
        "city:en": "Khomein County",
        "province:en": "Markazi",
        "city:ar": "مقاطعة خمين",
        "province:ar": "المركزية",
        "city:he": "נפת ח'ומיין",
        "province:he": "מרכזי",
        "city:tr": "Humeyn Şehristanı",
        "province:tr": "Merkezi",
        "city:ckb": "شارستانی خومەین",
        "province:ckb": "مەرکەزی",
        "publicId": "MTM6ODQ",
        "sourceId": "84",
        "layerId": 13,
        "status": "active",
        "urgency": null,
        "verificationTag": null,
        "expirationDate": null,
        "createdAt": "2026-10-07T04:26:23.359Z",
        "updatedAt": "2026-10-07T04:26:23.359Z"
      }
    },
    {
      "type": "Feature",
      "id": 95429,
      "geometry": {
        "type": "Point",
        "coordinates": [
          48.6931657362,
          31.45363414637
        ]
      },
      "properties": {
        "id": "MTM6NTgx",
        "city": "شهرستان اهواز",
        "date": "1750408200",
        "type": "event",
        "mission": "Destroyed AA Launcher",
        "name:fa": "لانچر موشک زمین به هوا",
        "sources": "https://x.com/manniefabian/status/1936068120419926225",
        "province": "استان خوزستان",
        "unofficial_name": "AA Launcher",
        "unofficial_name:fa": "لانچر موشک زمین به هوا",
        "name:en": "Surface-to-Air Missile Launcher",
        "city:en": "Ahvaz County",
        "province:en": "Khuzestan",
        "name:ar": "منصة إطلاق صاروخ أرض-جو",
        "city:ar": "مقاطعة الأهواز",
        "province:ar": "خوزستان",
        "name:he": "משגר טילי קרקע-אוויר",
        "city:he": "אהואז",
        "province:he": "ח'וזסתאן",
        "name:tr": "Yerden Havaya Füze Fırlatıcısı",
        "city:tr": "Ahvaz Şehristanı",
        "province:tr": "Huzistan",
        "name:ckb": "هەڵداوەری مووشەکی زەوی بۆ ئاسمان",
        "city:ckb": "شارستانی ئەهواز",
        "province:ckb": "خووزستان",
        "publicId": "MTM6NTgx",
        "sourceId": "581",
        "layerId": 13,
        "status": "active",
        "urgency": null,
        "verificationTag": null,
        "expirationDate": null,
        "createdAt": "2026-10-07T04:26:23.359Z",
        "updatedAt": "2026-10-07T04:26:23.359Z"
      }
    },
    {
      "type": "Feature",
      "id": 95430,
      "geometry": {
        "type": "Point",
        "coordinates": [
          47.24578276142,
          34.36353688892
        ]
      },
      "properties": {
        "id": "MTM6NTE1",
        "city": "شهرستان کرمانشاه",
        "date": "1749772800-1750064400",
        "type": "event",
        "name:fa": "پایگاه موشکی کرمانشاه",
        "accurate": "yes",
        "province": "استان کرمانشاه",
        "geolocates": "https://x.com/detresfa_/status/1934508002079637523, https://x.com/BenTzionMacales/status/1941149607251345610, https://x.com/Shayan86/status/1934437475398619365",
        "unofficial_name": "Kermanshah Missile Base",
        "unofficial_name:fa": "پایگاه موشکی کرمانشاه",
        "name:en": "Kermanshah Missile Base",
        "city:en": "Kermanshah County",
        "province:en": "Kermanshah",
        "name:ar": "قاعدة كرمانشاه الصاروخية",
        "city:ar": "مقاطعة كرمانشاه",
        "province:ar": "كرمانشاه",
        "name:he": "בסיס הטילים כרמאנשאה",
        "city:he": "מחוז כרמאנשאה",
        "province:he": "כרמאנשאה",
        "name:tr": "Kirmanşah Füze Üssü",
        "city:tr": "Kirmanşah Şehristanı",
        "province:tr": "Kirmanşah",
        "name:ckb": "بنکەی مووشەکیی کرماشان",
        "city:ckb": "شارستانی کرماشان",
        "province:ckb": "کرماشان",
        "publicId": "MTM6NTE1",
        "sourceId": "515",
        "layerId": 13,
        "status": "active",
        "urgency": null,
        "verificationTag": null,
        "expirationDate": null,
        "createdAt": "2026-10-07T04:26:23.359Z",
        "updatedAt": "2026-10-07T04:26:23.359Z"
      }
    },
    {
      "type": "Feature",
      "id": 95431,
      "geometry": {
        "type": "Point",
        "coordinates": [
          51.4302903387,
          32.69322946784
        ]
      },
      "properties": {
        "id": "MTM6NDc0",
        "city": "شهرستان نجف آباد",
        "date": "1750159800",
        "type": "event",
        "name:fa": "پایگاه موشکی اصفهان",
        "sources": "https://t.me/idfinfarsi/9564",
        "accurate": "yes",
        "province": "استان اصفهان",
        "geolocates": "https://x.com/BenTzionMacales/status/1941151953859301583",
        "unofficial_name": "Isfahan Missile Base",
        "unofficial_name:fa": "پایگاه موشکی اصفهان",
        "name:en": "Isfahan Missile Base",
        "city:en": "Najafabad County",
        "province:en": "Isfahan",
        "name:ar": "قاعدة أصفهان الصاروخية",
        "city:ar": "مقاطعة نجف أباد",
        "province:ar": "أصفهان",
        "name:he": "בסיס הטילים אספהאן",
        "city:he": "מחוז נג'ף אבאד",
        "province:he": "אספהאן",
        "name:tr": "İsfahan Füze Üssü",
        "city:tr": "Necefabad Şehristanı",
        "province:tr": "İsfahan",
        "name:ckb": "بنکەی مووشەکیی ئەسفەهان",
        "city:ckb": "شارستانی نەجەفئاباد",
        "province:ckb": "ئەسفەھان",
        "publicId": "MTM6NDc0",
        "sourceId": "474",
        "layerId": 13,
        "status": "active",
        "urgency": null,
        "verificationTag": null,
        "expirationDate": null,
        "createdAt": "2026-10-07T04:26:23.359Z",
        "updatedAt": "2026-10-07T04:26:23.359Z"
      }
    },
    {
      "type": "Feature",
      "id": 95432,
      "geometry": {
        "type": "Point",
        "coordinates": [
          50.4400657104,
          35.67721950277
        ]
      },
      "properties": {
        "id": "MTM6NDA3",
        "city": "شهرستان اشتهارد",
        "date": "1749772800-1750755600",
        "type": "event",
        "name:fa": "پایگاه موشکی اشتهارد",
        "accurate": "yes",
        "province": "استان البرز",
        "geolocates": "https://x.com/BenTzionMacales/status/1941150251714597345",
        "unofficial_name": "Eshtehard Missile Base",
        "unofficial_name:fa": "پایگاه موشکی اشتهارد",
        "name:en": "Eshtehard Missile Base",
        "city:en": "Eshtehard County",
        "province:en": "Alborz",
        "name:ar": "قاعدة اشتهارد الصاروخية",
        "city:ar": "مقاطعة اشتهارد",
        "province:ar": "ألبرز",
        "name:he": "בסיס הטילים אשתהארד",
        "city:he": "מחוז אשתהארד",
        "province:he": "אלבורז",
        "name:tr": "Eştehard Füze Üssü",
        "city:tr": "Eştehard Şehristanı",
        "province:tr": "Elburz",
        "name:ckb": "بنکەی مووشەکیی ئیشتەهارد",
        "city:ckb": "شارستانی ئیشتەهارد",
        "province:ckb": "ئەلبورز",
        "publicId": "MTM6NDA3",
        "sourceId": "407",
        "layerId": 13,
        "status": "active",
        "urgency": null,
        "verificationTag": null,
        "expirationDate": null,
        "createdAt": "2026-10-07T04:26:23.359Z",
        "updatedAt": "2026-10-07T04:26:23.359Z"
      }
    },
    {
      "type": "Feature",
      "id": 95433,
      "geometry": {
        "type": "Point",
        "coordinates": [
          47.01544672117,
          34.4794229265
        ]
      },
      "properties": {
        "id": "MTM6MzQ4",
        "city": "شهرستان کرمانشاه",
        "date": "1749772800-1750667400",
        "type": "event",
        "name:fa": "پایگاه موشکی قزانچی",
        "province": "استان کرمانشاه",
        "geolocates": "https://x.com/BenTzionMacales/status/1941149790718534109",
        "unofficial_name": "Ghazanchi Missile Base",
        "unofficial_name:fa": "پایگاه موشکی قزانچی",
        "name:en": "Qazanchi Missile Base",
        "city:en": "Kermanshah County",
        "province:en": "Kermanshah",
        "name:ar": "قاعدة قزانتشي الصاروخية",
        "city:ar": "مقاطعة كرمانشاه",
        "province:ar": "كرمانشاه",
        "name:he": "בסיס הטילים קזאנצ'י",
        "city:he": "מחוז כרמאנשאה",
        "province:he": "כרמאנשאה",
        "name:tr": "Kazancı Füze Üssü",
        "city:tr": "Kirmanşah Şehristanı",
        "province:tr": "Kirmanşah",
        "name:ckb": "بنکەی مووشەکیی قەزانچی",
        "city:ckb": "شارستانی کرماشان",
        "province:ckb": "کرماشان",
        "publicId": "MTM6MzQ4",
        "sourceId": "348",
        "layerId": 13,
        "status": "active",
        "urgency": null,
        "verificationTag": null,
        "expirationDate": null,
        "createdAt": "2026-10-07T04:26:23.359Z",
        "updatedAt": "2026-10-07T04:26:23.359Z"
      }
    },
    {
      "type": "Feature",
      "id": 95434,
      "geometry": {
        "type": "Point",
        "coordinates": [
          47.22865551442,
          34.35847864696
        ]
      },
      "properties": {
        "id": "MTM6Mjg5",
        "city": "شهرستان کرمانشاه",
        "date": "1749772800-1750064400",
        "type": "event",
        "name:fa": "پایگاه موشکی کرمانشاه",
        "province": "استان کرمانشاه",
        "geolocates": "https://x.com/detresfa_/status/1934508002079637523, https://x.com/BenTzionMacales/status/1941149607251345610, https://x.com/Shayan86/status/1934437475398619365",
        "unofficial_name": "Kermanshah Missile Base",
        "unofficial_name:fa": "پایگاه موشکی کرمانشاه",
        "name:en": "Kermanshah Missile Base",
        "city:en": "Kermanshah County",
        "province:en": "Kermanshah",
        "name:ar": "قاعدة كرمانشاه الصاروخية",
        "city:ar": "مقاطعة كرمانشاه",
        "province:ar": "كرمانشاه",
        "name:he": "בסיס הטילים כרמאנשאה",
        "city:he": "מחוז כרמאנשאה",
        "province:he": "כרמאנשאה",
        "name:tr": "Kirmanşah Füze Üssü",
        "city:tr": "Kirmanşah Şehristanı",
        "province:tr": "Kirmanşah",
        "name:ckb": "بنکەی مووشەکیی کرماشان",
        "city:ckb": "شارستانی کرماشان",
        "province:ckb": "کرماشان",
        "publicId": "MTM6Mjg5",
        "sourceId": "289",
        "layerId": 13,
        "status": "active",
        "urgency": null,
        "verificationTag": null,
        "expirationDate": null,
        "createdAt": "2026-10-07T04:26:23.359Z",
        "updatedAt": "2026-10-07T04:26:23.359Z"
      }
    },
    {
      "type": "Feature",
      "id": 95435,
      "geometry": {
        "type": "Point",
        "coordinates": [
          52.45445161924,
          29.70576249563
        ]
      },
      "properties": {
        "id": "MTM6MjEy",
        "city": "شیراز",
        "date": "1749976200",
        "name": "Shiraz Electronics Industries",
        "type": "event",
        "name:fa": "صنایع الکترونیک شیراز",
        "sources": "https://t.me/VahidOnline/65421",
        "accurate": "yes",
        "province": "استان فارس",
        "name:en": "Shiraz Electronics Industries",
        "city:en": "Shiraz",
        "province:en": "Fars",
        "name:ar": "صناعات شيراز الإلكترونية",
        "city:ar": "شيراز",
        "province:ar": "فارس",
        "name:he": "תעשיות האלקטרוניקה שיראז",
        "city:he": "שיראז",
        "province:he": "פארס",
        "name:tr": "Şiraz Elektronik Sanayii",
        "city:tr": "Şiraz",
        "province:tr": "Fars",
        "name:ckb": "پیشەسازییە ئەلیکترۆنییەکانی شیراز",
        "city:ckb": "شیراز",
        "province:ckb": "فارس",
        "publicId": "MTM6MjEy",
        "sourceId": "212",
        "layerId": 13,
        "status": "active",
        "urgency": null,
        "verificationTag": null,
        "expirationDate": null,
        "createdAt": "2026-10-07T04:26:23.359Z",
        "updatedAt": "2026-10-07T04:26:23.359Z"
      }
    },
    {
      "type": "Feature",
      "id": 95436,
      "geometry": {
        "type": "Point",
        "coordinates": [
          51.03309273183,
          35.76504428775
        ]
      },
      "properties": {
        "id": "MTM6MTU2",
        "city": "شهرستان فردیس",
        "date": "1749978000-1750064400",
        "type": "event",
        "name:fa": "گروه شیمیایی شهید میثمی",
        "accurate": "yes",
        "province": "استان البرز",
        "geolocates": "https://x.com/fab_hinz/status/1934727911883342267",
        "unofficial_name": "Meisami Chemical Group",
        "unofficial_name:fa": "گروه شیمیایی شهید میثمی",
        "name:en": "Shahid Meisami Chemical Group",
        "city:en": "Fardis County",
        "province:en": "Alborz",
        "name:ar": "مجموعة الشهيد ميثمي الكيميائية",
        "city:ar": "مقاطعة فرديس",
        "province:ar": "ألبرز",
        "name:he": "קבוצת הכימיה שהיד מייתמי",
        "city:he": "פרדיס",
        "province:he": "אלבורז",
        "name:tr": "Şehit Meysami Kimya Grubu",
        "city:tr": "Fardis Şehristanı",
        "province:tr": "Elburz",
        "name:ckb": "گرووپی کیمیاییی شەهید میسەمی",
        "city:ckb": "شارستانی فەردیس",
        "province:ckb": "ئەلبورز",
        "publicId": "MTM6MTU2",
        "sourceId": "156",
        "layerId": 13,
        "status": "active",
        "urgency": null,
        "verificationTag": null,
        "expirationDate": null,
        "createdAt": "2026-10-07T04:26:23.359Z",
        "updatedAt": "2026-10-07T04:26:23.359Z"
      }
    },
    {
      "type": "Feature",
      "id": 95437,
      "geometry": {
        "type": "Point",
        "coordinates": [
          47.23520010442,
          34.35891706225
        ]
      },
      "properties": {
        "id": "MTM6OTg",
        "city": "شهرستان کرمانشاه",
        "date": "1749772800-1750064400",
        "type": "event",
        "name:fa": "پایگاه موشکی کرمانشاه",
        "accurate": "yes",
        "province": "استان کرمانشاه",
        "geolocates": "https://x.com/detresfa_/status/1934508002079637523, https://x.com/BenTzionMacales/status/1941149607251345610, https://x.com/Shayan86/status/1934437475398619365",
        "unofficial_name": "Kermanshah Missile Base",
        "unofficial_name:fa": "پایگاه موشکی کرمانشاه",
        "name:en": "Kermanshah Missile Base",
        "city:en": "Kermanshah County",
        "province:en": "Kermanshah",
        "name:ar": "قاعدة كرمانشاه الصاروخية",
        "city:ar": "مقاطعة كرمانشاه",
        "province:ar": "كرمانشاه",
        "name:he": "בסיס הטילים כרמאנשאה",
        "city:he": "כרמאנשאה",
        "province:he": "כרמאנשאה",
        "name:tr": "Kirmanşah Füze Üssü",
        "city:tr": "Kirmanşah Şehristanı",
        "province:tr": "Kirmanşah",
        "name:ckb": "بنکەی مووشەکیی کرماشان",
        "city:ckb": "شارستانی کرماشان",
        "province:ckb": "کرماشان",
        "publicId": "MTM6OTg",
        "sourceId": "98",
        "layerId": 13,
        "status": "active",
        "urgency": null,
        "verificationTag": null,
        "expirationDate": null,
        "createdAt": "2026-10-07T04:26:23.359Z",
        "updatedAt": "2026-10-07T04:26:23.359Z"
      }
    },
    {
      "type": "Feature",
      "id": 95438,
      "geometry": {
        "type": "Point",
        "coordinates": [
          51.72110078573,
          33.72849786918
        ]
      },
      "properties": {
        "id": "MTM6NTg3",
        "city": "شهرستان کاشان",
        "date": "1749772800",
        "name": "Natanz Nuclear Complex",
        "type": "event",
        "name:fa": "مجتمع هسته‌ای نطنز",
        "sources": "https://x.com/mhmiranusa/status/1933392045135311321",
        "accurate": "yes",
        "province": "استان اصفهان",
        "geolocates": "https://isis-online.org/isis-reports/post-attack-analysis-of-israels-june-12-13-military-attack-on-irans-nuclear-program, https://x.com/osc_london/status/1934622676322058567",
        "name:en": "Natanz Nuclear Complex",
        "city:en": "Kashan County",
        "province:en": "Isfahan",
        "name:ar": "مجمع نطنز النووي",
        "city:ar": "مقاطعة كاشان",
        "province:ar": "أصفهان",
        "name:he": "הקומפלקס הגרעיני נתנז",
        "city:he": "מחוז קאשאן",
        "province:he": "אספהאן",
        "name:tr": "Natenz Nükleer Kompleksi",
        "city:tr": "Kaşan Şehristanı",
        "province:tr": "İsfahan",
        "name:ckb": "کۆمەڵگەی ئەتۆمیی نەتەنز",
        "city:ckb": "شارستانی کاشان",
        "province:ckb": "ئەسفەھان",
        "publicId": "MTM6NTg3",
        "sourceId": "587",
        "layerId": 13,
        "status": "active",
        "urgency": null,
        "verificationTag": null,
        "expirationDate": null,
        "createdAt": "2026-10-07T04:26:23.359Z",
        "updatedAt": "2026-10-07T04:26:23.359Z"
      }
    },
    {
      "type": "Feature",
      "id": 95439,
      "geometry": {
        "type": "Point",
        "coordinates": [
          51.43396228284,
          32.69197215458
        ]
      },
      "properties": {
        "id": "MTM6NDgw",
        "city": "شهرستان نجف آباد",
        "date": "1750159800",
        "type": "event",
        "name:fa": "پایگاه موشکی اصفهان",
        "sources": "https://t.me/idfinfarsi/9564",
        "accurate": "yes",
        "province": "استان اصفهان",
        "geolocates": "https://x.com/BenTzionMacales/status/1941151953859301583",
        "unofficial_name": "Isfahan Missile Base",
        "unofficial_name:fa": "پایگاه موشکی اصفهان",
        "name:en": "Isfahan Missile Base",
        "city:en": "Najafabad County",
        "province:en": "Isfahan",
        "name:ar": "قاعدة أصفهان الصاروخية",
        "city:ar": "مقاطعة نجف أباد",
        "province:ar": "أصفهان",
        "name:he": "בסיס הטילים אספהאן",
        "city:he": "נג'פבאד",
        "province:he": "אספהאן",
        "name:tr": "İsfahan Füze Üssü",
        "city:tr": "Necefabad Şehristanı",
        "province:tr": "İsfahan",
        "name:ckb": "بنکەی مووشەکیی ئەسفەهان",
        "city:ckb": "شارستانی نەجەفئاباد",
        "province:ckb": "ئەسفەھان",
        "publicId": "MTM6NDgw",
        "sourceId": "480",
        "layerId": 13,
        "status": "active",
        "urgency": null,
        "verificationTag": null,
        "expirationDate": null,
        "createdAt": "2026-10-07T04:26:23.359Z",
        "updatedAt": "2026-10-07T04:26:23.359Z"
      }
    },
    {
      "type": "Feature",
      "id": 95440,
      "geometry": {
        "type": "Point",
        "coordinates": [
          50.85803567827,
          35.90895662063
        ]
      },
      "properties": {
        "id": "MTM6NTI5",
        "city": "شهرستان ساوجبلاغ",
        "date": "1749772800-1750150800",
        "name": "TESA Karaj Centrifuge Manufacturing Site",
        "type": "event",
        "name:fa": "تسا کرج",
        "accurate": "yes",
        "province": "استان البرز",
        "name:en": "TESA Karaj",
        "city:en": "Savojbolagh County",
        "province:en": "Alborz",
        "name:ar": "تسا كرج",
        "city:ar": "مقاطعة ساوجبلاغ",
        "province:ar": "ألبرز",
        "name:he": "תסא כרג'",
        "city:he": "סאוג'בלאע'",
        "province:he": "אלבורז",
        "name:tr": "TESA Kereç",
        "city:tr": "Savecbolag Şehristanı",
        "province:tr": "Elburz",
        "name:ckb": "تسا کەرەج",
        "city:ckb": "شارستانی ساوجبلاغ",
        "province:ckb": "ئەلبورز",
        "publicId": "MTM6NTI5",
        "sourceId": "529",
        "layerId": 13,
        "status": "active",
        "urgency": null,
        "verificationTag": null,
        "expirationDate": null,
        "createdAt": "2026-10-07T04:26:23.359Z",
        "updatedAt": "2026-10-07T04:26:23.359Z"
      }
    },
    {
      "type": "Feature",
      "id": 95441,
      "geometry": {
        "type": "Point",
        "coordinates": [
          50.91414749354,
          35.62406742552
        ]
      },
      "properties": {
        "id": "MTM6NDIx",
        "city": "شهرستان ملارد",
        "date": "1749772800-1750410000",
        "type": "event",
        "name:fa": "مجموعه موشکی بیدگنه",
        "accurate": "yes",
        "province": "استان تهران",
        "geolocates": "https://x.com/BenTzionMacales/status/1941150328868741171",
        "unofficial_name": "Bidkaneh Missile Base",
        "unofficial_name:fa": "مجموعه موشکی بیدگنه",
        "name:en": "Bidganeh Missile Complex",
        "city:en": "Malard County",
        "province:en": "Tehran",
        "name:ar": "مجمع بيدغنه الصاروخي",
        "city:ar": "مقاطعة ملارد",
        "province:ar": "طهران",
        "name:he": "מתחם הטילים בידגנה",
        "city:he": "מלארד",
        "province:he": "טהראן",
        "name:tr": "Bidgene Füze Kompleksi",
        "city:tr": "Malard Şehristanı",
        "province:tr": "Tahran",
        "name:ckb": "کۆمەڵگەی مووشەکیی بیدگەنە",
        "city:ckb": "شارستانی مەلارد",
        "province:ckb": "تاران",
        "publicId": "MTM6NDIx",
        "sourceId": "421",
        "layerId": 13,
        "status": "active",
        "urgency": null,
        "verificationTag": null,
        "expirationDate": null,
        "createdAt": "2026-10-07T04:26:23.359Z",
        "updatedAt": "2026-10-07T04:26:23.359Z"
      }
    },
    {
      "type": "Feature",
      "id": 95442,
      "geometry": {
        "type": "Point",
        "coordinates": [
          47.86597251624,
          34.44343517436
        ]
      },
      "properties": {
        "id": "MTM6MzYy",
        "city": "شهرستان کنگاور",
        "date": "1749897000",
        "type": "event",
        "name:fa": "پایگاه موشکی کنگاور",
        "accurate": "yes",
        "province": "استان کرمانشاه",
        "geolocates": "https://x.com/BenTzionMacales/status/1941149847828177109",
        "unofficial_name": "Kangavar Missile Base",
        "unofficial_name:fa": "پایگاه موشکی کنگاور",
        "name:en": "Kangavar Missile Base",
        "city:en": "Kangavar County",
        "province:en": "Kermanshah",
        "name:ar": "قاعدة كنغاور الصاروخية",
        "city:ar": "مقاطعة كنغاور",
        "province:ar": "كرمانشاه",
        "name:he": "בסיס הטילים כנגאור",
        "city:he": "כנגאור",
        "province:he": "כרמאנשאה",
        "name:tr": "Kengaver Füze Üssü",
        "city:tr": "Kengaver Şehristanı",
        "province:tr": "Kirmanşah",
        "name:ckb": "بنکەی مووشەکیی کەنگاوەر",
        "city:ckb": "شارستانی کەنگاوەر",
        "province:ckb": "کرماشان",
        "publicId": "MTM6MzYy",
        "sourceId": "362",
        "layerId": 13,
        "status": "active",
        "urgency": null,
        "verificationTag": null,
        "expirationDate": null,
        "createdAt": "2026-10-07T04:26:23.359Z",
        "updatedAt": "2026-10-07T04:26:23.359Z"
      }
    },
    {
      "type": "Feature",
      "id": 95443,
      "geometry": {
        "type": "Point",
        "coordinates": [
          51.29639446199,
          35.67948760449
        ]
      },
      "properties": {
        "id": "MTM6Mjk1",
        "city": "تهران",
        "date": "1749772800-1750755600",
        "type": "event",
        "accurate": "yes",
        "province": "استان تهران",
        "geolocates": "https://x.com/Shayan86/status/1937649801807692273",
        "city:en": "Tehran",
        "province:en": "Tehran",
        "city:ar": "طهران",
        "province:ar": "طهران",
        "city:he": "טהראן",
        "province:he": "טהראן",
        "city:tr": "Tahran",
        "province:tr": "Tahran",
        "city:ckb": "تاران",
        "province:ckb": "تاران",
        "publicId": "MTM6Mjk1",
        "sourceId": "295",
        "layerId": 13,
        "status": "active",
        "urgency": null,
        "verificationTag": null,
        "expirationDate": null,
        "createdAt": "2026-10-07T04:26:23.359Z",
        "updatedAt": "2026-10-07T04:26:23.359Z"
      }
    },
    {
      "type": "Feature",
      "id": 95444,
      "geometry": {
        "type": "Point",
        "coordinates": [
          55.28172253489,
          36.23468525221
        ]
      },
      "properties": {
        "id": "MTM6MjI2",
        "city": "شهرستان شاهرود",
        "date": "1750365000",
        "name": "Shahroud Space Center",
        "type": "event",
        "name:fa": "پایگاه فضایی شاهرود",
        "sources": "https://x.com/idfonline/status/1936839790717985061",
        "accurate": "yes",
        "province": "استان سمنان",
        "geolocates": "https://x.com/sam_lair/status/1937247658839867769, https://x.com/john_marquee/status/1936792567338991744, https://x.com/BenTzionMacales/status/1941159045647262057",
        "name:en": "Shahroud Space Base",
        "city:en": "Shahroud County",
        "province:en": "Semnan",
        "name:ar": "قاعدة شاهرود الفضائية",
        "city:ar": "مقاطعة شاهرود",
        "province:ar": "سمنان",
        "name:he": "בסיס החלל שאהרוד",
        "city:he": "שאהרוד",
        "province:he": "סמנאן",
        "name:tr": "Şahrud Uzay Üssü",
        "city:tr": "Şahrud Şehristanı",
        "province:tr": "Simnan",
        "name:ckb": "بنکەی بۆشاییی شاهرود",
        "city:ckb": "شارستانی شاهرود",
        "province:ckb": "سمنان",
        "publicId": "MTM6MjI2",
        "sourceId": "226",
        "layerId": 13,
        "status": "active",
        "urgency": null,
        "verificationTag": null,
        "expirationDate": null,
        "createdAt": "2026-10-07T04:26:23.359Z",
        "updatedAt": "2026-10-07T04:26:23.359Z"
      }
    },
    {
      "type": "Feature",
      "id": 95445,
      "geometry": {
        "type": "Point",
        "coordinates": [
          46.1503940767,
          38.25809438993
        ]
      },
      "properties": {
        "id": "MTM6MTYy",
        "city": "شهرستان شبستر",
        "date": "1749772800-1749889800",
        "name": "Tabriz Missile Base",
        "type": "event",
        "name:fa": "پایگاه موشکی تبریز",
        "accurate": "yes",
        "province": "استان آذربایجان شرقی",
        "geolocates": "https://x.com/byjepstein/status/1935087907976495587, https://x.com/BenTzionMacales/status/1941149498425950483",
        "name:en": "Tabriz Missile Base",
        "city:en": "Shabestar County",
        "province:en": "East Azerbaijan",
        "name:ar": "قاعدة تبريز الصاروخية",
        "city:ar": "مقاطعة شبستر",
        "province:ar": "أذربيجان الشرقية",
        "name:he": "בסיס הטילים תבריז",
        "city:he": "שבסטר",
        "province:he": "אזרבייג'ן המזרחית",
        "name:tr": "Tebriz Füze Üssü",
        "city:tr": "Şabestar Şehristanı",
        "province:tr": "Doğu Azerbaycan",
        "name:ckb": "بنکەی مووشەکیی تەبرێز",
        "city:ckb": "شارستانی شەبستەر",
        "province:ckb": "ئازەربایجانی ڕۆژھەڵات",
        "publicId": "MTM6MTYy",
        "sourceId": "162",
        "layerId": 13,
        "status": "active",
        "urgency": null,
        "verificationTag": null,
        "expirationDate": null,
        "createdAt": "2026-10-07T04:26:23.359Z",
        "updatedAt": "2026-10-07T04:26:23.359Z"
      }
    },
    {
      "type": "Feature",
      "id": 95446,
      "geometry": {
        "type": "Point",
        "coordinates": [
          48.66660117835,
          35.2123535855
        ]
      },
      "properties": {
        "id": "MTM6MTA0",
        "city": "شهرستان کبودرآهنگ",
        "date": "1749772800-1749889800",
        "name": "3rd Tactical Fighter Base",
        "type": "event",
        "name:fa": "پایگاه سوم شکاری",
        "accurate": "yes",
        "province": "استان همدان",
        "geolocates": "https://x.com/osc_london/status/1934622671318229217, https://x.com/osc_london/status/1933969558789853253",
        "name:en": "3rd Tactical Fighter Base",
        "city:en": "Kabudarahang County",
        "province:en": "Hamadan",
        "name:ar": "القاعدة الجوية الثالثة للمقاتلات",
        "city:ar": "مقاطعة كبودرأهنغ",
        "province:ar": "همدان",
        "name:he": "בסיס הציד השלישי",
        "city:he": "כבודראהנג",
        "province:he": "המדאן",
        "name:tr": "3. Avcı Hava Üssü",
        "city:tr": "Kabudarahang Şehristanı",
        "province:tr": "Hemedan",
        "name:ckb": "بنکەی سێیەمی شکاری",
        "city:ckb": "شارستانی کەبوودەرئاهەنگ",
        "province:ckb": "ھەمەدان",
        "publicId": "MTM6MTA0",
        "sourceId": "104",
        "layerId": 13,
        "status": "active",
        "urgency": null,
        "verificationTag": null,
        "expirationDate": null,
        "createdAt": "2026-10-07T04:26:23.359Z",
        "updatedAt": "2026-10-07T04:26:23.359Z"
      }
    },
    {
      "type": "Feature",
      "id": 95447,
      "geometry": {
        "type": "Point",
        "coordinates": [
          52.25725024402,
          35.33427792434
        ]
      },
      "properties": {
        "id": "MTM6NTM0",
        "city": "شهرستان گرمسار",
        "date": "1749772800-1750062600",
        "type": "event",
        "name:fa": "کارخانه تولید سوخت موشک",
        "sources": "https://t.me/idfinfarsi/9605",
        "accurate": "yes",
        "province": "استان سمنان",
        "geolocates": "https://x.com/BenTzionMacales/status/1941160067115696388",
        "unofficial_name": "Missile Fuel Production Factory",
        "unofficial_name:fa": "کارخانه تولید سوخت موشک",
        "name:en": "Rocket Fuel Production Plant",
        "city:en": "Garmsar County",
        "province:en": "Semnan",
        "name:ar": "مصنع إنتاج وقود الصواريخ",
        "city:ar": "مقاطعة غرمسار",
        "province:ar": "سمنان",
        "name:he": "מפעל לייצור דלק טילים",
        "city:he": "גרמסאר",
        "province:he": "סמנאן",
        "name:tr": "Füze Yakıtı Üretim Fabrikası",
        "city:tr": "Germsar Şehristanı",
        "province:tr": "Simnan",
        "name:ckb": "کارگەی بەرهەمهێنانی سووتەمەنیی مووشەک",
        "city:ckb": "شارستانی گەرمسار",
        "province:ckb": "سمنان",
        "publicId": "MTM6NTM0",
        "sourceId": "534",
        "layerId": 13,
        "status": "active",
        "urgency": null,
        "verificationTag": null,
        "expirationDate": null,
        "createdAt": "2026-10-07T04:26:23.359Z",
        "updatedAt": "2026-10-07T04:26:23.359Z"
      }
    },
    {
      "type": "Feature",
      "id": 95448,
      "geometry": {
        "type": "Point",
        "coordinates": [
          51.66415213466,
          32.34076559716
        ]
      },
      "properties": {
        "id": "MTM6NDk0",
        "city": "شهرستان مبارکه",
        "date": "1750149000-1750408200",
        "type": "event",
        "name:fa": "پایگاه موشکی مبارکه",
        "accurate": "yes",
        "province": "استان اصفهان",
        "geolocates": "https://x.com/BenTzionMacales/status/1941153583493251327",
        "unofficial_name": "Mobarakeh Missile Base",
        "unofficial_name:fa": "پایگاه موشکی مبارکه",
        "name:en": "Mobarakeh Missile Base",
        "city:en": "Mobarakeh County",
        "province:en": "Isfahan",
        "name:ar": "قاعدة مباركة الصاروخية",
        "city:ar": "مقاطعة مباركة",
        "province:ar": "أصفهان",
        "name:he": "בסיס הטילים מובארכה",
        "city:he": "מחוז מובארכה",
        "province:he": "אספהאן",
        "name:tr": "Mubareke Füze Üssü",
        "city:tr": "Mubareke Şehristanı",
        "province:tr": "İsfahan",
        "name:ckb": "بنکەی مووشەکیی موبارەکە",
        "city:ckb": "شارستانی موبارەکە",
        "province:ckb": "ئەسفەھان",
        "publicId": "MTM6NDk0",
        "sourceId": "494",
        "layerId": 13,
        "status": "active",
        "urgency": null,
        "verificationTag": null,
        "expirationDate": null,
        "createdAt": "2026-10-07T04:26:23.359Z",
        "updatedAt": "2026-10-07T04:26:23.359Z"
      }
    },
    {
      "type": "Feature",
      "id": 95449,
      "geometry": {
        "type": "Point",
        "coordinates": [
          50.88724493444,
          35.58039818269
        ]
      },
      "properties": {
        "id": "MTM6NDI3",
        "city": "شهرستان شهریار",
        "date": "1749772800-1750410000",
        "type": "event",
        "name:fa": "مجموعه موشکی بیدگنه",
        "accurate": "yes",
        "province": "استان تهران",
        "geolocates": "https://x.com/BenTzionMacales/status/1941150385441566832",
        "unofficial_name": "Bidkaneh Missile Base",
        "unofficial_name:fa": "مجموعه موشکی بیدگنه",
        "name:en": "Bidganeh Missile Complex",
        "city:en": "Shahriar County",
        "province:en": "Tehran",
        "name:ar": "مجمع بيدغنه الصاروخي",
        "city:ar": "مقاطعة شهريار",
        "province:ar": "طهران",
        "name:he": "מתחם הטילים בידגנה",
        "city:he": "שהריאר",
        "province:he": "טהראן",
        "name:tr": "Bidgene Füze Kompleksi",
        "city:tr": "Şehriyar Şehristanı",
        "province:tr": "Tahran",
        "name:ckb": "کۆمەڵگەی مووشەکیی بیدگەنە",
        "city:ckb": "شارستانی شەهریار",
        "province:ckb": "تاران",
        "publicId": "MTM6NDI3",
        "sourceId": "427",
        "layerId": 13,
        "status": "active",
        "urgency": null,
        "verificationTag": null,
        "expirationDate": null,
        "createdAt": "2026-10-07T04:26:23.359Z",
        "updatedAt": "2026-10-07T04:26:23.359Z"
      }
    },
    {
      "type": "Feature",
      "id": 95450,
      "geometry": {
        "type": "Point",
        "coordinates": [
          48.21076780424,
          33.56831922473
        ]
      },
      "properties": {
        "id": "MTM6MzY4",
        "city": "شهرستان چگنی",
        "date": "1749943800",
        "type": "event",
        "name:fa": "پایگاه موشکی خرم‌آباد",
        "sources": "https://t.me/P_raetorio/27657",
        "province": "استان لرستان",
        "geolocates": "https://x.com/BenTzionMacales/status/1941149920616181897",
        "unofficial_name": "KhoramAbad Missile Base",
        "unofficial_name:fa": "پایگاه موشکی خرم‌آباد",
        "name:en": "Khorramabad Missile Base",
        "city:en": "Chegeni County",
        "province:en": "Lorestan",
        "name:ar": "قاعدة خرم آباد الصاروخية",
        "city:ar": "مقاطعة تشغني",
        "province:ar": "لرستان",
        "name:he": "בסיס הטילים חורמאבאד",
        "city:he": "מחוז צ'גני",
        "province:he": "לורסתאן",
        "name:tr": "Hürremabad Füze Üssü",
        "city:tr": "Çegeni Şehristanı",
        "province:tr": "Luristan",
        "name:ckb": "بنکەی مووشەکیی خورەمئاوا",
        "city:ckb": "شارستانی چگنی",
        "province:ckb": "لوڕستان",
        "publicId": "MTM6MzY4",
        "sourceId": "368",
        "layerId": 13,
        "status": "active",
        "urgency": null,
        "verificationTag": null,
        "expirationDate": null,
        "createdAt": "2026-10-07T04:26:23.359Z",
        "updatedAt": "2026-10-07T04:26:23.359Z"
      }
    },
    {
      "type": "Feature",
      "id": 95451,
      "geometry": {
        "type": "Point",
        "coordinates": [
          46.13677381933,
          38.00231335164
        ]
      },
      "properties": {
        "id": "MTM6MzA5",
        "city": "رادار تبریز",
        "date": "1750402200",
        "name": "Tabriz Radar",
        "type": "event",
        "name:fa": "رادار تبریز",
        "sources": "https://t.me/VahidOnline/66080",
        "province": "استان آذربایجان شرقی",
        "geolocates": "https://x.com/MiddleEastBuka/status/1936344502211346884",
        "name:en": "Tabriz Radar",
        "city:en": "Tabriz Radar",
        "province:en": "East Azerbaijan",
        "name:ar": "رادار تبريز",
        "city:ar": "رادار تبريز",
        "province:ar": "أذربيجان الشرقية",
        "name:he": "ראדאר תבריז",
        "city:he": "ראדאר תבריז",
        "province:he": "אזרבייג'ן המזרחית",
        "name:tr": "Tebriz Radarı",
        "city:tr": "Tebriz Radarı",
        "province:tr": "Doğu Azerbaycan",
        "name:ckb": "ڕاداری تەبرێز",
        "city:ckb": "ڕاداری تەبرێز",
        "province:ckb": "ئازەربایجانی ڕۆژھەڵات",
        "publicId": "MTM6MzA5",
        "sourceId": "309",
        "layerId": 13,
        "status": "active",
        "urgency": null,
        "verificationTag": null,
        "expirationDate": null,
        "createdAt": "2026-10-07T04:26:23.359Z",
        "updatedAt": "2026-10-07T04:26:23.359Z"
      }
    },
    {
      "type": "Feature",
      "id": 95452,
      "geometry": {
        "type": "Point",
        "coordinates": [
          46.14820002973,
          38.25731089807
        ]
      },
      "properties": {
        "id": "MTM6MjUw",
        "city": "شهرستان شبستر",
        "date": "1749772800-1749889800",
        "name": "Tabriz Missile Base",
        "type": "event",
        "name:fa": "پایگاه موشکی تبریز",
        "accurate": "yes",
        "province": "استان آذربایجان شرقی",
        "geolocates": "https://x.com/byjepstein/status/1935087907976495587, https://x.com/BenTzionMacales/status/1941149498425950483",
        "name:en": "Tabriz Missile Base",
        "city:en": "Shabestar County",
        "province:en": "East Azerbaijan",
        "name:ar": "قاعدة تبريز الصاروخية",
        "city:ar": "مقاطعة شبستر",
        "province:ar": "أذربيجان الشرقية",
        "name:he": "בסיס הטילים תבריז",
        "city:he": "שבסטר",
        "province:he": "אזרבייג'ן המזרחית",
        "name:tr": "Tebriz Füze Üssü",
        "city:tr": "Şabestar Şehristanı",
        "province:tr": "Doğu Azerbaycan",
        "name:ckb": "بنکەی مووشەکیی تەبرێز",
        "city:ckb": "شارستانی شەبستەر",
        "province:ckb": "ئازەربایجانی ڕۆژھەڵات",
        "publicId": "MTM6MjUw",
        "sourceId": "250",
        "layerId": 13,
        "status": "active",
        "urgency": null,
        "verificationTag": null,
        "expirationDate": null,
        "createdAt": "2026-10-07T04:26:23.359Z",
        "updatedAt": "2026-10-07T04:26:23.359Z"
      }
    },
    {
      "type": "Feature",
      "id": 95453,
      "geometry": {
        "type": "Point",
        "coordinates": [
          51.29636763453,
          35.78139607683
        ]
      },
      "properties": {
        "id": "MTM6MjMy",
        "city": "تهران",
        "date": "1749932400",
        "name": "Shahran Oil Depot",
        "type": "event",
        "name:fa": "انبار نفت شهران",
        "sources": "https://t.me/VahidOnline/65378",
        "accurate": "yes",
        "province": "استان تهران",
        "geolocates": "https://x.com/osc_london/status/1934240723844448276",
        "name:en": "Shahran Oil Depot",
        "city:en": "Tehran",
        "province:en": "Tehran",
        "name:ar": "مستودع نفط شهران",
        "city:ar": "طهران",
        "province:ar": "طهران",
        "name:he": "מאגר הנפט שהראן",
        "city:he": "טהראן",
        "province:he": "טהראן",
        "name:tr": "Şahran Petrol Deposu",
        "city:tr": "Tahran",
        "province:tr": "Tahran",
        "name:ckb": "کۆگای نەوتی شەهران",
        "city:ckb": "تاران",
        "province:ckb": "تاران",
        "publicId": "MTM6MjMy",
        "sourceId": "232",
        "layerId": 13,
        "status": "active",
        "urgency": null,
        "verificationTag": null,
        "expirationDate": null,
        "createdAt": "2026-10-07T04:26:23.359Z",
        "updatedAt": "2026-10-07T04:26:23.359Z"
      }
    },
    {
      "type": "Feature",
      "id": 95454,
      "geometry": {
        "type": "Point",
        "coordinates": [
          51.50539754748,
          35.68507369745
        ]
      },
      "properties": {
        "id": "MTM6MTc2",
        "city": "تهران",
        "date": "1750415400",
        "type": "event",
        "name:fa": "یگان ویژه نیروی انتظامی",
        "sources": "https://t.me/idfinfarsi/9656",
        "province": "استان تهران",
        "unofficial_name:fa": "یگان ویژه نیروی انتظامی",
        "name:en": "Law Enforcement Special Units",
        "city:en": "Tehran",
        "province:en": "Tehran",
        "name:ar": "الوحدة الخاصة لقوى الأمن الداخلي",
        "city:ar": "طهران",
        "province:ar": "طهران",
        "name:he": "היחידה המיוחדת של משטרת איראן",
        "city:he": "טהראן",
        "province:he": "טהראן",
        "name:tr": "Polis Teşkilatı Özel Birliği",
        "city:tr": "Tahran",
        "province:tr": "Tahran",
        "name:ckb": "یەکەی تایبەتی هێزی ئینتیزامی",
        "city:ckb": "تاران",
        "province:ckb": "تاران",
        "publicId": "MTM6MTc2",
        "sourceId": "176",
        "layerId": 13,
        "status": "active",
        "urgency": null,
        "verificationTag": null,
        "expirationDate": null,
        "createdAt": "2026-10-07T04:26:23.359Z",
        "updatedAt": "2026-10-07T04:26:23.359Z"
      }
    },
    {
      "type": "Feature",
      "id": 95455,
      "geometry": {
        "type": "Point",
        "coordinates": [
          48.69016169965,
          35.19480499165
        ]
      },
      "properties": {
        "id": "MTM6MTE3",
        "city": "شهرستان کبودرآهنگ",
        "date": "1749772800-1749889800",
        "name": "3rd Tactical Fighter Base",
        "type": "event",
        "name:fa": "پایگاه سوم شکاری",
        "accurate": "yes",
        "province": "استان همدان",
        "geolocates": "https://x.com/osc_london/status/1934622671318229217",
        "name:en": "3rd Tactical Fighter Base",
        "city:en": "Kabudarahang County",
        "province:en": "Hamadan",
        "name:ar": "القاعدة الجوية الثالثة للمقاتلات",
        "city:ar": "مقاطعة كبودرأهنغ",
        "province:ar": "همدان",
        "name:he": "בסיס הציד השלישי",
        "city:he": "כבודראהנג",
        "province:he": "המדאן",
        "name:tr": "3. Avcı Hava Üssü",
        "city:tr": "Kabudarahang Şehristanı",
        "province:tr": "Hemedan",
        "name:ckb": "بنکەی سێیەمی شکاری",
        "city:ckb": "شارستانی کەبوودەرئاهەنگ",
        "province:ckb": "ھەمەدان",
        "publicId": "MTM6MTE3",
        "sourceId": "117",
        "layerId": 13,
        "status": "active",
        "urgency": null,
        "verificationTag": null,
        "expirationDate": null,
        "createdAt": "2026-10-07T04:26:23.359Z",
        "updatedAt": "2026-10-07T04:26:23.359Z"
      }
    },
    {
      "type": "Feature",
      "id": 95456,
      "geometry": {
        "type": "Point",
        "coordinates": [
          48.32145586476,
          38.22453883969
        ]
      },
      "properties": {
        "id": "MTM6NTQ4",
        "city": "شهرستان اردبیل",
        "date": "1750230000",
        "name": "Joist and Foam Factory of Tak Taz Sanat Mousavi",
        "type": "event",
        "name:fa": "کارخانه تیرچه و فوم تک تاز صنعت موسوی",
        "sources": "https://t.me/P_raetorio/28013",
        "accurate": "yes",
        "province": "استان اردبیل",
        "name:en": "Taktaz Sanat Mousavi Joist and Foam Factory",
        "city:en": "Ardabil County",
        "province:en": "Ardabil",
        "name:ar": "مصنع الروافد والرغوة تك تاز صنعت موسوي",
        "city:ar": "مقاطعة أردبيل",
        "province:ar": "أردبيل",
        "name:he": "מפעל קורות וקצף תכ תאז סנעת מוסווי",
        "city:he": "ארדביל",
        "province:he": "ארדביל",
        "name:tr": "Tektaz Sanat Musavi Kiriş ve Köpük Fabrikası",
        "city:tr": "Erdebil Şehristanı",
        "province:tr": "Erdebil",
        "name:ckb": "کارگەی تیرچە و فۆمی تەک تاز سەنعەتی موسەوی",
        "city:ckb": "شارستانی ئەردەبیل",
        "province:ckb": "ئەردەبیل",
        "publicId": "MTM6NTQ4",
        "sourceId": "548",
        "layerId": 13,
        "status": "active",
        "urgency": null,
        "verificationTag": null,
        "expirationDate": null,
        "createdAt": "2026-10-07T04:26:23.359Z",
        "updatedAt": "2026-10-07T04:26:23.359Z"
      }
    },
    {
      "type": "Feature",
      "id": 95457,
      "geometry": {
        "type": "Point",
        "coordinates": [
          50.77421396703,
          34.92451110984
        ]
      },
      "properties": {
        "id": "MTM6NDQx",
        "city": "شهرستان قم",
        "date": "1750237200-1750669200",
        "name": "Qom Missile Base",
        "type": "event",
        "name:fa": "مجموعه کوشک نصرت",
        "accurate": "yes",
        "province": "استان قم",
        "geolocates": "https://x.com/BenTzionMacales/status/1941150443872403501",
        "name:en": "Kushk-e Nosrat Complex",
        "city:en": "Qom County",
        "province:en": "Qom",
        "name:ar": "مجمع كوشك نصرت",
        "city:ar": "مقاطعة قم",
        "province:ar": "قم",
        "name:he": "מתחם כושכ-ה נסרת",
        "city:he": "קום",
        "province:he": "קום",
        "name:tr": "Kuşk-e Nosrat Kompleksi",
        "city:tr": "Kum Şehristanı",
        "province:tr": "Kum",
        "name:ckb": "کۆمەڵگەی کوشکی نوسرەت",
        "city:ckb": "شارستانی قووم",
        "province:ckb": "قوم",
        "publicId": "MTM6NDQx",
        "sourceId": "441",
        "layerId": 13,
        "status": "active",
        "urgency": null,
        "verificationTag": null,
        "expirationDate": null,
        "createdAt": "2026-10-07T04:26:23.359Z",
        "updatedAt": "2026-10-07T04:26:23.359Z"
      }
    },
    {
      "type": "Feature",
      "id": 95458,
      "geometry": {
        "type": "Point",
        "coordinates": [
          48.21873664588,
          33.54914510008
        ]
      },
      "properties": {
        "id": "MTM6Mzgy",
        "city": "شهرستان چگنی",
        "date": "1749943800",
        "type": "event",
        "name:fa": "پایگاه موشکی خرم‌آباد",
        "sources": "https://t.me/P_raetorio/27657",
        "accurate": "yes",
        "province": "استان لرستان",
        "geolocates": "https://x.com/BenTzionMacales/status/1941149999192216043",
        "unofficial_name": "KhoramAbad Missile Base",
        "unofficial_name:fa": "پایگاه موشکی خرم‌آباد",
        "name:en": "Khorramabad Missile Base",
        "city:en": "Chegeni County",
        "province:en": "Lorestan",
        "name:ar": "قاعدة خرم آباد الصاروخية",
        "city:ar": "مقاطعة تشغني",
        "province:ar": "لرستان",
        "name:tr": "Hürremabad Füze Üssü",
        "city:tr": "Çegeni",
        "province:tr": "Luristan",
        "name:ckb": "بنکەی مووشەکیی خورەمئاوا",
        "city:ckb": "شارستانی چگنی",
        "province:ckb": "لوڕستان",
        "name:he": "בסיס הטילים ח'ורמאבאד",
        "city:he": "נפת צ'גני",
        "province:he": "לורסתאן",
        "publicId": "MTM6Mzgy",
        "sourceId": "382",
        "layerId": 13,
        "status": "active",
        "urgency": null,
        "verificationTag": null,
        "expirationDate": null,
        "createdAt": "2026-10-07T04:26:23.359Z",
        "updatedAt": "2026-10-07T04:26:23.359Z"
      }
    },
    {
      "type": "Feature",
      "id": 95459,
      "geometry": {
        "type": "Point",
        "coordinates": [
          51.37769758567,
          35.64402839244
        ]
      },
      "properties": {
        "id": "MTM6MzE1",
        "city": "تهران",
        "date": "1749990600",
        "type": "event",
        "mission": "destroyed missile launcher",
        "sources": "https://x.com/ManotoNews/status/1934291995893403913",
        "accurate": "yes",
        "province": "استان تهران",
        "geolocates": "https://x.com/MiddleEastBuka/status/1934359001849893145",
        "city:en": "Tehran",
        "province:en": "Tehran",
        "city:ar": "طهران",
        "province:ar": "طهران",
        "city:he": "טהראן",
        "province:he": "טהראן",
        "city:tr": "Tahran",
        "province:tr": "Tahran",
        "city:ckb": "تاران",
        "province:ckb": "تاران",
        "publicId": "MTM6MzE1",
        "sourceId": "315",
        "layerId": 13,
        "status": "active",
        "urgency": null,
        "verificationTag": null,
        "expirationDate": null,
        "createdAt": "2026-10-07T04:26:23.359Z",
        "updatedAt": "2026-10-07T04:26:23.359Z"
      }
    },
    {
      "type": "Feature",
      "id": 95460,
      "geometry": {
        "type": "Point",
        "coordinates": [
          51.82551115483,
          32.58476011968
        ]
      },
      "properties": {
        "id": "MTM6MjU2",
        "city": "اصفهان",
        "date": "1750549800",
        "type": "event",
        "name:fa": "مجتمع هسته‌ای اصفهان",
        "accurate": "yes",
        "province": "استان اصفهان",
        "geolocates": "https://isis-online.org/isis-reports/post-attack-assessment-of-the-first-12-days-of-israeli-strikes-on-iranian-nuclear-facilities, https://x.com/detresfa_/status/1936827158351184078",
        "unofficial_name": "Isfahan Nuclear Complex",
        "unofficial_name:fa": "مجتمع هسته‌ای اصفهان",
        "name:en": "Isfahan Nuclear Complex",
        "city:en": "Isfahan",
        "province:en": "Isfahan",
        "name:ar": "مجمع أصفهان النووي",
        "city:ar": "أصفهان",
        "province:ar": "أصفهان",
        "name:he": "המתחם הגרעיני אספהאן",
        "city:he": "אספהאן",
        "province:he": "אספהאן",
        "name:tr": "İsfahan Nükleer Kompleksi",
        "city:tr": "İsfahan",
        "province:tr": "İsfahan",
        "name:ckb": "کۆمەڵگەی ئەتۆمیی ئەسفەهان",
        "city:ckb": "ئەسفەهان",
        "province:ckb": "ئەسفەھان",
        "publicId": "MTM6MjU2",
        "sourceId": "256",
        "layerId": 13,
        "status": "active",
        "urgency": null,
        "verificationTag": null,
        "expirationDate": null,
        "createdAt": "2026-10-07T04:26:23.359Z",
        "updatedAt": "2026-10-07T04:26:23.359Z"
      }
    },
    {
      "type": "Feature",
      "id": 95461,
      "geometry": {
        "type": "Point",
        "coordinates": [
          51.20438394785,
          35.76535770172
        ]
      },
      "properties": {
        "id": "MTM6MTgx",
        "city": "شهرستان تهران",
        "date": "1750080000",
        "type": "event",
        "sources": "https://t.me/VahidOnline/65667",
        "accurate": "yes",
        "province": "استان تهران",
        "city:en": "Tehran County",
        "province:en": "Tehran",
        "city:ar": "مقاطعة طهران",
        "province:ar": "طهران",
        "city:he": "נפת טהראן",
        "province:he": "טהראן",
        "city:tr": "Tahran Şehristanı",
        "province:tr": "Tahran",
        "city:ckb": "شارستانی تاران",
        "province:ckb": "تاران",
        "publicId": "MTM6MTgx",
        "sourceId": "181",
        "layerId": 13,
        "status": "active",
        "urgency": null,
        "verificationTag": null,
        "expirationDate": null,
        "createdAt": "2026-10-07T04:26:23.359Z",
        "updatedAt": "2026-10-07T04:26:23.359Z"
      }
    },
    {
      "type": "Feature",
      "id": 95462,
      "geometry": {
        "type": "Point",
        "coordinates": [
          46.2550994727,
          38.12807943405
        ]
      },
      "properties": {
        "id": "MTM6MTIz",
        "city": "تبریز",
        "date": "1749772800-1749889800",
        "type": "event",
        "name:fa": "پایگاه هوایی تبریز",
        "accurate": "yes",
        "province": "استان آذربایجان شرقی",
        "geolocates": "https://x.com/osc_london/status/1934622671318229217, https://x.com/bradyafr/status/1934260300603129942",
        "name:en": "Tabriz Air Base",
        "city:en": "Tabriz",
        "province:en": "East Azerbaijan",
        "name:ar": "قاعدة تبريز الجوية",
        "city:ar": "تبريز",
        "province:ar": "أذربيجان الشرقية",
        "name:he": "בסיס חיל האוויר תבריז",
        "city:he": "תבריז",
        "province:he": "אזרבייג'ן המזרחית",
        "name:tr": "Tebriz Hava Üssü",
        "city:tr": "Tebriz",
        "province:tr": "Doğu Azerbaycan",
        "name:ckb": "بنکەی ئاسمانیی تەورێز",
        "city:ckb": "تەورێز",
        "province:ckb": "ئازەربایجانی ڕۆژھەڵات",
        "publicId": "MTM6MTIz",
        "sourceId": "123",
        "layerId": 13,
        "status": "active",
        "urgency": null,
        "verificationTag": null,
        "expirationDate": null,
        "createdAt": "2026-10-07T04:26:23.359Z",
        "updatedAt": "2026-10-07T04:26:23.359Z"
      }
    },
    {
      "type": "Feature",
      "id": 95463,
      "geometry": {
        "type": "Point",
        "coordinates": [
          51.62943362117,
          35.67367452424
        ]
      },
      "properties": {
        "id": "MTM6NTU0",
        "city": "شهرستان تهران",
        "date": "1749772800-1750755600",
        "name": "Khojir Complex",
        "type": "event",
        "name:fa": "تاسیسات نظامی خجیر",
        "accurate": "yes",
        "province": "استان تهران",
        "geolocates": "https://x.com/BenTzionMacales/status/1941161003850367168",
        "name:en": "Khojir Military Facility",
        "city:en": "Tehran County",
        "province:en": "Tehran",
        "name:ar": "منشآت خجير العسكرية",
        "city:ar": "مقاطعة طهران",
        "province:ar": "طهران",
        "name:he": "מתקן צבאי ח'ג'יר",
        "city:he": "טהראן",
        "province:he": "טהראן",
        "name:tr": "Hucir Askeri Tesisleri",
        "city:tr": "Tahran",
        "province:tr": "Tahran",
        "name:ckb": "دامەزراوەی سەربازیی خوجێر",
        "city:ckb": "شارستانی تاران",
        "province:ckb": "تاران",
        "publicId": "MTM6NTU0",
        "sourceId": "554",
        "layerId": 13,
        "status": "active",
        "urgency": null,
        "verificationTag": null,
        "expirationDate": null,
        "createdAt": "2026-10-07T04:26:23.359Z",
        "updatedAt": "2026-10-07T04:26:23.359Z"
      }
    },
    {
      "type": "Feature",
      "id": 95464,
      "geometry": {
        "type": "Point",
        "coordinates": [
          50.78419982851,
          34.92416144453
        ]
      },
      "properties": {
        "id": "MTM6NDQ3",
        "city": "شهرستان قم",
        "date": "1750237200-1750669200",
        "name": "Qom Missile Base",
        "type": "event",
        "name:fa": "مجموعه کوشک نصرت",
        "accurate": "yes",
        "province": "استان قم",
        "geolocates": "https://x.com/BenTzionMacales/status/1941150443872403501",
        "name:en": "Kushk-e Nosrat Complex",
        "city:en": "Qom County",
        "province:en": "Qom",
        "name:ar": "مجمع كوشك نصرت",
        "city:ar": "مقاطعة قم",
        "province:ar": "قم",
        "name:he": "מתחם כושכ-ה נסרת",
        "city:he": "קום",
        "province:he": "קום",
        "name:tr": "Kuşk-e Nosrat Kompleksi",
        "city:tr": "Kum",
        "province:tr": "Kum",
        "name:ckb": "کۆمەڵگەی کووشکی نەسرەت",
        "city:ckb": "شارستانی قوم",
        "province:ckb": "قوم",
        "publicId": "MTM6NDQ3",
        "sourceId": "447",
        "layerId": 13,
        "status": "active",
        "urgency": null,
        "verificationTag": null,
        "expirationDate": null,
        "createdAt": "2026-10-07T04:26:23.359Z",
        "updatedAt": "2026-10-07T04:26:23.359Z"
      }
    },
    {
      "type": "Feature",
      "id": 95465,
      "geometry": {
        "type": "Point",
        "coordinates": [
          51.66476368368,
          32.33940136089
        ]
      },
      "properties": {
        "id": "MTM6NDk2",
        "city": "شهرستان مبارکه",
        "date": "1750149000-1750408200",
        "type": "event",
        "name:fa": "پایگاه موشکی مبارکه",
        "accurate": "yes",
        "province": "استان اصفهان",
        "geolocates": "https://x.com/BenTzionMacales/status/1941153583493251327",
        "unofficial_name": "Mobarakeh Missile Base",
        "unofficial_name:fa": "پایگاه موشکی مبارکه",
        "name:en": "Mobarakeh Missile Base",
        "city:en": "Mobarakeh County",
        "province:en": "Isfahan",
        "name:ar": "قاعدة مباركة الصاروخية",
        "city:ar": "مقاطعة مباركة",
        "province:ar": "أصفهان",
        "name:he": "בסיס הטילים מובארכה",
        "city:he": "מחוז מובארכה",
        "province:he": "אספהאן",
        "name:tr": "Mübareke Füze Üssü",
        "city:tr": "Mübareke",
        "province:tr": "İsfahan",
        "name:ckb": "بنکەی مووشەکیی مەبارەکە",
        "city:ckb": "شارستانی مەبارەکە",
        "province:ckb": "ئەسفەھان",
        "publicId": "MTM6NDk2",
        "sourceId": "496",
        "layerId": 13,
        "status": "active",
        "urgency": null,
        "verificationTag": null,
        "expirationDate": null,
        "createdAt": "2026-10-07T04:26:23.359Z",
        "updatedAt": "2026-10-07T04:26:23.359Z"
      }
    },
    {
      "type": "Feature",
      "id": 95466,
      "geometry": {
        "type": "Point",
        "coordinates": [
          48.43154310644,
          36.74841416066
        ]
      },
      "properties": {
        "id": "MTM6Mzg4",
        "city": "شهرستان زنجان",
        "date": "1749772800-1750235400",
        "name": "IRGC Zanjan Garrison",
        "type": "event",
        "name:fa": "سپاه انصارالمهدی",
        "accurate": "yes",
        "province": "استان زنجان",
        "geolocates": "https://x.com/BenTzionMacales/status/1941150144055177456",
        "name:en": "Ansar al-Mahdi Corps",
        "city:en": "Zanjan County",
        "province:en": "Zanjan",
        "name:ar": "فيلق أنصار المهدي",
        "city:ar": "مقاطعة زنجان",
        "province:ar": "زنجان",
        "name:he": "קורפוס אנסאר אל-מהדי",
        "city:he": "זנג'אן",
        "province:he": "זנג'אן",
        "name:tr": "Ensar el-Mehdi Birlikleri",
        "city:tr": "Zencan",
        "province:tr": "Zencan",
        "name:ckb": "سوپای ئەنسارولمەهدی",
        "city:ckb": "شارستانی زەنجان",
        "province:ckb": "زەنجان",
        "publicId": "MTM6Mzg4",
        "sourceId": "388",
        "layerId": 13,
        "status": "active",
        "urgency": null,
        "verificationTag": null,
        "expirationDate": null,
        "createdAt": "2026-10-07T04:26:23.359Z",
        "updatedAt": "2026-10-07T04:26:23.359Z"
      }
    },
    {
      "type": "Feature",
      "id": 95467,
      "geometry": {
        "type": "Point",
        "coordinates": [
          46.16403042734,
          37.98122138854
        ]
      },
      "properties": {
        "id": "MTM6MzI5",
        "city": "شهرستان تبریز",
        "date": "1749772800-1750494600",
        "name": "Tabriz Missile Base",
        "type": "event",
        "name:fa": "پایگاه موشکی تبریز",
        "accurate": "yes",
        "province": "استان آذربایجان شرقی",
        "geolocates": "https://x.com/BenTzionMacales/status/1941149553354530939",
        "name:en": "Tabriz Missile Base",
        "city:en": "Tabriz County",
        "province:en": "East Azerbaijan",
        "name:ar": "قاعدة تبريز الصاروخية",
        "city:ar": "مقاطعة تبريز",
        "province:ar": "أذربيجان الشرقية",
        "name:he": "בסיס הטילים תבריז",
        "city:he": "תבריז",
        "province:he": "אזרבייג'ן המזרחית",
        "name:tr": "Tebriz Füze Üssü",
        "city:tr": "Tebriz",
        "province:tr": "Doğu Azerbaycan",
        "name:ckb": "بنکەی مووشەکیی تەورێز",
        "city:ckb": "شارستانی تەورێز",
        "province:ckb": "ئازەربایجانی ڕۆژھەڵات",
        "publicId": "MTM6MzI5",
        "sourceId": "329",
        "layerId": 13,
        "status": "active",
        "urgency": null,
        "verificationTag": null,
        "expirationDate": null,
        "createdAt": "2026-10-07T04:26:23.359Z",
        "updatedAt": "2026-10-07T04:26:23.359Z"
      }
    },
    {
      "type": "Feature",
      "id": 95468,
      "geometry": {
        "type": "Point",
        "coordinates": [
          54.29777562082,
          31.8036676243
        ]
      },
      "properties": {
        "id": "MTM6Mjcw",
        "city": "شهرستان یزد",
        "date": "1750588200",
        "type": "event",
        "name:fa": "کارخانه تولید موشک بالستیک سپاه",
        "sources": "https://t.me/bbcpersian/253110",
        "province": "استان یزد",
        "geolocates": "https://x.com/detresfa_/status/1937479135837790682, https://x.com/BenTzionMacales/status/1941159045647262057",
        "unofficial_name": "IRGC Aerospace Force ballistic missile facility",
        "unofficial_name:fa": "کارخانه تولید موشک بالستیک سپاه",
        "name:en": "IRGC Ballistic Missile Production Factory",
        "city:en": "Yazd County",
        "province:en": "Yazd",
        "name:ar": "مصنع إنتاج الصواريخ الباليستية للحرس الثوري",
        "city:ar": "مقاطعة يزد",
        "province:ar": "يزد",
        "name:he": "מפעל לייצור טילים בליסטיים של משמרות המהפכה",
        "city:he": "יזד",
        "province:he": "יזד",
        "name:tr": "Devrim Muhafızları Balistik Füze Üretim Fabrikası",
        "city:tr": "Yezd",
        "province:tr": "Yezd",
        "name:ckb": "کارگەی بەرهەمهێنانی مووشەکی بالیستیکی سوپا",
        "city:ckb": "شارستانی یەزد",
        "province:ckb": "یەزد",
        "publicId": "MTM6Mjcw",
        "sourceId": "270",
        "layerId": 13,
        "status": "active",
        "urgency": null,
        "verificationTag": null,
        "expirationDate": null,
        "createdAt": "2026-10-07T04:26:23.359Z",
        "updatedAt": "2026-10-07T04:26:23.359Z"
      }
    },
    {
      "type": "Feature",
      "id": 95469,
      "geometry": {
        "type": "Point",
        "coordinates": [
          51.48378431529,
          35.79292777945
        ]
      },
      "properties": {
        "id": "MTM6MTk1",
        "city": "تجریش",
        "date": "1749934800",
        "name": "SPND Headquarters",
        "type": "event",
        "name:fa": "مقر فرماندهی سپند",
        "sources": "https://t.me/idfinfarsi/9490",
        "accurate": "yes",
        "province": "استان تهران",
        "geolocates": "https://isis-online.org/isis-reports/post-attack-assessment-of-the-first-12-days-of-israeli-strikes-on-iranian-nuclear-facilities",
        "name:en": "SPND Headquarters",
        "city:en": "Tajrish",
        "province:en": "Tehran",
        "name:ar": "مقر قيادة سبند",
        "city:ar": "تجريش",
        "province:ar": "طهران",
        "name:he": "מפקדת ספנד",
        "city:he": "תג'ריש",
        "province:he": "טהראן",
        "name:tr": "SPND Komutanlık Karargahı",
        "city:tr": "Tecriş",
        "province:tr": "Tahran",
        "name:ckb": "بارەگای فەرماندەییی سپەند",
        "city:ckb": "تەجریش",
        "province:ckb": "تاران",
        "publicId": "MTM6MTk1",
        "sourceId": "195",
        "layerId": 13,
        "status": "active",
        "urgency": null,
        "verificationTag": null,
        "expirationDate": null,
        "createdAt": "2026-10-07T04:26:23.359Z",
        "updatedAt": "2026-10-07T04:26:23.359Z"
      }
    },
    {
      "type": "Feature",
      "id": 95470,
      "geometry": {
        "type": "Point",
        "coordinates": [
          51.82880222529,
          32.58353744176
        ]
      },
      "properties": {
        "id": "MTM6MTM3",
        "city": "اصفهان",
        "date": "1750549800",
        "type": "event",
        "name:fa": "مجتمع هسته‌ای اصفهان",
        "accurate": "yes",
        "province": "استان اصفهان",
        "geolocates": "https://isis-online.org/isis-reports/post-attack-assessment-of-the-first-12-days-of-israeli-strikes-on-iranian-nuclear-facilities, https://x.com/detresfa_/status/1936827158351184078",
        "unofficial_name": "Isfahan Nuclear Complex",
        "unofficial_name:fa": "مجتمع هسته‌ای اصفهان",
        "name:en": "Isfahan Nuclear Complex",
        "city:en": "Isfahan",
        "province:en": "Isfahan",
        "name:ar": "مجمع أصفهان النووي",
        "city:ar": "أصفهان",
        "province:ar": "أصفهان",
        "name:he": "המתחם הגרעיני אספהאן",
        "city:he": "אספהאן",
        "province:he": "אספהאן",
        "name:tr": "İsfahan Nükleer Kompleksi",
        "city:tr": "İsfahan",
        "province:tr": "İsfahan",
        "name:ckb": "کۆمەڵگەی ئەتۆمیی ئەسفەهان",
        "city:ckb": "ئەسفەهان",
        "province:ckb": "ئەسفەھان",
        "publicId": "MTM6MTM3",
        "sourceId": "137",
        "layerId": 13,
        "status": "active",
        "urgency": null,
        "verificationTag": null,
        "expirationDate": null,
        "createdAt": "2026-10-07T04:26:23.359Z",
        "updatedAt": "2026-10-07T04:26:23.359Z"
      }
    },
    {
      "type": "Feature",
      "id": 95471,
      "geometry": {
        "type": "Point",
        "coordinates": [
          48.60205113351,
          33.9440541899
        ]
      },
      "properties": {
        "id": "MTM6NzE",
        "city": "شهرستان بروجرد",
        "date": "1749825000",
        "type": "event",
        "name:fa": "پایگاه موشکی بروجرد",
        "sources": "https://t.me/jangaavaran1390/107615",
        "accurate": "yes",
        "province": "استان لرستان",
        "geolocates": "https://x.com/BenTzionMacales/status/1941150049326792718",
        "unofficial_name": "Borujerd Missile Base",
        "unofficial_name:fa": "پایگاه موشکی بروجرد",
        "name:en": "Borujerd Missile Base",
        "city:en": "Borujerd County",
        "province:en": "Lorestan",
        "name:ar": "قاعدة بروجرد الصاروخية",
        "city:ar": "مقاطعة بروجرد",
        "province:ar": "لرستان",
        "name:he": "בסיס הטילים בורוג'רד",
        "city:he": "מחוז בורוג'רד",
        "province:he": "לורסתאן",
        "name:tr": "Burucerd Füze Üssü",
        "city:tr": "Burucerd",
        "province:tr": "Luristan",
        "name:ckb": "بنکەی مووشەکیی بورووجەرد",
        "city:ckb": "شارستانی بورووجەرد",
        "province:ckb": "لوڕستان",
        "publicId": "MTM6NzE",
        "sourceId": "71",
        "layerId": 13,
        "status": "active",
        "urgency": null,
        "verificationTag": null,
        "expirationDate": null,
        "createdAt": "2026-10-07T04:26:23.359Z",
        "updatedAt": "2026-10-07T04:26:23.359Z"
      }
    },
    {
      "type": "Feature",
      "id": 95472,
      "geometry": {
        "type": "Point",
        "coordinates": [
          51.39932691514,
          35.77173425847
        ]
      },
      "properties": {
        "id": "MTM6NTY4",
        "city": "تهران",
        "date": "1750701600",
        "name": "Counterintelligence Protection Organization of FARAJA",
        "type": "event",
        "name:fa": "سازمان حفاظت اطلاعات فراجا",
        "sources": "https://t.me/idfinfarsi/9722",
        "province": "استان تهران",
        "name:en": "FARAJA Intelligence Protection Organization",
        "city:en": "Tehran",
        "province:en": "Tehran",
        "name:ar": "منظمة حماية استخبارات قوى الأمن الداخلي (فراجا)",
        "city:ar": "طهران",
        "province:ar": "طهران",
        "name:he": "ארגון הגנת המידע של פאראג'א",
        "city:he": "טהראן",
        "province:he": "טהראן",
        "name:tr": "FARAJA İstihbarat Koruma Teşkilatı",
        "city:tr": "Tahran",
        "province:tr": "Tahran",
        "name:ckb": "ڕێکخراوی پاراستنی زانیاریی فراجا",
        "city:ckb": "تاران",
        "province:ckb": "تاران",
        "publicId": "MTM6NTY4",
        "sourceId": "568",
        "layerId": 13,
        "status": "active",
        "urgency": null,
        "verificationTag": null,
        "expirationDate": null,
        "createdAt": "2026-10-07T04:26:23.359Z",
        "updatedAt": "2026-10-07T04:26:23.359Z"
      }
    },
    {
      "type": "Feature",
      "id": 95473,
      "geometry": {
        "type": "Point",
        "coordinates": [
          50.09504377306,
          33.60500049076
        ]
      },
      "properties": {
        "id": "MTM6NDYx",
        "city": "شهرستان خمین",
        "date": "1750172400",
        "type": "event",
        "sources": "https://t.me/VahidOnline/65794, https://t.me/idfinfarsi/9564",
        "accurate": "yes",
        "province": "استان مرکزی",
        "geolocates": "https://x.com/BenTzionMacales/status/1941150617256484872",
        "city:en": "Khomein County",
        "province:en": "Markazi",
        "city:ar": "مقاطعة خمين",
        "province:ar": "المركزية",
        "city:he": "נפת ח'ומיין",
        "province:he": "מרכזי",
        "city:tr": "Humeyn Şehristanı",
        "province:tr": "Merkezi",
        "city:ckb": "شارستانی خومەین",
        "province:ckb": "مەرکەزی",
        "publicId": "MTM6NDYx",
        "sourceId": "461",
        "layerId": 13,
        "status": "active",
        "urgency": null,
        "verificationTag": null,
        "expirationDate": null,
        "createdAt": "2026-10-07T04:26:23.359Z",
        "updatedAt": "2026-10-07T04:26:23.359Z"
      }
    },
    {
      "type": "Feature",
      "id": 95474,
      "geometry": {
        "type": "Point",
        "coordinates": [
          52.56923675001,
          29.71660674901
        ]
      },
      "properties": {
        "id": "MTM6NTEw",
        "city": "شهرستان شیراز",
        "date": "1750408200",
        "type": "event",
        "name:fa": "پایگاه هوافضا سپاه",
        "accurate": "yes",
        "province": "استان فارس",
        "unofficial_name": "IRGC Aerospace Force",
        "unofficial_name:fa": "پایگاه هوافضا سپاه",
        "name:en": "IRGC Aerospace Base",
        "city:en": "Shiraz County",
        "province:en": "Fars",
        "name:ar": "قاعدة القوات الجوفضائية للحرس الثوري",
        "city:ar": "مقاطعة شيراز",
        "province:ar": "فارس",
        "name:he": "בסיס חיל האוויר והחלל של משמרות המהפכה",
        "city:he": "מחוז שיראז",
        "province:he": "פארס",
        "name:tr": "Devrim Muhafızları Havacılık ve Uzay Üssü",
        "city:tr": "Şiraz",
        "province:tr": "Fars",
        "name:ckb": "بنکەی هەوافەزای سوپا",
        "city:ckb": "شارستانی شیراز",
        "province:ckb": "فارس",
        "publicId": "MTM6NTEw",
        "sourceId": "510",
        "layerId": 13,
        "status": "active",
        "urgency": null,
        "verificationTag": null,
        "expirationDate": null,
        "createdAt": "2026-10-07T04:26:23.359Z",
        "updatedAt": "2026-10-07T04:26:23.359Z"
      }
    },
    {
      "type": "Feature",
      "id": 95475,
      "geometry": {
        "type": "Point",
        "coordinates": [
          50.43503522336,
          35.67897342068
        ]
      },
      "properties": {
        "id": "MTM6NDAy",
        "city": "شهرستان اشتهارد",
        "date": "1749772800-1750755600",
        "type": "event",
        "name:fa": "پایگاه موشکی اشتهارد",
        "accurate": "yes",
        "province": "استان البرز",
        "geolocates": "https://x.com/BenTzionMacales/status/1941150251714597345",
        "unofficial_name": "Eshtehard Missile Base",
        "unofficial_name:fa": "پایگاه موشکی اشتهارد",
        "name:en": "Eshtehard Missile Base",
        "city:en": "Eshtehard County",
        "province:en": "Alborz",
        "name:ar": "قاعدة اشتهارد الصاروخية",
        "city:ar": "مقاطعة اشتهارد",
        "province:ar": "ألبرز",
        "name:he": "בסיס הטילים אשתהארד",
        "city:he": "מחוז אשתהארד",
        "province:he": "אלבורז",
        "name:tr": "Eştehard Füze Üssü",
        "city:tr": "Eştehard",
        "province:tr": "Elburz",
        "name:ckb": "بنکەی مووشەکیی ئیشتەهارد",
        "city:ckb": "شارستانی ئیشتەهارد",
        "province:ckb": "ئەلبورز",
        "publicId": "MTM6NDAy",
        "sourceId": "402",
        "layerId": 13,
        "status": "active",
        "urgency": null,
        "verificationTag": null,
        "expirationDate": null,
        "createdAt": "2026-10-07T04:26:23.359Z",
        "updatedAt": "2026-10-07T04:26:23.359Z"
      }
    },
    {
      "type": "Feature",
      "id": 95476,
      "geometry": {
        "type": "Point",
        "coordinates": [
          47.36063092679,
          34.51177278001
        ]
      },
      "properties": {
        "id": "MTM6MzM1",
        "city": "شهرستان هرسین",
        "date": "1749789000",
        "type": "event",
        "name:fa": "پایگاه موشکی",
        "sources": "https://t.me/mamlekate/95154",
        "accurate": "yes",
        "province": "استان کرمانشاه",
        "geolocates": "https://x.com/BenTzionMacales/status/1941149664696562045",
        "unofficial_name": "IRGC Aerospace Force",
        "unofficial_name:fa": "پایگاه موشکی",
        "name:en": "Missile Base",
        "city:en": "Harsin County",
        "province:en": "Kermanshah",
        "name:ar": "قاعدة صاروخية",
        "city:ar": "مقاطعة هرسين",
        "province:ar": "كرمانشاه",
        "name:he": "בסיס טילים",
        "province:he": "כרמאנשאה",
        "name:tr": "Füze Üssü",
        "city:tr": "Harsin",
        "province:tr": "Kirmanşah",
        "name:ckb": "بنکەی مووشەکی",
        "city:ckb": "شارستانی هەرسین",
        "province:ckb": "کرماشان",
        "publicId": "MTM6MzM1",
        "sourceId": "335",
        "layerId": 13,
        "status": "active",
        "urgency": null,
        "verificationTag": null,
        "expirationDate": null,
        "createdAt": "2026-10-07T04:26:23.359Z",
        "updatedAt": "2026-10-07T04:26:23.359Z"
      }
    },
    {
      "type": "Feature",
      "id": 95477,
      "geometry": {
        "type": "Point",
        "coordinates": [
          51.7109459585,
          32.4656935315
        ]
      },
      "properties": {
        "id": "MTM6Mjc2",
        "city": "شهرستان مبارکه",
        "date": "1750159800",
        "type": "event",
        "name:fa": "پایگاه موشکی اصفهان",
        "sources": "https://t.me/idfinfarsi/9564",
        "accurate": "yes",
        "province": "استان اصفهان",
        "geolocates": "https://x.com/BenTzionMacales/status/1941153026703774185",
        "unofficial_name": "Isfahan Missile Base",
        "unofficial_name:fa": "پایگاه موشکی اصفهان",
        "name:en": "Isfahan Missile Base",
        "city:en": "Mobarakeh County",
        "province:en": "Isfahan",
        "name:ar": "قاعدة أصفهان الصاروخية",
        "city:ar": "مقاطعة مباركة",
        "province:ar": "أصفهان",
        "name:tr": "İsfahan Füze Üssü",
        "city:tr": "Mübareke",
        "province:tr": "İsfahan",
        "name:ckb": "بنکەی مووشەکیی ئەسفەهان",
        "city:ckb": "شارستانی مەبارەکە",
        "province:ckb": "ئەسفەھان",
        "name:he": "בסיס הטילים אספהאן",
        "city:he": "נפת מבאורכה",
        "province:he": "אספהאן",
        "publicId": "MTM6Mjc2",
        "sourceId": "276",
        "layerId": 13,
        "status": "active",
        "urgency": null,
        "verificationTag": null,
        "expirationDate": null,
        "createdAt": "2026-10-07T04:26:23.359Z",
        "updatedAt": "2026-10-07T04:26:23.359Z"
      }
    },
    {
      "type": "Feature",
      "id": 95478,
      "geometry": {
        "type": "Point",
        "coordinates": [
          46.17807179421,
          37.96746543328
        ]
      },
      "properties": {
        "id": "MTM6MjAw",
        "city": "شهرستان تبریز",
        "date": "1749772800",
        "name": "Tabriz Missile Base",
        "type": "event",
        "name:fa": "پایگاه موشکی تبریز",
        "accurate": "yes",
        "province": "استان آذربایجان شرقی",
        "geolocates": "https://x.com/dex_eve/status/1933579131192795593, https://x.com/CSBiggers/status/1933894646037385380, https://x.com/BenTzionMacales/status/1941149553354530939",
        "name:en": "Tabriz Missile Base",
        "city:en": "Tabriz County",
        "province:en": "East Azerbaijan",
        "name:ar": "قاعدة تبريز الصاروخية",
        "city:ar": "مقاطعة تبريز",
        "province:ar": "أذربيجان الشرقية",
        "name:he": "בסיס הטילים תבריז",
        "city:he": "מחוז תבריז",
        "province:he": "אזרבייג'ן המזרחית",
        "name:tr": "Tebriz Füze Üssü",
        "city:tr": "Tebriz",
        "province:tr": "Doğu Azerbaycan",
        "name:ckb": "بنکەی مووشەکیی تەورێز",
        "city:ckb": "شارستانی تەورێز",
        "province:ckb": "ئازەربایجانی ڕۆژھەڵات",
        "publicId": "MTM6MjAw",
        "sourceId": "200",
        "layerId": 13,
        "status": "active",
        "urgency": null,
        "verificationTag": null,
        "expirationDate": null,
        "createdAt": "2026-10-07T04:26:23.359Z",
        "updatedAt": "2026-10-07T04:26:23.359Z"
      }
    },
    {
      "type": "Feature",
      "id": 95479,
      "geometry": {
        "type": "Point",
        "coordinates": [
          51.82769715518,
          32.57832335818
        ]
      },
      "properties": {
        "id": "MTM6MTQz",
        "city": "اصفهان",
        "date": "1750549800",
        "type": "event",
        "name:fa": "مجتمع هسته‌ای اصفهان",
        "accurate": "yes",
        "province": "استان اصفهان",
        "geolocates": "https://isis-online.org/isis-reports/post-attack-assessment-of-the-first-12-days-of-israeli-strikes-on-iranian-nuclear-facilities, https://x.com/detresfa_/status/1936827158351184078",
        "unofficial_name": "Isfahan Nuclear Complex",
        "unofficial_name:fa": "مجتمع هسته‌ای اصفهان",
        "name:en": "Isfahan Nuclear Complex",
        "city:en": "Isfahan",
        "province:en": "Isfahan",
        "name:ar": "مجمع أصفهان النووي",
        "city:ar": "أصفهان",
        "province:ar": "أصفهان",
        "name:he": "המתחם הגרעיני אספהאן",
        "city:he": "אספהאן",
        "province:he": "אספהאן",
        "name:tr": "İsfahan Nükleer Kompleksi",
        "city:tr": "İsfahan",
        "province:tr": "İsfahan",
        "name:ckb": "کۆمەڵگەی ئەتۆمیی ئەسفەهان",
        "city:ckb": "ئەسفەهان",
        "province:ckb": "ئەسفەھان",
        "publicId": "MTM6MTQz",
        "sourceId": "143",
        "layerId": 13,
        "status": "active",
        "urgency": null,
        "verificationTag": null,
        "expirationDate": null,
        "createdAt": "2026-10-07T04:26:23.359Z",
        "updatedAt": "2026-10-07T04:26:23.359Z"
      }
    },
    {
      "type": "Feature",
      "id": 95480,
      "geometry": {
        "type": "Point",
        "coordinates": [
          50.0977045244,
          33.59826266657
        ]
      },
      "properties": {
        "id": "MTM6ODU",
        "city": "شهرستان خمین",
        "date": "1750172400",
        "type": "event",
        "sources": "https://t.me/VahidOnline/65794, https://t.me/idfinfarsi/9564",
        "accurate": "yes",
        "province": "استان مرکزی",
        "geolocates": "https://x.com/BenTzionMacales/status/1941150617256484872",
        "city:en": "Khomein County",
        "province:en": "Markazi",
        "city:ar": "مقاطعة خمين",
        "province:ar": "المركزية",
        "city:he": "נפת ח'ומיין",
        "province:he": "מרכזי",
        "city:tr": "Humeyn Şehristanı",
        "province:tr": "Merkezi",
        "city:ckb": "شارستانی خومەین",
        "province:ckb": "مەرکەزی",
        "publicId": "MTM6ODU",
        "sourceId": "85",
        "layerId": 13,
        "status": "active",
        "urgency": null,
        "verificationTag": null,
        "expirationDate": null,
        "createdAt": "2026-10-07T04:26:23.359Z",
        "updatedAt": "2026-10-07T04:26:23.359Z"
      }
    },
    {
      "type": "Feature",
      "id": 95481,
      "geometry": {
        "type": "Point",
        "coordinates": [
          51.38586021692,
          35.79429243563
        ]
      },
      "properties": {
        "id": "MTM6NTc0",
        "city": "تجریش",
        "date": "1750667400",
        "name": "Evin Prison",
        "type": "event",
        "mission": "destroyed gate",
        "name:fa": "زندان اوین",
        "accurate": "yes",
        "province": "استان تهران",
        "geolocates": "https://x.com/vahuburz/status/1942002550749765949, https://x.com/ForensicArchi/status/1941082889103286542",
        "name:en": "Evin Prison",
        "city:en": "Tajrish",
        "province:en": "Tehran",
        "name:ar": "سجن إيفين",
        "city:ar": "تجريش",
        "province:ar": "طهران",
        "name:he": "כלא אווין",
        "city:he": "תג'ריש",
        "province:he": "טהראן",
        "name:tr": "Evin Cezaevi",
        "city:tr": "Tecriş",
        "province:tr": "Tahran",
        "name:ckb": "بەندینخانەی ئێڤین",
        "city:ckb": "تەجریش",
        "province:ckb": "تاران",
        "publicId": "MTM6NTc0",
        "sourceId": "574",
        "layerId": 13,
        "status": "active",
        "urgency": null,
        "verificationTag": null,
        "expirationDate": null,
        "createdAt": "2026-10-07T04:26:23.359Z",
        "updatedAt": "2026-10-07T04:26:23.359Z"
      }
    },
    {
      "type": "Feature",
      "id": 95482,
      "geometry": {
        "type": "Point",
        "coordinates": [
          51.4217528674,
          32.71057722833
        ]
      },
      "properties": {
        "id": "MTM6NDY3",
        "city": "شهرستان نجف آباد",
        "date": "1750159800",
        "type": "event",
        "name:fa": "پایگاه موشکی اصفهان",
        "sources": "https://t.me/idfinfarsi/9564",
        "accurate": "yes",
        "province": "استان اصفهان",
        "geolocates": "https://x.com/BenTzionMacales/status/1941151953859301583",
        "unofficial_name": "Isfahan Missile Base",
        "unofficial_name:fa": "پایگاه موشکی اصفهان",
        "name:en": "Isfahan Missile Base",
        "city:en": "Najafabad County",
        "province:en": "Isfahan",
        "name:ar": "قاعدة أصفهان الصاروخية",
        "city:ar": "مقاطعة نجف أباد",
        "province:ar": "أصفهان",
        "name:he": "בסיס הטילים אספהאן",
        "city:he": "מחוז נג'ף אבאד",
        "province:he": "אספהאן",
        "name:tr": "İsfahan Füze Üssü",
        "city:tr": "Necefabad",
        "province:tr": "İsfahan",
        "name:ckb": "بنکەی مووشەکیی ئەسفەهان",
        "city:ckb": "شارستانی نەجەفئاباد",
        "province:ckb": "ئەسفەھان",
        "publicId": "MTM6NDY3",
        "sourceId": "467",
        "layerId": 13,
        "status": "active",
        "urgency": null,
        "verificationTag": null,
        "expirationDate": null,
        "createdAt": "2026-10-07T04:26:23.359Z",
        "updatedAt": "2026-10-07T04:26:23.359Z"
      }
    },
    {
      "type": "Feature",
      "id": 95483,
      "geometry": {
        "type": "Point",
        "coordinates": [
          47.23012000054,
          34.35836572143
        ]
      },
      "properties": {
        "id": "MTM6NTE2",
        "city": "شهرستان کرمانشاه",
        "date": "1749772800-1750064400",
        "type": "event",
        "name:fa": "پایگاه موشکی کرمانشاه",
        "province": "استان کرمانشاه",
        "geolocates": "https://x.com/detresfa_/status/1934508002079637523, https://x.com/BenTzionMacales/status/1941149607251345610, https://x.com/Shayan86/status/1934437475398619365",
        "unofficial_name": "Kermanshah Missile Base",
        "unofficial_name:fa": "پایگاه موشکی کرمانشاه",
        "name:en": "Kermanshah Missile Base",
        "city:en": "Kermanshah County",
        "province:en": "Kermanshah",
        "name:ar": "قاعدة كرمانشاه الصاروخية",
        "city:ar": "مقاطعة كرمانشاه",
        "province:ar": "كرمانشاه",
        "name:he": "בסיס הטילים כרמאנשאה",
        "city:he": "מחוז כרמאנשאה",
        "province:he": "כרמאנשאה",
        "name:tr": "Kirmanşah Füze Üssü",
        "city:tr": "Kirmanşah",
        "province:tr": "Kirmanşah",
        "name:ckb": "بنکەی مووشەکیی کرماشان",
        "city:ckb": "شارستانی کرماشان",
        "province:ckb": "کرماشان",
        "publicId": "MTM6NTE2",
        "sourceId": "516",
        "layerId": 13,
        "status": "active",
        "urgency": null,
        "verificationTag": null,
        "expirationDate": null,
        "createdAt": "2026-10-07T04:26:23.359Z",
        "updatedAt": "2026-10-07T04:26:23.359Z"
      }
    },
    {
      "type": "Feature",
      "id": 95484,
      "geometry": {
        "type": "Point",
        "coordinates": [
          50.43971165881,
          35.67721296637
        ]
      },
      "properties": {
        "id": "MTM6NDA4",
        "city": "شهرستان اشتهارد",
        "date": "1749772800-1750755600",
        "type": "event",
        "name:fa": "پایگاه موشکی اشتهارد",
        "accurate": "yes",
        "province": "استان البرز",
        "geolocates": "https://x.com/BenTzionMacales/status/1941150251714597345",
        "unofficial_name": "Eshtehard Missile Base",
        "unofficial_name:fa": "پایگاه موشکی اشتهارد",
        "name:en": "Eshtehard Missile Base",
        "city:en": "Eshtehard County",
        "province:en": "Alborz",
        "name:ar": "قاعدة اشتهارد الصاروخية",
        "city:ar": "مقاطعة اشتهارد",
        "province:ar": "ألبرز",
        "name:he": "בסיס הטילים אשתהארד",
        "city:he": "מחוז אשתהארד",
        "province:he": "אלבורז",
        "name:tr": "Eştehard Füze Üssü",
        "city:tr": "Eştehard",
        "province:tr": "Elburz",
        "name:ckb": "بنکەی مووشەکیی ئیشتەهارد",
        "city:ckb": "شارستانی ئیشتەهارد",
        "province:ckb": "ئەلبورز",
        "publicId": "MTM6NDA4",
        "sourceId": "408",
        "layerId": 13,
        "status": "active",
        "urgency": null,
        "verificationTag": null,
        "expirationDate": null,
        "createdAt": "2026-10-07T04:26:23.359Z",
        "updatedAt": "2026-10-07T04:26:23.359Z"
      }
    },
    {
      "type": "Feature",
      "id": 95485,
      "geometry": {
        "type": "Point",
        "coordinates": [
          47.01612800226,
          34.47937538946
        ]
      },
      "properties": {
        "id": "MTM6MzQ5",
        "city": "شهرستان کرمانشاه",
        "date": "1749772800-1750667400",
        "type": "event",
        "name:fa": "پایگاه موشکی قزانچی",
        "province": "استان کرمانشاه",
        "geolocates": "https://x.com/BenTzionMacales/status/1941149790718534109",
        "unofficial_name": "Ghazanchi Missile Base",
        "unofficial_name:fa": "پایگاه موشکی قزانچی",
        "name:en": "Qazanchi Missile Base",
        "city:en": "Kermanshah County",
        "province:en": "Kermanshah",
        "name:ar": "قاعدة قزانشي الصاروخية",
        "city:ar": "مقاطعة كرمانشاه",
        "province:ar": "كرمانشاه",
        "name:he": "בסיס הטילים קזאנצ'י",
        "city:he": "מחוז כרמאנשאה",
        "province:he": "כרמאנשאה",
        "name:tr": "Kazançı Füze Üssü",
        "city:tr": "Kirmanşah",
        "province:tr": "Kirmanşah",
        "name:ckb": "بنکەی مووشەکیی قەزانچی",
        "city:ckb": "شارستانی کرماشان",
        "province:ckb": "کرماشان",
        "publicId": "MTM6MzQ5",
        "sourceId": "349",
        "layerId": 13,
        "status": "active",
        "urgency": null,
        "verificationTag": null,
        "expirationDate": null,
        "createdAt": "2026-10-07T04:26:23.359Z",
        "updatedAt": "2026-10-07T04:26:23.359Z"
      }
    },
    {
      "type": "Feature",
      "id": 95486,
      "geometry": {
        "type": "Point",
        "coordinates": [
          47.23007707715,
          34.36292691244
        ]
      },
      "properties": {
        "id": "MTM6Mjkw",
        "city": "شهرستان کرمانشاه",
        "date": "1749772800-1750064400",
        "type": "event",
        "name:fa": "پایگاه موشکی کرمانشاه",
        "province": "استان کرمانشاه",
        "geolocates": "https://x.com/detresfa_/status/1934508002079637523, https://x.com/BenTzionMacales/status/1941149607251345610, https://x.com/Shayan86/status/1934437475398619365",
        "unofficial_name": "Kermanshah Missile Base",
        "unofficial_name:fa": "پایگاه موشکی کرمانشاه",
        "name:en": "Kermanshah Missile Base",
        "city:en": "Kermanshah County",
        "province:en": "Kermanshah",
        "name:ar": "قاعدة كرمانشاه الصاروخية",
        "city:ar": "مقاطعة كرمانشاه",
        "province:ar": "كرمانشاه",
        "name:tr": "Kirmanşah Füze Üssü",
        "city:tr": "Kirmanşah",
        "province:tr": "Kirmanşah",
        "name:ckb": "بنکەی مووشەکیی کرماشان",
        "city:ckb": "شارستانی کرماشان",
        "province:ckb": "کرماشان",
        "name:he": "בסיס הטילים כרמאנשאה",
        "city:he": "נפת כרמאנשאה",
        "province:he": "כרמאנשאה",
        "publicId": "MTM6Mjkw",
        "sourceId": "290",
        "layerId": 13,
        "status": "active",
        "urgency": null,
        "verificationTag": null,
        "expirationDate": null,
        "createdAt": "2026-10-07T04:26:23.359Z",
        "updatedAt": "2026-10-07T04:26:23.359Z"
      }
    },
    {
      "type": "Feature",
      "id": 95487,
      "geometry": {
        "type": "Point",
        "coordinates": [
          48.180509803,
          33.56271058914
        ]
      },
      "properties": {
        "id": "MTM6MjEz",
        "city": "شهرستان چگنی",
        "date": "1749943800",
        "type": "event",
        "name:fa": "پایگاه موشکی خرم‌آباد",
        "sources": "https://t.me/P_raetorio/27657",
        "accurate": "yes",
        "province": "استان لرستان",
        "geolocates": "https://x.com/BenTzionMacales/status/1941149920616181897",
        "unofficial_name": "KhoramAbad Missile Base",
        "unofficial_name:fa": "پایگاه موشکی خرم‌آباد",
        "name:en": "Khorramabad Missile Base",
        "city:en": "Chegeni County",
        "province:en": "Lorestan",
        "name:ar": "قاعدة خرم آباد الصاروخية",
        "city:ar": "مقاطعة تشغني",
        "province:ar": "لرستان",
        "name:he": "בסיס הטילים חורמאבאד",
        "province:he": "לורסתאן",
        "name:tr": "Hürremabad Füze Üssü",
        "city:tr": "Çegeni",
        "province:tr": "Luristan",
        "name:ckb": "بنکەی مووشەکیی خوڕەماوا",
        "city:ckb": "شارستانی چەگەنی",
        "province:ckb": "لوڕستان",
        "publicId": "MTM6MjEz",
        "sourceId": "213",
        "layerId": 13,
        "status": "active",
        "urgency": null,
        "verificationTag": null,
        "expirationDate": null,
        "createdAt": "2026-10-07T04:26:23.359Z",
        "updatedAt": "2026-10-07T04:26:23.359Z"
      }
    },
    {
      "type": "Feature",
      "id": 95488,
      "geometry": {
        "type": "Point",
        "coordinates": [
          51.03021472558,
          35.76552091455
        ]
      },
      "properties": {
        "id": "MTM6MTU3",
        "city": "شهرستان فردیس",
        "date": "1749978000-1750064400",
        "type": "event",
        "name:fa": "گروه شیمیایی شهید میثمی",
        "province": "استان البرز",
        "geolocates": "https://x.com/fab_hinz/status/1934727911883342267",
        "unofficial_name": "Meisami Chemical Group",
        "unofficial_name:fa": "گروه شیمیایی شهید میثمی",
        "name:en": "Shahid Meisami Chemical Group",
        "city:en": "Fardis County",
        "province:en": "Alborz",
        "name:ar": "مجموعة الشهيد ميثمي الكيميائية",
        "city:ar": "مقاطعة فرديس",
        "province:ar": "ألبرز",
        "name:he": "קבוצת הכימיה שהיד מייסמי",
        "province:he": "אלבורז",
        "name:tr": "Şehit Meysemi Kimya Grubu",
        "city:tr": "Fardis",
        "province:tr": "Elburz",
        "name:ckb": "گرووپی کیمیاییی شەهید مێیسەمی",
        "city:ckb": "شارستانی فەردیس",
        "province:ckb": "ئەلبورز",
        "publicId": "MTM6MTU3",
        "sourceId": "157",
        "layerId": 13,
        "status": "active",
        "urgency": null,
        "verificationTag": null,
        "expirationDate": null,
        "createdAt": "2026-10-07T04:26:23.359Z",
        "updatedAt": "2026-10-07T04:26:23.359Z"
      }
    },
    {
      "type": "Feature",
      "id": 95489,
      "geometry": {
        "type": "Point",
        "coordinates": [
          46.77600592107,
          34.32825567925
        ]
      },
      "properties": {
        "id": "MTM6OTE",
        "city": "شهرستان کرمانشاه",
        "date": "1749772800-1750064400",
        "type": "event",
        "accurate": "yes",
        "province": "استان کرمانشاه",
        "geolocates": "https://x.com/maysam21901/status/1937954233866670248",
        "city:en": "Kermanshah County",
        "province:en": "Kermanshah",
        "city:ar": "مقاطعة كرمانشاه",
        "province:ar": "كرمانشاه",
        "city:he": "נפת כרמאנשאה",
        "province:he": "כרמאנשאה",
        "city:tr": "Kermanşah Şehristanı",
        "province:tr": "Kirmanşah",
        "city:ckb": "شارستانی کرماشان",
        "province:ckb": "کرماشان",
        "publicId": "MTM6OTE",
        "sourceId": "91",
        "layerId": 13,
        "status": "active",
        "urgency": null,
        "verificationTag": null,
        "expirationDate": null,
        "createdAt": "2026-10-07T04:26:23.359Z",
        "updatedAt": "2026-10-07T04:26:23.359Z"
      }
    },
    {
      "type": "Feature",
      "id": 95490,
      "geometry": {
        "type": "Point",
        "coordinates": [
          51.72381520003,
          33.72836177866
        ]
      },
      "properties": {
        "id": "MTM6NTg4",
        "city": "شهرستان کاشان",
        "date": "1749772800",
        "name": "Natanz Nuclear Complex",
        "type": "event",
        "name:fa": "مجتمع هسته‌ای نطنز",
        "sources": "https://x.com/mhmiranusa/status/1933392045135311321",
        "accurate": "yes",
        "province": "استان اصفهان",
        "geolocates": "https://isis-online.org/isis-reports/post-attack-analysis-of-israels-june-12-13-military-attack-on-irans-nuclear-program, https://x.com/osc_london/status/1934622676322058567",
        "name:en": "Natanz Nuclear Complex",
        "city:en": "Kashan County",
        "province:en": "Isfahan",
        "name:ar": "مجمع نطنز النووي",
        "city:ar": "مقاطعة كاشان",
        "province:ar": "أصفهان",
        "name:he": "המתחם הגרעיני נתנז",
        "city:he": "כאשאן",
        "province:he": "אספהאן",
        "name:tr": "Natanz Nükleer Kompleksi",
        "city:tr": "Kaşan",
        "province:tr": "İsfahan",
        "name:ckb": "کۆمەڵگەی ئەتۆمیی نەتەنز",
        "city:ckb": "شارستانی کاشان",
        "province:ckb": "ئەسفەھان",
        "publicId": "MTM6NTg4",
        "sourceId": "588",
        "layerId": 13,
        "status": "active",
        "urgency": null,
        "verificationTag": null,
        "expirationDate": null,
        "createdAt": "2026-10-07T04:26:23.359Z",
        "updatedAt": "2026-10-07T04:26:23.359Z"
      }
    },
    {
      "type": "Feature",
      "id": 95491,
      "geometry": {
        "type": "Point",
        "coordinates": [
          51.43473207682,
          32.6914642582
        ]
      },
      "properties": {
        "id": "MTM6NDgx",
        "city": "شهرستان نجف آباد",
        "date": "1750159800",
        "type": "event",
        "name:fa": "پایگاه موشکی اصفهان",
        "sources": "https://t.me/idfinfarsi/9564",
        "accurate": "yes",
        "province": "استان اصفهان",
        "geolocates": "https://x.com/BenTzionMacales/status/1941151953859301583",
        "unofficial_name": "Isfahan Missile Base",
        "unofficial_name:fa": "پایگاه موشکی اصفهان",
        "name:en": "Isfahan Missile Base",
        "city:en": "Najafabad County",
        "province:en": "Isfahan",
        "name:ar": "قاعدة أصفهان الصاروخية",
        "city:ar": "مقاطعة نجف أباد",
        "province:ar": "أصفهان",
        "name:he": "בסיס הטילים אספהאן",
        "city:he": "מחוז נג'ף אבאד",
        "province:he": "אספהאן",
        "name:tr": "İsfahan Füze Üssü",
        "city:tr": "Necefabad",
        "province:tr": "İsfahan",
        "name:ckb": "بنکەی مووشەکیی ئەسفەهان",
        "city:ckb": "شارستانی نەجەفئاباد",
        "province:ckb": "ئەسفەھان",
        "publicId": "MTM6NDgx",
        "sourceId": "481",
        "layerId": 13,
        "status": "active",
        "urgency": null,
        "verificationTag": null,
        "expirationDate": null,
        "createdAt": "2026-10-07T04:26:23.359Z",
        "updatedAt": "2026-10-07T04:26:23.359Z"
      }
    },
    {
      "type": "Feature",
      "id": 95492,
      "geometry": {
        "type": "Point",
        "coordinates": [
          50.85746168554,
          35.90855688788
        ]
      },
      "properties": {
        "id": "MTM6NTMw",
        "city": "شهرستان ساوجبلاغ",
        "date": "1749772800-1750150800",
        "name": "TESA Karaj Centrifuge Manufacturing Site",
        "type": "event",
        "name:fa": "تسا کرج",
        "accurate": "yes",
        "province": "استان البرز",
        "geolocates": "https://isis-online.org/isis-reports/post-attack-assessment-of-the-first-12-days-of-israeli-strikes-on-iranian-nuclear-facilities",
        "name:en": "TESA Karaj",
        "city:en": "Savojbolagh County",
        "province:en": "Alborz",
        "name:ar": "تسا كرج",
        "city:ar": "مقاطعة ساوجبلاغ",
        "province:ar": "ألبرز",
        "name:he": "תסא כרג'",
        "city:he": "סאוג'בלאע'",
        "province:he": "אלבורז",
        "name:tr": "TESA Kereç",
        "city:tr": "Savocbolag",
        "province:tr": "Elburz",
        "name:ckb": "تەسا کەرەج",
        "city:ckb": "شارستانی ساوجبولاخ",
        "province:ckb": "ئەلبورز",
        "publicId": "MTM6NTMw",
        "sourceId": "530",
        "layerId": 13,
        "status": "active",
        "urgency": null,
        "verificationTag": null,
        "expirationDate": null,
        "createdAt": "2026-10-07T04:26:23.359Z",
        "updatedAt": "2026-10-07T04:26:23.359Z"
      }
    },
    {
      "type": "Feature",
      "id": 95493,
      "geometry": {
        "type": "Point",
        "coordinates": [
          50.88739513278,
          35.59078116941
        ]
      },
      "properties": {
        "id": "MTM6NDIy",
        "city": "شهرستان ملارد",
        "date": "1749772800-1750410000",
        "type": "event",
        "name:fa": "مجموعه موشکی بیدگنه",
        "accurate": "yes",
        "province": "استان تهران",
        "geolocates": "https://x.com/BenTzionMacales/status/1941150385441566832",
        "unofficial_name": "Bidkaneh Missile Base",
        "unofficial_name:fa": "مجموعه موشکی بیدگنه",
        "name:en": "Bidganeh Missile Complex",
        "city:en": "Malard County",
        "province:en": "Tehran",
        "name:ar": "مجمع بيدغنه الصاروخي",
        "city:ar": "مقاطعة ملارد",
        "province:ar": "طهران",
        "name:he": "מתחם הטילים בידגנה",
        "city:he": "מלארד",
        "province:he": "טהראן",
        "name:tr": "Bidgene Füze Kompleksi",
        "city:tr": "Malard",
        "province:tr": "Tahran",
        "name:ckb": "کۆمەڵگەی مووشەکیی بیدگەنە",
        "city:ckb": "شارستانی مەلارد",
        "province:ckb": "تاران",
        "publicId": "MTM6NDIy",
        "sourceId": "422",
        "layerId": 13,
        "status": "active",
        "urgency": null,
        "verificationTag": null,
        "expirationDate": null,
        "createdAt": "2026-10-07T04:26:23.359Z",
        "updatedAt": "2026-10-07T04:26:23.359Z"
      }
    },
    {
      "type": "Feature",
      "id": 95494,
      "geometry": {
        "type": "Point",
        "coordinates": [
          47.87891149253,
          34.4386969843
        ]
      },
      "properties": {
        "id": "MTM6MzU1",
        "city": "شهرستان کنگاور",
        "date": "1749897000",
        "type": "event",
        "name:fa": "پایگاه موشکی کنگاور",
        "accurate": "yes",
        "province": "استان کرمانشاه",
        "geolocates": "https://x.com/BenTzionMacales/status/1941149847828177109",
        "unofficial_name": "Kangavar Missile Base",
        "unofficial_name:fa": "پایگاه موشکی کنگاور",
        "name:en": "Kangavar Missile Base",
        "city:en": "Kangavar County",
        "province:en": "Kermanshah",
        "name:ar": "قاعدة كنغاور الصاروخية",
        "city:ar": "مقاطعة كنغاور",
        "province:ar": "كرمانشاه",
        "name:tr": "Kangavar Füze Üssü",
        "city:tr": "Kangavar",
        "province:tr": "Kirmanşah",
        "name:ckb": "بنکەی مووشەکیی کەنگاوەر",
        "city:ckb": "شارستانی کەنگاوەر",
        "province:ckb": "کرماشان",
        "name:he": "בסיס הטילים כנגאוור",
        "city:he": "נפת כנגאוור",
        "province:he": "כרמאנשאה",
        "publicId": "MTM6MzU1",
        "sourceId": "355",
        "layerId": 13,
        "status": "active",
        "urgency": null,
        "verificationTag": null,
        "expirationDate": null,
        "createdAt": "2026-10-07T04:26:23.359Z",
        "updatedAt": "2026-10-07T04:26:23.359Z"
      }
    },
    {
      "type": "Feature",
      "id": 95495,
      "geometry": {
        "type": "Point",
        "coordinates": [
          51.2932187292,
          35.67770319597
        ]
      },
      "properties": {
        "id": "MTM6Mjk2",
        "city": "تهران",
        "date": "1749772800-1750755600",
        "type": "event",
        "accurate": "yes",
        "province": "استان تهران",
        "geolocates": "https://x.com/Shayan86/status/1937649801807692273",
        "city:en": "Tehran",
        "province:en": "Tehran",
        "city:ar": "طهران",
        "province:ar": "طهران",
        "city:he": "טהראן",
        "province:he": "טהראן",
        "city:tr": "Tahran",
        "province:tr": "Tahran",
        "city:ckb": "تاران",
        "province:ckb": "تاران",
        "publicId": "MTM6Mjk2",
        "sourceId": "296",
        "layerId": 13,
        "status": "active",
        "urgency": null,
        "verificationTag": null,
        "expirationDate": null,
        "createdAt": "2026-10-07T04:26:23.359Z",
        "updatedAt": "2026-10-07T04:26:23.359Z"
      }
    },
    {
      "type": "Feature",
      "id": 95496,
      "geometry": {
        "type": "Point",
        "coordinates": [
          48.21595787868,
          33.55281328859
        ]
      },
      "properties": {
        "id": "MTM6MjE5",
        "city": "شهرستان چگنی",
        "date": "1749943800",
        "type": "event",
        "name:fa": "پایگاه موشکی خرم‌آباد",
        "sources": "https://t.me/P_raetorio/27657",
        "accurate": "yes",
        "province": "استان لرستان",
        "geolocates": "https://x.com/BenTzionMacales/status/1941149999192216043",
        "unofficial_name": "KhoramAbad Missile Base",
        "unofficial_name:fa": "پایگاه موشکی خرم‌آباد",
        "name:en": "Khorramabad Missile Base",
        "city:en": "Chegeni County",
        "province:en": "Lorestan",
        "name:ar": "قاعدة خرم آباد الصاروخية",
        "city:ar": "مقاطعة تشغني",
        "province:ar": "لرستان",
        "name:he": "בסיס הטילים חורמאבאד",
        "city:he": "מחוז צ'גני",
        "province:he": "לורסתאן",
        "name:tr": "Hürremabad Füze Üssü",
        "city:tr": "Çegeni",
        "province:tr": "Luristan",
        "name:ckb": "بنکەی مووشەکیی خۆڕەماوا",
        "city:ckb": "شارستانی چەگەنی",
        "province:ckb": "لوڕستان",
        "publicId": "MTM6MjE5",
        "sourceId": "219",
        "layerId": 13,
        "status": "active",
        "urgency": null,
        "verificationTag": null,
        "expirationDate": null,
        "createdAt": "2026-10-07T04:26:23.359Z",
        "updatedAt": "2026-10-07T04:26:23.359Z"
      }
    },
    {
      "type": "Feature",
      "id": 95497,
      "geometry": {
        "type": "Point",
        "coordinates": [
          46.15094661176,
          38.25846085902
        ]
      },
      "properties": {
        "id": "MTM6MTYz",
        "city": "شهرستان شبستر",
        "date": "1749772800-1749889800",
        "name": "Tabriz Missile Base",
        "type": "event",
        "name:fa": "پایگاه موشکی تبریز",
        "accurate": "yes",
        "province": "استان آذربایجان شرقی",
        "geolocates": "https://x.com/byjepstein/status/1935087907976495587, https://x.com/BenTzionMacales/status/1941149498425950483",
        "name:en": "Tabriz Missile Base",
        "city:en": "Shabestar County",
        "province:en": "East Azerbaijan",
        "name:ar": "قاعدة تبريز الصاروخية",
        "city:ar": "مقاطعة شبستر",
        "province:ar": "أذربيجان الشرقية",
        "name:he": "בסיס הטילים תבריז",
        "city:he": "נפת שבסטר",
        "province:he": "אזרבייג'ן המזרחית",
        "name:tr": "Tebriz Füze Üssü",
        "city:tr": "Şebestar",
        "province:tr": "Doğu Azerbaycan",
        "name:ckb": "بنکەی مووشەکیی تەورێز",
        "city:ckb": "شارستانی شەبستەر",
        "province:ckb": "ئازەربایجانی ڕۆژھەڵات",
        "publicId": "MTM6MTYz",
        "sourceId": "163",
        "layerId": 13,
        "status": "active",
        "urgency": null,
        "verificationTag": null,
        "expirationDate": null,
        "createdAt": "2026-10-07T04:26:23.359Z",
        "updatedAt": "2026-10-07T04:26:23.359Z"
      }
    },
    {
      "type": "Feature",
      "id": 95498,
      "geometry": {
        "type": "Point",
        "coordinates": [
          48.66644024581,
          35.21243685942
        ]
      },
      "properties": {
        "id": "MTM6MTA1",
        "city": "شهرستان کبودرآهنگ",
        "date": "1749772800-1749889800",
        "name": "3rd Tactical Fighter Base",
        "type": "event",
        "name:fa": "پایگاه سوم شکاری",
        "accurate": "yes",
        "province": "استان همدان",
        "geolocates": "https://x.com/osc_london/status/1934622671318229217, https://x.com/osc_london/status/1933969558789853253",
        "name:en": "3rd Tactical Air Base",
        "city:en": "Kabudarahang County",
        "province:en": "Hamadan",
        "name:ar": "القاعدة الجوية الثالثة",
        "city:ar": "مقاطعة كبودرآهنغ",
        "province:ar": "همدان",
        "name:he": "בסיס הטיסה השלישי",
        "city:he": "נפת כאבודראחנג'",
        "province:he": "המדאן",
        "name:tr": "3. Avcı Hava Üssü",
        "city:tr": "Kabudarahang",
        "province:tr": "Hemedan",
        "name:ckb": "بنکەی سێیەمی شکاری",
        "city:ckb": "شارستانی کەبوودەرئاهەنگ",
        "province:ckb": "ھەمەدان",
        "publicId": "MTM6MTA1",
        "sourceId": "105",
        "layerId": 13,
        "status": "active",
        "urgency": null,
        "verificationTag": null,
        "expirationDate": null,
        "createdAt": "2026-10-07T04:26:23.359Z",
        "updatedAt": "2026-10-07T04:26:23.359Z"
      }
    },
    {
      "type": "Feature",
      "id": 95499,
      "geometry": {
        "type": "Point",
        "coordinates": [
          51.25587700725,
          34.09050072653
        ]
      },
      "properties": {
        "id": "MTM6NTk0",
        "city": "شهرستان کاشان",
        "date": "1749772800-1750755600",
        "type": "event",
        "name:fa": "پایگاه موشکی کاشان",
        "province": "استان اصفهان",
        "geolocates": "https://x.com/BenTzionMacales/status/1942231450478055682",
        "unofficial_name": "Kashan Missile Base",
        "unofficial_name:fa": "پایگاه موشکی کاشان",
        "name:en": "Kashan Missile Base",
        "city:en": "Kashan County",
        "province:en": "Isfahan",
        "name:ar": "قاعدة كاشان الصاروخية",
        "city:ar": "مقاطعة كاشان",
        "province:ar": "أصفهان",
        "name:he": "בסיס הטילים כאשאן",
        "city:he": "נפת כאשאן",
        "province:he": "אספהאן",
        "name:tr": "Kaşan Füze Üssü",
        "city:tr": "Kaşan",
        "province:tr": "İsfahan",
        "name:ckb": "بنکەی مووشەکیی کاشان",
        "city:ckb": "شارستانی کاشان",
        "province:ckb": "ئەسفەھان",
        "publicId": "MTM6NTk0",
        "sourceId": "594",
        "layerId": 13,
        "status": "active",
        "urgency": null,
        "verificationTag": null,
        "expirationDate": null,
        "createdAt": "2026-10-07T04:26:23.359Z",
        "updatedAt": "2026-10-07T04:26:23.359Z"
      }
    },
    {
      "type": "Feature",
      "id": 95500,
      "geometry": {
        "type": "Point",
        "coordinates": [
          51.7231768316,
          32.456201948
        ]
      },
      "properties": {
        "id": "MTM6NDg3",
        "city": "شهرستان مبارکه",
        "date": "1750159800",
        "type": "event",
        "name:fa": "پایگاه موشکی اصفهان",
        "sources": "https://t.me/idfinfarsi/9564",
        "accurate": "yes",
        "province": "استان اصفهان",
        "geolocates": "https://x.com/BenTzionMacales/status/1941153026703774185",
        "unofficial_name": "Isfahan Missile Base",
        "unofficial_name:fa": "پایگاه موشکی اصفهان",
        "name:en": "Isfahan Missile Base",
        "city:en": "Mobarakeh County",
        "province:en": "Isfahan",
        "name:ar": "قاعدة أصفهان الصاروخية",
        "city:ar": "مقاطعة مباركة",
        "province:ar": "أصفهان",
        "name:he": "בסיס הטילים אספהאן",
        "city:he": "נפת מבראכה",
        "province:he": "אספהאן",
        "name:tr": "İsfahan Füze Üssü",
        "city:tr": "Mübareke",
        "province:tr": "İsfahan",
        "name:ckb": "بنکەی مووشەکیی ئەسفەهان",
        "city:ckb": "شارستانی موبارەکە",
        "province:ckb": "ئەسفەھان",
        "publicId": "MTM6NDg3",
        "sourceId": "487",
        "layerId": 13,
        "status": "active",
        "urgency": null,
        "verificationTag": null,
        "expirationDate": null,
        "createdAt": "2026-10-07T04:26:23.359Z",
        "updatedAt": "2026-10-07T04:26:23.359Z"
      }
    },
    {
      "type": "Feature",
      "id": 95501,
      "geometry": {
        "type": "Point",
        "coordinates": [
          50.42235370159,
          35.00163245578
        ]
      },
      "properties": {
        "id": "MTM6NTM1",
        "city": "شهرستان ساوه",
        "date": "1750048200",
        "type": "event",
        "mission": "destroyed Sevom Khordad",
        "sources": "https://x.com/indypersian/status/1934576626316226772",
        "province": "استان مرکزی",
        "geolocates": "https://x.com/andynovy/status/1934577668621517065",
        "city:en": "Saveh County",
        "province:en": "Markazi",
        "city:ar": "مقاطعة ساوه",
        "province:ar": "المركزية",
        "city:he": "נפת סאווה",
        "province:he": "מרכזי",
        "city:tr": "Saveh Şehristanı",
        "province:tr": "Merkezi",
        "city:ckb": "شارستانی ساوە",
        "province:ckb": "مەرکەزی",
        "publicId": "MTM6NTM1",
        "sourceId": "535",
        "layerId": 13,
        "status": "active",
        "urgency": null,
        "verificationTag": null,
        "expirationDate": null,
        "createdAt": "2026-10-07T04:26:23.359Z",
        "updatedAt": "2026-10-07T04:26:23.359Z"
      }
    },
    {
      "type": "Feature",
      "id": 95502,
      "geometry": {
        "type": "Point",
        "coordinates": [
          50.8874112314,
          35.58154997485
        ]
      },
      "properties": {
        "id": "MTM6NDI4",
        "city": "شهرستان شهریار",
        "date": "1749772800-1750410000",
        "type": "event",
        "name:fa": "مجموعه موشکی بیدگنه",
        "accurate": "yes",
        "province": "استان تهران",
        "geolocates": "https://x.com/BenTzionMacales/status/1941150385441566832",
        "unofficial_name": "Bidkaneh Missile Base",
        "unofficial_name:fa": "مجموعه موشکی بیدگنه",
        "name:en": "Bidganeh Missile Complex",
        "city:en": "Shahriar County",
        "province:en": "Tehran",
        "name:ar": "مجمع بيدغنه الصاروخي",
        "city:ar": "مقاطعة شهريار",
        "province:ar": "طهران",
        "name:he": "מתחם הטילים בידגנה",
        "city:he": "נפת שהריאר",
        "province:he": "טהראן",
        "name:tr": "Bidgene Füze Kompleksi",
        "city:tr": "Şehriyar",
        "province:tr": "Tahran",
        "name:ckb": "کۆمەڵگەی مووشەکیی بیدگەنە",
        "city:ckb": "شارستانی شەهریار",
        "province:ckb": "تاران",
        "publicId": "MTM6NDI4",
        "sourceId": "428",
        "layerId": 13,
        "status": "active",
        "urgency": null,
        "verificationTag": null,
        "expirationDate": null,
        "createdAt": "2026-10-07T04:26:23.359Z",
        "updatedAt": "2026-10-07T04:26:23.359Z"
      }
    },
    {
      "type": "Feature",
      "id": 95503,
      "geometry": {
        "type": "Point",
        "coordinates": [
          48.21799367398,
          33.57152064534
        ]
      },
      "properties": {
        "id": "MTM6MzY5",
        "city": "شهرستان چگنی",
        "date": "1749943800",
        "type": "event",
        "name:fa": "پایگاه موشکی خرم‌آباد",
        "sources": "https://t.me/P_raetorio/27657",
        "province": "استان لرستان",
        "geolocates": "https://x.com/BenTzionMacales/status/1941149920616181897",
        "unofficial_name": "KhoramAbad Missile Base",
        "unofficial_name:fa": "پایگاه موشکی خرم‌آباد",
        "name:en": "Khorramabad Missile Base",
        "city:en": "Chegeni County",
        "province:en": "Lorestan",
        "name:ar": "قاعدة خرم أباد الصاروخية",
        "city:ar": "مقاطعة تشغني",
        "province:ar": "لرستان",
        "name:he": "בסיס הטילים ח'ורמאבאד",
        "city:he": "נפת צ'גני",
        "province:he": "לורסתאן",
        "name:tr": "Hürremabad Füze Üssü",
        "city:tr": "Çegeni",
        "province:tr": "Luristan",
        "name:ckb": "بنکەی مووشەکیی خۆڕەماوا",
        "city:ckb": "شارستانی چەگەنی",
        "province:ckb": "لوڕستان",
        "publicId": "MTM6MzY5",
        "sourceId": "369",
        "layerId": 13,
        "status": "active",
        "urgency": null,
        "verificationTag": null,
        "expirationDate": null,
        "createdAt": "2026-10-07T04:26:23.359Z",
        "updatedAt": "2026-10-07T04:26:23.359Z"
      }
    },
    {
      "type": "Feature",
      "id": 95504,
      "geometry": {
        "type": "Point",
        "coordinates": [
          48.70050429225,
          31.45755582734
        ]
      },
      "properties": {
        "id": "MTM6MzEw",
        "city": "شهرستان اهواز",
        "date": "1750408200",
        "type": "event",
        "mission": "Destroyed AA Launcher",
        "name:fa": "لانچر موشک زمین به هوا",
        "sources": "https://x.com/manniefabian/status/1936068120419926225",
        "accurate": "yes",
        "province": "استان خوزستان",
        "unofficial_name": "AA Launcher",
        "unofficial_name:fa": "لانچر موشک زمین به هوا",
        "name:en": "Surface-to-Air Missile Launcher",
        "city:en": "Ahvaz County",
        "province:en": "Khuzestan",
        "name:ar": "منصة إطلاق صواريخ أرض-جو",
        "city:ar": "مقاطعة الأهواز",
        "province:ar": "خوزستان",
        "name:he": "משגר טילים קרקע-אוויר",
        "city:he": "נפת אהואז",
        "province:he": "ח'וזסתאן",
        "name:tr": "Karadan Havaya Füze Fırlatıcısı",
        "city:tr": "Ahvaz",
        "province:tr": "Huzistan",
        "name:ckb": "هاوێژەری مووشەکی زەوی بۆ ئاسمان",
        "city:ckb": "شارستانی ئەهواز",
        "province:ckb": "خووزستان",
        "publicId": "MTM6MzEw",
        "sourceId": "310",
        "layerId": 13,
        "status": "active",
        "urgency": null,
        "verificationTag": null,
        "expirationDate": null,
        "createdAt": "2026-10-07T04:26:23.359Z",
        "updatedAt": "2026-10-07T04:26:23.359Z"
      }
    },
    {
      "type": "Feature",
      "id": 95505,
      "geometry": {
        "type": "Point",
        "coordinates": [
          50.89418916821,
          35.62154920351
        ]
      },
      "properties": {
        "id": "MTM6MjQz",
        "city": "شهرستان ملارد",
        "date": "1749772800-1750410000",
        "type": "event",
        "name:fa": "مجموعه موشکی بیدگنه",
        "accurate": "yes",
        "province": "استان تهران",
        "geolocates": "https://x.com/BenTzionMacales/status/1941150328868741171",
        "unofficial_name": "Bidkaneh Missile Base",
        "unofficial_name:fa": "مجموعه موشکی بیدگنه",
        "name:en": "Bidganeh Missile Complex",
        "city:en": "Malard County",
        "province:en": "Tehran",
        "name:ar": "مجمع بيدغنه الصاروخي",
        "city:ar": "مقاطعة ملارد",
        "province:ar": "طهران",
        "name:he": "מתחם הטילים בידגנה",
        "city:he": "נפת מלארד",
        "province:he": "טהראן",
        "name:tr": "Bidgene Füze Kompleksi",
        "city:tr": "Malard",
        "province:tr": "Tahran",
        "name:ckb": "کۆمەڵگەی مووشەکیی بیدگەنە",
        "city:ckb": "شارستانی مەلارد",
        "province:ckb": "تاران",
        "publicId": "MTM6MjQz",
        "sourceId": "243",
        "layerId": 13,
        "status": "active",
        "urgency": null,
        "verificationTag": null,
        "expirationDate": null,
        "createdAt": "2026-10-07T04:26:23.359Z",
        "updatedAt": "2026-10-07T04:26:23.359Z"
      }
    },
    {
      "type": "Feature",
      "id": 95506,
      "geometry": {
        "type": "Point",
        "coordinates": [
          51.29953264117,
          35.78080421567
        ]
      },
      "properties": {
        "id": "MTM6MjMz",
        "city": "تهران",
        "date": "1749932400",
        "name": "Shahran Oil Depot",
        "type": "event",
        "name:fa": "انبار نفت شهران",
        "sources": "https://t.me/VahidOnline/65378",
        "accurate": "yes",
        "province": "استان تهران",
        "geolocates": "https://x.com/osc_london/status/1934240723844448276",
        "name:en": "Shahran Oil Depot",
        "city:en": "Tehran",
        "province:en": "Tehran",
        "name:ar": "مستودع نفط شهران",
        "city:ar": "طهران",
        "province:ar": "طهران",
        "name:he": "מאגר הנפט שהראן",
        "city:he": "טהראן",
        "province:he": "טהראן",
        "name:tr": "Şahran Petrol Deposu",
        "city:tr": "Tahran",
        "province:tr": "Tahran",
        "name:ckb": "کۆگای نەوتی شەهران",
        "city:ckb": "تاران",
        "province:ckb": "تاران",
        "publicId": "MTM6MjMz",
        "sourceId": "233",
        "layerId": 13,
        "status": "active",
        "urgency": null,
        "verificationTag": null,
        "expirationDate": null,
        "createdAt": "2026-10-07T04:26:23.359Z",
        "updatedAt": "2026-10-07T04:26:23.359Z"
      }
    },
    {
      "type": "Feature",
      "id": 95507,
      "geometry": {
        "type": "Point",
        "coordinates": [
          51.50634168506,
          35.68528284138
        ]
      },
      "properties": {
        "id": "MTM6MTc3",
        "city": "تهران",
        "date": "1750415400",
        "type": "event",
        "name:fa": "یگان ویژه نیروی انتظامی",
        "sources": "https://t.me/idfinfarsi/9656",
        "province": "استان تهران",
        "unofficial_name:fa": "یگان ویژه نیروی انتظامی",
        "name:en": "Law Enforcement Special Units",
        "city:en": "Tehran",
        "province:en": "Tehran",
        "name:ar": "الوحدة الخاصة لقوى الأمن الداخلي",
        "city:ar": "طهران",
        "province:ar": "طهران",
        "name:he": "היחידה המיוחדת של משטרת איראן",
        "city:he": "טהראן",
        "province:he": "טהראן",
        "name:tr": "Polis Özel Harekat Birliği",
        "city:tr": "Tahran",
        "province:tr": "Tahran",
        "name:ckb": "یەکەی تایبەتی هێزی ئینتیزامی",
        "city:ckb": "تاران",
        "province:ckb": "تاران",
        "publicId": "MTM6MTc3",
        "sourceId": "177",
        "layerId": 13,
        "status": "active",
        "urgency": null,
        "verificationTag": null,
        "expirationDate": null,
        "createdAt": "2026-10-07T04:26:23.359Z",
        "updatedAt": "2026-10-07T04:26:23.359Z"
      }
    },
    {
      "type": "Feature",
      "id": 95508,
      "geometry": {
        "type": "Point",
        "coordinates": [
          48.67220833763,
          35.20824675945
        ]
      },
      "properties": {
        "id": "MTM6MTEw",
        "city": "شهرستان کبودرآهنگ",
        "date": "1749772800-1749889800",
        "name": "3rd Tactical Fighter Base",
        "type": "event",
        "name:fa": "پایگاه سوم شکاری",
        "accurate": "yes",
        "province": "استان همدان",
        "geolocates": "https://x.com/osc_london/status/1934622671318229217",
        "name:en": "3rd Tactical Air Base",
        "city:en": "Kabudarahang County",
        "province:en": "Hamadan",
        "name:ar": "القاعدة الجوية الثالثة",
        "city:ar": "مقاطعة كبودرآهنغ",
        "province:ar": "همدان",
        "name:he": "בסיס הטיסה השלישי",
        "city:he": "נפת כאבודראחנג'",
        "province:he": "המדאן",
        "name:tr": "3. Avcı Hava Üssü",
        "city:tr": "Kabudarahang",
        "province:tr": "Hemedan",
        "name:ckb": "بنکەی سێیەمی شکاری",
        "city:ckb": "شارستانی کەبوودەرئاهەنگ",
        "province:ckb": "ھەمەدان",
        "publicId": "MTM6MTEw",
        "sourceId": "110",
        "layerId": 13,
        "status": "active",
        "urgency": null,
        "verificationTag": null,
        "expirationDate": null,
        "createdAt": "2026-10-07T04:26:23.359Z",
        "updatedAt": "2026-10-07T04:26:23.359Z"
      }
    },
    {
      "type": "Feature",
      "id": 95509,
      "geometry": {
        "type": "Point",
        "coordinates": [
          48.04365008801,
          34.62388527244
        ]
      },
      "properties": {
        "id": "MTM6NTQ5",
        "city": "شهرستان اسدآباد",
        "date": "1749897000",
        "type": "event",
        "sources": "https://t.me/P_raetorio/27555",
        "province": "استان همدان",
        "geolocates": "https://x.com/Grimm_Intel/status/1933871168605339781",
        "city:en": "Asadabad County",
        "province:en": "Hamadan",
        "city:ar": "مقاطعة أسد آباد",
        "province:ar": "همدان",
        "city:he": "מחוז אסדאבאד",
        "province:he": "המדאן",
        "city:tr": "Esedabad Şehristanı",
        "province:tr": "Hemedan",
        "city:ckb": "شارستانی ئەسەدئاباد",
        "province:ckb": "ھەمەدان",
        "publicId": "MTM6NTQ5",
        "sourceId": "549",
        "layerId": 13,
        "status": "active",
        "urgency": null,
        "verificationTag": null,
        "expirationDate": null,
        "createdAt": "2026-10-07T04:26:23.359Z",
        "updatedAt": "2026-10-07T04:26:23.359Z"
      }
    },
    {
      "type": "Feature",
      "id": 95510,
      "geometry": {
        "type": "Point",
        "coordinates": [
          50.78239201963,
          34.92344890989
        ]
      },
      "properties": {
        "id": "MTM6NDQy",
        "city": "شهرستان قم",
        "date": "1750237200-1750669200",
        "name": "Qom Missile Base",
        "type": "event",
        "name:fa": "مجموعه کوشک نصرت",
        "accurate": "yes",
        "province": "استان قم",
        "geolocates": "https://x.com/BenTzionMacales/status/1941150443872403501",
        "name:en": "Kushk-e Nosrat Complex",
        "city:en": "Qom County",
        "province:en": "Qom",
        "name:ar": "مجمع كوشك نصرت",
        "city:ar": "مقاطعة قم",
        "province:ar": "قم",
        "name:he": "מתחם כושכ נסרת",
        "city:he": "נפת קום",
        "province:he": "קום",
        "name:tr": "Kuşk-ı Nusret Kompleksi",
        "city:tr": "Kum",
        "province:tr": "Kum",
        "name:ckb": "کۆمەڵگەی کۆشکی نوسرەت",
        "city:ckb": "شارستانی قم",
        "province:ckb": "قوم",
        "publicId": "MTM6NDQy",
        "sourceId": "442",
        "layerId": 13,
        "status": "active",
        "urgency": null,
        "verificationTag": null,
        "expirationDate": null,
        "createdAt": "2026-10-07T04:26:23.359Z",
        "updatedAt": "2026-10-07T04:26:23.359Z"
      }
    },
    {
      "type": "Feature",
      "id": 95511,
      "geometry": {
        "type": "Point",
        "coordinates": [
          48.18728774518,
          33.55057797026
        ]
      },
      "properties": {
        "id": "MTM6Mzc1",
        "city": "شهرستان چگنی",
        "date": "1749943800",
        "type": "event",
        "name:fa": "پایگاه موشکی خرم‌آباد",
        "sources": "https://t.me/P_raetorio/27657",
        "province": "استان لرستان",
        "geolocates": "https://x.com/BenTzionMacales/status/1941149999192216043",
        "unofficial_name": "KhoramAbad Missile Base",
        "unofficial_name:fa": "پایگاه موشکی خرم‌آباد",
        "name:en": "Khorramabad Missile Base",
        "city:en": "Chegeni County",
        "province:en": "Lorestan",
        "name:ar": "قاعدة خرم أباد الصاروخية",
        "city:ar": "مقاطعة تشغني",
        "province:ar": "لرستان",
        "name:he": "בסיס הטילים ח'ורמאבאד",
        "province:he": "לורסתאן",
        "name:tr": "Hürremabad Füze Üssü",
        "city:tr": "Çegeni",
        "province:tr": "Luristan",
        "name:ckb": "بنکەی مووشەکیی خۆڕەماوا",
        "city:ckb": "شارستانی چەگەنی",
        "province:ckb": "لوڕستان",
        "publicId": "MTM6Mzc1",
        "sourceId": "375",
        "layerId": 13,
        "status": "active",
        "urgency": null,
        "verificationTag": null,
        "expirationDate": null,
        "createdAt": "2026-10-07T04:26:23.359Z",
        "updatedAt": "2026-10-07T04:26:23.359Z"
      }
    },
    {
      "type": "Feature",
      "id": 95512,
      "geometry": {
        "type": "Point",
        "coordinates": [
          50.99218367457,
          28.97742553759
        ]
      },
      "properties": {
        "id": "MTM6MzE2",
        "city": "شهرستان بوشهر",
        "date": "1750590000",
        "type": "event",
        "name:fa": "پایگاه هوافضا سپاه",
        "province": "استان بوشهر",
        "unofficial_name": "IRGC Aerospace Force",
        "unofficial_name:fa": "پایگاه هوافضا سپاه",
        "name:en": "IRGC Aerospace Base",
        "city:en": "Bushehr County",
        "province:en": "Bushehr",
        "name:ar": "قاعدة الفضاء الجوي للحرس الثوري",
        "city:ar": "مقاطعة بوشهر",
        "province:ar": "بوشهر",
        "name:he": "בסיס התעופה והחלל של משמרות המהפכה",
        "city:he": "נפת בושהר",
        "province:he": "בושהר",
        "name:tr": "Sepah Havacılık ve Uzay Üssü",
        "city:tr": "Buşehr",
        "province:tr": "Buşehr",
        "name:ckb": "بنکەی هەوافەزای سوپا",
        "city:ckb": "شارستانی بوشەهر",
        "province:ckb": "بووشەھر",
        "publicId": "MTM6MzE2",
        "sourceId": "316",
        "layerId": 13,
        "status": "active",
        "urgency": null,
        "verificationTag": null,
        "expirationDate": null,
        "createdAt": "2026-10-07T04:26:23.359Z",
        "updatedAt": "2026-10-07T04:26:23.359Z"
      }
    },
    {
      "type": "Feature",
      "id": 95513,
      "geometry": {
        "type": "Point",
        "coordinates": [
          51.82563185155,
          32.5778148185
        ]
      },
      "properties": {
        "id": "MTM6MjU3",
        "city": "اصفهان",
        "date": "1750549800",
        "type": "event",
        "name:fa": "مجتمع هسته‌ای اصفهان",
        "accurate": "yes",
        "province": "استان اصفهان",
        "geolocates": "https://isis-online.org/isis-reports/post-attack-assessment-of-the-first-12-days-of-israeli-strikes-on-iranian-nuclear-facilities, https://x.com/detresfa_/status/1936827158351184078",
        "unofficial_name": "Isfahan Nuclear Complex",
        "unofficial_name:fa": "مجتمع هسته‌ای اصفهان",
        "name:en": "Isfahan Nuclear Complex",
        "city:en": "Isfahan",
        "province:en": "Isfahan",
        "name:ar": "مجمع أصفهان النووي",
        "city:ar": "أصفهان",
        "province:ar": "أصفهان",
        "name:he": "המתחם הגרעיני אספהאן",
        "city:he": "אספהאן",
        "province:he": "אספהאן",
        "name:tr": "İsfahan Nükleer Kompleksi",
        "city:tr": "İsfahan",
        "province:tr": "İsfahan",
        "name:ckb": "کۆمەڵگەی ئەتۆمیی ئەسفەهان",
        "city:ckb": "ئەسفەهان",
        "province:ckb": "ئەسفەھان",
        "publicId": "MTM6MjU3",
        "sourceId": "257",
        "layerId": 13,
        "status": "active",
        "urgency": null,
        "verificationTag": null,
        "expirationDate": null,
        "createdAt": "2026-10-07T04:26:23.359Z",
        "updatedAt": "2026-10-07T04:26:23.359Z"
      }
    },
    {
      "type": "Feature",
      "id": 95514,
      "geometry": {
        "type": "Point",
        "coordinates": [
          51.20539247721,
          35.76980175261
        ]
      },
      "properties": {
        "id": "MTM6MTgy",
        "city": "شهرستان تهران",
        "date": "1750080000",
        "type": "event",
        "sources": "https://t.me/VahidOnline/65667",
        "accurate": "yes",
        "province": "استان تهران",
        "city:en": "Tehran County",
        "province:en": "Tehran",
        "city:ar": "مقاطعة طهران",
        "province:ar": "طهران",
        "city:he": "נפת טהראן",
        "province:he": "טהראן",
        "city:tr": "Tahran Şehristanı",
        "province:tr": "Tahran",
        "city:ckb": "شارستانی تاران",
        "province:ckb": "تاران",
        "publicId": "MTM6MTgy",
        "sourceId": "182",
        "layerId": 13,
        "status": "active",
        "urgency": null,
        "verificationTag": null,
        "expirationDate": null,
        "createdAt": "2026-10-07T04:26:23.359Z",
        "updatedAt": "2026-10-07T04:26:23.359Z"
      }
    },
    {
      "type": "Feature",
      "id": 95515,
      "geometry": {
        "type": "Point",
        "coordinates": [
          46.25542401999,
          38.12828831513
        ]
      },
      "properties": {
        "id": "MTM6MTI0",
        "city": "تبریز",
        "date": "1749772800-1749889800",
        "type": "event",
        "name:fa": "پایگاه هوایی تبریز",
        "accurate": "yes",
        "province": "استان آذربایجان شرقی",
        "geolocates": "https://x.com/osc_london/status/1934622671318229217, https://x.com/bradyafr/status/1934260300603129942",
        "name:en": "Tabriz Air Base",
        "city:en": "Tabriz",
        "province:en": "East Azerbaijan",
        "name:ar": "قاعدة تبريز الجوية",
        "city:ar": "تبريز",
        "province:ar": "أذربيجان الشرقية",
        "name:he": "בסיס חיל האוויר תבריז",
        "province:he": "אזרבייג'ן המזרחית",
        "name:tr": "Tebriz Hava Üssü",
        "city:tr": "Tebriz",
        "province:tr": "Doğu Azerbaycan",
        "name:ckb": "بنکەی ئاسمانیی تەورێز",
        "city:ckb": "تەورێز",
        "province:ckb": "ئازەربایجانی ڕۆژھەڵات",
        "publicId": "MTM6MTI0",
        "sourceId": "124",
        "layerId": 13,
        "status": "active",
        "urgency": null,
        "verificationTag": null,
        "expirationDate": null,
        "createdAt": "2026-10-07T04:26:23.359Z",
        "updatedAt": "2026-10-07T04:26:23.359Z"
      }
    },
    {
      "type": "Feature",
      "id": 95516,
      "geometry": {
        "type": "Point",
        "coordinates": [
          51.62972062558,
          35.6736788755
        ]
      },
      "properties": {
        "id": "MTM6NTU1",
        "city": "شهرستان تهران",
        "date": "1749772800-1750755600",
        "name": "Khojir Complex",
        "type": "event",
        "name:fa": "تاسیسات نظامی خجیر",
        "accurate": "yes",
        "province": "استان تهران",
        "geolocates": "https://x.com/BenTzionMacales/status/1941161003850367168",
        "name:en": "Khojir Military Facility",
        "city:en": "Tehran County",
        "province:en": "Tehran",
        "name:ar": "منشآت خجير العسكرية",
        "city:ar": "مقاطعة طهران",
        "province:ar": "طهران",
        "name:he": "המתקן הצבאי ח'ג'יר",
        "city:he": "נפת טהראן",
        "province:he": "טהראן",
        "name:tr": "Hocir Askeri Tesisleri",
        "city:tr": "Tahran",
        "province:tr": "Tahran",
        "name:ckb": "دامەزراوەی سەربازیی خوجێر",
        "city:ckb": "شارستانی تاران",
        "province:ckb": "تاران",
        "publicId": "MTM6NTU1",
        "sourceId": "555",
        "layerId": 13,
        "status": "active",
        "urgency": null,
        "verificationTag": null,
        "expirationDate": null,
        "createdAt": "2026-10-07T04:26:23.359Z",
        "updatedAt": "2026-10-07T04:26:23.359Z"
      }
    },
    {
      "type": "Feature",
      "id": 95517,
      "geometry": {
        "type": "Point",
        "coordinates": [
          50.72319029689,
          34.92234931167
        ]
      },
      "properties": {
        "id": "MTM6NDQ4",
        "city": "شهرستان قم",
        "date": "1750237200-1750669200",
        "name": "Qom Missile Base",
        "type": "event",
        "name:fa": "مجموعه کوشک نصرت",
        "province": "استان قم",
        "geolocates": "https://x.com/BenTzionMacales/status/1941150522523688971",
        "name:en": "Kushk-e Nosrat Complex",
        "city:en": "Qom County",
        "province:en": "Qom",
        "name:ar": "مجمع كوشك نصرت",
        "city:ar": "مقاطعة قم",
        "province:ar": "قم",
        "name:he": "מתחם כושכ נסרת",
        "city:he": "נפת קום",
        "province:he": "קום",
        "name:tr": "Kuşk-ı Nusret Kompleksi",
        "city:tr": "Kum",
        "province:tr": "Kum",
        "name:ckb": "کۆمەڵگەی کۆشکی نوسرەت",
        "city:ckb": "شارستانی قم",
        "province:ckb": "قوم",
        "publicId": "MTM6NDQ4",
        "sourceId": "448",
        "layerId": 13,
        "status": "active",
        "urgency": null,
        "verificationTag": null,
        "expirationDate": null,
        "createdAt": "2026-10-07T04:26:23.359Z",
        "updatedAt": "2026-10-07T04:26:23.359Z"
      }
    },
    {
      "type": "Feature",
      "id": 95518,
      "geometry": {
        "type": "Point",
        "coordinates": [
          51.66851341188,
          32.3358207213
        ]
      },
      "properties": {
        "id": "MTM6NDk3",
        "city": "شهرستان مبارکه",
        "date": "1750149000-1750408200",
        "type": "event",
        "name:fa": "پایگاه موشکی مبارکه",
        "accurate": "yes",
        "province": "استان اصفهان",
        "geolocates": "https://x.com/BenTzionMacales/status/1941153583493251327",
        "unofficial_name": "Mobarakeh Missile Base",
        "unofficial_name:fa": "پایگاه موشکی مبارکه",
        "name:en": "Mobarakeh Missile Base",
        "city:en": "Mobarakeh County",
        "province:en": "Isfahan",
        "name:ar": "قاعدة مباركة الصاروخية",
        "city:ar": "مقاطعة مباركة",
        "province:ar": "أصفهان",
        "name:he": "בסיס הטילים מבארכה",
        "city:he": "נפת מבארכה",
        "province:he": "אספהאן",
        "name:tr": "Mübareke Füze Üssü",
        "city:tr": "Mübareke",
        "province:tr": "İsfahan",
        "name:ckb": "بنکەی مووشەکیی موبارەکە",
        "city:ckb": "شارستانی موبارەکە",
        "province:ckb": "ئەسفەھان",
        "publicId": "MTM6NDk3",
        "sourceId": "497",
        "layerId": 13,
        "status": "active",
        "urgency": null,
        "verificationTag": null,
        "expirationDate": null,
        "createdAt": "2026-10-07T04:26:23.359Z",
        "updatedAt": "2026-10-07T04:26:23.359Z"
      }
    },
    {
      "type": "Feature",
      "id": 95519,
      "geometry": {
        "type": "Point",
        "coordinates": [
          48.43227266729,
          36.74718482293
        ]
      },
      "properties": {
        "id": "MTM6Mzg5",
        "city": "شهرستان زنجان",
        "date": "1749772800-1750235400",
        "name": "IRGC Zanjan Garrison",
        "type": "event",
        "name:fa": "سپاه انصارالمهدی",
        "accurate": "yes",
        "province": "استان زنجان",
        "geolocates": "https://x.com/BenTzionMacales/status/1941150144055177456",
        "name:en": "Ansar al-Mahdi Corps",
        "city:en": "Zanjan County",
        "province:en": "Zanjan",
        "name:ar": "فيلق أنصار المهدي للحرس الثوري",
        "city:ar": "مقاطعة زنجان",
        "province:ar": "زنجان",
        "name:he": "קורפוס אנסאר אל-מהדי",
        "city:he": "נפת זנג'אן",
        "province:he": "זנג'אן",
        "name:tr": "Sepah Ensarülmehdi Birliği",
        "city:tr": "Zencan",
        "province:tr": "Zencan",
        "name:ckb": "سوپای ئەنسارولمەهدی",
        "city:ckb": "شارستانی زەنجان",
        "province:ckb": "زەنجان",
        "publicId": "MTM6Mzg5",
        "sourceId": "389",
        "layerId": 13,
        "status": "active",
        "urgency": null,
        "verificationTag": null,
        "expirationDate": null,
        "createdAt": "2026-10-07T04:26:23.359Z",
        "updatedAt": "2026-10-07T04:26:23.359Z"
      }
    },
    {
      "type": "Feature",
      "id": 95520,
      "geometry": {
        "type": "Point",
        "coordinates": [
          46.16320967138,
          37.9809888316
        ]
      },
      "properties": {
        "id": "MTM6MzMw",
        "city": "شهرستان تبریز",
        "date": "1749772800-1750494600",
        "name": "Tabriz Missile Base",
        "type": "event",
        "name:fa": "پایگاه موشکی تبریز",
        "accurate": "yes",
        "province": "استان آذربایجان شرقی",
        "geolocates": "https://x.com/BenTzionMacales/status/1941149553354530939",
        "name:en": "Tabriz Missile Base",
        "city:en": "Tabriz County",
        "province:en": "East Azerbaijan",
        "name:ar": "قاعدة تبريز الصاروخية",
        "city:ar": "مقاطعة تبريز",
        "province:ar": "أذربيجان الشرقية",
        "name:he": "בסיס הטילים תבריז",
        "province:he": "אזרבייג'ן המזרחית",
        "name:tr": "Tebriz Füze Üssü",
        "city:tr": "Tebriz",
        "province:tr": "Doğu Azerbaycan",
        "name:ckb": "بنکەی مووشەکیی تەورێز",
        "city:ckb": "شارستانی تەورێز",
        "province:ckb": "ئازەربایجانی ڕۆژھەڵات",
        "publicId": "MTM6MzMw",
        "sourceId": "330",
        "layerId": 13,
        "status": "active",
        "urgency": null,
        "verificationTag": null,
        "expirationDate": null,
        "createdAt": "2026-10-07T04:26:23.359Z",
        "updatedAt": "2026-10-07T04:26:23.359Z"
      }
    },
    {
      "type": "Feature",
      "id": 95521,
      "geometry": {
        "type": "Point",
        "coordinates": [
          50.9999003993,
          34.88258987705
        ]
      },
      "properties": {
        "id": "MTM6MjYz",
        "city": "شهرستان قم",
        "date": "1750545000",
        "name": "Natanz Nuclear Complex",
        "type": "event",
        "name:fa": "مجتمع هسته‌ای فوردو",
        "accurate": "yes",
        "province": "استان قم",
        "geolocates": "https://isis-online.org/isis-reports/post-attack-assessment-of-the-first-12-days-of-israeli-strikes-on-iranian-nuclear-facilities, https://x.com/detresfa_/status/1937740428301746589",
        "name:en": "Fordow Nuclear Complex",
        "city:en": "Qom County",
        "province:en": "Qom",
        "name:ar": "مجمع فوردو النووي",
        "city:ar": "مقاطعة قم",
        "province:ar": "قم",
        "name:he": "המתחם הגרעיני פורדו",
        "city:he": "נפת קום",
        "province:he": "קום",
        "name:tr": "Fordo Nükleer Kompleksi",
        "city:tr": "Kum",
        "province:tr": "Kum",
        "name:ckb": "کۆمەڵگەی ئەتۆمیی فۆردۆ",
        "city:ckb": "شارستانی قم",
        "province:ckb": "قوم",
        "publicId": "MTM6MjYz",
        "sourceId": "263",
        "layerId": 13,
        "status": "active",
        "urgency": null,
        "verificationTag": null,
        "expirationDate": null,
        "createdAt": "2026-10-07T04:26:23.359Z",
        "updatedAt": "2026-10-07T04:26:23.359Z"
      }
    },
    {
      "type": "Feature",
      "id": 95522,
      "geometry": {
        "type": "Point",
        "coordinates": [
          51.82520270079,
          32.57709607205
        ]
      },
      "properties": {
        "id": "MTM6MTMw",
        "city": "اصفهان",
        "date": "1750549800",
        "type": "event",
        "name:fa": "مجتمع هسته‌ای اصفهان",
        "accurate": "yes",
        "province": "استان اصفهان",
        "geolocates": "https://isis-online.org/isis-reports/post-attack-assessment-of-the-first-12-days-of-israeli-strikes-on-iranian-nuclear-facilities, https://x.com/detresfa_/status/1936827158351184078",
        "unofficial_name": "Isfahan Nuclear Complex",
        "unofficial_name:fa": "مجتمع هسته‌ای اصفهان",
        "name:en": "Isfahan Nuclear Complex",
        "city:en": "Isfahan",
        "province:en": "Isfahan",
        "name:ar": "مجمع أصفهان النووي",
        "city:ar": "أصفهان",
        "province:ar": "أصفهان",
        "name:he": "המתחם הגרעיני אספהאן",
        "city:he": "אספהאן",
        "province:he": "אספהאן",
        "name:tr": "İsfahan Nükleer Kompleksi",
        "city:tr": "İsfahan",
        "province:tr": "İsfahan",
        "name:ckb": "کۆمەڵگەی ئەتۆمیی ئەسفەهان",
        "city:ckb": "ئەسفەهان",
        "province:ckb": "ئەسفەھان",
        "publicId": "MTM6MTMw",
        "sourceId": "130",
        "layerId": 13,
        "status": "active",
        "urgency": null,
        "verificationTag": null,
        "expirationDate": null,
        "createdAt": "2026-10-07T04:26:23.359Z",
        "updatedAt": "2026-10-07T04:26:23.359Z"
      }
    },
    {
      "type": "Feature",
      "id": 95523,
      "geometry": {
        "type": "Point",
        "coordinates": [
          48.60218524396,
          33.94465496897
        ]
      },
      "properties": {
        "id": "MTM6NzI",
        "city": "شهرستان بروجرد",
        "date": "1749825000",
        "type": "event",
        "name:fa": "پایگاه موشکی بروجرد",
        "sources": "https://t.me/jangaavaran1390/107615",
        "accurate": "yes",
        "province": "استان لرستان",
        "geolocates": "https://x.com/BenTzionMacales/status/1941150049326792718",
        "unofficial_name": "Borujerd Missile Base",
        "unofficial_name:fa": "پایگاه موشکی بروجرد",
        "name:en": "Borujerd Missile Base",
        "city:en": "Borujerd County",
        "province:en": "Lorestan",
        "name:ar": "قاعدة بروجرد الصاروخية",
        "city:ar": "مقاطعة بروجرد",
        "province:ar": "لرستان",
        "name:he": "בסיס הטילים בורוג'רד",
        "city:he": "נפת בורוג'רד",
        "province:he": "לורסתאן",
        "name:tr": "Borucerd Füze Üssü",
        "city:tr": "Borucerd",
        "province:tr": "Luristan",
        "name:ckb": "بنکەی مووشەکیی برۆجەرد",
        "city:ckb": "شارستانی برۆجەرد",
        "province:ckb": "لوڕستان",
        "publicId": "MTM6NzI",
        "sourceId": "72",
        "layerId": 13,
        "status": "active",
        "urgency": null,
        "verificationTag": null,
        "expirationDate": null,
        "createdAt": "2026-10-07T04:26:23.359Z",
        "updatedAt": "2026-10-07T04:26:23.359Z"
      }
    },
    {
      "type": "Feature",
      "id": 95524,
      "geometry": {
        "type": "Point",
        "coordinates": [
          51.40479862422,
          35.77017607005
        ]
      },
      "properties": {
        "id": "MTM6NTY5",
        "city": "تهران",
        "date": "1750701600",
        "name": "Intelligence Organization of FARAJA",
        "type": "event",
        "name:fa": "سازمان اطلاعات فراجا",
        "sources": "https://t.me/idfinfarsi/9722",
        "province": "استان تهران",
        "name:en": "FARAJA Intelligence Organization",
        "city:en": "Tehran",
        "province:en": "Tehran",
        "name:ar": "جهاز استخبارات قوى الأمن الداخلي",
        "city:ar": "طهران",
        "province:ar": "طهران",
        "name:he": "ארגון המודיעין של פראג'א",
        "city:he": "טהראן",
        "province:he": "טהראן",
        "name:tr": "FARAJA İstihbarat Teşkilatı",
        "city:tr": "Tahran",
        "province:tr": "Tahran",
        "name:ckb": "ڕێکخراوی زانیاریی فراجا",
        "city:ckb": "تاران",
        "province:ckb": "تاران",
        "publicId": "MTM6NTY5",
        "sourceId": "569",
        "layerId": 13,
        "status": "active",
        "urgency": null,
        "verificationTag": null,
        "expirationDate": null,
        "createdAt": "2026-10-07T04:26:23.359Z",
        "updatedAt": "2026-10-07T04:26:23.359Z"
      }
    },
    {
      "type": "Feature",
      "id": 95525,
      "geometry": {
        "type": "Point",
        "coordinates": [
          52.55922138155,
          29.72268647114
        ]
      },
      "properties": {
        "id": "MTM6NTAz",
        "city": "شهرستان شیراز",
        "date": "1750408200",
        "type": "event",
        "name:fa": "پایگاه هوافضا سپاه",
        "accurate": "yes",
        "province": "استان فارس",
        "unofficial_name": "IRGC Aerospace Force",
        "unofficial_name:fa": "پایگاه هوافضا سپاه",
        "name:en": "IRGC Aerospace Base",
        "city:en": "Shiraz County",
        "province:en": "Fars",
        "name:ar": "قاعدة الفضاء الجوي للحرس الثوري",
        "city:ar": "مقاطعة شيراز",
        "province:ar": "فارس",
        "name:he": "בסיס התעופה והחלל של משמרות המהפכה",
        "city:he": "נפת שיראז",
        "province:he": "פארס",
        "name:tr": "Sepah Havacılık ve Uzay Üssü",
        "city:tr": "Şiraz",
        "province:tr": "Fars",
        "name:ckb": "بنکەی هەوافەزای سوپا",
        "city:ckb": "شارستانی شیراز",
        "province:ckb": "فارس",
        "publicId": "MTM6NTAz",
        "sourceId": "503",
        "layerId": 13,
        "status": "active",
        "urgency": null,
        "verificationTag": null,
        "expirationDate": null,
        "createdAt": "2026-10-07T04:26:23.359Z",
        "updatedAt": "2026-10-07T04:26:23.359Z"
      }
    },
    {
      "type": "Feature",
      "id": 95526,
      "geometry": {
        "type": "Point",
        "coordinates": [
          50.13898104161,
          33.55695741895
        ]
      },
      "properties": {
        "id": "MTM6NDYy",
        "city": "شهرستان خمین",
        "date": "1750172400",
        "type": "event",
        "sources": "https://t.me/VahidOnline/65794, https://t.me/idfinfarsi/9564",
        "accurate": "yes",
        "province": "استان مرکزی",
        "geolocates": "https://x.com/BenTzionMacales/status/1941150617256484872",
        "city:en": "Khomein County",
        "province:en": "Markazi",
        "city:ar": "مقاطعة خمين",
        "province:ar": "المركزية",
        "city:he": "נפת ח'ומיין",
        "province:he": "מרכזי",
        "city:tr": "Humeyn Şehristanı",
        "province:tr": "Merkezi",
        "city:ckb": "شارستانی خومەین",
        "province:ckb": "مەرکەزی",
        "publicId": "MTM6NDYy",
        "sourceId": "462",
        "layerId": 13,
        "status": "active",
        "urgency": null,
        "verificationTag": null,
        "expirationDate": null,
        "createdAt": "2026-10-07T04:26:23.359Z",
        "updatedAt": "2026-10-07T04:26:23.359Z"
      }
    },
    {
      "type": "Feature",
      "id": 95527,
      "geometry": {
        "type": "Point",
        "coordinates": [
          49.22650693774,
          36.0863380425
        ]
      },
      "properties": {
        "id": "MTM6Mzk1",
        "city": "شهرستان ابهر",
        "date": "1750208400",
        "name": "Abhar Missile Base",
        "type": "event",
        "name:fa": "پادگان موشکی زین‌الدین سپاه",
        "accurate": "yes",
        "province": "استان زنجان",
        "geolocates": "https://x.com/BenTzionMacales/status/1941150191584940042",
        "name:en": "IRGC Zeinoddin Missile Barracks",
        "city:en": "Abhar County",
        "province:en": "Zanjan",
        "name:ar": "معسكر زين الدين الصاروخي للحرس الثوري",
        "city:ar": "مقاطعة أبهر",
        "province:ar": "زنجان",
        "name:he": "מחנה הטילים זין א-דין של משמרות המהפכה",
        "city:he": "נפת אבהר",
        "province:he": "זנג'אן",
        "name:tr": "Devrim Muhafızları Zeyneddin Füze Kışlası",
        "city:tr": "Ebher Şehristanı",
        "province:tr": "Zencan",
        "name:ckb": "پادگانی مووشەکیی زێنەدینی سوپا",
        "city:ckb": "شارستانی ئه‌بهەر",
        "province:ckb": "زەنجان",
        "publicId": "MTM6Mzk1",
        "sourceId": "395",
        "layerId": 13,
        "status": "active",
        "urgency": null,
        "verificationTag": null,
        "expirationDate": null,
        "createdAt": "2026-10-07T04:26:23.359Z",
        "updatedAt": "2026-10-07T04:26:23.359Z"
      }
    },
    {
      "type": "Feature",
      "id": 95528,
      "geometry": {
        "type": "Point",
        "coordinates": [
          47.36310928792,
          34.51176614951
        ]
      },
      "properties": {
        "id": "MTM6MzM2",
        "city": "شهرستان هرسین",
        "date": "1749789000",
        "type": "event",
        "name:fa": "پایگاه موشکی",
        "sources": "https://t.me/mamlekate/95154",
        "accurate": "yes",
        "province": "استان کرمانشاه",
        "geolocates": "https://x.com/BenTzionMacales/status/1941149664696562045",
        "unofficial_name": "IRGC Aerospace Force",
        "unofficial_name:fa": "پایگاه موشکی",
        "name:en": "Missile Base",
        "city:en": "Harsin County",
        "province:en": "Kermanshah",
        "name:ar": "قاعدة صاروخية",
        "city:ar": "مقاطعة هرسين",
        "province:ar": "كرمانشاه",
        "name:he": "בסיס טילים",
        "city:he": "נפת הרסין",
        "province:he": "כרמאנשאה",
        "name:tr": "Füze Üssü",
        "city:tr": "Harsin Şehristanı",
        "province:tr": "Kirmanşah",
        "name:ckb": "پایگای مووشەکی",
        "city:ckb": "شارستانی هەرسین",
        "province:ckb": "کرماشان",
        "publicId": "MTM6MzM2",
        "sourceId": "336",
        "layerId": 13,
        "status": "active",
        "urgency": null,
        "verificationTag": null,
        "expirationDate": null,
        "createdAt": "2026-10-07T04:26:23.359Z",
        "updatedAt": "2026-10-07T04:26:23.359Z"
      }
    },
    {
      "type": "Feature",
      "id": 95529,
      "geometry": {
        "type": "Point",
        "coordinates": [
          51.7127913183,
          32.46491957717
        ]
      },
      "properties": {
        "id": "MTM6Mjc3",
        "city": "شهرستان مبارکه",
        "date": "1750159800",
        "type": "event",
        "name:fa": "پایگاه موشکی اصفهان",
        "sources": "https://t.me/idfinfarsi/9564",
        "accurate": "yes",
        "province": "استان اصفهان",
        "geolocates": "https://x.com/BenTzionMacales/status/1941153026703774185",
        "unofficial_name": "Isfahan Missile Base",
        "unofficial_name:fa": "پایگاه موشکی اصفهان",
        "name:en": "Isfahan Missile Base",
        "city:en": "Mobarakeh County",
        "province:en": "Isfahan",
        "name:ar": "قاعدة أصفهان الصاروخية",
        "city:ar": "مقاطعة مباركة",
        "province:ar": "أصفهان",
        "name:he": "בסיס הטילים אספהאן",
        "city:he": "נפת מבארכה",
        "province:he": "אספהאן",
        "name:tr": "İsfahan Füze Üssü",
        "city:tr": "Mübareke Şehristanı",
        "province:tr": "İsfahan",
        "name:ckb": "پایگای مووشەکیی ئیسفەهان",
        "city:ckb": "شارستانی موبارەکە",
        "province:ckb": "ئەسفەھان",
        "publicId": "MTM6Mjc3",
        "sourceId": "277",
        "layerId": 13,
        "status": "active",
        "urgency": null,
        "verificationTag": null,
        "expirationDate": null,
        "createdAt": "2026-10-07T04:26:23.359Z",
        "updatedAt": "2026-10-07T04:26:23.359Z"
      }
    },
    {
      "type": "Feature",
      "id": 95530,
      "geometry": {
        "type": "Point",
        "coordinates": [
          46.17759704322,
          37.96853750072
        ]
      },
      "properties": {
        "id": "MTM6MjAx",
        "city": "شهرستان تبریز",
        "date": "1749772800",
        "name": "Tabriz Missile Base",
        "type": "event",
        "name:fa": "پایگاه موشکی تبریز",
        "accurate": "yes",
        "province": "استان آذربایجان شرقی",
        "geolocates": "https://x.com/dex_eve/status/1933579131192795593, https://x.com/CSBiggers/status/1933894646037385380, https://x.com/BenTzionMacales/status/1941149553354530939",
        "name:en": "Tabriz Missile Base",
        "city:en": "Tabriz County",
        "province:en": "East Azerbaijan",
        "name:ar": "قاعدة تبريز الصاروخية",
        "city:ar": "مقاطعة تبريز",
        "province:ar": "أذربيجان الشرقية",
        "name:he": "בסיס הטילים תבריז",
        "city:he": "נפת תבריז",
        "province:he": "אזרבייג'ן המזרחית",
        "name:tr": "Tebriz Füze Üssü",
        "city:tr": "Tebriz Şehristanı",
        "province:tr": "Doğu Azerbaycan",
        "name:ckb": "پایگای مووشەکیی تەورێز",
        "city:ckb": "شارستانی تەورێز",
        "province:ckb": "ئازەربایجانی ڕۆژھەڵات",
        "publicId": "MTM6MjAx",
        "sourceId": "201",
        "layerId": 13,
        "status": "active",
        "urgency": null,
        "verificationTag": null,
        "expirationDate": null,
        "createdAt": "2026-10-07T04:26:23.359Z",
        "updatedAt": "2026-10-07T04:26:23.359Z"
      }
    },
    {
      "type": "Feature",
      "id": 95531,
      "geometry": {
        "type": "Point",
        "coordinates": [
          51.82562648982,
          32.57868498624
        ]
      },
      "properties": {
        "id": "MTM6MTQ0",
        "city": "اصفهان",
        "date": "1750549800",
        "type": "event",
        "name:fa": "مجتمع هسته‌ای اصفهان",
        "accurate": "yes",
        "province": "استان اصفهان",
        "geolocates": "https://isis-online.org/isis-reports/post-attack-assessment-of-the-first-12-days-of-israeli-strikes-on-iranian-nuclear-facilities, https://x.com/detresfa_/status/1936827158351184078",
        "unofficial_name": "Isfahan Nuclear Complex",
        "unofficial_name:fa": "مجتمع هسته‌ای اصفهان",
        "name:en": "Isfahan Nuclear Complex",
        "city:en": "Isfahan",
        "province:en": "Isfahan",
        "name:ar": "مجمع أصفهان النووي",
        "city:ar": "أصفهان",
        "province:ar": "أصفهان",
        "name:he": "המתחם הגרעיני אספהאן",
        "city:he": "אספהאן",
        "province:he": "אספהאן",
        "name:tr": "İsfahan Nükleer Kompleksi",
        "city:tr": "İsfahan",
        "province:tr": "İsfahan",
        "name:ckb": "کۆمەڵگەی ئەتۆمیی ئیسفەهان",
        "city:ckb": "ئیسفەهان",
        "province:ckb": "ئەسفەھان",
        "publicId": "MTM6MTQ0",
        "sourceId": "144",
        "layerId": 13,
        "status": "active",
        "urgency": null,
        "verificationTag": null,
        "expirationDate": null,
        "createdAt": "2026-10-07T04:26:23.359Z",
        "updatedAt": "2026-10-07T04:26:23.359Z"
      }
    },
    {
      "type": "Feature",
      "id": 95532,
      "geometry": {
        "type": "Point",
        "coordinates": [
          50.09911536098,
          33.5927621073
        ]
      },
      "properties": {
        "id": "MTM6ODY",
        "city": "شهرستان خمین",
        "date": "1750172400",
        "type": "event",
        "sources": "https://t.me/VahidOnline/65794, https://t.me/idfinfarsi/9564",
        "accurate": "yes",
        "province": "استان مرکزی",
        "geolocates": "https://x.com/BenTzionMacales/status/1941150617256484872",
        "city:en": "Khomein County",
        "province:en": "Markazi",
        "city:ar": "مقاطعة خمين",
        "province:ar": "المركزية",
        "city:he": "נפת ח'ומיין",
        "province:he": "מרכזי",
        "city:tr": "Humeyn Şehristanı",
        "province:tr": "Merkezi",
        "city:ckb": "شارستانی خومەین",
        "province:ckb": "مەرکەزی",
        "publicId": "MTM6ODY",
        "sourceId": "86",
        "layerId": 13,
        "status": "active",
        "urgency": null,
        "verificationTag": null,
        "expirationDate": null,
        "createdAt": "2026-10-07T04:26:23.359Z",
        "updatedAt": "2026-10-07T04:26:23.359Z"
      }
    },
    {
      "type": "Feature",
      "id": 95533,
      "geometry": {
        "type": "Point",
        "coordinates": [
          51.38761170074,
          35.79785272249
        ]
      },
      "properties": {
        "id": "MTM6NTc1",
        "city": "تجریش",
        "date": "1750667400",
        "name": "Evin Prison",
        "type": "event",
        "mission": "destroyed gate",
        "name:fa": "زندان اوین",
        "accurate": "yes",
        "province": "استان تهران",
        "geolocates": "https://x.com/vahuburz/status/1942002550749765949, https://x.com/ForensicArchi/status/1941082889103286542",
        "name:en": "Evin Prison",
        "city:en": "Tajrish",
        "province:en": "Tehran",
        "name:ar": "سجن إيفين",
        "city:ar": "تجريش",
        "province:ar": "طهران",
        "name:he": "כלא אווין",
        "city:he": "תג'ריש",
        "province:he": "טהראן",
        "name:tr": "Evin Cezaevi",
        "city:tr": "Tecriş",
        "province:tr": "Tahran",
        "name:ckb": "بەندیخانەی ئەوین",
        "city:ckb": "تەجریش",
        "province:ckb": "تاران",
        "publicId": "MTM6NTc1",
        "sourceId": "575",
        "layerId": 13,
        "status": "active",
        "urgency": null,
        "verificationTag": null,
        "expirationDate": null,
        "createdAt": "2026-10-07T04:26:23.359Z",
        "updatedAt": "2026-10-07T04:26:23.359Z"
      }
    },
    {
      "type": "Feature",
      "id": 95534,
      "geometry": {
        "type": "Point",
        "coordinates": [
          51.41987532109,
          32.70391478712
        ]
      },
      "properties": {
        "id": "MTM6NDY4",
        "city": "شهرستان نجف آباد",
        "date": "1750159800",
        "type": "event",
        "name:fa": "پایگاه موشکی اصفهان",
        "sources": "https://t.me/idfinfarsi/9564",
        "accurate": "yes",
        "province": "استان اصفهان",
        "geolocates": "https://x.com/BenTzionMacales/status/1941151953859301583",
        "unofficial_name": "Isfahan Missile Base",
        "unofficial_name:fa": "پایگاه موشکی اصفهان",
        "name:en": "Isfahan Missile Base",
        "city:en": "Najafabad County",
        "province:en": "Isfahan",
        "name:ar": "قاعدة أصفهان الصاروخية",
        "city:ar": "مقاطعة نجف أباد",
        "province:ar": "أصفهان",
        "name:he": "בסיס הטילים אספהאן",
        "city:he": "נפת נג'פבאד",
        "province:he": "אספהאן",
        "name:tr": "İsfahan Füze Üssü",
        "city:tr": "Necefabad Şehristanı",
        "province:tr": "İsfahan",
        "name:ckb": "پایگای مووشەکیی ئیسفەهان",
        "city:ckb": "شارستانی نەجەفئاباد",
        "province:ckb": "ئەسفەھان",
        "publicId": "MTM6NDY4",
        "sourceId": "468",
        "layerId": 13,
        "status": "active",
        "urgency": null,
        "verificationTag": null,
        "expirationDate": null,
        "createdAt": "2026-10-07T04:26:23.359Z",
        "updatedAt": "2026-10-07T04:26:23.359Z"
      }
    },
    {
      "type": "Feature",
      "id": 95535,
      "geometry": {
        "type": "Point",
        "coordinates": [
          47.23148792714,
          34.36333430048
        ]
      },
      "properties": {
        "id": "MTM6NTE3",
        "city": "شهرستان کرمانشاه",
        "date": "1749772800-1750064400",
        "type": "event",
        "name:fa": "پایگاه موشکی کرمانشاه",
        "accurate": "yes",
        "province": "استان کرمانشاه",
        "geolocates": "https://x.com/detresfa_/status/1934508002079637523, https://x.com/BenTzionMacales/status/1941149607251345610, https://x.com/Shayan86/status/1934437475398619365",
        "unofficial_name": "Kermanshah Missile Base",
        "unofficial_name:fa": "پایگاه موشکی کرمانشاه",
        "name:en": "Kermanshah Missile Base",
        "city:en": "Kermanshah County",
        "province:en": "Kermanshah",
        "name:ar": "قاعدة كرمانشاه الصاروخية",
        "city:ar": "مقاطعة كرمانشاه",
        "province:ar": "كرمانشاه",
        "name:he": "בסיס הטילים כרמאנשאה",
        "city:he": "נפת כרמאנשאה",
        "province:he": "כרמאנשאה",
        "name:tr": "Kirmanşah Füze Üssü",
        "city:tr": "Kirmanşah Şehristanı",
        "province:tr": "Kirmanşah",
        "name:ckb": "پایگای مووشەکیی کرماشان",
        "city:ckb": "شارستانی کرماشان",
        "province:ckb": "کرماشان",
        "publicId": "MTM6NTE3",
        "sourceId": "517",
        "layerId": 13,
        "status": "active",
        "urgency": null,
        "verificationTag": null,
        "expirationDate": null,
        "createdAt": "2026-10-07T04:26:23.359Z",
        "updatedAt": "2026-10-07T04:26:23.359Z"
      }
    },
    {
      "type": "Feature",
      "id": 95536,
      "geometry": {
        "type": "Point",
        "coordinates": [
          50.43975189194,
          35.6775659312
        ]
      },
      "properties": {
        "id": "MTM6NDA5",
        "city": "شهرستان اشتهارد",
        "date": "1749772800-1750755600",
        "type": "event",
        "name:fa": "پایگاه موشکی اشتهارد",
        "accurate": "yes",
        "province": "استان البرز",
        "geolocates": "https://x.com/BenTzionMacales/status/1941150251714597345",
        "unofficial_name": "Eshtehard Missile Base",
        "unofficial_name:fa": "پایگاه موشکی اشتهارد",
        "name:en": "Eshtehard Missile Base",
        "city:en": "Eshtehard County",
        "province:en": "Alborz",
        "name:ar": "قاعدة اشتهارد الصاروخية",
        "city:ar": "مقاطعة اشتهارد",
        "province:ar": "ألبرز",
        "name:he": "בסיס הטילים אשתהארד",
        "city:he": "נפת אשתהארד",
        "province:he": "אלבורז",
        "name:tr": "İştihard Füze Üssü",
        "city:tr": "İştihard Şehristanı",
        "province:tr": "Elburz",
        "name:ckb": "پایگای مووشەکیی ئیشتەهارد",
        "city:ckb": "شارستانی ئیشتەهارد",
        "province:ckb": "ئەلبورز",
        "publicId": "MTM6NDA5",
        "sourceId": "409",
        "layerId": 13,
        "status": "active",
        "urgency": null,
        "verificationTag": null,
        "expirationDate": null,
        "createdAt": "2026-10-07T04:26:23.359Z",
        "updatedAt": "2026-10-07T04:26:23.359Z"
      }
    },
    {
      "type": "Feature",
      "id": 95537,
      "geometry": {
        "type": "Point",
        "coordinates": [
          47.01479494303,
          34.48032723158
        ]
      },
      "properties": {
        "id": "MTM6MzUw",
        "city": "شهرستان کرمانشاه",
        "date": "1749772800-1750667400",
        "type": "event",
        "name:fa": "پایگاه موشکی قزانچی",
        "province": "استان کرمانشاه",
        "geolocates": "https://x.com/BenTzionMacales/status/1941149790718534109",
        "unofficial_name": "Ghazanchi Missile Base",
        "unofficial_name:fa": "پایگاه موشکی قزانچی",
        "name:en": "Qazanchi Missile Base",
        "city:en": "Kermanshah County",
        "province:en": "Kermanshah",
        "name:ar": "قاعدة قزانتشي الصاروخية",
        "city:ar": "مقاطعة كرمانشاه",
        "province:ar": "كرمانشاه",
        "name:he": "בסיס הטילים קזאנצ'י",
        "city:he": "נפת כרמאנשאה",
        "province:he": "כרמאנשאה",
        "name:tr": "Kazancı Füze Üssü",
        "city:tr": "Kirmanşah Şehristanı",
        "province:tr": "Kirmanşah",
        "name:ckb": "پایگای مووشەکیی قەزانچی",
        "city:ckb": "شارستانی کرماشان",
        "province:ckb": "کرماشان",
        "publicId": "MTM6MzUw",
        "sourceId": "350",
        "layerId": 13,
        "status": "active",
        "urgency": null,
        "verificationTag": null,
        "expirationDate": null,
        "createdAt": "2026-10-07T04:26:23.359Z",
        "updatedAt": "2026-10-07T04:26:23.359Z"
      }
    },
    {
      "type": "Feature",
      "id": 95538,
      "geometry": {
        "type": "Point",
        "coordinates": [
          50.89856385112,
          35.62254996357
        ]
      },
      "properties": {
        "id": "MTM6Mjgz",
        "city": "شهرستان ملارد",
        "date": "1749772800-1750410000",
        "type": "event",
        "name:fa": "مجموعه موشکی بیدگنه",
        "accurate": "yes",
        "province": "استان تهران",
        "geolocates": "https://x.com/BenTzionMacales/status/1941150328868741171",
        "unofficial_name": "Bidkaneh Missile Base",
        "unofficial_name:fa": "مجموعه موشکی بیدگنه",
        "name:en": "Bidganeh Missile Complex",
        "city:en": "Malard County",
        "province:en": "Tehran",
        "name:ar": "مجمع بيدغنه الصاروخي",
        "city:ar": "مقاطعة ملارد",
        "province:ar": "طهران",
        "name:he": "מתחם הטילים בידגנה",
        "city:he": "מחוז מלארד",
        "province:he": "טהראן",
        "name:tr": "Bidgene Füze Kompleksi",
        "city:tr": "Malard Şehristanı",
        "province:tr": "Tahran",
        "name:ckb": "کۆمەڵگەی مووشەکیی بێدگەنە",
        "city:ckb": "شارستانی مەلارد",
        "province:ckb": "تاران",
        "publicId": "MTM6Mjgz",
        "sourceId": "283",
        "layerId": 13,
        "status": "active",
        "urgency": null,
        "verificationTag": null,
        "expirationDate": null,
        "createdAt": "2026-10-07T04:26:23.359Z",
        "updatedAt": "2026-10-07T04:26:23.359Z"
      }
    },
    {
      "type": "Feature",
      "id": 95539,
      "geometry": {
        "type": "Point",
        "coordinates": [
          48.18808972567,
          33.5570736484
        ]
      },
      "properties": {
        "id": "MTM6MjE0",
        "city": "شهرستان چگنی",
        "date": "1749943800",
        "type": "event",
        "name:fa": "پایگاه موشکی خرم‌آباد",
        "sources": "https://t.me/P_raetorio/27657",
        "accurate": "yes",
        "province": "استان لرستان",
        "geolocates": "https://x.com/BenTzionMacales/status/1941149999192216043",
        "unofficial_name": "KhoramAbad Missile Base",
        "unofficial_name:fa": "پایگاه موشکی خرم‌آباد",
        "name:en": "Khorramabad Missile Base",
        "city:en": "Chegeni County",
        "province:en": "Lorestan",
        "name:ar": "قاعدة خرم أباد الصاروخية",
        "city:ar": "مقاطعة تشغني",
        "province:ar": "لرستان",
        "name:he": "בסיס הטילים ח'ורמאבאד",
        "city:he": "נפת צ'גני",
        "province:he": "לורסתאן",
        "name:tr": "Hürremabad Füze Üssü",
        "city:tr": "Çegeni Şehristanı",
        "province:tr": "Luristan",
        "name:ckb": "پایگای مووشەکیی خورەمئاوا",
        "city:ckb": "شارستانی چەگەنی",
        "province:ckb": "لوڕستان",
        "publicId": "MTM6MjE0",
        "sourceId": "214",
        "layerId": 13,
        "status": "active",
        "urgency": null,
        "verificationTag": null,
        "expirationDate": null,
        "createdAt": "2026-10-07T04:26:23.359Z",
        "updatedAt": "2026-10-07T04:26:23.359Z"
      }
    },
    {
      "type": "Feature",
      "id": 95540,
      "geometry": {
        "type": "Point",
        "coordinates": [
          51.08563720644,
          35.79189217199
        ]
      },
      "properties": {
        "id": "MTM6MTUw",
        "city": "شهرستان کرج",
        "date": "1749985200",
        "type": "event",
        "name:fa": "رادار تهران",
        "sources": "https://t.me/VahidOnline/65461",
        "province": "استان البرز",
        "unofficial_name": "Tehran Radar",
        "unofficial_name:fa": "رادار تهران",
        "name:en": "Tehran Radar",
        "city:en": "Karaj County",
        "province:en": "Alborz",
        "name:ar": "رادار طهران",
        "city:ar": "مقاطعة كرج",
        "province:ar": "ألبرز",
        "name:he": "מכ\"ם טהראן",
        "city:he": "נפת כרג'",
        "province:he": "אלבורז",
        "name:tr": "Tahran Radarı",
        "city:tr": "Kerec Şehristanı",
        "province:tr": "Elburz",
        "name:ckb": "ڕاداری تاران",
        "city:ckb": "شارستانی کەرەج",
        "province:ckb": "ئەلبورز",
        "publicId": "MTM6MTUw",
        "sourceId": "150",
        "layerId": 13,
        "status": "active",
        "urgency": null,
        "verificationTag": null,
        "expirationDate": null,
        "createdAt": "2026-10-07T04:26:23.359Z",
        "updatedAt": "2026-10-07T04:26:23.359Z"
      }
    },
    {
      "type": "Feature",
      "id": 95541,
      "geometry": {
        "type": "Point",
        "coordinates": [
          48.32561999291,
          32.60963946077
        ]
      },
      "properties": {
        "id": "MTM6OTI",
        "city": "شهرستان اندیمشک",
        "date": "1749772800-1750235400",
        "type": "event",
        "name:fa": "پایگاه موشکی دزفول",
        "accurate": "yes",
        "province": "استان خوزستان",
        "geolocates": "https://x.com/BenTzionMacales/status/1941150089520861475",
        "unofficial_name": "Dezful Missile Base",
        "unofficial_name:fa": "پایگاه موشکی دزفول",
        "name:en": "Dezful Missile Base",
        "city:en": "Andimeshk County",
        "province:en": "Khuzestan",
        "name:ar": "قاعدة دزفول الصاروخية",
        "city:ar": "مقاطعة أنديمشك",
        "province:ar": "خوزستان",
        "name:he": "בסיס הטילים דזפול",
        "city:he": "נפת אנדימשכ",
        "province:he": "ח'וזסתאן",
        "name:tr": "Dezful Füze Üssü",
        "city:tr": "Andımeşk Şehristanı",
        "province:tr": "Huzistan",
        "name:ckb": "پایگای مووشەکیی دێزفول",
        "city:ckb": "شارستانی ئەندیمەشک",
        "province:ckb": "خووزستان",
        "publicId": "MTM6OTI",
        "sourceId": "92",
        "layerId": 13,
        "status": "active",
        "urgency": null,
        "verificationTag": null,
        "expirationDate": null,
        "createdAt": "2026-10-07T04:26:23.359Z",
        "updatedAt": "2026-10-07T04:26:23.359Z"
      }
    },
    {
      "type": "Feature",
      "id": 95542,
      "geometry": {
        "type": "Point",
        "coordinates": [
          51.72163188189,
          33.7252186114
        ]
      },
      "properties": {
        "id": "MTM6NTg5",
        "city": "شهرستان کاشان",
        "date": "1749772800",
        "name": "Natanz Nuclear Complex",
        "type": "event",
        "name:fa": "مجتمع هسته‌ای نطنز",
        "sources": "https://x.com/mhmiranusa/status/1933392045135311321",
        "accurate": "yes",
        "province": "استان اصفهان",
        "geolocates": "https://isis-online.org/isis-reports/post-attack-analysis-of-israels-june-12-13-military-attack-on-irans-nuclear-program, https://x.com/osc_london/status/1934622676322058567",
        "name:en": "Natanz Nuclear Complex",
        "city:en": "Kashan County",
        "province:en": "Isfahan",
        "name:ar": "مجمع نطنز النووي",
        "city:ar": "مقاطعة كاشان",
        "province:ar": "أصفهان",
        "name:he": "המתחם הגרעיני נתנז",
        "city:he": "נפת כאשאן",
        "province:he": "אספהאן",
        "name:tr": "Natanz Nükleer Kompleksi",
        "city:tr": "Kaşan Şehristanı",
        "province:tr": "İsfahan",
        "name:ckb": "کۆمەڵگەی ئەتۆمیی نەتەنز",
        "city:ckb": "شارستانی کاشان",
        "province:ckb": "ئەسفەھان",
        "publicId": "MTM6NTg5",
        "sourceId": "589",
        "layerId": 13,
        "status": "active",
        "urgency": null,
        "verificationTag": null,
        "expirationDate": null,
        "createdAt": "2026-10-07T04:26:23.359Z",
        "updatedAt": "2026-10-07T04:26:23.359Z"
      }
    },
    {
      "type": "Feature",
      "id": 95543,
      "geometry": {
        "type": "Point",
        "coordinates": [
          48.08366059721,
          34.82171737852
        ]
      },
      "properties": {
        "id": "MTM6NTIz",
        "city": "شهرستان اسدآباد",
        "date": "1749914400",
        "type": "event",
        "sources": "https://t.me/VahidOnline/65274",
        "accurate": "yes",
        "province": "استان همدان",
        "geolocates": "https://x.com/Wolltigerhueter/status/1935468289683063152",
        "city:en": "Asadabad County",
        "province:en": "Hamadan",
        "city:ar": "مقاطعة أسد آباد",
        "province:ar": "همدان",
        "city:he": "נפת אסדאבאד",
        "province:he": "המדאן",
        "city:tr": "Esedabad Şehristanı",
        "province:tr": "Hemedan",
        "city:ckb": "شارستانی ئەسەدئاباد",
        "province:ckb": "ھەمەدان",
        "publicId": "MTM6NTIz",
        "sourceId": "523",
        "layerId": 13,
        "status": "active",
        "urgency": null,
        "verificationTag": null,
        "expirationDate": null,
        "createdAt": "2026-10-07T04:26:23.359Z",
        "updatedAt": "2026-10-07T04:26:23.359Z"
      }
    },
    {
      "type": "Feature",
      "id": 95544,
      "geometry": {
        "type": "Point",
        "coordinates": [
          51.43453091115,
          32.69178479758
        ]
      },
      "properties": {
        "id": "MTM6NDgy",
        "city": "شهرستان نجف آباد",
        "date": "1750159800",
        "type": "event",
        "name:fa": "پایگاه موشکی اصفهان",
        "sources": "https://t.me/idfinfarsi/9564",
        "accurate": "yes",
        "province": "استان اصفهان",
        "geolocates": "https://x.com/BenTzionMacales/status/1941151953859301583",
        "unofficial_name": "Isfahan Missile Base",
        "unofficial_name:fa": "پایگاه موشکی اصفهان",
        "name:en": "Isfahan Missile Base",
        "city:en": "Najafabad County",
        "province:en": "Isfahan",
        "name:ar": "قاعدة أصفهان الصاروخية",
        "city:ar": "مقاطعة نجف أباد",
        "province:ar": "أصفهان",
        "name:he": "בסיס הטילים אספהאן",
        "city:he": "נפת נג'פאבאד",
        "province:he": "אספהאן",
        "name:tr": "İsfahan Füze Üssü",
        "city:tr": "Necefabad Şehristanı",
        "province:tr": "İsfahan",
        "name:ckb": "پایگای مووشەکیی ئیسفەهان",
        "city:ckb": "شارستانی نەجەفئاباد",
        "province:ckb": "ئەسفەھان",
        "publicId": "MTM6NDgy",
        "sourceId": "482",
        "layerId": 13,
        "status": "active",
        "urgency": null,
        "verificationTag": null,
        "expirationDate": null,
        "createdAt": "2026-10-07T04:26:23.359Z",
        "updatedAt": "2026-10-07T04:26:23.359Z"
      }
    },
    {
      "type": "Feature",
      "id": 95545,
      "geometry": {
        "type": "Point",
        "coordinates": [
          50.91313361853,
          35.62331523569
        ]
      },
      "properties": {
        "id": "MTM6NDE1",
        "city": "شهرستان ملارد",
        "date": "1749772800-1750410000",
        "type": "event",
        "name:fa": "مجموعه موشکی بیدگنه",
        "accurate": "yes",
        "province": "استان تهران",
        "geolocates": "https://x.com/BenTzionMacales/status/1941150328868741171",
        "unofficial_name": "Bidkaneh Missile Base",
        "unofficial_name:fa": "مجموعه موشکی بیدگنه",
        "name:en": "Bidganeh Missile Complex",
        "city:en": "Malard County",
        "province:en": "Tehran",
        "name:ar": "مجمع بيدغنه الصاروخي",
        "city:ar": "مقاطعة ملارد",
        "province:ar": "طهران",
        "name:he": "מתחם הטילים בידגנה",
        "city:he": "מחוז מלארד",
        "province:he": "טהראן",
        "name:tr": "Bidgene Füze Kompleksi",
        "city:tr": "Malard Şehristanı",
        "province:tr": "Tahran",
        "name:ckb": "کۆمەڵگەی مووشەکیی بێدگەنە",
        "city:ckb": "شارستانی مەلارد",
        "province:ckb": "تاران",
        "publicId": "MTM6NDE1",
        "sourceId": "415",
        "layerId": 13,
        "status": "active",
        "urgency": null,
        "verificationTag": null,
        "expirationDate": null,
        "createdAt": "2026-10-07T04:26:23.359Z",
        "updatedAt": "2026-10-07T04:26:23.359Z"
      }
    },
    {
      "type": "Feature",
      "id": 95546,
      "geometry": {
        "type": "Point",
        "coordinates": [
          47.87851184338,
          34.4391880697
        ]
      },
      "properties": {
        "id": "MTM6MzU2",
        "city": "شهرستان کنگاور",
        "date": "1749897000",
        "type": "event",
        "name:fa": "پایگاه موشکی کنگاور",
        "accurate": "yes",
        "province": "استان کرمانشاه",
        "geolocates": "https://x.com/BenTzionMacales/status/1941149847828177109",
        "unofficial_name": "Kangavar Missile Base",
        "unofficial_name:fa": "پایگاه موشکی کنگاور",
        "name:en": "Kangavar Missile Base",
        "city:en": "Kangavar County",
        "province:en": "Kermanshah",
        "name:ar": "قاعدة كنغاور الصاروخية",
        "city:ar": "مقاطعة كنغاور",
        "province:ar": "كرمانشاه",
        "name:tr": "Kangavar Füze Üssü",
        "city:tr": "Kangavar Şehristanı",
        "province:tr": "Kirmanşah",
        "name:ckb": "پایگای مووشەکیی کەنگاوەر",
        "city:ckb": "شارستانی کەنگاوەر",
        "province:ckb": "کرماشان",
        "name:he": "בסיס הטילים כנגאוור",
        "city:he": "נפת כנגאוור",
        "province:he": "כרמאנשאה",
        "publicId": "MTM6MzU2",
        "sourceId": "356",
        "layerId": 13,
        "status": "active",
        "urgency": null,
        "verificationTag": null,
        "expirationDate": null,
        "createdAt": "2026-10-07T04:26:23.359Z",
        "updatedAt": "2026-10-07T04:26:23.359Z"
      }
    },
    {
      "type": "Feature",
      "id": 95547,
      "geometry": {
        "type": "Point",
        "coordinates": [
          51.29902302682,
          35.69664114298
        ]
      },
      "properties": {
        "id": "MTM6Mjk3",
        "city": "تهران",
        "date": "1749988800",
        "type": "event",
        "province": "استان تهران",
        "geolocates": "https://x.com/andynovy/status/1934215244848734384",
        "city:en": "Tehran",
        "province:en": "Tehran",
        "city:ar": "طهران",
        "province:ar": "طهران",
        "city:he": "טהראן",
        "province:he": "טהראן",
        "city:tr": "Tahran",
        "province:tr": "Tahran",
        "city:ckb": "تاران",
        "province:ckb": "تاران",
        "publicId": "MTM6Mjk3",
        "sourceId": "297",
        "layerId": 13,
        "status": "active",
        "urgency": null,
        "verificationTag": null,
        "expirationDate": null,
        "createdAt": "2026-10-07T04:26:23.359Z",
        "updatedAt": "2026-10-07T04:26:23.359Z"
      }
    },
    {
      "type": "Feature",
      "id": 95548,
      "geometry": {
        "type": "Point",
        "coordinates": [
          48.21646615729,
          33.55283228856
        ]
      },
      "properties": {
        "id": "MTM6MjIw",
        "city": "شهرستان چگنی",
        "date": "1749943800",
        "type": "event",
        "name:fa": "پایگاه موشکی خرم‌آباد",
        "sources": "https://t.me/P_raetorio/27657",
        "accurate": "yes",
        "province": "استان لرستان",
        "geolocates": "https://x.com/BenTzionMacales/status/1941149999192216043",
        "unofficial_name": "KhoramAbad Missile Base",
        "unofficial_name:fa": "پایگاه موشکی خرم‌آباد",
        "name:en": "Khorramabad Missile Base",
        "city:en": "Chegeni County",
        "province:en": "Lorestan",
        "name:ar": "قاعدة خرم أباد الصاروخية",
        "city:ar": "مقاطعة تشغني",
        "province:ar": "لرستان",
        "name:he": "בסיס הטילים ח'ורמאבאד",
        "city:he": "נפת צ'גני",
        "province:he": "לורסתאן",
        "name:tr": "Hürremabad Füze Üssü",
        "city:tr": "Çegeni Şehristanı",
        "province:tr": "Luristan",
        "name:ckb": "پایگای مووشەکیی خورەمئاوا",
        "city:ckb": "شارستانی چەگەنی",
        "province:ckb": "لوڕستان",
        "publicId": "MTM6MjIw",
        "sourceId": "220",
        "layerId": 13,
        "status": "active",
        "urgency": null,
        "verificationTag": null,
        "expirationDate": null,
        "createdAt": "2026-10-07T04:26:23.359Z",
        "updatedAt": "2026-10-07T04:26:23.359Z"
      }
    },
    {
      "type": "Feature",
      "id": 95549,
      "geometry": {
        "type": "Point",
        "coordinates": [
          46.1282443893,
          38.25172090612
        ]
      },
      "properties": {
        "id": "MTM6MTY0",
        "city": "شهرستان شبستر",
        "date": "1749772800-1749889800",
        "name": "Tabriz Missile Base",
        "type": "event",
        "name:fa": "پایگاه موشکی تبریز",
        "accurate": "yes",
        "province": "استان آذربایجان شرقی",
        "geolocates": "https://x.com/byjepstein/status/1935088275930366010, https://x.com/BenTzionMacales/status/1941149498425950483",
        "name:en": "Tabriz Missile Base",
        "city:en": "Shabestar County",
        "province:en": "East Azerbaijan",
        "name:ar": "قاعدة تبريز الصاروخية",
        "city:ar": "مقاطعة شبستر",
        "province:ar": "أذربيجان الشرقية",
        "name:he": "בסיס הטילים תבריז",
        "city:he": "נפת שבסטר",
        "province:he": "אזרבייג'ן המזרחית",
        "name:tr": "Tebriz Füze Üssü",
        "city:tr": "Şebestar Şehristanı",
        "province:tr": "Doğu Azerbaycan",
        "name:ckb": "پایگای مووشەکیی تەورێز",
        "city:ckb": "شارستانی شەبستەر",
        "province:ckb": "ئازەربایجانی ڕۆژھەڵات",
        "publicId": "MTM6MTY0",
        "sourceId": "164",
        "layerId": 13,
        "status": "active",
        "urgency": null,
        "verificationTag": null,
        "expirationDate": null,
        "createdAt": "2026-10-07T04:26:23.359Z",
        "updatedAt": "2026-10-07T04:26:23.359Z"
      }
    },
    {
      "type": "Feature",
      "id": 95550,
      "geometry": {
        "type": "Point",
        "coordinates": [
          48.67912709177,
          35.20230092185
        ]
      },
      "properties": {
        "id": "MTM6MTA2",
        "city": "شهرستان کبودرآهنگ",
        "date": "1749772800-1749889800",
        "name": "3rd Tactical Fighter Base",
        "type": "event",
        "name:fa": "پایگاه سوم شکاری",
        "accurate": "yes",
        "province": "استان همدان",
        "geolocates": "https://x.com/osc_london/status/1934622671318229217, https://x.com/osc_london/status/1933969558789853253",
        "name:en": "3rd Tactical Air Base",
        "city:en": "Kabudarahang County",
        "province:en": "Hamadan",
        "name:ar": "القاعدة الجوية الثالثة",
        "city:ar": "مقاطعة كبودرآهنغ",
        "province:ar": "همدان",
        "name:he": "בסיס הטיסה השלישי של חיל האוויר",
        "city:he": "נפת כבודראהנג",
        "province:he": "המדאן",
        "name:tr": "3. Taktik Av Üssü",
        "city:tr": "Kabudarahang Şehristanı",
        "province:tr": "Hemedan",
        "name:ckb": "پایگای سێیەمی شکاری",
        "city:ckb": "شارستانی کەبوودەرئاهەنگ",
        "province:ckb": "ھەمەدان",
        "publicId": "MTM6MTA2",
        "sourceId": "106",
        "layerId": 13,
        "status": "active",
        "urgency": null,
        "verificationTag": null,
        "expirationDate": null,
        "createdAt": "2026-10-07T04:26:23.359Z",
        "updatedAt": "2026-10-07T04:26:23.359Z"
      }
    },
    {
      "type": "Feature",
      "id": 95551,
      "geometry": {
        "type": "Point",
        "coordinates": [
          51.25704645976,
          34.0899975973
        ]
      },
      "properties": {
        "id": "MTM6NTk1",
        "city": "شهرستان کاشان",
        "date": "1749772800-1750755600",
        "type": "event",
        "name:fa": "پایگاه موشکی کاشان",
        "province": "استان اصفهان",
        "geolocates": "https://x.com/BenTzionMacales/status/1942231450478055682",
        "unofficial_name": "Kashan Missile Base",
        "unofficial_name:fa": "پایگاه موشکی کاشان",
        "name:en": "Kashan Missile Base",
        "city:en": "Kashan County",
        "province:en": "Isfahan",
        "name:ar": "قاعدة كاشان الصاروخية",
        "city:ar": "مقاطعة كاشان",
        "province:ar": "أصفهان",
        "name:he": "בסיס הטילים קאשאן",
        "city:he": "מחוז קאשאן",
        "province:he": "אספהאן",
        "name:tr": "Kaşan Füze Üssü",
        "city:tr": "Kaşan Şehristanı",
        "province:tr": "İsfahan",
        "name:ckb": "پایگای مووشەکیی کاشان",
        "city:ckb": "شارستانی کاشان",
        "province:ckb": "ئەسفەھان",
        "publicId": "MTM6NTk1",
        "sourceId": "595",
        "layerId": 13,
        "status": "active",
        "urgency": null,
        "verificationTag": null,
        "expirationDate": null,
        "createdAt": "2026-10-07T04:26:23.359Z",
        "updatedAt": "2026-10-07T04:26:23.359Z"
      }
    },
    {
      "type": "Feature",
      "id": 95552,
      "geometry": {
        "type": "Point",
        "coordinates": [
          51.72074138582,
          32.45541885901
        ]
      },
      "properties": {
        "id": "MTM6NDg4",
        "city": "شهرستان مبارکه",
        "date": "1750159800",
        "type": "event",
        "name:fa": "پایگاه موشکی اصفهان",
        "sources": "https://t.me/idfinfarsi/9564",
        "accurate": "yes",
        "province": "استان اصفهان",
        "geolocates": "https://x.com/BenTzionMacales/status/1941153026703774185",
        "unofficial_name": "Isfahan Missile Base",
        "unofficial_name:fa": "پایگاه موشکی اصفهان",
        "name:en": "Isfahan Missile Base",
        "city:en": "Mobarakeh County",
        "province:en": "Isfahan",
        "name:ar": "قاعدة أصفهان الصاروخية",
        "city:ar": "مقاطعة مباركة",
        "province:ar": "أصفهان",
        "name:he": "בסיס הטילים אספהאן",
        "city:he": "נפת מובארכה",
        "province:he": "אספהאן",
        "name:tr": "İsfahan Füze Üssü",
        "city:tr": "Mübareke Şehristanı",
        "province:tr": "İsfahan",
        "name:ckb": "پایگای مووشەکیی ئیسفەهان",
        "city:ckb": "شارستانی موبارەکە",
        "province:ckb": "ئەسفەھان",
        "publicId": "MTM6NDg4",
        "sourceId": "488",
        "layerId": 13,
        "status": "active",
        "urgency": null,
        "verificationTag": null,
        "expirationDate": null,
        "createdAt": "2026-10-07T04:26:23.359Z",
        "updatedAt": "2026-10-07T04:26:23.359Z"
      }
    },
    {
      "type": "Feature",
      "id": 95553,
      "geometry": {
        "type": "Point",
        "coordinates": [
          51.22373341978,
          35.46292890047
        ]
      },
      "properties": {
        "id": "MTM6NTM2",
        "city": "شهرستان ری",
        "type": "event",
        "province": "استان تهران",
        "geolocates": "https://x.com/andynovy/status/1934597279903572119",
        "city:en": "Ray County",
        "province:en": "Tehran",
        "city:ar": "مقاطعة الري",
        "province:ar": "طهران",
        "city:he": "נפת ריי",
        "province:he": "טהראן",
        "city:tr": "Rey Şehristanı",
        "province:tr": "Tahran",
        "city:ckb": "شارستانی ڕەی",
        "province:ckb": "تاران",
        "publicId": "MTM6NTM2",
        "sourceId": "536",
        "layerId": 13,
        "status": "active",
        "urgency": null,
        "verificationTag": null,
        "expirationDate": null,
        "createdAt": "2026-10-07T04:26:23.359Z",
        "updatedAt": "2026-10-07T04:26:23.359Z"
      }
    },
    {
      "type": "Feature",
      "id": 95554,
      "geometry": {
        "type": "Point",
        "coordinates": [
          50.8874112314,
          35.58132310801
        ]
      },
      "properties": {
        "id": "MTM6NDI5",
        "city": "شهرستان شهریار",
        "date": "1749772800-1750410000",
        "type": "event",
        "name:fa": "مجموعه موشکی بیدگنه",
        "accurate": "yes",
        "province": "استان تهران",
        "geolocates": "https://x.com/BenTzionMacales/status/1941150385441566832",
        "unofficial_name": "Bidkaneh Missile Base",
        "unofficial_name:fa": "مجموعه موشکی بیدگنه",
        "name:en": "Bidganeh Missile Complex",
        "city:en": "Shahriar County",
        "province:en": "Tehran",
        "name:ar": "مجمع بيدغنه الصاروخي",
        "city:ar": "مقاطعة شهريار",
        "province:ar": "طهران",
        "name:he": "מתחם הטילים בידגנה",
        "city:he": "נפת שהריאר",
        "province:he": "טהראן",
        "name:tr": "Bidgene Füze Kompleksi",
        "city:tr": "Şehriyar Şehristanı",
        "province:tr": "Tahran",
        "name:ckb": "کۆمەڵگەی مووشەکیی بێدگەنە",
        "city:ckb": "شارستانی شەهریار",
        "province:ckb": "تاران",
        "publicId": "MTM6NDI5",
        "sourceId": "429",
        "layerId": 13,
        "status": "active",
        "urgency": null,
        "verificationTag": null,
        "expirationDate": null,
        "createdAt": "2026-10-07T04:26:23.359Z",
        "updatedAt": "2026-10-07T04:26:23.359Z"
      }
    },
    {
      "type": "Feature",
      "id": 95555,
      "geometry": {
        "type": "Point",
        "coordinates": [
          48.21820556849,
          33.57168378605
        ]
      },
      "properties": {
        "id": "MTM6Mzcw",
        "city": "شهرستان چگنی",
        "date": "1749943800",
        "type": "event",
        "name:fa": "پایگاه موشکی خرم‌آباد",
        "sources": "https://t.me/P_raetorio/27657",
        "province": "استان لرستان",
        "geolocates": "https://x.com/BenTzionMacales/status/1941149920616181897",
        "unofficial_name": "KhoramAbad Missile Base",
        "unofficial_name:fa": "پایگاه موشکی خرم‌آباد",
        "name:en": "Khorramabad Missile Base",
        "city:en": "Chegeni County",
        "province:en": "Lorestan",
        "name:ar": "قاعدة خرم أباد الصاروخية",
        "city:ar": "مقاطعة تشغني",
        "province:ar": "لرستان",
        "name:he": "בסיס הטילים חורמאבאד",
        "city:he": "צ'גני",
        "province:he": "לורסתאן",
        "name:tr": "Hürremabad Füze Üssü",
        "city:tr": "Çegeni Şehristanı",
        "province:tr": "Luristan",
        "name:ckb": "پایگای مووشەکیی خورەمئاوا",
        "city:ckb": "شارستانی چەگەنی",
        "province:ckb": "لوڕستان",
        "publicId": "MTM6Mzcw",
        "sourceId": "370",
        "layerId": 13,
        "status": "active",
        "urgency": null,
        "verificationTag": null,
        "expirationDate": null,
        "createdAt": "2026-10-07T04:26:23.359Z",
        "updatedAt": "2026-10-07T04:26:23.359Z"
      }
    },
    {
      "type": "Feature",
      "id": 95556,
      "geometry": {
        "type": "Point",
        "coordinates": [
          51.40251874387,
          35.70943527153
        ]
      },
      "properties": {
        "id": "MTM6MzAz",
        "city": "تهران",
        "date": "1749978000",
        "type": "event",
        "province": "استان تهران",
        "geolocates": "https://x.com/andynovy/status/1934265054796374504",
        "city:en": "Tehran",
        "province:en": "Tehran",
        "city:ar": "طهران",
        "province:ar": "طهران",
        "city:he": "טהראן",
        "province:he": "טהראן",
        "city:tr": "Tahran",
        "province:tr": "Tahran",
        "city:ckb": "تاران",
        "province:ckb": "تاران",
        "publicId": "MTM6MzAz",
        "sourceId": "303",
        "layerId": 13,
        "status": "active",
        "urgency": null,
        "verificationTag": null,
        "expirationDate": null,
        "createdAt": "2026-10-07T04:26:23.359Z",
        "updatedAt": "2026-10-07T04:26:23.359Z"
      }
    },
    {
      "type": "Feature",
      "id": 95557,
      "geometry": {
        "type": "Point",
        "coordinates": [
          46.15167617261,
          38.25883575078
        ]
      },
      "properties": {
        "id": "MTM6MjQ0",
        "city": "شهرستان شبستر",
        "date": "1749772800-1749889800",
        "name": "Tabriz Missile Base",
        "type": "event",
        "name:fa": "پایگاه موشکی تبریز",
        "accurate": "yes",
        "province": "استان آذربایجان شرقی",
        "geolocates": "https://x.com/byjepstein/status/1935087907976495587, https://x.com/BenTzionMacales/status/1941149498425950483",
        "name:en": "Tabriz Missile Base",
        "city:en": "Shabestar County",
        "province:en": "East Azerbaijan",
        "name:ar": "قاعدة تبريز الصاروخية",
        "city:ar": "مقاطعة شبستر",
        "province:ar": "أذربيجان الشرقية",
        "name:he": "בסיס הטילים תבריז",
        "city:he": "שבסטר",
        "province:he": "אזרבייג'ן המזרחית",
        "name:tr": "Tebriz Füze Üssü",
        "city:tr": "Şebestar Şehristanı",
        "province:tr": "Doğu Azerbaycan",
        "name:ckb": "پایگای مووشەکیی تەورێز",
        "city:ckb": "شارستانی شەبستەر",
        "province:ckb": "ئازەربایجانی ڕۆژھەڵات",
        "publicId": "MTM6MjQ0",
        "sourceId": "244",
        "layerId": 13,
        "status": "active",
        "urgency": null,
        "verificationTag": null,
        "expirationDate": null,
        "createdAt": "2026-10-07T04:26:23.359Z",
        "updatedAt": "2026-10-07T04:26:23.359Z"
      }
    },
    {
      "type": "Feature",
      "id": 95558,
      "geometry": {
        "type": "Point",
        "coordinates": [
          47.23075568408,
          34.35088683466
        ]
      },
      "properties": {
        "id": "MTM6MjM0",
        "city": "شهرستان کرمانشاه",
        "date": "1749772800-1750064400",
        "type": "event",
        "name:fa": "پایگاه موشکی کرمانشاه",
        "accurate": "yes",
        "province": "استان کرمانشاه",
        "geolocates": "https://x.com/detresfa_/status/1934508002079637523, https://x.com/BenTzionMacales/status/1941149607251345610, https://x.com/Shayan86/status/1934437475398619365",
        "unofficial_name": "Kermanshah Missile Base",
        "unofficial_name:fa": "پایگاه موشکی کرمانشاه",
        "name:en": "Kermanshah Missile Base",
        "city:en": "Kermanshah County",
        "province:en": "Kermanshah",
        "name:ar": "قاعدة كرمانشاه الصاروخية",
        "city:ar": "مقاطعة كرمانشاه",
        "province:ar": "كرمانشاه",
        "name:he": "בסיס הטילים כרמאנשאה",
        "city:he": "נפת כרמאנשאה",
        "province:he": "כרמאנשאה",
        "name:tr": "Kirmanşah Füze Üssü",
        "city:tr": "Kirmanşah Şehristanı",
        "province:tr": "Kirmanşah",
        "name:ckb": "پایگای مووشەکیی کرماشان",
        "city:ckb": "شارستانی کرماشان",
        "province:ckb": "کرماشان",
        "publicId": "MTM6MjM0",
        "sourceId": "234",
        "layerId": 13,
        "status": "active",
        "urgency": null,
        "verificationTag": null,
        "expirationDate": null,
        "createdAt": "2026-10-07T04:26:23.359Z",
        "updatedAt": "2026-10-07T04:26:23.359Z"
      }
    },
    {
      "type": "Feature",
      "id": 95559,
      "geometry": {
        "type": "Point",
        "coordinates": [
          51.40458404481,
          35.7649354677
        ]
      },
      "properties": {
        "id": "MTM6MTcw",
        "city": "تهران",
        "date": "1750415400",
        "type": "event",
        "sources": "https://t.me/idfinfarsi/9656",
        "province": "استان تهران",
        "city:en": "Tehran",
        "province:en": "Tehran",
        "city:ar": "طهران",
        "province:ar": "طهران",
        "city:he": "טהראן",
        "province:he": "טהראן",
        "city:tr": "Tahran",
        "province:tr": "Tahran",
        "city:ckb": "تاران",
        "province:ckb": "تاران",
        "publicId": "MTM6MTcw",
        "sourceId": "170",
        "layerId": 13,
        "status": "active",
        "urgency": null,
        "verificationTag": null,
        "expirationDate": null,
        "createdAt": "2026-10-07T04:26:23.359Z",
        "updatedAt": "2026-10-07T04:26:23.359Z"
      }
    },
    {
      "type": "Feature",
      "id": 95560,
      "geometry": {
        "type": "Point",
        "coordinates": [
          48.67233037814,
          35.20816238547
        ]
      },
      "properties": {
        "id": "MTM6MTEx",
        "city": "شهرستان کبودرآهنگ",
        "date": "1749772800-1749889800",
        "name": "3rd Tactical Fighter Base",
        "type": "event",
        "name:fa": "پایگاه سوم شکاری",
        "accurate": "yes",
        "province": "استان همدان",
        "geolocates": "https://x.com/osc_london/status/1934622671318229217",
        "name:en": "3rd Tactical Air Base",
        "city:en": "Kabudarahang County",
        "province:en": "Hamadan",
        "name:ar": "القاعدة الجوية الثالثة",
        "city:ar": "مقاطعة كبودرآهنغ",
        "province:ar": "همدان",
        "name:he": "בסיס הקרב השלישי",
        "city:he": "כבודראחנג'",
        "province:he": "המדאן",
        "name:tr": "3. Taktik Av Üssü",
        "city:tr": "Kabudarahang Şehristanı",
        "province:tr": "Hemedan",
        "name:ckb": "پایگای سێیەمی شکاری",
        "city:ckb": "شارستانی کەبوودەرئاهەنگ",
        "province:ckb": "ھەمەدان",
        "publicId": "MTM6MTEx",
        "sourceId": "111",
        "layerId": 13,
        "status": "active",
        "urgency": null,
        "verificationTag": null,
        "expirationDate": null,
        "createdAt": "2026-10-07T04:26:23.359Z",
        "updatedAt": "2026-10-07T04:26:23.359Z"
      }
    },
    {
      "type": "Feature",
      "id": 95561,
      "geometry": {
        "type": "Point",
        "coordinates": [
          51.89731925458,
          32.77049876167
        ]
      },
      "properties": {
        "id": "MTM6NTQy",
        "city": "شهرستان اصفهان",
        "date": "1750095000",
        "name": "F-14 Tomcat",
        "type": "event",
        "mission": "Destroyed F-14",
        "name:fa": "F-14 Tomcat",
        "sources": "https://t.me/idfinfarsi/9528",
        "accurate": "yes",
        "province": "استان اصفهان",
        "unofficial_name": "",
        "unofficial_name:fa": "",
        "name:en": "F-14 Tomcat",
        "city:en": "Isfahan County",
        "province:en": "Isfahan",
        "name:ar": "إف-14 تومكات",
        "city:ar": "مقاطعة أصفهان",
        "province:ar": "أصفهان",
        "name:he": "F-14 טומקט",
        "city:he": "נפת אספהאן",
        "province:he": "אספהאן",
        "name:tr": "F-14 Tomcat",
        "city:tr": "İsfahan Şehristanı",
        "province:tr": "İsfahan",
        "name:ckb": "F-14 تامکەت",
        "city:ckb": "شارستانی ئیسفەهان",
        "province:ckb": "ئەسفەھان",
        "publicId": "MTM6NTQy",
        "sourceId": "542",
        "layerId": 13,
        "status": "active",
        "urgency": null,
        "verificationTag": null,
        "expirationDate": null,
        "createdAt": "2026-10-07T04:26:23.359Z",
        "updatedAt": "2026-10-07T04:26:23.359Z"
      }
    },
    {
      "type": "Feature",
      "id": 95562,
      "geometry": {
        "type": "Point",
        "coordinates": [
          50.90458273619,
          35.56420153086
        ]
      },
      "properties": {
        "id": "MTM6NDM1",
        "city": "شهرستان شهریار",
        "date": "1749772800-1750410000",
        "type": "event",
        "name:fa": "مجموعه موشکی بیدگنه",
        "accurate": "yes",
        "province": "استان تهران",
        "geolocates": "https://x.com/BenTzionMacales/status/1941150385441566832",
        "unofficial_name": "Bidkaneh Missile Base",
        "unofficial_name:fa": "مجموعه موشکی بیدگنه",
        "name:en": "Bidganeh Missile Complex",
        "city:en": "Shahriar County",
        "province:en": "Tehran",
        "name:ar": "مجمع بيدغنه الصاروخي",
        "city:ar": "مقاطعة شهريار",
        "province:ar": "طهران",
        "name:he": "מתחם הטילים בידגנה",
        "city:he": "נפת שהריאר",
        "province:he": "טהראן",
        "name:tr": "Bidgene Füze Kompleksi",
        "city:tr": "Şehriyar Şehristanı",
        "province:tr": "Tahran",
        "name:ckb": "کۆمەڵگەی مووشەکیی بێدگەنە",
        "city:ckb": "شارستانی شەهریار",
        "province:ckb": "تاران",
        "publicId": "MTM6NDM1",
        "sourceId": "435",
        "layerId": 13,
        "status": "active",
        "urgency": null,
        "verificationTag": null,
        "expirationDate": null,
        "createdAt": "2026-10-07T04:26:23.359Z",
        "updatedAt": "2026-10-07T04:26:23.359Z"
      }
    },
    {
      "type": "Feature",
      "id": 95563,
      "geometry": {
        "type": "Point",
        "coordinates": [
          48.21759938121,
          33.55242882559
        ]
      },
      "properties": {
        "id": "MTM6Mzc2",
        "city": "شهرستان چگنی",
        "date": "1749943800",
        "type": "event",
        "name:fa": "پایگاه موشکی خرم‌آباد",
        "sources": "https://t.me/P_raetorio/27657",
        "accurate": "yes",
        "province": "استان لرستان",
        "geolocates": "https://x.com/BenTzionMacales/status/1941149999192216043",
        "unofficial_name": "KhoramAbad Missile Base",
        "unofficial_name:fa": "پایگاه موشکی خرم‌آباد",
        "name:en": "Khorramabad Missile Base",
        "city:en": "Chegeni County",
        "province:en": "Lorestan",
        "name:ar": "قاعدة خرم آباد الصاروخية",
        "city:ar": "مقاطعة تشكني",
        "province:ar": "لرستان",
        "name:he": "בסיס הטילים ח'ורמאבאד",
        "city:he": "נפת צ'גני",
        "province:he": "לורסתאן",
        "name:tr": "Hürremabad Füze Üssü",
        "city:tr": "Çegeni Şehristanı",
        "province:tr": "Luristan",
        "name:ckb": "بنکەی مووشەکیی خورەمئاباد",
        "city:ckb": "شارستانی چەگەنی",
        "province:ckb": "لوڕستان",
        "publicId": "MTM6Mzc2",
        "sourceId": "376",
        "layerId": 13,
        "status": "active",
        "urgency": null,
        "verificationTag": null,
        "expirationDate": null,
        "createdAt": "2026-10-07T04:26:23.359Z",
        "updatedAt": "2026-10-07T04:26:23.359Z"
      }
    },
    {
      "type": "Feature",
      "id": 95564,
      "geometry": {
        "type": "Point",
        "coordinates": [
          50.84431884527,
          28.94720856803
        ]
      },
      "properties": {
        "id": "MTM6MzE3",
        "city": "شهرستان بوشهر",
        "date": "1750425900",
        "name": "6th Tactical Air Base",
        "type": "event",
        "name:fa": "پایگاه ششم شکاری",
        "province": "استان بوشهر",
        "name:en": "6th Tactical Air Base",
        "city:en": "Bushehr County",
        "province:en": "Bushehr",
        "name:ar": "القاعدة الجوية السادسة",
        "city:ar": "مقاطعة بوشهر",
        "province:ar": "بوشهر",
        "name:he": "בסיס הקרב השישי",
        "province:he": "בושהר",
        "name:tr": "6. Avcı Hava Üssü",
        "city:tr": "Buşehr Şehristanı",
        "province:tr": "Buşehr",
        "name:ckb": "بنکەی شەشەمی شکاری",
        "city:ckb": "شارستانی بوشەهر",
        "province:ckb": "بووشەھر",
        "publicId": "MTM6MzE3",
        "sourceId": "317",
        "layerId": 13,
        "status": "active",
        "urgency": null,
        "verificationTag": null,
        "expirationDate": null,
        "createdAt": "2026-10-07T04:26:23.359Z",
        "updatedAt": "2026-10-07T04:26:23.359Z"
      }
    },
    {
      "type": "Feature",
      "id": 95565,
      "geometry": {
        "type": "Point",
        "coordinates": [
          51.82583033502,
          32.57716840103
        ]
      },
      "properties": {
        "id": "MTM6MjU4",
        "city": "اصفهان",
        "date": "1750549800",
        "type": "event",
        "name:fa": "مجتمع هسته‌ای اصفهان",
        "accurate": "yes",
        "province": "استان اصفهان",
        "geolocates": "https://isis-online.org/isis-reports/post-attack-assessment-of-the-first-12-days-of-israeli-strikes-on-iranian-nuclear-facilities, https://x.com/detresfa_/status/1936827158351184078",
        "unofficial_name": "Isfahan Nuclear Complex",
        "unofficial_name:fa": "مجتمع هسته‌ای اصفهان",
        "name:en": "Isfahan Nuclear Complex",
        "city:en": "Isfahan",
        "province:en": "Isfahan",
        "name:ar": "مجمع أصفهان النووي",
        "city:ar": "أصفهان",
        "province:ar": "أصفهان",
        "name:he": "המתחם הגרעיני אספהאן",
        "city:he": "אספהאן",
        "province:he": "אספהאן",
        "name:tr": "İsfahan Nükleer Kompleksi",
        "city:tr": "İsfahan",
        "province:tr": "İsfahan",
        "name:ckb": "کۆمەڵگەی ناوەکیی ئەسفەهان",
        "city:ckb": "ئەسفەهان",
        "province:ckb": "ئەسفەھان",
        "publicId": "MTM6MjU4",
        "sourceId": "258",
        "layerId": 13,
        "status": "active",
        "urgency": null,
        "verificationTag": null,
        "expirationDate": null,
        "createdAt": "2026-10-07T04:26:23.359Z",
        "updatedAt": "2026-10-07T04:26:23.359Z"
      }
    },
    {
      "type": "Feature",
      "id": 95566,
      "geometry": {
        "type": "Point",
        "coordinates": [
          51.20182245702,
          35.76974516958
        ]
      },
      "properties": {
        "id": "MTM6MTgz",
        "city": "شهرستان تهران",
        "date": "1750080000",
        "type": "event",
        "sources": "https://t.me/VahidOnline/65667",
        "accurate": "yes",
        "province": "استان تهران",
        "city:en": "Tehran County",
        "province:en": "Tehran",
        "city:ar": "مقاطعة طهران",
        "province:ar": "طهران",
        "city:he": "נפת טהראן",
        "province:he": "טהראן",
        "city:tr": "Tahran Şehristanı",
        "province:tr": "Tahran",
        "city:ckb": "شارستانی تاران",
        "province:ckb": "تاران",
        "publicId": "MTM6MTgz",
        "sourceId": "183",
        "layerId": 13,
        "status": "active",
        "urgency": null,
        "verificationTag": null,
        "expirationDate": null,
        "createdAt": "2026-10-07T04:26:23.359Z",
        "updatedAt": "2026-10-07T04:26:23.359Z"
      }
    },
    {
      "type": "Feature",
      "id": 95567,
      "geometry": {
        "type": "Point",
        "coordinates": [
          46.23564003825,
          38.13372112936
        ]
      },
      "properties": {
        "id": "MTM6MTI1",
        "city": "تبریز",
        "date": "1749772800-1749889800",
        "type": "event",
        "name:fa": "پایگاه هوایی تبریز",
        "accurate": "yes",
        "province": "استان آذربایجان شرقی",
        "geolocates": "https://x.com/osc_london/status/1934622671318229217, https://x.com/bradyafr/status/1934260300603129942",
        "name:en": "Tabriz Air Base",
        "city:en": "Tabriz",
        "province:en": "East Azerbaijan",
        "name:ar": "قاعدة تبريز الجوية",
        "city:ar": "تبريز",
        "province:ar": "أذربيجان الشرقية",
        "name:he": "בסיס האוויר תבריז",
        "city:he": "תבריז",
        "province:he": "אזרבייג'ן המזרחית",
        "name:tr": "Tebriz Hava Üssü",
        "city:tr": "Tebriz",
        "province:tr": "Doğu Azerbaycan",
        "name:ckb": "بنکەی ئاسمانیی تەورێز",
        "city:ckb": "تەورێز",
        "province:ckb": "ئازەربایجانی ڕۆژھەڵات",
        "publicId": "MTM6MTI1",
        "sourceId": "125",
        "layerId": 13,
        "status": "active",
        "urgency": null,
        "verificationTag": null,
        "expirationDate": null,
        "createdAt": "2026-10-07T04:26:23.359Z",
        "updatedAt": "2026-10-07T04:26:23.359Z"
      }
    },
    {
      "type": "Feature",
      "id": 95568,
      "geometry": {
        "type": "Point",
        "coordinates": [
          51.62705181956,
          35.67196625097
        ]
      },
      "properties": {
        "id": "MTM6NTU2",
        "city": "شهرستان تهران",
        "date": "1749772800-1750755600",
        "name": "Khojir Complex",
        "type": "event",
        "name:fa": "تاسیسات نظامی خجیر",
        "accurate": "yes",
        "province": "استان تهران",
        "geolocates": "https://x.com/BenTzionMacales/status/1941161003850367168",
        "name:en": "Khojir Military Facility",
        "city:en": "Tehran County",
        "province:en": "Tehran",
        "name:ar": "منشأة خجير العسكرية",
        "city:ar": "مقاطعة طهران",
        "province:ar": "طهران",
        "name:he": "מתקנים צבאיים ח'ג'יר",
        "province:he": "טהראן",
        "name:tr": "Hucir Askeri Tesisleri",
        "city:tr": "Tahran Şehristanı",
        "province:tr": "Tahran",
        "name:ckb": "دامەزراوە سەربازییەکانی خوجێر",
        "city:ckb": "شارستانی تاران",
        "province:ckb": "تاران",
        "publicId": "MTM6NTU2",
        "sourceId": "556",
        "layerId": 13,
        "status": "active",
        "urgency": null,
        "verificationTag": null,
        "expirationDate": null,
        "createdAt": "2026-10-07T04:26:23.359Z",
        "updatedAt": "2026-10-07T04:26:23.359Z"
      }
    },
    {
      "type": "Feature",
      "id": 95569,
      "geometry": {
        "type": "Point",
        "coordinates": [
          50.72409151912,
          34.92228773349
        ]
      },
      "properties": {
        "id": "MTM6NDQ5",
        "city": "شهرستان قم",
        "date": "1750237200-1750669200",
        "name": "Qom Missile Base",
        "type": "event",
        "name:fa": "مجموعه کوشک نصرت",
        "province": "استان قم",
        "geolocates": "https://x.com/BenTzionMacales/status/1941150522523688971",
        "name:en": "Kushk-e Nosrat Complex",
        "city:en": "Qom County",
        "province:en": "Qom",
        "name:ar": "مجمع كوشك نصرت",
        "city:ar": "مقاطعة قم",
        "province:ar": "قم",
        "name:he": "מתחם כושכ נסרת",
        "city:he": "נפת קום",
        "province:he": "קום",
        "name:tr": "Köşk-e Nusret Kompleksi",
        "city:tr": "Kum Şehristanı",
        "province:tr": "Kum",
        "name:ckb": "کۆمەڵگەی کوشک نوسرەت",
        "city:ckb": "شارستانی قوم",
        "province:ckb": "قوم",
        "publicId": "MTM6NDQ5",
        "sourceId": "449",
        "layerId": 13,
        "status": "active",
        "urgency": null,
        "verificationTag": null,
        "expirationDate": null,
        "createdAt": "2026-10-07T04:26:23.359Z",
        "updatedAt": "2026-10-07T04:26:23.359Z"
      }
    },
    {
      "type": "Feature",
      "id": 95570,
      "geometry": {
        "type": "Point",
        "coordinates": [
          51.66785895288,
          32.33262975349
        ]
      },
      "properties": {
        "id": "MTM6NDk4",
        "city": "شهرستان مبارکه",
        "date": "1750149000-1750408200",
        "type": "event",
        "name:fa": "پایگاه موشکی مبارکه",
        "accurate": "yes",
        "province": "استان اصفهان",
        "geolocates": "https://x.com/BenTzionMacales/status/1941153583493251327",
        "unofficial_name": "Mobarakeh Missile Base",
        "unofficial_name:fa": "پایگاه موشکی مبارکه",
        "name:en": "Mobarakeh Missile Base",
        "city:en": "Mobarakeh County",
        "province:en": "Isfahan",
        "name:ar": "قاعدة مباركة الصاروخية",
        "city:ar": "مقاطعة مباركة",
        "province:ar": "أصفهان",
        "name:he": "בסיס הטילים מבראכה",
        "city:he": "נפת מבראכה",
        "province:he": "אספהאן",
        "name:tr": "Mübareke Füze Üssü",
        "city:tr": "Mübareke Şehristanı",
        "province:tr": "İsfahan",
        "name:ckb": "بنکەی مووشەکیی موبارەکە",
        "city:ckb": "شارستانی موبارەکە",
        "province:ckb": "ئەسفەھان",
        "publicId": "MTM6NDk4",
        "sourceId": "498",
        "layerId": 13,
        "status": "active",
        "urgency": null,
        "verificationTag": null,
        "expirationDate": null,
        "createdAt": "2026-10-07T04:26:23.359Z",
        "updatedAt": "2026-10-07T04:26:23.359Z"
      }
    },
    {
      "type": "Feature",
      "id": 95571,
      "geometry": {
        "type": "Point",
        "coordinates": [
          48.43671977252,
          36.74514949282
        ]
      },
      "properties": {
        "id": "MTM6Mzkw",
        "city": "شهرستان زنجان",
        "date": "1749772800-1750235400",
        "name": "IRGC Zanjan Garrison",
        "type": "event",
        "name:fa": "سپاه انصارالمهدی",
        "accurate": "yes",
        "province": "استان زنجان",
        "geolocates": "https://x.com/BenTzionMacales/status/1941150144055177456",
        "name:en": "Ansar al-Mahdi Corps",
        "city:en": "Zanjan County",
        "province:en": "Zanjan",
        "name:ar": "فيلق أنصار المهدي",
        "city:ar": "مقاطعة زنجان",
        "province:ar": "زنجان",
        "name:he": "קורפוס אנסאר אל-מהדי",
        "city:he": "נפת זנג'אן",
        "province:he": "זנג'אן",
        "name:tr": "Ensar el-Mehdi Kolordusu",
        "city:tr": "Zencan Şehristanı",
        "province:tr": "Zencan",
        "name:ckb": "سوپای ئەنسارولمەهدی",
        "city:ckb": "شارستانی زەنجان",
        "province:ckb": "زەنجان",
        "publicId": "MTM6Mzkw",
        "sourceId": "390",
        "layerId": 13,
        "status": "active",
        "urgency": null,
        "verificationTag": null,
        "expirationDate": null,
        "createdAt": "2026-10-07T04:26:23.359Z",
        "updatedAt": "2026-10-07T04:26:23.359Z"
      }
    },
    {
      "type": "Feature",
      "id": 95572,
      "geometry": {
        "type": "Point",
        "coordinates": [
          46.17804765165,
          37.97194390911
        ]
      },
      "properties": {
        "id": "MTM6MzIz",
        "city": "شهرستان تبریز",
        "date": "1749772800",
        "name": "Tabriz Missile Base",
        "type": "event",
        "name:fa": "پایگاه موشکی تبریز",
        "accurate": "yes",
        "province": "استان آذربایجان شرقی",
        "geolocates": "https://x.com/CSBiggers/status/1933894646037385380, https://x.com/BenTzionMacales/status/1941149553354530939",
        "name:en": "Tabriz Missile Base",
        "city:en": "Tabriz County",
        "province:en": "East Azerbaijan",
        "name:ar": "قاعدة تبريز الصاروخية",
        "city:ar": "مقاطعة تبريز",
        "province:ar": "أذربيجان الشرقية",
        "name:he": "בסיס הטילים תבריז",
        "city:he": "נפת תבריז",
        "province:he": "אזרבייג'ן המזרחית",
        "name:tr": "Tebriz Füze Üssü",
        "city:tr": "Tebriz Şehristanı",
        "province:tr": "Doğu Azerbaycan",
        "name:ckb": "بنکەی مووشەکیی تەورێز",
        "city:ckb": "شارستانی تەورێز",
        "province:ckb": "ئازەربایجانی ڕۆژھەڵات",
        "publicId": "MTM6MzIz",
        "sourceId": "323",
        "layerId": 13,
        "status": "active",
        "urgency": null,
        "verificationTag": null,
        "expirationDate": null,
        "createdAt": "2026-10-07T04:26:23.359Z",
        "updatedAt": "2026-10-07T04:26:23.359Z"
      }
    },
    {
      "type": "Feature",
      "id": 95573,
      "geometry": {
        "type": "Point",
        "coordinates": [
          50.99991515145,
          34.88255357234
        ]
      },
      "properties": {
        "id": "MTM6MjY0",
        "city": "شهرستان قم",
        "date": "1750545000",
        "name": "Natanz Nuclear Complex",
        "type": "event",
        "name:fa": "مجتمع هسته‌ای فوردو",
        "accurate": "yes",
        "province": "استان قم",
        "geolocates": "https://isis-online.org/isis-reports/post-attack-assessment-of-the-first-12-days-of-israeli-strikes-on-iranian-nuclear-facilities, https://x.com/detresfa_/status/1937740428301746589",
        "name:en": "Fordow Nuclear Complex",
        "city:en": "Qom County",
        "province:en": "Qom",
        "name:ar": "مجمع فوردو النووي",
        "city:ar": "مقاطعة قم",
        "province:ar": "قم",
        "name:he": "מתחם הגרעין פורדו",
        "city:he": "קום",
        "province:he": "קום",
        "name:tr": "Fordo Nükleer Kompleksi",
        "city:tr": "Kum Şehristanı",
        "province:tr": "Kum",
        "name:ckb": "کۆمەڵگەی ناوەکیی فۆردۆ",
        "city:ckb": "شارستانی قوم",
        "province:ckb": "قوم",
        "publicId": "MTM6MjY0",
        "sourceId": "264",
        "layerId": 13,
        "status": "active",
        "urgency": null,
        "verificationTag": null,
        "expirationDate": null,
        "createdAt": "2026-10-07T04:26:23.359Z",
        "updatedAt": "2026-10-07T04:26:23.359Z"
      }
    },
    {
      "type": "Feature",
      "id": 95574,
      "geometry": {
        "type": "Point",
        "coordinates": [
          51.72736644208,
          33.72509814929
        ]
      },
      "properties": {
        "id": "MTM6MTg5",
        "city": "شهرستان کاشان",
        "date": "1750545000",
        "name": "Natanz Nuclear Complex",
        "type": "event",
        "name:fa": "مجتمع هسته‌ای نطنز",
        "accurate": "yes",
        "province": "استان اصفهان",
        "geolocates": "https://isis-online.org/isis-reports/post-attack-assessment-of-the-first-12-days-of-israeli-strikes-on-iranian-nuclear-facilities, https://x.com/osc_london/status/1936844529107075350",
        "name:en": "Natanz Nuclear Complex",
        "city:en": "Kashan County",
        "province:en": "Isfahan",
        "name:ar": "مجمع نطنز النووي",
        "city:ar": "مقاطعة كاشان",
        "province:ar": "أصفهان",
        "name:he": "המתחם הגרעיני נתנז",
        "city:he": "נפת כאשאן",
        "province:he": "אספהאן",
        "name:tr": "Natanz Nükleer Kompleksi",
        "city:tr": "Kaşan Şehristanı",
        "province:tr": "İsfahan",
        "name:ckb": "کۆمەڵگەی ناوەکیی نەتەنز",
        "city:ckb": "شارستانی کاشان",
        "province:ckb": "ئەسفەھان",
        "publicId": "MTM6MTg5",
        "sourceId": "189",
        "layerId": 13,
        "status": "active",
        "urgency": null,
        "verificationTag": null,
        "expirationDate": null,
        "createdAt": "2026-10-07T04:26:23.359Z",
        "updatedAt": "2026-10-07T04:26:23.359Z"
      }
    },
    {
      "type": "Feature",
      "id": 95575,
      "geometry": {
        "type": "Point",
        "coordinates": [
          51.59879743516,
          35.7546491246
        ]
      },
      "properties": {
        "id": "MTM6MTMx",
        "city": "شهرستان تهران",
        "date": "1750203000",
        "name": "Imam Hossein University of Military Sciences",
        "type": "event",
        "sources": "https://x.com/FaytuksNetwork/status/1935155070468821201",
        "accurate": "yes",
        "province": "استان تهران",
        "city:en": "Tehran County",
        "province:en": "Tehran",
        "city:ar": "مقاطعة طهران",
        "province:ar": "طهران",
        "city:he": "נפת טהראן",
        "province:he": "טהראן",
        "city:tr": "Tahran Şehristanı",
        "province:tr": "Tahran",
        "city:ckb": "شارستانی تاران",
        "province:ckb": "تاران",
        "publicId": "MTM6MTMx",
        "sourceId": "131",
        "layerId": 13,
        "status": "active",
        "urgency": null,
        "verificationTag": null,
        "expirationDate": null,
        "createdAt": "2026-10-07T04:26:23.359Z",
        "updatedAt": "2026-10-07T04:26:23.359Z"
      }
    },
    {
      "type": "Feature",
      "id": 95576,
      "geometry": {
        "type": "Point",
        "coordinates": [
          50.09827851176,
          33.61245706217
        ]
      },
      "properties": {
        "id": "MTM6NzM",
        "city": "شهرستان خمین",
        "date": "1750172400",
        "type": "event",
        "sources": "https://t.me/VahidOnline/65794, https://t.me/idfinfarsi/9564",
        "accurate": "yes",
        "province": "استان مرکزی",
        "geolocates": "https://x.com/BenTzionMacales/status/1941150617256484872",
        "city:en": "Khomein County",
        "province:en": "Markazi",
        "city:ar": "مقاطعة خمين",
        "province:ar": "المركزية",
        "city:he": "נפת ח'ומיין",
        "province:he": "מרכזי",
        "city:tr": "Humeyn Şehristanı",
        "province:tr": "Merkezi",
        "city:ckb": "شارستانی خومەین",
        "province:ckb": "مەرکەزی",
        "publicId": "MTM6NzM",
        "sourceId": "73",
        "layerId": 13,
        "status": "active",
        "urgency": null,
        "verificationTag": null,
        "expirationDate": null,
        "createdAt": "2026-10-07T04:26:23.359Z",
        "updatedAt": "2026-10-07T04:26:23.359Z"
      }
    },
    {
      "type": "Feature",
      "id": 95577,
      "geometry": {
        "type": "Point",
        "coordinates": [
          51.70028149813,
          35.69184662549
        ]
      },
      "properties": {
        "id": "MTM6NTYy",
        "city": "سنجریان",
        "date": "1750410000",
        "name": "Sanjarian Nuclear Site",
        "type": "event",
        "name:fa": "سایت هسته‌ای سنجریان",
        "accurate": "yes",
        "province": "استان تهران",
        "geolocates": "https://isis-online.org/isis-reports/post-attack-assessment-of-the-first-12-days-of-israeli-strikes-on-iranian-nuclear-facilities",
        "name:en": "Sanjarian Nuclear Site",
        "city:en": "Sanjarian",
        "province:en": "Tehran",
        "name:ar": "موقع سنجريان النووي",
        "city:ar": "سنجريان",
        "province:ar": "طهران",
        "name:he": "האתר הגרעיני סנג'ריאן",
        "city:he": "סנג'ריאן",
        "province:he": "טהראן",
        "name:tr": "Senceriyan Nükleer Tesis Alanı",
        "city:tr": "Senceriyan",
        "province:tr": "Tahran",
        "name:ckb": "سایتی ناوەکیی سەنجەریان",
        "city:ckb": "سەنجەریان",
        "province:ckb": "تاران",
        "publicId": "MTM6NTYy",
        "sourceId": "562",
        "layerId": 13,
        "status": "active",
        "urgency": null,
        "verificationTag": null,
        "expirationDate": null,
        "createdAt": "2026-10-07T04:26:23.359Z",
        "updatedAt": "2026-10-07T04:26:23.359Z"
      }
    },
    {
      "type": "Feature",
      "id": 95578,
      "geometry": {
        "type": "Point",
        "coordinates": [
          50.72904824138,
          34.92176871554
        ]
      },
      "properties": {
        "id": "MTM6NDU1",
        "city": "شهرستان قم",
        "date": "1750237200-1750669200",
        "name": "Qom Missile Base",
        "type": "event",
        "name:fa": "مجموعه کوشک نصرت",
        "province": "استان قم",
        "geolocates": "https://x.com/BenTzionMacales/status/1941150522523688971",
        "name:en": "Kushk-e Nosrat Complex",
        "city:en": "Qom County",
        "province:en": "Qom",
        "name:ar": "مجمع كوشك نصرت",
        "city:ar": "مقاطعة قم",
        "province:ar": "قم",
        "name:he": "מתחם כושכ נסרת",
        "city:he": "נפת קום",
        "province:he": "קום",
        "name:tr": "Köşk-e Nusret Kompleksi",
        "city:tr": "Kum Şehristanı",
        "province:tr": "Kum",
        "name:ckb": "کۆمەڵگەی کوشک نوسرەت",
        "city:ckb": "شارستانی قوم",
        "province:ckb": "قوم",
        "publicId": "MTM6NDU1",
        "sourceId": "455",
        "layerId": 13,
        "status": "active",
        "urgency": null,
        "verificationTag": null,
        "expirationDate": null,
        "createdAt": "2026-10-07T04:26:23.359Z",
        "updatedAt": "2026-10-07T04:26:23.359Z"
      }
    },
    {
      "type": "Feature",
      "id": 95579,
      "geometry": {
        "type": "Point",
        "coordinates": [
          52.55858838022,
          29.72272374033
        ]
      },
      "properties": {
        "id": "MTM6NTA0",
        "city": "شهرستان شیراز",
        "date": "1750408200",
        "type": "event",
        "name:fa": "پایگاه هوافضا سپاه",
        "accurate": "yes",
        "province": "استان فارس",
        "unofficial_name": "IRGC Aerospace Force",
        "unofficial_name:fa": "پایگاه هوافضا سپاه",
        "name:en": "IRGC Aerospace Base",
        "city:en": "Shiraz County",
        "province:en": "Fars",
        "name:ar": "قاعدة الجو-فضائية للحرس الثوري",
        "city:ar": "مقاطعة شيراز",
        "province:ar": "فارس",
        "name:he": "בסיס חיל האוויר והחלל של משמרות המהפכה",
        "city:he": "נפת שיראז",
        "province:he": "פארס",
        "name:tr": "Devrim Muhafızları Havacılık ve Uzay Üssü",
        "city:tr": "Şiraz Şehristanı",
        "province:tr": "Fars",
        "name:ckb": "بنکەی هەوافەزای سوپا",
        "city:ckb": "شارستانی شیراز",
        "province:ckb": "فارس",
        "publicId": "MTM6NTA0",
        "sourceId": "504",
        "layerId": 13,
        "status": "active",
        "urgency": null,
        "verificationTag": null,
        "expirationDate": null,
        "createdAt": "2026-10-07T04:26:23.359Z",
        "updatedAt": "2026-10-07T04:26:23.359Z"
      }
    },
    {
      "type": "Feature",
      "id": 95580,
      "geometry": {
        "type": "Point",
        "coordinates": [
          50.43383895814,
          35.67953553671
        ]
      },
      "properties": {
        "id": "MTM6Mzk2",
        "city": "شهرستان اشتهارد",
        "date": "1749772800-1750755600",
        "type": "event",
        "name:fa": "پایگاه موشکی اشتهارد",
        "accurate": "yes",
        "province": "استان البرز",
        "geolocates": "https://x.com/BenTzionMacales/status/1941150251714597345",
        "unofficial_name": "Eshtehard Missile Base",
        "unofficial_name:fa": "پایگاه موشکی اشتهارد",
        "name:en": "Eshtehard Missile Base",
        "city:en": "Eshtehard County",
        "province:en": "Alborz",
        "name:ar": "قاعدة اشتهارد الصاروخية",
        "city:ar": "مقاطعة اشتهارد",
        "province:ar": "ألبرز",
        "name:he": "בסיס הטילים אשתהארד",
        "city:he": "נפת אשתהארד",
        "province:he": "אלבורז",
        "name:tr": "İştehard Füze Üssü",
        "city:tr": "İştehard Şehristanı",
        "province:tr": "Elburz",
        "name:ckb": "بنکەی مووشەکیی ئیشتەهارد",
        "city:ckb": "شارستانی ئیشتەهارد",
        "province:ckb": "ئەلبورز",
        "publicId": "MTM6Mzk2",
        "sourceId": "396",
        "layerId": 13,
        "status": "active",
        "urgency": null,
        "verificationTag": null,
        "expirationDate": null,
        "createdAt": "2026-10-07T04:26:23.359Z",
        "updatedAt": "2026-10-07T04:26:23.359Z"
      }
    },
    {
      "type": "Feature",
      "id": 95581,
      "geometry": {
        "type": "Point",
        "coordinates": [
          47.35968410835,
          34.51090638914
        ]
      },
      "properties": {
        "id": "MTM6MzM3",
        "city": "شهرستان هرسین",
        "date": "1749789000",
        "type": "event",
        "name:fa": "پایگاه موشکی",
        "sources": "https://t.me/mamlekate/95154",
        "accurate": "yes",
        "province": "استان کرمانشاه",
        "geolocates": "https://x.com/BenTzionMacales/status/1941149664696562045",
        "unofficial_name": "IRGC Aerospace Force",
        "unofficial_name:fa": "پایگاه موشکی",
        "name:en": "Missile Base",
        "city:en": "Harsin County",
        "province:en": "Kermanshah",
        "name:ar": "قاعدة صاروخية",
        "city:ar": "مقاطعة هرسين",
        "province:ar": "كرمانشاه",
        "name:he": "בסיס טילים",
        "province:he": "כרמאנשאה",
        "name:tr": "Füze Üssü",
        "city:tr": "Harsin Şehristanı",
        "province:tr": "Kirmanşah",
        "name:ckb": "بنکەی مووشەکی",
        "city:ckb": "شارستانی هەرسین",
        "province:ckb": "کرماشان",
        "publicId": "MTM6MzM3",
        "sourceId": "337",
        "layerId": 13,
        "status": "active",
        "urgency": null,
        "verificationTag": null,
        "expirationDate": null,
        "createdAt": "2026-10-07T04:26:23.359Z",
        "updatedAt": "2026-10-07T04:26:23.359Z"
      }
    },
    {
      "type": "Feature",
      "id": 95582,
      "geometry": {
        "type": "Point",
        "coordinates": [
          51.71170234144,
          32.46375637014
        ]
      },
      "properties": {
        "id": "MTM6Mjc4",
        "city": "شهرستان مبارکه",
        "date": "1750159800",
        "type": "event",
        "name:fa": "پایگاه موشکی اصفهان",
        "sources": "https://t.me/idfinfarsi/9564",
        "accurate": "yes",
        "province": "استان اصفهان",
        "geolocates": "https://x.com/BenTzionMacales/status/1941153026703774185",
        "unofficial_name": "Isfahan Missile Base",
        "unofficial_name:fa": "پایگاه موشکی اصفهان",
        "name:en": "Isfahan Missile Base",
        "city:en": "Mobarakeh County",
        "province:en": "Isfahan",
        "name:ar": "قاعدة أصفهان الصاروخية",
        "city:ar": "مقاطعة مباركة",
        "province:ar": "أصفهان",
        "name:he": "בסיס הטילים אספהאן",
        "city:he": "נפת מבראכה",
        "province:he": "אספהאן",
        "name:tr": "İsfahan Füze Üssü",
        "city:tr": "Mübareke Şehristanı",
        "province:tr": "İsfahan",
        "name:ckb": "بنکەی مووشەکیی ئەسفەهان",
        "city:ckb": "شارستانی موبارەکە",
        "province:ckb": "ئەسفەھان",
        "publicId": "MTM6Mjc4",
        "sourceId": "278",
        "layerId": 13,
        "status": "active",
        "urgency": null,
        "verificationTag": null,
        "expirationDate": null,
        "createdAt": "2026-10-07T04:26:23.359Z",
        "updatedAt": "2026-10-07T04:26:23.359Z"
      }
    },
    {
      "type": "Feature",
      "id": 95583,
      "geometry": {
        "type": "Point",
        "coordinates": [
          46.17761848211,
          37.97268819312
        ]
      },
      "properties": {
        "id": "MTM6MjAy",
        "city": "شهرستان تبریز",
        "date": "1749772800-1750494600",
        "name": "Tabriz Missile Base",
        "type": "event",
        "name:fa": "پایگاه موشکی تبریز",
        "accurate": "yes",
        "province": "استان آذربایجان شرقی",
        "geolocates": "https://x.com/BenTzionMacales/status/1941149553354530939",
        "name:en": "Tabriz Missile Base",
        "city:en": "Tabriz County",
        "province:en": "East Azerbaijan",
        "name:ar": "قاعدة تبريز الصاروخية",
        "city:ar": "مقاطعة تبريز",
        "province:ar": "أذربيجان الشرقية",
        "name:he": "בסיס הטילים תבריז",
        "city:he": "נפת תבריז",
        "province:he": "אזרבייג'ן המזרחית",
        "name:tr": "Tebriz Füze Üssü",
        "city:tr": "Tebriz Şehristanı",
        "province:tr": "Doğu Azerbaycan",
        "name:ckb": "بنکەی مووشەکیی تەورێز",
        "city:ckb": "شارستانی تەورێز",
        "province:ckb": "ئازەربایجانی ڕۆژھەڵات",
        "publicId": "MTM6MjAy",
        "sourceId": "202",
        "layerId": 13,
        "status": "active",
        "urgency": null,
        "verificationTag": null,
        "expirationDate": null,
        "createdAt": "2026-10-07T04:26:23.359Z",
        "updatedAt": "2026-10-07T04:26:23.359Z"
      }
    },
    {
      "type": "Feature",
      "id": 95584,
      "geometry": {
        "type": "Point",
        "coordinates": [
          51.82484060258,
          32.57676834087
        ]
      },
      "properties": {
        "id": "MTM6MTQ1",
        "city": "اصفهان",
        "date": "1750549800",
        "type": "event",
        "name:fa": "مجتمع هسته‌ای اصفهان",
        "accurate": "yes",
        "province": "استان اصفهان",
        "geolocates": "https://isis-online.org/isis-reports/post-attack-assessment-of-the-first-12-days-of-israeli-strikes-on-iranian-nuclear-facilities, https://x.com/detresfa_/status/1936827158351184078",
        "unofficial_name": "Isfahan Nuclear Complex",
        "unofficial_name:fa": "مجتمع هسته‌ای اصفهان",
        "name:en": "Isfahan Nuclear Complex",
        "city:en": "Isfahan",
        "province:en": "Isfahan",
        "name:ar": "مجمع أصفهان النووي",
        "city:ar": "أصفهان",
        "province:ar": "أصفهان",
        "name:he": "המתחם הגרעיני אספהאן",
        "city:he": "אספהאן",
        "province:he": "אספהאן",
        "name:tr": "İsfahan Nükleer Kompleksi",
        "city:tr": "İsfahan",
        "province:tr": "İsfahan",
        "name:ckb": "کۆمەڵگەی ناوەکیی ئەسفەهان",
        "city:ckb": "ئەسفەهان",
        "province:ckb": "ئەسفەھان",
        "publicId": "MTM6MTQ1",
        "sourceId": "145",
        "layerId": 13,
        "status": "active",
        "urgency": null,
        "verificationTag": null,
        "expirationDate": null,
        "createdAt": "2026-10-07T04:26:23.359Z",
        "updatedAt": "2026-10-07T04:26:23.359Z"
      }
    },
    {
      "type": "Feature",
      "id": 95585,
      "geometry": {
        "type": "Point",
        "coordinates": [
          50.0948989284,
          33.60926721373
        ]
      },
      "properties": {
        "id": "MTM6Nzk",
        "city": "شهرستان خمین",
        "date": "1750172400",
        "type": "event",
        "sources": "https://t.me/VahidOnline/65794, https://t.me/idfinfarsi/9564",
        "accurate": "yes",
        "province": "استان مرکزی",
        "geolocates": "https://x.com/BenTzionMacales/status/1941150617256484872",
        "city:en": "Khomein County",
        "province:en": "Markazi",
        "city:ar": "مقاطعة خمين",
        "province:ar": "المركزية",
        "city:he": "נפת ח'ומיין",
        "province:he": "מרכזי",
        "city:tr": "Humeyn Şehristanı",
        "province:tr": "Merkezi",
        "city:ckb": "شارستانی خومەین",
        "province:ckb": "مەرکەزی",
        "publicId": "MTM6Nzk",
        "sourceId": "79",
        "layerId": 13,
        "status": "active",
        "urgency": null,
        "verificationTag": null,
        "expirationDate": null,
        "createdAt": "2026-10-07T04:26:23.359Z",
        "updatedAt": "2026-10-07T04:26:23.359Z"
      }
    },
    {
      "type": "Feature",
      "id": 95586,
      "geometry": {
        "type": "Point",
        "coordinates": [
          51.38666957483,
          35.79774992998
        ]
      },
      "properties": {
        "id": "MTM6NTc2",
        "city": "تجریش",
        "date": "1750667400",
        "name": "Evin Prison",
        "type": "event",
        "name:fa": "زندان اوین",
        "accurate": "yes",
        "province": "استان تهران",
        "geolocates": "https://x.com/vahuburz/status/1942002550749765949, https://x.com/ForensicArchi/status/1941082889103286542",
        "name:en": "Evin Prison",
        "city:en": "Tajrish",
        "province:en": "Tehran",
        "name:ar": "سجن إفين",
        "city:ar": "تجريش",
        "province:ar": "طهران",
        "name:he": "כלא אווין",
        "city:he": "תג'ריש",
        "province:he": "טהראן",
        "name:tr": "Evin Cezaevi",
        "city:tr": "Tecriş",
        "province:tr": "Tahran",
        "name:ckb": "بەندیخانەی ئەوین",
        "city:ckb": "تەجریش",
        "province:ckb": "تاران",
        "publicId": "MTM6NTc2",
        "sourceId": "576",
        "layerId": 13,
        "status": "active",
        "urgency": null,
        "verificationTag": null,
        "expirationDate": null,
        "createdAt": "2026-10-07T04:26:23.359Z",
        "updatedAt": "2026-10-07T04:26:23.359Z"
      }
    },
    {
      "type": "Feature",
      "id": 95587,
      "geometry": {
        "type": "Point",
        "coordinates": [
          51.42309665412,
          32.6982924011
        ]
      },
      "properties": {
        "id": "MTM6NDY5",
        "city": "شهرستان نجف آباد",
        "date": "1750159800",
        "type": "event",
        "name:fa": "پایگاه موشکی اصفهان",
        "sources": "https://t.me/idfinfarsi/9564",
        "accurate": "yes",
        "province": "استان اصفهان",
        "geolocates": "https://x.com/BenTzionMacales/status/1941151953859301583",
        "unofficial_name": "Isfahan Missile Base",
        "unofficial_name:fa": "پایگاه موشکی اصفهان",
        "name:en": "Isfahan Missile Base",
        "city:en": "Najafabad County",
        "province:en": "Isfahan",
        "name:ar": "قاعدة أصفهان الصاروخية",
        "city:ar": "مقاطعة نجف آباد",
        "province:ar": "أصفهان",
        "name:he": "בסיס הטילים אספהאן",
        "city:he": "נפת נג'ף אבאד",
        "province:he": "אספהאן",
        "name:tr": "İsfahan Füze Üssü",
        "city:tr": "Necefabad Şehristanı",
        "province:tr": "İsfahan",
        "name:ckb": "بنکەی مووشەکیی ئەسفەهان",
        "city:ckb": "شارستانی نەجەفئاباد",
        "province:ckb": "ئەسفەھان",
        "publicId": "MTM6NDY5",
        "sourceId": "469",
        "layerId": 13,
        "status": "active",
        "urgency": null,
        "verificationTag": null,
        "expirationDate": null,
        "createdAt": "2026-10-07T04:26:23.359Z",
        "updatedAt": "2026-10-07T04:26:23.359Z"
      }
    },
    {
      "type": "Feature",
      "id": 95588,
      "geometry": {
        "type": "Point",
        "coordinates": [
          47.2309112522,
          34.3631505303
        ]
      },
      "properties": {
        "id": "MTM6NTE4",
        "city": "شهرستان کرمانشاه",
        "date": "1749772800-1750064400",
        "type": "event",
        "name:fa": "پایگاه موشکی کرمانشاه",
        "accurate": "yes",
        "province": "استان کرمانشاه",
        "geolocates": "https://x.com/detresfa_/status/1934508002079637523, https://x.com/BenTzionMacales/status/1941149607251345610, https://x.com/Shayan86/status/1934437475398619365",
        "unofficial_name": "Kermanshah Missile Base",
        "unofficial_name:fa": "پایگاه موشکی کرمانشاه",
        "name:en": "Kermanshah Missile Base",
        "city:en": "Kermanshah County",
        "province:en": "Kermanshah",
        "name:ar": "قاعدة كرمانشاه الصاروخية",
        "city:ar": "مقاطعة كرمانشاه",
        "province:ar": "كرمانشاه",
        "name:he": "בסיס הטילים כרמאנשאה",
        "province:he": "כרמאנשאה",
        "name:tr": "Kirmanşah Füze Üssü",
        "city:tr": "Kirmanşah Şehristanı",
        "province:tr": "Kirmanşah",
        "name:ckb": "بنکەی مووشەکیی کرماشان",
        "city:ckb": "شارستانی کرماشان",
        "province:ckb": "کرماشان",
        "publicId": "MTM6NTE4",
        "sourceId": "518",
        "layerId": 13,
        "status": "active",
        "urgency": null,
        "verificationTag": null,
        "expirationDate": null,
        "createdAt": "2026-10-07T04:26:23.359Z",
        "updatedAt": "2026-10-07T04:26:23.359Z"
      }
    },
    {
      "type": "Feature",
      "id": 95589,
      "geometry": {
        "type": "Point",
        "coordinates": [
          50.44000938401,
          35.67800713504
        ]
      },
      "properties": {
        "id": "MTM6NDEw",
        "city": "شهرستان اشتهارد",
        "date": "1749772800-1750755600",
        "type": "event",
        "name:fa": "پایگاه موشکی اشتهارد",
        "accurate": "yes",
        "province": "استان البرز",
        "geolocates": "https://x.com/BenTzionMacales/status/1941150251714597345",
        "unofficial_name": "Eshtehard Missile Base",
        "unofficial_name:fa": "پایگاه موشکی اشتهارد",
        "name:en": "Eshtehard Missile Base",
        "city:en": "Eshtehard County",
        "province:en": "Alborz",
        "name:ar": "قاعدة اشتهارد الصاروخية",
        "city:ar": "مقاطعة اشتهارد",
        "province:ar": "ألبرز",
        "name:he": "בסיס הטילים אשתהארד",
        "city:he": "נפת אשתהארד",
        "province:he": "אלבורז",
        "name:tr": "İştehard Füze Üssü",
        "city:tr": "İştehard Şehristanı",
        "province:tr": "Elburz",
        "name:ckb": "بنکەی مووشەکیی ئیشتەهارد",
        "city:ckb": "شارستانی ئیشتەهارد",
        "province:ckb": "ئەلبورز",
        "publicId": "MTM6NDEw",
        "sourceId": "410",
        "layerId": 13,
        "status": "active",
        "urgency": null,
        "verificationTag": null,
        "expirationDate": null,
        "createdAt": "2026-10-07T04:26:23.359Z",
        "updatedAt": "2026-10-07T04:26:23.359Z"
      }
    },
    {
      "type": "Feature",
      "id": 95590,
      "geometry": {
        "type": "Point",
        "coordinates": [
          47.35521957144,
          34.53026429463
        ]
      },
      "properties": {
        "id": "MTM6MzQz",
        "city": "شهرستان هرسین",
        "date": "1749789000",
        "type": "event",
        "name:fa": "پایگاه موشکی",
        "sources": "https://t.me/mamlekate/95154",
        "accurate": "yes",
        "province": "استان کرمانشاه",
        "geolocates": "https://x.com/BenTzionMacales/status/1941149664696562045",
        "unofficial_name": "IRGC Aerospace Force",
        "unofficial_name:fa": "پایگاه موشکی",
        "name:en": "Missile Base",
        "city:en": "Harsin County",
        "province:en": "Kermanshah",
        "name:ar": "قاعدة صاروخية",
        "city:ar": "مقاطعة هرسين",
        "province:ar": "كرمانشاه",
        "name:he": "בסיס טילים",
        "province:he": "כרמאנשאה",
        "name:tr": "Füze Üssü",
        "city:tr": "Harsin Şehristanı",
        "province:tr": "Kirmanşah",
        "name:ckb": "بنکەی مووشەکی",
        "city:ckb": "شارستانی هەرسین",
        "province:ckb": "کرماشان",
        "publicId": "MTM6MzQz",
        "sourceId": "343",
        "layerId": 13,
        "status": "active",
        "urgency": null,
        "verificationTag": null,
        "expirationDate": null,
        "createdAt": "2026-10-07T04:26:23.359Z",
        "updatedAt": "2026-10-07T04:26:23.359Z"
      }
    },
    {
      "type": "Feature",
      "id": 95591,
      "geometry": {
        "type": "Point",
        "coordinates": [
          50.9012112008,
          35.62618877967
        ]
      },
      "properties": {
        "id": "MTM6Mjg0",
        "city": "شهرستان ملارد",
        "date": "1749772800-1750410000",
        "type": "event",
        "name:fa": "مجموعه موشکی بیدگنه",
        "accurate": "yes",
        "province": "استان تهران",
        "geolocates": "https://x.com/BenTzionMacales/status/1941150328868741171",
        "unofficial_name": "Bidkaneh Missile Base",
        "unofficial_name:fa": "مجموعه موشکی بیدگنه",
        "name:en": "Bidganeh Missile Complex",
        "city:en": "Malard County",
        "province:en": "Tehran",
        "name:ar": "مجمع بيدغنه الصاروخي",
        "city:ar": "مقاطعة ملارد",
        "province:ar": "طهران",
        "name:he": "מתחם הטילים בידגנה",
        "province:he": "טהראן",
        "name:tr": "Bidganeh Füze Kompleksi",
        "city:tr": "Malard Şehristanı",
        "province:tr": "Tahran",
        "name:ckb": "کۆمەڵگەی مووشەکیی بیدگەنە",
        "city:ckb": "شارستانی مەڵارد",
        "province:ckb": "تاران",
        "publicId": "MTM6Mjg0",
        "sourceId": "284",
        "layerId": 13,
        "status": "active",
        "urgency": null,
        "verificationTag": null,
        "expirationDate": null,
        "createdAt": "2026-10-07T04:26:23.359Z",
        "updatedAt": "2026-10-07T04:26:23.359Z"
      }
    },
    {
      "type": "Feature",
      "id": 95592,
      "geometry": {
        "type": "Point",
        "coordinates": [
          46.14222943246,
          38.24837596611
        ]
      },
      "properties": {
        "id": "MTM6MjA3",
        "city": "شهرستان شبستر",
        "date": "1749772800-1749889800",
        "name": "Tabriz Missile Base",
        "type": "event",
        "accurate": "yes",
        "province": "استان آذربایجان شرقی",
        "geolocates": "https://x.com/detresfa_/status/1933921836271579342, https://x.com/BenTzionMacales/status/1941149498425950483",
        "city:en": "Shabestar County",
        "province:en": "East Azerbaijan",
        "city:ar": "مقاطعة شبستر",
        "province:ar": "أذربيجان الشرقية",
        "city:he": "נפת שבסטר",
        "province:he": "אזרבייג'ן המזרחית",
        "city:tr": "Şebister Şehristanı",
        "province:tr": "Doğu Azerbaycan",
        "city:ckb": "شارستانی شەبستەر",
        "province:ckb": "ئازەربایجانی ڕۆژھەڵات",
        "publicId": "MTM6MjA3",
        "sourceId": "207",
        "layerId": 13,
        "status": "active",
        "urgency": null,
        "verificationTag": null,
        "expirationDate": null,
        "createdAt": "2026-10-07T04:26:23.359Z",
        "updatedAt": "2026-10-07T04:26:23.359Z"
      }
    },
    {
      "type": "Feature",
      "id": 95593,
      "geometry": {
        "type": "Point",
        "coordinates": [
          48.18127151012,
          33.5784795854
        ]
      },
      "properties": {
        "id": "MTM6MTUx",
        "city": "شهرستان چگنی",
        "date": "1749943800",
        "type": "event",
        "name:fa": "پایگاه موشکی خرم‌آباد",
        "sources": "https://t.me/P_raetorio/27657",
        "province": "استان لرستان",
        "geolocates": "https://x.com/BenTzionMacales/status/1941149920616181897",
        "unofficial_name": "KhoramAbad Missile Base",
        "unofficial_name:fa": "پایگاه موشکی خرم‌آباد",
        "name:en": "Khorramabad Missile Base",
        "city:en": "Chegeni County",
        "province:en": "Lorestan",
        "name:ar": "قاعدة خرم آباد الصاروخية",
        "city:ar": "مقاطعة تشكني",
        "province:ar": "لرستان",
        "name:he": "בסיס הטילים ח'ורמאבאד",
        "city:he": "נפת צ'גני",
        "province:he": "לורסתאן",
        "name:tr": "Hürremabad Füze Üssü",
        "city:tr": "Çegeni Şehristanı",
        "province:tr": "Luristan",
        "name:ckb": "بنکەی مووشەکیی خورەمئاباد",
        "city:ckb": "شارستانی چەگەنی",
        "province:ckb": "لوڕستان",
        "publicId": "MTM6MTUx",
        "sourceId": "151",
        "layerId": 13,
        "status": "active",
        "urgency": null,
        "verificationTag": null,
        "expirationDate": null,
        "createdAt": "2026-10-07T04:26:23.359Z",
        "updatedAt": "2026-10-07T04:26:23.359Z"
      }
    },
    {
      "type": "Feature",
      "id": 95594,
      "geometry": {
        "type": "Point",
        "coordinates": [
          48.32246973976,
          32.60742071093
        ]
      },
      "properties": {
        "id": "MTM6OTM",
        "city": "شهرستان اندیمشک",
        "date": "1749772800-1750235400",
        "type": "event",
        "name:fa": "پایگاه موشکی دزفول",
        "accurate": "yes",
        "province": "استان خوزستان",
        "geolocates": "https://x.com/BenTzionMacales/status/1941150089520861475",
        "unofficial_name": "Dezful Missile Base",
        "unofficial_name:fa": "پایگاه موشکی دزفول",
        "name:en": "Dezful Missile Base",
        "city:en": "Andimeshk County",
        "province:en": "Khuzestan",
        "name:ar": "قاعدة دزفول الصاروخية",
        "city:ar": "مقاطعة أنديمشك",
        "province:ar": "خوزستان",
        "name:he": "בסיס הטילים דזפול",
        "city:he": "נפת אנדיימשכ",
        "province:he": "ח'וזסתאן",
        "name:tr": "Dezful Füze Üssü",
        "city:tr": "Endimşk Şehristanı",
        "province:tr": "Huzistan",
        "name:ckb": "بنکەی مووشەکیی دزفوول",
        "city:ckb": "شارستانی ئەندیمەشک",
        "province:ckb": "خووزستان",
        "publicId": "MTM6OTM",
        "sourceId": "93",
        "layerId": 13,
        "status": "active",
        "urgency": null,
        "verificationTag": null,
        "expirationDate": null,
        "createdAt": "2026-10-07T04:26:23.359Z",
        "updatedAt": "2026-10-07T04:26:23.359Z"
      }
    },
    {
      "type": "Feature",
      "id": 95595,
      "geometry": {
        "type": "Point",
        "coordinates": [
          48.39357375026,
          32.55470815622
        ]
      },
      "properties": {
        "id": "MTM6NTgy",
        "city": "شهرستان اندیمشک",
        "date": "1750510800",
        "type": "event",
        "sources": "https://t.me/mamlekate/96077",
        "province": "استان خوزستان",
        "geolocates": "https://x.com/andynovy/status/1936445697273864462",
        "city:en": "Andimeshk County",
        "province:en": "Khuzestan",
        "city:ar": "مقاطعة أنديمشك",
        "province:ar": "خوزستان",
        "city:he": "נפת אנדמישכ",
        "province:he": "ח'וזסתאן",
        "city:tr": "Andimeşk Şehristanı",
        "province:tr": "Huzistan",
        "city:ckb": "شارستانی ئەندیمەشک",
        "province:ckb": "خووزستان",
        "publicId": "MTM6NTgy",
        "sourceId": "582",
        "layerId": 13,
        "status": "active",
        "urgency": null,
        "verificationTag": null,
        "expirationDate": null,
        "createdAt": "2026-10-07T04:26:23.359Z",
        "updatedAt": "2026-10-07T04:26:23.359Z"
      }
    },
    {
      "type": "Feature",
      "id": 95596,
      "geometry": {
        "type": "Point",
        "coordinates": [
          51.43147051066,
          32.69459059672
        ]
      },
      "properties": {
        "id": "MTM6NDc1",
        "city": "شهرستان نجف آباد",
        "date": "1750159800",
        "type": "event",
        "name:fa": "پایگاه موشکی اصفهان",
        "sources": "https://t.me/idfinfarsi/9564",
        "province": "استان اصفهان",
        "geolocates": "https://x.com/BenTzionMacales/status/1941151953859301583",
        "unofficial_name": "Isfahan Missile Base",
        "unofficial_name:fa": "پایگاه موشکی اصفهان",
        "name:en": "Isfahan Missile Base",
        "city:en": "Najafabad County",
        "province:en": "Isfahan",
        "name:ar": "قاعدة أصفهان الصاروخية",
        "city:ar": "مقاطعة نجف آباد",
        "province:ar": "أصفهان",
        "name:he": "בסיס הטילים אספהאן",
        "city:he": "נפת נג'ף אבאד",
        "province:he": "אספהאן",
        "name:tr": "İsfahan Füze Üssü",
        "city:tr": "Necefabad Şehristanı",
        "province:tr": "İsfahan",
        "name:ckb": "بنکەی مووشەکیی ئەسفەهان",
        "city:ckb": "شارستانی نەجەفئاباد",
        "province:ckb": "ئەسفەھان",
        "publicId": "MTM6NDc1",
        "sourceId": "475",
        "layerId": 13,
        "status": "active",
        "urgency": null,
        "verificationTag": null,
        "expirationDate": null,
        "createdAt": "2026-10-07T04:26:23.359Z",
        "updatedAt": "2026-10-07T04:26:23.359Z"
      }
    },
    {
      "type": "Feature",
      "id": 95597,
      "geometry": {
        "type": "Point",
        "coordinates": [
          49.24484251857,
          34.36907747569
        ]
      },
      "properties": {
        "id": "MTM6NTI0",
        "city": "شهرستان خنداب",
        "date": "1750300200",
        "name": "Heavy Water Production Plant",
        "type": "event",
        "name:fa": "کارخانه تولید آب سنگین",
        "sources": "https://t.me/VahidOnline/65956",
        "accurate": "yes",
        "province": "استان مرکزی",
        "geolocates": "https://isis-online.org/isis-reports/post-attack-assessment-of-the-first-12-days-of-israeli-strikes-on-iranian-nuclear-facilities, https://x.com/osc_london/status/1935685553787146319",
        "name:en": "Heavy Water Production Plant",
        "city:en": "Khondab County",
        "province:en": "Markazi",
        "name:ar": "مصنع إنتاج الماء الثقيل",
        "city:ar": "مقاطعة خنداب",
        "province:ar": "المركزية",
        "name:he": "מפעל לייצור מים כבדים",
        "city:he": "נפת ח'נדאב",
        "province:he": "מרכזי",
        "name:tr": "Ağır Su Üretim Fabrikası",
        "city:tr": "Hendab Şehristanı",
        "province:tr": "Merkezi",
        "name:ckb": "کارگەی بەرهەمهێنانی ئاوی قورس",
        "city:ckb": "شارستانی خەنداب",
        "province:ckb": "مەرکەزی",
        "publicId": "MTM6NTI0",
        "sourceId": "524",
        "layerId": 13,
        "status": "active",
        "urgency": null,
        "verificationTag": null,
        "expirationDate": null,
        "createdAt": "2026-10-07T04:26:23.359Z",
        "updatedAt": "2026-10-07T04:26:23.359Z"
      }
    },
    {
      "type": "Feature",
      "id": 95598,
      "geometry": {
        "type": "Point",
        "coordinates": [
          50.91242551535,
          35.62297293246
        ]
      },
      "properties": {
        "id": "MTM6NDE2",
        "city": "شهرستان ملارد",
        "date": "1749772800-1750410000",
        "type": "event",
        "name:fa": "مجموعه موشکی بیدگنه",
        "accurate": "yes",
        "province": "استان تهران",
        "geolocates": "https://x.com/BenTzionMacales/status/1941150328868741171",
        "unofficial_name": "Bidkaneh Missile Base",
        "unofficial_name:fa": "مجموعه موشکی بیدگنه",
        "name:en": "Bidganeh Missile Complex",
        "city:en": "Malard County",
        "province:en": "Tehran",
        "name:ar": "مجمع بيدغنه الصاروخي",
        "city:ar": "مقاطعة ملارد",
        "province:ar": "طهران",
        "name:he": "מתחם הטילים בידגנה",
        "city:he": "נפת מלארד",
        "province:he": "טהראן",
        "name:tr": "Bidganeh Füze Kompleksi",
        "city:tr": "Malard Şehristanı",
        "province:tr": "Tahran",
        "name:ckb": "کۆمەڵگەی مووشەکیی بیدگەنە",
        "city:ckb": "شارستانی مەڵارد",
        "province:ckb": "تاران",
        "publicId": "MTM6NDE2",
        "sourceId": "416",
        "layerId": 13,
        "status": "active",
        "urgency": null,
        "verificationTag": null,
        "expirationDate": null,
        "createdAt": "2026-10-07T04:26:23.359Z",
        "updatedAt": "2026-10-07T04:26:23.359Z"
      }
    },
    {
      "type": "Feature",
      "id": 95599,
      "geometry": {
        "type": "Point",
        "coordinates": [
          47.87782788008,
          34.43945794423
        ]
      },
      "properties": {
        "id": "MTM6MzU3",
        "city": "شهرستان کنگاور",
        "date": "1749897000",
        "type": "event",
        "name:fa": "پایگاه موشکی کنگاور",
        "accurate": "yes",
        "province": "استان کرمانشاه",
        "geolocates": "https://x.com/BenTzionMacales/status/1941149847828177109",
        "unofficial_name": "Kangavar Missile Base",
        "unofficial_name:fa": "پایگاه موشکی کنگاور",
        "name:en": "Kangavar Missile Base",
        "city:en": "Kangavar County",
        "province:en": "Kermanshah",
        "name:ar": "قاعدة كنكاور الصاروخية",
        "city:ar": "مقاطعة كنكاور",
        "province:ar": "كرمانشاه",
        "name:he": "בסיס הטילים כנגאור",
        "city:he": "נפת כנגאור",
        "province:he": "כרמאנשאה",
        "name:tr": "Kangavar Füze Üssü",
        "city:tr": "Kangavar Şehristanı",
        "province:tr": "Kirmanşah",
        "name:ckb": "بنکەی مووشەکیی کەنگاوەر",
        "city:ckb": "شارستانی کەنگاوەر",
        "province:ckb": "کرماشان",
        "publicId": "MTM6MzU3",
        "sourceId": "357",
        "layerId": 13,
        "status": "active",
        "urgency": null,
        "verificationTag": null,
        "expirationDate": null,
        "createdAt": "2026-10-07T04:26:23.359Z",
        "updatedAt": "2026-10-07T04:26:23.359Z"
      }
    },
    {
      "type": "Feature",
      "id": 95600,
      "geometry": {
        "type": "Point",
        "coordinates": [
          51.32852733001,
          35.68173166977
        ]
      },
      "properties": {
        "id": "MTM6Mjk4",
        "city": "تهران",
        "date": "1749902400",
        "type": "event",
        "accurate": "yes",
        "province": "استان تهران",
        "geolocates": "https://x.com/Stinky915846091/status/1933863074609406439",
        "city:en": "Tehran",
        "province:en": "Tehran",
        "city:ar": "طهران",
        "province:ar": "طهران",
        "city:he": "טהראן",
        "province:he": "טהראן",
        "city:tr": "Tahran",
        "province:tr": "Tahran",
        "city:ckb": "تاران",
        "province:ckb": "تاران",
        "publicId": "MTM6Mjk4",
        "sourceId": "298",
        "layerId": 13,
        "status": "active",
        "urgency": null,
        "verificationTag": null,
        "expirationDate": null,
        "createdAt": "2026-10-07T04:26:23.359Z",
        "updatedAt": "2026-10-07T04:26:23.359Z"
      }
    },
    {
      "type": "Feature",
      "id": 95601,
      "geometry": {
        "type": "Point",
        "coordinates": [
          48.21651309595,
          33.55246793551
        ]
      },
      "properties": {
        "id": "MTM6MjIx",
        "city": "شهرستان چگنی",
        "date": "1749943800",
        "type": "event",
        "name:fa": "پایگاه موشکی خرم‌آباد",
        "sources": "https://t.me/P_raetorio/27657",
        "accurate": "yes",
        "province": "استان لرستان",
        "geolocates": "https://x.com/BenTzionMacales/status/1941149999192216043",
        "unofficial_name": "KhoramAbad Missile Base",
        "unofficial_name:fa": "پایگاه موشکی خرم‌آباد",
        "name:en": "Khorramabad Missile Base",
        "city:en": "Chegeni County",
        "province:en": "Lorestan",
        "name:ar": "قاعدة خرم آباد الصاروخية",
        "city:ar": "مقاطعة تشكني",
        "province:ar": "لرستان",
        "name:he": "בסיס הטילים חורמאבאד",
        "city:he": "צ'גני",
        "province:he": "לורסתאן",
        "name:tr": "Hürremabad Füze Üssü",
        "city:tr": "Çegeni Şehristanı",
        "province:tr": "Luristan",
        "name:ckb": "بنکەی مووشەکیی خۆڕەماوا",
        "city:ckb": "شارستانی چەگێنی",
        "province:ckb": "لوڕستان",
        "publicId": "MTM6MjIx",
        "sourceId": "221",
        "layerId": 13,
        "status": "active",
        "urgency": null,
        "verificationTag": null,
        "expirationDate": null,
        "createdAt": "2026-10-07T04:26:23.359Z",
        "updatedAt": "2026-10-07T04:26:23.359Z"
      }
    },
    {
      "type": "Feature",
      "id": 95602,
      "geometry": {
        "type": "Point",
        "coordinates": [
          46.12394212604,
          38.25296784532
        ]
      },
      "properties": {
        "id": "MTM6MTY1",
        "city": "شهرستان شبستر",
        "date": "1749772800-1749889800",
        "name": "Tabriz Missile Base",
        "type": "event",
        "name:fa": "پایگاه موشکی تبریز",
        "accurate": "yes",
        "province": "استان آذربایجان شرقی",
        "geolocates": "https://x.com/byjepstein/status/1935088275930366010, https://x.com/BenTzionMacales/status/1941149498425950483",
        "name:en": "Tabriz Missile Base",
        "city:en": "Shabestar County",
        "province:en": "East Azerbaijan",
        "name:ar": "قاعدة تبريز الصاروخية",
        "city:ar": "مقاطعة شبستر",
        "province:ar": "أذربيجان الشرقية",
        "name:tr": "Tebriz Füze Üssü",
        "city:tr": "Şebister Şehristanı",
        "province:tr": "Doğu Azerbaycan",
        "name:ckb": "بنکەی مووشەکیی تەبرێز",
        "city:ckb": "شارستانی شەبستەر",
        "province:ckb": "ئازەربایجانی ڕۆژھەڵات",
        "name:he": "בסיס הטילים תבריז",
        "city:he": "נפת שבסטר",
        "province:he": "אזרבייג'ן המזרחית",
        "publicId": "MTM6MTY1",
        "sourceId": "165",
        "layerId": 13,
        "status": "active",
        "urgency": null,
        "verificationTag": null,
        "expirationDate": null,
        "createdAt": "2026-10-07T04:26:23.359Z",
        "updatedAt": "2026-10-07T04:26:23.359Z"
      }
    },
    {
      "type": "Feature",
      "id": 95603,
      "geometry": {
        "type": "Point",
        "coordinates": [
          47.22849458188,
          34.36053342205
        ]
      },
      "properties": {
        "id": "MTM6OTk",
        "city": "شهرستان کرمانشاه",
        "date": "1749772800-1750064400",
        "type": "event",
        "name:fa": "پایگاه موشکی کرمانشاه",
        "accurate": "yes",
        "province": "استان کرمانشاه",
        "geolocates": "https://x.com/detresfa_/status/1934508002079637523, https://x.com/BenTzionMacales/status/1941149607251345610, https://x.com/Shayan86/status/1934437475398619365",
        "unofficial_name": "Kermanshah Missile Base",
        "unofficial_name:fa": "پایگاه موشکی کرمانشاه",
        "name:en": "Kermanshah Missile Base",
        "city:en": "Kermanshah County",
        "province:en": "Kermanshah",
        "name:ar": "قاعدة كرمانشاه الصاروخية",
        "city:ar": "مقاطعة كرمانشاه",
        "province:ar": "كرمانشاه",
        "name:he": "בסיס הטילים כרמאנשאה",
        "city:he": "נפת כרמאנשאה",
        "province:he": "כרמאנשאה",
        "name:tr": "Kirmanşah Füze Üssü",
        "city:tr": "Kirmanşah Şehristanı",
        "province:tr": "Kirmanşah",
        "name:ckb": "بنکەی مووشەکیی کرماشان",
        "city:ckb": "شارستانی کرماشان",
        "province:ckb": "کرماشان",
        "publicId": "MTM6OTk",
        "sourceId": "99",
        "layerId": 13,
        "status": "active",
        "urgency": null,
        "verificationTag": null,
        "expirationDate": null,
        "createdAt": "2026-10-07T04:26:23.359Z",
        "updatedAt": "2026-10-07T04:26:23.359Z"
      }
    },
    {
      "type": "Feature",
      "id": 95604,
      "geometry": {
        "type": "Point",
        "coordinates": [
          55.27871845007,
          36.23617371877
        ]
      },
      "properties": {
        "id": "MTM6NTk2",
        "city": "شهرستان شاهرود",
        "date": "1749772800-1750755600",
        "name": "Shahroud Space Center",
        "type": "event",
        "name:fa": "پایگاه فضایی شاهرود",
        "province": "استان سمنان",
        "geolocates": "https://x.com/BenTzionMacales/status/1941159045647262057",
        "name:en": "Shahroud Space Base",
        "city:en": "Shahroud County",
        "province:en": "Semnan",
        "name:ar": "قاعدة شاهرود الفضائية",
        "city:ar": "مقاطعة شاهرود",
        "province:ar": "سمنان",
        "name:he": "בסיס החלל שאהרוד",
        "city:he": "נפת שאהרוד",
        "province:he": "סמנאן",
        "name:tr": "Şahrud Uzay Üssü",
        "city:tr": "Şahrud Şehristanı",
        "province:tr": "Simnan",
        "name:ckb": "بنکەی بۆشاییی شاهرود",
        "city:ckb": "شارستانی شاهرود",
        "province:ckb": "سمنان",
        "publicId": "MTM6NTk2",
        "sourceId": "596",
        "layerId": 13,
        "status": "active",
        "urgency": null,
        "verificationTag": null,
        "expirationDate": null,
        "createdAt": "2026-10-07T04:26:23.359Z",
        "updatedAt": "2026-10-07T04:26:23.359Z"
      }
    },
    {
      "type": "Feature",
      "id": 95605,
      "geometry": {
        "type": "Point",
        "coordinates": [
          51.72152995527,
          32.45520611112
        ]
      },
      "properties": {
        "id": "MTM6NDg5",
        "city": "شهرستان مبارکه",
        "date": "1750159800",
        "type": "event",
        "name:fa": "پایگاه موشکی اصفهان",
        "sources": "https://t.me/idfinfarsi/9564",
        "accurate": "yes",
        "province": "استان اصفهان",
        "geolocates": "https://x.com/BenTzionMacales/status/1941153026703774185",
        "unofficial_name": "Isfahan Missile Base",
        "unofficial_name:fa": "پایگاه موشکی اصفهان",
        "name:en": "Isfahan Missile Base",
        "city:en": "Mobarakeh County",
        "province:en": "Isfahan",
        "name:ar": "قاعدة أصفهان الصاروخية",
        "city:ar": "مقاطعة مباركة",
        "province:ar": "أصفهان",
        "name:he": "בסיס הטילים אספהאן",
        "city:he": "מבארכה",
        "province:he": "אספהאן",
        "name:tr": "İsfahan Füze Üssü",
        "city:tr": "Mubarake Şehristanı",
        "province:tr": "İsfahan",
        "name:ckb": "بنکەی مووشەکیی ئەسفەهان",
        "city:ckb": "شارستانی موبارەکە",
        "province:ckb": "ئەسفەھان",
        "publicId": "MTM6NDg5",
        "sourceId": "489",
        "layerId": 13,
        "status": "active",
        "urgency": null,
        "verificationTag": null,
        "expirationDate": null,
        "createdAt": "2026-10-07T04:26:23.359Z",
        "updatedAt": "2026-10-07T04:26:23.359Z"
      }
    },
    {
      "type": "Feature",
      "id": 95606,
      "geometry": {
        "type": "Point",
        "coordinates": [
          47.15951084554,
          34.35188664379
        ]
      },
      "properties": {
        "id": "MTM6NTM3",
        "city": "کرمانشاه",
        "date": "1750235400",
        "name": "Kermanshah Army Aviation Base",
        "type": "event",
        "mission": "destroyed AH-1",
        "name:fa": "پایگاه هوانیروز کرمانشاه",
        "accurate": "yes",
        "province": "استان کرمانشاه",
        "geolocates": "https://x.com/detresfa_/status/1935290899434520919, https://x.com/Stinky915846091/status/1935353347382407464",
        "unofficial_name:fa": "پایگاه هوانیروز کرمانشاه",
        "name:en": "Kermanshah Army Aviation Base",
        "city:en": "Kermanshah",
        "province:en": "Kermanshah",
        "name:ar": "قاعدة طيران الجيش في كرمانشاه",
        "city:ar": "كرمانشاه",
        "province:ar": "كرمانشاه",
        "name:he": "בסיס תעופת צבא היבשה כרמאנשאה",
        "city:he": "כרמאנשאה",
        "province:he": "כרמאנשאה",
        "name:tr": "Kirmanşah Kara Havacılık Üssü",
        "city:tr": "Kirmanşah",
        "province:tr": "Kirmanşah",
        "name:ckb": "بنکەی هەوانیرۆزی کرماشان",
        "city:ckb": "کرماشان",
        "province:ckb": "کرماشان",
        "publicId": "MTM6NTM3",
        "sourceId": "537",
        "layerId": 13,
        "status": "active",
        "urgency": null,
        "verificationTag": null,
        "expirationDate": null,
        "createdAt": "2026-10-07T04:26:23.359Z",
        "updatedAt": "2026-10-07T04:26:23.359Z"
      }
    },
    {
      "type": "Feature",
      "id": 95607,
      "geometry": {
        "type": "Point",
        "coordinates": [
          50.88685869634,
          35.58115295746
        ]
      },
      "properties": {
        "id": "MTM6NDMw",
        "city": "شهرستان شهریار",
        "date": "1749772800-1750410000",
        "type": "event",
        "name:fa": "مجموعه موشکی بیدگنه",
        "accurate": "yes",
        "province": "استان تهران",
        "geolocates": "https://x.com/BenTzionMacales/status/1941150385441566832",
        "unofficial_name": "Bidkaneh Missile Base",
        "unofficial_name:fa": "مجموعه موشکی بیدگنه",
        "name:en": "Bidganeh Missile Complex",
        "city:en": "Shahriar County",
        "province:en": "Tehran",
        "name:ar": "مجمع بيدغنه الصاروخي",
        "city:ar": "مقاطعة شهريار",
        "province:ar": "طهران",
        "name:he": "מתחם הטילים בידגנה",
        "province:he": "טהראן",
        "name:tr": "Bidgene Füze Kompleksi",
        "city:tr": "Şehriyar Şehristanı",
        "province:tr": "Tahran",
        "name:ckb": "کۆمەڵگەی مووشەکیی بیدگەنە",
        "city:ckb": "شارستانی شەهریار",
        "province:ckb": "تاران",
        "publicId": "MTM6NDMw",
        "sourceId": "430",
        "layerId": 13,
        "status": "active",
        "urgency": null,
        "verificationTag": null,
        "expirationDate": null,
        "createdAt": "2026-10-07T04:26:23.359Z",
        "updatedAt": "2026-10-07T04:26:23.359Z"
      }
    },
    {
      "type": "Feature",
      "id": 95608,
      "geometry": {
        "type": "Point",
        "coordinates": [
          48.18029522628,
          33.58531053386
        ]
      },
      "properties": {
        "id": "MTM6MzYz",
        "city": "شهرستان چگنی",
        "date": "1749943800",
        "type": "event",
        "name:fa": "پایگاه موشکی خرم‌آباد",
        "sources": "https://t.me/P_raetorio/27657",
        "accurate": "yes",
        "province": "استان لرستان",
        "geolocates": "https://x.com/BenTzionMacales/status/1941149920616181897",
        "unofficial_name": "KhoramAbad Missile Base",
        "unofficial_name:fa": "پایگاه موشکی خرم‌آباد",
        "name:en": "Khorramabad Missile Base",
        "city:en": "Chegeni County",
        "province:en": "Lorestan",
        "name:ar": "قاعدة خرم آباد الصاروخية",
        "city:ar": "مقاطعة تشكني",
        "province:ar": "لرستان",
        "name:he": "בסיס הטילים חורמאבאד",
        "city:he": "צ'גני",
        "province:he": "לורסתאן",
        "name:tr": "Hürremabad Füze Üssü",
        "city:tr": "Çegeni Şehristanı",
        "province:tr": "Luristan",
        "name:ckb": "بنکەی مووشەکیی خۆڕەماوا",
        "city:ckb": "شارستانی چەگێنی",
        "province:ckb": "لوڕستان",
        "publicId": "MTM6MzYz",
        "sourceId": "363",
        "layerId": 13,
        "status": "active",
        "urgency": null,
        "verificationTag": null,
        "expirationDate": null,
        "createdAt": "2026-10-07T04:26:23.359Z",
        "updatedAt": "2026-10-07T04:26:23.359Z"
      }
    },
    {
      "type": "Feature",
      "id": 95609,
      "geometry": {
        "type": "Point",
        "coordinates": [
          50.97490488946,
          35.82435950703
        ]
      },
      "properties": {
        "id": "MTM6MzA0",
        "city": "کرج",
        "date": "1750667400",
        "name": "mam Hassan Mojtaba IRGC of Alborz Province",
        "type": "event",
        "name:fa": "سپاه امام حسن مجتبی استان البرز",
        "sources": "https://t.me/IranintlTV/284973",
        "province": "استان البرز",
        "name:en": "Imam Hassan Mojtaba Corps of Alborz Province",
        "city:en": "Karaj",
        "province:en": "Alborz",
        "name:ar": "فيلق الإمام الحسن المجتبى لمحافظة البرز",
        "city:ar": "كرج",
        "province:ar": "ألبرز",
        "name:he": "מפקדת אימאם חסן מוג'תבא במחוז אלבורז",
        "city:he": "כרג'",
        "province:he": "אלבורז",
        "name:tr": "Elborz Eyaleti İmam Hasan Mücteba Devrim Muhafızları Birlikleri",
        "city:tr": "Kereç",
        "province:tr": "Elburz",
        "name:ckb": "سوپای ئیمام حەسەنی موچتەبای پارێزگای ئەلبورز",
        "city:ckb": "کەرەج",
        "province:ckb": "ئەلبورز",
        "publicId": "MTM6MzA0",
        "sourceId": "304",
        "layerId": 13,
        "status": "active",
        "urgency": null,
        "verificationTag": null,
        "expirationDate": null,
        "createdAt": "2026-10-07T04:26:23.359Z",
        "updatedAt": "2026-10-07T04:26:23.359Z"
      }
    },
    {
      "type": "Feature",
      "id": 95610,
      "geometry": {
        "type": "Point",
        "coordinates": [
          46.15195512235,
          38.25882311401
        ]
      },
      "properties": {
        "id": "MTM6MjQ1",
        "city": "شهرستان شبستر",
        "date": "1749772800-1749889800",
        "name": "Tabriz Missile Base",
        "type": "event",
        "name:fa": "پایگاه موشکی تبریز",
        "accurate": "yes",
        "province": "استان آذربایجان شرقی",
        "geolocates": "https://x.com/byjepstein/status/1935087907976495587, https://x.com/BenTzionMacales/status/1941149498425950483",
        "name:en": "Tabriz Missile Base",
        "city:en": "Shabestar County",
        "province:en": "East Azerbaijan",
        "name:ar": "قاعدة تبريز الصاروخية",
        "city:ar": "مقاطعة شبستر",
        "province:ar": "أذربيجان الشرقية",
        "name:he": "בסיס הטילים תבריז",
        "city:he": "שבסטר",
        "province:he": "אזרבייג'ן המזרחית",
        "name:tr": "Tebriz Füze Üssü",
        "city:tr": "Şebister Şehristanı",
        "province:tr": "Doğu Azerbaycan",
        "name:ckb": "بنکەی مووشەکیی تەبرێز",
        "city:ckb": "شارستانی شەبستەر",
        "province:ckb": "ئازەربایجانی ڕۆژھەڵات",
        "publicId": "MTM6MjQ1",
        "sourceId": "245",
        "layerId": 13,
        "status": "active",
        "urgency": null,
        "verificationTag": null,
        "expirationDate": null,
        "createdAt": "2026-10-07T04:26:23.359Z",
        "updatedAt": "2026-10-07T04:26:23.359Z"
      }
    },
    {
      "type": "Feature",
      "id": 95611,
      "geometry": {
        "type": "Point",
        "coordinates": [
          50.53625374764,
          35.28555560871
        ]
      },
      "properties": {
        "id": "MTM6MjI3",
        "city": "شهرستان زرندیه",
        "date": "1749772800-1749978000",
        "name": "Radar",
        "type": "event",
        "accurate": "yes",
        "province": "استان مرکزی",
        "geolocates": "https://x.com/john_marquee/status/1936908379714453612",
        "city:en": "Zarandieh County",
        "province:en": "Markazi",
        "city:ar": "مقاطعة زرندية",
        "province:ar": "المركزية",
        "city:he": "נפת זרנדייה",
        "province:he": "מרכזי",
        "city:tr": "Zarandieh Şehristanı",
        "province:tr": "Merkezi",
        "city:ckb": "شارستانی زەرەندیە",
        "province:ckb": "مەرکەزی",
        "publicId": "MTM6MjI3",
        "sourceId": "227",
        "layerId": 13,
        "status": "active",
        "urgency": null,
        "verificationTag": null,
        "expirationDate": null,
        "createdAt": "2026-10-07T04:26:23.359Z",
        "updatedAt": "2026-10-07T04:26:23.359Z"
      }
    },
    {
      "type": "Feature",
      "id": 95612,
      "geometry": {
        "type": "Point",
        "coordinates": [
          51.40559791982,
          35.76653293108
        ]
      },
      "properties": {
        "id": "MTM6MTcx",
        "city": "تهران",
        "date": "1750415400",
        "type": "event",
        "sources": "https://t.me/idfinfarsi/9656",
        "province": "استان تهران",
        "city:en": "Tehran",
        "province:en": "Tehran",
        "city:ar": "طهران",
        "province:ar": "طهران",
        "city:he": "טהראן",
        "province:he": "טהראן",
        "city:tr": "Tahran",
        "province:tr": "Tahran",
        "city:ckb": "تاران",
        "province:ckb": "تاران",
        "publicId": "MTM6MTcx",
        "sourceId": "171",
        "layerId": 13,
        "status": "active",
        "urgency": null,
        "verificationTag": null,
        "expirationDate": null,
        "createdAt": "2026-10-07T04:26:23.359Z",
        "updatedAt": "2026-10-07T04:26:23.359Z"
      }
    },
    {
      "type": "Feature",
      "id": 95613,
      "geometry": {
        "type": "Point",
        "coordinates": [
          48.67250740394,
          35.20804623413
        ]
      },
      "properties": {
        "id": "MTM6MTEy",
        "city": "شهرستان کبودرآهنگ",
        "date": "1749772800-1749889800",
        "name": "3rd Tactical Fighter Base",
        "type": "event",
        "name:fa": "پایگاه سوم شکاری",
        "accurate": "yes",
        "province": "استان همدان",
        "geolocates": "https://x.com/osc_london/status/1934622671318229217",
        "name:en": "3rd Tactical Fighter Base",
        "city:en": "Kabudarahang County",
        "province:en": "Hamadan",
        "name:ar": "القاعدة الجوية الثالثة",
        "city:ar": "مقاطعة كبودراهنغ",
        "province:ar": "همدان",
        "name:he": "בסיס הקרב השלישי",
        "city:he": "כבודראחנג'",
        "province:he": "המדאן",
        "name:tr": "3. Taktik Hava Üssü",
        "city:tr": "Kabudarahang Şehristanı",
        "province:tr": "Hemedan",
        "name:ckb": "بنکەی سێیەمی ڕاوکەر",
        "city:ckb": "شارستانی کەبوودەرئاهەنگ",
        "province:ckb": "ھەمەدان",
        "publicId": "MTM6MTEy",
        "sourceId": "112",
        "layerId": 13,
        "status": "active",
        "urgency": null,
        "verificationTag": null,
        "expirationDate": null,
        "createdAt": "2026-10-07T04:26:23.359Z",
        "updatedAt": "2026-10-07T04:26:23.359Z"
      }
    },
    {
      "type": "Feature",
      "id": 95614,
      "geometry": {
        "type": "Point",
        "coordinates": [
          54.37215323925,
          31.78381564377
        ]
      },
      "properties": {
        "id": "MTM6NTQz",
        "city": "شهرستان یزد",
        "date": "1750588200",
        "type": "event",
        "name:fa": "پادگان شهید صدوقی",
        "sources": "https://t.me/bbcpersian/253110",
        "province": "استان یزد",
        "geolocates": "https://x.com/andynovy/status/1936766505426780213",
        "unofficial_name": "Shahid Sadoughi Garrison",
        "unofficial_name:fa": "پادگان شهید صدوقی",
        "name:en": "Shahid Sadoughi Garrison",
        "city:en": "Yazd County",
        "province:en": "Yazd",
        "name:ar": "ثكنة الشهيد صدوقي",
        "city:ar": "مقاطعة يزد",
        "province:ar": "يزد",
        "name:he": "בסיס שהיד סדוקי",
        "city:he": "יזד",
        "province:he": "יזד",
        "name:tr": "Şehit Saduki Kışlası",
        "city:tr": "Yezd Şehristanı",
        "province:tr": "Yezd",
        "name:ckb": "سەربازگەی شەهید سەدووقی",
        "city:ckb": "شارستانی یەزد",
        "province:ckb": "یەزد",
        "publicId": "MTM6NTQz",
        "sourceId": "543",
        "layerId": 13,
        "status": "active",
        "urgency": null,
        "verificationTag": null,
        "expirationDate": null,
        "createdAt": "2026-10-07T04:26:23.359Z",
        "updatedAt": "2026-10-07T04:26:23.359Z"
      }
    },
    {
      "type": "Feature",
      "id": 95615,
      "geometry": {
        "type": "Point",
        "coordinates": [
          50.9054624927,
          35.56160069268
        ]
      },
      "properties": {
        "id": "MTM6NDM2",
        "city": "شهرستان شهریار",
        "date": "1749772800-1750410000",
        "type": "event",
        "name:fa": "مجموعه موشکی بیدگنه",
        "accurate": "yes",
        "province": "استان تهران",
        "geolocates": "https://x.com/BenTzionMacales/status/1941150385441566832",
        "unofficial_name": "Bidkaneh Missile Base",
        "unofficial_name:fa": "مجموعه موشکی بیدگنه",
        "name:en": "Bidganeh Missile Complex",
        "city:en": "Shahriar County",
        "province:en": "Tehran",
        "name:ar": "مجمع بيدغنه الصاروخي",
        "city:ar": "مقاطعة شهريار",
        "province:ar": "طهران",
        "name:he": "מתחם הטילים בידגנה",
        "province:he": "טהראן",
        "name:tr": "Bidgene Füze Kompleksi",
        "city:tr": "Şehriyar Şehristanı",
        "province:tr": "Tahran",
        "name:ckb": "کۆمەڵگەی مووشەکیی بیدگەنە",
        "city:ckb": "شارستانی شەهریار",
        "province:ckb": "تاران",
        "publicId": "MTM6NDM2",
        "sourceId": "436",
        "layerId": 13,
        "status": "active",
        "urgency": null,
        "verificationTag": null,
        "expirationDate": null,
        "createdAt": "2026-10-07T04:26:23.359Z",
        "updatedAt": "2026-10-07T04:26:23.359Z"
      }
    },
    {
      "type": "Feature",
      "id": 95616,
      "geometry": {
        "type": "Point",
        "coordinates": [
          48.2159900558,
          33.55247353159
        ]
      },
      "properties": {
        "id": "MTM6Mzc3",
        "city": "شهرستان چگنی",
        "date": "1749943800",
        "type": "event",
        "name:fa": "پایگاه موشکی خرم‌آباد",
        "sources": "https://t.me/P_raetorio/27657",
        "accurate": "yes",
        "province": "استان لرستان",
        "geolocates": "https://x.com/BenTzionMacales/status/1941149999192216043",
        "unofficial_name": "KhoramAbad Missile Base",
        "unofficial_name:fa": "پایگاه موشکی خرم‌آباد",
        "name:en": "Khorramabad Missile Base",
        "city:en": "Chegeni County",
        "province:en": "Lorestan",
        "name:ar": "قاعدة خرم آباد الصاروخية",
        "city:ar": "مقاطعة تشكني",
        "province:ar": "لرستان",
        "name:he": "בסיס הטילים חורמאבאד",
        "city:he": "צ'גני",
        "province:he": "לורסתאן",
        "name:tr": "Hürremabad Füze Üssü",
        "city:tr": "Çegeni Şehristanı",
        "province:tr": "Luristan",
        "name:ckb": "بنکەی مووشەکیی خۆڕەماوا",
        "city:ckb": "شارستانی چەگێنی",
        "province:ckb": "لوڕستان",
        "publicId": "MTM6Mzc3",
        "sourceId": "377",
        "layerId": 13,
        "status": "active",
        "urgency": null,
        "verificationTag": null,
        "expirationDate": null,
        "createdAt": "2026-10-07T04:26:23.359Z",
        "updatedAt": "2026-10-07T04:26:23.359Z"
      }
    },
    {
      "type": "Feature",
      "id": 95617,
      "geometry": {
        "type": "Point",
        "coordinates": [
          50.89773237437,
          35.89395222122
        ]
      },
      "properties": {
        "id": "MTM6MzE4",
        "city": "شهرستان کرج",
        "date": "1749772800-1750755600",
        "type": "event",
        "name:fa": "کارخانه پهپاد‌سازی رایان رشد افزار کرج",
        "accurate": "yes",
        "province": "استان البرز",
        "geolocates": "https://x.com/hey_itsmyturn/status/1939731258612830391",
        "unofficial_name": "Rayan Roshd Afzar Company Factory",
        "unofficial_name:fa": "کارخانه پهپاد‌سازی رایان رشد افزار کرج",
        "name:en": "Rayan Roshd Afzar Drone Manufacturing Plant in Karaj",
        "city:en": "Karaj County",
        "province:en": "Alborz",
        "name:ar": "مصنع رايان رشد أفزار لتصنيع الطائرات المسيرة في كرج",
        "city:ar": "مقاطعة كرج",
        "province:ar": "ألبرز",
        "name:he": "מפעל לייצור כטב\"מים ראיאן רשד אפזאר כרג'",
        "city:he": "כרג'",
        "province:he": "אלבורז",
        "name:tr": "Kereç Rayan Roşd Afzar İHA Fabrikası",
        "city:tr": "Kereç Şehristanı",
        "province:tr": "Elburz",
        "name:ckb": "کارگەی دروستکردنی درۆنی ڕایان ڕوشد ئەفزاری کەرەج",
        "city:ckb": "شارستانی کەرەج",
        "province:ckb": "ئەلبورز",
        "publicId": "MTM6MzE4",
        "sourceId": "318",
        "layerId": 13,
        "status": "active",
        "urgency": null,
        "verificationTag": null,
        "expirationDate": null,
        "createdAt": "2026-10-07T04:26:23.359Z",
        "updatedAt": "2026-10-07T04:26:23.359Z"
      }
    },
    {
      "type": "Feature",
      "id": 95618,
      "geometry": {
        "type": "Point",
        "coordinates": [
          55.60772895277,
          32.19052696886
        ]
      },
      "properties": {
        "id": "MTM6MjUx",
        "city": "شهرستان بهاباد",
        "date": "1749889800-1750321800",
        "type": "event",
        "mission": "Ghadir OTH radar neutralized",
        "name:fa": "رادار فرا افق غدیر",
        "accurate": "yes",
        "province": "استان یزد",
        "geolocates": "https://x.com/detresfa_/status/1935653484516327663",
        "unofficial_name": "Ghadir OTH radar",
        "unofficial_name:fa": "رادار فرا افق غدیر",
        "name:en": "Ghadir Over-the-Horizon Radar",
        "city:en": "Bahabad County",
        "province:en": "Yazd",
        "name:ar": "رادار غدير العابر للأفق",
        "city:ar": "مقاطعة بهاباد",
        "province:ar": "يزد",
        "name:he": "רדאר מעבר לאופק גדיר",
        "city:he": "נפת בהאבאד",
        "province:he": "יזד",
        "name:tr": "Gadir Ufuk Ötesi Radarı",
        "city:tr": "Behabad Şehristanı",
        "province:tr": "Yezd",
        "name:ckb": "ڕاداری سەرووی ئاسۆی غەدیر",
        "city:ckb": "شارستانی بەهاباد",
        "province:ckb": "یەزد",
        "publicId": "MTM6MjUx",
        "sourceId": "251",
        "layerId": 13,
        "status": "active",
        "urgency": null,
        "verificationTag": null,
        "expirationDate": null,
        "createdAt": "2026-10-07T04:26:23.359Z",
        "updatedAt": "2026-10-07T04:26:23.359Z"
      }
    },
    {
      "type": "Feature",
      "id": 95619,
      "geometry": {
        "type": "Point",
        "coordinates": [
          51.2046092695,
          35.76905746719
        ]
      },
      "properties": {
        "id": "MTM6MTg0",
        "city": "شهرستان تهران",
        "date": "1750080000",
        "type": "event",
        "sources": "https://t.me/VahidOnline/65667",
        "accurate": "yes",
        "province": "استان تهران",
        "city:en": "Tehran",
        "province:en": "Tehran",
        "city:ar": "مقاطعة طهران",
        "province:ar": "طهران",
        "city:he": "נפת טהראן",
        "province:he": "טהראן",
        "city:tr": "Tahran Şehristanı",
        "province:tr": "Tahran",
        "city:ckb": "شارستانی تاران",
        "province:ckb": "تاران",
        "publicId": "MTM6MTg0",
        "sourceId": "184",
        "layerId": 13,
        "status": "active",
        "urgency": null,
        "verificationTag": null,
        "expirationDate": null,
        "createdAt": "2026-10-07T04:26:23.359Z",
        "updatedAt": "2026-10-07T04:26:23.359Z"
      }
    },
    {
      "type": "Feature",
      "id": 95620,
      "geometry": {
        "type": "Point",
        "coordinates": [
          46.24486682653,
          38.12794019444
        ]
      },
      "properties": {
        "id": "MTM6MTE4",
        "city": "تبریز",
        "date": "1749772800-1749889800",
        "type": "event",
        "name:fa": "پایگاه هوایی تبریز",
        "accurate": "yes",
        "province": "استان آذربایجان شرقی",
        "geolocates": "https://x.com/osc_london/status/1934622671318229217, https://x.com/bradyafr/status/1934260300603129942",
        "name:en": "Tabriz Air Base",
        "city:en": "Tabriz",
        "province:en": "East Azerbaijan",
        "name:ar": "قاعدة تبريز الجوية",
        "city:ar": "تبريز",
        "province:ar": "أذربيجان الشرقية",
        "name:he": "בסיס האוויר תבריז",
        "city:he": "תבריז",
        "province:he": "אזרבייג'ן המזרחית",
        "name:tr": "Tebriz Hava Üssü",
        "city:tr": "Tebriz",
        "province:tr": "Doğu Azerbaycan",
        "name:ckb": "بنکەی ئاسمانیی تەبرێز",
        "city:ckb": "تەبرێز",
        "province:ckb": "ئازەربایجانی ڕۆژھەڵات",
        "publicId": "MTM6MTE4",
        "sourceId": "118",
        "layerId": 13,
        "status": "active",
        "urgency": null,
        "verificationTag": null,
        "expirationDate": null,
        "createdAt": "2026-10-07T04:26:23.359Z",
        "updatedAt": "2026-10-07T04:26:23.359Z"
      }
    },
    {
      "type": "Feature",
      "id": 95621,
      "geometry": {
        "type": "Point",
        "coordinates": [
          51.488220689,
          35.77961394562
        ]
      },
      "properties": {
        "id": "MTM6NTU3",
        "city": "تهران",
        "date": "1749934800",
        "name": "Lavisan 2",
        "type": "event",
        "name:fa": "مرکز سابق فرماندهی سپند",
        "accurate": "yes",
        "province": "استان تهران",
        "geolocates": "https://isis-online.org/isis-reports/post-attack-assessment-of-the-first-12-days-of-israeli-strikes-on-iranian-nuclear-facilities, https://x.com/Shayan86/status/1937651285089538519",
        "name:en": "Former SPND Command Center",
        "city:en": "Tehran",
        "province:en": "Tehran",
        "name:ar": "مركز قيادة سبند السابق",
        "city:ar": "طهران",
        "province:ar": "طهران",
        "name:he": "מרכז המפקדה לשעבר ספנד",
        "province:he": "טהראן",
        "name:tr": "Eski SPND Komuta Merkezi",
        "city:tr": "Tahran",
        "province:tr": "Tahran",
        "name:ckb": "ناوەندی پێشووی فەرماندەییی سپەند",
        "city:ckb": "تاران",
        "province:ckb": "تاران",
        "publicId": "MTM6NTU3",
        "sourceId": "557",
        "layerId": 13,
        "status": "active",
        "urgency": null,
        "verificationTag": null,
        "expirationDate": null,
        "createdAt": "2026-10-07T04:26:23.359Z",
        "updatedAt": "2026-10-07T04:26:23.359Z"
      }
    },
    {
      "type": "Feature",
      "id": 95622,
      "geometry": {
        "type": "Point",
        "coordinates": [
          50.72478889346,
          34.92220856147
        ]
      },
      "properties": {
        "id": "MTM6NDUw",
        "city": "شهرستان قم",
        "date": "1750237200-1750669200",
        "name": "Qom Missile Base",
        "type": "event",
        "name:fa": "مجموعه کوشک نصرت",
        "province": "استان قم",
        "geolocates": "https://x.com/BenTzionMacales/status/1941150522523688971",
        "name:en": "Kushk-e Nosrat Complex",
        "city:en": "Qom County",
        "province:en": "Qom",
        "name:ar": "مجمع كوشك نصرت",
        "city:ar": "مقاطعة قم",
        "province:ar": "قم",
        "name:he": "מתחם כושכ נסרת",
        "city:he": "נפת קום",
        "province:he": "קום",
        "name:tr": "Köşk-i Nusret Kompleksi",
        "city:tr": "Kum Şehristanı",
        "province:tr": "Kum",
        "name:ckb": "کۆمەڵگەی کوشکی نوسرەت",
        "city:ckb": "شارستانی قوم",
        "province:ckb": "قوم",
        "publicId": "MTM6NDUw",
        "sourceId": "450",
        "layerId": 13,
        "status": "active",
        "urgency": null,
        "verificationTag": null,
        "expirationDate": null,
        "createdAt": "2026-10-07T04:26:23.359Z",
        "updatedAt": "2026-10-07T04:26:23.359Z"
      }
    },
    {
      "type": "Feature",
      "id": 95623,
      "geometry": {
        "type": "Point",
        "coordinates": [
          48.3312338537,
          32.61482461356
        ]
      },
      "properties": {
        "id": "MTM6Mzgz",
        "city": "شهرستان اندیمشک",
        "date": "1749772800-1750235400",
        "type": "event",
        "name:fa": "پایگاه موشکی دزفول",
        "province": "استان خوزستان",
        "geolocates": "https://x.com/BenTzionMacales/status/1941150089520861475",
        "unofficial_name": "Dezful Missile Base",
        "unofficial_name:fa": "پایگاه موشکی دزفول",
        "name:en": "Dezful Missile Base",
        "city:en": "Andimeshk County",
        "province:en": "Khuzestan",
        "name:ar": "قاعدة دزفول الصاروخية",
        "city:ar": "مقاطعة أنديمشك",
        "province:ar": "خوزستان",
        "name:he": "בסיס הטילים דזפול",
        "city:he": "אנדימשכ",
        "province:he": "ח'וזסתאן",
        "name:tr": "Dezful Füze Üssü",
        "city:tr": "Andimeşk Şehristanı",
        "province:tr": "Huzistan",
        "name:ckb": "بنکەی مووشەکیی دزفوول",
        "city:ckb": "شارستانی ئەندیمەشک",
        "province:ckb": "خووزستان",
        "publicId": "MTM6Mzgz",
        "sourceId": "383",
        "layerId": 13,
        "status": "active",
        "urgency": null,
        "verificationTag": null,
        "expirationDate": null,
        "createdAt": "2026-10-07T04:26:23.359Z",
        "updatedAt": "2026-10-07T04:26:23.359Z"
      }
    },
    {
      "type": "Feature",
      "id": 95624,
      "geometry": {
        "type": "Point",
        "coordinates": [
          46.17904542804,
          37.97757650652
        ]
      },
      "properties": {
        "id": "MTM6MzI0",
        "city": "شهرستان تبریز",
        "date": "1749772800-1750494600",
        "name": "Tabriz Missile Base",
        "type": "event",
        "name:fa": "پایگاه موشکی تبریز",
        "accurate": "yes",
        "province": "استان آذربایجان شرقی",
        "geolocates": "https://x.com/BenTzionMacales/status/1941149553354530939",
        "name:en": "Tabriz Missile Base",
        "city:en": "Tabriz County",
        "province:en": "East Azerbaijan",
        "name:ar": "قاعدة تبريز الصاروخية",
        "city:ar": "مقاطعة تبريز",
        "province:ar": "أذربيجان الشرقية",
        "name:he": "בסיס הטילים תבריז",
        "city:he": "תבריז",
        "province:he": "אזרבייג'ן המזרחית",
        "name:tr": "Tebriz Füze Üssü",
        "city:tr": "Tebriz Şehristanı",
        "province:tr": "Doğu Azerbaycan",
        "name:ckb": "بنکەی مووشەکیی تەبرێز",
        "city:ckb": "شارستانی تەبرێز",
        "province:ckb": "ئازەربایجانی ڕۆژھەڵات",
        "publicId": "MTM6MzI0",
        "sourceId": "324",
        "layerId": 13,
        "status": "active",
        "urgency": null,
        "verificationTag": null,
        "expirationDate": null,
        "createdAt": "2026-10-07T04:26:23.359Z",
        "updatedAt": "2026-10-07T04:26:23.359Z"
      }
    },
    {
      "type": "Feature",
      "id": 95625,
      "geometry": {
        "type": "Point",
        "coordinates": [
          50.99960535228,
          34.88368671508
        ]
      },
      "properties": {
        "id": "MTM6MjY1",
        "city": "شهرستان قم",
        "date": "1750545000",
        "name": "Natanz Nuclear Complex",
        "type": "event",
        "name:fa": "مجتمع هسته‌ای فوردو",
        "accurate": "yes",
        "province": "استان قم",
        "geolocates": "https://isis-online.org/isis-reports/post-attack-assessment-of-the-first-12-days-of-israeli-strikes-on-iranian-nuclear-facilities, https://x.com/detresfa_/status/1937740428301746589",
        "name:en": "Fordow Nuclear Complex",
        "city:en": "Qom County",
        "province:en": "Qom",
        "name:ar": "مجمع فوردو النووي",
        "city:ar": "مقاطعة قم",
        "province:ar": "قم",
        "name:he": "המתחם הגרעיני פורדו",
        "city:he": "מחוז משנה קום",
        "province:he": "קום",
        "name:tr": "Fordo Nükleer Kompleksi",
        "city:tr": "Kum Şehristanı",
        "province:tr": "Kum",
        "name:ckb": "کۆمەڵگەی ئەتۆمیی فۆردۆ",
        "city:ckb": "شارستانی قوم",
        "province:ckb": "قوم",
        "publicId": "MTM6MjY1",
        "sourceId": "265",
        "layerId": 13,
        "status": "active",
        "urgency": null,
        "verificationTag": null,
        "expirationDate": null,
        "createdAt": "2026-10-07T04:26:23.359Z",
        "updatedAt": "2026-10-07T04:26:23.359Z"
      }
    },
    {
      "type": "Feature",
      "id": 95626,
      "geometry": {
        "type": "Point",
        "coordinates": [
          51.81485876307,
          32.58573644088
        ]
      },
      "properties": {
        "id": "MTM6MTkw",
        "city": "اصفهان",
        "date": "1750549800",
        "type": "event",
        "name:fa": "مجتمع هسته‌ای اصفهان",
        "accurate": "yes",
        "province": "استان اصفهان",
        "geolocates": "https://isis-online.org/isis-reports/post-attack-assessment-of-the-first-12-days-of-israeli-strikes-on-iranian-nuclear-facilities, https://x.com/detresfa_/status/1936827158351184078",
        "unofficial_name": "Isfahan Nuclear Complex",
        "unofficial_name:fa": "مجتمع هسته‌ای اصفهان",
        "name:en": "Isfahan Nuclear Complex",
        "city:en": "Isfahan",
        "province:en": "Isfahan",
        "name:ar": "مجمع أصفهان النووي",
        "city:ar": "أصفهان",
        "province:ar": "أصفهان",
        "name:he": "המתחם הגרעיני אספהאן",
        "city:he": "אספהאן",
        "province:he": "אספהאן",
        "name:tr": "İsfahan Nükleer Kompleksi",
        "city:tr": "İsfahan",
        "province:tr": "İsfahan",
        "name:ckb": "کۆمەڵگەی ئەتۆمیی ئەسفەهان",
        "city:ckb": "ئەسفەهان",
        "province:ckb": "ئەسفەھان",
        "publicId": "MTM6MTkw",
        "sourceId": "190",
        "layerId": 13,
        "status": "active",
        "urgency": null,
        "verificationTag": null,
        "expirationDate": null,
        "createdAt": "2026-10-07T04:26:23.359Z",
        "updatedAt": "2026-10-07T04:26:23.359Z"
      }
    },
    {
      "type": "Feature",
      "id": 95627,
      "geometry": {
        "type": "Point",
        "coordinates": [
          49.24074142903,
          34.37333034824
        ]
      },
      "properties": {
        "id": "MTM6MTMy",
        "city": "شهرستان خنداب",
        "date": "1750300200",
        "name": "Arak Heavy Water Reactor",
        "type": "event",
        "name:fa": "راکتور آب‌سنگین اراک",
        "sources": "https://t.me/VahidOnline/65956",
        "accurate": "yes",
        "province": "استان مرکزی",
        "geolocates": "https://isis-online.org/isis-reports/post-attack-assessment-of-the-first-12-days-of-israeli-strikes-on-iranian-nuclear-facilities, https://x.com/osc_london/status/1935685553787146319",
        "name:en": "Arak Heavy Water Reactor",
        "city:en": "Khondab County",
        "province:en": "Markazi",
        "name:ar": "مفاعل أراك للماء الثقيل",
        "city:ar": "مقاطعة خنداب",
        "province:ar": "المركزية",
        "name:he": "כור המים הכבדים באראכ",
        "city:he": "מחוז משנה ח'נדאב",
        "province:he": "מרכזי",
        "name:tr": "Arak Ağır Su Reaktörü",
        "city:tr": "Handab Şehristanı",
        "province:tr": "Merkezi",
        "name:ckb": "ڕیاکتۆری ئاوی قورسی ئەراک",
        "city:ckb": "شارستانی خەنداب",
        "province:ckb": "مەرکەزی",
        "publicId": "MTM6MTMy",
        "sourceId": "132",
        "layerId": 13,
        "status": "active",
        "urgency": null,
        "verificationTag": null,
        "expirationDate": null,
        "createdAt": "2026-10-07T04:26:23.359Z",
        "updatedAt": "2026-10-07T04:26:23.359Z"
      }
    },
    {
      "type": "Feature",
      "id": 95628,
      "geometry": {
        "type": "Point",
        "coordinates": [
          50.09886859775,
          33.61206392196
        ]
      },
      "properties": {
        "id": "MTM6NzQ",
        "city": "شهرستان خمین",
        "date": "1750172400",
        "type": "event",
        "sources": "https://t.me/VahidOnline/65794, https://t.me/idfinfarsi/9564",
        "accurate": "yes",
        "province": "استان مرکزی",
        "geolocates": "https://x.com/BenTzionMacales/status/1941150617256484872",
        "city:en": "Khomein",
        "province:en": "Markazi",
        "city:ar": "مقاطعة خمين",
        "province:ar": "المركزية",
        "city:he": "נפת ח'ומיין",
        "province:he": "מרכזי",
        "city:tr": "Humeyn Şehristanı",
        "province:tr": "Merkezi",
        "city:ckb": "شارستانی خومێن",
        "province:ckb": "مەرکەزی",
        "publicId": "MTM6NzQ",
        "sourceId": "74",
        "layerId": 13,
        "status": "active",
        "urgency": null,
        "verificationTag": null,
        "expirationDate": null,
        "createdAt": "2026-10-07T04:26:23.359Z",
        "updatedAt": "2026-10-07T04:26:23.359Z"
      }
    },
    {
      "type": "Feature",
      "id": 95629,
      "geometry": {
        "type": "Point",
        "coordinates": [
          51.03592246503,
          35.76478529361
        ]
      },
      "properties": {
        "id": "MTM6NTYz",
        "city": "شهرستان فردیس",
        "date": "1749978000-1750755600",
        "type": "event",
        "name:fa": "گروه شیمیایی شهید میثمی",
        "accurate": "yes",
        "province": "استان البرز",
        "geolocates": "https://isis-online.org/isis-reports/post-attack-assessment-of-shahid-meysami-research-center",
        "unofficial_name": "Meisami Chemical Group",
        "unofficial_name:fa": "گروه شیمیایی شهید میثمی",
        "name:en": "Shahid Meisami Chemical Group",
        "city:en": "Fardis County",
        "province:en": "Alborz",
        "name:ar": "مجموعة الشهيد ميثمي الكيميائية",
        "city:ar": "مقاطعة فرديس",
        "province:ar": "ألبرز",
        "name:he": "קבוצת הכימיה שהיד מייסמי",
        "city:he": "פרדיס",
        "province:he": "אלבורז",
        "name:tr": "Şehit Meysami Kimya Grubu",
        "city:tr": "Fardis Şehristanı",
        "province:tr": "Elburz",
        "name:ckb": "گرووپی کیمیاییی شەهید میسەمی",
        "city:ckb": "شارستانی فردیس",
        "province:ckb": "ئەلبورز",
        "publicId": "MTM6NTYz",
        "sourceId": "563",
        "layerId": 13,
        "status": "active",
        "urgency": null,
        "verificationTag": null,
        "expirationDate": null,
        "createdAt": "2026-10-07T04:26:23.359Z",
        "updatedAt": "2026-10-07T04:26:23.359Z"
      }
    },
    {
      "type": "Feature",
      "id": 95630,
      "geometry": {
        "type": "Point",
        "coordinates": [
          50.7299172771,
          34.92171593387
        ]
      },
      "properties": {
        "id": "MTM6NDU2",
        "city": "شهرستان قم",
        "date": "1750237200-1750669200",
        "name": "Qom Missile Base",
        "type": "event",
        "name:fa": "مجموعه کوشک نصرت",
        "province": "استان قم",
        "geolocates": "https://x.com/BenTzionMacales/status/1941150522523688971",
        "name:en": "Kushk-e Nosrat Complex",
        "city:en": "Qom County",
        "province:en": "Qom",
        "name:ar": "مجمع كوشك نصرت",
        "city:ar": "مقاطعة قم",
        "province:ar": "قم",
        "name:he": "מתחם כושכ נסרת",
        "city:he": "קום",
        "province:he": "קום",
        "name:tr": "Köşk-i Nusret Kompleksi",
        "city:tr": "Kum Şehristanı",
        "province:tr": "Kum",
        "name:ckb": "کۆمەڵگەی کوشکی نوسرەت",
        "city:ckb": "شارستانی قوم",
        "province:ckb": "قوم",
        "publicId": "MTM6NDU2",
        "sourceId": "456",
        "layerId": 13,
        "status": "active",
        "urgency": null,
        "verificationTag": null,
        "expirationDate": null,
        "createdAt": "2026-10-07T04:26:23.359Z",
        "updatedAt": "2026-10-07T04:26:23.359Z"
      }
    },
    {
      "type": "Feature",
      "id": 95631,
      "geometry": {
        "type": "Point",
        "coordinates": [
          52.56582498014,
          29.71970023219
        ]
      },
      "properties": {
        "id": "MTM6NTA1",
        "city": "شهرستان شیراز",
        "date": "1750408200",
        "type": "event",
        "name:fa": "پایگاه هوافضا سپاه",
        "accurate": "yes",
        "province": "استان فارس",
        "unofficial_name": "IRGC Aerospace Force",
        "unofficial_name:fa": "پایگاه هوافضا سپاه",
        "name:en": "IRGC Aerospace Base",
        "city:en": "Shiraz County",
        "province:en": "Fars",
        "name:ar": "قاعدة الجو-فضائية للحرس الثوري",
        "city:ar": "مقاطعة شيراز",
        "province:ar": "فارس",
        "name:he": "בסיס האוויר והחלל של משמרות המהפכה",
        "city:he": "מחוז משנה שיראז",
        "province:he": "פארס",
        "name:tr": "Devrim Muhafızları Havacılık ve Uzay Üssü",
        "city:tr": "Şiraz Şehristanı",
        "province:tr": "Fars",
        "name:ckb": "بنکەی هەوافەزای سوپا",
        "city:ckb": "شارستانی شیراز",
        "province:ckb": "فارس",
        "publicId": "MTM6NTA1",
        "sourceId": "505",
        "layerId": 13,
        "status": "active",
        "urgency": null,
        "verificationTag": null,
        "expirationDate": null,
        "createdAt": "2026-10-07T04:26:23.359Z",
        "updatedAt": "2026-10-07T04:26:23.359Z"
      }
    },
    {
      "type": "Feature",
      "id": 95632,
      "geometry": {
        "type": "Point",
        "coordinates": [
          50.43405353487,
          35.68008457646
        ]
      },
      "properties": {
        "id": "MTM6Mzk3",
        "city": "شهرستان اشتهارد",
        "date": "1749772800-1750755600",
        "type": "event",
        "name:fa": "پایگاه موشکی اشتهارد",
        "accurate": "yes",
        "province": "استان البرز",
        "geolocates": "https://x.com/BenTzionMacales/status/1941150251714597345",
        "unofficial_name": "Eshtehard Missile Base",
        "unofficial_name:fa": "پایگاه موشکی اشتهارد",
        "name:en": "Eshtehard Missile Base",
        "city:en": "Eshtehard County",
        "province:en": "Alborz",
        "name:ar": "قاعدة اشتهارد الصاروخية",
        "city:ar": "مقاطعة اشتهارد",
        "province:ar": "ألبرز",
        "name:he": "בסיס הטילים אשתהארד",
        "city:he": "מחוז משנה אשתהארד",
        "province:he": "אלבורז",
        "name:tr": "Eştehard Füze Üssü",
        "city:tr": "Eştehard Şehristanı",
        "province:tr": "Elburz",
        "name:ckb": "بنکەی مووشەکیی ئیشتەهارد",
        "city:ckb": "شارستانی ئیشتەهارد",
        "province:ckb": "ئەلبورز",
        "publicId": "MTM6Mzk3",
        "sourceId": "397",
        "layerId": 13,
        "status": "active",
        "urgency": null,
        "verificationTag": null,
        "expirationDate": null,
        "createdAt": "2026-10-07T04:26:23.359Z",
        "updatedAt": "2026-10-07T04:26:23.359Z"
      }
    },
    {
      "type": "Feature",
      "id": 95633,
      "geometry": {
        "type": "Point",
        "coordinates": [
          47.35870107874,
          34.51042567154
        ]
      },
      "properties": {
        "id": "MTM6MzM4",
        "city": "شهرستان هرسین",
        "date": "1749789000",
        "type": "event",
        "name:fa": "پایگاه موشکی",
        "sources": "https://t.me/mamlekate/95154",
        "accurate": "yes",
        "province": "استان کرمانشاه",
        "geolocates": "https://x.com/BenTzionMacales/status/1941149664696562045",
        "unofficial_name": "IRGC Aerospace Force",
        "unofficial_name:fa": "پایگاه موشکی",
        "name:en": "Missile Base",
        "city:en": "Harsin County",
        "province:en": "Kermanshah",
        "name:ar": "قاعدة صاروخية",
        "city:ar": "مقاطعة هرسين",
        "province:ar": "كرمانشاه",
        "name:he": "בסיס טילים",
        "city:he": "מחוז משנה הרסין",
        "province:he": "כרמאנשאה",
        "name:tr": "Füze Üssü",
        "city:tr": "Harsin Şehristanı",
        "province:tr": "Kirmanşah",
        "name:ckb": "بنکەی مووشەکی",
        "city:ckb": "شارستانی هەرسین",
        "province:ckb": "کرماشان",
        "publicId": "MTM6MzM4",
        "sourceId": "338",
        "layerId": 13,
        "status": "active",
        "urgency": null,
        "verificationTag": null,
        "expirationDate": null,
        "createdAt": "2026-10-07T04:26:23.359Z",
        "updatedAt": "2026-10-07T04:26:23.359Z"
      }
    },
    {
      "type": "Feature",
      "id": 95634,
      "geometry": {
        "type": "Point",
        "coordinates": [
          51.00286558136,
          34.88278900259
        ]
      },
      "properties": {
        "id": "MTM6Mjcx",
        "city": "شهرستان قم",
        "date": "1750545000",
        "name": "Natanz Nuclear Complex",
        "type": "event",
        "name:fa": "مجتمع هسته‌ای فوردو",
        "accurate": "yes",
        "province": "استان قم",
        "geolocates": "https://isis-online.org/isis-reports/post-attack-assessment-of-the-first-12-days-of-israeli-strikes-on-iranian-nuclear-facilities, https://x.com/detresfa_/status/1937740428301746589",
        "name:en": "Fordow Nuclear Complex",
        "city:en": "Qom County",
        "province:en": "Qom",
        "name:ar": "مجمع فوردو النووي",
        "city:ar": "مقاطعة قم",
        "province:ar": "قم",
        "name:he": "המתחם הגרעיני פורדו",
        "city:he": "מחוז משנה קום",
        "province:he": "קום",
        "name:tr": "Fordo Nükleer Kompleksi",
        "city:tr": "Kum",
        "province:tr": "Kum",
        "name:ckb": "کۆمەڵگەی ئەتۆمیی فۆردۆ",
        "city:ckb": "شارستانی قوم",
        "province:ckb": "قوم",
        "publicId": "MTM6Mjcx",
        "sourceId": "271",
        "layerId": 13,
        "status": "active",
        "urgency": null,
        "verificationTag": null,
        "expirationDate": null,
        "createdAt": "2026-10-07T04:26:23.359Z",
        "updatedAt": "2026-10-07T04:26:23.359Z"
      }
    },
    {
      "type": "Feature",
      "id": 95635,
      "geometry": {
        "type": "Point",
        "coordinates": [
          46.18049382091,
          37.97437968235
        ]
      },
      "properties": {
        "id": "MTM6MjAz",
        "city": "شهرستان تبریز",
        "date": "1749772800",
        "name": "Tabriz Missile Base",
        "type": "event",
        "name:fa": "پایگاه موشکی تبریز",
        "accurate": "yes",
        "province": "استان آذربایجان شرقی",
        "geolocates": "https://x.com/dex_eve/status/1933579131192795593, https://x.com/CSBiggers/status/1933894646037385380, https://x.com/BenTzionMacales/status/1941149553354530939",
        "name:en": "Tabriz Missile Base",
        "city:en": "Tabriz County",
        "province:en": "East Azerbaijan",
        "name:ar": "قاعدة تبريز الصاروخية",
        "city:ar": "مقاطعة تبريز",
        "province:ar": "أذربيجان الشرقية",
        "name:he": "בסיס הטילים תבריז",
        "city:he": "מחוז משנה תבריז",
        "province:he": "אזרבייג'ן המזרחית",
        "name:tr": "Tebriz Füze Üssü",
        "city:tr": "Tebriz",
        "province:tr": "Doğu Azerbaycan",
        "name:ckb": "بنکەی مووشەکیی تەورێز",
        "city:ckb": "شارستانی تەورێز",
        "province:ckb": "ئازەربایجانی ڕۆژھەڵات",
        "publicId": "MTM6MjAz",
        "sourceId": "203",
        "layerId": 13,
        "status": "active",
        "urgency": null,
        "verificationTag": null,
        "expirationDate": null,
        "createdAt": "2026-10-07T04:26:23.359Z",
        "updatedAt": "2026-10-07T04:26:23.359Z"
      }
    },
    {
      "type": "Feature",
      "id": 95636,
      "geometry": {
        "type": "Point",
        "coordinates": [
          51.82858228415,
          32.58399849048
        ]
      },
      "properties": {
        "id": "MTM6MTM4",
        "city": "اصفهان",
        "date": "1750549800",
        "type": "event",
        "name:fa": "مجتمع هسته‌ای اصفهان",
        "accurate": "yes",
        "province": "استان اصفهان",
        "geolocates": "https://isis-online.org/isis-reports/post-attack-assessment-of-the-first-12-days-of-israeli-strikes-on-iranian-nuclear-facilities, https://x.com/detresfa_/status/1936827158351184078",
        "unofficial_name": "Isfahan Nuclear Complex",
        "unofficial_name:fa": "مجتمع هسته‌ای اصفهان",
        "name:en": "Isfahan Nuclear Complex",
        "city:en": "Isfahan",
        "province:en": "Isfahan",
        "name:ar": "مجمع أصفهان النووي",
        "city:ar": "أصفهان",
        "province:ar": "أصفهان",
        "name:he": "המתחם הגרעיני אספהאן",
        "city:he": "אספהאן",
        "province:he": "אספהאן",
        "name:tr": "İsfahan Nükleer Kompleksi",
        "city:tr": "İsfahan",
        "province:tr": "İsfahan",
        "name:ckb": "کۆمەڵگەی ئەتۆمیی ئەسفەهان",
        "city:ckb": "ئەسفەهان",
        "province:ckb": "ئەسفەھان",
        "publicId": "MTM6MTM4",
        "sourceId": "138",
        "layerId": 13,
        "status": "active",
        "urgency": null,
        "verificationTag": null,
        "expirationDate": null,
        "createdAt": "2026-10-07T04:26:23.359Z",
        "updatedAt": "2026-10-07T04:26:23.359Z"
      }
    },
    {
      "type": "Feature",
      "id": 95637,
      "geometry": {
        "type": "Point",
        "coordinates": [
          50.09439467311,
          33.60840048382
        ]
      },
      "properties": {
        "id": "MTM6ODA",
        "city": "شهرستان خمین",
        "date": "1750172400",
        "type": "event",
        "sources": "https://t.me/VahidOnline/65794, https://t.me/idfinfarsi/9564",
        "accurate": "yes",
        "province": "استان مرکزی",
        "geolocates": "https://x.com/BenTzionMacales/status/1941150617256484872",
        "city:en": "Khomein",
        "province:en": "Markazi",
        "city:ar": "مقاطعة خمين",
        "province:ar": "المركزية",
        "city:he": "נפת ח'ומיין",
        "province:he": "מרכזי",
        "city:tr": "Humeyn Şehristanı",
        "province:tr": "Merkezi",
        "city:ckb": "شارستانی خومێن",
        "province:ckb": "مەرکەزی",
        "publicId": "MTM6ODA",
        "sourceId": "80",
        "layerId": 13,
        "status": "active",
        "urgency": null,
        "verificationTag": null,
        "expirationDate": null,
        "createdAt": "2026-10-07T04:26:23.359Z",
        "updatedAt": "2026-10-07T04:26:23.359Z"
      }
    },
    {
      "type": "Feature",
      "id": 95638,
      "geometry": {
        "type": "Point",
        "coordinates": [
          52.71732150972,
          36.69076025527
        ]
      },
      "properties": {
        "id": "MTM6NTc3",
        "city": "شهرستان بابلسر",
        "date": "1750762800",
        "name": "Babolsar Radar",
        "type": "event",
        "name:fa": "رادار بابلسر",
        "sources": "https://t.me/VahidOnline/66706",
        "province": "استان مازندران",
        "geolocates": "https://x.com/MiddleEastBuka/status/1937503730045170019",
        "name:en": "Babolsar Radar",
        "city:en": "Babolsar County",
        "province:en": "Mazandaran",
        "name:ar": "رادار بابلسر",
        "city:ar": "مقاطعة بابلسر",
        "province:ar": "مازندران",
        "name:he": "מכ\"ם באבלסר",
        "city:he": "מחוז משנה באבלסר",
        "province:he": "מאזנדראן",
        "name:tr": "Babolsar Radarı",
        "city:tr": "Babolsar",
        "province:tr": "Mazenderan",
        "name:ckb": "ڕاداری بابولسەر",
        "city:ckb": "شارستانی بابولسەر",
        "province:ckb": "مازەندەران",
        "publicId": "MTM6NTc3",
        "sourceId": "577",
        "layerId": 13,
        "status": "active",
        "urgency": null,
        "verificationTag": null,
        "expirationDate": null,
        "createdAt": "2026-10-07T04:26:23.359Z",
        "updatedAt": "2026-10-07T04:26:23.359Z"
      }
    },
    {
      "type": "Feature",
      "id": 95639,
      "geometry": {
        "type": "Point",
        "coordinates": [
          51.41490250558,
          35.75734163483
        ]
      },
      "properties": {
        "id": "MTM6NTEx",
        "city": "تهران",
        "date": "1749772800",
        "type": "event",
        "sources": "https://t.me/mamlekate/95082",
        "accurate": "yes",
        "province": "استان تهران",
        "city:en": "Tehran",
        "province:en": "Tehran",
        "city:ar": "طهران",
        "province:ar": "طهران",
        "city:he": "טהראן",
        "province:he": "טהראן",
        "city:tr": "Tahran",
        "province:tr": "Tahran",
        "city:ckb": "تاران",
        "province:ckb": "تاران",
        "publicId": "MTM6NTEx",
        "sourceId": "511",
        "layerId": 13,
        "status": "active",
        "urgency": null,
        "verificationTag": null,
        "expirationDate": null,
        "createdAt": "2026-10-07T04:26:23.359Z",
        "updatedAt": "2026-10-07T04:26:23.359Z"
      }
    },
    {
      "type": "Feature",
      "id": 95640,
      "geometry": {
        "type": "Point",
        "coordinates": [
          51.42316102713,
          32.69792899905
        ]
      },
      "properties": {
        "id": "MTM6NDcw",
        "city": "شهرستان نجف آباد",
        "date": "1750159800",
        "type": "event",
        "name:fa": "پایگاه موشکی اصفهان",
        "sources": "https://t.me/idfinfarsi/9564",
        "accurate": "yes",
        "province": "استان اصفهان",
        "geolocates": "https://x.com/BenTzionMacales/status/1941151953859301583",
        "unofficial_name": "Isfahan Missile Base",
        "unofficial_name:fa": "پایگاه موشکی اصفهان",
        "name:en": "Isfahan Missile Base",
        "city:en": "Najafabad County",
        "province:en": "Isfahan",
        "name:ar": "قاعدة أصفهان الصاروخية",
        "city:ar": "مقاطعة نجف أباد",
        "province:ar": "أصفهان",
        "name:he": "בסיס הטילים אספהאן",
        "city:he": "מחוז משנה נג'ף אבאד",
        "province:he": "אספהאן",
        "name:tr": "İsfahan Füze Üssü",
        "city:tr": "Necefabad",
        "province:tr": "İsfahan",
        "name:ckb": "بنکەی مووشەکیی ئەسفەهان",
        "city:ckb": "شارستانی نەجەفئاباد",
        "province:ckb": "ئەسفەھان",
        "publicId": "MTM6NDcw",
        "sourceId": "470",
        "layerId": 13,
        "status": "active",
        "urgency": null,
        "verificationTag": null,
        "expirationDate": null,
        "createdAt": "2026-10-07T04:26:23.359Z",
        "updatedAt": "2026-10-07T04:26:23.359Z"
      }
    },
    {
      "type": "Feature",
      "id": 95641,
      "geometry": {
        "type": "Point",
        "coordinates": [
          50.43744384706,
          35.67774459509
        ]
      },
      "properties": {
        "id": "MTM6NDAz",
        "city": "شهرستان اشتهارد",
        "date": "1749772800-1750755600",
        "type": "event",
        "name:fa": "پایگاه موشکی اشتهارد",
        "accurate": "yes",
        "province": "استان البرز",
        "geolocates": "https://x.com/BenTzionMacales/status/1941150251714597345",
        "unofficial_name": "Eshtehard Missile Base",
        "unofficial_name:fa": "پایگاه موشکی اشتهارد",
        "name:en": "Eshtehard Missile Base",
        "city:en": "Eshtehard County",
        "province:en": "Alborz",
        "name:ar": "قاعدة اشتهارد الصاروخية",
        "city:ar": "مقاطعة اشتهارد",
        "province:ar": "ألبرز",
        "name:he": "בסיס הטילים אשתהארד",
        "city:he": "מחוז משנה אשתהארד",
        "province:he": "אלבורז",
        "name:tr": "İştihard Füze Üssü",
        "city:tr": "İştihard",
        "province:tr": "Elburz",
        "name:ckb": "بنکەی مووشەکیی ئیشتەهارد",
        "city:ckb": "شارستانی ئیشتەهارد",
        "province:ckb": "ئەلبورز",
        "publicId": "MTM6NDAz",
        "sourceId": "403",
        "layerId": 13,
        "status": "active",
        "urgency": null,
        "verificationTag": null,
        "expirationDate": null,
        "createdAt": "2026-10-07T04:26:23.359Z",
        "updatedAt": "2026-10-07T04:26:23.359Z"
      }
    },
    {
      "type": "Feature",
      "id": 95642,
      "geometry": {
        "type": "Point",
        "coordinates": [
          47.18877911031,
          34.42786361645
        ]
      },
      "properties": {
        "id": "MTM6MzQ0",
        "city": "شهرستان کرمانشاه",
        "date": "1749772800-1750064400",
        "type": "event",
        "name:fa": "پایگاه موشکی کرمانشاه",
        "accurate": "yes",
        "province": "استان کرمانشاه",
        "geolocates": "https://x.com/BenTzionMacales/status/1941149722062045262",
        "unofficial_name": "Kermanshah Missile Base",
        "unofficial_name:fa": "پایگاه موشکی کرمانشاه",
        "name:en": "Kermanshah Missile Base",
        "city:en": "Kermanshah County",
        "province:en": "Kermanshah",
        "name:ar": "قاعدة كرمانشاه الصاروخية",
        "city:ar": "مقاطعة كرمانشاه",
        "province:ar": "كرمانشاه",
        "name:he": "בסיס הטילים כרמאנשאה",
        "city:he": "מחוז משנה כרמאנשאה",
        "province:he": "כרמאנשאה",
        "name:tr": "Kirmanşah Füze Üssü",
        "city:tr": "Kirmanşah",
        "province:tr": "Kirmanşah",
        "name:ckb": "بنکەی مووشەکیی کرماشان",
        "city:ckb": "شارستانی کرماشان",
        "province:ckb": "کرماشان",
        "publicId": "MTM6MzQ0",
        "sourceId": "344",
        "layerId": 13,
        "status": "active",
        "urgency": null,
        "verificationTag": null,
        "expirationDate": null,
        "createdAt": "2026-10-07T04:26:23.359Z",
        "updatedAt": "2026-10-07T04:26:23.359Z"
      }
    },
    {
      "type": "Feature",
      "id": 95643,
      "geometry": {
        "type": "Point",
        "coordinates": [
          50.89855581388,
          35.62701506828
        ]
      },
      "properties": {
        "id": "MTM6Mjg1",
        "city": "شهرستان ملارد",
        "date": "1749772800-1750410000",
        "type": "event",
        "name:fa": "مجموعه موشکی بیدگنه",
        "accurate": "yes",
        "province": "استان تهران",
        "geolocates": "https://x.com/BenTzionMacales/status/1941150328868741171",
        "unofficial_name": "Bidkaneh Missile Base",
        "unofficial_name:fa": "مجموعه موشکی بیدگنه",
        "name:en": "Bidganeh Missile Complex",
        "city:en": "Malard County",
        "province:en": "Tehran",
        "name:ar": "مجمع بيدكنه الصاروخي",
        "city:ar": "مقاطعة ملارد",
        "province:ar": "طهران",
        "name:he": "מתחם הטילים בידגנה",
        "city:he": "מחוז משנה מלארד",
        "province:he": "טהראן",
        "name:tr": "Bidgene Füze Kompleksi",
        "city:tr": "Melard",
        "province:tr": "Tahran",
        "name:ckb": "کۆمەڵگەی مووشەکیی بێدگەنە",
        "city:ckb": "شارستانی مەڵارد",
        "province:ckb": "تاران",
        "publicId": "MTM6Mjg1",
        "sourceId": "285",
        "layerId": 13,
        "status": "active",
        "urgency": null,
        "verificationTag": null,
        "expirationDate": null,
        "createdAt": "2026-10-07T04:26:23.359Z",
        "updatedAt": "2026-10-07T04:26:23.359Z"
      }
    },
    {
      "type": "Feature",
      "id": 95644,
      "geometry": {
        "type": "Point",
        "coordinates": [
          51.08119278878,
          35.72810656773
        ]
      },
      "properties": {
        "id": "MTM6MjA4",
        "city": "شهرستان کرج",
        "date": "1749891600",
        "type": "event",
        "name:fa": "پایگاه یکم پدافند هوایی",
        "accurate": "yes",
        "province": "استان البرز",
        "geolocates": "https://x.com/Shayan86/status/1933977248346055073",
        "unofficial_name": "Tehran Missile Base",
        "unofficial_name:fa": "پایگاه یکم پدافند هوایی",
        "name:en": "1st Air Defense Base",
        "city:en": "Karaj County",
        "province:en": "Alborz",
        "name:ar": "قاعدة الدفاع الجوي الأولى",
        "city:ar": "مقاطعة كرج",
        "province:ar": "ألبرز",
        "name:he": "בסיס ההגנה האווירית הראשון",
        "city:he": "מחוז משנה כרג'",
        "province:he": "אלבורז",
        "name:tr": "1. Hava Savunma Üssü",
        "city:tr": "Kereç",
        "province:tr": "Elburz",
        "name:ckb": "بنکەی یەکەمی بەرگریی ئاسمانی",
        "city:ckb": "شارستانی کەرەج",
        "province:ckb": "ئەلبورز",
        "publicId": "MTM6MjA4",
        "sourceId": "208",
        "layerId": 13,
        "status": "active",
        "urgency": null,
        "verificationTag": null,
        "expirationDate": null,
        "createdAt": "2026-10-07T04:26:23.359Z",
        "updatedAt": "2026-10-07T04:26:23.359Z"
      }
    },
    {
      "type": "Feature",
      "id": 95645,
      "geometry": {
        "type": "Point",
        "coordinates": [
          48.07677267909,
          34.81316030292
        ]
      },
      "properties": {
        "id": "MTM6MTUy",
        "city": "شهرستان اسدآباد",
        "date": "1749914400",
        "type": "event",
        "name:fa": "فرودگاه اسدآباد",
        "sources": "https://t.me/VahidOnline/65274",
        "province": "استان همدان",
        "geolocates": "https://x.com/Wolltigerhueter/status/1935468289683063152",
        "unofficial_name": "AsadAbad Airfield",
        "unofficial_name:fa": "فرودگاه اسدآباد",
        "name:en": "Asadabad Airport",
        "city:en": "Asadabad County",
        "province:en": "Hamadan",
        "name:ar": "مطار أسد أباد",
        "city:ar": "مقاطعة أسد أباد",
        "province:ar": "همدان",
        "name:he": "שדה התעופה אסדאבאד",
        "city:he": "מחוז משנה אסדאבאד",
        "province:he": "המדאן",
        "name:tr": "Esedabad Havalimanı",
        "city:tr": "Esedabad",
        "province:tr": "Hemedan",
        "name:ckb": "فرۆکەخانەی ئەسەدئاباد",
        "city:ckb": "شارستانی ئەسەدئاباد",
        "province:ckb": "ھەمەدان",
        "publicId": "MTM6MTUy",
        "sourceId": "152",
        "layerId": 13,
        "status": "active",
        "urgency": null,
        "verificationTag": null,
        "expirationDate": null,
        "createdAt": "2026-10-07T04:26:23.359Z",
        "updatedAt": "2026-10-07T04:26:23.359Z"
      }
    },
    {
      "type": "Feature",
      "id": 95646,
      "geometry": {
        "type": "Point",
        "coordinates": [
          51.72069579095,
          33.72981843814
        ]
      },
      "properties": {
        "id": "MTM6OTQ",
        "city": "شهرستان کاشان",
        "date": "1749772800",
        "name": "Natanz Nuclear Complex",
        "type": "event",
        "name:fa": "مجتمع هسته‌ای نطنز",
        "sources": "https://x.com/mhmiranusa/status/1933392045135311321",
        "accurate": "yes",
        "province": "استان اصفهان",
        "geolocates": "https://isis-online.org/isis-reports/post-attack-analysis-of-israels-june-12-13-military-attack-on-irans-nuclear-program, https://x.com/osc_london/status/1934622676322058567",
        "name:en": "Natanz Nuclear Complex",
        "city:en": "Kashan County",
        "province:en": "Isfahan",
        "name:ar": "مجمع نطنز النووي",
        "city:ar": "مقاطعة كاشان",
        "province:ar": "أصفهان",
        "name:he": "המתחם הגרעיני נתנז",
        "city:he": "מחוז משנה כאשאן",
        "province:he": "אספהאן",
        "name:tr": "Natanz Nükleer Kompleksi",
        "city:tr": "Kaşan",
        "province:tr": "İsfahan",
        "name:ckb": "کۆمەڵگەی ئەتۆمیی نەتەنز",
        "city:ckb": "شارستانی کاشان",
        "province:ckb": "ئەسفەھان",
        "publicId": "MTM6OTQ",
        "sourceId": "94",
        "layerId": 13,
        "status": "active",
        "urgency": null,
        "verificationTag": null,
        "expirationDate": null,
        "createdAt": "2026-10-07T04:26:23.359Z",
        "updatedAt": "2026-10-07T04:26:23.359Z"
      }
    },
    {
      "type": "Feature",
      "id": 95647,
      "geometry": {
        "type": "Point",
        "coordinates": [
          46.1757731384,
          37.97720862089
        ]
      },
      "properties": {
        "id": "MTM6NTgz",
        "city": "شهرستان تبریز",
        "date": "1749772800",
        "name": "Tabriz Missile Base",
        "type": "event",
        "name:fa": "پایگاه موشکی تبریز",
        "accurate": "yes",
        "province": "استان آذربایجان شرقی",
        "geolocates": "https://x.com/dex_eve/status/1933579131192795593, https://x.com/CSBiggers/status/1933894646037385380, https://x.com/BenTzionMacales/status/1941149553354530939",
        "name:en": "Tabriz Missile Base",
        "city:en": "Tabriz County",
        "province:en": "East Azerbaijan",
        "name:ar": "قاعدة تبريز الصاروخية",
        "city:ar": "مقاطعة تبريز",
        "province:ar": "أذربيجان الشرقية",
        "name:he": "בסיס הטילים תבריז",
        "city:he": "מחוז משנה תבריז",
        "province:he": "אזרבייג'ן המזרחית",
        "name:tr": "Tebriz Füze Üssü",
        "city:tr": "Tebriz",
        "province:tr": "Doğu Azerbaycan",
        "name:ckb": "بنکەی مووشەکیی تەورێز",
        "city:ckb": "شارستانی تەورێز",
        "province:ckb": "ئازەربایجانی ڕۆژھەڵات",
        "publicId": "MTM6NTgz",
        "sourceId": "583",
        "layerId": 13,
        "status": "active",
        "urgency": null,
        "verificationTag": null,
        "expirationDate": null,
        "createdAt": "2026-10-07T04:26:23.359Z",
        "updatedAt": "2026-10-07T04:26:23.359Z"
      }
    },
    {
      "type": "Feature",
      "id": 95648,
      "geometry": {
        "type": "Point",
        "coordinates": [
          51.431894297,
          32.69163355957
        ]
      },
      "properties": {
        "id": "MTM6NDc2",
        "city": "شهرستان نجف آباد",
        "date": "1750159800",
        "type": "event",
        "name:fa": "پایگاه موشکی اصفهان",
        "sources": "https://t.me/idfinfarsi/9564",
        "accurate": "yes",
        "province": "استان اصفهان",
        "geolocates": "https://x.com/BenTzionMacales/status/1941151953859301583",
        "unofficial_name": "Isfahan Missile Base",
        "unofficial_name:fa": "پایگاه موشکی اصفهان",
        "name:en": "Isfahan Missile Base",
        "city:en": "Najafabad County",
        "province:en": "Isfahan",
        "name:ar": "قاعدة أصفهان الصاروخية",
        "city:ar": "مقاطعة نجف أباد",
        "province:ar": "أصفهان",
        "name:he": "בסיס הטילים אספהאן",
        "city:he": "מחוז משנה נג'ף אבאד",
        "province:he": "אספהאן",
        "name:tr": "İsfahan Füze Üssü",
        "city:tr": "Necefabad",
        "province:tr": "İsfahan",
        "name:ckb": "بنکەی مووشەکیی ئەسفەهان",
        "city:ckb": "شارستانی نەجەفئاباد",
        "province:ckb": "ئەسفەھان",
        "publicId": "MTM6NDc2",
        "sourceId": "476",
        "layerId": 13,
        "status": "active",
        "urgency": null,
        "verificationTag": null,
        "expirationDate": null,
        "createdAt": "2026-10-07T04:26:23.359Z",
        "updatedAt": "2026-10-07T04:26:23.359Z"
      }
    },
    {
      "type": "Feature",
      "id": 95649,
      "geometry": {
        "type": "Point",
        "coordinates": [
          49.2444509241,
          34.36972836616
        ]
      },
      "properties": {
        "id": "MTM6NTI1",
        "city": "شهرستان خنداب",
        "date": "1750300200",
        "name": "Heavy Water Production Plant",
        "type": "event",
        "name:fa": "کارخانه تولید آب سنگین",
        "sources": "https://t.me/VahidOnline/65956",
        "accurate": "yes",
        "province": "استان مرکزی",
        "geolocates": "https://isis-online.org/isis-reports/post-attack-assessment-of-the-first-12-days-of-israeli-strikes-on-iranian-nuclear-facilities, https://x.com/osc_london/status/1935685553787146319",
        "name:en": "Heavy Water Production Plant",
        "city:en": "Khondab County",
        "province:en": "Markazi",
        "name:ar": "مصنع إنتاج الماء الثقيل",
        "city:ar": "مقاطعة خنداب",
        "province:ar": "المركزية",
        "name:he": "המפעל לייצור מים כבדים",
        "city:he": "מחוז משנה ח'נדאב",
        "province:he": "מרכזי",
        "name:tr": "Ağır Su Üretim Fabrikası",
        "city:tr": "Hendab",
        "province:tr": "Merkezi",
        "name:ckb": "کارگەی بەرهەمهێنانی ئاوی قورس",
        "city:ckb": "شارستانی خەنداب",
        "province:ckb": "مەرکەزی",
        "publicId": "MTM6NTI1",
        "sourceId": "525",
        "layerId": 13,
        "status": "active",
        "urgency": null,
        "verificationTag": null,
        "expirationDate": null,
        "createdAt": "2026-10-07T04:26:23.359Z",
        "updatedAt": "2026-10-07T04:26:23.359Z"
      }
    },
    {
      "type": "Feature",
      "id": 95650,
      "geometry": {
        "type": "Point",
        "coordinates": [
          50.91301560134,
          35.62291624517
        ]
      },
      "properties": {
        "id": "MTM6NDE3",
        "city": "شهرستان ملارد",
        "date": "1749772800-1750410000",
        "type": "event",
        "name:fa": "مجموعه موشکی بیدگنه",
        "accurate": "yes",
        "province": "استان تهران",
        "geolocates": "https://x.com/BenTzionMacales/status/1941150328868741171",
        "unofficial_name": "Bidkaneh Missile Base",
        "unofficial_name:fa": "مجموعه موشکی بیدگنه",
        "name:en": "Bidganeh Missile Complex",
        "city:en": "Malard County",
        "province:en": "Tehran",
        "name:ar": "مجمع بيدكنه الصاروخي",
        "city:ar": "مقاطعة ملارد",
        "province:ar": "طهران",
        "name:he": "מתחם הטילים בידגנה",
        "city:he": "מחוז משנה מלארד",
        "province:he": "טהראן",
        "name:tr": "Bidgene Füze Kompleksi",
        "city:tr": "Melard",
        "province:tr": "Tahran",
        "name:ckb": "کۆمەڵگەی مووشەکیی بێدگەنە",
        "city:ckb": "شارستانی مەڵارد",
        "province:ckb": "تاران",
        "publicId": "MTM6NDE3",
        "sourceId": "417",
        "layerId": 13,
        "status": "active",
        "urgency": null,
        "verificationTag": null,
        "expirationDate": null,
        "createdAt": "2026-10-07T04:26:23.359Z",
        "updatedAt": "2026-10-07T04:26:23.359Z"
      }
    },
    {
      "type": "Feature",
      "id": 95651,
      "geometry": {
        "type": "Point",
        "coordinates": [
          47.87745505303,
          34.43955748789
        ]
      },
      "properties": {
        "id": "MTM6MzU4",
        "city": "شهرستان کنگاور",
        "date": "1749897000",
        "type": "event",
        "name:fa": "پایگاه موشکی کنگاور",
        "accurate": "yes",
        "province": "استان کرمانشاه",
        "geolocates": "https://x.com/BenTzionMacales/status/1941149847828177109",
        "unofficial_name": "Kangavar Missile Base",
        "unofficial_name:fa": "پایگاه موشکی کنگاور",
        "name:en": "Kangavar Missile Base",
        "city:en": "Kangavar County",
        "province:en": "Kermanshah",
        "name:ar": "قاعدة كنكاور الصاروخية",
        "city:ar": "مقاطعة كنكاور",
        "province:ar": "كرمانشاه",
        "name:he": "בסיס הטילים כנגאוור",
        "city:he": "מחוז משנה כנגאוור",
        "province:he": "כרמאנשאה",
        "name:tr": "Kengaver Füze Üssü",
        "city:tr": "Kengaver",
        "province:tr": "Kirmanşah",
        "name:ckb": "بنکەی مووشەکیی کەنگاوەر",
        "city:ckb": "شارستانی کەنگاوەر",
        "province:ckb": "کرماشان",
        "publicId": "MTM6MzU4",
        "sourceId": "358",
        "layerId": 13,
        "status": "active",
        "urgency": null,
        "verificationTag": null,
        "expirationDate": null,
        "createdAt": "2026-10-07T04:26:23.359Z",
        "updatedAt": "2026-10-07T04:26:23.359Z"
      }
    },
    {
      "type": "Feature",
      "id": 95652,
      "geometry": {
        "type": "Point",
        "coordinates": [
          50.95467433199,
          35.76728594438
        ]
      },
      "properties": {
        "id": "MTM6Mjkx",
        "city": "شهرستان فردیس",
        "date": "1749830400",
        "type": "event",
        "name:fa": "سپاه مشکین‌دشت",
        "sources": "https://t.me/VahidOnline/65180",
        "province": "استان البرز",
        "geolocates": "https://x.com/andynovy/status/1933564122848702468",
        "unofficial_name": "IRGC Garrison",
        "unofficial_name:fa": "سپاه مشکین‌دشت",
        "name:en": "Meshkin Dasht IRGC",
        "city:en": "Fardis County",
        "province:en": "Alborz",
        "name:ar": "حرس مشكين دشت",
        "city:ar": "مقاطعة فرديس",
        "province:ar": "ألبرز",
        "name:he": "מפקדת משמרות המהפכה משכין דשת",
        "city:he": "נפת פרדיס",
        "province:he": "אלבורז",
        "name:tr": "Meşkindeşt Devrim Muhafızları",
        "city:tr": "Ferdis",
        "province:tr": "Elburz",
        "name:ckb": "سوپای مەشکین‌دەشت",
        "city:ckb": "شارستانی فەردیس",
        "province:ckb": "ئەلبورز",
        "publicId": "MTM6Mjkx",
        "sourceId": "291",
        "layerId": 13,
        "status": "active",
        "urgency": null,
        "verificationTag": null,
        "expirationDate": null,
        "createdAt": "2026-10-07T04:26:23.359Z",
        "updatedAt": "2026-10-07T04:26:23.359Z"
      }
    },
    {
      "type": "Feature",
      "id": 95653,
      "geometry": {
        "type": "Point",
        "coordinates": [
          48.21539997518,
          33.56355543025
        ]
      },
      "properties": {
        "id": "MTM6MjIy",
        "city": "شهرستان چگنی",
        "date": "1749943800",
        "type": "event",
        "name:fa": "پایگاه موشکی خرم‌آباد",
        "sources": "https://t.me/P_raetorio/27657",
        "accurate": "yes",
        "province": "استان لرستان",
        "geolocates": "https://x.com/BenTzionMacales/status/1941149920616181897",
        "unofficial_name": "KhoramAbad Missile Base",
        "unofficial_name:fa": "پایگاه موشکی خرم‌آباد",
        "name:en": "Khorramabad Missile Base",
        "city:en": "Chegeni County",
        "province:en": "Lorestan",
        "name:ar": "قاعدة خرم آباد الصاروخية",
        "city:ar": "مقاطعة تشكني",
        "province:ar": "لرستان",
        "name:he": "בסיס הטילים חורמאבאד",
        "city:he": "צ'גני",
        "province:he": "לורסתאן",
        "name:tr": "Hürremabad Füze Üssü",
        "city:tr": "Çegeni",
        "province:tr": "Luristan",
        "name:ckb": "بنکەی مووشەکیی خورەماوا",
        "city:ckb": "شارستانی چەگەنی",
        "province:ckb": "لوڕستان",
        "publicId": "MTM6MjIy",
        "sourceId": "222",
        "layerId": 13,
        "status": "active",
        "urgency": null,
        "verificationTag": null,
        "expirationDate": null,
        "createdAt": "2026-10-07T04:26:23.359Z",
        "updatedAt": "2026-10-07T04:26:23.359Z"
      }
    },
    {
      "type": "Feature",
      "id": 95654,
      "geometry": {
        "type": "Point",
        "coordinates": [
          51.49814485967,
          32.97669109825
        ]
      },
      "properties": {
        "id": "MTM6MTU4",
        "city": "شهرستان شاهین‌شهر و میمه",
        "date": "1750163400",
        "type": "event",
        "sources": "https://x.com/Vahid/status/1934981868346343761",
        "accurate": "yes",
        "province": "استان اصفهان",
        "city:en": "Shahin Shahr and Meymeh",
        "province:en": "Isfahan",
        "city:ar": "مقاطعة شاهين شهر وميمه",
        "province:ar": "أصفهان",
        "city:he": "נפת שאהין-שהר ומיימה",
        "province:he": "אספהאן",
        "city:tr": "Şahinşehir ve Meymeh Şehristanı",
        "province:tr": "İsfahan",
        "city:ckb": "شارستانی شاهین‌شار و میمە",
        "province:ckb": "ئەسفەھان",
        "publicId": "MTM6MTU4",
        "sourceId": "158",
        "layerId": 13,
        "status": "active",
        "urgency": null,
        "verificationTag": null,
        "expirationDate": null,
        "createdAt": "2026-10-07T04:26:23.359Z",
        "updatedAt": "2026-10-07T04:26:23.359Z"
      }
    },
    {
      "type": "Feature",
      "id": 95655,
      "geometry": {
        "type": "Point",
        "coordinates": [
          48.6876685904,
          35.19749768501
        ]
      },
      "properties": {
        "id": "MTM6MTAw",
        "city": "شهرستان کبودرآهنگ",
        "date": "1749772800-1749889800",
        "name": "3rd Tactical Fighter Base",
        "type": "event",
        "name:fa": "پایگاه سوم شکاری",
        "accurate": "yes",
        "province": "استان همدان",
        "geolocates": "https://x.com/osc_london/status/1934622671318229217, https://x.com/osc_london/status/1933969558789853253",
        "name:en": "3rd Tactical Fighter Base",
        "city:en": "Kabudarahang County",
        "province:en": "Hamadan",
        "name:ar": "القاعدة الجوية الثالثة للمقاتلات",
        "city:ar": "مقاطعة كبودرآهنك",
        "province:ar": "همدان",
        "name:he": "בסיס האוויר הטקטי השלישי",
        "city:he": "מחוז משנה כבודראהנג",
        "province:he": "המדאן",
        "name:tr": "3. Avcı Hava Üssü",
        "city:tr": "Kebuder Ahenk",
        "province:tr": "Hemedan",
        "name:ckb": "بنکەی سێیەمی شکاری",
        "city:ckb": "شارستانی کەبوودەرئاهەنگ",
        "province:ckb": "ھەمەدان",
        "publicId": "MTM6MTAw",
        "sourceId": "100",
        "layerId": 13,
        "status": "active",
        "urgency": null,
        "verificationTag": null,
        "expirationDate": null,
        "createdAt": "2026-10-07T04:26:23.359Z",
        "updatedAt": "2026-10-07T04:26:23.359Z"
      }
    },
    {
      "type": "Feature",
      "id": 95656,
      "geometry": {
        "type": "Point",
        "coordinates": [
          50.85716664255,
          35.90825274204
        ]
      },
      "properties": {
        "id": "MTM6NTMx",
        "city": "شهرستان ساوجبلاغ",
        "date": "1749772800-1750150800",
        "name": "TESA Karaj Centrifuge Manufacturing Site",
        "type": "event",
        "name:fa": "تسا کرج",
        "accurate": "yes",
        "province": "استان البرز",
        "name:en": "TESA Karaj",
        "city:en": "Savojbolagh County",
        "province:en": "Alborz",
        "name:ar": "تسا كرج",
        "city:ar": "مقاطعة ساوجبلاغ",
        "province:ar": "ألبرز",
        "name:he": "טסא כרג'",
        "city:he": "מחוז משנה סאווג'בולאג'",
        "province:he": "אלבורז",
        "name:tr": "TESA Kereç",
        "city:tr": "Savucbulak",
        "province:tr": "Elburz",
        "name:ckb": "تەسا کەرەج",
        "city:ckb": "شارستانی ساوجبوڵاغ",
        "province:ckb": "ئەلبورز",
        "publicId": "MTM6NTMx",
        "sourceId": "531",
        "layerId": 13,
        "status": "active",
        "urgency": null,
        "verificationTag": null,
        "expirationDate": null,
        "createdAt": "2026-10-07T04:26:23.359Z",
        "updatedAt": "2026-10-07T04:26:23.359Z"
      }
    },
    {
      "type": "Feature",
      "id": 95657,
      "geometry": {
        "type": "Point",
        "coordinates": [
          51.71390711725,
          32.46028476411
        ]
      },
      "properties": {
        "id": "MTM6NDkw",
        "city": "شهرستان مبارکه",
        "date": "1750159800",
        "type": "event",
        "name:fa": "پایگاه موشکی اصفهان",
        "sources": "https://t.me/idfinfarsi/9564",
        "accurate": "yes",
        "province": "استان اصفهان",
        "geolocates": "https://x.com/BenTzionMacales/status/1941153026703774185",
        "unofficial_name": "Isfahan Missile Base",
        "unofficial_name:fa": "پایگاه موشکی اصفهان",
        "name:en": "Isfahan Missile Base",
        "city:en": "Mobarakeh County",
        "province:en": "Isfahan",
        "name:ar": "قاعدة أصفهان الصاروخية",
        "city:ar": "مقاطعة مباركة",
        "province:ar": "أصفهان",
        "name:he": "בסיס הטילים אספהאן",
        "city:he": "מחוז משנה מבראכה",
        "province:he": "אספהאן",
        "name:tr": "İsfahan Füze Üssü",
        "city:tr": "Mübareke",
        "province:tr": "İsfahan",
        "name:ckb": "بنکەی مووشەکیی ئەسفەهان",
        "city:ckb": "شارستانی موبارەکە",
        "province:ckb": "ئەسفەھان",
        "publicId": "MTM6NDkw",
        "sourceId": "490",
        "layerId": 13,
        "status": "active",
        "urgency": null,
        "verificationTag": null,
        "expirationDate": null,
        "createdAt": "2026-10-07T04:26:23.359Z",
        "updatedAt": "2026-10-07T04:26:23.359Z"
      }
    },
    {
      "type": "Feature",
      "id": 95658,
      "geometry": {
        "type": "Point",
        "coordinates": [
          50.88991640925,
          35.59111270465
        ]
      },
      "properties": {
        "id": "MTM6NDIz",
        "city": "شهرستان ملارد",
        "date": "1749772800-1750410000",
        "type": "event",
        "name:fa": "مجموعه موشکی بیدگنه",
        "accurate": "yes",
        "province": "استان تهران",
        "geolocates": "https://x.com/BenTzionMacales/status/1941150385441566832",
        "unofficial_name": "Bidkaneh Missile Base",
        "unofficial_name:fa": "مجموعه موشکی بیدگنه",
        "name:en": "Bidganeh Missile Complex",
        "city:en": "Malard County",
        "province:en": "Tehran",
        "name:ar": "مجمع بيدكنه الصاروخي",
        "city:ar": "مقاطعة ملارد",
        "province:ar": "طهران",
        "name:he": "מתחם הטילים בידגנה",
        "city:he": "מלארד",
        "province:he": "טהראן",
        "name:tr": "Bidgene Füze Kompleksi",
        "city:tr": "Melard",
        "province:tr": "Tahran",
        "name:ckb": "کۆمەڵگەی مووشەکیی بێدگەنە",
        "city:ckb": "شارستانی مەڵارد",
        "province:ckb": "تاران",
        "publicId": "MTM6NDIz",
        "sourceId": "423",
        "layerId": 13,
        "status": "active",
        "urgency": null,
        "verificationTag": null,
        "expirationDate": null,
        "createdAt": "2026-10-07T04:26:23.359Z",
        "updatedAt": "2026-10-07T04:26:23.359Z"
      }
    },
    {
      "type": "Feature",
      "id": 95659,
      "geometry": {
        "type": "Point",
        "coordinates": [
          48.18041323543,
          33.58162585494
        ]
      },
      "properties": {
        "id": "MTM6MzY0",
        "city": "شهرستان چگنی",
        "date": "1749943800",
        "type": "event",
        "name:fa": "پایگاه موشکی خرم‌آباد",
        "sources": "https://t.me/P_raetorio/27657",
        "accurate": "yes",
        "province": "استان لرستان",
        "geolocates": "https://x.com/BenTzionMacales/status/1941149920616181897",
        "unofficial_name": "KhoramAbad Missile Base",
        "unofficial_name:fa": "پایگاه موشکی خرم‌آباد",
        "name:en": "Khorramabad Missile Base",
        "city:en": "Chegeni County",
        "province:en": "Lorestan",
        "name:ar": "قاعدة خرم آباد الصاروخية",
        "city:ar": "مقاطعة تشكني",
        "province:ar": "لرستان",
        "name:he": "בסיס הטילים ח'ורמאבאד",
        "city:he": "מחוז משנה צ'גני",
        "province:he": "לורסתאן",
        "name:tr": "Hürremabad Füze Üssü",
        "city:tr": "Çegeni",
        "province:tr": "Luristan",
        "name:ckb": "بنکەی مووشەکیی خورەماوا",
        "city:ckb": "شارستانی چەگەنی",
        "province:ckb": "لوڕستان",
        "publicId": "MTM6MzY0",
        "sourceId": "364",
        "layerId": 13,
        "status": "active",
        "urgency": null,
        "verificationTag": null,
        "expirationDate": null,
        "createdAt": "2026-10-07T04:26:23.359Z",
        "updatedAt": "2026-10-07T04:26:23.359Z"
      }
    },
    {
      "type": "Feature",
      "id": 95660,
      "geometry": {
        "type": "Point",
        "coordinates": [
          51.4589443776,
          35.80908676274
        ]
      },
      "properties": {
        "id": "MTM6MzA1",
        "city": "تجریش",
        "date": "1749996000",
        "type": "event",
        "sources": "https://t.me/VahidOnline/65536",
        "province": "استان تهران",
        "city:en": "Tajrish",
        "province:en": "Tehran",
        "city:ar": "تجريش",
        "province:ar": "طهران",
        "city:he": "תג'ריש",
        "province:he": "טהראן",
        "city:tr": "Tecriş",
        "province:tr": "Tahran",
        "city:ckb": "تەجریش",
        "province:ckb": "تاران",
        "publicId": "MTM6MzA1",
        "sourceId": "305",
        "layerId": 13,
        "status": "active",
        "urgency": null,
        "verificationTag": null,
        "expirationDate": null,
        "createdAt": "2026-10-07T04:26:23.359Z",
        "updatedAt": "2026-10-07T04:26:23.359Z"
      }
    },
    {
      "type": "Feature",
      "id": 95661,
      "geometry": {
        "type": "Point",
        "coordinates": [
          46.15196048677,
          38.25849034496
        ]
      },
      "properties": {
        "id": "MTM6MjQ2",
        "city": "شهرستان شبستر",
        "date": "1749772800-1749889800",
        "name": "Tabriz Missile Base",
        "type": "event",
        "name:fa": "پایگاه موشکی تبریز",
        "accurate": "yes",
        "province": "استان آذربایجان شرقی",
        "geolocates": "https://x.com/byjepstein/status/1935087907976495587, https://x.com/BenTzionMacales/status/1941149498425950483",
        "name:en": "Tabriz Missile Base",
        "city:en": "Shabestar County",
        "province:en": "East Azerbaijan",
        "name:ar": "قاعدة تبريز الصاروخية",
        "city:ar": "مقاطعة شبستر",
        "province:ar": "أذربيجان الشرقية",
        "name:he": "בסיס הטילים תבריז",
        "city:he": "מחוז משנה שבסטר",
        "province:he": "אזרבייג'ן המזרחית",
        "name:tr": "Tebriz Füze Üssü",
        "city:tr": "Şebister",
        "province:tr": "Doğu Azerbaycan",
        "name:ckb": "بنکەی مووشەکیی تەورێز",
        "city:ckb": "شارستانی شەبستەر",
        "province:ckb": "ئازەربایجانی ڕۆژھەڵات",
        "publicId": "MTM6MjQ2",
        "sourceId": "246",
        "layerId": 13,
        "status": "active",
        "urgency": null,
        "verificationTag": null,
        "expirationDate": null,
        "createdAt": "2026-10-07T04:26:23.359Z",
        "updatedAt": "2026-10-07T04:26:23.359Z"
      }
    },
    {
      "type": "Feature",
      "id": 95662,
      "geometry": {
        "type": "Point",
        "coordinates": [
          47.38613068521,
          34.505495673
        ]
      },
      "properties": {
        "id": "MTM6MjI4",
        "city": "شهرستان هرسین",
        "date": "1750408200",
        "type": "event",
        "mission": "destroyed drone launcher",
        "sources": "https://x.com/kaisos1987/status/1936176765178622278",
        "province": "استان کرمانشاه",
        "geolocates": "https://x.com/andynovy/status/1936189448758128997",
        "city:en": "Harsin",
        "province:en": "Kermanshah",
        "city:ar": "مقاطعة هرسين",
        "province:ar": "كرمانشاه",
        "city:he": "נפת הרסין",
        "province:he": "כרמאנשאה",
        "city:tr": "Harsin Şehristanı",
        "province:tr": "Kirmanşah",
        "city:ckb": "شارستانی هەرسین",
        "province:ckb": "کرماشان",
        "publicId": "MTM6MjI4",
        "sourceId": "228",
        "layerId": 13,
        "status": "active",
        "urgency": null,
        "verificationTag": null,
        "expirationDate": null,
        "createdAt": "2026-10-07T04:26:23.359Z",
        "updatedAt": "2026-10-07T04:26:23.359Z"
      }
    },
    {
      "type": "Feature",
      "id": 95663,
      "geometry": {
        "type": "Point",
        "coordinates": [
          51.4060378021,
          35.76731641638
        ]
      },
      "properties": {
        "id": "MTM6MTcy",
        "city": "تهران",
        "date": "1750415400",
        "type": "event",
        "sources": "https://t.me/idfinfarsi/9656",
        "accurate": "yes",
        "province": "استان تهران",
        "city:en": "Tehran",
        "province:en": "Tehran",
        "city:ar": "طهران",
        "province:ar": "طهران",
        "city:he": "טהראן",
        "province:he": "טהראן",
        "city:tr": "Tahran",
        "province:tr": "Tahran",
        "city:ckb": "تاران",
        "province:ckb": "تاران",
        "publicId": "MTM6MTcy",
        "sourceId": "172",
        "layerId": 13,
        "status": "active",
        "urgency": null,
        "verificationTag": null,
        "expirationDate": null,
        "createdAt": "2026-10-07T04:26:23.359Z",
        "updatedAt": "2026-10-07T04:26:23.359Z"
      }
    },
    {
      "type": "Feature",
      "id": 95664,
      "geometry": {
        "type": "Point",
        "coordinates": [
          48.67266163096,
          35.20794761494
        ]
      },
      "properties": {
        "id": "MTM6MTEz",
        "city": "شهرستان کبودرآهنگ",
        "date": "1749772800-1749889800",
        "name": "3rd Tactical Fighter Base",
        "type": "event",
        "name:fa": "پایگاه سوم شکاری",
        "accurate": "yes",
        "province": "استان همدان",
        "geolocates": "https://x.com/osc_london/status/1934622671318229217",
        "name:en": "3rd Tactical Air Base",
        "city:en": "Kabudarahang County",
        "province:en": "Hamadan",
        "name:ar": "القاعدة الجوية الثالثة للمقاتلات",
        "city:ar": "مقاطعة كبودرآهنك",
        "province:ar": "همدان",
        "name:he": "בסיס האוויר הטקטי השלישי",
        "city:he": "מחוז משנה כבודראהנג",
        "province:he": "המדאן",
        "name:tr": "3. Avcı Hava Üssü",
        "city:tr": "Kebuder Ahenk",
        "province:tr": "Hemedan",
        "name:ckb": "بنکەی سێیەمی شکاری",
        "city:ckb": "شارستانی کەبوودەرئاهەنگ",
        "province:ckb": "ھەمەدان",
        "publicId": "MTM6MTEz",
        "sourceId": "113",
        "layerId": 13,
        "status": "active",
        "urgency": null,
        "verificationTag": null,
        "expirationDate": null,
        "createdAt": "2026-10-07T04:26:23.359Z",
        "updatedAt": "2026-10-07T04:26:23.359Z"
      }
    },
    {
      "type": "Feature",
      "id": 95665,
      "geometry": {
        "type": "Point",
        "coordinates": [
          54.37086577892,
          31.78217403712
        ]
      },
      "properties": {
        "id": "MTM6NTQ0",
        "city": "شهرستان یزد",
        "date": "1750588200",
        "type": "event",
        "name:fa": "پادگان شهید صدوقی",
        "sources": "https://t.me/bbcpersian/253110",
        "province": "استان یزد",
        "geolocates": "https://x.com/andynovy/status/1936766505426780213",
        "unofficial_name": "Shahid Sadoughi Garrison",
        "unofficial_name:fa": "پادگان شهید صدوقی",
        "name:en": "Shahid Sadoughi Garrison",
        "city:en": "Yazd County",
        "province:en": "Yazd",
        "name:ar": "ثكنة الشهيد صدوقي",
        "city:ar": "مقاطعة يزد",
        "province:ar": "يزد",
        "name:he": "מחנה שהיד צדוקי",
        "city:he": "מחוז משנה יזד",
        "province:he": "יזד",
        "name:tr": "Şehit Saduki Kışlası",
        "city:tr": "Yezd",
        "province:tr": "Yezd",
        "name:ckb": "سەربازگەی شەهید سەدوقی",
        "city:ckb": "شارستانی یەزد",
        "province:ckb": "یەزد",
        "publicId": "MTM6NTQ0",
        "sourceId": "544",
        "layerId": 13,
        "status": "active",
        "urgency": null,
        "verificationTag": null,
        "expirationDate": null,
        "createdAt": "2026-10-07T04:26:23.359Z",
        "updatedAt": "2026-10-07T04:26:23.359Z"
      }
    },
    {
      "type": "Feature",
      "id": 95666,
      "geometry": {
        "type": "Point",
        "coordinates": [
          50.73237687081,
          34.94047547293
        ]
      },
      "properties": {
        "id": "MTM6NDM3",
        "city": "شهرستان قم",
        "date": "1750237200-1750669200",
        "name": "Qom Missile Base",
        "type": "event",
        "name:fa": "مجموعه کوشک نصرت",
        "province": "استان قم",
        "geolocates": "https://x.com/BenTzionMacales/status/1941150443872403501",
        "unofficial_name": "Qom Missile Base",
        "unofficial_name:fa": "مجموعه کوشک نصرت",
        "name:en": "Kushk-e Nosrat Complex",
        "city:en": "Qom County",
        "province:en": "Qom",
        "name:ar": "مجمع كوشك نصرت",
        "city:ar": "مقاطعة قم",
        "province:ar": "قم",
        "name:he": "מתחם כושכ נסרת",
        "city:he": "מחוז משנה קום",
        "province:he": "קום",
        "name:tr": "Köşk-i Nusret Kompleksi",
        "city:tr": "Kum",
        "province:tr": "Kum",
        "name:ckb": "کۆمەڵگەی کۆشکی نوسرەت",
        "city:ckb": "شارستانی قوم",
        "province:ckb": "قوم",
        "publicId": "MTM6NDM3",
        "sourceId": "437",
        "layerId": 13,
        "status": "active",
        "urgency": null,
        "verificationTag": null,
        "expirationDate": null,
        "createdAt": "2026-10-07T04:26:23.359Z",
        "updatedAt": "2026-10-07T04:26:23.359Z"
      }
    },
    {
      "type": "Feature",
      "id": 95667,
      "geometry": {
        "type": "Point",
        "coordinates": [
          48.21050762057,
          33.55150787688
        ]
      },
      "properties": {
        "id": "MTM6Mzc4",
        "city": "شهرستان چگنی",
        "date": "1749943800",
        "type": "event",
        "name:fa": "پایگاه موشکی خرم‌آباد",
        "sources": "https://t.me/P_raetorio/27657",
        "province": "استان لرستان",
        "geolocates": "https://x.com/BenTzionMacales/status/1941149999192216043",
        "unofficial_name": "KhoramAbad Missile Base",
        "unofficial_name:fa": "پایگاه موشکی خرم‌آباد",
        "name:en": "Khorramabad Missile Base",
        "city:en": "Chegeni County",
        "province:en": "Lorestan",
        "name:ar": "قاعدة خرم آباد الصاروخية",
        "city:ar": "مقاطعة تشكني",
        "province:ar": "لرستان",
        "name:he": "בסיס הטילים ח'ורמאבאד",
        "city:he": "מחוז משנה צ'גני",
        "province:he": "לורסתאן",
        "name:tr": "Hürremabad Füze Üssü",
        "city:tr": "Çegeni",
        "province:tr": "Luristan",
        "name:ckb": "بنکەی مووشەکیی خورەماوا",
        "city:ckb": "شارستانی چەگەنی",
        "province:ckb": "لوڕستان",
        "publicId": "MTM6Mzc4",
        "sourceId": "378",
        "layerId": 13,
        "status": "active",
        "urgency": null,
        "verificationTag": null,
        "expirationDate": null,
        "createdAt": "2026-10-07T04:26:23.359Z",
        "updatedAt": "2026-10-07T04:26:23.359Z"
      }
    },
    {
      "type": "Feature",
      "id": 95668,
      "geometry": {
        "type": "Point",
        "coordinates": [
          47.08456456125,
          34.40567040307
        ]
      },
      "properties": {
        "id": "MTM6MzEx",
        "city": "شهرستان کرمانشاه",
        "date": "1749961800",
        "type": "event",
        "province": "استان کرمانشاه",
        "geolocates": "https://x.com/BenTzionMacales/status/1941149722062045262",
        "city:en": "Kermanshah",
        "province:en": "Kermanshah",
        "city:ar": "مقاطعة كرمانشاه",
        "province:ar": "كرمانشاه",
        "city:he": "מחוז כרמאנשאה",
        "province:he": "כרמאנשאה",
        "city:tr": "Kirmanşah Şehristanı",
        "province:tr": "Kirmanşah",
        "city:ckb": "شارستانی کرماشان",
        "province:ckb": "کرماشان",
        "publicId": "MTM6MzEx",
        "sourceId": "311",
        "layerId": 13,
        "status": "active",
        "urgency": null,
        "verificationTag": null,
        "expirationDate": null,
        "createdAt": "2026-10-07T04:26:23.359Z",
        "updatedAt": "2026-10-07T04:26:23.359Z"
      }
    },
    {
      "type": "Feature",
      "id": 95669,
      "geometry": {
        "type": "Point",
        "coordinates": [
          47.51060127944,
          36.06885243584
        ]
      },
      "properties": {
        "id": "MTM6MjUy",
        "city": "شهرستان بیجار",
        "date": "1750062600-1750235400",
        "type": "event",
        "mission": "Ghadir OTH radar neutralized",
        "name:fa": "رادار فرا افق غدیر بیجار",
        "accurate": "yes",
        "province": "استان کردستان",
        "geolocates": "https://x.com/MiddleEastBuka/status/1935637288265900187",
        "unofficial_name": "Bijar ghadir OTH radar",
        "unofficial_name:fa": "رادار فرا افق غدیر بیجار",
        "name:en": "Ghadir Over-the-Horizon Radar Bijar",
        "city:en": "Bijar County",
        "province:en": "Kurdistan",
        "name:ar": "رادار قدير ما وراء الأفق في بيجار",
        "city:ar": "مقاطعة بيجار",
        "province:ar": "كردستان",
        "name:he": "מכ\"ם מעבר לאופק גאדיר ביג'אר",
        "city:he": "מחוז משנה ביג'אר",
        "province:he": "כורדיסטאן",
        "name:tr": "Bicar Gadir Ufuk Ötesi Radarı",
        "city:tr": "Bicar",
        "province:tr": "Kürdistan",
        "name:ckb": "ڕاداری سەرووی ئاسۆی غەدێری بیجاڕ",
        "city:ckb": "شارستانی بیجاڕ",
        "province:ckb": "کوردستان",
        "publicId": "MTM6MjUy",
        "sourceId": "252",
        "layerId": 13,
        "status": "active",
        "urgency": null,
        "verificationTag": null,
        "expirationDate": null,
        "createdAt": "2026-10-07T04:26:23.359Z",
        "updatedAt": "2026-10-07T04:26:23.359Z"
      }
    },
    {
      "type": "Feature",
      "id": 95670,
      "geometry": {
        "type": "Point",
        "coordinates": [
          49.54133390844,
          37.2355946001
        ]
      },
      "properties": {
        "id": "MTM6MTc4",
        "city": "کلانشهر رشت",
        "date": "1750372200",
        "name": "Carbon Fiber Production Facility of the Ministry of Defense",
        "type": "event",
        "name:fa": "تأسیسات تولید الیاف کربن وزارت دفاع",
        "sources": "https://t.me/jangaavaran1390/109383",
        "province": "استان گیلان",
        "name:en": "Ministry of Defense Carbon Fiber Production Facility",
        "city:en": "Rasht Metropolis",
        "province:en": "Gilan",
        "name:ar": "منشأة إنتاج ألياف الكربون التابعة لوزارة الدفاع",
        "city:ar": "مدينة رشت",
        "province:ar": "جيلان",
        "name:he": "מתקן ייצור סיבי פחמן של משרד הביטחון",
        "city:he": "מטרופולין רשת",
        "province:he": "גילאן",
        "name:tr": "Savunma Bakanlığı Karbon Elyaf Üretim Tesisleri",
        "city:tr": "Reşt",
        "province:tr": "Gilan",
        "name:ckb": "دامەزراوەکانی بەرهەمهێنانی ڕیشاڵی کاربۆنی وەزارەتی بەرگری",
        "city:ckb": "شاری ڕەشت",
        "province:ckb": "گیلان",
        "publicId": "MTM6MTc4",
        "sourceId": "178",
        "layerId": 13,
        "status": "active",
        "urgency": null,
        "verificationTag": null,
        "expirationDate": null,
        "createdAt": "2026-10-07T04:26:23.359Z",
        "updatedAt": "2026-10-07T04:26:23.359Z"
      }
    },
    {
      "type": "Feature",
      "id": 95671,
      "geometry": {
        "type": "Point",
        "coordinates": [
          46.24806403041,
          38.12854783953
        ]
      },
      "properties": {
        "id": "MTM6MTE5",
        "city": "تبریز",
        "date": "1749772800-1749889800",
        "type": "event",
        "name:fa": "پایگاه هوایی تبریز",
        "accurate": "yes",
        "province": "استان آذربایجان شرقی",
        "geolocates": "https://x.com/osc_london/status/1934622671318229217, https://x.com/bradyafr/status/1934260300603129942",
        "name:en": "Tabriz Air Base",
        "city:en": "Tabriz",
        "province:en": "East Azerbaijan",
        "name:ar": "قاعدة تبريز الجوية",
        "city:ar": "تبريز",
        "province:ar": "أذربيجان الشرقية",
        "name:he": "בסיס האוויר תבריז",
        "city:he": "תבריז",
        "province:he": "אזרבייג'ן המזרחית",
        "name:tr": "Tebriz Hava Üssü",
        "city:tr": "Tebriz",
        "province:tr": "Doğu Azerbaycan",
        "name:ckb": "بنکەی ئاسمانیی تەورێز",
        "city:ckb": "تەورێز",
        "province:ckb": "ئازەربایجانی ڕۆژھەڵات",
        "publicId": "MTM6MTE5",
        "sourceId": "119",
        "layerId": 13,
        "status": "active",
        "urgency": null,
        "verificationTag": null,
        "expirationDate": null,
        "createdAt": "2026-10-07T04:26:23.359Z",
        "updatedAt": "2026-10-07T04:26:23.359Z"
      }
    },
    {
      "type": "Feature",
      "id": 95672,
      "geometry": {
        "type": "Point",
        "coordinates": [
          48.04410337865,
          34.62497561869
        ]
      },
      "properties": {
        "id": "MTM6NTUw",
        "city": "شهرستان اسدآباد",
        "date": "1749897000",
        "type": "event",
        "sources": "https://t.me/P_raetorio/27555",
        "province": "استان همدان",
        "geolocates": "https://x.com/Grimm_Intel/status/1933871168605339781",
        "city:en": "Asadabad",
        "province:en": "Hamadan",
        "city:ar": "مقاطعة أسد آباد",
        "province:ar": "همدان",
        "city:he": "נפת אסדאבאד",
        "province:he": "המדאן",
        "city:tr": "Asadabad Şehristanı",
        "province:tr": "Hemedan",
        "city:ckb": "شارستانی ئەسەدأباد",
        "province:ckb": "ھەمەدان",
        "publicId": "MTM6NTUw",
        "sourceId": "550",
        "layerId": 13,
        "status": "active",
        "urgency": null,
        "verificationTag": null,
        "expirationDate": null,
        "createdAt": "2026-10-07T04:26:23.359Z",
        "updatedAt": "2026-10-07T04:26:23.359Z"
      }
    },
    {
      "type": "Feature",
      "id": 95673,
      "geometry": {
        "type": "Point",
        "coordinates": [
          50.78313230932,
          34.92511587937
        ]
      },
      "properties": {
        "id": "MTM6NDQz",
        "city": "شهرستان قم",
        "date": "1750237200-1750669200",
        "name": "Qom Missile Base",
        "type": "event",
        "name:fa": "مجموعه کوشک نصرت",
        "accurate": "yes",
        "province": "استان قم",
        "geolocates": "https://x.com/BenTzionMacales/status/1941150443872403501",
        "name:en": "Kushk-e Nosrat Complex",
        "city:en": "Qom County",
        "province:en": "Qom",
        "name:ar": "مجمع كوشك نصرت",
        "city:ar": "مقاطعة قم",
        "province:ar": "قم",
        "name:he": "מתחם כושכ נסרת",
        "city:he": "מחוז משנה קום",
        "province:he": "קום",
        "name:tr": "Kuşk-ı Nusret Kompleksi",
        "city:tr": "Kum",
        "province:tr": "Kum",
        "name:ckb": "کۆمەڵگەی کۆشکی نوسرەت",
        "city:ckb": "شاریستانی قوم",
        "province:ckb": "قوم",
        "publicId": "MTM6NDQz",
        "sourceId": "443",
        "layerId": 13,
        "status": "active",
        "urgency": null,
        "verificationTag": null,
        "expirationDate": null,
        "createdAt": "2026-10-07T04:26:23.359Z",
        "updatedAt": "2026-10-07T04:26:23.359Z"
      }
    },
    {
      "type": "Feature",
      "id": 95674,
      "geometry": {
        "type": "Point",
        "coordinates": [
          48.43106030345,
          36.75355052037
        ]
      },
      "properties": {
        "id": "MTM6Mzg0",
        "city": "شهرستان زنجان",
        "date": "1749772800-1750235400",
        "name": "IRGC Zanjan Garrison",
        "type": "event",
        "name:fa": "سپاه انصارالمهدی",
        "accurate": "yes",
        "province": "استان زنجان",
        "geolocates": "https://x.com/BenTzionMacales/status/1941150144055177456",
        "name:en": "Ansar al-Mahdi IRGC Corps",
        "city:en": "Zanjan County",
        "province:en": "Zanjan",
        "name:ar": "فيلق أنصار المهدي للحرس الثوري",
        "city:ar": "مقاطعة زنجان",
        "province:ar": "زنجان",
        "name:he": "מפקדת אנסאר אל-מהדי של משמרות המהפכה",
        "city:he": "מחוז משנה זנג'אן",
        "province:he": "זנג'אן",
        "name:tr": "Ensar'ül Mehdi Kolordusu",
        "city:tr": "Zencan",
        "province:tr": "Zencan",
        "name:ckb": "سوپای ئەنسارولمەهدی",
        "city:ckb": "شاریستانی زەنجان",
        "province:ckb": "زەنجان",
        "publicId": "MTM6Mzg0",
        "sourceId": "384",
        "layerId": 13,
        "status": "active",
        "urgency": null,
        "verificationTag": null,
        "expirationDate": null,
        "createdAt": "2026-10-07T04:26:23.359Z",
        "updatedAt": "2026-10-07T04:26:23.359Z"
      }
    },
    {
      "type": "Feature",
      "id": 95675,
      "geometry": {
        "type": "Point",
        "coordinates": [
          46.17605208278,
          37.97887887645
        ]
      },
      "properties": {
        "id": "MTM6MzI1",
        "city": "شهرستان تبریز",
        "date": "1749772800-1750494600",
        "name": "Tabriz Missile Base",
        "type": "event",
        "name:fa": "پایگاه موشکی تبریز",
        "accurate": "yes",
        "province": "استان آذربایجان شرقی",
        "geolocates": "https://x.com/BenTzionMacales/status/1941149553354530939",
        "name:en": "Tabriz Missile Base",
        "city:en": "Tabriz County",
        "province:en": "East Azerbaijan",
        "name:ar": "قاعدة تبريز الصاروخية",
        "city:ar": "مقاطعة تبريز",
        "province:ar": "أذربيجان الشرقية",
        "name:he": "בסיס הטילים תבריז",
        "city:he": "מחוז משנה תבריז",
        "province:he": "אזרבייג'ן המזרחית",
        "name:tr": "Tebriz Füze Üssü",
        "city:tr": "Tebriz",
        "province:tr": "Doğu Azerbaycan",
        "name:ckb": "بنکەی مووشەکیی تەورێز",
        "city:ckb": "شاریستانی تەورێز",
        "province:ckb": "ئازەربایجانی ڕۆژھەڵات",
        "publicId": "MTM6MzI1",
        "sourceId": "325",
        "layerId": 13,
        "status": "active",
        "urgency": null,
        "verificationTag": null,
        "expirationDate": null,
        "createdAt": "2026-10-07T04:26:23.359Z",
        "updatedAt": "2026-10-07T04:26:23.359Z"
      }
    },
    {
      "type": "Feature",
      "id": 95676,
      "geometry": {
        "type": "Point",
        "coordinates": [
          50.99967240751,
          34.88372191917
        ]
      },
      "properties": {
        "id": "MTM6MjY2",
        "city": "شهرستان قم",
        "date": "1750545000",
        "name": "Natanz Nuclear Complex",
        "type": "event",
        "name:fa": "مجتمع هسته‌ای فوردو",
        "accurate": "yes",
        "province": "استان قم",
        "geolocates": "https://isis-online.org/isis-reports/post-attack-assessment-of-the-first-12-days-of-israeli-strikes-on-iranian-nuclear-facilities, https://x.com/detresfa_/status/1937740428301746589",
        "name:en": "Fordow Nuclear Complex",
        "city:en": "Qom County",
        "province:en": "Qom",
        "name:ar": "مجمع فوردو النووي",
        "city:ar": "مقاطعة قم",
        "province:ar": "قم",
        "name:he": "המתחם הגרעיני פורדו",
        "city:he": "מחוז משנה קום",
        "province:he": "קום",
        "name:tr": "Fordo Nükleer Kompleksi",
        "city:tr": "Kum",
        "province:tr": "Kum",
        "name:ckb": "کۆمەڵگەی ئەتۆمیی فۆردۆ",
        "city:ckb": "شاریستانی قوم",
        "province:ckb": "قوم",
        "publicId": "MTM6MjY2",
        "sourceId": "266",
        "layerId": 13,
        "status": "active",
        "urgency": null,
        "verificationTag": null,
        "expirationDate": null,
        "createdAt": "2026-10-07T04:26:23.359Z",
        "updatedAt": "2026-10-07T04:26:23.359Z"
      }
    },
    {
      "type": "Feature",
      "id": 95677,
      "geometry": {
        "type": "Point",
        "coordinates": [
          51.39704167575,
          35.77835185514
        ]
      },
      "properties": {
        "id": "MTM6MTkx",
        "city": "تهران",
        "date": "1750086000",
        "name": "Sarallah Headquarters of the IRGC",
        "type": "event",
        "name:fa": "قرارگاه ثارالله سپاه",
        "sources": "https://x.com/manniefabian/status/1937205645461323879",
        "accurate": "yes",
        "province": "استان تهران",
        "geolocates": "https://x.com/andynovy/status/1937207806697799797",
        "name:en": "IRGC Sarallah Headquarters",
        "city:en": "Tehran",
        "province:en": "Tehran",
        "name:ar": "مقر ثأر الله للحرس الثوري",
        "city:ar": "طهران",
        "province:ar": "طهران",
        "name:he": "מפקדת ת'אראללה של משמרות המהפכה",
        "city:he": "טהראן",
        "province:he": "טהראן",
        "name:tr": "Devrim Muhafızları Sarullah Karargahı",
        "city:tr": "Tahran",
        "province:tr": "Tahran",
        "name:ckb": "بارەگای سارەڵای سوپا",
        "city:ckb": "تاران",
        "province:ckb": "تاران",
        "publicId": "MTM6MTkx",
        "sourceId": "191",
        "layerId": 13,
        "status": "active",
        "urgency": null,
        "verificationTag": null,
        "expirationDate": null,
        "createdAt": "2026-10-07T04:26:23.359Z",
        "updatedAt": "2026-10-07T04:26:23.359Z"
      }
    },
    {
      "type": "Feature",
      "id": 95678,
      "geometry": {
        "type": "Point",
        "coordinates": [
          51.82222008437,
          32.58276902197
        ]
      },
      "properties": {
        "id": "MTM6MTMz",
        "city": "اصفهان",
        "date": "1750549800",
        "type": "event",
        "name:fa": "مجتمع هسته‌ای اصفهان",
        "accurate": "yes",
        "province": "استان اصفهان",
        "geolocates": "https://isis-online.org/isis-reports/post-attack-assessment-of-the-first-12-days-of-israeli-strikes-on-iranian-nuclear-facilities, https://x.com/detresfa_/status/1936827158351184078",
        "unofficial_name": "Isfahan Nuclear Complex",
        "unofficial_name:fa": "مجتمع هسته‌ای اصفهان",
        "name:en": "Isfahan Nuclear Complex",
        "city:en": "Isfahan",
        "province:en": "Isfahan",
        "name:ar": "مجمع أصفهان النووي",
        "city:ar": "أصفهان",
        "province:ar": "أصفهان",
        "name:he": "המתחם הגרעיני אספהאן",
        "city:he": "אספהאן",
        "province:he": "אספהאן",
        "name:tr": "İsfahan Nükleer Kompleksi",
        "city:tr": "İsfahan",
        "province:tr": "İsfahan",
        "name:ckb": "کۆمەڵگەی ئەتۆمیی ئیسفەهان",
        "city:ckb": "ئیسفەهان",
        "province:ckb": "ئەسفەھان",
        "publicId": "MTM6MTMz",
        "sourceId": "133",
        "layerId": 13,
        "status": "active",
        "urgency": null,
        "verificationTag": null,
        "expirationDate": null,
        "createdAt": "2026-10-07T04:26:23.359Z",
        "updatedAt": "2026-10-07T04:26:23.359Z"
      }
    },
    {
      "type": "Feature",
      "id": 95679,
      "geometry": {
        "type": "Point",
        "coordinates": [
          51.03159337968,
          35.76541209624
        ]
      },
      "properties": {
        "id": "MTM6NTY0",
        "city": "شهرستان فردیس",
        "date": "1749978000-1750755600",
        "type": "event",
        "name:fa": "گروه شیمیایی شهید میثمی",
        "accurate": "yes",
        "province": "استان البرز",
        "geolocates": "https://isis-online.org/isis-reports/post-attack-assessment-of-shahid-meysami-research-center",
        "unofficial_name": "Meisami Chemical Group",
        "unofficial_name:fa": "گروه شیمیایی شهید میثمی",
        "name:en": "Shahid Meisami Chemical Group",
        "city:en": "Fardis County",
        "province:en": "Alborz",
        "name:ar": "مجموعة الشهيد ميثمي الكيميائية",
        "city:ar": "مقاطعة فرديس",
        "province:ar": "ألبرز",
        "name:he": "הקבוצה הכימית שהיד מייתמי",
        "province:he": "אלבורז",
        "name:tr": "Şehit Meysami Kimya Grubu",
        "city:tr": "Ferdis",
        "province:tr": "Elburz",
        "name:ckb": "گرووپی کیمیاییی شەهید میسەمی",
        "city:ckb": "شاریستانی فەردیس",
        "province:ckb": "ئەلبورز",
        "publicId": "MTM6NTY0",
        "sourceId": "564",
        "layerId": 13,
        "status": "active",
        "urgency": null,
        "verificationTag": null,
        "expirationDate": null,
        "createdAt": "2026-10-07T04:26:23.359Z",
        "updatedAt": "2026-10-07T04:26:23.359Z"
      }
    },
    {
      "type": "Feature",
      "id": 95680,
      "geometry": {
        "type": "Point",
        "coordinates": [
          50.73063610911,
          34.92190066957
        ]
      },
      "properties": {
        "id": "MTM6NDU3",
        "city": "شهرستان قم",
        "date": "1750237200-1750669200",
        "name": "Qom Missile Base",
        "type": "event",
        "name:fa": "مجموعه کوشک نصرت",
        "province": "استان قم",
        "geolocates": "https://x.com/BenTzionMacales/status/1941150522523688971",
        "name:en": "Kushk-e Nosrat Complex",
        "city:en": "Qom County",
        "province:en": "Qom",
        "name:ar": "مجمع كوشك نصرت",
        "city:ar": "مقاطعة قم",
        "province:ar": "قم",
        "name:he": "מתחם כושכ נסרת",
        "city:he": "מחוז משנה קום",
        "province:he": "קום",
        "name:tr": "Kuşk-ı Nusret Kompleksi",
        "city:tr": "Kum",
        "province:tr": "Kum",
        "name:ckb": "کۆمەڵگەی کۆشکی نوسرەت",
        "city:ckb": "شاریستانی قوم",
        "province:ckb": "قوم",
        "publicId": "MTM6NDU3",
        "sourceId": "457",
        "layerId": 13,
        "status": "active",
        "urgency": null,
        "verificationTag": null,
        "expirationDate": null,
        "createdAt": "2026-10-07T04:26:23.359Z",
        "updatedAt": "2026-10-07T04:26:23.359Z"
      }
    },
    {
      "type": "Feature",
      "id": 95681,
      "geometry": {
        "type": "Point",
        "coordinates": [
          52.56706952512,
          29.7200170293
        ]
      },
      "properties": {
        "id": "MTM6NTA2",
        "city": "شهرستان شیراز",
        "date": "1750408200",
        "type": "event",
        "name:fa": "پایگاه هوافضا سپاه",
        "accurate": "yes",
        "province": "استان فارس",
        "unofficial_name": "IRGC Aerospace Force",
        "unofficial_name:fa": "پایگاه هوافضا سپاه",
        "name:en": "IRGC Aerospace Base",
        "city:en": "Shiraz County",
        "province:en": "Fars",
        "name:ar": "قاعدة الجو-فضائية للحرس الثوري",
        "city:ar": "مقاطعة شيراز",
        "province:ar": "فارس",
        "name:tr": "Devrim Muhafızları Havacılık ve Uzay Üssü",
        "city:tr": "Şiraz",
        "province:tr": "Fars",
        "name:ckb": "بنکەی هەوافەزای سوپا",
        "city:ckb": "شاریستانی شیراز",
        "province:ckb": "فارس",
        "name:he": "בסיס האוויר והחלל של משמרות המהפכה",
        "city:he": "נפת שיראז",
        "province:he": "פארס",
        "publicId": "MTM6NTA2",
        "sourceId": "506",
        "layerId": 13,
        "status": "active",
        "urgency": null,
        "verificationTag": null,
        "expirationDate": null,
        "createdAt": "2026-10-07T04:26:23.359Z",
        "updatedAt": "2026-10-07T04:26:23.359Z"
      }
    },
    {
      "type": "Feature",
      "id": 95682,
      "geometry": {
        "type": "Point",
        "coordinates": [
          50.43346344888,
          35.67903878321
        ]
      },
      "properties": {
        "id": "MTM6Mzk4",
        "city": "شهرستان اشتهارد",
        "date": "1749772800-1750755600",
        "type": "event",
        "name:fa": "پایگاه موشکی اشتهارد",
        "accurate": "yes",
        "province": "استان البرز",
        "geolocates": "https://x.com/BenTzionMacales/status/1941150251714597345",
        "unofficial_name": "Eshtehard Missile Base",
        "unofficial_name:fa": "پایگاه موشکی اشتهارد",
        "name:en": "Eshtehard Missile Base",
        "city:en": "Eshtehard County",
        "province:en": "Alborz",
        "name:ar": "قاعدة اشتهارد الصاروخية",
        "city:ar": "مقاطعة اشتهارد",
        "province:ar": "ألبرز",
        "name:tr": "Eştehard Füze Üssü",
        "city:tr": "Eştehard",
        "province:tr": "Elburz",
        "name:ckb": "بنکەی مووشەکیی ئیشتەهارد",
        "city:ckb": "شاریستانی ئیشتەهارد",
        "province:ckb": "ئەلبورز",
        "name:he": "בסיס הטילים אשתהארד",
        "city:he": "נפת אשתהארד",
        "province:he": "אלבורז",
        "publicId": "MTM6Mzk4",
        "sourceId": "398",
        "layerId": 13,
        "status": "active",
        "urgency": null,
        "verificationTag": null,
        "expirationDate": null,
        "createdAt": "2026-10-07T04:26:23.359Z",
        "updatedAt": "2026-10-07T04:26:23.359Z"
      }
    },
    {
      "type": "Feature",
      "id": 95683,
      "geometry": {
        "type": "Point",
        "coordinates": [
          46.1623473452,
          37.98174780699
        ]
      },
      "properties": {
        "id": "MTM6MzMx",
        "city": "شهرستان تبریز",
        "date": "1749772800-1750494600",
        "name": "Tabriz Missile Base",
        "type": "event",
        "name:fa": "پایگاه موشکی تبریز",
        "accurate": "yes",
        "province": "استان آذربایجان شرقی",
        "geolocates": "https://x.com/BenTzionMacales/status/1941149553354530939",
        "name:en": "Tabriz Missile Base",
        "city:en": "Tabriz County",
        "province:en": "East Azerbaijan",
        "name:ar": "قاعدة تبريز الصاروخية",
        "city:ar": "مقاطعة تبريز",
        "province:ar": "أذربيجان الشرقية",
        "name:he": "בסיס הטילים תבריז",
        "city:he": "תבריז",
        "province:he": "אזרבייג'ן המזרחית",
        "name:tr": "Tebriz Füze Üssü",
        "city:tr": "Tebriz",
        "province:tr": "Doğu Azerbaycan",
        "name:ckb": "بنکەی مووشەکیی تەورێز",
        "city:ckb": "شاریستانی تەورێز",
        "province:ckb": "ئازەربایجانی ڕۆژھەڵات",
        "publicId": "MTM6MzMx",
        "sourceId": "331",
        "layerId": 13,
        "status": "active",
        "urgency": null,
        "verificationTag": null,
        "expirationDate": null,
        "createdAt": "2026-10-07T04:26:23.359Z",
        "updatedAt": "2026-10-07T04:26:23.359Z"
      }
    },
    {
      "type": "Feature",
      "id": 95684,
      "geometry": {
        "type": "Point",
        "coordinates": [
          52.49027786493,
          29.47716071626
        ]
      },
      "properties": {
        "id": "MTM6Mjcy",
        "city": "شهرستان شیراز",
        "date": "1750321800-1750494600",
        "type": "event",
        "name:fa": "پایگاه هوافضا سپاه",
        "accurate": "yes",
        "province": "استان فارس",
        "unofficial_name": "IRGC Aerospace Force",
        "unofficial_name:fa": "پایگاه هوافضا سپاه",
        "name:en": "IRGC Aerospace Base",
        "city:en": "Shiraz County",
        "province:en": "Fars",
        "name:ar": "قاعدة الجو-فضائية للحرس الثوري",
        "city:ar": "مقاطعة شيراز",
        "province:ar": "فارس",
        "name:tr": "Devrim Muhafızları Havacılık ve Uzay Üssü",
        "city:tr": "Şiraz",
        "province:tr": "Fars",
        "name:ckb": "بنکەی هەوافەزای سوپا",
        "city:ckb": "شاریستانی شیراز",
        "province:ckb": "فارس",
        "name:he": "בסיס האוויר והחלל של משמרות המהפכה",
        "city:he": "נפת שיראז",
        "province:he": "פארס",
        "publicId": "MTM6Mjcy",
        "sourceId": "272",
        "layerId": 13,
        "status": "active",
        "urgency": null,
        "verificationTag": null,
        "expirationDate": null,
        "createdAt": "2026-10-07T04:26:23.359Z",
        "updatedAt": "2026-10-07T04:26:23.359Z"
      }
    },
    {
      "type": "Feature",
      "id": 95685,
      "geometry": {
        "type": "Point",
        "coordinates": [
          51.82798415288,
          32.79176278925
        ]
      },
      "properties": {
        "id": "MTM6MTk2",
        "city": "شهرستان اصفهان",
        "date": "1750062600-1750235400",
        "type": "event",
        "accurate": "yes",
        "province": "استان اصفهان",
        "geolocates": "https://x.com/CSBiggers/status/1935694933681181065",
        "city:en": "Isfahan",
        "province:en": "Isfahan",
        "city:ar": "مقاطعة أصفهان",
        "province:ar": "أصفهان",
        "city:he": "נפת אספהאן",
        "province:he": "אספהאן",
        "city:tr": "İsfahan Şehristanı",
        "province:tr": "İsfahan",
        "city:ckb": "شارستانی ئەسفەهان",
        "province:ckb": "ئەسفەھان",
        "publicId": "MTM6MTk2",
        "sourceId": "196",
        "layerId": 13,
        "status": "active",
        "urgency": null,
        "verificationTag": null,
        "expirationDate": null,
        "createdAt": "2026-10-07T04:26:23.359Z",
        "updatedAt": "2026-10-07T04:26:23.359Z"
      }
    },
    {
      "type": "Feature",
      "id": 95686,
      "geometry": {
        "type": "Point",
        "coordinates": [
          51.82867079705,
          32.58452055748
        ]
      },
      "properties": {
        "id": "MTM6MTM5",
        "city": "اصفهان",
        "date": "1750549800",
        "type": "event",
        "name:fa": "مجتمع هسته‌ای اصفهان",
        "accurate": "yes",
        "province": "استان اصفهان",
        "geolocates": "https://isis-online.org/isis-reports/post-attack-assessment-of-the-first-12-days-of-israeli-strikes-on-iranian-nuclear-facilities, https://x.com/detresfa_/status/1936827158351184078",
        "unofficial_name": "Isfahan Nuclear Complex",
        "unofficial_name:fa": "مجتمع هسته‌ای اصفهان",
        "name:en": "Isfahan Nuclear Complex",
        "city:en": "Isfahan",
        "province:en": "Isfahan",
        "name:ar": "مجمع أصفهان النووي",
        "city:ar": "أصفهان",
        "province:ar": "أصفهان",
        "name:he": "המתחם הגרעיני אספהאן",
        "city:he": "אספהאן",
        "province:he": "אספהאן",
        "name:tr": "İsfahan Nükleer Kompleksi",
        "city:tr": "İsfahan",
        "province:tr": "İsfahan",
        "name:ckb": "کۆمەڵگەی ئەتۆمیی ئیسفەهان",
        "city:ckb": "ئیسفەهان",
        "province:ckb": "ئەسفەھان",
        "publicId": "MTM6MTM5",
        "sourceId": "139",
        "layerId": 13,
        "status": "active",
        "urgency": null,
        "verificationTag": null,
        "expirationDate": null,
        "createdAt": "2026-10-07T04:26:23.359Z",
        "updatedAt": "2026-10-07T04:26:23.359Z"
      }
    },
    {
      "type": "Feature",
      "id": 95687,
      "geometry": {
        "type": "Point",
        "coordinates": [
          50.09717344165,
          33.60182377501
        ]
      },
      "properties": {
        "id": "MTM6ODE",
        "city": "شهرستان خمین",
        "date": "1750172400",
        "type": "event",
        "sources": "https://t.me/VahidOnline/65794, https://t.me/idfinfarsi/9564",
        "accurate": "yes",
        "province": "استان مرکزی",
        "geolocates": "https://x.com/BenTzionMacales/status/1941150617256484872",
        "city:en": "Khomein",
        "province:en": "Markazi",
        "city:ar": "مقاطعة خمين",
        "province:ar": "المركزية",
        "city:he": "נפת ח'ומיין",
        "province:he": "מרכזי",
        "city:tr": "Humeyn Şehristanı",
        "province:tr": "Merkezi",
        "city:ckb": "شارستانی خومێن",
        "province:ckb": "مەرکەزی",
        "publicId": "MTM6ODE",
        "sourceId": "81",
        "layerId": 13,
        "status": "active",
        "urgency": null,
        "verificationTag": null,
        "expirationDate": null,
        "createdAt": "2026-10-07T04:26:23.359Z",
        "updatedAt": "2026-10-07T04:26:23.359Z"
      }
    },
    {
      "type": "Feature",
      "id": 95688,
      "geometry": {
        "type": "Point",
        "coordinates": [
          51.44033788562,
          35.71045453592
        ]
      },
      "properties": {
        "id": "MTM6NTcw",
        "city": "تهران",
        "date": "1750701600",
        "type": "event",
        "sources": "https://t.me/idfinfarsi/9722",
        "province": "استان تهران",
        "unofficial_name": "IRGC Mohammad Rasoolollah Headquarters",
        "city:en": "Tehran",
        "province:en": "Tehran",
        "city:ar": "طهران",
        "province:ar": "طهران",
        "city:he": "טהראן",
        "province:he": "טהראן",
        "city:tr": "Tahran",
        "province:tr": "Tahran",
        "city:ckb": "تاران",
        "province:ckb": "تاران",
        "publicId": "MTM6NTcw",
        "sourceId": "570",
        "layerId": 13,
        "status": "active",
        "urgency": null,
        "verificationTag": null,
        "expirationDate": null,
        "createdAt": "2026-10-07T04:26:23.359Z",
        "updatedAt": "2026-10-07T04:26:23.359Z"
      }
    },
    {
      "type": "Feature",
      "id": 95689,
      "geometry": {
        "type": "Point",
        "coordinates": [
          50.13258665532,
          33.55678083928
        ]
      },
      "properties": {
        "id": "MTM6NDYz",
        "city": "شهرستان خمین",
        "date": "1750172400",
        "type": "event",
        "sources": "https://t.me/VahidOnline/65794, https://t.me/idfinfarsi/9564",
        "province": "استان مرکزی",
        "geolocates": "https://x.com/BenTzionMacales/status/1941150617256484872",
        "city:en": "Khomein",
        "province:en": "Markazi",
        "city:ar": "مقاطعة خمين",
        "province:ar": "المركزية",
        "city:he": "נפת ח'ומיין",
        "province:he": "מרכזי",
        "city:tr": "Humeyn Şehristanı",
        "province:tr": "Merkezi",
        "city:ckb": "شارستانی خومێن",
        "province:ckb": "مەرکەزی",
        "publicId": "MTM6NDYz",
        "sourceId": "463",
        "layerId": 13,
        "status": "active",
        "urgency": null,
        "verificationTag": null,
        "expirationDate": null,
        "createdAt": "2026-10-07T04:26:23.359Z",
        "updatedAt": "2026-10-07T04:26:23.359Z"
      }
    },
    {
      "type": "Feature",
      "id": 95690,
      "geometry": {
        "type": "Point",
        "coordinates": [
          51.35437041387,
          35.77947468036
        ]
      },
      "properties": {
        "id": "MTM6NTEy",
        "city": "تهران",
        "date": "1749772800",
        "type": "event",
        "sources": "https://x.com/Vahid/status/1933322046504567259",
        "accurate": "yes",
        "province": "استان تهران",
        "geolocates": "https://x.com/Shayan86/status/1933342303847948342",
        "city:en": "Tehran",
        "province:en": "Tehran",
        "city:ar": "طهران",
        "province:ar": "طهران",
        "city:he": "טהראן",
        "province:he": "טהראן",
        "city:tr": "Tahran",
        "province:tr": "Tahran",
        "city:ckb": "تاران",
        "province:ckb": "تاران",
        "publicId": "MTM6NTEy",
        "sourceId": "512",
        "layerId": 13,
        "status": "active",
        "urgency": null,
        "verificationTag": null,
        "expirationDate": null,
        "createdAt": "2026-10-07T04:26:23.359Z",
        "updatedAt": "2026-10-07T04:26:23.359Z"
      }
    },
    {
      "type": "Feature",
      "id": 95691,
      "geometry": {
        "type": "Point",
        "coordinates": [
          50.43782472074,
          35.67958782638
        ]
      },
      "properties": {
        "id": "MTM6NDA0",
        "city": "شهرستان اشتهارد",
        "date": "1749772800-1750755600",
        "type": "event",
        "name:fa": "پایگاه موشکی اشتهارد",
        "accurate": "yes",
        "province": "استان البرز",
        "geolocates": "https://x.com/BenTzionMacales/status/1941150251714597345",
        "unofficial_name": "Eshtehard Missile Base",
        "unofficial_name:fa": "پایگاه موشکی اشتهارد",
        "name:en": "Eshtehard Missile Base",
        "city:en": "Eshtehard County",
        "province:en": "Alborz",
        "name:ar": "قاعدة اشتهارد الصاروخية",
        "city:ar": "مقاطعة اشتهارد",
        "province:ar": "ألبرز",
        "name:tr": "Eştehard Füze Üssü",
        "city:tr": "Eştehard",
        "province:tr": "Elburz",
        "name:ckb": "بنکەی مووشەکیی ئیشتەهارد",
        "city:ckb": "شاریستانی ئیشتەهارد",
        "province:ckb": "ئەلبورز",
        "name:he": "בסיס הטילים אשתהארד",
        "city:he": "נפת אשתהארד",
        "province:he": "אלבורז",
        "publicId": "MTM6NDA0",
        "sourceId": "404",
        "layerId": 13,
        "status": "active",
        "urgency": null,
        "verificationTag": null,
        "expirationDate": null,
        "createdAt": "2026-10-07T04:26:23.359Z",
        "updatedAt": "2026-10-07T04:26:23.359Z"
      }
    },
    {
      "type": "Feature",
      "id": 95692,
      "geometry": {
        "type": "Point",
        "coordinates": [
          47.19066738546,
          34.42738131411
        ]
      },
      "properties": {
        "id": "MTM6MzQ1",
        "city": "شهرستان کرمانشاه",
        "date": "1749772800-1750064400",
        "type": "event",
        "name:fa": "پایگاه موشکی کرمانشاه",
        "accurate": "yes",
        "province": "استان کرمانشاه",
        "geolocates": "https://x.com/BenTzionMacales/status/1941149722062045262",
        "unofficial_name": "Kermanshah Missile Base",
        "unofficial_name:fa": "پایگاه موشکی کرمانشاه",
        "name:en": "Kermanshah Missile Base",
        "city:en": "Kermanshah County",
        "province:en": "Kermanshah",
        "name:ar": "قاعدة كرمانشاه الصاروخية",
        "city:ar": "مقاطعة كرمانشاه",
        "province:ar": "كرمانشاه",
        "name:tr": "Kirmanşah Füze Üssü",
        "city:tr": "Kirmanşah",
        "province:tr": "Kirmanşah",
        "name:ckb": "بنکەی مووشەکیی کرماشان",
        "city:ckb": "شاریستانی کرماشان",
        "province:ckb": "کرماشان",
        "name:he": "בסיס הטילים כרמאנשאה",
        "city:he": "נפת כרמאנשאה",
        "province:he": "כרמאנשאה",
        "publicId": "MTM6MzQ1",
        "sourceId": "345",
        "layerId": 13,
        "status": "active",
        "urgency": null,
        "verificationTag": null,
        "expirationDate": null,
        "createdAt": "2026-10-07T04:26:23.359Z",
        "updatedAt": "2026-10-07T04:26:23.359Z"
      }
    },
    {
      "type": "Feature",
      "id": 95693,
      "geometry": {
        "type": "Point",
        "coordinates": [
          46.13028823793,
          38.2501453468
        ]
      },
      "properties": {
        "id": "MTM6Mjg2",
        "city": "شهرستان شبستر",
        "date": "1749772800-1749889800",
        "name": "Tabriz Missile Base",
        "type": "event",
        "name:fa": "پایگاه موشکی تبریز",
        "accurate": "yes",
        "province": "استان آذربایجان شرقی",
        "geolocates": "https://x.com/byjepstein/status/1935088275930366010, https://x.com/BenTzionMacales/status/1941149498425950483",
        "name:en": "Tabriz Missile Base",
        "city:en": "Shabestar County",
        "province:en": "East Azerbaijan",
        "name:ar": "قاعدة تبريز الصاروخية",
        "city:ar": "مقاطعة شبستر",
        "province:ar": "أذربيجان الشرقية",
        "name:he": "בסיס הטילים תבריז",
        "city:he": "שבסתאר",
        "province:he": "אזרבייג'ן המזרחית",
        "name:tr": "Tebriz Füze Üssü",
        "city:tr": "Şebistar",
        "province:tr": "Doğu Azerbaycan",
        "name:ckb": "بنکەی مووشەکیی تەورێز",
        "city:ckb": "شاریستانی شەبستەر",
        "province:ckb": "ئازەربایجانی ڕۆژھەڵات",
        "publicId": "MTM6Mjg2",
        "sourceId": "286",
        "layerId": 13,
        "status": "active",
        "urgency": null,
        "verificationTag": null,
        "expirationDate": null,
        "createdAt": "2026-10-07T04:26:23.359Z",
        "updatedAt": "2026-10-07T04:26:23.359Z"
      }
    },
    {
      "type": "Feature",
      "id": 95694,
      "geometry": {
        "type": "Point",
        "coordinates": [
          50.90332745433,
          35.62655287859
        ]
      },
      "properties": {
        "id": "MTM6MjA5",
        "city": "شهرستان ملارد",
        "date": "1749772800-1750410000",
        "type": "event",
        "name:fa": "مجموعه موشکی بیدگنه",
        "accurate": "yes",
        "province": "استان تهران",
        "geolocates": "https://x.com/BenTzionMacales/status/1941150328868741171",
        "unofficial_name": "Bidkaneh Missile Base",
        "unofficial_name:fa": "مجموعه موشکی بیدگنه",
        "name:en": "Bidganeh Missile Complex",
        "city:en": "Malard County",
        "province:en": "Tehran",
        "name:ar": "مجمع بيدكنه الصاروخي",
        "city:ar": "مقاطعة ملارد",
        "province:ar": "طهران",
        "name:he": "מתחם הטילים בידגנה",
        "province:he": "טהראן",
        "name:tr": "Bidgene Füze Kompleksi",
        "city:tr": "Melard",
        "province:tr": "Tahran",
        "name:ckb": "کۆمەڵگەی مووشەکیی بێدگەنە",
        "city:ckb": "شاریستانی مەلارد",
        "province:ckb": "تاران",
        "publicId": "MTM6MjA5",
        "sourceId": "209",
        "layerId": 13,
        "status": "active",
        "urgency": null,
        "verificationTag": null,
        "expirationDate": null,
        "createdAt": "2026-10-07T04:26:23.359Z",
        "updatedAt": "2026-10-07T04:26:23.359Z"
      }
    },
    {
      "type": "Feature",
      "id": 95695,
      "geometry": {
        "type": "Point",
        "coordinates": [
          51.59307896823,
          32.71934913511
        ]
      },
      "properties": {
        "id": "MTM6MTUz",
        "city": "اصفهان",
        "date": "1749970800",
        "type": "event",
        "sources": "https://t.me/mamlekate/95451",
        "accurate": "yes",
        "province": "استان اصفهان",
        "city:en": "Isfahan",
        "province:en": "Isfahan",
        "city:ar": "أصفهان",
        "province:ar": "أصفهان",
        "city:he": "אספהאן",
        "province:he": "אספהאן",
        "city:tr": "İsfahan",
        "province:tr": "İsfahan",
        "city:ckb": "ئەسفەهان",
        "province:ckb": "ئەسفەھان",
        "publicId": "MTM6MTUz",
        "sourceId": "153",
        "layerId": 13,
        "status": "active",
        "urgency": null,
        "verificationTag": null,
        "expirationDate": null,
        "createdAt": "2026-10-07T04:26:23.359Z",
        "updatedAt": "2026-10-07T04:26:23.359Z"
      }
    },
    {
      "type": "Feature",
      "id": 95696,
      "geometry": {
        "type": "Point",
        "coordinates": [
          50.09926556468,
          33.59182371453
        ]
      },
      "properties": {
        "id": "MTM6ODc",
        "city": "شهرستان خمین",
        "date": "1750172400",
        "type": "event",
        "sources": "https://t.me/VahidOnline/65794, https://t.me/idfinfarsi/9564",
        "accurate": "yes",
        "province": "استان مرکزی",
        "geolocates": "https://x.com/BenTzionMacales/status/1941150617256484872",
        "city:en": "Khomein",
        "province:en": "Markazi",
        "city:ar": "مقاطعة خمين",
        "province:ar": "المركزية",
        "city:he": "נפת ח'ומיין",
        "province:he": "מרכזי",
        "city:tr": "Humeyn Şehristanı",
        "province:tr": "Merkezi",
        "city:ckb": "شارستانی خومێن",
        "province:ckb": "مەرکەزی",
        "publicId": "MTM6ODc",
        "sourceId": "87",
        "layerId": 13,
        "status": "active",
        "urgency": null,
        "verificationTag": null,
        "expirationDate": null,
        "createdAt": "2026-10-07T04:26:23.359Z",
        "updatedAt": "2026-10-07T04:26:23.359Z"
      }
    },
    {
      "type": "Feature",
      "id": 95697,
      "geometry": {
        "type": "Point",
        "coordinates": [
          50.42908071399,
          36.16832492115
        ]
      },
      "properties": {
        "id": "MTM6NTg0",
        "city": "شهرستان آبیک",
        "date": "1750408200-1750840200",
        "type": "event",
        "name:fa": "سایت ۳۱۱",
        "accurate": "yes",
        "province": "استان قزوین",
        "geolocates": "https://x.com/BenTzionMacales/status/1941162068830286129",
        "unofficial_name:fa": "سایت ۳۱۱",
        "name:en": "Site 311",
        "city:en": "Abyek County",
        "province:en": "Qazvin",
        "name:ar": "الموقع 311",
        "city:ar": "مقاطعة أبيك",
        "province:ar": "قزوين",
        "name:he": "אתר 311",
        "city:he": "אביק",
        "province:he": "קזווין",
        "name:tr": "311 Tesis Alanı",
        "city:tr": "Abyek",
        "province:tr": "Kazvin",
        "name:ckb": "سایتی 311",
        "city:ckb": "شاریستانی ئابیەک",
        "province:ckb": "قەزوین",
        "publicId": "MTM6NTg0",
        "sourceId": "584",
        "layerId": 13,
        "status": "active",
        "urgency": null,
        "verificationTag": null,
        "expirationDate": null,
        "createdAt": "2026-10-07T04:26:23.359Z",
        "updatedAt": "2026-10-07T04:26:23.359Z"
      }
    },
    {
      "type": "Feature",
      "id": 95698,
      "geometry": {
        "type": "Point",
        "coordinates": [
          51.43475889623,
          32.69606231032
        ]
      },
      "properties": {
        "id": "MTM6NDc3",
        "city": "شهرستان نجف آباد",
        "date": "1750159800",
        "type": "event",
        "name:fa": "پایگاه موشکی اصفهان",
        "sources": "https://t.me/idfinfarsi/9564",
        "accurate": "yes",
        "province": "استان اصفهان",
        "geolocates": "https://x.com/BenTzionMacales/status/1941151953859301583",
        "unofficial_name": "Isfahan Missile Base",
        "unofficial_name:fa": "پایگاه موشکی اصفهان",
        "name:en": "Isfahan Missile Base",
        "city:en": "Najafabad County",
        "province:en": "Isfahan",
        "name:ar": "قاعدة أصفهان الصاروخية",
        "city:ar": "مقاطعة نجف أباد",
        "province:ar": "أصفهان",
        "name:he": "בסיס הטילים אספהאן",
        "city:he": "נג'פאבאד",
        "province:he": "אספהאן",
        "name:tr": "İsfahan Füze Üssü",
        "city:tr": "Necefabad",
        "province:tr": "İsfahan",
        "name:ckb": "بنکەی مووشەکیی ئیسفەهان",
        "city:ckb": "شاریستانی نەجەفئاباد",
        "province:ckb": "ئەسفەھان",
        "publicId": "MTM6NDc3",
        "sourceId": "477",
        "layerId": 13,
        "status": "active",
        "urgency": null,
        "verificationTag": null,
        "expirationDate": null,
        "createdAt": "2026-10-07T04:26:23.359Z",
        "updatedAt": "2026-10-07T04:26:23.359Z"
      }
    },
    {
      "type": "Feature",
      "id": 95699,
      "geometry": {
        "type": "Point",
        "coordinates": [
          48.6873534295,
          36.61473105979
        ]
      },
      "properties": {
        "id": "MTM6NTI2",
        "city": "شهرستان زنجان",
        "date": "1750253400",
        "name": "Parsian Resources Research Institute",
        "type": "event",
        "name:fa": "پژوهشکده منابع پارسیان",
        "sources": "https://t.me/VahidOnline/65896",
        "province": "استان زنجان",
        "geolocates": "https://x.com/andynovy/status/1935334644947501364, https://x.com/BenDoBrown/status/1935977306305994845",
        "name:en": "Parsian Research Institute",
        "city:en": "Zanjan County",
        "province:en": "Zanjan",
        "name:ar": "معهد أبحاث موارد بارسيان",
        "city:ar": "مقاطعة زنجان",
        "province:ar": "زنجان",
        "name:he": "מכון המחקר משאבי פארסיאן",
        "city:he": "זנג'אן",
        "province:he": "זנג'אן",
        "name:tr": "Parsiyan Kaynakları Araştırma Enstitüsü",
        "city:tr": "Zencan",
        "province:tr": "Zencan",
        "name:ckb": "پەیمانگەی توێژینەوەی سەرچاوەکانی پارسیان",
        "city:ckb": "شاریستانی زەنجان",
        "province:ckb": "زەنجان",
        "publicId": "MTM6NTI2",
        "sourceId": "526",
        "layerId": 13,
        "status": "active",
        "urgency": null,
        "verificationTag": null,
        "expirationDate": null,
        "createdAt": "2026-10-07T04:26:23.359Z",
        "updatedAt": "2026-10-07T04:26:23.359Z"
      }
    },
    {
      "type": "Feature",
      "id": 95700,
      "geometry": {
        "type": "Point",
        "coordinates": [
          50.91266154975,
          35.62255213732
        ]
      },
      "properties": {
        "id": "MTM6NDE4",
        "city": "شهرستان ملارد",
        "date": "1749772800-1750410000",
        "type": "event",
        "name:fa": "مجموعه موشکی بیدگنه",
        "accurate": "yes",
        "province": "استان تهران",
        "geolocates": "https://x.com/BenTzionMacales/status/1941150328868741171",
        "unofficial_name": "Bidkaneh Missile Base",
        "unofficial_name:fa": "مجموعه موشکی بیدگنه",
        "name:en": "Bidganeh Missile Complex",
        "city:en": "Malard County",
        "province:en": "Tehran",
        "name:ar": "مجمع بيدكنه الصاروخي",
        "city:ar": "مقاطعة ملارد",
        "province:ar": "طهران",
        "name:he": "מתחם הטילים בידגנה",
        "city:he": "מלארד",
        "province:he": "טהראן",
        "name:tr": "Bidgene Füze Kompleksi",
        "city:tr": "Melard",
        "province:tr": "Tahran",
        "name:ckb": "کۆمەڵگەی مووشەکیی بێدگەنە",
        "city:ckb": "شاریستانی مەلارد",
        "province:ckb": "تاران",
        "publicId": "MTM6NDE4",
        "sourceId": "418",
        "layerId": 13,
        "status": "active",
        "urgency": null,
        "verificationTag": null,
        "expirationDate": null,
        "createdAt": "2026-10-07T04:26:23.359Z",
        "updatedAt": "2026-10-07T04:26:23.359Z"
      }
    },
    {
      "type": "Feature",
      "id": 95701,
      "geometry": {
        "type": "Point",
        "coordinates": [
          47.87897049844,
          34.44009281178
        ]
      },
      "properties": {
        "id": "MTM6MzUx",
        "city": "شهرستان کنگاور",
        "date": "1749897000",
        "type": "event",
        "name:fa": "پایگاه موشکی کنگاور",
        "accurate": "yes",
        "province": "استان کرمانشاه",
        "geolocates": "https://x.com/BenTzionMacales/status/1941149847828177109",
        "unofficial_name": "Kangavar Missile Base",
        "unofficial_name:fa": "پایگاه موشکی کنگاور",
        "name:en": "Kangavar Missile Base",
        "city:en": "Kangavar County",
        "province:en": "Kermanshah",
        "name:ar": "قاعدة كنكاور الصاروخية",
        "city:ar": "مقاطعة كنكاور",
        "province:ar": "كرمانشاه",
        "name:he": "בסיס הטילים כנגאוור",
        "city:he": "כנגאוור",
        "province:he": "כרמאנשאה",
        "name:tr": "Kengaver Füze Üssü",
        "city:tr": "Kengaver",
        "province:tr": "Kirmanşah",
        "name:ckb": "بنکەی مووشەکیی کەنگاوەر",
        "city:ckb": "شاریستانی کەنگاوەر",
        "province:ckb": "کرماشان",
        "publicId": "MTM6MzUx",
        "sourceId": "351",
        "layerId": 13,
        "status": "active",
        "urgency": null,
        "verificationTag": null,
        "expirationDate": null,
        "createdAt": "2026-10-07T04:26:23.359Z",
        "updatedAt": "2026-10-07T04:26:23.359Z"
      }
    },
    {
      "type": "Feature",
      "id": 95702,
      "geometry": {
        "type": "Point",
        "coordinates": [
          48.36135238141,
          30.32455443597
        ]
      },
      "properties": {
        "id": "MTM6Mjky",
        "city": "شهرستان آبادان",
        "date": "1749889800",
        "type": "event",
        "sources": "https://t.me/cataphract1/53476",
        "province": "استان خوزستان",
        "geolocates": "https://x.com/andynovy/status/1933904464299081805",
        "city:en": "Abadan",
        "province:en": "Khuzestan",
        "city:ar": "مقاطعة آبادان",
        "province:ar": "خوزستان",
        "city:he": "נפת אבאדאן",
        "province:he": "ח'וזסתאן",
        "city:tr": "Abadan Şehristanı",
        "province:tr": "Huzistan",
        "city:ckb": "شارستانی ئابادان",
        "province:ckb": "خووزستان",
        "publicId": "MTM6Mjky",
        "sourceId": "292",
        "layerId": 13,
        "status": "active",
        "urgency": null,
        "verificationTag": null,
        "expirationDate": null,
        "createdAt": "2026-10-07T04:26:23.359Z",
        "updatedAt": "2026-10-07T04:26:23.359Z"
      }
    },
    {
      "type": "Feature",
      "id": 95703,
      "geometry": {
        "type": "Point",
        "coordinates": [
          48.19145321578,
          33.55329834639
        ]
      },
      "properties": {
        "id": "MTM6MjE1",
        "city": "شهرستان چگنی",
        "date": "1749943800",
        "type": "event",
        "name:fa": "پایگاه موشکی خرم‌آباد",
        "sources": "https://t.me/P_raetorio/27657",
        "accurate": "yes",
        "province": "استان لرستان",
        "geolocates": "https://x.com/BenTzionMacales/status/1941149999192216043",
        "unofficial_name": "KhoramAbad Missile Base",
        "unofficial_name:fa": "پایگاه موشکی خرم‌آباد",
        "name:en": "Khorramabad Missile Base",
        "city:en": "Chegeni County",
        "province:en": "Lorestan",
        "name:ar": "قاعدة خرم آباد الصاروخية",
        "city:ar": "مقاطعة تشغني",
        "province:ar": "لرستان",
        "name:he": "בסיס הטילים ח'ורמאבאד",
        "city:he": "צ'גני",
        "province:he": "לורסתאן",
        "name:tr": "Hürremabad Füze Üssü",
        "city:tr": "Çegeni",
        "province:tr": "Luristan",
        "name:ckb": "بنکەی مووشەکیی خۆڕەمئاباد",
        "city:ckb": "شاریستانی چەگەنی",
        "province:ckb": "لوڕستان",
        "publicId": "MTM6MjE1",
        "sourceId": "215",
        "layerId": 13,
        "status": "active",
        "urgency": null,
        "verificationTag": null,
        "expirationDate": null,
        "createdAt": "2026-10-07T04:26:23.359Z",
        "updatedAt": "2026-10-07T04:26:23.359Z"
      }
    },
    {
      "type": "Feature",
      "id": 95704,
      "geometry": {
        "type": "Point",
        "coordinates": [
          51.60865186572,
          35.69214942912
        ]
      },
      "properties": {
        "id": "MTM6MTU5",
        "city": "شهرستان تهران",
        "date": "1749772800-1750755600",
        "name": "Khojir Complex",
        "type": "event",
        "name:fa": "تاسیسات نظامی خجیر",
        "accurate": "yes",
        "province": "استان تهران",
        "geolocates": "https://x.com/BenTzionMacales/status/1941161003850367168",
        "name:en": "Khojir Military Facility",
        "city:en": "Tehran County",
        "province:en": "Tehran",
        "name:ar": "منشآت خجير العسكرية",
        "city:ar": "مقاطعة طهران",
        "province:ar": "طهران",
        "name:he": "המתקן הצבאי ח'ג'יר",
        "city:he": "טהראן",
        "province:he": "טהראן",
        "name:tr": "Hucir Askeri Tesisleri",
        "city:tr": "Tahran",
        "province:tr": "Tahran",
        "name:ckb": "دامەزراوەی سەربازیی خوجێر",
        "city:ckb": "شاریستانی تاران",
        "province:ckb": "تاران",
        "publicId": "MTM6MTU5",
        "sourceId": "159",
        "layerId": 13,
        "status": "active",
        "urgency": null,
        "verificationTag": null,
        "expirationDate": null,
        "createdAt": "2026-10-07T04:26:23.359Z",
        "updatedAt": "2026-10-07T04:26:23.359Z"
      }
    },
    {
      "type": "Feature",
      "id": 95705,
      "geometry": {
        "type": "Point",
        "coordinates": [
          48.68749424681,
          35.19759083735
        ]
      },
      "properties": {
        "id": "MTM6MTAx",
        "city": "شهرستان کبودرآهنگ",
        "date": "1749772800-1749889800",
        "name": "3rd Tactical Fighter Base",
        "type": "event",
        "name:fa": "پایگاه سوم شکاری",
        "accurate": "yes",
        "province": "استان همدان",
        "geolocates": "https://x.com/osc_london/status/1934622671318229217, https://x.com/osc_london/status/1933969558789853253",
        "name:en": "3rd Tactical Air Base",
        "city:en": "Kabudarahang County",
        "province:en": "Hamadan",
        "name:ar": "القاعدة الجوية الثالثة",
        "city:ar": "مقاطعة كبودراهنغ",
        "province:ar": "همدان",
        "name:he": "בסיס הקרב השלישי",
        "city:he": "כבודראהנג",
        "province:he": "המדאן",
        "name:tr": "3. Avcı Hava Üssü",
        "city:tr": "Kabudarahang",
        "province:tr": "Hemedan",
        "name:ckb": "بنکەی سێیەمی شکاری",
        "city:ckb": "شاریستانی کەبوودەرئاهەنگ",
        "province:ckb": "ھەمەدان",
        "publicId": "MTM6MTAx",
        "sourceId": "101",
        "layerId": 13,
        "status": "active",
        "urgency": null,
        "verificationTag": null,
        "expirationDate": null,
        "createdAt": "2026-10-07T04:26:23.359Z",
        "updatedAt": "2026-10-07T04:26:23.359Z"
      }
    },
    {
      "type": "Feature",
      "id": 95706,
      "geometry": {
        "type": "Point",
        "coordinates": [
          51.72447234124,
          33.72619347403
        ]
      },
      "properties": {
        "id": "MTM6NTkw",
        "city": "شهرستان کاشان",
        "date": "1749772800",
        "name": "Natanz Nuclear Complex",
        "type": "event",
        "name:fa": "مجتمع هسته‌ای نطنز",
        "sources": "https://x.com/mhmiranusa/status/1933392045135311321",
        "accurate": "yes",
        "province": "استان اصفهان",
        "geolocates": "https://isis-online.org/isis-reports/post-attack-analysis-of-israels-june-12-13-military-attack-on-irans-nuclear-program, https://x.com/osc_london/status/1934622676322058567",
        "name:en": "Natanz Nuclear Complex",
        "city:en": "Kashan County",
        "province:en": "Isfahan",
        "name:ar": "مجمع نطنز النووي",
        "city:ar": "مقاطعة كاشان",
        "province:ar": "أصفهان",
        "name:he": "המתקן הגרעיני נתנז",
        "city:he": "כאשאן",
        "province:he": "אספהאן",
        "name:tr": "Natanz Nükleer Kompleksi",
        "city:tr": "Kaşan",
        "province:tr": "İsfahan",
        "name:ckb": "کۆمەڵگەی ئەتۆمیی نەتەنز",
        "city:ckb": "شاریستانی کاشان",
        "province:ckb": "ئەسفەھان",
        "publicId": "MTM6NTkw",
        "sourceId": "590",
        "layerId": 13,
        "status": "active",
        "urgency": null,
        "verificationTag": null,
        "expirationDate": null,
        "createdAt": "2026-10-07T04:26:23.359Z",
        "updatedAt": "2026-10-07T04:26:23.359Z"
      }
    },
    {
      "type": "Feature",
      "id": 95707,
      "geometry": {
        "type": "Point",
        "coordinates": [
          51.4351719591,
          32.69148231679
        ]
      },
      "properties": {
        "id": "MTM6NDgz",
        "city": "شهرستان نجف آباد",
        "date": "1750159800",
        "type": "event",
        "name:fa": "پایگاه موشکی اصفهان",
        "sources": "https://t.me/idfinfarsi/9564",
        "accurate": "yes",
        "province": "استان اصفهان",
        "geolocates": "https://x.com/BenTzionMacales/status/1941151953859301583",
        "unofficial_name": "Isfahan Missile Base",
        "unofficial_name:fa": "پایگاه موشکی اصفهان",
        "name:en": "Isfahan Missile Base",
        "city:en": "Najafabad County",
        "province:en": "Isfahan",
        "name:ar": "قاعدة أصفهان الصاروخية",
        "city:ar": "مقاطعة نجف أباد",
        "province:ar": "أصفهان",
        "name:he": "בסיס הטילים אספהאן",
        "city:he": "נג'פאבאד",
        "province:he": "אספהאן",
        "name:tr": "İsfahan Füze Üssü",
        "city:tr": "Necefabad",
        "province:tr": "İsfahan",
        "name:ckb": "بنکەی مووشەکیی ئیسفەهان",
        "city:ckb": "شاریستانی نەجەفئاباد",
        "province:ckb": "ئەسفەھان",
        "publicId": "MTM6NDgz",
        "sourceId": "483",
        "layerId": 13,
        "status": "active",
        "urgency": null,
        "verificationTag": null,
        "expirationDate": null,
        "createdAt": "2026-10-07T04:26:23.359Z",
        "updatedAt": "2026-10-07T04:26:23.359Z"
      }
    },
    {
      "type": "Feature",
      "id": 95708,
      "geometry": {
        "type": "Point",
        "coordinates": [
          48.73003003836,
          31.32457020353
        ]
      },
      "properties": {
        "id": "MTM6NTMy",
        "city": "اهواز",
        "date": "1750425300",
        "name": "Karbala Headquarters of the IRGC",
        "type": "event",
        "name:fa": "قرارگاه کربلا سپاه",
        "sources": "https://t.me/VahidOnline/66097",
        "province": "استان خوزستان",
        "name:en": "IRGC Karbala Headquarters",
        "city:en": "Ahvaz",
        "province:en": "Khuzestan",
        "name:ar": "مقر كربلاء التابع للحرس الثوري",
        "city:ar": "الأهواز",
        "province:ar": "خوزستان",
        "name:he": "מפקדת כרבלא של משמרות המהפכה",
        "city:he": "אהואז",
        "province:he": "ח'וזסתאן",
        "name:tr": "Devrim Muhafızları Kerbela Karargahı",
        "city:tr": "Ahvaz",
        "province:tr": "Huzistan",
        "name:ckb": "بارەگای کەربەلای سوپا",
        "city:ckb": "ئەهواز",
        "province:ckb": "خووزستان",
        "publicId": "MTM6NTMy",
        "sourceId": "532",
        "layerId": 13,
        "status": "active",
        "urgency": null,
        "verificationTag": null,
        "expirationDate": null,
        "createdAt": "2026-10-07T04:26:23.359Z",
        "updatedAt": "2026-10-07T04:26:23.359Z"
      }
    },
    {
      "type": "Feature",
      "id": 95709,
      "geometry": {
        "type": "Point",
        "coordinates": [
          50.88770493731,
          35.58740029644
        ]
      },
      "properties": {
        "id": "MTM6NDI0",
        "city": "شهرستان شهریار",
        "date": "1749772800-1750410000",
        "type": "event",
        "name:fa": "مجموعه موشکی بیدگنه",
        "accurate": "yes",
        "province": "استان تهران",
        "geolocates": "https://x.com/BenTzionMacales/status/1941150385441566832",
        "unofficial_name": "Bidkaneh Missile Base",
        "unofficial_name:fa": "مجموعه موشکی بیدگنه",
        "name:en": "Bidganeh Missile Complex",
        "city:en": "Shahriar County",
        "province:en": "Tehran",
        "name:ar": "مجمع بيدكنه الصاروخي",
        "city:ar": "مقاطعة شهريار",
        "province:ar": "طهران",
        "name:he": "קומפלקס הטילים בידגנה",
        "city:he": "שהריאר",
        "province:he": "טהראן",
        "name:tr": "Bidgene Füze Kompleksi",
        "city:tr": "Şehriyar",
        "province:tr": "Tahran",
        "name:ckb": "کۆمەڵگەی مووشەکیی بێدگەنە",
        "city:ckb": "شاریستانی شەهریار",
        "province:ckb": "تاران",
        "publicId": "MTM6NDI0",
        "sourceId": "424",
        "layerId": 13,
        "status": "active",
        "urgency": null,
        "verificationTag": null,
        "expirationDate": null,
        "createdAt": "2026-10-07T04:26:23.359Z",
        "updatedAt": "2026-10-07T04:26:23.359Z"
      }
    },
    {
      "type": "Feature",
      "id": 95710,
      "geometry": {
        "type": "Point",
        "coordinates": [
          48.18079009518,
          33.57896111137
        ]
      },
      "properties": {
        "id": "MTM6MzY1",
        "city": "شهرستان چگنی",
        "date": "1749943800",
        "type": "event",
        "name:fa": "پایگاه موشکی خرم‌آباد",
        "sources": "https://t.me/P_raetorio/27657",
        "province": "استان لرستان",
        "geolocates": "https://x.com/BenTzionMacales/status/1941149920616181897",
        "unofficial_name": "KhoramAbad Missile Base",
        "unofficial_name:fa": "پایگاه موشکی خرم‌آباد",
        "name:en": "Khorramabad Missile Base",
        "city:en": "Chegeni County",
        "province:en": "Lorestan",
        "name:ar": "قاعدة خرم آباد الصاروخية",
        "city:ar": "مقاطعة تشغني",
        "province:ar": "لرستان",
        "name:he": "בסיס הטילים ח'ורמאבאד",
        "city:he": "צ'גני",
        "province:he": "לורסתאן",
        "name:tr": "Hürremabad Füze Üssü",
        "city:tr": "Çegeni",
        "province:tr": "Luristan",
        "name:ckb": "بنکەی مووشەکیی خۆڕەماوا",
        "city:ckb": "شارستانی چەگەنی",
        "province:ckb": "لوڕستان",
        "publicId": "MTM6MzY1",
        "sourceId": "365",
        "layerId": 13,
        "status": "active",
        "urgency": null,
        "verificationTag": null,
        "expirationDate": null,
        "createdAt": "2026-10-07T04:26:23.359Z",
        "updatedAt": "2026-10-07T04:26:23.359Z"
      }
    },
    {
      "type": "Feature",
      "id": 95711,
      "geometry": {
        "type": "Point",
        "coordinates": [
          52.04324481726,
          29.61709864446
        ]
      },
      "properties": {
        "id": "MTM6MzA2",
        "city": "شهرستان شیراز",
        "date": "1750149000",
        "type": "event",
        "mission": "Ghadir OTH radar neutralized",
        "name:fa": "رادار فرا افق غدیر دشت‌ارژن",
        "accurate": "yes",
        "province": "استان فارس",
        "geolocates": "https://x.com/MiddleEastBuka/status/1935637271077634273",
        "unofficial_name": "Dasht Arzhan ghadir OTH radar",
        "unofficial_name:fa": "رادار فرا افق غدیر دشت‌ارژن",
        "name:en": "Dasht-e Arzhan Ghadir Over-the-Horizon Radar",
        "city:en": "Shiraz County",
        "province:en": "Fars",
        "name:ar": "رادار غدير دشت أرزن فوق الأفق",
        "city:ar": "مقاطعة شيراز",
        "province:ar": "فارس",
        "name:he": "מכ\"ם מעבר לאופק גדיר דשת-אארז'ן",
        "city:he": "שיראז",
        "province:he": "פארס",
        "name:tr": "Deşt-i Erjen Gadir Ufuk Ötesi Radarı",
        "city:tr": "Şiraz",
        "province:tr": "Fars",
        "name:ckb": "ڕاداری سەروو ئاسۆی غەدیری دەشت ئەرژەن",
        "city:ckb": "شارستانی شیراز",
        "province:ckb": "فارس",
        "publicId": "MTM6MzA2",
        "sourceId": "306",
        "layerId": 13,
        "status": "active",
        "urgency": null,
        "verificationTag": null,
        "expirationDate": null,
        "createdAt": "2026-10-07T04:26:23.359Z",
        "updatedAt": "2026-10-07T04:26:23.359Z"
      }
    },
    {
      "type": "Feature",
      "id": 95712,
      "geometry": {
        "type": "Point",
        "coordinates": [
          47.23330378264,
          34.35348763647
        ]
      },
      "properties": {
        "id": "MTM6MjM5",
        "city": "شهرستان کرمانشاه",
        "date": "1749772800-1750064400",
        "type": "event",
        "name:fa": "پایگاه موشکی کرمانشاه",
        "accurate": "yes",
        "province": "استان کرمانشاه",
        "geolocates": "https://x.com/detresfa_/status/1934508002079637523, https://x.com/BenTzionMacales/status/1941149607251345610, https://x.com/Shayan86/status/1934437475398619365",
        "unofficial_name": "Kermanshah Missile Base",
        "unofficial_name:fa": "پایگاه موشکی کرمانشاه",
        "name:en": "Kermanshah Missile Base",
        "city:en": "Kermanshah County",
        "province:en": "Kermanshah",
        "name:ar": "قاعدة كرمانشاه الصاروخية",
        "city:ar": "مقاطعة كرمانشاه",
        "province:ar": "كرمانشاه",
        "name:he": "בסיס הטילים כרמאנשאה",
        "city:he": "כרמאנשאה",
        "province:he": "כרמאנשאה",
        "name:tr": "Kirmanşah Füze Üssü",
        "city:tr": "Kirmanşah",
        "province:tr": "Kirmanşah",
        "name:ckb": "بنکەی مووشەکیی کرماشان",
        "city:ckb": "شارستانی کرماشان",
        "province:ckb": "کرماشان",
        "publicId": "MTM6MjM5",
        "sourceId": "239",
        "layerId": 13,
        "status": "active",
        "urgency": null,
        "verificationTag": null,
        "expirationDate": null,
        "createdAt": "2026-10-07T04:26:23.359Z",
        "updatedAt": "2026-10-07T04:26:23.359Z"
      }
    },
    {
      "type": "Feature",
      "id": 95713,
      "geometry": {
        "type": "Point",
        "coordinates": [
          46.14008366525,
          38.2480684265
        ]
      },
      "properties": {
        "id": "MTM6MjI5",
        "city": "شهرستان شبستر",
        "date": "1749772800-1749889800",
        "name": "Tabriz Missile Base",
        "type": "event",
        "accurate": "yes",
        "province": "استان آذربایجان شرقی",
        "geolocates": "https://x.com/detresfa_/status/1933921836271579342, https://x.com/BenTzionMacales/status/1941149498425950483",
        "city:en": "Shabestar",
        "province:en": "East Azerbaijan",
        "city:ar": "مقاطعة شبستر",
        "province:ar": "أذربيجان الشرقية",
        "city:he": "נפת שבסטר",
        "province:he": "אזרבייג'ן המזרחית",
        "city:tr": "Şebestar Şehristanı",
        "province:tr": "Doğu Azerbaycan",
        "city:ckb": "شارستانی شەبێستەر",
        "province:ckb": "ئازەربایجانی ڕۆژھەڵات",
        "publicId": "MTM6MjI5",
        "sourceId": "229",
        "layerId": 13,
        "status": "active",
        "urgency": null,
        "verificationTag": null,
        "expirationDate": null,
        "createdAt": "2026-10-07T04:26:23.359Z",
        "updatedAt": "2026-10-07T04:26:23.359Z"
      }
    },
    {
      "type": "Feature",
      "id": 95714,
      "geometry": {
        "type": "Point",
        "coordinates": [
          51.4063864933,
          35.76869402272
        ]
      },
      "properties": {
        "id": "MTM6MTcz",
        "city": "تهران",
        "date": "1750415400",
        "name": "Cyber Police",
        "type": "event",
        "name:fa": "پلیس فتا",
        "sources": "https://t.me/idfinfarsi/9656",
        "accurate": "yes",
        "province": "استان تهران",
        "name:en": "FATA Cyber Police",
        "city:en": "Tehran",
        "province:en": "Tehran",
        "name:ar": "شرطة الجرائم الإلكترونية (فتا)",
        "city:ar": "طهران",
        "province:ar": "طهران",
        "name:he": "משטרת פתא",
        "city:he": "טהראן",
        "province:he": "טהראן",
        "name:tr": "FATA Polisi",
        "city:tr": "Tahran",
        "province:tr": "Tahran",
        "name:ckb": "پۆلیسی فەتا",
        "city:ckb": "تاران",
        "province:ckb": "تاران",
        "publicId": "MTM6MTcz",
        "sourceId": "173",
        "layerId": 13,
        "status": "active",
        "urgency": null,
        "verificationTag": null,
        "expirationDate": null,
        "createdAt": "2026-10-07T04:26:23.359Z",
        "updatedAt": "2026-10-07T04:26:23.359Z"
      }
    },
    {
      "type": "Feature",
      "id": 95715,
      "geometry": {
        "type": "Point",
        "coordinates": [
          48.67362319887,
          35.20324334365
        ]
      },
      "properties": {
        "id": "MTM6MTA3",
        "city": "شهرستان کبودرآهنگ",
        "date": "1749772800-1749889800",
        "name": "3rd Tactical Fighter Base",
        "type": "event",
        "name:fa": "پایگاه سوم شکاری",
        "accurate": "yes",
        "province": "استان همدان",
        "geolocates": "https://x.com/osc_london/status/1934622671318229217, https://x.com/osc_london/status/1933969558789853253",
        "name:en": "3rd Tactical Air Base",
        "city:en": "Kabudarahang County",
        "province:en": "Hamadan",
        "name:ar": "القاعدة الجوية الثالثة",
        "city:ar": "مقاطعة كبودراهنغ",
        "province:ar": "همدان",
        "name:he": "בסיס הקרב השלישי",
        "city:he": "כבודראהנג",
        "province:he": "המדאן",
        "name:tr": "3. Avcı Hava Üssü",
        "city:tr": "Kabudarahang",
        "province:tr": "Hemedan",
        "name:ckb": "بنکەی سێیەمی شکاری",
        "city:ckb": "شارستانی کەبوودەرئاهەنگ",
        "province:ckb": "ھەمەدان",
        "publicId": "MTM6MTA3",
        "sourceId": "107",
        "layerId": 13,
        "status": "active",
        "urgency": null,
        "verificationTag": null,
        "expirationDate": null,
        "createdAt": "2026-10-07T04:26:23.359Z",
        "updatedAt": "2026-10-07T04:26:23.359Z"
      }
    },
    {
      "type": "Feature",
      "id": 95716,
      "geometry": {
        "type": "Point",
        "coordinates": [
          54.3691920805,
          31.78067832569
        ]
      },
      "properties": {
        "id": "MTM6NTQ1",
        "city": "شهرستان یزد",
        "date": "1750588200",
        "type": "event",
        "name:fa": "پادگان شهید صدوقی",
        "sources": "https://t.me/bbcpersian/253110",
        "province": "استان یزد",
        "geolocates": "https://x.com/andynovy/status/1936766505426780213",
        "unofficial_name": "Shahid Sadoughi Garrison",
        "unofficial_name:fa": "پادگان شهید صدوقی",
        "name:en": "Shahid Sadoughi Garrison",
        "city:en": "Yazd County",
        "province:en": "Yazd",
        "name:ar": "معسكر الشهيد صدوقي",
        "city:ar": "مقاطعة يزد",
        "province:ar": "يزد",
        "name:he": "מחנה שהיד צדוקי",
        "city:he": "יזד",
        "province:he": "יזד",
        "name:tr": "Şehit Saduki Kışlası",
        "city:tr": "Yezd",
        "province:tr": "Yezd",
        "name:ckb": "پادگانی شەهید سەدووقی",
        "city:ckb": "شارستانی یەزد",
        "province:ckb": "یەزد",
        "publicId": "MTM6NTQ1",
        "sourceId": "545",
        "layerId": 13,
        "status": "active",
        "urgency": null,
        "verificationTag": null,
        "expirationDate": null,
        "createdAt": "2026-10-07T04:26:23.359Z",
        "updatedAt": "2026-10-07T04:26:23.359Z"
      }
    },
    {
      "type": "Feature",
      "id": 95717,
      "geometry": {
        "type": "Point",
        "coordinates": [
          50.75971125484,
          34.94469034449
        ]
      },
      "properties": {
        "id": "MTM6NDM4",
        "city": "شهرستان قم",
        "date": "1750237200-1750669200",
        "name": "Qom Missile Base",
        "type": "event",
        "name:fa": "مجموعه کوشک نصرت",
        "accurate": "yes",
        "province": "استان قم",
        "geolocates": "https://x.com/BenTzionMacales/status/1941150443872403501",
        "name:en": "Kushk-e Nosrat Complex",
        "city:en": "Qom County",
        "province:en": "Qom",
        "name:ar": "مجمع كوشك نصرت",
        "city:ar": "مقاطعة قم",
        "province:ar": "قم",
        "name:he": "קומפלקס כושכ נוסרת",
        "city:he": "קום",
        "province:he": "קום",
        "name:tr": "Köşk-i Nusret Kompleksi",
        "city:tr": "Kum",
        "province:tr": "Kum",
        "name:ckb": "کۆمەڵگەی کووشکی نەسرەت",
        "city:ckb": "شارستانی قوم",
        "province:ckb": "قوم",
        "publicId": "MTM6NDM4",
        "sourceId": "438",
        "layerId": 13,
        "status": "active",
        "urgency": null,
        "verificationTag": null,
        "expirationDate": null,
        "createdAt": "2026-10-07T04:26:23.359Z",
        "updatedAt": "2026-10-07T04:26:23.359Z"
      }
    },
    {
      "type": "Feature",
      "id": 95718,
      "geometry": {
        "type": "Point",
        "coordinates": [
          48.21711122721,
          33.57053285527
        ]
      },
      "properties": {
        "id": "MTM6Mzcx",
        "city": "شهرستان چگنی",
        "date": "1749943800",
        "type": "event",
        "name:fa": "پایگاه موشکی خرم‌آباد",
        "sources": "https://t.me/P_raetorio/27657",
        "province": "استان لرستان",
        "geolocates": "https://x.com/BenTzionMacales/status/1941149920616181897",
        "unofficial_name": "KhoramAbad Missile Base",
        "unofficial_name:fa": "پایگاه موشکی خرم‌آباد",
        "name:en": "Khorramabad Missile Base",
        "city:en": "Chegeni County",
        "province:en": "Lorestan",
        "name:ar": "قاعدة خرم آباد الصاروخية",
        "city:ar": "مقاطعة تشغني",
        "province:ar": "لرستان",
        "name:he": "בסיס הטילים ח'ורמאבאד",
        "city:he": "צ'גני",
        "province:he": "לורסתאן",
        "name:tr": "Hürremabad Füze Üssü",
        "city:tr": "Çegeni",
        "province:tr": "Luristan",
        "name:ckb": "بنکەی مووشەکیی خۆڕەماوا",
        "city:ckb": "شارستانی چەگەنی",
        "province:ckb": "لوڕستان",
        "publicId": "MTM6Mzcx",
        "sourceId": "371",
        "layerId": 13,
        "status": "active",
        "urgency": null,
        "verificationTag": null,
        "expirationDate": null,
        "createdAt": "2026-10-07T04:26:23.359Z",
        "updatedAt": "2026-10-07T04:26:23.359Z"
      }
    },
    {
      "type": "Feature",
      "id": 95719,
      "geometry": {
        "type": "Point",
        "coordinates": [
          47.08331465185,
          34.40557745799
        ]
      },
      "properties": {
        "id": "MTM6MzEy",
        "city": "شهرستان کرمانشاه",
        "date": "1749961800",
        "type": "event",
        "province": "استان کرمانشاه",
        "geolocates": "https://x.com/BenTzionMacales/status/1941149722062045262",
        "city:en": "Kermanshah",
        "province:en": "Kermanshah",
        "city:ar": "مقاطعة كرمانشاه",
        "province:ar": "كرمانشاه",
        "city:he": "נפת כרמאנשאה",
        "province:he": "כרמאנשאה",
        "city:tr": "Kirmanşah Şehristanı",
        "province:tr": "Kirmanşah",
        "city:ckb": "شارستانی کرماشان",
        "province:ckb": "کرماشان",
        "publicId": "MTM6MzEy",
        "sourceId": "312",
        "layerId": 13,
        "status": "active",
        "urgency": null,
        "verificationTag": null,
        "expirationDate": null,
        "createdAt": "2026-10-07T04:26:23.359Z",
        "updatedAt": "2026-10-07T04:26:23.359Z"
      }
    },
    {
      "type": "Feature",
      "id": 95720,
      "geometry": {
        "type": "Point",
        "coordinates": [
          50.76367556512,
          34.94403075111
        ]
      },
      "properties": {
        "id": "MTM6MjUz",
        "city": "شهرستان قم",
        "date": "1750237200-1750669200",
        "name": "Qom Missile Base",
        "type": "event",
        "name:fa": "مجموعه کوشک نصرت",
        "accurate": "yes",
        "province": "استان قم",
        "geolocates": "https://x.com/BenTzionMacales/status/1941150443872403501",
        "name:en": "Kushk-e Nosrat Complex",
        "city:en": "Qom County",
        "province:en": "Qom",
        "name:ar": "مجمع كوشك نصرت",
        "city:ar": "مقاطعة قم",
        "province:ar": "قم",
        "name:he": "קומפלקס כושכ נוסרת",
        "city:he": "קום",
        "province:he": "קום",
        "name:tr": "Köşk-i Nusret Kompleksi",
        "city:tr": "Kum",
        "province:tr": "Kum",
        "name:ckb": "کۆمەڵگەی کووشکی نەسرەت",
        "city:ckb": "شارستانی قوم",
        "province:ckb": "قوم",
        "publicId": "MTM6MjUz",
        "sourceId": "253",
        "layerId": 13,
        "status": "active",
        "urgency": null,
        "verificationTag": null,
        "expirationDate": null,
        "createdAt": "2026-10-07T04:26:23.359Z",
        "updatedAt": "2026-10-07T04:26:23.359Z"
      }
    },
    {
      "type": "Feature",
      "id": 95721,
      "geometry": {
        "type": "Point",
        "coordinates": [
          47.23332792252,
          34.34989365916
        ]
      },
      "properties": {
        "id": "MTM6MjM1",
        "city": "شهرستان کرمانشاه",
        "date": "1749772800-1750064400",
        "type": "event",
        "name:fa": "پایگاه موشکی کرمانشاه",
        "accurate": "yes",
        "province": "استان کرمانشاه",
        "geolocates": "https://x.com/detresfa_/status/1934508002079637523, https://x.com/BenTzionMacales/status/1941149607251345610, https://x.com/Shayan86/status/1934437475398619365",
        "unofficial_name": "Kermanshah Missile Base",
        "unofficial_name:fa": "پایگاه موشکی کرمانشاه",
        "name:en": "Kermanshah Missile Base",
        "city:en": "Kermanshah County",
        "province:en": "Kermanshah",
        "name:ar": "قاعدة كرمانشاه الصاروخية",
        "city:ar": "مقاطعة كرمانشاه",
        "province:ar": "كرمانشاه",
        "name:he": "בסיס הטילים כרמאנשאה",
        "city:he": "כרמאנשאה",
        "province:he": "כרמאנשאה",
        "name:tr": "Kirmanşah Füze Üssü",
        "city:tr": "Kirmanşah",
        "province:tr": "Kirmanşah",
        "name:ckb": "بنکەی مووشەکیی کرماشان",
        "city:ckb": "شارستانی کرماشان",
        "province:ckb": "کرماشان",
        "publicId": "MTM6MjM1",
        "sourceId": "235",
        "layerId": 13,
        "status": "active",
        "urgency": null,
        "verificationTag": null,
        "expirationDate": null,
        "createdAt": "2026-10-07T04:26:23.359Z",
        "updatedAt": "2026-10-07T04:26:23.359Z"
      }
    },
    {
      "type": "Feature",
      "id": 95722,
      "geometry": {
        "type": "Point",
        "coordinates": [
          51.4680015289,
          35.72704888232
        ]
      },
      "properties": {
        "id": "MTM6MTc5",
        "city": "تهران",
        "date": "1750127400",
        "type": "event",
        "province": "استان تهران",
        "city:en": "Tehran",
        "province:en": "Tehran",
        "city:ar": "طهران",
        "province:ar": "طهران",
        "city:he": "טהראן",
        "province:he": "טהראן",
        "city:tr": "Tahran",
        "province:tr": "Tahran",
        "city:ckb": "تاران",
        "province:ckb": "تاران",
        "publicId": "MTM6MTc5",
        "sourceId": "179",
        "layerId": 13,
        "status": "active",
        "urgency": null,
        "verificationTag": null,
        "expirationDate": null,
        "createdAt": "2026-10-07T04:26:23.359Z",
        "updatedAt": "2026-10-07T04:26:23.359Z"
      }
    },
    {
      "type": "Feature",
      "id": 95723,
      "geometry": {
        "type": "Point",
        "coordinates": [
          46.25299125642,
          38.12338894707
        ]
      },
      "properties": {
        "id": "MTM6MTIw",
        "city": "تبریز",
        "date": "1749772800-1749889800",
        "type": "event",
        "name:fa": "پایگاه هوایی تبریز",
        "accurate": "yes",
        "province": "استان آذربایجان شرقی",
        "geolocates": "https://x.com/osc_london/status/1934622671318229217, https://x.com/bradyafr/status/1934260300603129942",
        "name:en": "Tabriz Air Base",
        "city:en": "Tabriz",
        "province:en": "East Azerbaijan",
        "name:ar": "قاعدة تبريز الجوية",
        "city:ar": "تبريز",
        "province:ar": "أذربيجان الشرقية",
        "name:he": "בסיס האוויר תבריז",
        "city:he": "תבריז",
        "province:he": "אזרבייג'ן המזרחית",
        "name:tr": "Tebriz Hava Üssü",
        "city:tr": "Tebriz",
        "province:tr": "Doğu Azerbaycan",
        "name:ckb": "بنکەی ئاسمانیی تەورێز",
        "city:ckb": "تەورێز",
        "province:ckb": "ئازەربایجانی ڕۆژھەڵات",
        "publicId": "MTM6MTIw",
        "sourceId": "120",
        "layerId": 13,
        "status": "active",
        "urgency": null,
        "verificationTag": null,
        "expirationDate": null,
        "createdAt": "2026-10-07T04:26:23.359Z",
        "updatedAt": "2026-10-07T04:26:23.359Z"
      }
    },
    {
      "type": "Feature",
      "id": 95724,
      "geometry": {
        "type": "Point",
        "coordinates": [
          51.62086128652,
          35.70152902995
        ]
      },
      "properties": {
        "id": "MTM6NTUx",
        "city": "شهرستان تهران",
        "date": "1749772800-1750755600",
        "name": "Khojir Complex",
        "type": "event",
        "name:fa": "تاسیسات نظامی خجیر",
        "accurate": "yes",
        "province": "استان تهران",
        "geolocates": "https://x.com/BenTzionMacales/status/1941161003850367168",
        "name:en": "Khojir Military Facility",
        "city:en": "Tehran County",
        "province:en": "Tehran",
        "name:ar": "منشآت خجير العسكرية",
        "city:ar": "مقاطعة طهران",
        "province:ar": "طهران",
        "name:he": "המתקן הצבאי ח'ג'יר",
        "city:he": "טהראן",
        "province:he": "טהראן",
        "name:tr": "Hucir Askeri Tesisleri",
        "city:tr": "Tahran",
        "province:tr": "Tahran",
        "name:ckb": "دامەزراوەی سەربازیی خوجێر",
        "city:ckb": "شارستانی تاران",
        "province:ckb": "تاران",
        "publicId": "MTM6NTUx",
        "sourceId": "551",
        "layerId": 13,
        "status": "active",
        "urgency": null,
        "verificationTag": null,
        "expirationDate": null,
        "createdAt": "2026-10-07T04:26:23.359Z",
        "updatedAt": "2026-10-07T04:26:23.359Z"
      }
    },
    {
      "type": "Feature",
      "id": 95725,
      "geometry": {
        "type": "Point",
        "coordinates": [
          50.78492938936,
          34.92616266611
        ]
      },
      "properties": {
        "id": "MTM6NDQ0",
        "city": "شهرستان قم",
        "date": "1750237200-1750669200",
        "name": "Qom Missile Base",
        "type": "event",
        "name:fa": "مجموعه کوشک نصرت",
        "accurate": "yes",
        "province": "استان قم",
        "geolocates": "https://x.com/BenTzionMacales/status/1941150443872403501",
        "name:en": "Kushk-e Nosrat Complex",
        "city:en": "Qom County",
        "province:en": "Qom",
        "name:ar": "مجمع كوشك نصرت",
        "city:ar": "مقاطعة قم",
        "province:ar": "قم",
        "name:he": "מתחם כושכ נסרת",
        "city:he": "קום",
        "province:he": "קום",
        "name:tr": "Köşk-i Nusret Kompleksi",
        "city:tr": "Kum",
        "province:tr": "Kum",
        "name:ckb": "کۆمەڵگەی کووشکی نەسرەت",
        "city:ckb": "شارستانی قوم",
        "province:ckb": "قوم",
        "publicId": "MTM6NDQ0",
        "sourceId": "444",
        "layerId": 13,
        "status": "active",
        "urgency": null,
        "verificationTag": null,
        "expirationDate": null,
        "createdAt": "2026-10-07T04:26:23.359Z",
        "updatedAt": "2026-10-07T04:26:23.359Z"
      }
    },
    {
      "type": "Feature",
      "id": 95726,
      "geometry": {
        "type": "Point",
        "coordinates": [
          48.43589364946,
          36.74776940556
        ]
      },
      "properties": {
        "id": "MTM6Mzg1",
        "city": "شهرستان زنجان",
        "date": "1749772800-1750235400",
        "name": "IRGC Zanjan Garrison",
        "type": "event",
        "name:fa": "سپاه انصارالمهدی",
        "accurate": "yes",
        "province": "استان زنجان",
        "geolocates": "https://x.com/BenTzionMacales/status/1941150144055177456",
        "name:en": "Ansar al-Mahdi IRGC Corps",
        "city:en": "Zanjan County",
        "province:en": "Zanjan",
        "name:ar": "حرس أنصار المهدي",
        "city:ar": "مقاطعة زنجان",
        "province:ar": "زنجان",
        "name:he": "גייס אנסאר אל-מהדי",
        "city:he": "זנג'אן",
        "province:he": "זנג'אן",
        "name:tr": "Ensarü'l-Mehdi Kolordusu",
        "city:tr": "Zencan",
        "province:tr": "Zencan",
        "name:ckb": "سوپای ئەنسارولمەهدی",
        "city:ckb": "شارستانی زەنجان",
        "province:ckb": "زەنجان",
        "publicId": "MTM6Mzg1",
        "sourceId": "385",
        "layerId": 13,
        "status": "active",
        "urgency": null,
        "verificationTag": null,
        "expirationDate": null,
        "createdAt": "2026-10-07T04:26:23.359Z",
        "updatedAt": "2026-10-07T04:26:23.359Z"
      }
    },
    {
      "type": "Feature",
      "id": 95727,
      "geometry": {
        "type": "Point",
        "coordinates": [
          46.17354153514,
          37.98050257802
        ]
      },
      "properties": {
        "id": "MTM6MzI2",
        "city": "شهرستان تبریز",
        "date": "1749772800-1750494600",
        "name": "Tabriz Missile Base",
        "type": "event",
        "name:fa": "پایگاه موشکی تبریز",
        "accurate": "yes",
        "province": "استان آذربایجان شرقی",
        "geolocates": "https://x.com/BenTzionMacales/status/1941149553354530939",
        "name:en": "Tabriz Missile Base",
        "city:en": "Tabriz County",
        "province:en": "East Azerbaijan",
        "name:ar": "قاعدة تبريز الصاروخية",
        "city:ar": "مقاطعة تبريز",
        "province:ar": "أذربيجان الشرقية",
        "name:he": "בסיס הטילים תבריז",
        "city:he": "תבריז",
        "province:he": "אזרבייג'ן המזרחית",
        "name:tr": "Tebriz Füze Üssü",
        "city:tr": "Tebriz",
        "province:tr": "Doğu Azerbaycan",
        "name:ckb": "بنکەی مووشەکیی تەورێز",
        "city:ckb": "شارستانی تەورێز",
        "province:ckb": "ئازەربایجانی ڕۆژھەڵات",
        "publicId": "MTM6MzI2",
        "sourceId": "326",
        "layerId": 13,
        "status": "active",
        "urgency": null,
        "verificationTag": null,
        "expirationDate": null,
        "createdAt": "2026-10-07T04:26:23.359Z",
        "updatedAt": "2026-10-07T04:26:23.359Z"
      }
    },
    {
      "type": "Feature",
      "id": 95728,
      "geometry": {
        "type": "Point",
        "coordinates": [
          51.82707756221,
          32.57810412271
        ]
      },
      "properties": {
        "id": "MTM6MjU5",
        "city": "اصفهان",
        "date": "1750549800",
        "type": "event",
        "name:fa": "مجتمع هسته‌ای اصفهان",
        "accurate": "yes",
        "province": "استان اصفهان",
        "geolocates": "https://isis-online.org/isis-reports/post-attack-assessment-of-the-first-12-days-of-israeli-strikes-on-iranian-nuclear-facilities, https://x.com/detresfa_/status/1936827158351184078",
        "unofficial_name": "Isfahan Nuclear Complex",
        "unofficial_name:fa": "مجتمع هسته‌ای اصفهان",
        "name:en": "Isfahan Nuclear Complex",
        "city:en": "Isfahan",
        "province:en": "Isfahan",
        "name:ar": "مجمع أصفهان النووي",
        "city:ar": "أصفهان",
        "province:ar": "أصفهان",
        "name:he": "המתקן הגרעיני אספהאן",
        "city:he": "אספהאן",
        "province:he": "אספהאן",
        "name:tr": "İsfahan Nükleer Kompleksi",
        "city:tr": "İsfahan",
        "province:tr": "İsfahan",
        "name:ckb": "کۆمەڵگەی ئەتۆمیی ئەسفەهان",
        "city:ckb": "ئەسفەهان",
        "province:ckb": "ئەسفەھان",
        "publicId": "MTM6MjU5",
        "sourceId": "259",
        "layerId": 13,
        "status": "active",
        "urgency": null,
        "verificationTag": null,
        "expirationDate": null,
        "createdAt": "2026-10-07T04:26:23.359Z",
        "updatedAt": "2026-10-07T04:26:23.359Z"
      }
    },
    {
      "type": "Feature",
      "id": 95729,
      "geometry": {
        "type": "Point",
        "coordinates": [
          51.40915184945,
          35.7863723168
        ]
      },
      "properties": {
        "id": "MTM6MTky",
        "city": "تهران",
        "date": "1750086000",
        "name": "IRIB",
        "type": "event",
        "name:fa": "ساختمان شیشه‌ای صداوسیما",
        "accurate": "yes",
        "province": "استان تهران",
        "name:en": "IRIB Glass Building",
        "city:en": "Tehran",
        "province:en": "Tehran",
        "name:ar": "المبنى الزجاجي لهيئة الإذاعة والتلفزيون",
        "city:ar": "طهران",
        "province:ar": "طهران",
        "name:he": "בניין הזכוכית של סדא וסימא",
        "city:he": "טהראן",
        "province:he": "טהראן",
        "name:tr": "Seda ve Sima Cam Binası",
        "city:tr": "Tahran",
        "province:tr": "Tahran",
        "name:ckb": "بینای شووشەییی دەنگ و ڕەنگ",
        "city:ckb": "تاران",
        "province:ckb": "تاران",
        "publicId": "MTM6MTky",
        "sourceId": "192",
        "layerId": 13,
        "status": "active",
        "urgency": null,
        "verificationTag": null,
        "expirationDate": null,
        "createdAt": "2026-10-07T04:26:23.359Z",
        "updatedAt": "2026-10-07T04:26:23.359Z"
      }
    },
    {
      "type": "Feature",
      "id": 95730,
      "geometry": {
        "type": "Point",
        "coordinates": [
          46.24818205297,
          38.12845499969
        ]
      },
      "properties": {
        "id": "MTM6MTI2",
        "city": "تبریز",
        "date": "1749772800-1749889800",
        "type": "event",
        "name:fa": "پایگاه هوایی تبریز",
        "accurate": "yes",
        "province": "استان آذربایجان شرقی",
        "geolocates": "https://x.com/osc_london/status/1934622671318229217, https://x.com/bradyafr/status/1934260300603129942",
        "name:en": "Tabriz Air Base",
        "city:en": "Tabriz",
        "province:en": "East Azerbaijan",
        "name:ar": "قاعدة تبريز الجوية",
        "city:ar": "تبريز",
        "province:ar": "أذربيجان الشرقية",
        "name:he": "בסיס האוויר תבריז",
        "city:he": "תבריז",
        "province:he": "אזרבייג'ן המזרחית",
        "name:tr": "Tebriz Hava Üssü",
        "city:tr": "Tebriz",
        "province:tr": "Doğu Azerbaycan",
        "name:ckb": "بنکەی ئاسمانیی تەورێز",
        "city:ckb": "تەورێز",
        "province:ckb": "ئازەربایجانی ڕۆژھەڵات",
        "publicId": "MTM6MTI2",
        "sourceId": "126",
        "layerId": 13,
        "status": "active",
        "urgency": null,
        "verificationTag": null,
        "expirationDate": null,
        "createdAt": "2026-10-07T04:26:23.359Z",
        "updatedAt": "2026-10-07T04:26:23.359Z"
      }
    },
    {
      "type": "Feature",
      "id": 95731,
      "geometry": {
        "type": "Point",
        "coordinates": [
          48.60169704437,
          33.94364479881
        ]
      },
      "properties": {
        "id": "MTM6Njg",
        "city": "شهرستان بروجرد",
        "date": "1749825000",
        "type": "event",
        "name:fa": "پایگاه موشکی بروجرد",
        "sources": "https://t.me/jangaavaran1390/107615",
        "accurate": "yes",
        "province": "استان لرستان",
        "geolocates": "https://x.com/BenTzionMacales/status/1941150049326792718",
        "unofficial_name": "Borujerd Missile Base",
        "unofficial_name:fa": "پایگاه موشکی بروجرد",
        "name:en": "Borujerd Missile Base",
        "city:en": "Borujerd County",
        "province:en": "Lorestan",
        "name:ar": "قاعدة بروجرد الصاروخية",
        "city:ar": "مقاطعة بروجرد",
        "province:ar": "لرستان",
        "name:he": "בסיס הטילים בורוג'רד",
        "city:he": "בורוג'רד",
        "province:he": "לורסתאן",
        "name:tr": "Burucerd Füze Üssü",
        "city:tr": "Burucerd",
        "province:tr": "Luristan",
        "name:ckb": "بنکەی مووشەکیی بڕووجەرد",
        "city:ckb": "شارستانی بڕووجەرد",
        "province:ckb": "لوڕستان",
        "publicId": "MTM6Njg",
        "sourceId": "68",
        "layerId": 13,
        "status": "active",
        "urgency": null,
        "verificationTag": null,
        "expirationDate": null,
        "createdAt": "2026-10-07T04:26:23.359Z",
        "updatedAt": "2026-10-07T04:26:23.359Z"
      }
    },
    {
      "type": "Feature",
      "id": 95732,
      "geometry": {
        "type": "Point",
        "coordinates": [
          51.030263004,
          35.76567326254
        ]
      },
      "properties": {
        "id": "MTM6NTY1",
        "city": "شهرستان فردیس",
        "date": "1749978000-1750064400",
        "type": "event",
        "name:fa": "گروه شیمیایی شهید میثمی",
        "accurate": "yes",
        "province": "استان البرز",
        "geolocates": "https://x.com/fab_hinz/status/1934727911883342267",
        "unofficial_name": "Meisami Chemical Group",
        "unofficial_name:fa": "گروه شیمیایی شهید میثمی",
        "name:en": "Shahid Meisami Chemical Group",
        "city:en": "Fardis County",
        "province:en": "Alborz",
        "name:ar": "مجموعة الشهيد ميثمي الكيميائية",
        "city:ar": "مقاطعة فرديس",
        "province:ar": "ألبرز",
        "name:he": "קבוצת הכימיה שהיד מיסאמי",
        "city:he": "פרדיס",
        "province:he": "אלבורז",
        "name:tr": "Şehit Meysemi Kimya Grubu",
        "city:tr": "Fardis",
        "province:tr": "Elburz",
        "name:ckb": "گرووپی کیمیاییی شەهید میثەمی",
        "city:ckb": "شارستانی فەردیس",
        "province:ckb": "ئەلبورز",
        "publicId": "MTM6NTY1",
        "sourceId": "565",
        "layerId": 13,
        "status": "active",
        "urgency": null,
        "verificationTag": null,
        "expirationDate": null,
        "createdAt": "2026-10-07T04:26:23.359Z",
        "updatedAt": "2026-10-07T04:26:23.359Z"
      }
    },
    {
      "type": "Feature",
      "id": 95733,
      "geometry": {
        "type": "Point",
        "coordinates": [
          52.55887805879,
          29.72681860845
        ]
      },
      "properties": {
        "id": "MTM6NDk5",
        "city": "شهرستان شیراز",
        "date": "1750408200",
        "type": "event",
        "name:fa": "پایگاه هوافضا سپاه",
        "accurate": "yes",
        "province": "استان فارس",
        "unofficial_name": "IRGC Aerospace Force",
        "unofficial_name:fa": "پایگاه هوافضا سپاه",
        "name:en": "IRGC Aerospace Base",
        "city:en": "Shiraz County",
        "province:en": "Fars",
        "name:ar": "قاعدة القوات الجوفضائية للحرس الثوري",
        "city:ar": "مقاطعة شيراز",
        "province:ar": "فارس",
        "name:tr": "Devrim Muhafızları Havacılık ve Uzay Üssü",
        "city:tr": "Şiraz",
        "province:tr": "Fars",
        "name:ckb": "بنکەی هەوافەزای سوپا",
        "city:ckb": "شارستانی شیراز",
        "province:ckb": "فارس",
        "name:he": "בסיס חיל האוויר והחלל של משמרות המהפכה",
        "city:he": "שיראז",
        "province:he": "פארס",
        "publicId": "MTM6NDk5",
        "sourceId": "499",
        "layerId": 13,
        "status": "active",
        "urgency": null,
        "verificationTag": null,
        "expirationDate": null,
        "createdAt": "2026-10-07T04:26:23.359Z",
        "updatedAt": "2026-10-07T04:26:23.359Z"
      }
    },
    {
      "type": "Feature",
      "id": 95734,
      "geometry": {
        "type": "Point",
        "coordinates": [
          50.73151587367,
          34.92230532726
        ]
      },
      "properties": {
        "id": "MTM6NDU4",
        "city": "شهرستان قم",
        "date": "1750237200-1750669200",
        "name": "Qom Missile Base",
        "type": "event",
        "name:fa": "مجموعه کوشک نصرت",
        "province": "استان قم",
        "geolocates": "https://x.com/BenTzionMacales/status/1941150522523688971",
        "name:en": "Kushk-e Nosrat Complex",
        "city:en": "Qom County",
        "province:en": "Qom",
        "name:ar": "مجمع كوشك نصرت",
        "city:ar": "مقاطعة قم",
        "province:ar": "قم",
        "name:he": "קומפלקס כושכ נוסרת",
        "city:he": "קום",
        "province:he": "קום",
        "name:tr": "Köşk-i Nusret Kompleksi",
        "city:tr": "Kum",
        "province:tr": "Kum",
        "name:ckb": "کۆمەڵگەی کووشکی نەسرەت",
        "city:ckb": "شارستانی قوم",
        "province:ckb": "قوم",
        "publicId": "MTM6NDU4",
        "sourceId": "458",
        "layerId": 13,
        "status": "active",
        "urgency": null,
        "verificationTag": null,
        "expirationDate": null,
        "createdAt": "2026-10-07T04:26:23.359Z",
        "updatedAt": "2026-10-07T04:26:23.359Z"
      }
    },
    {
      "type": "Feature",
      "id": 95735,
      "geometry": {
        "type": "Point",
        "coordinates": [
          48.4374868843,
          36.7453601206
        ]
      },
      "properties": {
        "id": "MTM6Mzkx",
        "city": "شهرستان زنجان",
        "date": "1749772800-1750235400",
        "name": "IRGC Zanjan Garrison",
        "type": "event",
        "name:fa": "سپاه انصارالمهدی",
        "accurate": "yes",
        "province": "استان زنجان",
        "geolocates": "https://x.com/BenTzionMacales/status/1941150144055177456",
        "name:en": "Ansar al-Mahdi IRGC Corps",
        "city:en": "Zanjan County",
        "province:en": "Zanjan",
        "name:ar": "حرس أنصار المهدي",
        "city:ar": "مقاطعة زنجان",
        "province:ar": "زنجان",
        "name:he": "גייס אנסאר אל-מהדי",
        "city:he": "זנג'אן",
        "province:he": "זנג'אן",
        "name:tr": "Ensarü'l-Mehdi Kolordusu",
        "city:tr": "Zencan",
        "province:tr": "Zencan",
        "name:ckb": "سوپای ئەنسارولمەهدی",
        "city:ckb": "شارستانی زەنجان",
        "province:ckb": "زەنجان",
        "publicId": "MTM6Mzkx",
        "sourceId": "391",
        "layerId": 13,
        "status": "active",
        "urgency": null,
        "verificationTag": null,
        "expirationDate": null,
        "createdAt": "2026-10-07T04:26:23.359Z",
        "updatedAt": "2026-10-07T04:26:23.359Z"
      }
    },
    {
      "type": "Feature",
      "id": 95736,
      "geometry": {
        "type": "Point",
        "coordinates": [
          46.16125970945,
          37.97740947274
        ]
      },
      "properties": {
        "id": "MTM6MzMy",
        "city": "شهرستان تبریز",
        "date": "1749772800-1750494600",
        "name": "Tabriz Missile Base",
        "type": "event",
        "name:fa": "پایگاه موشکی تبریز",
        "accurate": "yes",
        "province": "استان آذربایجان شرقی",
        "geolocates": "https://x.com/BenTzionMacales/status/1941149553354530939",
        "name:en": "Tabriz Missile Base",
        "city:en": "Tabriz County",
        "province:en": "East Azerbaijan",
        "name:ar": "قاعدة تبريز الصاروخية",
        "city:ar": "مقاطعة تبريز",
        "province:ar": "أذربيجان الشرقية",
        "name:he": "בסיס הטילים תבריז",
        "city:he": "תבריז",
        "province:he": "אזרבייג'ן המזרחית",
        "name:tr": "Tebriz Füze Üssü",
        "city:tr": "Tebriz",
        "province:tr": "Doğu Azerbaycan",
        "name:ckb": "بنکەی مووشەکیی تەورێز",
        "city:ckb": "شارستانی تەورێز",
        "province:ckb": "ئازەربایجانی ڕۆژھەڵات",
        "publicId": "MTM6MzMy",
        "sourceId": "332",
        "layerId": 13,
        "status": "active",
        "urgency": null,
        "verificationTag": null,
        "expirationDate": null,
        "createdAt": "2026-10-07T04:26:23.359Z",
        "updatedAt": "2026-10-07T04:26:23.359Z"
      }
    },
    {
      "type": "Feature",
      "id": 95737,
      "geometry": {
        "type": "Point",
        "coordinates": [
          51.4236223644,
          32.69794028711
        ]
      },
      "properties": {
        "id": "MTM6Mjcz",
        "city": "شهرستان نجف آباد",
        "date": "1750159800",
        "type": "event",
        "name:fa": "پایگاه موشکی اصفهان",
        "sources": "https://t.me/idfinfarsi/9564",
        "accurate": "yes",
        "province": "استان اصفهان",
        "geolocates": "https://x.com/BenTzionMacales/status/1941151953859301583",
        "unofficial_name": "Isfahan Missile Base",
        "unofficial_name:fa": "پایگاه موشکی اصفهان",
        "name:en": "Isfahan Missile Base",
        "city:en": "Najafabad County",
        "province:en": "Isfahan",
        "name:ar": "قاعدة أصفهان الصاروخية",
        "city:ar": "مقاطعة نجف أباد",
        "province:ar": "أصفهان",
        "name:he": "בסיס הטילים אספהאן",
        "city:he": "נג'פאבאד",
        "province:he": "אספהאן",
        "name:tr": "İsfahan Füze Üssü",
        "city:tr": "Necefabad",
        "province:tr": "İsfahan",
        "name:ckb": "بنکەی مووشەکیی ئەسفەهان",
        "city:ckb": "شارستانی نەجەفئاباد",
        "province:ckb": "ئەسفەھان",
        "publicId": "MTM6Mjcz",
        "sourceId": "273",
        "layerId": 13,
        "status": "active",
        "urgency": null,
        "verificationTag": null,
        "expirationDate": null,
        "createdAt": "2026-10-07T04:26:23.359Z",
        "updatedAt": "2026-10-07T04:26:23.359Z"
      }
    },
    {
      "type": "Feature",
      "id": 95738,
      "geometry": {
        "type": "Point",
        "coordinates": [
          51.82587325037,
          32.78696786481
        ]
      },
      "properties": {
        "id": "MTM6MTk3",
        "city": "شهرستان اصفهان",
        "date": "1750062600-1750235400",
        "type": "event",
        "accurate": "yes",
        "province": "استان اصفهان",
        "geolocates": "https://x.com/CSBiggers/status/1935694933681181065",
        "city:en": "Isfahan",
        "province:en": "Isfahan",
        "city:ar": "مقاطعة أصفهان",
        "province:ar": "أصفهان",
        "city:he": "נפת אספהאן",
        "province:he": "אספהאן",
        "city:tr": "İsfahan Şehristanı",
        "province:tr": "İsfahan",
        "city:ckb": "شارستانی ئەسفەهان",
        "province:ckb": "ئەسفەھان",
        "publicId": "MTM6MTk3",
        "sourceId": "197",
        "layerId": 13,
        "status": "active",
        "urgency": null,
        "verificationTag": null,
        "expirationDate": null,
        "createdAt": "2026-10-07T04:26:23.359Z",
        "updatedAt": "2026-10-07T04:26:23.359Z"
      }
    },
    {
      "type": "Feature",
      "id": 95739,
      "geometry": {
        "type": "Point",
        "coordinates": [
          51.82730287045,
          32.58329109613
        ]
      },
      "properties": {
        "id": "MTM6MTQw",
        "city": "اصفهان",
        "date": "1750549800",
        "type": "event",
        "name:fa": "مجتمع هسته‌ای اصفهان",
        "accurate": "yes",
        "province": "استان اصفهان",
        "geolocates": "https://isis-online.org/isis-reports/post-attack-assessment-of-the-first-12-days-of-israeli-strikes-on-iranian-nuclear-facilities, https://x.com/detresfa_/status/1936827158351184078",
        "unofficial_name": "Isfahan Nuclear Complex",
        "unofficial_name:fa": "مجتمع هسته‌ای اصفهان",
        "name:en": "Isfahan Nuclear Complex",
        "city:en": "Isfahan",
        "province:en": "Isfahan",
        "name:ar": "مجمع أصفهان النووي",
        "city:ar": "أصفهان",
        "province:ar": "أصفهان",
        "name:he": "המתקן הגרעיני אספהאן",
        "city:he": "אספהאן",
        "province:he": "אספהאן",
        "name:tr": "İsfahan Nükleer Kompleksi",
        "city:tr": "İsfahan",
        "province:tr": "İsfahan",
        "name:ckb": "کۆمەڵگەی ئەتۆمیی ئەسفەهان",
        "city:ckb": "ئەسفەهان",
        "province:ckb": "ئەسفەھان",
        "publicId": "MTM6MTQw",
        "sourceId": "140",
        "layerId": 13,
        "status": "active",
        "urgency": null,
        "verificationTag": null,
        "expirationDate": null,
        "createdAt": "2026-10-07T04:26:23.359Z",
        "updatedAt": "2026-10-07T04:26:23.359Z"
      }
    },
    {
      "type": "Feature",
      "id": 95740,
      "geometry": {
        "type": "Point",
        "coordinates": [
          50.09740411162,
          33.60049228785
        ]
      },
      "properties": {
        "id": "MTM6ODI",
        "city": "شهرستان خمین",
        "date": "1750172400",
        "type": "event",
        "sources": "https://t.me/VahidOnline/65794, https://t.me/idfinfarsi/9564",
        "accurate": "yes",
        "province": "استان مرکزی",
        "geolocates": "https://x.com/BenTzionMacales/status/1941150617256484872",
        "city:en": "Khomein",
        "province:en": "Markazi",
        "city:ar": "مقاطعة خمين",
        "province:ar": "المركزية",
        "city:he": "נפת ח'ומיין",
        "province:he": "מרכזי",
        "city:tr": "Humeyn Şehristanı",
        "province:tr": "Merkezi",
        "city:ckb": "شارستانی خومێن",
        "province:ckb": "مەرکەزی",
        "publicId": "MTM6ODI",
        "sourceId": "82",
        "layerId": 13,
        "status": "active",
        "urgency": null,
        "verificationTag": null,
        "expirationDate": null,
        "createdAt": "2026-10-07T04:26:23.359Z",
        "updatedAt": "2026-10-07T04:26:23.359Z"
      }
    },
    {
      "type": "Feature",
      "id": 95741,
      "geometry": {
        "type": "Point",
        "coordinates": [
          51.44840329617,
          35.74415899145
        ]
      },
      "properties": {
        "id": "MTM6NTcx",
        "city": "تهران",
        "date": "1750718100",
        "type": "event",
        "province": "استان تهران",
        "city:en": "Tehran",
        "province:en": "Tehran",
        "city:ar": "طهران",
        "province:ar": "طهران",
        "city:he": "טהראן",
        "province:he": "טהראן",
        "city:tr": "Tahran",
        "province:tr": "Tahran",
        "city:ckb": "تاران",
        "province:ckb": "تاران",
        "publicId": "MTM6NTcx",
        "sourceId": "571",
        "layerId": 13,
        "status": "active",
        "urgency": null,
        "verificationTag": null,
        "expirationDate": null,
        "createdAt": "2026-10-07T04:26:23.359Z",
        "updatedAt": "2026-10-07T04:26:23.359Z"
      }
    },
    {
      "type": "Feature",
      "id": 95742,
      "geometry": {
        "type": "Point",
        "coordinates": [
          50.13148694962,
          33.55669366691
        ]
      },
      "properties": {
        "id": "MTM6NDY0",
        "city": "شهرستان خمین",
        "date": "1750172400",
        "type": "event",
        "sources": "https://t.me/VahidOnline/65794, https://t.me/idfinfarsi/9564",
        "province": "استان مرکزی",
        "geolocates": "https://x.com/BenTzionMacales/status/1941150617256484872",
        "city:en": "Khomein",
        "province:en": "Markazi",
        "city:ar": "مقاطعة خمين",
        "province:ar": "المركزية",
        "city:he": "נפת ח'ומיין",
        "province:he": "מרכזי",
        "city:tr": "Humeyn Şehristanı",
        "province:tr": "Merkezi",
        "city:ckb": "شارستانی خومێن",
        "province:ckb": "مەرکەزی",
        "publicId": "MTM6NDY0",
        "sourceId": "464",
        "layerId": 13,
        "status": "active",
        "urgency": null,
        "verificationTag": null,
        "expirationDate": null,
        "createdAt": "2026-10-07T04:26:23.359Z",
        "updatedAt": "2026-10-07T04:26:23.359Z"
      }
    },
    {
      "type": "Feature",
      "id": 95743,
      "geometry": {
        "type": "Point",
        "coordinates": [
          51.35658725962,
          35.73700949726
        ]
      },
      "properties": {
        "id": "MTM6NTEz",
        "city": "تهران",
        "date": "1750357800",
        "type": "event",
        "accurate": "yes",
        "province": "استان تهران",
        "geolocates": "https://x.com/Grimm_Intel/status/1935794820913504561",
        "city:en": "Tehran",
        "province:en": "Tehran",
        "city:ar": "طهران",
        "province:ar": "طهران",
        "city:he": "טהראן",
        "province:he": "טהראן",
        "city:tr": "Tahran",
        "province:tr": "Tahran",
        "city:ckb": "تاران",
        "province:ckb": "تاران",
        "publicId": "MTM6NTEz",
        "sourceId": "513",
        "layerId": 13,
        "status": "active",
        "urgency": null,
        "verificationTag": null,
        "expirationDate": null,
        "createdAt": "2026-10-07T04:26:23.359Z",
        "updatedAt": "2026-10-07T04:26:23.359Z"
      }
    },
    {
      "type": "Feature",
      "id": 95744,
      "geometry": {
        "type": "Point",
        "coordinates": [
          50.44160127103,
          35.68026323144
        ]
      },
      "properties": {
        "id": "MTM6NDA1",
        "city": "شهرستان اشتهارد",
        "date": "1749772800-1750755600",
        "type": "event",
        "name:fa": "پایگاه موشکی اشتهارد",
        "accurate": "yes",
        "province": "استان البرز",
        "geolocates": "https://x.com/BenTzionMacales/status/1941150251714597345",
        "unofficial_name": "Eshtehard Missile Base",
        "unofficial_name:fa": "پایگاه موشکی اشتهارد",
        "name:en": "Eshtehard Missile Base",
        "city:en": "Eshtehard County",
        "province:en": "Alborz",
        "name:ar": "قاعدة اشتهارد الصاروخية",
        "city:ar": "مقاطعة اشتهارد",
        "province:ar": "ألبرز",
        "name:tr": "İştehard Füze Üssü",
        "city:tr": "İştehard",
        "province:tr": "Elburz",
        "name:ckb": "بنکەی مووشەکیی ئیشتەهارد",
        "city:ckb": "شارستانی ئیشتەهارد",
        "province:ckb": "ئەلبورز",
        "name:he": "בסיס הטילים אשתהארד",
        "city:he": "נפת אשתהארד",
        "province:he": "אלבורז",
        "publicId": "MTM6NDA1",
        "sourceId": "405",
        "layerId": 13,
        "status": "active",
        "urgency": null,
        "verificationTag": null,
        "expirationDate": null,
        "createdAt": "2026-10-07T04:26:23.359Z",
        "updatedAt": "2026-10-07T04:26:23.359Z"
      }
    },
    {
      "type": "Feature",
      "id": 95745,
      "geometry": {
        "type": "Point",
        "coordinates": [
          47.18786715925,
          34.4285361802
        ]
      },
      "properties": {
        "id": "MTM6MzQ2",
        "city": "شهرستان کرمانشاه",
        "date": "1749772800-1750064400",
        "type": "event",
        "name:fa": "پایگاه موشکی کرمانشاه",
        "province": "استان کرمانشاه",
        "geolocates": "https://x.com/BenTzionMacales/status/1941149722062045262",
        "unofficial_name": "Kermanshah Missile Base",
        "unofficial_name:fa": "پایگاه موشکی کرمانشاه",
        "name:en": "Kermanshah Missile Base",
        "city:en": "Kermanshah County",
        "province:en": "Kermanshah",
        "name:ar": "قاعدة كرمانشاه الصاروخية",
        "city:ar": "مقاطعة كرمانشاه",
        "province:ar": "كرمانشاه",
        "name:he": "בסיס הטילים כרמאנשאה",
        "city:he": "כרמאנשאה",
        "province:he": "כרמאנשאה",
        "name:tr": "Kirmanşah Füze Üssü",
        "city:tr": "Kirmanşah",
        "province:tr": "Kirmanşah",
        "name:ckb": "بنکەی مووشەکیی کرماشان",
        "city:ckb": "شارستانی کرماشان",
        "province:ckb": "کرماشان",
        "publicId": "MTM6MzQ2",
        "sourceId": "346",
        "layerId": 13,
        "status": "active",
        "urgency": null,
        "verificationTag": null,
        "expirationDate": null,
        "createdAt": "2026-10-07T04:26:23.359Z",
        "updatedAt": "2026-10-07T04:26:23.359Z"
      }
    },
    {
      "type": "Feature",
      "id": 95746,
      "geometry": {
        "type": "Point",
        "coordinates": [
          51.71458303392,
          32.45943381548
        ]
      },
      "properties": {
        "id": "MTM6Mjc5",
        "city": "شهرستان مبارکه",
        "date": "1750159800",
        "type": "event",
        "name:fa": "پایگاه موشکی اصفهان",
        "sources": "https://t.me/idfinfarsi/9564",
        "accurate": "yes",
        "province": "استان اصفهان",
        "geolocates": "https://x.com/BenTzionMacales/status/1941153026703774185",
        "unofficial_name": "Isfahan Missile Base",
        "unofficial_name:fa": "پایگاه موشکی اصفهان",
        "name:en": "Isfahan Missile Base",
        "city:en": "Mobarakeh County",
        "province:en": "Isfahan",
        "name:ar": "قاعدة أصفهان الصاروخية",
        "city:ar": "مقاطعة مباركة",
        "province:ar": "أصفهان",
        "name:he": "בסיס הטילים אספהאן",
        "city:he": "מובארכה",
        "province:he": "אספהאן",
        "name:tr": "İsfahan Füze Üssü",
        "city:tr": "Mubareke",
        "province:tr": "İsfahan",
        "name:ckb": "بنکەی مووشەکیی ئەسفەهان",
        "city:ckb": "شارستانی موبارەکە",
        "province:ckb": "ئەسفەھان",
        "publicId": "MTM6Mjc5",
        "sourceId": "279",
        "layerId": 13,
        "status": "active",
        "urgency": null,
        "verificationTag": null,
        "expirationDate": null,
        "createdAt": "2026-10-07T04:26:23.359Z",
        "updatedAt": "2026-10-07T04:26:23.359Z"
      }
    },
    {
      "type": "Feature",
      "id": 95747,
      "geometry": {
        "type": "Point",
        "coordinates": [
          50.90265153766,
          35.62430289873
        ]
      },
      "properties": {
        "id": "MTM6MjEw",
        "city": "شهرستان ملارد",
        "date": "1749772800-1750410000",
        "type": "event",
        "name:fa": "مجموعه موشکی بیدگنه",
        "accurate": "yes",
        "province": "استان تهران",
        "geolocates": "https://x.com/BenTzionMacales/status/1941150328868741171",
        "unofficial_name": "Bidkaneh Missile Base",
        "unofficial_name:fa": "مجموعه موشکی بیدگنه",
        "name:en": "Bidganeh Missile Complex",
        "city:en": "Malard County",
        "province:en": "Tehran",
        "name:ar": "مجمع بيدكنه الصاروخي",
        "city:ar": "مقاطعة ملارد",
        "province:ar": "طهران",
        "name:he": "קומפלקס הטילים בידגנה",
        "city:he": "מלארד",
        "province:he": "טהראן",
        "name:tr": "Bidgene Füze Kompleksi",
        "city:tr": "Malard",
        "province:tr": "Tahran",
        "name:ckb": "کۆمەڵگەی مووشەکیی بیدگەنە",
        "city:ckb": "شارستانی مەڵارد",
        "province:ckb": "تاران",
        "publicId": "MTM6MjEw",
        "sourceId": "210",
        "layerId": 13,
        "status": "active",
        "urgency": null,
        "verificationTag": null,
        "expirationDate": null,
        "createdAt": "2026-10-07T04:26:23.359Z",
        "updatedAt": "2026-10-07T04:26:23.359Z"
      }
    },
    {
      "type": "Feature",
      "id": 95748,
      "geometry": {
        "type": "Point",
        "coordinates": [
          50.99988832936,
          34.8826250816
        ]
      },
      "properties": {
        "id": "MTM6MTQ2",
        "city": "شهرستان قم",
        "date": "1750545000",
        "name": "Natanz Nuclear Complex",
        "type": "event",
        "name:fa": "مجتمع هسته‌ای فوردو",
        "accurate": "yes",
        "province": "استان قم",
        "geolocates": "https://isis-online.org/isis-reports/post-attack-assessment-of-the-first-12-days-of-israeli-strikes-on-iranian-nuclear-facilities, https://x.com/detresfa_/status/1937740428301746589",
        "name:en": "Fordow Nuclear Complex",
        "city:en": "Qom County",
        "province:en": "Qom",
        "name:ar": "مجمع فوردو النووي",
        "city:ar": "مقاطعة قم",
        "province:ar": "قم",
        "name:he": "המתקן הגרעיני פורדו",
        "city:he": "קום",
        "province:he": "קום",
        "name:tr": "Fordo Nükleer Kompleksi",
        "city:tr": "Kum Şehristanı",
        "province:tr": "Kum",
        "name:ckb": "کۆمەڵگەی ناوەکیی فۆردۆ",
        "city:ckb": "شارستانی قوم",
        "province:ckb": "قوم",
        "publicId": "MTM6MTQ2",
        "sourceId": "146",
        "layerId": 13,
        "status": "active",
        "urgency": null,
        "verificationTag": null,
        "expirationDate": null,
        "createdAt": "2026-10-07T04:26:23.359Z",
        "updatedAt": "2026-10-07T04:26:23.359Z"
      }
    },
    {
      "type": "Feature",
      "id": 95749,
      "geometry": {
        "type": "Point",
        "coordinates": [
          50.10007022738,
          33.59237781435
        ]
      },
      "properties": {
        "id": "MTM6ODg",
        "city": "شهرستان خمین",
        "date": "1750172400",
        "type": "event",
        "name:fa": "پایگاه موشکی خمین",
        "sources": "https://t.me/VahidOnline/65794, https://t.me/idfinfarsi/9564",
        "accurate": "yes",
        "province": "استان مرکزی",
        "geolocates": "https://x.com/BenTzionMacales/status/1941150617256484872",
        "unofficial_name": "Khomein Missile Base",
        "unofficial_name:fa": "پایگاه موشکی خمین",
        "name:en": "Khomein Missile Base",
        "city:en": "Khomein County",
        "province:en": "Markazi",
        "name:ar": "قاعدة خمين الصاروخية",
        "city:ar": "مقاطعة خمين",
        "province:ar": "المركزية",
        "name:he": "בסיס הטילים ח'ומיין",
        "city:he": "ח'ומיין",
        "province:he": "מרכזי",
        "name:tr": "Humeyn Füze Üssü",
        "city:tr": "Humeyn Şehristanı",
        "province:tr": "Merkezi",
        "name:ckb": "بنکەی مووشەکیی خومەین",
        "city:ckb": "شارستانی خومەین",
        "province:ckb": "مەرکەزی",
        "publicId": "MTM6ODg",
        "sourceId": "88",
        "layerId": 13,
        "status": "active",
        "urgency": null,
        "verificationTag": null,
        "expirationDate": null,
        "createdAt": "2026-10-07T04:26:23.359Z",
        "updatedAt": "2026-10-07T04:26:23.359Z"
      }
    },
    {
      "type": "Feature",
      "id": 95750,
      "geometry": {
        "type": "Point",
        "coordinates": [
          50.42319058299,
          36.16783988984
        ]
      },
      "properties": {
        "id": "MTM6NTg1",
        "city": "شهرستان آبیک",
        "date": "1750408200-1750840200",
        "type": "event",
        "name:fa": "سایت ۳۱۱",
        "accurate": "yes",
        "province": "استان قزوین",
        "geolocates": "https://x.com/BenTzionMacales/status/1941162068830286129",
        "unofficial_name:fa": "سایت ۳۱۱",
        "name:en": "Site 311",
        "city:en": "Abyek County",
        "province:en": "Qazvin",
        "name:ar": "الموقع 311",
        "city:ar": "مقاطعة أبيك",
        "province:ar": "قزوين",
        "name:he": "אתר 311",
        "city:he": "אביק",
        "province:he": "קזווין",
        "name:tr": "311 Sahası",
        "city:tr": "Abyek Şehristanı",
        "province:tr": "Kazvin",
        "name:ckb": "سایتی 311",
        "city:ckb": "شارستانی ئابیەک",
        "province:ckb": "قەزوین",
        "publicId": "MTM6NTg1",
        "sourceId": "585",
        "layerId": 13,
        "status": "active",
        "urgency": null,
        "verificationTag": null,
        "expirationDate": null,
        "createdAt": "2026-10-07T04:26:23.359Z",
        "updatedAt": "2026-10-07T04:26:23.359Z"
      }
    },
    {
      "type": "Feature",
      "id": 95751,
      "geometry": {
        "type": "Point",
        "coordinates": [
          47.22922682494,
          34.36273206416
        ]
      },
      "properties": {
        "id": "MTM6NTE5",
        "city": "شهرستان کرمانشاه",
        "date": "1749772800-1750064400",
        "type": "event",
        "name:fa": "پایگاه موشکی کرمانشاه",
        "province": "استان کرمانشاه",
        "geolocates": "https://x.com/detresfa_/status/1934508002079637523, https://x.com/BenTzionMacales/status/1941149607251345610, https://x.com/Shayan86/status/1934437475398619365",
        "unofficial_name": "Kermanshah Missile Base",
        "unofficial_name:fa": "پایگاه موشکی کرمانشاه",
        "name:en": "Kermanshah Missile Base",
        "city:en": "Kermanshah County",
        "province:en": "Kermanshah",
        "name:ar": "قاعدة كرمانشاه الصاروخية",
        "city:ar": "مقاطعة كرمانشاه",
        "province:ar": "كرمانشاه",
        "name:tr": "Kirmanşah Füze Üssü",
        "city:tr": "Kirmanşah Şehristanı",
        "province:tr": "Kirmanşah",
        "name:ckb": "بنکەی مووشەکیی کرماشان",
        "city:ckb": "شارستانی کرماشان",
        "province:ckb": "کرماشان",
        "name:he": "בסיס הטילים כרמאנשאה",
        "province:he": "כרמאנשאה",
        "publicId": "MTM6NTE5",
        "sourceId": "519",
        "layerId": 13,
        "status": "active",
        "urgency": null,
        "verificationTag": null,
        "expirationDate": null,
        "createdAt": "2026-10-07T04:26:23.359Z",
        "updatedAt": "2026-10-07T04:26:23.359Z"
      }
    },
    {
      "type": "Feature",
      "id": 95752,
      "geometry": {
        "type": "Point",
        "coordinates": [
          51.43479108274,
          32.69555669443
        ]
      },
      "properties": {
        "id": "MTM6NDc4",
        "city": "شهرستان نجف آباد",
        "date": "1750159800",
        "type": "event",
        "name:fa": "پایگاه موشکی اصفهان",
        "sources": "https://t.me/idfinfarsi/9564",
        "accurate": "yes",
        "province": "استان اصفهان",
        "geolocates": "https://x.com/BenTzionMacales/status/1941151953859301583",
        "unofficial_name": "Isfahan Missile Base",
        "unofficial_name:fa": "پایگاه موشکی اصفهان",
        "name:en": "Isfahan Missile Base",
        "city:en": "Najafabad County",
        "province:en": "Isfahan",
        "name:ar": "قاعدة أصفهان الصاروخية",
        "city:ar": "مقاطعة نجف أباد",
        "province:ar": "أصفهان",
        "name:he": "בסיס הטילים אספהאן",
        "city:he": "נג'פאבאד",
        "province:he": "אספהאן",
        "name:tr": "İsfahan Füze Üssü",
        "city:tr": "Necefabad Şehristanı",
        "province:tr": "İsfahan",
        "name:ckb": "بنکەی مووشەکیی ئیسفەهان",
        "city:ckb": "شارستانی نەجەفئاباد",
        "province:ckb": "ئەسفەھان",
        "publicId": "MTM6NDc4",
        "sourceId": "478",
        "layerId": 13,
        "status": "active",
        "urgency": null,
        "verificationTag": null,
        "expirationDate": null,
        "createdAt": "2026-10-07T04:26:23.359Z",
        "updatedAt": "2026-10-07T04:26:23.359Z"
      }
    },
    {
      "type": "Feature",
      "id": 95753,
      "geometry": {
        "type": "Point",
        "coordinates": [
          50.43952122197,
          35.67802020771
        ]
      },
      "properties": {
        "id": "MTM6NDEx",
        "city": "شهرستان اشتهارد",
        "date": "1749772800-1750755600",
        "type": "event",
        "name:fa": "پایگاه موشکی اشتهارد",
        "accurate": "yes",
        "province": "استان البرز",
        "geolocates": "https://x.com/BenTzionMacales/status/1941150251714597345",
        "unofficial_name": "Eshtehard Missile Base",
        "unofficial_name:fa": "پایگاه موشکی اشتهارد",
        "name:en": "Eshtehard Missile Base",
        "city:en": "Eshtehard County",
        "province:en": "Alborz",
        "name:ar": "قاعدة اشتهارد الصاروخية",
        "city:ar": "مقاطعة اشتهارد",
        "province:ar": "ألبرز",
        "name:he": "בסיס הטילים אשתהארד",
        "province:he": "אלבורז",
        "name:tr": "İştihard Füze Üssü",
        "city:tr": "İştihard Şehristanı",
        "province:tr": "Elburz",
        "name:ckb": "بنکەی مووشەکیی ئیشتەهارد",
        "city:ckb": "شارستانی ئیشتەهارد",
        "province:ckb": "ئەلبورز",
        "publicId": "MTM6NDEx",
        "sourceId": "411",
        "layerId": 13,
        "status": "active",
        "urgency": null,
        "verificationTag": null,
        "expirationDate": null,
        "createdAt": "2026-10-07T04:26:23.359Z",
        "updatedAt": "2026-10-07T04:26:23.359Z"
      }
    },
    {
      "type": "Feature",
      "id": 95754,
      "geometry": {
        "type": "Point",
        "coordinates": [
          47.87922262877,
          34.43779665357
        ]
      },
      "properties": {
        "id": "MTM6MzUy",
        "city": "شهرستان کنگاور",
        "date": "1749897000",
        "type": "event",
        "name:fa": "پایگاه موشکی کنگاور",
        "accurate": "yes",
        "province": "استان کرمانشاه",
        "geolocates": "https://x.com/BenTzionMacales/status/1941149847828177109",
        "unofficial_name": "Kangavar Missile Base",
        "unofficial_name:fa": "پایگاه موشکی کنگاور",
        "name:en": "Kangavar Missile Base",
        "city:en": "Kangavar County",
        "province:en": "Kermanshah",
        "name:ar": "قاعدة كنكاور الصاروخية",
        "city:ar": "مقاطعة كنكاور",
        "province:ar": "كرمانشاه",
        "name:tr": "Kangavar Füze Üssü",
        "city:tr": "Kangavar Şehristanı",
        "province:tr": "Kirmanşah",
        "name:ckb": "بنکەی مووشەکیی کەنگاوەر",
        "city:ckb": "شارستانی کەنگاوەر",
        "province:ckb": "کرماشان",
        "name:he": "בסיס הטילים כנגאוור",
        "city:he": "נפת כנגאוור",
        "province:he": "כרמאנשאה",
        "publicId": "MTM6MzUy",
        "sourceId": "352",
        "layerId": 13,
        "status": "active",
        "urgency": null,
        "verificationTag": null,
        "expirationDate": null,
        "createdAt": "2026-10-07T04:26:23.359Z",
        "updatedAt": "2026-10-07T04:26:23.359Z"
      }
    },
    {
      "type": "Feature",
      "id": 95755,
      "geometry": {
        "type": "Point",
        "coordinates": [
          48.63571285129,
          34.04699689056
        ]
      },
      "properties": {
        "id": "MTM6Mjkz",
        "city": "شهرستان بروجرد",
        "date": "1749894600",
        "name": "Farda Motors Automobile Manufacturing Plant",
        "type": "event",
        "name:fa": "کارخانه خودروسازی فردا موتورز",
        "sources": "https://t.me/mamlekate/95327, https://t.me/eghtesadonline/310404",
        "province": "استان لرستان",
        "name:en": "Farda Motors Auto Manufacturing Plant",
        "city:en": "Borujerd County",
        "province:en": "Lorestan",
        "name:ar": "مصنع فردا موتورز للسيارات",
        "city:ar": "مقاطعة بروجرد",
        "province:ar": "لرستان",
        "name:he": "מפעל המכוניות פרדא מוטורס",
        "province:he": "לורסתאן",
        "name:tr": "Farda Motors Otomobil Fabrikası",
        "city:tr": "Burucerd Şehristanı",
        "province:tr": "Luristan",
        "name:ckb": "کارگەی دروستکردنی ئۆتۆمبێلی فەردا مۆتۆرز",
        "city:ckb": "شارستانی بڕووجەرد",
        "province:ckb": "لوڕستان",
        "publicId": "MTM6Mjkz",
        "sourceId": "293",
        "layerId": 13,
        "status": "active",
        "urgency": null,
        "verificationTag": null,
        "expirationDate": null,
        "createdAt": "2026-10-07T04:26:23.359Z",
        "updatedAt": "2026-10-07T04:26:23.359Z"
      }
    },
    {
      "type": "Feature",
      "id": 95756,
      "geometry": {
        "type": "Point",
        "coordinates": [
          48.21239322156,
          33.55182081501
        ]
      },
      "properties": {
        "id": "MTM6MjE2",
        "city": "شهرستان چگنی",
        "date": "1749943800",
        "type": "event",
        "name:fa": "پایگاه موشکی خرم‌آباد",
        "sources": "https://t.me/P_raetorio/27657",
        "accurate": "yes",
        "province": "استان لرستان",
        "geolocates": "https://x.com/BenTzionMacales/status/1941149999192216043",
        "unofficial_name": "KhoramAbad Missile Base",
        "unofficial_name:fa": "پایگاه موشکی خرم‌آباد",
        "name:en": "Khorramabad Missile Base",
        "city:en": "Chegeni County",
        "province:en": "Lorestan",
        "name:ar": "قاعدة خرم آباد الصاروخية",
        "city:ar": "مقاطعة تشغني",
        "province:ar": "لرستان",
        "name:tr": "Hürremabad Füze Üssü",
        "city:tr": "Çegeni Şehristanı",
        "province:tr": "Luristan",
        "name:ckb": "بنکەی مووشەکیی خورەمئاوا",
        "city:ckb": "شارستانی چەگەنی",
        "province:ckb": "لوڕستان",
        "name:he": "בסיס הטילים ח'ורמאבאד",
        "city:he": "מחוז צ'גני",
        "province:he": "לורסתאן",
        "publicId": "MTM6MjE2",
        "sourceId": "216",
        "layerId": 13,
        "status": "active",
        "urgency": null,
        "verificationTag": null,
        "expirationDate": null,
        "createdAt": "2026-10-07T04:26:23.359Z",
        "updatedAt": "2026-10-07T04:26:23.359Z"
      }
    },
    {
      "type": "Feature",
      "id": 95757,
      "geometry": {
        "type": "Point",
        "coordinates": [
          59.62867140234,
          36.25077553253
        ]
      },
      "properties": {
        "id": "MTM6MTYw",
        "city": "مشهد",
        "date": "1749999600",
        "name": "KC-707 aerial refueling aircraft",
        "type": "event",
        "mission": "Destroyed KC-707",
        "name:fa": "هواپیما سوخت‌رسان KC-707",
        "accurate": "yes",
        "province": "استان خراسان رضوی",
        "geolocates": "https://x.com/byjepstein/status/1935090274545565739",
        "name:en": "KC-707 Refueling Aircraft",
        "city:en": "Mashhad",
        "province:en": "Razavi Khorasan",
        "name:ar": "طائرة تزويد بالوقود KC-707",
        "city:ar": "مشهد",
        "province:ar": "خراسان رضوي",
        "name:he": "מטוס תדלוק KC-707",
        "city:he": "משהד",
        "province:he": "ח'וראסאן רזאווי",
        "name:tr": "KC-707 Yakıt İkmal Uçağı",
        "city:tr": "Meşhed",
        "province:tr": "Razavi Horasan",
        "name:ckb": "فڕۆکەی سووتەمەنیبەخشی KC-707",
        "city:ckb": "مەشهەد",
        "province:ckb": "خوراسانی ڕەزەوی",
        "publicId": "MTM6MTYw",
        "sourceId": "160",
        "layerId": 13,
        "status": "active",
        "urgency": null,
        "verificationTag": null,
        "expirationDate": null,
        "createdAt": "2026-10-07T04:26:23.359Z",
        "updatedAt": "2026-10-07T04:26:23.359Z"
      }
    },
    {
      "type": "Feature",
      "id": 95758,
      "geometry": {
        "type": "Point",
        "coordinates": [
          48.6873413609,
          35.19767851004
        ]
      },
      "properties": {
        "id": "MTM6MTAy",
        "city": "شهرستان کبودرآهنگ",
        "date": "1749772800-1749889800",
        "name": "3rd Tactical Fighter Base",
        "type": "event",
        "name:fa": "پایگاه سوم شکاری",
        "accurate": "yes",
        "province": "استان همدان",
        "geolocates": "https://x.com/osc_london/status/1934622671318229217, https://x.com/osc_london/status/1933969558789853253",
        "name:en": "3rd Tactical Fighter Base",
        "city:en": "Kabudarahang County",
        "province:en": "Hamadan",
        "name:ar": "القاعدة الجوية الثالثة للمقاتلات",
        "city:ar": "مقاطعة كبودراهنك",
        "province:ar": "همدان",
        "name:he": "בסיס הקרב השלישי",
        "city:he": "נפת כבודאראהנג",
        "province:he": "המדאן",
        "name:tr": "3. Taktik Av Hava Üssü",
        "city:tr": "Kebuder Aheng Şehristanı",
        "province:tr": "Hemedan",
        "name:ckb": "بنکەی سێیەمی شکاری",
        "city:ckb": "شارستانی کەبوودەرئاهەنگ",
        "province:ckb": "ھەمەدان",
        "publicId": "MTM6MTAy",
        "sourceId": "102",
        "layerId": 13,
        "status": "active",
        "urgency": null,
        "verificationTag": null,
        "expirationDate": null,
        "createdAt": "2026-10-07T04:26:23.359Z",
        "updatedAt": "2026-10-07T04:26:23.359Z"
      }
    },
    {
      "type": "Feature",
      "id": 95759,
      "geometry": {
        "type": "Point",
        "coordinates": [
          51.26116632879,
          34.08990985949
        ]
      },
      "properties": {
        "id": "MTM6NTkx",
        "city": "شهرستان کاشان",
        "date": "1749772800-1750755600",
        "type": "event",
        "name:fa": "پایگاه موشکی کاشان",
        "province": "استان اصفهان",
        "geolocates": "https://x.com/BenTzionMacales/status/1942231450478055682",
        "unofficial_name": "Kashan Missile Base",
        "unofficial_name:fa": "پایگاه موشکی کاشان",
        "name:en": "Kashan Missile Base",
        "city:en": "Kashan County",
        "province:en": "Isfahan",
        "name:ar": "قاعدة كاشان الصاروخية",
        "city:ar": "مقاطعة كاشان",
        "province:ar": "أصفهان",
        "name:he": "בסיס הטילים כאשאן",
        "city:he": "נפת כאשאן",
        "province:he": "אספהאן",
        "name:tr": "Kaşan Füze Üssü",
        "city:tr": "Kaşan Şehristanı",
        "province:tr": "İsfahan",
        "name:ckb": "بنکەی مووشەکیی کاشان",
        "city:ckb": "شارستانی کاشان",
        "province:ckb": "ئەسفەھان",
        "publicId": "MTM6NTkx",
        "sourceId": "591",
        "layerId": 13,
        "status": "active",
        "urgency": null,
        "verificationTag": null,
        "expirationDate": null,
        "createdAt": "2026-10-07T04:26:23.359Z",
        "updatedAt": "2026-10-07T04:26:23.359Z"
      }
    },
    {
      "type": "Feature",
      "id": 95760,
      "geometry": {
        "type": "Point",
        "coordinates": [
          51.43499761552,
          32.69182091462
        ]
      },
      "properties": {
        "id": "MTM6NDg0",
        "city": "شهرستان نجف آباد",
        "date": "1750159800",
        "type": "event",
        "name:fa": "پایگاه موشکی اصفهان",
        "sources": "https://t.me/idfinfarsi/9564",
        "accurate": "yes",
        "province": "استان اصفهان",
        "geolocates": "https://x.com/BenTzionMacales/status/1941151953859301583",
        "unofficial_name": "Isfahan Missile Base",
        "unofficial_name:fa": "پایگاه موشکی اصفهان",
        "name:en": "Isfahan Missile Base",
        "city:en": "Najafabad County",
        "province:en": "Isfahan",
        "name:ar": "قاعدة أصفهان الصاروخية",
        "city:ar": "مقاطعة نجف آباد",
        "province:ar": "أصفهان",
        "name:he": "בסיס הטילים אספהאן",
        "city:he": "נפת נג'ף אבאד",
        "province:he": "אספהאן",
        "name:tr": "İsfahan Füze Üssü",
        "city:tr": "Necefabad Şehristanı",
        "province:tr": "İsfahan",
        "name:ckb": "بنکەی مووشەکیی ئیسفەهان",
        "city:ckb": "شارستانی نەجەفئاباد",
        "province:ckb": "ئەسفەھان",
        "publicId": "MTM6NDg0",
        "sourceId": "484",
        "layerId": 13,
        "status": "active",
        "urgency": null,
        "verificationTag": null,
        "expirationDate": null,
        "createdAt": "2026-10-07T04:26:23.359Z",
        "updatedAt": "2026-10-07T04:26:23.359Z"
      }
    },
    {
      "type": "Feature",
      "id": 95761,
      "geometry": {
        "type": "Point",
        "coordinates": [
          51.43379330099,
          35.60394772924
        ]
      },
      "properties": {
        "id": "MTM6NTMz",
        "city": "ری",
        "date": "1750680000",
        "type": "event",
        "name:fa": "سپاه سیدالشهدا شهرری",
        "sources": "https://x.com/Vahid/status/1937122538720542735, https://t.me/idfinfarsi/9722",
        "accurate": "yes",
        "province": "استان تهران",
        "name:en": "Seyyed al-Shohada IRGC Corps of Shahr-e Rey",
        "city:en": "Ray",
        "province:en": "Tehran",
        "name:ar": "فيلق سيد الشهداء في شهر ري",
        "city:ar": "الري",
        "province:ar": "طهران",
        "name:he": "מפקדת סייד אל-שהדא שאהר-רי",
        "city:he": "ריי",
        "province:he": "טהראן",
        "name:tr": "Şehr-i Rey Seyyidü'ş-Şüheda Kolordusu",
        "city:tr": "Rey",
        "province:tr": "Tahran",
        "name:ckb": "سوپای سەیدولشوهەدای شاری ڕەی",
        "city:ckb": "ڕەی",
        "province:ckb": "تاران",
        "publicId": "MTM6NTMz",
        "sourceId": "533",
        "layerId": 13,
        "status": "active",
        "urgency": null,
        "verificationTag": null,
        "expirationDate": null,
        "createdAt": "2026-10-07T04:26:23.359Z",
        "updatedAt": "2026-10-07T04:26:23.359Z"
      }
    },
    {
      "type": "Feature",
      "id": 95762,
      "geometry": {
        "type": "Point",
        "coordinates": [
          50.88944569096,
          35.5841370807
        ]
      },
      "properties": {
        "id": "MTM6NDI1",
        "city": "شهرستان شهریار",
        "date": "1749772800-1750410000",
        "type": "event",
        "name:fa": "مجموعه موشکی بیدگنه",
        "accurate": "yes",
        "province": "استان تهران",
        "geolocates": "https://x.com/BenTzionMacales/status/1941150385441566832",
        "unofficial_name": "Bidkaneh Missile Base",
        "unofficial_name:fa": "مجموعه موشکی بیدگنه",
        "name:en": "Bidganeh Missile Complex",
        "city:en": "Shahriar County",
        "province:en": "Tehran",
        "name:ar": "مجمع بيدكنه الصاروخي",
        "city:ar": "مقاطعة شهريار",
        "province:ar": "طهران",
        "name:he": "מכלול הטילים בידגנה",
        "city:he": "נפת שהריאר",
        "province:he": "טהראן",
        "name:tr": "Bidgene Füze Kompleksi",
        "city:tr": "Şehriyar Şehristanı",
        "province:tr": "Tahran",
        "name:ckb": "کۆمەڵەی مووشەکیی بێدگەنە",
        "city:ckb": "شارستانی شەهریار",
        "province:ckb": "تاران",
        "publicId": "MTM6NDI1",
        "sourceId": "425",
        "layerId": 13,
        "status": "active",
        "urgency": null,
        "verificationTag": null,
        "expirationDate": null,
        "createdAt": "2026-10-07T04:26:23.359Z",
        "updatedAt": "2026-10-07T04:26:23.359Z"
      }
    },
    {
      "type": "Feature",
      "id": 95763,
      "geometry": {
        "type": "Point",
        "coordinates": [
          48.17342474923,
          33.56442148991
        ]
      },
      "properties": {
        "id": "MTM6MzY2",
        "city": "شهرستان چگنی",
        "date": "1749943800",
        "type": "event",
        "name:fa": "پایگاه موشکی خرم‌آباد",
        "sources": "https://t.me/P_raetorio/27657",
        "accurate": "yes",
        "province": "استان لرستان",
        "geolocates": "https://x.com/BenTzionMacales/status/1941149920616181897",
        "unofficial_name": "KhoramAbad Missile Base",
        "unofficial_name:fa": "پایگاه موشکی خرم‌آباد",
        "name:en": "Khorramabad Missile Base",
        "city:en": "Chegeni County",
        "province:en": "Lorestan",
        "name:ar": "قاعدة خرم آباد الصاروخية",
        "city:ar": "مقاطعة جكني",
        "province:ar": "لرستان",
        "name:he": "בסיס הטילים ח'ורמאבאד",
        "city:he": "נפת צ'גני",
        "province:he": "לורסתאן",
        "name:tr": "Hürremabad Füze Üssü",
        "city:tr": "Çegeni Şehristanı",
        "province:tr": "Luristan",
        "name:ckb": "بنکەی مووشەکیی خورەمئاوا",
        "city:ckb": "شارستانی چەگەنی",
        "province:ckb": "لوڕستان",
        "publicId": "MTM6MzY2",
        "sourceId": "366",
        "layerId": 13,
        "status": "active",
        "urgency": null,
        "verificationTag": null,
        "expirationDate": null,
        "createdAt": "2026-10-07T04:26:23.359Z",
        "updatedAt": "2026-10-07T04:26:23.359Z"
      }
    },
    {
      "type": "Feature",
      "id": 95764,
      "geometry": {
        "type": "Point",
        "coordinates": [
          51.48787199914,
          35.77914175422
        ]
      },
      "properties": {
        "id": "MTM6Mjk5",
        "city": "تهران",
        "date": "1749934800",
        "name": "Lavisan 2",
        "type": "event",
        "name:fa": "مرکز سابق فرماندهی سپند",
        "accurate": "yes",
        "province": "استان تهران",
        "geolocates": "https://x.com/Shayan86/status/1937651285089538519",
        "name:en": "Former SPND Command Center",
        "city:en": "Tehran",
        "province:en": "Tehran",
        "name:ar": "مركز قيادة سبند السابق",
        "city:ar": "طهران",
        "province:ar": "طهران",
        "name:he": "מפקדת ספנד לשעבר",
        "city:he": "טהראן",
        "province:he": "טהראן",
        "name:tr": "Eski SPND Komuta Merkezi",
        "city:tr": "Tahran",
        "province:tr": "Tahran",
        "name:ckb": "ناوەندی پێشووی فەرماندەییی سپەند",
        "city:ckb": "تاران",
        "province:ckb": "تاران",
        "publicId": "MTM6Mjk5",
        "sourceId": "299",
        "layerId": 13,
        "status": "active",
        "urgency": null,
        "verificationTag": null,
        "expirationDate": null,
        "createdAt": "2026-10-07T04:26:23.359Z",
        "updatedAt": "2026-10-07T04:26:23.359Z"
      }
    },
    {
      "type": "Feature",
      "id": 95765,
      "geometry": {
        "type": "Point",
        "coordinates": [
          47.23610669106,
          34.35098094767
        ]
      },
      "properties": {
        "id": "MTM6MjQw",
        "city": "شهرستان کرمانشاه",
        "date": "1749772800-1750064400",
        "type": "event",
        "name:fa": "پایگاه موشکی کرمانشاه",
        "accurate": "yes",
        "province": "استان کرمانشاه",
        "geolocates": "https://x.com/detresfa_/status/1934508002079637523, https://x.com/BenTzionMacales/status/1941149607251345610, https://x.com/Shayan86/status/1934437475398619365",
        "unofficial_name": "Kermanshah Missile Base",
        "unofficial_name:fa": "پایگاه موشکی کرمانشاه",
        "name:en": "Kermanshah Missile Base",
        "city:en": "Kermanshah County",
        "province:en": "Kermanshah",
        "name:ar": "قاعدة كرمانشاه الصاروخية",
        "city:ar": "مقاطعة كرمانشاه",
        "province:ar": "كرمانشاه",
        "name:tr": "Kirmanşah Füze Üssü",
        "city:tr": "Kirmanşah Şehristanı",
        "province:tr": "Kirmanşah",
        "name:ckb": "بنکەی مووشەکیی کرماشان",
        "city:ckb": "شارستانی کرماشان",
        "province:ckb": "کرماشان",
        "name:he": "בסיס הטילים כרמאנשאה",
        "city:he": "נפת כרמאנשאה",
        "province:he": "כרמאנשאה",
        "publicId": "MTM6MjQw",
        "sourceId": "240",
        "layerId": 13,
        "status": "active",
        "urgency": null,
        "verificationTag": null,
        "expirationDate": null,
        "createdAt": "2026-10-07T04:26:23.359Z",
        "updatedAt": "2026-10-07T04:26:23.359Z"
      }
    },
    {
      "type": "Feature",
      "id": 95766,
      "geometry": {
        "type": "Point",
        "coordinates": [
          46.15091442794,
          38.25901476934
        ]
      },
      "properties": {
        "id": "MTM6MjMw",
        "city": "شهرستان شبستر",
        "date": "1749772800-1749889800",
        "name": "Tabriz Missile Base",
        "type": "event",
        "name:fa": "پایگاه موشکی تبریز",
        "accurate": "yes",
        "province": "استان آذربایجان شرقی",
        "geolocates": "https://x.com/byjepstein/status/1935087907976495587, https://x.com/BenTzionMacales/status/1941149498425950483",
        "name:en": "Tabriz Missile Base",
        "city:en": "Shabestar County",
        "province:en": "East Azerbaijan",
        "name:ar": "قاعدة تبريز الصاروخية",
        "city:ar": "مقاطعة شبستر",
        "province:ar": "أذربيجان الشرقية",
        "name:he": "בסיס הטילים תבריז",
        "city:he": "נפת שבסטר",
        "province:he": "אזרבייג'ן המזרחית",
        "name:tr": "Tebriz Füze Üssü",
        "city:tr": "Şebestar Şehristanı",
        "province:tr": "Doğu Azerbaycan",
        "name:ckb": "بنکەی مووشەکیی تەبرێز",
        "city:ckb": "شارستانی شەبستەر",
        "province:ckb": "ئازەربایجانی ڕۆژھەڵات",
        "publicId": "MTM6MjMw",
        "sourceId": "230",
        "layerId": 13,
        "status": "active",
        "urgency": null,
        "verificationTag": null,
        "expirationDate": null,
        "createdAt": "2026-10-07T04:26:23.359Z",
        "updatedAt": "2026-10-07T04:26:23.359Z"
      }
    },
    {
      "type": "Feature",
      "id": 95767,
      "geometry": {
        "type": "Point",
        "coordinates": [
          46.11959694743,
          38.25157767525
        ]
      },
      "properties": {
        "id": "MTM6MTY2",
        "city": "شهرستان شبستر",
        "date": "1749772800-1749889800",
        "name": "Tabriz Missile Base",
        "type": "event",
        "name:fa": "پایگاه موشکی تبریز",
        "accurate": "yes",
        "province": "استان آذربایجان شرقی",
        "geolocates": "https://x.com/byjepstein/status/1935088275930366010, https://x.com/BenTzionMacales/status/1941149498425950483",
        "name:en": "Tabriz Missile Base",
        "city:en": "Shabestar County",
        "province:en": "East Azerbaijan",
        "name:ar": "قاعدة تبريز الصاروخية",
        "city:ar": "مقاطعة شبستر",
        "province:ar": "أذربيجان الشرقية",
        "name:he": "בסיס הטילים תבריז",
        "city:he": "נפת שבסטר",
        "province:he": "אזרבייג'ן המזרחית",
        "name:tr": "Tebriz Füze Üssü",
        "city:tr": "Şebestar Şehristanı",
        "province:tr": "Doğu Azerbaycan",
        "name:ckb": "بنکەی مووشەکیی تەبرێز",
        "city:ckb": "شارستانی شەبستەر",
        "province:ckb": "ئازەربایجانی ڕۆژھەڵات",
        "publicId": "MTM6MTY2",
        "sourceId": "166",
        "layerId": 13,
        "status": "active",
        "urgency": null,
        "verificationTag": null,
        "expirationDate": null,
        "createdAt": "2026-10-07T04:26:23.359Z",
        "updatedAt": "2026-10-07T04:26:23.359Z"
      }
    },
    {
      "type": "Feature",
      "id": 95768,
      "geometry": {
        "type": "Point",
        "coordinates": [
          48.65824609727,
          35.22141679266
        ]
      },
      "properties": {
        "id": "MTM6MTA4",
        "city": "شهرستان کبودرآهنگ",
        "date": "1749772800-1749889800",
        "name": "3rd Tactical Fighter Base",
        "type": "event",
        "name:fa": "پایگاه سوم شکاری",
        "accurate": "yes",
        "province": "استان همدان",
        "geolocates": "https://x.com/osc_london/status/1933969558789853253",
        "name:en": "3rd Tactical Fighter Base",
        "city:en": "Kabudarahang County",
        "province:en": "Hamadan",
        "name:ar": "القاعدة الجوية الثالثة للمقاتلات",
        "city:ar": "مقاطعة كبودراهنك",
        "province:ar": "همدان",
        "name:he": "בסיס הקרב השלישי",
        "city:he": "נפת כבודאראהנג",
        "province:he": "המדאן",
        "name:tr": "3. Taktik Av Hava Üssü",
        "city:tr": "Kebuder Aheng Şehristanı",
        "province:tr": "Hemedan",
        "name:ckb": "بنکەی سێیەمی شکاری",
        "city:ckb": "شارستانی کەبوودەرئاهەنگ",
        "province:ckb": "ھەمەدان",
        "publicId": "MTM6MTA4",
        "sourceId": "108",
        "layerId": 13,
        "status": "active",
        "urgency": null,
        "verificationTag": null,
        "expirationDate": null,
        "createdAt": "2026-10-07T04:26:23.359Z",
        "updatedAt": "2026-10-07T04:26:23.359Z"
      }
    },
    {
      "type": "Feature",
      "id": 95769,
      "geometry": {
        "type": "Point",
        "coordinates": [
          47.15935527742,
          34.35029226165
        ]
      },
      "properties": {
        "id": "MTM6NTM4",
        "city": "کرمانشاه",
        "date": "1750235400",
        "name": "Kermanshah Army Aviation Base",
        "type": "event",
        "mission": "destroyed AH-1",
        "name:fa": "پایگاه هوانیروز کرمانشاه",
        "accurate": "yes",
        "province": "استان کرمانشاه",
        "geolocates": "https://x.com/detresfa_/status/1935290899434520919, https://x.com/Stinky915846091/status/1935353347382407464",
        "unofficial_name:fa": "پایگاه هوانیروز کرمانشاه",
        "name:en": "Kermanshah Army Aviation Base",
        "city:en": "Kermanshah",
        "province:en": "Kermanshah",
        "name:ar": "قاعدة طيران الجيش في كرمانشاه",
        "city:ar": "كرمانشاه",
        "province:ar": "كرمانشاه",
        "name:he": "בסיס תעופת צבא היבשה כרמאנשאה",
        "city:he": "כרמאנשאה",
        "province:he": "כרמאנשאה",
        "name:tr": "Kirmanşah Kara Havacılık Üssü",
        "city:tr": "Kirmanşah",
        "province:tr": "Kirmanşah",
        "name:ckb": "بنکەی هەوانیرووزی کرماشان",
        "city:ckb": "کرماشان",
        "province:ckb": "کرماشان",
        "publicId": "MTM6NTM4",
        "sourceId": "538",
        "layerId": 13,
        "status": "active",
        "urgency": null,
        "verificationTag": null,
        "expirationDate": null,
        "createdAt": "2026-10-07T04:26:23.359Z",
        "updatedAt": "2026-10-07T04:26:23.359Z"
      }
    },
    {
      "type": "Feature",
      "id": 95770,
      "geometry": {
        "type": "Point",
        "coordinates": [
          50.88669775844,
          35.57694271118
        ]
      },
      "properties": {
        "id": "MTM6NDMx",
        "city": "شهرستان شهریار",
        "date": "1749772800-1750410000",
        "type": "event",
        "name:fa": "مجموعه موشکی بیدگنه",
        "accurate": "yes",
        "province": "استان تهران",
        "geolocates": "https://x.com/BenTzionMacales/status/1941150385441566832",
        "unofficial_name": "Bidkaneh Missile Base",
        "unofficial_name:fa": "مجموعه موشکی بیدگنه",
        "name:en": "Bidganeh Missile Complex",
        "city:en": "Shahriar County",
        "province:en": "Tehran",
        "name:ar": "مجمع بيدكنه الصاروخي",
        "city:ar": "مقاطعة شهريار",
        "province:ar": "طهران",
        "name:he": "מכלול הטילים בידגנה",
        "city:he": "נפת שהריאר",
        "province:he": "טהראן",
        "name:tr": "Bidgene Füze Kompleksi",
        "city:tr": "Şehriyar Şehristanı",
        "province:tr": "Tahran",
        "name:ckb": "کۆمەڵەی مووشەکیی بێدگەنە",
        "city:ckb": "شارستانی شەهریار",
        "province:ckb": "تاران",
        "publicId": "MTM6NDMx",
        "sourceId": "431",
        "layerId": 13,
        "status": "active",
        "urgency": null,
        "verificationTag": null,
        "expirationDate": null,
        "createdAt": "2026-10-07T04:26:23.359Z",
        "updatedAt": "2026-10-07T04:26:23.359Z"
      }
    },
    {
      "type": "Feature",
      "id": 95771,
      "geometry": {
        "type": "Point",
        "coordinates": [
          48.18841694713,
          33.55692613308
        ]
      },
      "properties": {
        "id": "MTM6Mzcy",
        "city": "شهرستان چگنی",
        "date": "1749943800",
        "type": "event",
        "name:fa": "پایگاه موشکی خرم‌آباد",
        "sources": "https://t.me/P_raetorio/27657",
        "accurate": "yes",
        "province": "استان لرستان",
        "geolocates": "https://x.com/BenTzionMacales/status/1941149999192216043",
        "unofficial_name": "KhoramAbad Missile Base",
        "unofficial_name:fa": "پایگاه موشکی خرم‌آباد",
        "name:en": "Khorramabad Missile Base",
        "city:en": "Chegeni County",
        "province:en": "Lorestan",
        "name:ar": "قاعدة خرم آباد الصاروخية",
        "city:ar": "مقاطعة جكني",
        "province:ar": "لرستان",
        "name:he": "בסיס הטילים ח'ורמאבאד",
        "city:he": "נפת צ'גני",
        "province:he": "לורסתאן",
        "name:tr": "Hürremabad Füze Üssü",
        "city:tr": "Çegeni Şehristanı",
        "province:tr": "Luristan",
        "name:ckb": "بنکەی مووشەکیی خورەمئاوا",
        "city:ckb": "شارستانی چەگەنی",
        "province:ckb": "لوڕستان",
        "publicId": "MTM6Mzcy",
        "sourceId": "372",
        "layerId": 13,
        "status": "active",
        "urgency": null,
        "verificationTag": null,
        "expirationDate": null,
        "createdAt": "2026-10-07T04:26:23.359Z",
        "updatedAt": "2026-10-07T04:26:23.359Z"
      }
    },
    {
      "type": "Feature",
      "id": 95772,
      "geometry": {
        "type": "Point",
        "coordinates": [
          51.43602758579,
          35.80524473207
        ]
      },
      "properties": {
        "id": "MTM6MzEz",
        "city": "تجریش",
        "date": "1749965400",
        "type": "event",
        "sources": "https://t.me/VahidOnline/67165",
        "accurate": "yes",
        "province": "استان تهران",
        "city:en": "Tajrish",
        "province:en": "Tehran",
        "city:ar": "تجريش",
        "province:ar": "طهران",
        "city:he": "תג'ריש",
        "province:he": "טהראן",
        "city:tr": "Tecriş",
        "province:tr": "Tahran",
        "city:ckb": "تەجریش",
        "province:ckb": "تاران",
        "publicId": "MTM6MzEz",
        "sourceId": "313",
        "layerId": 13,
        "status": "active",
        "urgency": null,
        "verificationTag": null,
        "expirationDate": null,
        "createdAt": "2026-10-07T04:26:23.359Z",
        "updatedAt": "2026-10-07T04:26:23.359Z"
      }
    },
    {
      "type": "Feature",
      "id": 95773,
      "geometry": {
        "type": "Point",
        "coordinates": [
          50.76518833101,
          34.94261041816
        ]
      },
      "properties": {
        "id": "MTM6MjU0",
        "city": "شهرستان قم",
        "date": "1750237200-1750669200",
        "name": "Qom Missile Base",
        "type": "event",
        "name:fa": "مجموعه کوشک نصرت",
        "accurate": "yes",
        "province": "استان قم",
        "geolocates": "https://x.com/BenTzionMacales/status/1941150443872403501",
        "name:en": "Kushk-e Nosrat Complex",
        "city:en": "Qom County",
        "province:en": "Qom",
        "name:ar": "مجمع كوشك نصرت",
        "city:ar": "مقاطعة قم",
        "province:ar": "قم",
        "name:he": "מתחם כושכ נסרת",
        "city:he": "קום",
        "province:he": "קום",
        "name:tr": "Kuşk-i Nusret Kompleksi",
        "city:tr": "Kum Şehristanı",
        "province:tr": "Kum",
        "name:ckb": "کۆمەڵەی کۆشکی نەسرەت",
        "city:ckb": "شارستانی قوم",
        "province:ckb": "قوم",
        "publicId": "MTM6MjU0",
        "sourceId": "254",
        "layerId": 13,
        "status": "active",
        "urgency": null,
        "verificationTag": null,
        "expirationDate": null,
        "createdAt": "2026-10-07T04:26:23.359Z",
        "updatedAt": "2026-10-07T04:26:23.359Z"
      }
    },
    {
      "type": "Feature",
      "id": 95774,
      "geometry": {
        "type": "Point",
        "coordinates": [
          47.23039626941,
          34.35094551579
        ]
      },
      "properties": {
        "id": "MTM6MjM2",
        "city": "شهرستان کرمانشاه",
        "date": "1749772800-1750064400",
        "type": "event",
        "name:fa": "پایگاه موشکی کرمانشاه",
        "accurate": "yes",
        "province": "استان کرمانشاه",
        "geolocates": "https://x.com/detresfa_/status/1934508002079637523, https://x.com/BenTzionMacales/status/1941149607251345610, https://x.com/Shayan86/status/1934437475398619365",
        "unofficial_name": "Kermanshah Missile Base",
        "unofficial_name:fa": "پایگاه موشکی کرمانشاه",
        "name:en": "Kermanshah Missile Base",
        "city:en": "Kermanshah County",
        "province:en": "Kermanshah",
        "name:ar": "قاعدة كرمانشاه الصاروخية",
        "city:ar": "مقاطعة كرمانشاه",
        "province:ar": "كرمانشاه",
        "name:he": "בסיס הטילים כרמאנשאה",
        "city:he": "נפת כרמאנשאה",
        "province:he": "כרמאנשאה",
        "name:tr": "Kirmanşah Füze Üssü",
        "city:tr": "Kirmanşah Şehristanı",
        "province:tr": "Kirmanşah",
        "name:ckb": "بنکەی مووشەکیی کرماشان",
        "city:ckb": "شارستانی کرماشان",
        "province:ckb": "کرماشان",
        "publicId": "MTM6MjM2",
        "sourceId": "236",
        "layerId": 13,
        "status": "active",
        "urgency": null,
        "verificationTag": null,
        "expirationDate": null,
        "createdAt": "2026-10-07T04:26:23.359Z",
        "updatedAt": "2026-10-07T04:26:23.359Z"
      }
    },
    {
      "type": "Feature",
      "id": 95775,
      "geometry": {
        "type": "Point",
        "coordinates": [
          46.25311463803,
          38.12331931543
        ]
      },
      "properties": {
        "id": "MTM6MTIx",
        "city": "تبریز",
        "date": "1749772800-1749889800",
        "type": "event",
        "name:fa": "پایگاه هوایی تبریز",
        "accurate": "yes",
        "province": "استان آذربایجان شرقی",
        "geolocates": "https://x.com/osc_london/status/1934622671318229217, https://x.com/bradyafr/status/1934260300603129942",
        "name:en": "Tabriz Air Base",
        "city:en": "Tabriz",
        "province:en": "East Azerbaijan",
        "name:ar": "قاعدة تبريز الجوية",
        "city:ar": "تبريز",
        "province:ar": "أذربيجان الشرقية",
        "name:he": "בסיס האוויר תבריז",
        "city:he": "תבריז",
        "province:he": "אזרבייג'ן המזרחית",
        "name:tr": "Tebriz Hava Üssü",
        "city:tr": "Tebriz",
        "province:tr": "Doğu Azerbaycan",
        "name:ckb": "بنکەی ئاسمانیی تەبرێز",
        "city:ckb": "تەبرێز",
        "province:ckb": "ئازەربایجانی ڕۆژھەڵات",
        "publicId": "MTM6MTIx",
        "sourceId": "121",
        "layerId": 13,
        "status": "active",
        "urgency": null,
        "verificationTag": null,
        "expirationDate": null,
        "createdAt": "2026-10-07T04:26:23.359Z",
        "updatedAt": "2026-10-07T04:26:23.359Z"
      }
    },
    {
      "type": "Feature",
      "id": 95776,
      "geometry": {
        "type": "Point",
        "coordinates": [
          51.65155648649,
          35.68726096288
        ]
      },
      "properties": {
        "id": "MTM6NTUy",
        "city": "شهرستان تهران",
        "date": "1749772800-1750755600",
        "name": "Khojir Complex",
        "type": "event",
        "name:fa": "تاسیسات نظامی خجیر",
        "accurate": "yes",
        "province": "استان تهران",
        "geolocates": "https://x.com/BenTzionMacales/status/1941161003850367168",
        "name:en": "Khojir Military Facility",
        "city:en": "Tehran County",
        "province:en": "Tehran",
        "name:ar": "منشأة خجير العسكرية",
        "city:ar": "مقاطعة طهران",
        "province:ar": "طهران",
        "name:he": "מתקן צבאי ח'ג'יר",
        "city:he": "נפת טהראן",
        "province:he": "טהראן",
        "name:tr": "Hocir Askeri Tesisleri",
        "city:tr": "Tahran Şehristanı",
        "province:tr": "Tahran",
        "name:ckb": "دامەزراوەی سەربازیی خەجێر",
        "city:ckb": "شارستانی تاران",
        "province:ckb": "تاران",
        "publicId": "MTM6NTUy",
        "sourceId": "552",
        "layerId": 13,
        "status": "active",
        "urgency": null,
        "verificationTag": null,
        "expirationDate": null,
        "createdAt": "2026-10-07T04:26:23.359Z",
        "updatedAt": "2026-10-07T04:26:23.359Z"
      }
    },
    {
      "type": "Feature",
      "id": 95777,
      "geometry": {
        "type": "Point",
        "coordinates": [
          50.78543900907,
          34.92599113475
        ]
      },
      "properties": {
        "id": "MTM6NDQ1",
        "city": "شهرستان قم",
        "date": "1750237200-1750669200",
        "name": "Qom Missile Base",
        "type": "event",
        "name:fa": "مجموعه کوشک نصرت",
        "accurate": "yes",
        "province": "استان قم",
        "geolocates": "https://x.com/BenTzionMacales/status/1941150443872403501",
        "name:en": "Kushk-e Nosrat Complex",
        "city:en": "Qom County",
        "province:en": "Qom",
        "name:ar": "مجمع كوشك نصرت",
        "city:ar": "مقاطعة قم",
        "province:ar": "قم",
        "name:he": "מכלול כושכ-ה נסרת",
        "city:he": "נפת קום",
        "province:he": "קום",
        "name:tr": "Kuşk-i Nusret Kompleksi",
        "city:tr": "Kum Şehristanı",
        "province:tr": "Kum",
        "name:ckb": "کۆمەڵەی کۆشکی نەسرەت",
        "city:ckb": "شارستانی قوم",
        "province:ckb": "قوم",
        "publicId": "MTM6NDQ1",
        "sourceId": "445",
        "layerId": 13,
        "status": "active",
        "urgency": null,
        "verificationTag": null,
        "expirationDate": null,
        "createdAt": "2026-10-07T04:26:23.359Z",
        "updatedAt": "2026-10-07T04:26:23.359Z"
      }
    },
    {
      "type": "Feature",
      "id": 95778,
      "geometry": {
        "type": "Point",
        "coordinates": [
          48.43669831216,
          36.7477865991
        ]
      },
      "properties": {
        "id": "MTM6Mzg2",
        "city": "شهرستان زنجان",
        "date": "1749772800-1750235400",
        "name": "IRGC Zanjan Garrison",
        "type": "event",
        "name:fa": "سپاه انصارالمهدی",
        "accurate": "yes",
        "province": "استان زنجان",
        "geolocates": "https://x.com/BenTzionMacales/status/1941150144055177456",
        "name:en": "Ansar al-Mahdi Corps",
        "city:en": "Zanjan County",
        "province:en": "Zanjan",
        "name:ar": "فيلق أنصار المهدي",
        "city:ar": "مقاطعة زنجان",
        "province:ar": "زنجان",
        "name:he": "ספאה אנסאר אל-מהדי",
        "city:he": "זנג'אן",
        "province:he": "זנג'אן",
        "name:tr": "Ensar el-Mehdi Kolordusu",
        "city:tr": "Zencan Şehristanı",
        "province:tr": "Zencan",
        "name:ckb": "سوپای ئەنسارولمەهدی",
        "city:ckb": "شارستانی زەنجان",
        "province:ckb": "زەنجان",
        "publicId": "MTM6Mzg2",
        "sourceId": "386",
        "layerId": 13,
        "status": "active",
        "urgency": null,
        "verificationTag": null,
        "expirationDate": null,
        "createdAt": "2026-10-07T04:26:23.359Z",
        "updatedAt": "2026-10-07T04:26:23.359Z"
      }
    },
    {
      "type": "Feature",
      "id": 95779,
      "geometry": {
        "type": "Point",
        "coordinates": [
          51.47913872659,
          35.79315404749
        ]
      },
      "properties": {
        "id": "MTM6MzE5",
        "city": "تجریش",
        "date": "1749772800",
        "type": "event",
        "sources": "https://x.com/Archer83Able/status/1933321541434978561",
        "province": "استان تهران",
        "city:en": "Tajrish",
        "province:en": "Tehran",
        "city:ar": "تجريش",
        "province:ar": "طهران",
        "city:he": "תג'ריש",
        "province:he": "טהראן",
        "city:tr": "Tecriş",
        "province:tr": "Tahran",
        "city:ckb": "تەجریش",
        "province:ckb": "تاران",
        "publicId": "MTM6MzE5",
        "sourceId": "319",
        "layerId": 13,
        "status": "active",
        "urgency": null,
        "verificationTag": null,
        "expirationDate": null,
        "createdAt": "2026-10-07T04:26:23.359Z",
        "updatedAt": "2026-10-07T04:26:23.359Z"
      }
    },
    {
      "type": "Feature",
      "id": 95780,
      "geometry": {
        "type": "Point",
        "coordinates": [
          51.82826310128,
          32.57848835116
        ]
      },
      "properties": {
        "id": "MTM6MjYw",
        "city": "اصفهان",
        "date": "1750549800",
        "type": "event",
        "name:fa": "مجتمع هسته‌ای اصفهان",
        "accurate": "yes",
        "province": "استان اصفهان",
        "geolocates": "https://isis-online.org/isis-reports/post-attack-assessment-of-the-first-12-days-of-israeli-strikes-on-iranian-nuclear-facilities, https://x.com/detresfa_/status/1936827158351184078",
        "unofficial_name": "Isfahan Nuclear Complex",
        "unofficial_name:fa": "مجتمع هسته‌ای اصفهان",
        "name:en": "Isfahan Nuclear Complex",
        "city:en": "Isfahan",
        "province:en": "Isfahan",
        "name:ar": "مجمع أصفهان النووي",
        "city:ar": "أصفهان",
        "province:ar": "أصفهان",
        "name:he": "המכלול הגרעיני אספהאן",
        "city:he": "אספהאן",
        "province:he": "אספהאן",
        "name:tr": "İsfahan Nükleer Kompleksi",
        "city:tr": "İsfahan",
        "province:tr": "İsfahan",
        "name:ckb": "کۆمەڵگەی ئەتۆمیی ئەسفەهان",
        "city:ckb": "ئەسفەهان",
        "province:ckb": "ئەسفەھان",
        "publicId": "MTM6MjYw",
        "sourceId": "260",
        "layerId": 13,
        "status": "active",
        "urgency": null,
        "verificationTag": null,
        "expirationDate": null,
        "createdAt": "2026-10-07T04:26:23.359Z",
        "updatedAt": "2026-10-07T04:26:23.359Z"
      }
    },
    {
      "type": "Feature",
      "id": 95781,
      "geometry": {
        "type": "Point",
        "coordinates": [
          50.8444127427,
          34.61124925797
        ]
      },
      "properties": {
        "id": "MTM6MTg1",
        "city": "قم",
        "date": "1750453200",
        "type": "event",
        "sources": "https://x.com/FaytuksNetwork/status/1936222696544796796",
        "accurate": "yes",
        "province": "استان قم",
        "geolocates": "https://x.com/ayatsubzero/status/1936227253450572036",
        "city:en": "Qom",
        "province:en": "Qom",
        "city:ar": "قم",
        "province:ar": "قم",
        "city:he": "קום",
        "province:he": "קום",
        "city:tr": "Kum",
        "province:tr": "Kum",
        "city:ckb": "قوم",
        "province:ckb": "قوم",
        "publicId": "MTM6MTg1",
        "sourceId": "185",
        "layerId": 13,
        "status": "active",
        "urgency": null,
        "verificationTag": null,
        "expirationDate": null,
        "createdAt": "2026-10-07T04:26:23.359Z",
        "updatedAt": "2026-10-07T04:26:23.359Z"
      }
    },
    {
      "type": "Feature",
      "id": 95782,
      "geometry": {
        "type": "Point",
        "coordinates": [
          46.24804794252,
          38.12842124125
        ]
      },
      "properties": {
        "id": "MTM6MTI3",
        "city": "تبریز",
        "date": "1749772800-1749889800",
        "type": "event",
        "name:fa": "پایگاه هوایی تبریز",
        "accurate": "yes",
        "province": "استان آذربایجان شرقی",
        "geolocates": "https://x.com/osc_london/status/1934622671318229217, https://x.com/bradyafr/status/1934260300603129942",
        "name:en": "Tabriz Air Base",
        "city:en": "Tabriz",
        "province:en": "East Azerbaijan",
        "name:ar": "قاعدة تبريز الجوية",
        "city:ar": "تبريز",
        "province:ar": "أذربيجان الشرقية",
        "name:he": "בסיס האוויר תבריז",
        "city:he": "תבריז",
        "province:he": "אזרבייג'ן המזרחית",
        "name:tr": "Tebriz Hava Üssü",
        "city:tr": "Tebriz",
        "province:tr": "Doğu Azerbaycan",
        "name:ckb": "بنکەی ئاسمانیی تەورێز",
        "city:ckb": "تەورێز",
        "province:ckb": "ئازەربایجانی ڕۆژھەڵات",
        "publicId": "MTM6MTI3",
        "sourceId": "127",
        "layerId": 13,
        "status": "active",
        "urgency": null,
        "verificationTag": null,
        "expirationDate": null,
        "createdAt": "2026-10-07T04:26:23.359Z",
        "updatedAt": "2026-10-07T04:26:23.359Z"
      }
    },
    {
      "type": "Feature",
      "id": 95783,
      "geometry": {
        "type": "Point",
        "coordinates": [
          51.46049603686,
          35.80045512352
        ]
      },
      "properties": {
        "id": "MTM6Njk",
        "city": "تجریش",
        "date": "1749772800",
        "name": "Ali Shamkhani",
        "type": "event",
        "mission": "assassination",
        "name:fa": "علی شمخانی",
        "accurate": "yes",
        "province": "استان تهران",
        "name:en": "Ali Shamkhani",
        "city:en": "Tajrish",
        "province:en": "Tehran",
        "name:ar": "علي شمخاني",
        "city:ar": "تجريش",
        "province:ar": "طهران",
        "name:he": "עלי שמח'אני",
        "city:he": "תג'ריש",
        "province:he": "טהראן",
        "name:tr": "Ali Şamhani",
        "city:tr": "Tecriş",
        "province:tr": "Tahran",
        "name:ckb": "عەلی شەمخانی",
        "city:ckb": "تەجریش",
        "province:ckb": "تاران",
        "publicId": "MTM6Njk",
        "sourceId": "69",
        "layerId": 13,
        "status": "active",
        "urgency": null,
        "verificationTag": null,
        "expirationDate": null,
        "createdAt": "2026-10-07T04:26:23.359Z",
        "updatedAt": "2026-10-07T04:26:23.359Z"
      }
    },
    {
      "type": "Feature",
      "id": 95784,
      "geometry": {
        "type": "Point",
        "coordinates": [
          51.48720144957,
          35.77938764121
        ]
      },
      "properties": {
        "id": "MTM6NTU4",
        "city": "تهران",
        "date": "1749934800",
        "name": "Lavisan 2",
        "type": "event",
        "name:fa": "مرکز سابق فرماندهی سپند",
        "accurate": "yes",
        "province": "استان تهران",
        "geolocates": "https://isis-online.org/isis-reports/post-attack-assessment-of-the-first-12-days-of-israeli-strikes-on-iranian-nuclear-facilities, https://x.com/Shayan86/status/1937651285089538519",
        "name:en": "Former SPND Command Center",
        "city:en": "Tehran",
        "province:en": "Tehran",
        "name:ar": "مركز قيادة سبند السابق",
        "city:ar": "طهران",
        "province:ar": "طهران",
        "name:he": "מפקדת ספנד לשעבר",
        "city:he": "טהראן",
        "province:he": "טהראן",
        "name:tr": "Eski SPND Komuta Merkezi",
        "city:tr": "Tahran",
        "province:tr": "Tahran",
        "name:ckb": "مەڵبەندی پێشووی فەرماندەییی سپەند",
        "city:ckb": "تاران",
        "province:ckb": "تاران",
        "publicId": "MTM6NTU4",
        "sourceId": "558",
        "layerId": 13,
        "status": "active",
        "urgency": null,
        "verificationTag": null,
        "expirationDate": null,
        "createdAt": "2026-10-07T04:26:23.359Z",
        "updatedAt": "2026-10-07T04:26:23.359Z"
      }
    },
    {
      "type": "Feature",
      "id": 95785,
      "geometry": {
        "type": "Point",
        "coordinates": [
          50.72566865802,
          34.92186548185
        ]
      },
      "properties": {
        "id": "MTM6NDUx",
        "city": "شهرستان قم",
        "date": "1750237200-1750669200",
        "name": "Qom Missile Base",
        "type": "event",
        "name:fa": "مجموعه کوشک نصرت",
        "province": "استان قم",
        "geolocates": "https://x.com/BenTzionMacales/status/1941150522523688971",
        "name:en": "Kushk-e Nosrat Complex",
        "city:en": "Qom County",
        "province:en": "Qom",
        "name:ar": "مجمع كوشك نصرت",
        "city:ar": "مقاطعة قم",
        "province:ar": "قم",
        "name:he": "מכלול כושכ-ה נסרת",
        "city:he": "נפת קום",
        "province:he": "קום",
        "name:tr": "Kuşk-i Nusret Kompleksi",
        "city:tr": "Kum",
        "province:tr": "Kum",
        "name:ckb": "کۆمەڵگەی کوشکی نوسرەت",
        "city:ckb": "شارستانی قوم",
        "province:ckb": "قوم",
        "publicId": "MTM6NDUx",
        "sourceId": "451",
        "layerId": 13,
        "status": "active",
        "urgency": null,
        "verificationTag": null,
        "expirationDate": null,
        "createdAt": "2026-10-07T04:26:23.359Z",
        "updatedAt": "2026-10-07T04:26:23.359Z"
      }
    },
    {
      "type": "Feature",
      "id": 95786,
      "geometry": {
        "type": "Point",
        "coordinates": [
          52.5581967777,
          29.72653910058
        ]
      },
      "properties": {
        "id": "MTM6NTAw",
        "city": "شهرستان شیراز",
        "date": "1750408200",
        "type": "event",
        "name:fa": "پایگاه هوافضا سپاه",
        "accurate": "yes",
        "province": "استان فارس",
        "unofficial_name": "IRGC Aerospace Force",
        "unofficial_name:fa": "پایگاه هوافضا سپاه",
        "name:en": "IRGC Aerospace Base",
        "city:en": "Shiraz County",
        "province:en": "Fars",
        "name:ar": "قاعدة القوة الجوفضائية للحرس الثوري",
        "city:ar": "مقاطعة شيراز",
        "province:ar": "فارس",
        "name:he": "בסיס חיל האוויר והחלל של משמרות המהפכה",
        "city:he": "נפת שיראז",
        "province:he": "פארס",
        "name:tr": "Devrim Muhafızları Havacılık ve Uzay Üssü",
        "city:tr": "Şiraz",
        "province:tr": "Fars",
        "name:ckb": "بنکەی هەوافضای سوپا",
        "city:ckb": "شارستانی شیراز",
        "province:ckb": "فارس",
        "publicId": "MTM6NTAw",
        "sourceId": "500",
        "layerId": 13,
        "status": "active",
        "urgency": null,
        "verificationTag": null,
        "expirationDate": null,
        "createdAt": "2026-10-07T04:26:23.359Z",
        "updatedAt": "2026-10-07T04:26:23.359Z"
      }
    },
    {
      "type": "Feature",
      "id": 95787,
      "geometry": {
        "type": "Point",
        "coordinates": [
          49.22812699199,
          36.08580048218
        ]
      },
      "properties": {
        "id": "MTM6Mzky",
        "city": "شهرستان ابهر",
        "date": "1750208400",
        "name": "Abhar Missile Base",
        "type": "event",
        "name:fa": "پادگان موشکی زین‌الدین سپاه",
        "accurate": "yes",
        "province": "استان زنجان",
        "geolocates": "https://x.com/BenTzionMacales/status/1941150191584940042",
        "name:en": "IRGC Zeinoddin Missile Garrison",
        "city:en": "Abhar County",
        "province:en": "Zanjan",
        "name:ar": "ثكنة زين الدين الصاروخية التابعة للحرس الثوري",
        "city:ar": "مقاطعة أبهر",
        "province:ar": "زنجان",
        "name:he": "בסיס הטילים זין אל-דין של משמרות המהפכה",
        "province:he": "זנג'אן",
        "name:tr": "Devrim Muhafızları Zeyneddin Füze Kışlası",
        "city:tr": "Abhar",
        "province:tr": "Zencan",
        "name:ckb": "سەربازگەی مووشەکیی زەینەدینی سوپا",
        "city:ckb": "شارستانی ئەبهەر",
        "province:ckb": "زەنجان",
        "publicId": "MTM6Mzky",
        "sourceId": "392",
        "layerId": 13,
        "status": "active",
        "urgency": null,
        "verificationTag": null,
        "expirationDate": null,
        "createdAt": "2026-10-07T04:26:23.359Z",
        "updatedAt": "2026-10-07T04:26:23.359Z"
      }
    },
    {
      "type": "Feature",
      "id": 95788,
      "geometry": {
        "type": "Point",
        "coordinates": [
          47.23569094867,
          34.35778116336
        ]
      },
      "properties": {
        "id": "MTM6MzMz",
        "city": "شهرستان کرمانشاه",
        "date": "1749772800-1750064400",
        "type": "event",
        "name:fa": "پایگاه موشکی کرمانشاه",
        "accurate": "yes",
        "province": "استان کرمانشاه",
        "geolocates": "https://x.com/detresfa_/status/1934508002079637523, https://x.com/BenTzionMacales/status/1941149607251345610, https://x.com/Shayan86/status/1934437475398619365",
        "unofficial_name": "Kermanshah Missile Base",
        "unofficial_name:fa": "پایگاه موشکی کرمانشاه",
        "name:en": "Kermanshah Missile Base",
        "city:en": "Kermanshah County",
        "province:en": "Kermanshah",
        "name:ar": "قاعدة كرمانشاه الصاروخية",
        "city:ar": "مقاطعة كرمانشاه",
        "province:ar": "كرمانشاه",
        "name:he": "בסיס הטילים כרמאנשאה",
        "city:he": "נפת כרמאנשאה",
        "province:he": "כרמאנשאה",
        "name:tr": "Kermanşah Füze Üssü",
        "city:tr": "Kermanşah",
        "province:tr": "Kirmanşah",
        "name:ckb": "بنکەی مووشەکیی کرماشان",
        "city:ckb": "شارستانی کرماشان",
        "province:ckb": "کرماشان",
        "publicId": "MTM6MzMz",
        "sourceId": "333",
        "layerId": 13,
        "status": "active",
        "urgency": null,
        "verificationTag": null,
        "expirationDate": null,
        "createdAt": "2026-10-07T04:26:23.359Z",
        "updatedAt": "2026-10-07T04:26:23.359Z"
      }
    },
    {
      "type": "Feature",
      "id": 95789,
      "geometry": {
        "type": "Point",
        "coordinates": [
          51.42056460857,
          32.7124887854
        ]
      },
      "properties": {
        "id": "MTM6Mjc0",
        "city": "شهرستان نجف آباد",
        "date": "1750159800",
        "type": "event",
        "name:fa": "پایگاه موشکی اصفهان",
        "sources": "https://t.me/idfinfarsi/9564",
        "accurate": "yes",
        "province": "استان اصفهان",
        "geolocates": "https://x.com/BenTzionMacales/status/1941151953859301583",
        "unofficial_name": "Isfahan Missile Base",
        "unofficial_name:fa": "پایگاه موشکی اصفهان",
        "name:en": "Isfahan Missile Base",
        "city:en": "Najafabad County",
        "province:en": "Isfahan",
        "name:ar": "قاعدة أصفهان الصاروخية",
        "city:ar": "مقاطعة نجف آباد",
        "province:ar": "أصفهان",
        "name:he": "בסיס הטילים אספהאן",
        "city:he": "נפת נג'ף אבאד",
        "province:he": "אספהאן",
        "name:tr": "İsfahan Füze Üssü",
        "city:tr": "Necefabad",
        "province:tr": "İsfahan",
        "name:ckb": "بنکەی مووشەکیی ئەسفەهان",
        "city:ckb": "شارستانی نەجەفئاباد",
        "province:ckb": "ئەسفەھان",
        "publicId": "MTM6Mjc0",
        "sourceId": "274",
        "layerId": 13,
        "status": "active",
        "urgency": null,
        "verificationTag": null,
        "expirationDate": null,
        "createdAt": "2026-10-07T04:26:23.359Z",
        "updatedAt": "2026-10-07T04:26:23.359Z"
      }
    },
    {
      "type": "Feature",
      "id": 95790,
      "geometry": {
        "type": "Point",
        "coordinates": [
          48.67599427164,
          31.57310145702
        ]
      },
      "properties": {
        "id": "MTM6MTk4",
        "city": "شهرستان اهواز",
        "date": "1749771000-1750149000",
        "type": "event",
        "name:fa": "پادگان پهپادی",
        "province": "استان خوزستان",
        "geolocates": "https://x.com/CSBiggers/status/1935871089441402905",
        "unofficial_name": "UAV hangars",
        "unofficial_name:fa": "پادگان پهپادی",
        "name:en": "Drone Garrison",
        "city:en": "Ahvaz County",
        "province:en": "Khuzestan",
        "name:ar": "ثكنة الطائرات المسيرة",
        "city:ar": "مقاطعة الأهواز",
        "province:ar": "خوزستان",
        "name:he": "בסיס כטב\"מים",
        "city:he": "נפת אהוואז",
        "province:he": "ח'וזסתאן",
        "name:tr": "İHA Kışlası",
        "city:tr": "Ahvaz",
        "province:tr": "Huzistan",
        "name:ckb": "سەربازگەی درۆن",
        "city:ckb": "شارستانی ئەهواز",
        "province:ckb": "خووزستان",
        "publicId": "MTM6MTk4",
        "sourceId": "198",
        "layerId": 13,
        "status": "active",
        "urgency": null,
        "verificationTag": null,
        "expirationDate": null,
        "createdAt": "2026-10-07T04:26:23.359Z",
        "updatedAt": "2026-10-07T04:26:23.359Z"
      }
    },
    {
      "type": "Feature",
      "id": 95791,
      "geometry": {
        "type": "Point",
        "coordinates": [
          51.82778030366,
          32.5795641884
        ]
      },
      "properties": {
        "id": "MTM6MTQx",
        "city": "اصفهان",
        "date": "1750549800",
        "type": "event",
        "name:fa": "مجتمع هسته‌ای اصفهان",
        "accurate": "yes",
        "province": "استان اصفهان",
        "geolocates": "https://isis-online.org/isis-reports/post-attack-assessment-of-the-first-12-days-of-israeli-strikes-on-iranian-nuclear-facilities, https://x.com/detresfa_/status/1936827158351184078",
        "unofficial_name": "Isfahan Nuclear Complex",
        "unofficial_name:fa": "مجتمع هسته‌ای اصفهان",
        "name:en": "Isfahan Nuclear Complex",
        "city:en": "Isfahan",
        "province:en": "Isfahan",
        "name:ar": "مجمع أصفهان النووي",
        "city:ar": "أصفهان",
        "province:ar": "أصفهان",
        "name:he": "המכלול הגרעיני אספהאן",
        "city:he": "אספהאן",
        "province:he": "אספהאן",
        "name:tr": "İsfahan Nükleer Kompleksi",
        "city:tr": "İsfahan",
        "province:tr": "İsfahan",
        "name:ckb": "کۆمەڵگەی ئەتۆمیی ئەسفەهان",
        "city:ckb": "ئەسفەهان",
        "province:ckb": "ئەسفەھان",
        "publicId": "MTM6MTQx",
        "sourceId": "141",
        "layerId": 13,
        "status": "active",
        "urgency": null,
        "verificationTag": null,
        "expirationDate": null,
        "createdAt": "2026-10-07T04:26:23.359Z",
        "updatedAt": "2026-10-07T04:26:23.359Z"
      }
    },
    {
      "type": "Feature",
      "id": 95792,
      "geometry": {
        "type": "Point",
        "coordinates": [
          50.09937285304,
          33.6126536316
        ]
      },
      "properties": {
        "id": "MTM6NzU",
        "city": "شهرستان خمین",
        "date": "1750172400",
        "type": "event",
        "sources": "https://t.me/VahidOnline/65794, https://t.me/idfinfarsi/9564",
        "accurate": "yes",
        "province": "استان مرکزی",
        "geolocates": "https://x.com/BenTzionMacales/status/1941150617256484872",
        "city:en": "Khomein",
        "province:en": "Markazi",
        "city:ar": "مقاطعة خمين",
        "province:ar": "المركزية",
        "city:he": "נפת ח'ומיין",
        "province:he": "מרכזי",
        "city:tr": "Humeyn Şehristanı",
        "province:tr": "Merkezi",
        "city:ckb": "شارستانی خومێن",
        "province:ckb": "مەرکەزی",
        "publicId": "MTM6NzU",
        "sourceId": "75",
        "layerId": 13,
        "status": "active",
        "urgency": null,
        "verificationTag": null,
        "expirationDate": null,
        "createdAt": "2026-10-07T04:26:23.359Z",
        "updatedAt": "2026-10-07T04:26:23.359Z"
      }
    },
    {
      "type": "Feature",
      "id": 95793,
      "geometry": {
        "type": "Point",
        "coordinates": [
          51.38544112176,
          35.79327479269
        ]
      },
      "properties": {
        "id": "MTM6NTcy",
        "city": "تهران",
        "date": "1750667400",
        "name": "Evin Prison",
        "type": "event",
        "mission": "destroyed gate",
        "name:fa": "زندان اوین",
        "accurate": "yes",
        "province": "استان تهران",
        "geolocates": "https://x.com/vahuburz/status/1942002550749765949, https://x.com/ForensicArchi/status/1941082889103286542",
        "name:en": "Evin Prison",
        "city:en": "Tehran",
        "province:en": "Tehran",
        "name:ar": "سجن إيفين",
        "city:ar": "طهران",
        "province:ar": "طهران",
        "name:he": "כלא אווין",
        "city:he": "טהראן",
        "province:he": "טהראן",
        "name:tr": "Evin Cezaevi",
        "city:tr": "Tahran",
        "province:tr": "Tahran",
        "name:ckb": "بەندینخانەی ئەڤین",
        "city:ckb": "تاران",
        "province:ckb": "تاران",
        "publicId": "MTM6NTcy",
        "sourceId": "572",
        "layerId": 13,
        "status": "active",
        "urgency": null,
        "verificationTag": null,
        "expirationDate": null,
        "createdAt": "2026-10-07T04:26:23.359Z",
        "updatedAt": "2026-10-07T04:26:23.359Z"
      }
    },
    {
      "type": "Feature",
      "id": 95794,
      "geometry": {
        "type": "Point",
        "coordinates": [
          51.42039567098,
          32.71328088087
        ]
      },
      "properties": {
        "id": "MTM6NDY1",
        "city": "شهرستان نجف آباد",
        "date": "1750159800",
        "type": "event",
        "name:fa": "پایگاه موشکی اصفهان",
        "sources": "https://t.me/idfinfarsi/9564",
        "accurate": "yes",
        "province": "استان اصفهان",
        "geolocates": "https://x.com/BenTzionMacales/status/1941151953859301583",
        "unofficial_name": "Isfahan Missile Base",
        "unofficial_name:fa": "پایگاه موشکی اصفهان",
        "name:en": "Isfahan Missile Base",
        "city:en": "Najafabad County",
        "province:en": "Isfahan",
        "name:ar": "قاعدة أصفهان الصاروخية",
        "city:ar": "مقاطعة نجف آباد",
        "province:ar": "أصفهان",
        "name:he": "בסיס הטילים אספהאן",
        "city:he": "נפת נג'ף אבאד",
        "province:he": "אספהאן",
        "name:tr": "İsfahan Füze Üssü",
        "city:tr": "Necefabad",
        "province:tr": "İsfahan",
        "name:ckb": "بنکەی مووشەکیی ئەسفەهان",
        "city:ckb": "شارستانی نەجەفئاباد",
        "province:ckb": "ئەسفەھان",
        "publicId": "MTM6NDY1",
        "sourceId": "465",
        "layerId": 13,
        "status": "active",
        "urgency": null,
        "verificationTag": null,
        "expirationDate": null,
        "createdAt": "2026-10-07T04:26:23.359Z",
        "updatedAt": "2026-10-07T04:26:23.359Z"
      }
    },
    {
      "type": "Feature",
      "id": 95795,
      "geometry": {
        "type": "Point",
        "coordinates": [
          51.49443268239,
          35.78187913235
        ]
      },
      "properties": {
        "id": "MTM6NTE0",
        "city": "تهران",
        "date": "1749934800",
        "name": "Malek Ashtar University",
        "type": "event",
        "name:fa": "دانشگاه نظامی مالک اشتر",
        "province": "استان تهران",
        "geolocates": "https://x.com/Grimm_Intel/status/1934004534042374632, https://x.com/TwistyCB/status/1934012103805034736",
        "name:en": "Malek Ashtar Military University",
        "city:en": "Tehran",
        "province:en": "Tehran",
        "name:ar": "جامعة مالك الأشتر العسكرية",
        "city:ar": "طهران",
        "province:ar": "طهران",
        "name:he": "האוניברסיטה הצבאית מאלכ אשתר",
        "city:he": "טהראן",
        "province:he": "טהראן",
        "name:tr": "Malik Eşter Askeri Üniversitesi",
        "city:tr": "Tahran",
        "province:tr": "Tahran",
        "name:ckb": "زانکۆی سەربازیی مالیکی ئەشتەر",
        "city:ckb": "تاران",
        "province:ckb": "تاران",
        "publicId": "MTM6NTE0",
        "sourceId": "514",
        "layerId": 13,
        "status": "active",
        "urgency": null,
        "verificationTag": null,
        "expirationDate": null,
        "createdAt": "2026-10-07T04:26:23.359Z",
        "updatedAt": "2026-10-07T04:26:23.359Z"
      }
    },
    {
      "type": "Feature",
      "id": 95796,
      "geometry": {
        "type": "Point",
        "coordinates": [
          50.43934285104,
          35.679383025
        ]
      },
      "properties": {
        "id": "MTM6NDA2",
        "city": "شهرستان اشتهارد",
        "date": "1749772800-1750755600",
        "type": "event",
        "name:fa": "پایگاه موشکی اشتهارد",
        "accurate": "yes",
        "province": "استان البرز",
        "geolocates": "https://x.com/BenTzionMacales/status/1941150251714597345",
        "unofficial_name": "Eshtehard Missile Base",
        "unofficial_name:fa": "پایگاه موشکی اشتهارد",
        "name:en": "Eshtehard Missile Base",
        "city:en": "Eshtehard County",
        "province:en": "Alborz",
        "name:ar": "قاعدة اشتهارد الصاروخية",
        "city:ar": "مقاطعة اشتهارد",
        "province:ar": "ألبرز",
        "name:he": "בסיס הטילים אשתהארד",
        "city:he": "נפת אשתהארד",
        "province:he": "אלבורז",
        "name:tr": "İştehard Füze Üssü",
        "city:tr": "İştehard",
        "province:tr": "Elburz",
        "name:ckb": "بنکەی مووشەکیی ئیشتەهارد",
        "city:ckb": "شارستانی ئیشتەهارد",
        "province:ckb": "ئەلبورز",
        "publicId": "MTM6NDA2",
        "sourceId": "406",
        "layerId": 13,
        "status": "active",
        "urgency": null,
        "verificationTag": null,
        "expirationDate": null,
        "createdAt": "2026-10-07T04:26:23.359Z",
        "updatedAt": "2026-10-07T04:26:23.359Z"
      }
    },
    {
      "type": "Feature",
      "id": 95797,
      "geometry": {
        "type": "Point",
        "coordinates": [
          47.36208199918,
          34.5245598242
        ]
      },
      "properties": {
        "id": "MTM6MzM5",
        "city": "شهرستان هرسین",
        "date": "1749789000",
        "type": "event",
        "name:fa": "پایگاه موشکی",
        "sources": "https://t.me/mamlekate/95154",
        "accurate": "yes",
        "province": "استان کرمانشاه",
        "geolocates": "https://x.com/BenTzionMacales/status/1941149664696562045",
        "unofficial_name": "IRGC Aerospace Force",
        "unofficial_name:fa": "پایگاه موشکی",
        "name:en": "Missile Base",
        "city:en": "Harsin County",
        "province:en": "Kermanshah",
        "name:ar": "قاعدة صاروخية",
        "city:ar": "مقاطعة هرسين",
        "province:ar": "كرمانشاه",
        "name:he": "בסיס טילים",
        "city:he": "נפת הרסין",
        "province:he": "כרמאנשאה",
        "name:tr": "Füze Üssü",
        "city:tr": "Harsin",
        "province:tr": "Kirmanşah",
        "name:ckb": "بنکەی مووشەکی",
        "city:ckb": "شارستانی هەرسین",
        "province:ckb": "کرماشان",
        "publicId": "MTM6MzM5",
        "sourceId": "339",
        "layerId": 13,
        "status": "active",
        "urgency": null,
        "verificationTag": null,
        "expirationDate": null,
        "createdAt": "2026-10-07T04:26:23.359Z",
        "updatedAt": "2026-10-07T04:26:23.359Z"
      }
    },
    {
      "type": "Feature",
      "id": 95798,
      "geometry": {
        "type": "Point",
        "coordinates": [
          51.71538232684,
          32.45698050823
        ]
      },
      "properties": {
        "id": "MTM6Mjgw",
        "city": "شهرستان مبارکه",
        "date": "1750159800",
        "type": "event",
        "name:fa": "پایگاه موشکی اصفهان",
        "sources": "https://t.me/idfinfarsi/9564",
        "accurate": "yes",
        "province": "استان اصفهان",
        "geolocates": "https://x.com/BenTzionMacales/status/1941153026703774185",
        "unofficial_name": "Isfahan Missile Base",
        "unofficial_name:fa": "پایگاه موشکی اصفهان",
        "name:en": "Isfahan Missile Base",
        "city:en": "Mobarakeh County",
        "province:en": "Isfahan",
        "name:ar": "قاعدة أصفهان الصاروخية",
        "city:ar": "مقاطعة مباركة",
        "province:ar": "أصفهان",
        "name:he": "בסיס הטילים אספהאן",
        "city:he": "נפת מובארכה",
        "province:he": "אספהאן",
        "name:tr": "İsfahan Füze Üssü",
        "city:tr": "Mubareke",
        "province:tr": "İsfahan",
        "name:ckb": "بنکەی مووشەکیی ئەسفەهان",
        "city:ckb": "شارستانی موبارەکە",
        "province:ckb": "ئەسفەھان",
        "publicId": "MTM6Mjgw",
        "sourceId": "280",
        "layerId": 13,
        "status": "active",
        "urgency": null,
        "verificationTag": null,
        "expirationDate": null,
        "createdAt": "2026-10-07T04:26:23.359Z",
        "updatedAt": "2026-10-07T04:26:23.359Z"
      }
    },
    {
      "type": "Feature",
      "id": 95799,
      "geometry": {
        "type": "Point",
        "coordinates": [
          46.17688893735,
          37.97724244914
        ]
      },
      "properties": {
        "id": "MTM6MjA0",
        "city": "شهرستان تبریز",
        "date": "1749772800",
        "name": "Tabriz Missile Base",
        "type": "event",
        "name:fa": "پایگاه موشکی تبریز",
        "accurate": "yes",
        "province": "استان آذربایجان شرقی",
        "geolocates": "https://x.com/dex_eve/status/1933579131192795593, https://x.com/CSBiggers/status/1933894646037385380, https://x.com/BenTzionMacales/status/1941149553354530939",
        "name:en": "Tabriz Missile Base",
        "city:en": "Tabriz County",
        "province:en": "East Azerbaijan",
        "name:ar": "قاعدة تبريز الصاروخية",
        "city:ar": "مقاطعة تبريز",
        "province:ar": "أذربيجان الشرقية",
        "name:tr": "Tebriz Füze Üssü",
        "city:tr": "Tebriz",
        "province:tr": "Doğu Azerbaycan",
        "name:ckb": "بنکەی مووشەکیی تەورێز",
        "city:ckb": "شارستانی تەورێز",
        "province:ckb": "ئازەربایجانی ڕۆژھەڵات",
        "name:he": "בסיס הטילים תבריז",
        "city:he": "נפת תבריז",
        "province:he": "אזרבייג'ן המזרחית",
        "publicId": "MTM6MjA0",
        "sourceId": "204",
        "layerId": 13,
        "status": "active",
        "urgency": null,
        "verificationTag": null,
        "expirationDate": null,
        "createdAt": "2026-10-07T04:26:23.359Z",
        "updatedAt": "2026-10-07T04:26:23.359Z"
      }
    },
    {
      "type": "Feature",
      "id": 95800,
      "geometry": {
        "type": "Point",
        "coordinates": [
          50.99959596857,
          34.88376042031
        ]
      },
      "properties": {
        "id": "MTM6MTQ3",
        "city": "شهرستان قم",
        "date": "1750545000",
        "name": "Natanz Nuclear Complex",
        "type": "event",
        "name:fa": "مجتمع هسته‌ای فوردو",
        "accurate": "yes",
        "province": "استان قم",
        "geolocates": "https://isis-online.org/isis-reports/post-attack-assessment-of-the-first-12-days-of-israeli-strikes-on-iranian-nuclear-facilities, https://x.com/detresfa_/status/1937740428301746589",
        "name:en": "Fordow Nuclear Complex",
        "city:en": "Qom County",
        "province:en": "Qom",
        "name:ar": "مجمع فردو النووي",
        "city:ar": "مقاطعة قم",
        "province:ar": "قم",
        "name:he": "המכלול הגרעיני פורדו",
        "city:he": "נפת קום",
        "province:he": "קום",
        "name:tr": "Fordow Nükleer Kompleksi",
        "city:tr": "Kum",
        "province:tr": "Kum",
        "name:ckb": "کۆمەڵگەی ئەتۆمیی فۆردۆ",
        "city:ckb": "شارستانی قوم",
        "province:ckb": "قوم",
        "publicId": "MTM6MTQ3",
        "sourceId": "147",
        "layerId": 13,
        "status": "active",
        "urgency": null,
        "verificationTag": null,
        "expirationDate": null,
        "createdAt": "2026-10-07T04:26:23.359Z",
        "updatedAt": "2026-10-07T04:26:23.359Z"
      }
    }
  ],
  "metadata": {
    "total": 602,
    "layerId": 13,
    "clustered": false,
    "simplified": false
  }
}